step,time,kinetic_energy,potential_energy,total_energy,energy_drift,px,py,pz,tree_build_ms,force_ms,integrate_ms
1,0.001000,744229.471593,-1466425.556051,-722196.084458,0.000000e+00,-1140.121254,589.390149,581.198552,0.661,0.682,7.568
2,0.002000,744218.443267,-1466418.062089,-722199.618822,4.893912e-06,-1140.107204,589.346973,581.333651,0.727,0.378,42.222
3,0.003000,744207.280985,-1466410.010053,-722202.729068,9.200562e-06,-1140.018060,589.298588,581.476768,1.525,0.774,34.872
4,0.004000,744196.865573,-1466401.411962,-722204.546389,1.171694e-05,-1139.901612,589.228371,581.623109,0.598,9.529,5.253
5,0.005000,744185.439723,-1466392.278328,-722206.838605,1.489090e-05,-1139.757966,589.165886,581.737833,0.581,0.178,3.533
6,0.006000,744173.289526,-1466382.619238,-722209.329712,1.834025e-05,-1139.647203,589.169872,581.804794,0.574,0.182,3.579
7,0.007000,744161.603935,-1466372.441634,-722210.837699,2.042830e-05,-1139.599811,589.231820,581.851306,0.588,0.184,3.622
8,0.008000,744149.370655,-1466361.764681,-722212.394026,2.258330e-05,-1139.486848,589.301037,581.913281,1.338,0.177,3.570
9,0.009000,744135.733201,-1466350.617797,-722214.884596,2.603190e-05,-1139.369293,589.387595,582.011900,0.581,0.205,3.558
10,0.010000,744119.727556,-1466339.038396,-722219.310840,3.216077e-05,-1139.249083,589.492059,582.024924,0.578,0.180,3.539
11,0.011000,744103.845192,-1466327.068771,-722223.223579,3.757860e-05,-1139.135638,589.594059,582.055240,0.576,0.169,3.526
12,0.012000,744087.641374,-1466314.754098,-722227.112725,4.296377e-05,-1139.021538,589.674015,582.068848,0.582,0.208,3.777
13,0.013000,744072.748713,-1466302.147305,-722229.398592,4.612893e-05,-1138.818097,589.804065,582.062611,0.582,6.605,6.889
14,0.014000,744058.221841,-1466289.293453,-722231.071611,4.844550e-05,-1138.686205,589.918982,581.974364,0.577,0.165,3.559
15,0.015000,744043.095948,-1466276.225756,-722233.129808,5.129542e-05,-1138.508011,589.960910,581.756432,0.582,0.182,5.024
16,0.016000,744029.381618,-1466262.960554,-722233.578936,5.191731e-05,-1138.369049,590.019653,581.578108,0.588,0.225,3.543
17,0.017000,744017.393568,-1466249.488911,-722232.095343,4.986303e-05,-1138.242092,590.053259,581.405772,1.242,0.358,8.740
18,0.018000,744003.398291,-1466235.782716,-722232.384425,5.026331e-05,-1138.126971,590.240490,581.287261,0.574,0.179,3.548
19,0.019000,743989.901759,-1466221.815985,-722231.914226,4.961224e-05,-1137.965050,590.523454,581.135095,0.571,0.157,3.478
20,0.020000,743976.773805,-1466207.549594,-722230.775790,4.803589e-05,-1137.813584,590.703482,581.013779,0.573,0.157,27.396
21,0.021000,743962.501373,-1466192.943915,-722230.442542,4.757445e-05,-1137.709965,590.910368,580.998578,0.571,0.171,3.508
22,0.022000,743948.101689,-1466177.958076,-722229.856387,4.676282e-05,-1137.622035,591.096208,580.943126,0.570,0.181,46.766
23,0.023000,743935.028755,-1466162.552327,-722227.523572,4.353266e-05,-1137.588766,591.210917,580.892873,0.586,0.173,3.548
24,0.024000,743922.245572,-1466146.691835,-722224.446263,3.927161e-05,-1137.538823,591.375155,580.887290,0.781,0.198,7.550
25,0.025000,743907.763995,-1466130.350350,-722222.586355,3.669626e-05,-1137.449731,591.509980,580.844153,0.575,0.152,16.056
26,0.026000,743893.319877,-1466113.507096,-722220.187218,3.337426e-05,-1137.429774,591.592401,580.827260,0.577,0.192,3.599
27,0.027000,743878.296814,-1466096.158563,-722217.861748,3.015426e-05,-1137.355524,591.635138,580.872920,0.566,0.140,3.475
28,0.028000,743862.359016,-1466078.292546,-722215.933530,2.748433e-05,-1137.353911,591.628109,580.932733,0.571,0.147,3.517
29,0.029000,743847.374036,-1466059.908590,-722212.534555,2.277788e-05,-1137.405033,591.695312,581.068222,0.576,0.186,3.654
30,0.030000,743832.341784,-1466041.009064,-722208.667280,1.742300e-05,-1137.455151,591.778571,581.319616,1.884,0.240,6.913
31,0.031000,743817.115272,-1466021.605638,-722204.490366,1.163937e-05,-1137.511091,591.799261,581.517992,0.600,0.243,13.843
32,0.032000,743801.655667,-1466001.716094,-722200.060427,5.505387e-06,-1137.497972,591.850275,581.656263,0.576,0.174,3.994
33,0.033000,743785.292595,-1465981.364956,-722196.072362,1.674927e-08,-1137.483048,591.830495,581.848877,0.895,0.616,14.115
34,0.034000,743768.167742,-1465960.573192,-722192.405450,5.094196e-06,-1137.452417,591.829669,581.841488,0.588,0.176,53.646
35,0.035000,743753.459383,-1465939.367957,-722185.908574,1.409020e-05,-1137.435280,591.878509,581.868206,0.789,0.231,3.569
36,0.036000,743739.672183,-1465917.782609,-722178.110426,2.488802e-05,-1137.425151,591.832896,581.926025,1.037,0.159,6.007
37,0.037000,743724.362893,-1465895.844463,-722171.481570,3.406677e-05,-1137.333160,591.761190,581.996819,1.070,0.361,6.095
38,0.038000,743707.997089,-1465873.580058,-722165.582970,4.223436e-05,-1137.237703,591.696375,582.036804,0.779,1.177,11.081
39,0.039000,743689.994308,-1465851.006687,-722161.012379,4.856310e-05,-1137.203884,591.554783,582.079060,0.887,0.347,6.748
40,0.040000,743670.822508,-1465828.137827,-722157.315318,5.368229e-05,-1137.176168,591.328176,582.217690,1.290,0.184,47.828
41,0.041000,743651.272931,-1465804.991379,-722153.718448,5.866275e-05,-1137.118729,591.168154,582.361581,0.573,0.167,92.223
42,0.042000,743630.343852,-1465781.583493,-722151.239641,6.209507e-05,-1137.088612,591.077025,582.485351,0.770,0.622,8.130
43,0.043000,743609.129089,-1465757.931017,-722148.801929,6.547049e-05,-1137.056984,591.010137,582.564138,1.125,0.339,41.012
44,0.044000,743587.438672,-1465734.054147,-722146.615475,6.849799e-05,-1137.018216,590.960445,582.710778,1.966,0.450,10.936
45,0.045000,743564.784743,-1465709.974199,-722145.189456,7.047255e-05,-1136.911501,590.962965,582.883646,0.654,0.209,5.051
46,0.046000,743540.860016,-1465685.714784,-722144.854768,7.093598e-05,-1136.753391,590.937416,583.066186,0.575,0.186,3.537
47,0.047000,743515.848647,-1465661.297425,-722145.448778,7.011348e-05,-1136.553716,590.827056,583.216350,1.306,0.402,33.220
48,0.048000,743490.330523,-1465636.725820,-722146.395296,6.880287e-05,-1136.334576,590.739334,583.366630,0.606,0.173,3.751
49,0.049000,743465.950107,-1465611.999453,-722146.049346,6.928189e-05,-1136.092009,590.636564,583.515702,1.204,0.181,5.008
50,0.050000,743440.667482,-1465587.113851,-722146.446369,6.873215e-05,-1135.924560,590.530649,583.636291,0.850,0.241,6.896
51,0.051000,743414.549083,-1465562.057876,-722147.508793,6.726105e-05,-1135.754068,590.505825,583.723797,0.570,0.188,3.564
52,0.052000,743387.481596,-1465536.829329,-722149.347733,6.471473e-05,-1135.570865,590.466922,583.762569,0.763,0.175,56.623
53,0.053000,743360.745264,-1465511.435066,-722150.689802,6.285641e-05,-1135.373085,590.392075,583.816920,0.571,0.230,4.501
54,0.054000,743333.922505,-1465485.885919,-722151.963414,6.109289e-05,-1135.158053,590.366050,583.889618,0.935,0.628,16.199
55,0.055000,743306.881740,-1465460.202026,-722153.320286,5.921407e-05,-1134.945673,590.387033,583.980962,0.879,0.368,5.542
56,0.056000,743280.291839,-1465434.420165,-722154.128326,5.809521e-05,-1134.765926,590.384775,584.090652,4.015,0.324,3.843
57,0.057000,743254.305395,-1465408.583305,-722154.277910,5.788808e-05,-1134.602990,590.446357,584.217864,1.010,0.583,8.588
58,0.058000,743227.976221,-1465382.725053,-722154.748831,5.723602e-05,-1134.471144,590.550944,584.400692,0.601,0.188,7.101
59,0.059000,743203.114135,-1465356.876825,-722153.762690,5.860149e-05,-1134.379292,590.625773,584.617038,1.330,1.129,7.843
60,0.060000,743177.604666,-1465331.057979,-722153.453313,5.902988e-05,-1134.285061,590.735314,584.885844,0.901,0.586,7.251
61,0.061000,743153.164926,-1465305.268653,-722152.103727,6.089860e-05,-1134.200906,590.853484,585.137729,1.092,0.835,22.542
62,0.062000,743128.952931,-1465279.502626,-722150.549695,6.305042e-05,-1134.007062,590.961209,585.384951,0.788,0.211,4.291
63,0.063000,743106.380124,-1465253.735991,-722147.355867,6.747280e-05,-1134.044648,591.045223,585.517928,2.230,0.232,105.804
64,0.064000,743083.274929,-1465227.933462,-722144.658532,7.120770e-05,-1134.059818,591.092307,585.730136,0.840,0.193,5.179
65,0.065000,743058.431545,-1465202.058036,-722143.626491,7.263674e-05,-1134.098063,591.174070,585.870022,0.597,0.308,32.141
66,0.066000,743032.332078,-1465176.062382,-722143.730304,7.249299e-05,-1134.140637,591.110768,586.030746,1.412,0.383,3.709
67,0.067000,743005.086181,-1465149.911558,-722144.825377,7.097668e-05,-1134.099189,590.998300,586.184179,1.667,0.198,4.100
68,0.068000,742979.281994,-1465123.568427,-722144.286433,7.172294e-05,-1134.068628,590.875484,586.360344,0.786,0.249,4.343
69,0.069000,742953.940299,-1465096.996682,-722143.056383,7.342615e-05,-1134.057695,590.736366,586.629656,1.041,0.281,5.752
70,0.070000,742928.997479,-1465070.159710,-722141.162231,7.604891e-05,-1134.058675,590.579365,586.769780,0.574,0.159,6.042
71,0.071000,742903.518263,-1465043.016338,-722139.498075,7.835321e-05,-1133.962908,590.400917,586.880135,0.573,0.182,3.596
72,0.072000,742877.751865,-1465015.530818,-722137.778953,8.073362e-05,-1133.926262,590.221414,586.934640,0.668,0.193,3.860
73,0.073000,742852.877702,-1464987.672335,-722134.794633,8.486591e-05,-1133.890669,590.077119,586.991752,9.397,0.309,16.558
74,0.074000,742829.154951,-1464959.412180,-722130.257229,9.114869e-05,-1133.757799,589.970403,587.093823,1.115,0.178,7.378
75,0.075000,742804.912501,-1464930.735414,-722125.822913,9.728874e-05,-1133.557962,589.825287,587.190504,0.573,0.160,3.532
76,0.076000,742781.022891,-1464901.639643,-722120.616752,1.044975e-04,-1133.456186,589.604611,587.281378,29.343,0.694,16.394
77,0.077000,742756.263852,-1464872.133262,-722115.869410,1.110710e-04,-1133.344005,589.269222,587.292327,1.124,0.272,59.588
78,0.078000,742731.867479,-1464842.233640,-722110.366161,1.186912e-04,-1133.256392,588.970988,587.256268,0.946,0.337,30.360
79,0.079000,742706.151075,-1464811.974110,-722105.823034,1.249819e-04,-1133.133303,588.674455,587.270169,1.027,0.218,4.381
80,0.080000,742680.269767,-1464781.396609,-722101.126842,1.314845e-04,-1132.993447,588.406849,587.206318,0.860,0.386,4.986
81,0.081000,742656.495227,-1464750.547309,-722094.052082,1.412807e-04,-1132.894340,588.214938,587.165295,0.729,0.165,35.139
82,0.082000,742631.787278,-1464719.466038,-722087.678760,1.501056e-04,-1132.793647,588.020713,587.133729,0.632,0.199,5.573
83,0.083000,742606.197361,-1464688.189692,-722081.992331,1.579794e-04,-1132.710516,587.937786,587.167869,0.569,0.213,117.350
84,0.084000,742580.389323,-1464656.741449,-722076.352126,1.657892e-04,-1132.689640,587.934205,587.140923,0.582,0.165,4.893
85,0.085000,742556.042783,-1464625.136134,-722069.093351,1.758402e-04,-1132.657768,587.926464,587.135114,0.771,0.530,8.126
86,0.086000,742531.536768,-1464593.366386,-722061.829618,1.858980e-04,-1132.644708,587.968765,587.073044,1.181,0.229,5.458
87,0.087000,742506.730946,-1464561.406776,-722054.675830,1.958036e-04,-1132.640986,588.012732,587.134846,1.677,66.687,5.198
88,0.088000,742481.516351,-1464529.222862,-722047.706511,2.054538e-04,-1132.713329,588.068242,587.186314,1.121,0.295,4.410
89,0.089000,742456.567132,-1464496.772593,-722040.205462,2.158403e-04,-1132.810634,588.208397,587.191181,0.590,0.227,4.569
90,0.090000,742431.719605,-1464464.010034,-722032.290429,2.267999e-04,-1133.014646,588.320576,587.296148,0.615,0.230,5.346
91,0.091000,742404.746988,-1464430.891434,-722026.144446,2.353101e-04,-1133.226126,588.463156,587.410324,0.568,0.148,18.616
92,0.092000,742377.886105,-1464397.378554,-722019.492449,2.445209e-04,-1133.366375,588.616131,587.514035,0.595,0.174,4.733
93,0.093000,742350.989637,-1464363.443702,-722012.454065,2.542667e-04,-1133.500721,588.676205,587.537567,9.261,4.298,30.395
94,0.094000,742320.951506,-1464329.070178,-722008.118672,2.602697e-04,-1133.555951,588.807216,587.565263,0.578,0.170,5.524
95,0.095000,742289.401153,-1464294.259614,-722004.858461,2.647840e-04,-1133.608136,588.888827,587.619026,0.814,0.220,4.248
96,0.096000,742258.809059,-1464259.019382,-722000.210323,2.712202e-04,-1133.700286,589.049277,587.684671,1.797,0.376,5.253
97,0.097000,742226.068700,-1464223.373830,-721997.305130,2.752429e-04,-1133.809112,589.178885,587.854451,0.785,0.176,6.652
98,0.098000,742193.321848,-1464187.332812,-721994.010963,2.798042e-04,-1133.964812,589.296348,588.011053,0.572,0.160,42.427
99,0.099000,742158.473051,-1464150.911144,-721992.438093,2.819821e-04,-1134.128485,589.424087,588.241052,0.578,0.260,5.443
100,0.100000,742123.835524,-1464114.119807,-721990.284283,2.849644e-04,-1134.288735,589.509679,588.490042,0.570,0.151,10.015
101,0.101000,742088.769609,-1464076.970247,-721988.200638,2.878496e-04,-1134.424109,589.541429,588.675927,0.619,0.247,5.498
102,0.102000,742051.747631,-1464039.464528,-721987.716897,2.885194e-04,-1134.584744,589.616735,588.853349,0.921,0.186,5.759
103,0.103000,742014.322917,-1464001.614737,-721987.291820,2.891080e-04,-1134.744090,589.680067,588.971535,0.790,0.197,5.093
104,0.104000,741977.653683,-1463963.429427,-721985.775744,2.912072e-04,-1134.937584,589.711582,589.132186,0.598,0.176,3.792
105,0.105000,741942.434428,-1463924.919558,-721982.485130,2.957636e-04,-1135.091321,589.781587,589.357624,10.496,0.442,52.857
106,0.106000,741906.687936,-1463886.094151,-721979.406215,3.000269e-04,-1135.315097,589.887794,589.557376,1.438,0.466,25.550
107,0.107000,741872.690610,-1463846.967504,-721974.276894,3.071293e-04,-1135.521445,590.007223,589.642241,1.216,0.512,31.440
108,0.108000,741840.234333,-1463807.545360,-721967.311027,3.167747e-04,-1135.732816,590.155591,589.695793,0.732,0.162,86.704
109,0.109000,741808.312180,-1463767.831485,-721959.519305,3.275636e-04,-1135.952222,590.207080,589.713989,1.211,0.510,5.836
110,0.110000,741775.602343,-1463727.818346,-721952.216003,3.376762e-04,-1136.222148,590.271546,589.750236,0.734,0.258,4.782
111,0.111000,741743.239418,-1463687.497068,-721944.257650,3.486959e-04,-1136.531161,590.350608,589.829933,0.619,0.188,4.405
112,0.112000,741710.234051,-1463646.849423,-721936.615372,3.592779e-04,-1136.826261,590.417806,589.896707,1.553,0.285,31.685
113,0.113000,741675.676359,-1463605.867432,-721930.191072,3.681734e-04,-1136.935069,590.440971,589.984594,0.575,0.148,6.315
114,0.114000,741640.791119,-1463564.538405,-721923.747286,3.770959e-04,-1137.113956,590.534190,590.071925,0.594,0.330,12.716
115,0.115000,741604.898365,-1463522.870056,-721917.971691,3.850932e-04,-1137.338177,590.634455,590.247231,5.526,0.148,4.837
116,0.116000,741569.431899,-1463480.864181,-721911.432282,3.941480e-04,-1137.493044,590.690089,590.360714,1.049,0.164,6.444
117,0.117000,741532.261169,-1463438.534564,-721906.273395,4.012914e-04,-1137.617784,590.676329,590.424635,1.359,0.205,11.999
118,0.118000,741494.008989,-1463395.897678,-721901.888689,4.073627e-04,-1137.680606,590.560868,590.461317,0.574,0.170,3.639
119,0.119000,741454.275392,-1463352.974788,-721898.699396,4.117788e-04,-1137.664747,590.476928,590.420911,0.575,0.163,9.365
120,0.120000,741413.039100,-1463309.778132,-721896.739032,4.144933e-04,-1137.695802,590.386296,590.429699,0.700,4.081,5.057
121,0.121000,741371.307639,-1463266.313186,-721895.005546,4.168936e-04,-1137.737451,590.274160,590.465210,0.729,0.255,41.561
122,0.122000,741330.349241,-1463222.589712,-721892.240471,4.207223e-04,-1137.811611,590.109667,590.493923,0.849,0.355,7.822
123,0.123000,741289.047449,-1463178.612358,-721889.564909,4.244270e-04,-1137.871594,589.969229,590.473753,0.799,0.227,4.740
124,0.124000,741248.669671,-1463134.375820,-721885.706149,4.297701e-04,-1137.982872,589.843494,590.502416,0.572,0.160,5.081
125,0.125000,741207.826384,-1463089.865369,-721882.038985,4.348479e-04,-1138.098266,589.759953,590.369591,0.571,0.151,7.169
126,0.126000,741166.490943,-1463045.068203,-721878.577260,4.396413e-04,-1138.209668,589.720271,590.191184,0.865,0.960,4.656
127,0.127000,741124.446509,-1462999.965811,-721875.519303,4.438755e-04,-1138.296085,589.711597,589.980322,43.086,20.936,28.850
128,0.128000,741082.509709,-1462954.550506,-721872.040797,4.486921e-04,-1138.312567,589.749018,589.820179,0.822,0.177,8.469
129,0.129000,741038.874426,-1462908.809439,-721869.935013,4.516079e-04,-1138.392756,589.881344,589.803567,0.729,0.207,3.965
130,0.130000,740995.680497,-1462862.721873,-721867.041376,4.556146e-04,-1138.424313,590.057188,589.781645,0.580,0.162,5.130
131,0.131000,740950.843331,-1462816.259131,-721865.415799,4.578655e-04,-1138.533880,590.274199,589.724064,0.591,0.193,4.673
132,0.132000,740905.943412,-1462769.392923,-721863.449511,4.605881e-04,-1138.623113,590.490593,589.664216,3.001,0.156,62.262
133,0.133000,740859.693376,-1462722.082009,-721862.388633,4.620571e-04,-1138.619390,590.734502,589.581047,0.605,0.199,45.620
134,0.134000,740815.182391,-1462674.295145,-721859.112754,4.665931e-04,-1138.656929,590.954467,589.443297,0.915,0.209,6.702
135,0.135000,740770.660278,-1462625.995994,-721855.335716,4.718230e-04,-1138.652200,591.230908,589.257489,0.595,0.200,5.720
136,0.136000,740723.490747,-1462577.166050,-721853.675303,4.741221e-04,-1138.658176,591.552103,589.075117,0.879,0.200,4.747
137,0.137000,740674.902261,-1462527.794675,-721852.892414,4.752062e-04,-1138.614278,591.806213,588.878011,1.364,9.769,5.255
138,0.138000,740626.628802,-1462477.875541,-721851.246739,4.774849e-04,-1138.526324,592.074377,588.743337,2.589,0.417,5.262
139,0.139000,740577.427773,-1462427.423367,-721849.995594,4.792173e-04,-1138.509048,592.358522,588.548922,0.756,0.212,4.843
140,0.140000,740527.504433,-1462376.461819,-721848.957386,4.806549e-04,-1138.573606,592.642612,588.281341,1.638,0.245,9.752
141,0.141000,740477.970956,-1462325.008247,-721847.037291,4.833136e-04,-1138.613370,592.972339,588.046577,0.697,0.266,4.617
142,0.142000,740428.450713,-1462273.091325,-721844.640612,4.866322e-04,-1138.777801,593.306791,587.848317,0.585,0.171,3.587
143,0.143000,740379.729587,-1462220.739688,-721841.010102,4.916592e-04,-1138.936952,593.723336,587.664629,0.717,0.210,4.383
144,0.144000,740332.338298,-1462167.983237,-721835.644938,4.990882e-04,-1139.066041,594.111574,587.506706,0.713,1.256,7.004
145,0.145000,740287.046558,-1462114.851833,-721827.805275,5.099435e-04,-1139.157912,594.596212,587.370229,0.603,0.160,12.328
146,0.146000,740240.478076,-1462061.375868,-721820.897792,5.195080e-04,-1139.327998,595.164004,587.280615,0.789,0.647,112.333
147,0.147000,740193.647753,-1462007.581314,-721813.933562,5.291512e-04,-1139.476619,595.665048,587.199848,2.539,0.472,4.383
148,0.148000,740146.162078,-1461953.492074,-721807.329995,5.382949e-04,-1139.578258,596.091800,587.179709,48.171,1.360,54.432
149,0.149000,740096.658765,-1461899.123642,-721802.464876,5.450315e-04,-1139.745426,596.522503,587.204691,0.582,0.192,94.143
150,0.150000,740047.010409,-1461844.474787,-721797.464378,5.519555e-04,-1139.943908,596.961309,587.330662,0.889,0.198,13.105
151,0.151000,739998.327725,-1461789.539344,-721791.211619,5.606135e-04,-1140.032149,597.350974,587.510076,0.572,0.160,5.710
152,0.152000,739949.267955,-1461734.308135,-721785.040180,5.691588e-04,-1140.133112,597.789349,587.790419,45.731,0.440,16.492
153,0.153000,739897.446863,-1461678.779615,-721781.332752,5.742924e-04,-1140.201822,598.197776,588.061598,0.591,0.202,11.398
154,0.154000,739846.460037,-1461622.953530,-721776.493493,5.809931e-04,-1140.264893,598.602856,588.330249,1.067,0.937,6.888
155,0.155000,739793.396883,-1461566.819693,-721773.422811,5.852450e-04,-1140.343965,598.967047,588.514852,0.574,0.171,4.295
156,0.156000,739740.321279,-1461510.371316,-721770.050037,5.899152e-04,-1140.448891,599.348505,588.719728,0.588,0.196,10.299
157,0.157000,739687.716331,-1461453.590555,-721765.874224,5.956973e-04,-1140.540471,599.784359,588.921186,1.290,0.551,52.962
158,0.158000,739636.234352,-1461396.466526,-721760.232175,6.035096e-04,-1140.531009,600.198021,589.132466,0.871,0.371,6.886
159,0.159000,739583.705048,-1461338.993656,-721755.288608,6.103548e-04,-1140.465291,600.605257,589.317313,0.754,0.251,5.017
160,0.160000,739528.116275,-1461281.160891,-721753.044616,6.134620e-04,-1140.368757,601.097334,589.609096,1.359,9.537,15.366
161,0.161000,739471.091739,-1461222.955839,-721751.864100,6.150966e-04,-1140.329874,601.609535,589.875915,0.577,0.175,4.143
162,0.162000,739413.768920,-1461164.361383,-721750.592463,6.168574e-04,-1140.336996,602.086277,590.141556,1.476,0.196,4.158
163,0.163000,739354.839478,-1461105.362346,-721750.522868,6.169538e-04,-1140.309241,602.512160,590.410113,24.591,0.339,8.200
164,0.164000,739295.016344,-1461045.940283,-721750.923938,6.163984e-04,-1140.240233,602.941047,590.686608,0.573,0.155,6.201
165,0.165000,739235.623143,-1460986.069990,-721750.446848,6.170590e-04,-1140.071972,603.307516,590.976874,0.577,0.191,5.564
166,0.166000,739175.061408,-1460925.741534,-721750.680127,6.167360e-04,-1139.900886,603.652476,591.172197,1.040,0.206,7.765
167,0.167000,739114.177851,-1460864.957659,-721750.779808,6.165980e-04,-1139.649327,603.957198,591.427140,1.182,0.767,8.208
168,0.168000,739052.095692,-1460803.732521,-721751.636830,6.154113e-04,-1139.392727,604.219269,591.739523,0.861,0.209,3.705
169,0.169000,738987.953186,-1460742.081604,-721754.128418,6.119613e-04,-1139.146728,604.523995,592.034002,1.418,0.410,17.574
170,0.170000,738922.575991,-1460680.021404,-721757.445413,6.073684e-04,-1138.924504,604.791288,592.325452,1.683,0.438,10.152
171,0.171000,738858.300361,-1460617.572163,-721759.271803,6.048394e-04,-1138.738110,605.043864,592.530825,0.575,0.167,4.466
172,0.172000,738793.436112,-1460554.747625,-721761.311513,6.020151e-04,-1138.551733,605.350922,592.740512,0.575,0.207,5.826
173,0.173000,738729.035455,-1460491.555359,-721762.519904,6.003419e-04,-1138.368153,605.709403,592.906014,0.570,0.150,15.040
174,0.174000,738666.675702,-1460427.995431,-721761.319729,6.020037e-04,-1138.198605,605.972554,593.097081,0.665,0.221,4.472
175,0.175000,738603.638555,-1460364.064787,-721760.426233,6.032409e-04,-1138.065853,606.245903,593.341240,0.856,0.170,8.658
176,0.176000,738540.039639,-1460299.757694,-721759.718056,6.042215e-04,-1137.900565,606.549023,593.669241,1.352,0.338,12.881
177,0.177000,738475.376305,-1460235.072507,-721759.696202,6.042518e-04,-1137.717795,606.840917,593.997463,3.152,13.035,10.014
178,0.178000,738411.913694,-1460169.988632,-721758.074937,6.064967e-04,-1137.506048,607.270948,594.397705,1.985,0.305,3.606
179,0.179000,738348.028655,-1460104.501089,-721756.472434,6.087156e-04,-1137.281991,607.617354,594.831101,0.580,0.463,8.860
180,0.180000,738283.761058,-1460038.615900,-721754.854841,6.109554e-04,-1137.063336,607.970850,595.237115,0.883,0.397,6.478
181,0.181000,738219.036475,-1459972.344048,-721753.307572,6.130979e-04,-1136.882298,608.336187,595.546956,0.743,0.217,4.694
182,0.182000,738155.403779,-1459905.691868,-721750.288089,6.172789e-04,-1136.683244,608.731206,595.851703,0.610,0.218,4.862
183,0.183000,738089.930031,-1459838.676725,-721748.746693,6.194132e-04,-1136.457545,609.139148,596.156891,0.688,0.307,81.422
184,0.184000,738024.654726,-1459771.312712,-721746.657986,6.223053e-04,-1136.293732,609.514316,596.389078,0.594,0.228,5.263
185,0.185000,737958.736467,-1459703.619331,-721744.882864,6.247633e-04,-1136.056500,609.881503,596.484953,0.599,0.213,10.621
186,0.186000,737893.972954,-1459635.616876,-721741.643922,6.292481e-04,-1135.864862,610.271997,596.630995,1.030,0.277,6.104
187,0.187000,737829.290214,-1459567.328058,-721738.037844,6.342413e-04,-1135.789829,610.643092,596.724215,1.038,0.251,8.219
188,0.188000,737765.010700,-1459498.771199,-721733.760499,6.401640e-04,-1135.740452,611.048237,596.924788,1.476,0.374,11.046
189,0.189000,737699.075912,-1459429.955437,-721730.879525,6.441532e-04,-1135.648248,611.366027,597.193430,2.180,0.486,8.600
190,0.190000,737633.919984,-1459360.875921,-721726.955938,6.495861e-04,-1135.583317,611.704499,597.500106,0.586,0.180,4.672
191,0.191000,737568.522810,-1459291.537065,-721723.014255,6.550440e-04,-1135.464863,612.001044,597.840743,1.466,0.169,3.987
192,0.192000,737502.163022,-1459221.933495,-721719.770473,6.595355e-04,-1135.410829,612.263466,598.141887,8.358,1.601,9.731
193,0.193000,737435.625148,-1459152.050635,-721716.425487,6.641672e-04,-1135.400389,612.516958,598.505989,0.582,1.665,6.440
194,0.194000,737365.648945,-1459081.872240,-721716.223294,6.644472e-04,-1135.418217,612.733764,598.894613,1.319,0.319,6.137
195,0.195000,737295.168348,-1459011.373119,-721716.204771,6.644728e-04,-1135.426019,612.930445,599.251329,0.624,0.150,4.978
196,0.196000,737224.040681,-1458940.523377,-721716.482696,6.640880e-04,-1135.473954,613.137302,599.629195,0.721,0.246,55.739
197,0.197000,737152.061509,-1458869.286722,-721717.225213,6.630599e-04,-1135.589544,613.419964,600.000898,0.571,0.157,29.277
198,0.198000,737080.264807,-1458797.624652,-721717.359845,6.628735e-04,-1135.641056,613.664398,600.468804,0.846,1.028,10.603
199,0.199000,737007.684568,-1458725.485100,-721717.800532,6.622632e-04,-1135.750099,613.847650,600.998240,0.993,0.358,6.020
200,0.200000,736935.086509,-1458652.821822,-721717.735314,6.623536e-04,-1135.829340,614.025332,601.570707,3.548,0.154,21.980
201,0.201000,736860.887698,-1458579.589351,-721718.701653,6.610155e-04,-1135.949458,614.170401,602.172820,1.071,0.856,6.860
202,0.202000,736786.012615,-1458505.749252,-721719.736637,6.595824e-04,-1136.064754,614.319642,602.792505,0.586,0.234,9.393
203,0.203000,736709.902623,-1458431.269157,-721721.366534,6.573255e-04,-1136.117720,614.465802,603.462749,1.457,1.021,5.251
204,0.204000,736633.954598,-1458356.143112,-721722.188514,6.561874e-04,-1136.122892,614.595261,604.108703,0.585,0.191,4.350
205,0.205000,736557.419609,-1458280.377466,-721722.957857,6.551221e-04,-1136.166515,614.750710,604.796235,0.577,0.174,3.682
206,0.206000,736480.412127,-1458203.988966,-721723.576839,6.542650e-04,-1136.283175,614.873351,605.385966,0.642,0.217,4.470
207,0.207000,736402.507204,-1458127.017058,-721724.509854,6.529731e-04,-1136.409184,614.953303,606.034813,0.568,0.145,63.537
208,0.208000,736324.928190,-1458049.498802,-721724.570611,6.528890e-04,-1136.540000,614.999395,606.722936,1.395,0.337,21.342
209,0.209000,736247.276545,-1457971.486938,-721724.210393,6.533877e-04,-1136.703222,615.051520,607.407970,1.173,0.473,7.869
210,0.210000,736168.202627,-1457893.030214,-721724.827587,6.525331e-04,-1136.881539,615.055430,608.095523,0.800,0.308,4.820
211,0.211000,736089.659639,-1457814.181224,-721724.521585,6.529568e-04,-1137.146188,615.074505,608.746742,1.665,25.994,16.925
212,0.212000,736012.198904,-1457735.000051,-721722.801147,6.553391e-04,-1137.461967,615.122106,609.326152,1.031,0.502,9.553
213,0.213000,735932.125915,-1457655.549727,-721723.423812,6.544769e-04,-1137.817054,615.128735,609.881076,0.695,0.217,13.887
214,0.214000,735851.041233,-1457575.894934,-721724.853701,6.524970e-04,-1138.146846,615.144438,610.479068,0.625,0.184,3.762
215,0.215000,735770.072601,-1457496.106593,-721726.033993,6.508627e-04,-1138.454934,615.084222,611.134535,1.722,0.228,34.606
216,0.216000,735689.331322,-1457416.237053,-721726.905731,6.496556e-04,-1138.726651,614.989799,611.785146,0.610,0.188,4.311
217,0.217000,735609.432025,-1457336.343004,-721726.910979,6.496483e-04,-1138.988365,614.905649,612.412759,1.805,0.209,7.467
218,0.218000,735529.937031,-1457256.463056,-721726.526025,6.501814e-04,-1139.178282,614.857427,613.131030,0.662,0.197,5.270
219,0.219000,735450.764235,-1457176.621681,-721725.857446,6.511071e-04,-1139.370757,614.863908,613.880569,11.455,0.774,8.817
220,0.220000,735371.475311,-1457096.829049,-721725.353738,6.518046e-04,-1139.579396,614.881350,614.564308,3.888,0.208,7.091
221,0.221000,735291.679126,-1457017.077191,-721725.398065,6.517432e-04,-1139.845460,614.844289,615.297669,1.354,0.385,8.665
222,0.222000,735211.656067,-1456937.363244,-721725.707177,6.513152e-04,-1140.046598,614.826539,615.996750,1.531,0.488,19.764
223,0.223000,735132.891951,-1456857.675342,-721724.783391,6.525943e-04,-1140.270908,614.809643,616.599480,0.833,0.201,4.493
224,0.224000,735054.284535,-1456777.995702,-721723.711167,6.540790e-04,-1140.513434,614.762015,617.246335,2.715,0.213,5.565
225,0.225000,734976.159439,-1456698.315393,-721722.155955,6.562324e-04,-1140.762316,614.684520,617.878040,0.712,0.193,4.487
226,0.226000,734898.576494,-1456618.622644,-721720.046150,6.591538e-04,-1140.964304,614.599557,618.535778,0.570,0.180,3.708
227,0.227000,734821.292897,-1456538.914993,-721717.622096,6.625103e-04,-1141.197505,614.496651,619.204883,4.784,0.743,7.102
228,0.228000,734742.925283,-1456459.192722,-721716.267439,6.643861e-04,-1141.428579,614.406266,619.886498,0.932,0.327,3.728
229,0.229000,734662.923939,-1456379.455074,-721716.531136,6.640209e-04,-1141.699552,614.280975,620.542716,0.688,29.263,28.610
230,0.230000,734583.473559,-1456299.694548,-721716.220989,6.644504e-04,-1142.074295,614.075915,621.172875,0.570,0.155,13.787
231,0.231000,734503.493380,-1456219.893422,-721716.400042,6.642025e-04,-1142.373229,613.929239,621.851529,5.785,1.243,38.195
232,0.232000,734423.860299,-1456140.035996,-721716.175697,6.645131e-04,-1142.648606,613.763225,622.534062,0.571,0.154,3.718
233,0.233000,734344.637099,-1456060.078530,-721715.441431,6.655298e-04,-1142.894896,613.672069,623.257324,4.474,0.574,3.823
234,0.234000,734265.320811,-1455979.969774,-721714.648962,6.666271e-04,-1143.167398,613.531809,623.960900,1.040,0.357,12.603
235,0.235000,734185.648377,-1455899.646543,-721713.998165,6.675283e-04,-1143.464846,613.395146,624.573563,0.621,0.195,5.151
236,0.236000,734106.248311,-1455819.045006,-721712.796695,6.691919e-04,-1143.800009,613.221333,625.249040,0.777,0.194,6.552
237,0.237000,734026.110834,-1455738.111180,-721712.000346,6.702946e-04,-1144.113754,613.027772,625.891006,0.573,0.155,3.958
238,0.238000,733945.178317,-1455656.790389,-721711.612072,6.708322e-04,-1144.472925,612.865594,626.494396,2.061,0.189,5.425
239,0.239000,733864.119596,-1455575.035375,-721710.915779,6.717963e-04,-1144.821545,612.742402,627.001945,0.603,0.180,5.467
240,0.240000,733783.984352,-1455492.807346,-721708.822994,6.746941e-04,-1145.183371,612.560775,627.531993,3.308,0.365,12.392
241,0.241000,733704.634756,-1455410.080045,-721705.445289,6.793711e-04,-1145.587864,612.407208,628.113796,0.580,0.229,3.861
242,0.242000,733626.348399,-1455326.847623,-721700.499225,6.862198e-04,-1146.027728,612.327957,628.686649,0.572,0.162,6.397
243,0.243000,733547.094723,-1455243.118087,-721696.023364,6.924173e-04,-1146.482524,612.184343,629.304780,0.784,0.226,12.034
244,0.244000,733468.386826,-1455158.903541,-721690.516714,7.000422e-04,-1146.876588,612.035760,629.763441,0.969,1.812,5.563
245,0.245000,733388.574545,-1455074.224393,-721685.649847,7.067812e-04,-1147.235221,611.996427,630.243245,1.444,4.840,9.584
246,0.246000,733307.695060,-1454989.098334,-721681.403274,7.126613e-04,-1147.573744,611.900849,630.738680,0.573,0.150,51.319
247,0.247000,733225.871710,-1454903.558284,-721677.686574,7.178077e-04,-1147.919530,611.821757,631.303866,1.328,0.521,5.984
248,0.248000,733144.614802,-1454817.642583,-721673.027781,7.242585e-04,-1148.265945,611.730943,631.879667,1.133,0.216,7.044
249,0.249000,733061.593681,-1454731.393493,-721669.799812,7.287282e-04,-1148.593487,611.695524,632.425718,1.213,0.191,4.321
250,0.250000,732975.666268,-1454644.847748,-721669.181480,7.295844e-04,-1148.897838,611.662566,632.946950,1.169,0.408,6.456
251,0.251000,732889.762345,-1454558.047072,-721668.284728,7.308261e-04,-1149.202215,611.572912,633.446309,0.573,0.162,3.596
252,0.252000,732802.335534,-1454471.019812,-721668.684278,7.302728e-04,-1149.494551,611.464438,633.887756,1.985,0.486,20.273
253,0.253000,732714.877247,-1454383.789488,-721668.912240,7.299572e-04,-1149.773355,611.384439,634.263203,0.676,0.224,4.377
254,0.254000,732627.841864,-1454296.367779,-721668.525915,7.304921e-04,-1150.018347,611.166629,634.648155,0.578,0.203,6.930
255,0.255000,732541.799644,-1454208.741404,-721666.941760,7.326856e-04,-1150.283154,610.941442,635.049589,0.865,0.248,7.087
256,0.256000,732455.722901,-1454120.882884,-721665.159983,7.351528e-04,-1150.480340,610.715522,635.447743,54.274,0.221,6.510
257,0.257000,732370.073165,-1454032.757376,-721662.684211,7.385809e-04,-1150.691493,610.591231,635.938434,0.588,0.185,5.262
258,0.258000,732282.805303,-1453944.313827,-721661.508524,7.402089e-04,-1150.871994,610.624885,636.377071,0.585,0.208,3.604
259,0.259000,732192.674224,-1453855.507202,-721662.832977,7.383749e-04,-1151.044998,610.704223,636.792727,0.890,0.440,3.760
260,0.260000,732103.872126,-1453766.294654,-721662.422528,7.389433e-04,-1151.217723,610.777051,637.130920,0.621,0.302,4.240
261,0.261000,732015.051899,-1453676.637634,-721661.585734,7.401019e-04,-1151.342692,610.804423,637.476147,2.685,0.160,12.625
262,0.262000,731924.737109,-1453586.520154,-721661.783045,7.398287e-04,-1151.487865,610.801340,637.864998,0.585,0.170,3.730
263,0.263000,731835.958522,-1453495.935492,-721659.976970,7.423295e-04,-1151.598771,610.795030,638.218372,0.672,0.237,5.047
264,0.264000,731747.502655,-1453404.889409,-721657.386754,7.459161e-04,-1151.731382,610.868214,638.572861,0.643,0.198,3.916
265,0.265000,731659.030136,-1453313.413632,-721654.383496,7.500746e-04,-1151.839441,610.983624,638.977205,1.256,2.074,10.638
266,0.266000,731569.214013,-1453221.557010,-721652.342997,7.529000e-04,-1151.841290,611.040631,639.350137,0.595,0.206,4.865
267,0.267000,731479.415843,-1453129.380587,-721649.964745,7.561931e-04,-1151.799910,611.123887,639.810672,0.753,0.216,4.520
268,0.268000,731388.235506,-1453036.948413,-721648.712907,7.579265e-04,-1151.770589,611.226222,640.250471,0.569,0.163,21.727
269,0.269000,731296.150826,-1452944.331870,-721648.181044,7.586630e-04,-1151.808002,611.268907,640.612933,0.585,0.198,4.169
270,0.270000,731204.504969,-1452851.598923,-721647.093954,7.601682e-04,-1151.873157,611.329784,641.011348,0.643,0.185,3.991
271,0.271000,731111.495449,-1452758.812733,-721647.317284,7.598590e-04,-1151.881959,611.379501,641.380599,0.772,0.174,3.569
272,0.272000,731017.679662,-1452666.026070,-721648.346407,7.584340e-04,-1151.994053,611.452916,641.764206,1.990,0.464,5.901
273,0.273000,730923.539352,-1452573.272772,-721649.733420,7.565134e-04,-1152.013854,611.633260,642.039849,1.334,5.358,142.063
274,0.274000,730827.677666,-1452480.573903,-721652.896237,7.521340e-04,-1152.003985,611.789064,642.239411,0.649,0.246,4.384
275,0.275000,730731.713351,-1452387.948078,-721656.234727,7.475113e-04,-1152.071571,611.953676,642.401954,1.411,0.904,8.596
276,0.276000,730636.250246,-1452295.391433,-721659.141188,7.434868e-04,-1152.110318,612.129185,642.617762,32.695,3.656,11.362
277,0.277000,730540.598537,-1452202.895459,-721662.296923,7.391172e-04,-1152.114256,612.404948,642.893482,1.119,0.184,4.038
278,0.278000,730445.509414,-1452110.448423,-721664.939009,7.354588e-04,-1152.137984,612.619559,643.187867,0.607,2.831,13.050
279,0.279000,730349.918061,-1452018.036181,-721668.118120,7.310568e-04,-1152.159749,612.825448,643.539516,0.575,0.163,9.216
280,0.280000,730254.804094,-1451925.643244,-721670.839150,7.272891e-04,-1152.147304,613.048711,643.943915,1.529,0.418,5.783
281,0.281000,730160.913444,-1451833.249215,-721672.335771,7.252167e-04,-1152.112559,613.244324,644.281103,0.573,0.149,13.303
282,0.282000,730068.751237,-1451740.826520,-721672.075283,7.255774e-04,-1152.123709,613.384134,644.763178,0.796,0.284,4.850
283,0.283000,729975.789878,-1451648.347787,-721672.557908,7.249091e-04,-1152.154073,613.498755,645.229663,0.574,0.165,3.572
284,0.284000,729881.484688,-1451555.784926,-721674.300238,7.224966e-04,-1152.210602,613.593960,645.673764,1.106,0.702,20.878
285,0.285000,729787.661227,-1451463.108424,-721675.447197,7.209085e-04,-1152.221802,613.643150,646.142000,2.379,0.895,12.564
286,0.286000,729694.755924,-1451370.293846,-721675.537922,7.207828e-04,-1152.239466,613.679325,646.548454,1.268,0.185,9.924
287,0.287000,729601.285898,-1451277.328299,-721676.042401,7.200843e-04,-1152.228376,613.724232,646.927434,0.587,0.279,33.543
288,0.288000,729507.449236,-1451184.198036,-721676.748800,7.191062e-04,-1152.121521,613.831320,647.308003,3.941,0.583,7.971
289,0.289000,729412.972927,-1451090.890250,-721677.917323,7.174882e-04,-1152.006769,614.055743,647.709364,0.577,0.179,3.582
290,0.290000,729317.613368,-1450997.390408,-721679.777040,7.149131e-04,-1151.831674,614.227611,648.121346,0.688,0.294,4.442
291,0.291000,729222.892067,-1450903.671704,-721680.779637,7.135248e-04,-1151.605692,614.329629,648.525617,0.680,0.303,31.213
292,0.292000,729127.149791,-1450809.715389,-721682.565599,7.110518e-04,-1151.361528,614.378751,648.895825,0.580,0.175,3.971
293,0.293000,729031.673256,-1450715.502012,-721683.828756,7.093028e-04,-1151.194767,614.471767,649.306012,0.611,0.169,5.087
294,0.294000,728937.221159,-1450621.035821,-721683.814662,7.093223e-04,-1151.038804,614.612173,649.714933,57.919,0.179,8.379
295,0.295000,728841.713167,-1450526.332293,-721684.619126,7.082084e-04,-1150.849107,614.614995,650.095009,0.576,0.163,3.559
296,0.296000,728746.975135,-1450431.419675,-721684.444540,7.084501e-04,-1150.662241,614.722952,650.469063,0.590,0.189,3.584
297,0.297000,728651.960624,-1450336.345873,-721684.385249,7.085322e-04,-1150.443246,614.852306,650.792439,0.584,0.224,4.487
298,0.298000,728557.078321,-1450241.165479,-721684.087158,7.089450e-04,-1150.274012,615.123075,651.051990,0.575,0.175,27.600
299,0.299000,728463.190075,-1450145.935603,-721682.745528,7.108027e-04,-1149.995373,615.317850,651.340835,0.597,0.189,4.420
300,0.300000,728369.868982,-1450050.717216,-721680.848234,7.134298e-04,-1149.728547,615.487845,651.688391,0.719,0.184,7.104
301,0.301000,728274.672836,-1449955.574720,-721680.901884,7.133555e-04,-1149.427493,615.664201,652.114160,0.582,0.166,3.610
302,0.302000,728179.583613,-1449860.565245,-721680.981633,7.132451e-04,-1149.124978,615.782143,652.562087,0.691,0.196,4.376
303,0.303000,728084.701102,-1449765.749438,-721681.048336,7.131527e-04,-1148.813623,616.018634,653.007505,0.571,0.190,9.609
304,0.304000,727989.416638,-1449671.172288,-721681.755650,7.121734e-04,-1148.638910,616.204098,653.378723,1.264,0.464,11.840
305,0.305000,727893.450663,-1449576.875788,-721683.425125,7.098617e-04,-1148.475382,616.407814,653.700003,0.732,0.319,4.803
306,0.306000,727796.326019,-1449482.891231,-721686.565211,7.055137e-04,-1148.380949,616.634635,653.974378,0.716,0.245,4.337
307,0.307000,727699.633861,-1449389.238068,-721689.604208,7.013057e-04,-1148.270159,616.889853,654.321129,8.601,0.172,6.275
308,0.308000,727604.785663,-1449295.931358,-721691.145695,6.991713e-04,-1148.203831,617.209359,654.664286,0.638,0.254,3.870
309,0.309000,727509.592395,-1449202.957782,-721693.365388,6.960978e-04,-1148.170718,617.588854,655.054581,0.572,0.209,11.915
310,0.310000,727415.044601,-1449110.280717,-721695.236116,6.935074e-04,-1148.108890,618.006191,655.437633,0.580,0.171,3.612
311,0.311000,727321.638326,-1449017.853377,-721696.215051,6.921519e-04,-1148.122417,618.344303,655.784367,1.210,0.276,4.914
312,0.312000,727229.683731,-1448925.624822,-721695.941091,6.925313e-04,-1148.059671,618.696460,656.093196,0.569,0.177,3.526
313,0.313000,727139.343264,-1448833.536011,-721694.192748,6.949521e-04,-1148.006998,618.991636,656.422110,0.578,0.164,3.553
314,0.314000,727049.006870,-1448741.535818,-721692.528949,6.972559e-04,-1147.965201,619.297193,656.756651,0.577,0.192,3.590
315,0.315000,726959.430459,-1448649.586686,-721690.156227,7.005414e-04,-1147.924528,619.694366,657.060995,0.567,0.148,3.570
316,0.316000,726869.818897,-1448557.663996,-721687.845100,7.037415e-04,-1147.777604,620.095821,657.318789,0.571,0.164,3.575
317,0.317000,726779.525379,-1448465.758918,-721686.233538,7.059730e-04,-1147.652553,620.492155,657.509510,26.982,0.616,4.961
318,0.318000,726690.702065,-1448373.875917,-721683.173853,7.102096e-04,-1147.558389,620.862469,657.662389,1.567,1.183,8.865
319,0.319000,726599.220384,-1448282.039515,-721682.819131,7.107008e-04,-1147.448826,621.219816,657.818786,0.570,0.281,37.669
320,0.320000,726507.278977,-1448190.289280,-721683.010303,7.104361e-04,-1147.390453,621.593882,657.971036,1.526,0.431,28.165
321,0.321000,726415.120171,-1448098.660276,-721683.540105,7.097025e-04,-1147.309030,622.021099,658.136316,0.696,0.220,8.463
322,0.322000,726323.425270,-1448007.187585,-721683.762316,7.093948e-04,-1147.195727,622.469873,658.296459,0.573,53.783,6.001
323,0.323000,726230.376051,-1447915.915554,-721685.539504,7.069340e-04,-1147.101482,622.874118,658.397632,0.593,0.664,23.779
324,0.324000,726136.574602,-1447824.884790,-721688.310188,7.030975e-04,-1147.104377,623.233873,658.488538,2.076,0.226,24.788
325,0.325000,726044.353437,-1447734.134582,-721689.781145,7.010607e-04,-1147.101499,623.698514,658.569954,0.726,0.217,46.477
326,0.326000,725953.069996,-1447643.704612,-721690.634616,6.998790e-04,-1147.153538,624.211188,658.678055,1.374,0.279,3.829
327,0.327000,725862.533661,-1447553.636180,-721691.102519,6.992311e-04,-1147.222592,624.624939,658.790711,2.653,3.304,10.168
328,0.328000,725774.496867,-1447463.975070,-721689.478203,7.014802e-04,-1147.325626,625.045828,658.951002,1.512,0.231,10.317
329,0.329000,725685.628158,-1447374.768424,-721689.140265,7.019481e-04,-1147.427901,625.452849,659.163163,0.650,0.200,66.542
330,0.330000,725597.647056,-1447286.066647,-721688.419591,7.029460e-04,-1147.512008,625.891640,659.337297,1.822,0.672,3.683
331,0.331000,725509.365269,-1447197.903981,-721688.538713,7.027811e-04,-1147.604129,626.347973,659.557916,0.574,0.203,4.253
332,0.332000,725421.538787,-1447110.313696,-721688.774909,7.024540e-04,-1147.746048,626.737450,659.681970,0.577,0.181,3.900
333,0.333000,725333.618275,-1447023.313121,-721689.694845,7.011802e-04,-1147.860193,627.168232,659.797120,0.768,0.186,25.812
334,0.334000,725248.041808,-1446936.913201,-721688.871393,7.023204e-04,-1148.035543,627.588921,659.905921,0.813,0.250,5.839
335,0.335000,725162.442303,-1446851.103661,-721688.661358,7.026113e-04,-1148.150264,628.012697,659.959681,0.646,0.285,8.581
336,0.336000,725077.369885,-1446765.867871,-721688.497987,7.028375e-04,-1148.254807,628.455587,660.056055,1.145,0.438,9.819
337,0.337000,724991.455018,-1446681.171198,-721689.716180,7.011507e-04,-1148.387728,628.886085,660.268336,0.627,0.195,3.882
338,0.338000,724906.974198,-1446596.972734,-721689.998536,7.007597e-04,-1148.477431,629.400189,660.510948,0.802,0.304,6.951
339,0.339000,724823.745606,-1446513.214886,-721689.469279,7.014926e-04,-1148.525815,629.890841,660.815422,0.993,0.357,20.181
340,0.340000,724741.027664,-1446429.834224,-721688.806560,7.024102e-04,-1148.592150,630.343047,661.075188,0.802,0.173,5.641
341,0.341000,724659.877707,-1446346.768020,-721686.890313,7.050636e-04,-1148.684908,630.737348,661.314243,0.776,0.319,7.493
342,0.342000,724578.974249,-1446263.946836,-721684.972587,7.077190e-04,-1148.839345,631.117197,661.586297,0.583,70.877,72.378
343,0.343000,724500.129530,-1446181.309259,-721681.179729,7.129708e-04,-1148.941470,631.513869,661.808269,0.580,0.290,5.286
344,0.344000,724421.135428,-1446098.807530,-721677.672102,7.178277e-04,-1149.151032,631.899109,662.066096,0.573,0.167,5.503
345,0.345000,724341.168865,-1446016.391797,-721675.222932,7.212190e-04,-1149.308009,632.263660,662.288223,0.579,0.244,3.593
346,0.346000,724262.050930,-1445934.021131,-721671.970201,7.257229e-04,-1149.483992,632.457552,662.481612,0.610,0.159,54.204
347,0.347000,724183.133438,-1445851.668468,-721668.535031,7.304795e-04,-1149.627134,632.719744,662.733046,1.628,0.216,9.933
348,0.348000,724104.547210,-1445769.315791,-721664.768581,7.356948e-04,-1149.765782,633.014975,662.958414,1.026,0.198,3.833
349,0.349000,724026.917412,-1445686.938473,-721660.021061,7.422685e-04,-1149.875174,633.368705,663.187795,0.571,0.167,23.338
350,0.350000,723949.566170,-1445604.528097,-721654.961927,7.492737e-04,-1150.005931,633.723354,663.475733,1.076,0.161,15.747
351,0.351000,723873.863465,-1445522.071878,-721648.208413,7.586251e-04,-1150.111700,634.096367,663.699309,0.741,0.172,4.081
352,0.352000,723797.876204,-1445439.557591,-721641.681386,7.676628e-04,-1150.146786,634.525262,663.976884,0.703,0.180,6.833
353,0.353000,723721.866700,-1445356.975544,-721635.108843,7.767636e-04,-1150.194226,634.924295,664.227073,3.869,0.168,6.608
354,0.354000,723645.501640,-1445274.321675,-721628.820035,7.854715e-04,-1150.177731,635.301872,664.515432,0.605,0.172,5.441
355,0.355000,723570.390599,-1445191.605221,-721621.214622,7.960024e-04,-1150.209787,635.632132,664.710881,0.625,0.191,4.623
356,0.356000,723494.249337,-1445108.830278,-721614.580942,8.051879e-04,-1150.245140,635.922280,664.950427,0.691,0.161,4.646
357,0.357000,723418.082120,-1445026.010987,-721607.928867,8.143988e-04,-1150.392203,636.170630,665.192056,39.890,0.177,3.587
358,0.358000,723342.658497,-1444943.154168,-721600.495670,8.246912e-04,-1150.482929,636.412304,665.392906,0.587,0.196,3.665
359,0.359000,723266.762835,-1444860.262863,-721593.500028,8.343779e-04,-1150.567647,636.668418,665.549197,0.581,34.755,13.005
360,0.360000,723190.531899,-1444777.339434,-721586.807535,8.436447e-04,-1150.620428,636.909792,665.733337,0.574,0.265,3.608
361,0.361000,723113.627276,-1444694.393494,-721580.766218,8.520099e-04,-1150.683364,637.143794,665.877639,1.150,0.338,10.480
362,0.362000,723037.952366,-1444611.431943,-721573.479577,8.620995e-04,-1150.802605,637.451171,666.086827,0.572,0.152,14.156
363,0.363000,722963.311272,-1444528.460723,-721565.149451,8.736339e-04,-1150.919921,637.560841,666.289649,0.593,1.068,10.793
364,0.364000,722888.449783,-1444445.483867,-721557.034084,8.848710e-04,-1151.030854,637.618170,666.458318,0.581,0.172,3.572
365,0.365000,722812.280461,-1444362.509174,-721550.228712,8.942942e-04,-1151.098063,637.694980,666.605677,9.684,0.172,13.455
366,0.366000,722736.739743,-1444279.528886,-721542.789144,9.045955e-04,-1151.158458,637.772624,666.686505,0.616,0.188,4.647
367,0.367000,722662.599375,-1444196.546906,-721533.947531,9.168382e-04,-1151.272022,637.864321,666.765589,0.772,0.188,128.321
368,0.368000,722587.362369,-1444113.577864,-721526.215495,9.275444e-04,-1151.425657,638.018843,666.850171,0.585,0.175,28.559
369,0.369000,722512.759396,-1444030.638257,-721517.878860,9.390879e-04,-1151.676477,638.172436,667.041219,0.574,6.900,3.573
370,0.370000,722436.991923,-1443947.744958,-721510.753035,9.489548e-04,-1151.842521,638.391448,667.171303,0.581,0.235,124.678
371,0.371000,722361.222912,-1443864.926837,-721503.703924,9.587154e-04,-1152.013306,638.551464,667.420571,30.369,0.498,45.402
372,0.372000,722283.392538,-1443782.220550,-721498.828011,9.654669e-04,-1152.203504,638.698454,667.601571,0.572,0.156,3.782
373,0.373000,722206.330114,-1443699.657954,-721493.327840,9.730828e-04,-1152.333618,638.833866,667.712739,0.592,0.179,3.954
374,0.374000,722129.016837,-1443617.282909,-721488.266072,9.800917e-04,-1152.410157,638.867497,667.862279,0.577,0.241,21.679
375,0.375000,722050.606640,-1443535.135442,-721484.528802,9.852666e-04,-1152.411660,638.957312,668.021286,0.580,0.165,4.233
376,0.376000,721971.143767,-1443453.254920,-721482.111153,9.886142e-04,-1152.397905,639.035213,668.112500,0.569,0.157,43.661
377,0.377000,721891.029208,-1443371.670967,-721480.641758,9.906488e-04,-1152.455689,639.176179,668.310471,4.488,0.689,4.917
378,0.378000,721809.415746,-1443290.402649,-721480.986904,9.901709e-04,-1152.538313,639.368781,668.542163,0.651,0.246,14.204
379,0.379000,721728.493078,-1443209.462316,-721480.969238,9.901954e-04,-1152.668626,639.602666,668.873022,0.569,0.175,4.536
380,0.380000,721647.807876,-1443128.852968,-721481.045092,9.900903e-04,-1152.834346,639.792722,669.203233,0.703,0.194,11.261
381,0.381000,721567.857817,-1443048.573736,-721480.715919,9.905461e-04,-1153.045439,640.037298,669.545837,0.577,0.171,4.468
382,0.382000,721487.976056,-1442968.600172,-721480.624116,9.906732e-04,-1153.231583,640.243291,669.918889,1.076,0.256,5.731
383,0.383000,721407.175829,-1442888.909404,-721481.733575,9.891370e-04,-1153.391202,640.549696,670.153578,1.180,0.208,92.612
384,0.384000,721326.824779,-1442809.479405,-721482.654626,9.878617e-04,-1153.564437,640.842685,670.398054,0.671,0.174,18.139
385,0.385000,721247.029979,-1442730.294040,-721483.264061,9.870178e-04,-1153.657681,641.127808,670.611869,2.476,0.267,9.079
386,0.386000,721166.141496,-1442651.349204,-721485.207707,9.843265e-04,-1153.741823,641.357063,670.849311,0.763,0.364,4.304
387,0.387000,721085.469600,-1442572.645267,-721487.175667,9.816015e-04,-1153.789289,641.564441,671.051770,0.565,0.141,3.558
388,0.388000,721004.109528,-1442494.190652,-721490.081124,9.775785e-04,-1153.845557,641.815346,671.243737,0.927,0.160,8.071
389,0.389000,720922.447846,-1442415.987463,-721493.539618,9.727896e-04,-1153.916993,642.042399,671.452995,1.326,0.234,189.929
390,0.390000,720841.896649,-1442338.036390,-721496.139741,9.691893e-04,-1153.986646,642.251121,671.648722,1.099,0.351,5.344
391,0.391000,720760.380753,-1442260.324693,-721499.943940,9.639218e-04,-1154.059796,642.470308,671.851926,1.021,57.556,33.638
392,0.392000,720680.127509,-1442182.824808,-721502.697298,9.601093e-04,-1154.136492,642.708777,672.047962,3.671,0.171,36.799
393,0.393000,720600.332721,-1442105.508944,-721505.176222,9.566768e-04,-1154.227996,642.872579,672.270616,0.887,0.168,6.337
394,0.394000,720521.226301,-1442028.341263,-721507.114962,9.539923e-04,-1154.249227,643.037803,672.550998,0.871,0.326,8.172
395,0.395000,720441.402715,-1441951.295539,-721509.892824,9.501459e-04,-1154.357946,643.214012,672.827238,0.575,0.168,27.069
396,0.396000,720361.190714,-1441874.359737,-721513.169022,9.456094e-04,-1154.398496,643.401950,673.107088,0.808,0.179,5.510
397,0.397000,720282.306280,-1441797.534989,-721515.228709,9.427575e-04,-1154.418589,643.553091,673.366953,104.481,0.172,39.736
398,0.398000,720203.482175,-1441720.829021,-721517.346846,9.398246e-04,-1154.428581,643.788155,673.667915,4.520,0.224,6.626
399,0.399000,720126.884777,-1441644.258921,-721517.374144,9.397868e-04,-1154.485889,644.013152,674.003763,0.575,0.173,12.846
400,0.400000,720048.569410,-1441567.849556,-721519.280146,9.371476e-04,-1154.460261,644.317387,674.335830,0.584,0.162,8.420
401,0.401000,719970.088997,-1441491.626002,-721521.537005,9.340226e-04,-1154.389433,644.622599,674.632701,0.616,0.190,4.249
402,0.402000,719892.869755,-1441415.618292,-721522.748537,9.323450e-04,-1154.444060,644.950912,674.916327,0.628,0.175,5.082
403,0.403000,719817.015731,-1441339.852580,-721522.836849,9.322227e-04,-1154.467059,645.250788,675.245553,0.659,0.195,5.297
404,0.404000,719740.553922,-1441264.357328,-721523.803405,9.308844e-04,-1154.497513,645.522920,675.609140,1.818,0.174,4.532
405,0.405000,719664.105145,-1441189.157340,-721525.052196,9.291552e-04,-1154.580096,645.905052,676.004007,0.590,0.150,3.687
406,0.406000,719588.108280,-1441114.259208,-721526.150928,9.276338e-04,-1154.652483,646.357336,676.392205,0.571,0.149,125.038
407,0.407000,719512.971240,-1441039.663581,-721526.692341,9.268842e-04,-1154.741271,646.789832,676.756808,0.664,0.214,12.365
408,0.408000,719438.430237,-1440965.351379,-721526.921142,9.265674e-04,-1154.746905,647.257364,677.092247,0.604,0.186,9.302
409,0.409000,719364.543079,-1440891.298861,-721526.755782,9.267963e-04,-1154.758665,647.743686,677.414485,0.583,0.194,52.175
410,0.410000,719290.306002,-1440817.473298,-721527.167296,9.262265e-04,-1154.795718,648.266163,677.732419,0.586,0.254,69.760
411,0.411000,719216.147559,-1440743.837057,-721527.689498,9.255034e-04,-1154.874859,648.750233,678.089884,0.622,0.307,4.194
412,0.412000,719141.770334,-1440670.360340,-721528.590005,9.242565e-04,-1154.914625,649.262504,678.434441,4.832,0.162,4.603
413,0.413000,719066.233272,-1440597.004789,-721530.771517,9.212359e-04,-1154.939566,649.745032,678.824133,0.572,0.187,3.710
414,0.414000,718990.608333,-1440523.743785,-721533.135452,9.179626e-04,-1154.909663,650.287636,679.202329,0.576,0.191,102.692
415,0.415000,718916.111402,-1440450.561069,-721534.449666,9.161429e-04,-1154.804593,650.773016,679.554712,0.575,0.192,3.527
416,0.416000,718841.194637,-1440377.468494,-721536.273856,9.136170e-04,-1154.703546,651.278561,679.908529,0.559,0.179,3.961
417,0.417000,718765.842797,-1440304.500475,-721538.657678,9.103162e-04,-1154.706322,651.857874,680.206425,0.575,0.161,3.544
418,0.418000,718690.698465,-1440231.697729,-721540.999264,9.070739e-04,-1154.703932,652.391284,680.503495,0.574,0.167,3.561
419,0.419000,718616.088372,-1440159.116914,-721543.028542,9.042640e-04,-1154.701899,652.909120,680.867732,0.566,0.150,4.156
420,0.420000,718541.886021,-1440086.813340,-721544.927319,9.016348e-04,-1154.679729,653.425558,681.304115,0.571,0.170,4.899
421,0.421000,718468.756932,-1440014.850049,-721546.093118,9.000206e-04,-1154.670272,653.946099,681.726263,0.574,0.151,41.898
422,0.422000,718395.329998,-1439943.291974,-721547.961976,8.974328e-04,-1154.704810,654.466638,682.168143,0.574,0.167,5.371
423,0.423000,718321.856378,-1439872.187741,-721550.331363,8.941520e-04,-1154.729656,654.965947,682.571414,0.583,0.254,4.601
424,0.424000,718248.321492,-1439801.569660,-721553.248168,8.901132e-04,-1154.803814,655.459694,682.983135,0.570,0.168,3.599
425,0.425000,718175.214826,-1439731.462206,-721556.247380,8.859603e-04,-1154.862288,655.940336,683.427076,0.573,1.428,6.357
426,0.426000,718102.599105,-1439661.885639,-721559.286534,8.817521e-04,-1154.863992,656.359042,683.900942,0.592,0.182,5.257
427,0.427000,718031.746053,-1439592.850686,-721561.104633,8.792347e-04,-1154.892231,656.777489,684.446779,1.146,1.759,3.649
428,0.428000,717959.834837,-1439524.344998,-721564.510161,8.745191e-04,-1154.921913,657.136787,684.941553,0.571,0.169,5.169
429,0.429000,717888.809380,-1439456.359521,-721567.550141,8.703098e-04,-1154.890673,657.458260,685.365171,0.585,0.201,3.584
430,0.430000,717819.164795,-1439388.868191,-721569.703396,8.673282e-04,-1154.917787,657.774847,685.826640,0.569,0.186,3.523
431,0.431000,717751.617216,-1439321.842230,-721570.225014,8.666060e-04,-1154.958697,658.119504,686.333659,0.579,0.219,3.617
432,0.432000,717684.034958,-1439255.257792,-721571.222833,8.652243e-04,-1154.995844,658.486385,686.857060,0.612,0.170,5.034
433,0.433000,717617.166133,-1439189.095723,-721571.929590,8.642457e-04,-1155.047918,658.866856,687.343269,0.597,0.265,3.627
434,0.434000,717551.623988,-1439123.352081,-721571.728094,8.645247e-04,-1155.042726,659.293960,687.816401,0.576,0.155,3.505
435,0.435000,717487.457809,-1439058.036092,-721570.578283,8.661168e-04,-1155.035184,659.770742,688.308517,0.610,0.184,4.899
436,0.436000,717423.645181,-1438993.163043,-721569.517862,8.675851e-04,-1155.099337,660.159846,688.763879,0.588,0.205,5.229
437,0.437000,717360.430798,-1438928.757237,-721568.326439,8.692349e-04,-1155.128625,660.547052,689.223759,0.569,0.177,3.534
438,0.438000,717296.879538,-1438864.847666,-721567.968127,8.697310e-04,-1155.053678,660.902378,689.668346,0.572,0.169,3.506
439,0.439000,717233.682961,-1438801.471439,-721567.788478,8.699798e-04,-1154.980341,661.245108,690.131214,0.575,0.171,3.567
440,0.440000,717171.712119,-1438738.656318,-721566.944198,8.711488e-04,-1154.815728,661.556682,690.599404,0.586,0.212,3.588
441,0.441000,717111.190222,-1438676.440972,-721565.250750,8.734937e-04,-1154.649022,661.841969,691.058102,0.569,0.163,3.644
442,0.442000,717052.176209,-1438614.861669,-721562.685460,8.770457e-04,-1154.476315,662.115774,691.499825,0.570,0.168,3.549
443,0.443000,716996.011416,-1438553.951426,-721557.940010,8.836166e-04,-1154.297648,662.398843,691.956034,0.589,0.314,4.041
444,0.444000,716939.404670,-1438493.735353,-721554.330683,8.886143e-04,-1154.107360,662.679898,692.403525,0.996,76.906,33.408
445,0.445000,716883.737565,-1438434.233068,-721550.495503,8.939248e-04,-1153.870513,662.894051,692.826173,0.568,0.155,99.253
446,0.446000,716830.311928,-1438375.464708,-721545.152780,9.013226e-04,-1153.641877,663.037397,693.204344,0.560,0.189,4.627
447,0.447000,716777.485320,-1438317.434393,-721539.949073,9.085280e-04,-1153.352928,663.114074,693.524279,0.575,0.197,3.577
448,0.448000,716726.145982,-1438260.139243,-721533.993260,9.167748e-04,-1153.037249,663.207809,693.880337,0.964,0.156,4.167
449,0.449000,716674.558274,-1438203.558493,-721529.000220,9.236885e-04,-1152.761275,663.292020,694.229715,0.801,0.177,3.639
450,0.450000,716623.962926,-1438147.657965,-721523.695039,9.310344e-04,-1152.448582,663.398292,694.572462,0.572,0.168,3.599
451,0.451000,716572.769102,-1438092.393863,-721519.624761,9.366704e-04,-1152.196476,663.533325,694.923790,0.577,0.220,4.142
452,0.452000,716521.746045,-1438037.712913,-721515.966868,9.417354e-04,-1151.994169,663.612857,695.275923,0.555,0.187,3.612
453,0.453000,716472.357983,-1437983.559983,-721511.202000,9.483331e-04,-1151.719549,663.708547,695.666616,0.573,0.141,3.550
454,0.454000,716421.064773,-1437929.880217,-721508.815444,9.516377e-04,-1151.378683,663.845444,696.017660,0.579,0.156,3.534
455,0.455000,716368.626596,-1437876.631761,-721508.005165,9.527597e-04,-1151.018069,664.010739,696.353768,0.634,0.197,4.887
456,0.456000,716316.341930,-1437823.780107,-721507.438177,9.535447e-04,-1150.648962,664.186841,696.643000,0.568,0.188,3.584
457,0.457000,716265.373848,-1437771.305485,-721505.931637,9.556308e-04,-1150.305468,664.448056,696.917701,0.569,0.160,3.501
458,0.458000,716212.745011,-1437719.196319,-721506.451309,9.549112e-04,-1149.997884,664.763574,697.220619,0.578,0.185,3.568
459,0.459000,716161.423768,-1437667.449251,-721506.025482,9.555009e-04,-1149.667545,665.000644,697.612805,0.592,0.191,3.576
460,0.460000,716109.470677,-1437616.071561,-721506.600883,9.547041e-04,-1149.309157,665.193048,697.990181,0.608,0.197,3.855
461,0.461000,716059.276355,-1437565.069511,-721505.793156,9.558225e-04,-1149.027770,665.392312,698.355950,0.634,0.145,7.041
462,0.462000,716009.534479,-1437514.456569,-721504.922090,9.570287e-04,-1148.798705,665.606808,698.759121,0.573,0.161,8.224
463,0.463000,715960.731692,-1437464.241899,-721503.510207,9.589837e-04,-1148.545606,665.757502,699.127028,0.580,0.162,3.591
464,0.464000,715911.997248,-1437414.440944,-721502.443696,9.604604e-04,-1148.295290,665.844099,699.560332,0.584,0.181,3.607
465,0.465000,715863.153280,-1437365.070402,-721501.917122,9.611896e-04,-1148.036192,665.930094,700.012834,0.571,0.150,3.508
466,0.466000,715815.776161,-1437316.146747,-721500.370586,9.633310e-04,-1147.966053,665.995237,700.448589,0.566,0.129,7.592
467,0.467000,715768.292426,-1437267.681372,-721499.388946,9.646902e-04,-1147.852958,666.128984,700.839793,0.573,0.166,3.543
468,0.468000,715721.166554,-1437219.678460,-721498.511905,9.659046e-04,-1147.777455,666.324512,701.242892,0.568,0.147,3.500
469,0.469000,715674.451165,-1437172.128700,-721497.677535,9.670600e-04,-1147.699160,666.459166,701.657644,0.589,0.181,4.902
470,0.470000,715628.916960,-1437125.019647,-721496.102687,9.692406e-04,-1147.667944,666.649959,702.114257,0.578,0.174,3.534
471,0.471000,715584.369221,-1437078.340221,-721493.971000,9.721923e-04,-1147.587983,666.795361,702.560955,0.573,0.170,3.580
472,0.472000,715540.225575,-1437032.079114,-721491.853539,9.751243e-04,-1147.489192,666.955117,702.977031,0.583,0.229,5.306
473,0.473000,715494.761679,-1436986.213221,-721491.451542,9.756809e-04,-1147.348270,667.098418,703.365905,7.000,1.178,4.969
474,0.474000,715448.437880,-1436940.728819,-721492.290939,9.745186e-04,-1147.282304,667.244616,703.670231,0.568,0.154,3.520
475,0.475000,715402.483079,-1436895.622537,-721493.139457,9.733437e-04,-1147.207722,667.357085,703.944441,0.565,0.152,3.546
476,0.476000,715357.740008,-1436850.897081,-721493.157072,9.733193e-04,-1147.153566,667.485574,704.193877,0.562,0.129,3.502
477,0.477000,715312.601222,-1436806.553096,-721493.951874,9.722188e-04,-1147.087465,667.553660,704.494334,0.570,0.153,3.516
478,0.478000,715268.403855,-1436762.587365,-721494.183510,9.718980e-04,-1146.990090,667.639259,704.759760,0.565,0.183,3.499
479,0.479000,715226.299926,-1436719.001906,-721492.701981,9.739494e-04,-1146.832755,667.693747,704.940215,0.577,0.136,3.606
480,0.480000,715185.405407,-1436675.783011,-721490.377604,9.771679e-04,-1146.701172,667.701823,705.088899,0.564,0.147,3.491
481,0.481000,715145.263439,-1436632.911150,-721487.647710,9.809479e-04,-1146.528729,667.669202,705.276394,0.567,0.148,3.596
482,0.482000,715108.205946,-1436590.354203,-721482.148257,9.885628e-04,-1146.325441,667.672315,705.406295,1.180,0.428,6.682
483,0.483000,715070.296258,-1436548.068463,-721477.772205,9.946222e-04,-1146.031669,667.658117,705.469544,0.618,0.266,3.782
484,0.484000,715032.645357,-1436506.008434,-721473.363077,1.000727e-03,-1145.735917,667.654175,705.536893,0.599,0.169,3.515
485,0.485000,714995.664197,-1436464.117442,-721468.453245,1.007526e-03,-1145.423120,667.612618,705.600347,17.813,0.153,3.662
486,0.486000,714958.989548,-1436422.349919,-721463.360371,1.014578e-03,-1145.184860,667.649446,705.712839,1.411,0.460,5.745
487,0.487000,714921.225322,-1436380.649875,-721459.424553,1.020028e-03,-1144.971091,667.719777,705.827229,0.574,0.180,3.638
488,0.488000,714884.271523,-1436338.975446,-721454.703923,1.026564e-03,-1144.793708,667.804934,705.910562,0.569,0.161,3.538
489,0.489000,714846.139283,-1436297.285811,-721451.146528,1.031490e-03,-1144.606380,667.888044,706.070749,0.570,0.152,4.294
490,0.490000,714808.060412,-1436255.560681,-721447.500269,1.036539e-03,-1144.502800,667.972813,706.274035,0.584,0.165,3.631
491,0.491000,714769.471842,-1436213.786006,-721444.314164,1.040950e-03,-1144.349292,668.116839,706.441927,0.568,0.150,3.585
492,0.492000,714729.646366,-1436171.946088,-721442.299722,1.043740e-03,-1144.210823,668.322469,706.634721,0.570,0.148,3.618
493,0.493000,714691.038280,-1436130.045179,-721439.006900,1.048299e-03,-1144.056889,668.513182,706.900513,0.583,0.147,3.571
494,0.494000,714652.551632,-1436088.093551,-721435.541919,1.053097e-03,-1144.031726,668.700321,707.156863,0.591,0.156,3.575
495,0.495000,714613.003918,-1436046.117833,-721433.113915,1.056459e-03,-1144.028859,668.879091,707.481890,0.571,0.178,4.608
496,0.496000,714573.768224,-1436004.158195,-721430.389971,1.060231e-03,-1143.982245,669.095223,707.937149,0.575,0.189,3.551
497,0.497000,714535.668489,-1435962.243904,-721426.575415,1.065513e-03,-1143.899049,669.257834,708.355065,0.565,0.148,3.580
498,0.498000,714498.034319,-1435920.406311,-721422.371992,1.071333e-03,-1143.816298,669.436505,708.729667,0.589,0.188,53.330
499,0.499000,714460.226429,-1435878.669002,-721418.442572,1.076774e-03,-1143.816683,669.608013,709.068162,0.608,0.166,5.442
500,0.500000,714423.766988,-1435837.053966,-721413.286978,1.083913e-03,-1143.738997,669.753522,709.422476,0.583,0.199,3.942
501,0.501000,714386.917239,-1435795.593965,-721408.676725,1.090296e-03,-1143.648112,669.927591,709.774473,0.565,1.512,10.172
502,0.502000,714350.695452,-1435754.314187,-721403.618735,1.097300e-03,-1143.517964,670.090976,710.040715,0.569,0.185,3.571
503,0.503000,714314.468016,-1435713.234440,-721398.766424,1.104019e-03,-1143.425966,670.221611,710.260627,0.567,0.150,3.869
504,0.504000,714277.565993,-1435672.368024,-721394.802031,1.109508e-03,-1143.243431,670.381916,710.510558,0.556,0.191,3.524
505,0.505000,714241.740268,-1435631.725080,-721389.984812,1.116178e-03,-1143.067127,670.655654,710.730026,0.573,0.161,6.696
506,0.506000,714204.872131,-1435591.311075,-721386.438943,1.121088e-03,-1142.883930,670.911837,710.868124,0.571,1.248,10.823
507,0.507000,714169.156751,-1435551.137008,-721381.980257,1.127262e-03,-1142.618501,671.119277,711.072849,0.569,0.162,3.585
508,0.508000,714133.435629,-1435511.213718,-721377.778089,1.133081e-03,-1142.254001,671.316435,711.328414,0.571,0.146,3.554
509,0.509000,714098.931422,-1435471.557454,-721372.626033,1.140214e-03,-1141.818010,671.543941,711.550317,0.563,0.145,55.869
510,0.510000,714063.791755,-1435432.190302,-721368.398547,1.146068e-03,-1141.387881,671.667067,711.762621,0.570,0.168,7.743
511,0.511000,714026.435805,-1435393.133230,-721366.697425,1.148424e-03,-1140.921267,671.743202,711.966645,0.572,0.220,8.523
512,0.512000,713987.995946,-1435354.403046,-721366.407100,1.148826e-03,-1140.513828,671.865043,712.180316,0.591,0.167,3.570
513,0.513000,713948.380800,-1435316.011369,-721367.630570,1.147132e-03,-1140.084180,671.984897,712.454687,0.584,0.192,3.626
514,0.514000,713909.874809,-1435277.969562,-721368.094753,1.146489e-03,-1139.716196,672.081816,712.601448,0.593,0.168,3.643
515,0.515000,713871.557399,-1435240.279862,-721368.722464,1.145620e-03,-1139.418784,672.209581,712.755299,0.582,0.133,5.791
516,0.516000,713832.982812,-1435202.928055,-721369.945243,1.143926e-03,-1139.107300,672.291259,712.904091,6.759,0.950,3.699
517,0.517000,713794.632546,-1435165.887757,-721371.255211,1.142113e-03,-1138.766001,672.368200,713.119360,0.570,0.156,4.405
518,0.518000,713756.365670,-1435129.131996,-721372.766326,1.140020e-03,-1138.385013,672.435635,713.391570,0.589,0.165,3.678
519,0.519000,713717.939127,-1435092.635563,-721374.696436,1.137348e-03,-1138.028794,672.582082,713.653500,0.590,0.164,5.556
520,0.520000,713679.926369,-1435056.372830,-721376.446461,1.134924e-03,-1137.708050,672.644659,713.853934,0.567,0.151,7.891
521,0.521000,713641.385047,-1435020.328740,-721378.943693,1.131467e-03,-1137.465665,672.719363,714.089538,0.586,0.233,3.673
522,0.522000,713602.118776,-1434984.490745,-721382.371969,1.126720e-03,-1137.212100,672.810229,714.318340,0.579,0.142,3.621
523,0.523000,713564.944124,-1434948.851639,-721383.907515,1.124593e-03,-1137.041243,672.870919,714.531985,0.578,0.132,3.630
524,0.524000,713528.368234,-1434913.399933,-721385.031700,1.123037e-03,-1136.858675,672.825660,714.701863,0.588,0.167,3.657
525,0.525000,713491.541365,-1434878.121385,-721386.580020,1.120893e-03,-1136.617991,672.788775,714.907352,0.582,0.137,3.625
526,0.526000,713455.507953,-1434843.010818,-721387.502865,1.119615e-03,-1136.375291,672.788676,715.102654,0.584,0.152,3.594
527,0.527000,713418.011101,-1434808.057104,-721390.046003,1.116094e-03,-1136.097136,672.794194,715.221457,0.577,0.162,6.532
528,0.528000,713381.551254,-1434773.251389,-721391.700134,1.113803e-03,-1135.852056,672.776979,715.417352,0.575,0.185,3.839
529,0.529000,713344.724538,-1434738.594812,-721393.870274,1.110798e-03,-1135.689673,672.809656,715.611685,0.588,0.217,3.638
530,0.530000,713307.889147,-1434704.092393,-721396.203246,1.107568e-03,-1135.574902,672.901863,715.786786,0.568,0.843,4.030
531,0.531000,713273.173301,-1434669.748570,-721396.575269,1.107053e-03,-1135.490153,672.985373,715.982830,0.561,0.150,3.650
532,0.532000,713237.588842,-1434635.570671,-721397.981829,1.105105e-03,-1135.375774,673.087089,716.124738,0.588,0.177,3.673
533,0.533000,713199.693488,-1434601.570204,-721401.876716,1.099712e-03,-1135.288786,673.161392,716.327749,0.584,0.156,3.614
534,0.534000,713161.997359,-1434567.765152,-721405.767793,1.094324e-03,-1135.181277,673.221338,716.628725,5.278,0.207,6.069
535,0.535000,713125.030867,-1434534.166659,-721409.135792,1.089661e-03,-1135.110986,673.343892,716.848562,0.572,0.167,7.381
536,0.536000,713088.451814,-1434500.784752,-721412.332938,1.085234e-03,-1135.169689,673.408260,717.056398,0.566,0.149,3.559
537,0.537000,713053.064986,-1434467.632895,-721414.567909,1.082139e-03,-1135.240577,673.457529,717.270661,0.584,0.351,8.372
538,0.538000,713015.577825,-1434434.713204,-721419.135379,1.075815e-03,-1135.275780,673.495950,717.430096,0.592,0.211,3.688
539,0.539000,712976.764698,-1434402.019279,-721425.254581,1.067342e-03,-1135.371641,673.475169,717.644734,0.591,0.153,3.679
540,0.540000,712938.464069,-1434369.530890,-721431.066821,1.059294e-03,-1135.490284,673.367983,717.871645,0.587,0.141,3.632
541,0.541000,712900.993487,-1434337.223667,-721436.230180,1.052144e-03,-1135.622284,673.300809,718.113474,0.587,0.164,3.665
542,0.542000,712865.182690,-1434305.066921,-721439.884231,1.047084e-03,-1135.687476,673.250533,718.339399,0.586,0.145,3.530
543,0.543000,712829.699774,-1434273.033127,-721443.333353,1.042308e-03,-1135.716446,673.211687,718.552763,0.589,0.154,3.656
544,0.544000,712794.962041,-1434241.100503,-721446.138462,1.038424e-03,-1135.755227,673.215520,718.771762,0.585,0.140,3.546
545,0.545000,712760.025991,-1434209.244578,-721449.218587,1.034159e-03,-1135.782892,673.273170,719.018631,0.590,0.148,3.715
546,0.546000,712726.048522,-1434177.445694,-721451.397172,1.031143e-03,-1135.771279,673.310725,719.285561,0.593,0.154,3.705
547,0.547000,712692.725197,-1434145.684468,-721452.959271,1.028980e-03,-1135.756063,673.292540,719.530875,0.586,0.145,3.635
548,0.548000,712659.669967,-1434113.944198,-721454.274231,1.027159e-03,-1135.787814,673.306687,719.731492,0.560,0.137,3.530
549,0.549000,712626.768646,-1434082.213874,-721455.445228,1.025538e-03,-1135.820146,673.250325,719.906905,0.589,0.153,3.746
550,0.550000,712593.631191,-1434050.491704,-721456.860512,1.023578e-03,-1135.830499,673.212566,720.030386,0.583,0.135,11.588
551,0.551000,712561.934292,-1434018.773882,-721456.839589,1.023607e-03,-1135.782916,673.120220,720.103114,0.584,0.145,3.688
552,0.552000,712530.487765,-1433987.068079,-721456.580313,1.023966e-03,-1135.676533,672.963668,720.188392,0.729,0.296,232.983
553,0.553000,712498.569905,-1433955.378784,-721456.808879,1.023649e-03,-1135.597679,672.810787,720.256811,0.665,0.294,3.797
554,0.554000,712466.240760,-1433923.718480,-721457.477720,1.022723e-03,-1135.564869,672.621534,720.302279,0.944,0.191,4.120
555,0.555000,712433.906627,-1433892.087011,-721458.180385,1.021750e-03,-1135.554585,672.402794,720.342278,0.569,0.172,3.717
556,0.556000,712400.759745,-1433860.476803,-721459.717059,1.019623e-03,-1135.583434,672.271585,720.336533,0.571,0.162,5.007
557,0.557000,712367.804079,-1433828.881345,-721461.077266,1.017739e-03,-1135.535418,672.175980,720.379356,0.607,0.151,6.507
558,0.558000,712334.309743,-1433797.291873,-721462.982130,1.015101e-03,-1135.502634,672.083544,720.468473,1.093,0.237,3.703
559,0.559000,712299.798276,-1433765.692325,-721465.894049,1.011069e-03,-1135.464641,672.008258,720.586176,1.286,0.272,3.728
560,0.560000,712265.448888,-1433734.079609,-721468.630721,1.007280e-03,-1135.372118,672.056061,720.731251,0.619,0.194,5.083
561,0.561000,712230.902056,-1433702.451014,-721471.548958,1.003239e-03,-1135.238154,672.165730,720.940410,6.043,0.251,4.048
562,0.562000,712197.065318,-1433670.814902,-721473.749584,1.000192e-03,-1135.159227,672.389599,721.147418,0.570,0.187,3.799
563,0.563000,712162.651528,-1433639.177062,-721476.525534,9.963484e-04,-1135.093311,672.575084,721.323979,0.585,0.173,3.600
564,0.564000,712128.612026,-1433607.546170,-721478.934144,9.930133e-04,-1135.040678,672.731120,721.582678,0.607,0.170,3.662
565,0.565000,712094.330107,-1433575.934185,-721481.604078,9.893163e-04,-1134.988609,672.896503,721.761972,0.589,0.151,3.574
566,0.566000,712060.142666,-1433544.359959,-721484.217292,9.856979e-04,-1134.994848,673.140582,721.973449,0.585,0.179,6.662
567,0.567000,712026.410368,-1433512.849512,-721486.439144,9.826214e-04,-1135.021818,673.416986,722.252467,0.599,0.184,3.710
568,0.568000,711993.829415,-1433481.431834,-721487.602419,9.810106e-04,-1134.940776,673.658841,722.466499,0.590,0.196,3.699
569,0.569000,711962.035347,-1433450.145415,-721488.110068,9.803077e-04,-1134.809336,673.830201,722.776798,0.568,0.147,3.544
570,0.570000,711931.134258,-1433419.034488,-721487.900230,9.805983e-04,-1134.659906,674.011784,723.051760,0.591,0.151,4.096
571,0.571000,711900.578744,-1433388.141482,-721487.562738,9.810656e-04,-1134.561643,674.254153,723.325769,0.574,0.166,3.885
572,0.572000,711870.556681,-1433357.505976,-721486.949295,9.819150e-04,-1134.430838,674.509864,723.508360,0.593,0.157,3.658
573,0.573000,711838.584801,-1433327.165282,-721488.580481,9.796563e-04,-1134.288339,674.734800,723.811557,0.588,0.145,3.683
574,0.574000,711806.933513,-1433297.156648,-721490.223135,9.773818e-04,-1134.109778,674.972135,724.029941,0.587,0.134,3.634
575,0.575000,711776.598044,-1433267.518192,-721490.920147,9.764167e-04,-1134.008113,675.268244,724.132194,0.596,0.158,3.736
576,0.576000,711746.934298,-1433238.267793,-721491.333496,9.758443e-04,-1133.837699,675.594265,724.331408,0.600,0.160,3.688
577,0.577000,711717.068756,-1433209.420630,-721492.351874,9.744342e-04,-1133.671536,675.939585,724.513371,0.597,0.169,3.576
578,0.578000,711688.610503,-1433180.986187,-721492.375683,9.744013e-04,-1133.405471,676.289146,724.757776,0.583,0.131,3.601
579,0.579000,711658.747747,-1433152.958135,-721494.210389,9.718608e-04,-1133.157338,676.669714,724.975772,0.589,0.159,7.224
580,0.580000,711628.969034,-1433125.324002,-721496.354968,9.688913e-04,-1132.923828,677.067887,725.162406,0.587,0.141,3.590
581,0.581000,711599.448016,-1433098.060741,-721498.612725,9.657650e-04,-1132.714327,677.490313,725.331791,0.587,0.151,10.042
582,0.582000,711568.947619,-1433071.139321,-721502.191703,9.608094e-04,-1132.451988,677.907430,725.481685,0.590,0.163,3.640
583,0.583000,711539.344693,-1433044.522299,-721505.177606,9.566749e-04,-1132.240529,678.349774,725.592240,0.596,0.173,3.687
584,0.584000,711510.702894,-1433018.167829,-721507.464935,9.535077e-04,-1132.038821,678.831748,725.780543,1.302,0.335,5.676
585,0.585000,711482.768551,-1432992.028027,-721509.259477,9.510229e-04,-1131.838759,679.267571,725.975971,0.589,0.153,3.644
586,0.586000,711453.589111,-1432966.065703,-721512.476592,9.465682e-04,-1131.600149,679.820112,726.142858,0.589,0.147,6.060
587,0.587000,711424.645950,-1432940.249298,-721515.603348,9.422387e-04,-1131.391284,680.243844,726.358627,0.594,0.171,3.847
588,0.588000,711397.123866,-1432914.547586,-721517.423720,9.397181e-04,-1131.174546,680.578862,726.595964,0.608,0.275,4.211
589,0.589000,711370.170759,-1432888.935031,-721518.764272,9.378619e-04,-1130.979156,680.892214,726.912489,0.597,0.161,8.483
590,0.590000,711344.052428,-1432863.410923,-721519.358495,9.370391e-04,-1130.741621,681.189235,727.272806,0.589,0.149,9.257
591,0.591000,711317.546271,-1432837.975002,-721520.428731,9.355572e-04,-1130.483712,681.467331,727.655340,0.579,0.152,3.604
592,0.592000,711291.233635,-1432812.643316,-721521.409681,9.341989e-04,-1130.340700,681.709342,728.013249,0.574,0.146,3.820
593,0.593000,711264.989682,-1432787.445947,-721522.456265,9.327497e-04,-1130.145656,681.976489,728.302162,0.599,0.189,3.661
594,0.594000,711239.540276,-1432762.422282,-721522.882006,9.321602e-04,-1129.976994,682.197030,728.634204,0.588,0.164,3.706
595,0.595000,711216.191594,-1432737.606411,-721521.414817,9.341918e-04,-1129.835131,682.368821,728.946486,0.591,0.149,3.719
596,0.596000,711193.130396,-1432713.034068,-721519.903672,9.362842e-04,-1129.651779,682.564321,729.227433,0.590,0.149,3.632
597,0.597000,711170.188039,-1432688.731776,-721518.543738,9.381673e-04,-1129.520285,682.823231,729.509106,0.588,0.162,3.603
598,0.598000,711148.337714,-1432664.717705,-721516.379991,9.411633e-04,-1129.377087,683.095240,729.772170,0.579,0.245,3.666
599,0.599000,711125.861171,-1432640.980487,-721515.119316,9.429089e-04,-1129.212228,683.347380,730.113308,0.584,0.153,9.939
600,0.600000,711103.343339,-1432617.498716,-721514.155378,9.442437e-04,-1129.014074,683.616874,730.474955,0.582,0.133,3.630
601,0.601000,711079.614162,-1432594.231342,-721514.617180,9.436042e-04,-1128.816321,683.822200,730.739363,0.588,0.164,3.644
602,0.602000,711055.639277,-1432571.127342,-721515.488065,9.423983e-04,-1128.623662,684.006034,731.033455,0.582,0.153,3.707
603,0.603000,711031.565159,-1432548.122283,-721516.557124,9.409181e-04,-1128.425272,684.222344,731.291631,0.593,0.178,3.642
604,0.604000,711007.191411,-1432525.155405,-721517.963994,9.389700e-04,-1128.250194,684.536437,731.494969,0.584,0.148,3.689
605,0.605000,710984.578345,-1432502.162950,-721517.584605,9.394953e-04,-1128.032224,684.916510,731.701439,0.566,0.150,3.617
606,0.606000,710962.677105,-1432479.082096,-721516.404992,9.411287e-04,-1127.894885,685.278511,731.852738,0.583,0.145,3.624
607,0.607000,710940.750757,-1432455.862334,-721515.111577,9.429197e-04,-1127.731796,685.669848,732.005653,0.579,0.132,3.621
608,0.608000,710918.571694,-1432432.475235,-721513.903542,9.445924e-04,-1127.567399,686.057375,732.128109,0.583,0.139,3.662
609,0.609000,710895.086804,-1432408.912882,-721513.826078,9.446996e-04,-1127.404781,686.398661,732.350736,0.590,0.159,3.637
610,0.610000,710871.375092,-1432385.176507,-721513.801415,9.447338e-04,-1127.166117,686.661601,732.544591,0.597,0.174,4.479
611,0.611000,710847.374848,-1432361.268359,-721513.893512,9.446063e-04,-1126.946030,686.995970,732.766774,0.564,0.146,3.659
612,0.612000,710825.172348,-1432337.209868,-721512.037519,9.471762e-04,-1126.719980,687.330805,733.045786,0.617,0.189,3.643
613,0.613000,710803.483242,-1432313.021517,-721509.538276,9.506368e-04,-1126.486545,687.633499,733.324500,0.561,0.126,3.611
614,0.614000,710781.130187,-1432288.724509,-721507.594322,9.533285e-04,-1126.229850,687.989774,733.589444,0.954,0.175,3.707
615,0.615000,710758.940249,-1432264.330054,-721505.389805,9.563811e-04,-1125.989548,688.327805,733.795629,0.568,0.663,3.652
616,0.616000,710737.151663,-1432239.833513,-721502.681850,9.601307e-04,-1125.684288,688.589068,733.978662,0.584,0.151,3.633
617,0.617000,710714.679749,-1432215.237433,-721500.557684,9.630719e-04,-1125.405434,688.846734,734.145499,0.581,0.136,3.616
618,0.618000,710690.861301,-1432190.539657,-721499.678356,9.642895e-04,-1125.099872,689.118739,734.268911,0.579,0.147,42.013
619,0.619000,710667.696303,-1432165.744133,-721498.047831,9.665472e-04,-1124.751711,689.319927,734.459180,0.595,0.159,3.734
620,0.620000,710645.848792,-1432140.864275,-721495.015483,9.707460e-04,-1124.401199,689.621442,734.611639,0.591,0.219,3.681
621,0.621000,710625.489466,-1432115.931414,-721490.441948,9.770788e-04,-1124.136133,689.890688,734.841771,0.595,0.191,3.682
622,0.622000,710604.463009,-1432090.981950,-721486.518941,9.825109e-04,-1123.876376,690.191208,735.079665,0.590,0.210,3.716
623,0.623000,710585.067179,-1432066.058985,-721480.991806,9.901641e-04,-1123.632667,690.510896,735.356543,0.576,0.196,3.585
624,0.624000,710565.021400,-1432041.215246,-721476.193845,9.968077e-04,-1123.383148,690.906808,735.557102,0.567,0.147,3.597
625,0.625000,710545.216596,-1432016.495081,-721471.278485,1.003614e-03,-1123.072870,691.271507,735.735266,0.580,0.129,3.658
626,0.626000,710524.767448,-1431991.931429,-721467.163981,1.009311e-03,-1122.826441,691.552354,735.858131,0.589,0.170,3.666
627,0.627000,710503.765397,-1431967.561785,-721463.796388,1.013974e-03,-1122.627016,691.812509,736.035107,0.583,0.146,3.803
628,0.628000,710484.509192,-1431943.405886,-721458.896695,1.020758e-03,-1122.411708,692.079914,736.243392,0.577,0.171,3.639
629,0.629000,710464.861571,-1431919.470617,-721454.609046,1.026695e-03,-1122.234540,692.351070,736.435850,0.584,0.143,3.661
630,0.630000,710446.234837,-1431895.760989,-721449.526153,1.033734e-03,-1122.038880,692.653542,736.646835,0.603,0.160,6.274
631,0.631000,710427.424639,-1431872.271160,-721444.846521,1.040213e-03,-1121.873426,693.020138,736.870761,0.568,0.155,3.603
632,0.632000,710408.590764,-1431848.998361,-721440.407597,1.046360e-03,-1121.696681,693.425560,737.074900,0.791,0.167,3.704
633,0.633000,710389.172121,-1431825.934264,-721436.762143,1.051407e-03,-1121.489694,693.851632,737.339076,0.596,0.158,3.727
634,0.634000,710368.829941,-1431803.071886,-721434.241945,1.054897e-03,-1121.325225,694.303424,737.538432,0.595,0.164,4.232
635,0.635000,710348.368180,-1431780.411590,-721432.043410,1.057941e-03,-1121.153137,694.784737,737.757062,0.583,0.157,3.666
636,0.636000,710325.079551,-1431757.945400,-721432.865849,1.056802e-03,-1120.943832,695.262696,738.035082,0.587,0.155,3.695
637,0.637000,710302.410917,-1431735.668252,-721433.257336,1.056260e-03,-1120.649104,695.813541,738.273066,0.591,0.141,3.801
638,0.638000,710281.107695,-1431713.580989,-721432.473293,1.057346e-03,-1120.378897,696.359231,738.464947,0.586,0.148,3.620
639,0.639000,710258.597682,-1431691.677636,-721433.079953,1.056506e-03,-1120.055685,696.838225,738.661277,0.590,0.183,3.732
640,0.640000,710237.663307,-1431669.946287,-721432.282981,1.057610e-03,-1119.812991,697.458267,738.951708,0.600,0.176,4.012
641,0.641000,710216.620506,-1431648.385046,-721431.764540,1.058327e-03,-1119.647224,698.036219,739.252223,0.585,0.165,3.689
642,0.642000,710196.342733,-1431626.984353,-721430.641620,1.059882e-03,-1119.386152,698.670830,739.501076,2.463,0.996,32.825
643,0.643000,710176.915008,-1431605.728840,-721428.813832,1.062413e-03,-1119.052840,699.335617,739.707026,0.591,0.171,3.718
644,0.644000,710156.430325,-1431584.599601,-721428.169276,1.063306e-03,-1118.661121,699.962712,739.871889,0.589,0.155,3.711
645,0.645000,710136.572872,-1431563.575326,-721427.002454,1.064921e-03,-1118.233834,700.533849,740.016538,16.764,0.169,3.720
646,0.646000,710115.499846,-1431542.647032,-721427.147187,1.064721e-03,-1117.814028,701.142933,740.089929,0.589,0.158,3.732
647,0.647000,710095.513902,-1431521.805313,-721426.291411,1.065906e-03,-1117.399575,701.718629,740.221385,0.596,0.154,3.767
648,0.648000,710074.167477,-1431501.042563,-721426.875086,1.065098e-03,-1116.975474,702.226487,740.338888,0.592,0.164,3.694
649,0.649000,710053.656619,-1431480.353849,-721426.697230,1.065344e-03,-1116.604890,702.717246,740.534280,0.595,0.200,3.700
650,0.650000,710034.081742,-1431459.744605,-721425.662863,1.066776e-03,-1116.254503,703.180290,740.660075,0.629,0.212,3.763
651,0.651000,710015.446993,-1431439.236126,-721423.789133,1.069371e-03,-1115.942819,703.586607,740.849084,0.606,0.152,13.113
652,0.652000,709996.180853,-1431418.859100,-721422.678247,1.070909e-03,-1115.587314,704.006721,741.105397,0.575,0.159,3.584
653,0.653000,709978.517940,-1431398.654881,-721420.136942,1.074428e-03,-1115.227817,704.420629,741.360005,0.571,0.202,3.690
654,0.654000,709960.798446,-1431378.687554,-721417.889108,1.077540e-03,-1114.915249,704.800618,741.717613,0.653,0.219,7.349
655,0.655000,709944.599851,-1431359.018474,-721414.418622,1.082346e-03,-1114.678408,705.199985,742.078454,0.587,0.154,3.681
656,0.656000,709927.126038,-1431339.715133,-721412.589095,1.084879e-03,-1114.460539,705.647785,742.449788,0.590,0.164,3.673
657,0.657000,709909.947097,-1431320.836951,-721410.889854,1.087232e-03,-1114.176525,706.116330,742.800535,0.590,0.156,8.073
658,0.658000,709892.571305,-1431302.440601,-721409.869295,1.088645e-03,-1113.860789,706.652103,743.197401,0.590,0.173,3.683
659,0.659000,709876.591332,-1431284.579200,-721407.987868,1.091250e-03,-1113.577459,707.068065,743.587674,0.582,0.132,3.623
660,0.660000,709859.909201,-1431267.282991,-721407.373789,1.092100e-03,-1113.204885,707.548286,743.963537,0.597,0.183,5.274
661,0.661000,709844.463004,-1431250.568029,-721406.105025,1.093857e-03,-1112.772180,707.982194,744.313763,0.593,0.148,3.673
662,0.662000,709831.451148,-1431234.430815,-721402.979667,1.098185e-03,-1112.311236,708.380095,744.754623,0.589,0.167,4.857
663,0.663000,709816.890864,-1431218.857999,-721401.967135,1.099587e-03,-1111.851089,708.683987,745.104296,0.602,0.212,4.769
664,0.664000,709804.025712,-1431203.835845,-721399.810132,1.102574e-03,-1111.493890,708.963522,745.430416,0.588,0.151,7.111
665,0.665000,709792.069092,-1431189.351501,-721397.282409,1.106074e-03,-1111.158138,709.233500,745.807801,0.591,0.161,3.691
666,0.666000,709778.853960,-1431175.378754,-721396.524794,1.107123e-03,-1110.770598,709.451045,746.220915,0.591,1.392,3.751
667,0.667000,709763.281433,-1431161.900677,-721398.619243,1.104223e-03,-1110.329664,709.663521,746.732398,0.582,0.142,3.640
668,0.668000,709749.269964,-1431148.893646,-721399.623682,1.102832e-03,-1109.869244,709.904814,747.281735,0.588,0.184,4.055
669,0.669000,709735.173556,-1431136.337652,-721401.164097,1.100699e-03,-1109.507002,710.152751,747.851800,0.583,0.150,31.009
670,0.670000,709722.133177,-1431124.205670,-721402.072493,1.099441e-03,-1109.215004,710.445919,748.416922,2.228,0.181,3.799
671,0.671000,709708.047144,-1431112.466063,-721404.418918,1.096192e-03,-1108.916753,710.676276,748.976362,0.574,0.257,8.945
672,0.672000,709694.856105,-1431101.080783,-721406.224677,1.093692e-03,-1108.733577,710.946121,749.583873,5.587,0.169,3.702
673,0.673000,709682.024468,-1431090.010956,-721407.986489,1.091252e-03,-1108.501883,711.210812,750.206368,0.594,0.197,3.794
674,0.674000,709670.064635,-1431079.222365,-721409.157730,1.089630e-03,-1108.282937,711.539329,750.891558,0.601,0.166,3.651
675,0.675000,709659.335047,-1431068.674905,-721409.339858,1.089378e-03,-1108.032125,711.881054,751.535447,0.585,0.144,7.796
676,0.676000,709647.391907,-1431058.330577,-721410.938670,1.087164e-03,-1107.791766,712.181975,752.282914,0.593,0.174,3.621
677,0.677000,709636.363680,-1431048.152110,-721411.788430,1.085988e-03,-1107.615117,712.469225,752.989621,0.583,0.136,3.596
678,0.678000,709625.152312,-1431038.098266,-721412.945954,1.084385e-03,-1107.419762,712.773983,753.632528,0.590,0.157,3.764
679,0.679000,709615.054626,-1431028.135494,-721413.080868,1.084198e-03,-1107.117134,713.089378,754.250058,0.584,0.142,3.580
680,0.680000,709604.200785,-1431018.239014,-721414.038230,1.082872e-03,-1106.821331,713.428815,754.842068,0.596,0.185,3.703
681,0.681000,709593.341296,-1431008.375253,-721415.033957,1.081494e-03,-1106.406852,713.726456,755.422369,0.588,0.152,3.676
682,0.682000,709581.319756,-1430998.523915,-721417.204159,1.078489e-03,-1106.030174,714.058762,756.021396,0.671,0.276,7.332
683,0.683000,709571.949479,-1430988.662935,-721416.713456,1.079168e-03,-1105.716388,714.426770,756.646788,0.593,0.156,5.435
684,0.684000,709562.356534,-1430978.777547,-721416.421013,1.079573e-03,-1105.432664,714.792868,757.255423,0.607,0.232,3.739
685,0.685000,709551.858893,-1430968.849734,-721416.990840,1.078784e-03,-1105.139925,715.164532,757.932195,0.595,0.178,3.723
686,0.686000,709540.063087,-1430958.861352,-721418.798266,1.076281e-03,-1104.774804,715.505486,758.627550,0.592,0.165,3.660
687,0.687000,709528.655224,-1430948.797729,-721420.142505,1.074420e-03,-1104.484832,715.829163,759.328103,0.588,3.178,7.025
688,0.688000,709515.981266,-1430938.658008,-721422.676741,1.070911e-03,-1104.195323,716.097604,759.912836,0.589,0.161,3.625
689,0.689000,709503.759258,-1430928.439482,-721424.680225,1.068137e-03,-1104.028416,716.286489,760.526979,0.571,0.200,3.767
690,0.690000,709491.575823,-1430918.139059,-721426.563237,1.065529e-03,-1103.765254,716.494758,761.140761,0.594,0.159,3.620
691,0.691000,709480.059555,-1430907.736686,-721427.677131,1.063987e-03,-1103.579517,716.738318,761.713982,0.585,0.140,3.595
692,0.692000,709469.386595,-1430897.219283,-721427.832688,1.063772e-03,-1103.467208,717.002044,762.307846,0.596,0.187,3.670
693,0.693000,709458.181852,-1430886.564236,-721428.382384,1.063011e-03,-1103.389351,717.319099,762.873380,0.599,0.189,3.674
694,0.694000,709448.226538,-1430875.747969,-721427.521431,1.064203e-03,-1103.265273,717.687354,763.502624,0.589,0.160,11.099
695,0.695000,709438.026760,-1430864.741174,-721426.714414,1.065320e-03,-1103.142041,717.931422,764.147688,0.593,0.146,4.891
696,0.696000,709426.621314,-1430853.511221,-721426.889906,1.065077e-03,-1103.095964,718.210733,764.670034,0.598,0.175,3.878
697,0.697000,709414.942076,-1430842.032984,-721427.090907,1.064799e-03,-1103.081623,718.518666,765.170457,0.574,0.160,3.570
698,0.698000,709402.165356,-1430830.291341,-721428.125986,1.063366e-03,-1102.993564,718.769607,765.686386,0.579,0.197,3.909
699,0.699000,709389.471864,-1430818.283983,-721428.812120,1.062416e-03,-1102.921433,719.021387,766.259478,0.598,0.177,3.622
700,0.700000,709377.218491,-1430806.011800,-721428.793309,1.062442e-03,-1102.866485,719.320098,766.815914,0.583,0.134,38.232
701,0.701000,709365.106619,-1430793.490710,-721428.384091,1.063008e-03,-1102.833993,719.658650,767.430750,0.589,0.166,6.834
702,0.702000,709353.057030,-1430780.736392,-721427.679362,1.063984e-03,-1102.865472,719.993636,768.051755,0.584,0.145,3.632
703,0.703000,709340.737952,-1430767.771157,-721427.033205,1.064879e-03,-1102.824297,720.313751,768.606429,0.586,0.143,3.591
704,0.704000,709329.735192,-1430754.622904,-721424.887712,1.067850e-03,-1102.784957,720.650996,769.110826,0.588,0.159,3.682
705,0.705000,709318.604227,-1430741.317109,-721422.712882,1.070861e-03,-1102.747493,720.925556,769.712103,0.605,0.181,3.710
706,0.706000,709308.070683,-1430727.877434,-721419.806751,1.074885e-03,-1102.773643,721.228064,770.257569,0.592,0.164,3.694
707,0.707000,709296.026394,-1430714.326626,-721418.300232,1.076971e-03,-1102.795020,721.629556,770.831276,0.587,0.154,3.673
708,0.708000,709283.151298,-1430700.679045,-721417.527746,1.078041e-03,-1102.777527,721.989090,771.442728,0.603,0.211,3.734
709,0.709000,709268.424581,-1430686.957313,-721418.532731,1.076649e-03,-1102.703052,722.324616,772.163759,0.592,0.151,3.626
710,0.710000,709252.119893,-1430673.186690,-721421.066796,1.073140e-03,-1102.574033,722.643433,772.946099,0.586,0.159,3.712
711,0.711000,709235.408918,-1430659.374552,-721423.965634,1.069126e-03,-1102.537942,722.913591,773.668480,0.596,0.169,3.683
712,0.712000,709218.465928,-1430645.542313,-721427.076385,1.064819e-03,-1102.451979,723.189353,774.452409,0.591,0.159,3.710
713,0.713000,709201.889368,-1430631.705131,-721429.815763,1.061026e-03,-1102.322563,723.516631,775.185154,0.592,0.194,3.645
714,0.714000,709184.465821,-1430617.874263,-721433.408442,1.056051e-03,-1102.220633,723.844862,775.931325,0.609,0.158,3.653
715,0.715000,709167.813338,-1430604.058900,-721436.245562,1.052123e-03,-1102.137112,724.177608,776.550129,1.436,0.473,12.162
716,0.716000,709151.528501,-1430590.271593,-721438.743093,1.048664e-03,-1101.980855,724.405961,777.167687,2.700,0.172,4.157
717,0.717000,709135.954004,-1430576.522702,-721440.568698,1.046137e-03,-1101.736726,724.664243,777.808465,1.712,0.435,6.175
718,0.718000,709121.487000,-1430562.821037,-721441.334037,1.045077e-03,-1101.543511,724.908656,778.356013,0.615,0.469,3.726
719,0.719000,709106.503613,-1430549.185080,-721442.681467,1.043211e-03,-1101.311288,725.091530,778.894762,0.609,0.258,6.761
720,0.720000,709091.680687,-1430535.636506,-721443.955820,1.041447e-03,-1101.101857,725.282620,779.415447,0.596,0.266,5.862
721,0.721000,709077.512213,-1430522.205151,-721444.692938,1.040426e-03,-1100.947169,725.435211,779.987352,0.592,0.245,5.667
722,0.722000,709064.571512,-1430508.925283,-721444.353771,1.040896e-03,-1100.800869,725.552750,780.622366,0.602,0.160,5.395
723,0.723000,709050.355164,-1430495.815720,-721445.460556,1.039363e-03,-1100.624628,725.721963,781.279640,0.611,0.229,4.485
724,0.724000,709034.847235,-1430482.887745,-721448.040510,1.035791e-03,-1100.414173,725.869887,781.901524,0.569,0.156,3.556
725,0.725000,709021.103056,-1430470.150086,-721449.047030,1.034397e-03,-1100.286031,725.955707,782.420837,0.583,0.176,3.650
726,0.726000,709007.057073,-1430457.594581,-721450.537508,1.032333e-03,-1100.227311,725.949514,782.948038,0.584,0.140,3.767
727,0.727000,708994.572768,-1430445.207849,-721450.635081,1.032198e-03,-1100.144007,725.924622,783.568673,0.571,0.210,3.589
728,0.728000,708980.800614,-1430432.973981,-721452.173367,1.030068e-03,-1100.126390,725.915836,784.201526,0.596,0.156,3.706
729,0.729000,708967.544821,-1430420.868266,-721453.323445,1.028476e-03,-1100.142777,725.887243,784.829584,0.594,0.166,3.617
730,0.730000,708953.078770,-1430408.866427,-721455.787657,1.025063e-03,-1100.133257,725.927711,785.450140,0.585,0.153,3.607
731,0.731000,708940.177301,-1430396.933377,-721456.756076,1.023723e-03,-1100.121148,726.082153,786.111623,0.583,0.200,3.625
732,0.732000,708926.849851,-1430385.042478,-721458.192627,1.021733e-03,-1100.194065,726.225995,786.737930,0.574,0.142,3.561
733,0.733000,708914.288576,-1430373.179711,-721458.891135,1.020766e-03,-1100.247694,726.413269,787.439195,0.591,0.185,3.740
734,0.734000,708901.425210,-1430361.339227,-721459.914017,1.019350e-03,-1100.182598,726.571205,788.069361,0.573,0.171,5.343
735,0.735000,708887.437396,-1430349.527611,-721462.090215,1.016337e-03,-1100.040256,726.798942,788.706031,0.590,0.159,3.661
736,0.736000,708873.375592,-1430337.759691,-721464.384100,1.013160e-03,-1099.910247,727.073035,789.283442,0.588,0.149,3.627
737,0.737000,708860.825322,-1430326.079537,-721465.254215,1.011955e-03,-1099.718085,727.383679,789.904578,0.588,0.149,3.675
738,0.738000,708849.831932,-1430314.531041,-721464.699109,1.012724e-03,-1099.504480,727.736137,790.508982,0.588,0.174,3.610
739,0.739000,708837.680163,-1430303.157717,-721465.477553,1.011646e-03,-1099.348491,728.098581,791.132189,0.593,0.180,3.741
740,0.740000,708824.989883,-1430292.014103,-721467.024220,1.009505e-03,-1099.169336,728.377093,791.787733,0.590,0.141,3.616
741,0.741000,708812.594582,-1430281.143943,-721468.549362,1.007393e-03,-1098.977383,728.658860,792.464101,0.589,0.142,3.600
742,0.742000,708800.124507,-1430270.584671,-721470.460164,1.004747e-03,-1098.803569,728.950225,793.121306,0.595,0.202,3.715
743,0.743000,708787.584183,-1430260.352196,-721472.768013,1.001551e-03,-1098.666108,729.176635,793.695668,0.639,0.417,4.633
744,0.744000,708773.313136,-1430250.444457,-721477.131322,9.955096e-04,-1098.557510,729.490439,794.263736,0.591,0.139,3.626
745,0.745000,708760.386578,-1430240.843854,-721480.457276,9.909043e-04,-1098.486472,729.746834,794.855036,0.589,0.134,40.865
746,0.746000,708748.947196,-1430231.513450,-721482.566254,9.879840e-04,-1098.408565,729.934355,795.450455,3.809,0.520,9.296
747,0.747000,708738.026623,-1430222.406245,-721484.379622,9.854731e-04,-1098.311179,730.124790,796.036595,0.605,0.199,3.664
748,0.748000,708724.968945,-1430213.473022,-721488.504077,9.797621e-04,-1098.251845,730.364801,796.636940,0.586,0.143,3.619
749,0.749000,708711.307051,-1430204.653647,-721493.346595,9.730569e-04,-1098.195576,730.670744,797.274582,2.331,0.428,4.109
750,0.750000,708697.358188,-1430195.899436,-721498.541248,9.658640e-04,-1098.158099,730.987970,797.854051,0.594,0.194,3.689
751,0.751000,708684.148988,-1430187.164505,-721503.015517,9.596686e-04,-1098.106374,731.360875,798.423291,0.602,0.181,3.698
752,0.752000,708671.394352,-1430178.409009,-721507.014657,9.541312e-04,-1098.000744,731.663558,798.930400,0.590,0.158,3.692
753,0.753000,708659.034439,-1430169.601487,-721510.567047,9.492123e-04,-1097.829236,732.014525,799.441842,2.444,0.291,6.691
754,0.754000,708645.729905,-1430160.726039,-721514.996134,9.430795e-04,-1097.687880,732.423293,799.943313,0.600,0.439,3.962
755,0.755000,708631.953680,-1430151.768869,-721519.815190,9.364067e-04,-1097.560925,732.875441,800.519087,0.587,0.154,3.571
756,0.756000,708617.958287,-1430142.710101,-721524.751814,9.295711e-04,-1097.415212,733.386474,801.038526,0.594,0.162,3.704
757,0.757000,708605.545874,-1430133.539981,-721527.994107,9.250817e-04,-1097.325618,733.876657,801.583902,0.589,0.149,3.643
758,0.758000,708594.539996,-1430124.252696,-721529.712700,9.227020e-04,-1097.266678,734.327182,802.091932,0.590,0.157,3.715
759,0.759000,708585.700826,-1430114.841727,-721529.140901,9.234937e-04,-1097.293347,734.731445,802.583512,0.926,0.176,3.710
760,0.760000,708576.344745,-1430105.298370,-721528.953625,9.237530e-04,-1097.359774,735.122196,803.019356,0.573,0.190,6.928
761,0.761000,708566.787558,-1430095.610494,-721528.822936,9.239340e-04,-1097.425645,735.494070,803.494015,0.597,0.161,3.654
762,0.762000,708556.453694,-1430085.758871,-721529.305176,9.232663e-04,-1097.503939,735.905537,804.013772,0.665,0.307,5.046
763,0.763000,708546.417469,-1430075.736563,-721529.319094,9.232470e-04,-1097.588735,736.229065,804.534447,0.598,0.179,3.705
764,0.764000,708536.130465,-1430065.553570,-721529.423105,9.231030e-04,-1097.649281,736.537953,805.013997,0.585,0.193,3.631
765,0.765000,708524.466869,-1430055.224661,-721530.757792,9.212549e-04,-1097.773956,736.927421,805.499248,0.588,7.637,3.609
766,0.766000,708512.537506,-1430044.772497,-721532.234991,9.192095e-04,-1097.888793,737.209083,806.075195,0.595,0.155,3.662
767,0.767000,708500.188536,-1430034.212910,-721534.024374,9.167318e-04,-1098.049249,737.495463,806.639159,0.589,0.147,3.733
768,0.768000,708488.087654,-1430023.576988,-721535.489334,9.147033e-04,-1098.090396,737.757424,807.252728,0.588,0.155,3.702
769,0.769000,708474.333189,-1430012.886995,-721538.553806,9.104600e-04,-1098.210186,738.049056,807.863967,0.586,0.148,3.639
770,0.770000,708461.249317,-1430002.157607,-721540.908290,9.071998e-04,-1098.311002,738.308181,808.449470,2.619,0.367,5.963
771,0.771000,708448.457973,-1429991.402561,-721542.944589,9.043802e-04,-1098.384584,738.604032,809.015620,0.589,0.142,3.609
772,0.772000,708435.415001,-1429980.613702,-721545.198701,9.012591e-04,-1098.468315,738.853296,809.647939,0.593,0.161,4.825
773,0.773000,708422.396916,-1429969.777702,-721547.380786,8.982376e-04,-1098.546528,739.045450,810.296912,0.595,0.166,3.700
774,0.774000,708410.122121,-1429958.876320,-721548.754199,8.963359e-04,-1098.609407,739.218792,810.922807,0.586,0.232,3.634
775,0.775000,708397.347926,-1429947.890582,-721550.542656,8.938595e-04,-1098.690682,739.290726,811.583534,0.596,0.234,4.275
776,0.776000,708385.203565,-1429936.792436,-721551.588871,8.924108e-04,-1098.732943,739.276500,812.307653,0.617,0.190,6.612
777,0.777000,708371.778047,-1429925.558955,-721553.780907,8.893756e-04,-1098.817014,739.231483,812.937938,0.949,0.190,4.752
778,0.778000,708357.433160,-1429914.171637,-721556.738477,8.852803e-04,-1098.861961,739.218987,813.510397,0.604,0.170,3.681
779,0.779000,708342.657992,-1429902.606265,-721559.948273,8.808358e-04,-1098.945171,739.179403,814.056463,0.590,0.142,3.691
780,0.780000,708329.281452,-1429890.836334,-721561.554882,8.786112e-04,-1099.052151,739.161197,814.660121,0.590,0.167,3.687
781,0.781000,708316.874881,-1429878.834391,-721561.959510,8.780509e-04,-1099.250179,739.253790,815.293896,0.587,0.146,3.642
782,0.782000,708305.597070,-1429866.582072,-721560.985003,8.794003e-04,-1099.407299,739.361722,815.943303,0.587,0.160,3.613
783,0.783000,708293.826512,-1429854.064538,-721560.238026,8.804346e-04,-1099.625777,739.492293,816.538090,0.604,0.198,3.743
784,0.784000,708284.148438,-1429841.280806,-721557.132368,8.847349e-04,-1099.864186,739.667273,817.085738,0.592,0.158,3.626
785,0.785000,708275.003203,-1429828.219320,-721553.216118,8.901576e-04,-1100.135457,739.831294,817.710919,0.621,0.200,3.779
786,0.786000,708266.090166,-1429814.887916,-721548.797750,8.962756e-04,-1100.395268,739.947985,818.149998,0.592,0.161,3.673
787,0.787000,708256.631082,-1429801.293004,-721544.661922,9.020023e-04,-1100.692461,740.093843,818.558043,0.607,0.199,5.261
788,0.788000,708247.864049,-1429787.438511,-721539.574462,9.090467e-04,-1100.956615,740.219337,819.000050,0.606,0.212,3.592
789,0.789000,708237.312060,-1429773.323876,-721536.011816,9.139798e-04,-1101.263263,740.268462,819.390424,0.604,0.176,5.944
790,0.790000,708225.943385,-1429758.940307,-721532.996922,9.181544e-04,-1101.617905,740.319748,819.701265,0.559,0.152,3.583
791,0.791000,708214.470440,-1429744.282381,-721529.811941,9.225646e-04,-1101.912906,740.389361,819.920999,0.600,0.184,3.628
792,0.792000,708203.031924,-1429729.350643,-721526.318719,9.274015e-04,-1102.178054,740.389225,820.211011,0.591,0.153,5.136
793,0.793000,708192.031255,-1429714.135430,-721522.104174,9.332372e-04,-1102.437851,740.343393,820.547042,0.596,0.161,3.811
794,0.794000,708180.305495,-1429698.630548,-721518.325053,9.384701e-04,-1102.754857,740.414161,820.911530,0.603,0.199,3.689
795,0.795000,708167.399833,-1429682.830646,-721515.430813,9.424776e-04,-1103.039692,740.455341,821.237912,0.583,0.131,3.603
796,0.796000,708154.750006,-1429666.742997,-721511.992991,9.472379e-04,-1103.330595,740.603192,821.559614,0.589,0.167,3.711
797,0.797000,708141.399750,-1429650.366038,-721508.966288,9.514288e-04,-1103.628812,740.786501,821.937724,0.571,0.190,3.619
798,0.798000,708126.573689,-1429633.699128,-721507.125438,9.539778e-04,-1103.946858,741.006920,822.344116,0.588,0.141,3.985
799,0.799000,708110.050891,-1429616.746280,-721506.695389,9.545733e-04,-1104.305533,741.180404,822.744557,0.587,0.152,3.611
800,0.800000,708093.129913,-1429599.515242,-721506.385328,9.550026e-04,-1104.619021,741.341416,823.140373,0.592,0.160,3.748
801,0.801000,708075.308556,-1429582.008344,-721506.699788,9.545672e-04,-1104.912979,741.492156,823.562900,0.608,4.004,3.647
802,0.802000,708055.869090,-1429564.224551,-721508.355462,9.522746e-04,-1105.285654,741.690857,824.014433,0.594,0.201,3.720
803,0.803000,708035.464336,-1429546.160465,-721510.696129,9.490336e-04,-1105.668911,741.917765,824.475857,0.609,0.147,17.127
804,0.804000,708014.636585,-1429527.815109,-721513.178523,9.455963e-04,-1106.008271,742.190813,825.032637,0.613,0.150,3.700
805,0.805000,707993.470417,-1429509.179786,-721515.709368,9.420919e-04,-1106.310029,742.431719,825.557127,0.614,0.164,3.684
806,0.806000,707971.041420,-1429490.262732,-721519.221312,9.372290e-04,-1106.601104,742.743387,826.157281,0.590,0.161,3.677
807,0.807000,707947.752837,-1429471.072134,-721523.319297,9.315547e-04,-1106.936374,743.054934,826.756800,0.587,0.169,4.819
808,0.808000,707924.745490,-1429451.611891,-721526.866401,9.266432e-04,-1107.296523,743.359306,827.372110,1.459,0.459,3.884
809,0.809000,707902.077449,-1429431.891613,-721529.814164,9.225615e-04,-1107.721362,743.644768,827.840816,0.590,0.286,3.701
810,0.810000,707877.595342,-1429411.914368,-721534.319027,9.163238e-04,-1108.122773,743.913064,828.316927,1.270,1.278,7.493
811,0.811000,707851.647344,-1429391.688772,-721540.041428,9.084001e-04,-1108.493100,744.251031,828.830727,1.526,0.174,6.371
812,0.812000,707825.009547,-1429371.216129,-721546.206582,8.998635e-04,-1108.798705,744.604369,829.384214,0.586,0.153,3.668
813,0.813000,707797.630172,-1429350.500098,-721552.869926,8.906370e-04,-1109.152844,744.840936,829.974938,0.587,0.154,3.623
814,0.814000,707771.653348,-1429329.555677,-721557.902329,8.836688e-04,-1109.546077,745.154061,830.519301,0.610,0.154,3.613
815,0.815000,707746.988290,-1429308.402749,-721561.414460,8.788056e-04,-1109.945530,745.510419,831.073168,0.599,0.166,7.528
816,0.816000,707722.793094,-1429287.046421,-721564.253327,8.748748e-04,-1110.240682,745.883544,831.685253,0.591,0.158,3.627
817,0.817000,707699.473290,-1429265.517239,-721566.043949,8.723954e-04,-1110.571301,746.228155,832.359462,0.591,0.153,3.681
818,0.818000,707675.812531,-1429243.844245,-721568.031715,8.696430e-04,-1110.844108,746.603427,833.009227,0.600,0.147,3.756
819,0.819000,707651.337409,-1429222.062087,-721570.724678,8.659141e-04,-1111.085165,746.836670,833.729403,0.590,0.145,3.632
820,0.820000,707628.154782,-1429200.192879,-721572.038097,8.640955e-04,-1111.272127,747.018067,834.434749,0.586,0.138,3.726
821,0.821000,707603.164176,-1429178.266127,-721575.101952,8.598531e-04,-1111.552119,747.206706,835.083555,0.592,0.162,3.673
822,0.822000,707577.729859,-1429156.301267,-721578.571407,8.550490e-04,-1111.757048,747.464293,835.747658,0.606,0.139,3.720
823,0.823000,707550.905633,-1429134.323115,-721583.417483,8.483388e-04,-1111.937418,747.600198,836.432752,0.605,0.126,3.725
824,0.824000,707524.991758,-1429112.340973,-721587.349215,8.428947e-04,-1112.048899,747.738946,837.200122,0.596,0.215,3.598
825,0.825000,707498.305129,-1429090.348057,-721592.042929,8.363955e-04,-1112.112823,747.915353,837.895602,0.593,0.150,6.383
826,0.826000,707470.740072,-1429068.320804,-721597.580732,8.287275e-04,-1112.138458,748.022850,838.586974,0.612,0.174,3.636
827,0.827000,707444.496918,-1429046.234454,-721601.737536,8.229717e-04,-1112.188681,748.123980,839.195709,0.586,0.128,3.570
828,0.828000,707417.658565,-1429024.070584,-721606.412019,8.164991e-04,-1112.268911,748.177645,839.722615,0.602,0.175,3.801
829,0.829000,707392.269927,-1429001.794434,-721609.524508,8.121893e-04,-1112.320997,748.142207,840.191515,0.623,0.166,3.642
830,0.830000,707367.245717,-1428979.399206,-721612.153489,8.085491e-04,-1112.364897,748.132315,840.604115,2.637,0.778,3.756
831,0.831000,707342.036840,-1428956.886952,-721614.850112,8.048151e-04,-1112.421329,748.042819,840.924589,0.812,0.242,5.832
832,0.832000,707316.327677,-1428934.269433,-721617.941756,8.005343e-04,-1112.507483,747.957157,841.284440,0.579,0.189,3.568
833,0.833000,707289.926796,-1428911.558274,-721621.631478,7.954252e-04,-1112.511244,747.928939,841.683369,0.602,0.171,3.636
834,0.834000,707263.608880,-1428888.773865,-721625.164984,7.905325e-04,-1112.550597,747.939833,842.036262,0.591,0.162,3.595
835,0.835000,707237.888006,-1428865.935439,-721628.047434,7.865413e-04,-1112.604883,747.928042,842.497196,0.606,0.194,3.807
836,0.836000,707212.214990,-1428843.076355,-721630.861365,7.826449e-04,-1112.639542,747.840469,842.988744,0.584,0.168,3.544
837,0.837000,707188.207082,-1428820.208840,-721632.001758,7.810659e-04,-1112.632078,747.775463,843.529093,0.573,0.164,3.643
838,0.838000,707163.597661,-1428797.355558,-721633.757898,7.786342e-04,-1112.647744,747.720551,844.149124,0.597,0.149,3.651
839,0.839000,707139.337082,-1428774.526251,-721635.189169,7.766524e-04,-1112.568125,747.716873,844.839034,0.590,0.158,3.707
840,0.840000,707117.800355,-1428751.730295,-721633.929941,7.783960e-04,-1112.503119,747.786633,845.604551,0.597,0.170,3.626
841,0.841000,707096.885689,-1428728.981612,-721632.095923,7.809355e-04,-1112.363570,747.829382,846.303407,0.583,0.145,3.583
842,0.842000,707077.245885,-1428706.287821,-721629.041935,7.851642e-04,-1112.274534,747.969308,846.903856,0.596,0.147,3.634
843,0.843000,707059.022771,-1428683.655693,-721624.632922,7.912692e-04,-1112.153322,747.942273,847.537419,0.590,0.298,3.676
844,0.844000,707039.504159,-1428661.083493,-721621.579334,7.954974e-04,-1111.975951,748.010966,848.229610,3.779,1.827,6.976
845,0.845000,707020.747825,-1428638.571852,-721617.824026,8.006973e-04,-1111.797163,748.074478,848.947519,0.595,0.189,11.796
846,0.846000,707000.392931,-1428616.123766,-721615.730835,8.035956e-04,-1111.635508,748.065775,849.690647,0.589,0.156,3.675
847,0.847000,706980.009123,-1428593.735396,-721613.726273,8.063713e-04,-1111.445664,748.032019,850.369711,0.592,0.166,6.749
848,0.848000,706960.485147,-1428571.398384,-721610.913237,8.102664e-04,-1111.228858,748.010709,851.057190,0.591,0.148,3.595
849,0.849000,706940.487170,-1428549.096384,-721608.609214,8.134567e-04,-1111.048525,747.934612,851.752807,0.586,0.139,3.611
850,0.850000,706922.350252,-1428526.816933,-721604.466681,8.191927e-04,-1110.920937,747.861300,852.413045,0.605,0.157,3.816
851,0.851000,706904.157635,-1428504.545312,-721600.387677,8.248408e-04,-1110.742722,747.730223,853.120031,0.615,0.173,3.762
852,0.852000,706887.128798,-1428482.258683,-721595.129885,8.321211e-04,-1110.516188,747.655372,853.739364,0.590,0.150,3.611
853,0.853000,706869.069558,-1428459.928639,-721590.859081,8.380347e-04,-1110.374263,747.621235,854.406128,0.602,0.128,3.645
854,0.854000,706850.997141,-1428437.541296,-721586.544155,8.440094e-04,-1110.179873,747.510890,855.052979,0.609,0.214,3.713
855,0.855000,706833.775243,-1428415.081221,-721581.305978,8.512625e-04,-1110.023290,747.423004,855.702459,0.592,0.156,3.672
856,0.856000,706815.863735,-1428392.540001,-721576.676266,8.576732e-04,-1109.825365,747.354692,856.387885,0.614,0.169,3.781
857,0.857000,706797.041171,-1428369.917569,-721572.876398,8.629347e-04,-1109.567313,747.321985,857.078125,0.593,0.157,3.624
858,0.858000,706777.234221,-1428347.238996,-721570.004775,8.669109e-04,-1109.428627,747.299177,857.732449,0.609,0.163,3.797
859,0.859000,706757.402521,-1428324.525399,-721567.122878,8.709014e-04,-1109.263620,747.270396,858.367379,0.611,0.160,3.688
860,0.860000,706737.834910,-1428301.804926,-721563.970016,8.752671e-04,-1109.080073,747.137837,858.964337,0.595,0.151,3.674
861,0.861000,706717.663172,-1428279.112985,-721561.449813,8.787567e-04,-1108.861714,747.049612,859.601217,0.589,0.154,3.594
862,0.862000,706698.977444,-1428256.486544,-721557.509100,8.842133e-04,-1108.682349,746.984783,860.173284,0.590,0.145,3.835
863,0.863000,706680.543942,-1428233.968234,-721553.424292,8.898694e-04,-1108.513611,746.899367,860.756283,0.620,0.198,3.657
864,0.864000,706662.201795,-1428211.602967,-721549.401172,8.954400e-04,-1108.317592,746.775674,861.305098,0.591,0.176,3.823
865,0.865000,706642.888763,-1428189.434936,-721546.546173,8.993933e-04,-1108.133323,746.618608,861.921028,0.594,0.173,3.683
866,0.866000,706624.799199,-1428167.512326,-721542.713126,9.047007e-04,-1107.932088,746.548535,862.539930,0.600,0.174,3.708
867,0.867000,706608.230382,-1428145.875844,-721537.645462,9.117178e-04,-1107.720406,746.465393,863.103368,0.587,0.138,3.592
868,0.868000,706589.664953,-1428124.556831,-721534.891878,9.155306e-04,-1107.493089,746.446487,863.686277,0.607,0.183,24.836
869,0.869000,706571.557513,-1428103.576011,-721532.018498,9.195092e-04,-1107.273963,746.480140,864.169040,0.622,0.202,4.064
870,0.870000,706554.759485,-1428082.954751,-721528.195266,9.248031e-04,-1107.045870,746.360271,864.653826,0.609,0.237,3.720
871,0.871000,706538.395891,-1428062.696024,-721524.300133,9.301966e-04,-1106.958982,746.315633,865.110587,0.582,0.139,5.076
872,0.872000,706520.242287,-1428042.806571,-721522.564284,9.326001e-04,-1106.802096,746.365788,865.623938,0.917,0.174,4.495
873,0.873000,706502.326285,-1428023.282817,-721520.956532,9.348263e-04,-1106.592968,746.407281,866.161409,0.587,0.143,7.664
874,0.874000,706486.119971,-1428004.109595,-721517.989624,9.389345e-04,-1106.283970,746.432190,866.631410,0.589,0.177,4.701
875,0.875000,706471.723216,-1427985.264888,-721513.541672,9.450934e-04,-1105.948508,746.447849,867.094731,0.583,0.167,3.588
876,0.876000,706456.630090,-1427966.727448,-721510.097358,9.498627e-04,-1105.610492,746.451465,867.588720,0.592,0.160,3.680
877,0.877000,706442.154804,-1427948.466653,-721506.311848,9.551043e-04,-1105.238340,746.469344,868.182260,0.591,0.148,3.620
878,0.878000,706427.571540,-1427930.449765,-721502.878226,9.598588e-04,-1104.831959,746.448899,868.679939,0.583,0.146,3.577
879,0.879000,706413.036405,-1427912.634437,-721499.598032,9.644007e-04,-1104.489222,746.335646,869.316960,0.581,0.158,3.597
880,0.880000,706401.263638,-1427894.962985,-721493.699347,9.725684e-04,-1104.125199,746.245513,869.982017,0.588,0.170,3.602
881,0.881000,706390.744442,-1427877.375641,-721486.631199,9.823554e-04,-1103.683141,746.203042,870.581811,0.604,0.146,3.688
882,0.882000,706378.079642,-1427859.805256,-721481.725615,9.891480e-04,-1103.264930,746.046442,871.167782,0.586,0.149,3.662
883,0.883000,706365.170752,-1427842.182299,-721477.011547,9.956754e-04,-1102.828603,745.931693,871.732279,1.132,0.558,4.513
884,0.884000,706351.644540,-1427824.433383,-721472.788843,1.001522e-03,-1102.354174,745.813216,872.358761,0.593,0.180,3.714
885,0.885000,706338.241299,-1427806.499749,-721468.258450,1.007796e-03,-1101.887511,745.696987,872.908150,0.619,0.183,4.064
886,0.886000,706322.735698,-1427788.332885,-721465.597187,1.011481e-03,-1101.482712,745.615867,873.501292,0.581,0.144,3.582
887,0.887000,706309.056997,-1427769.905992,-721460.848995,1.018055e-03,-1101.047961,745.487865,874.146918,0.590,0.158,3.595
888,0.888000,706294.937602,-1427751.204631,-721456.267029,1.024400e-03,-1100.586190,745.406755,874.764647,0.601,0.180,3.744
889,0.889000,706280.888082,-1427732.238684,-721451.350602,1.031207e-03,-1100.063527,745.344207,875.376083,0.587,0.154,3.704
890,0.890000,706267.634035,-1427713.027212,-721445.393177,1.039456e-03,-1099.568922,745.214812,876.020904,0.586,0.151,3.834
891,0.891000,706254.649200,-1427693.612786,-721438.963586,1.048359e-03,-1099.089078,745.157550,876.640195,0.580,0.136,16.517
892,0.892000,706241.453872,-1427674.034916,-721432.581043,1.057197e-03,-1098.677605,745.156343,877.309739,0.592,0.154,3.606
893,0.893000,706226.214719,-1427654.360253,-721428.145534,1.063339e-03,-1098.300474,745.114136,877.999755,0.589,0.187,3.757
894,0.894000,706211.891240,-1427634.670830,-721422.779591,1.070769e-03,-1097.968189,745.156509,878.680515,0.587,0.163,3.634
895,0.895000,706198.343794,-1427615.049808,-721416.706014,1.079178e-03,-1097.647005,745.148126,879.305222,0.571,0.199,5.278
896,0.896000,706184.265687,-1427595.592612,-721411.326925,1.086627e-03,-1097.324937,745.092000,879.843549,0.614,0.181,3.652
897,0.897000,706171.443015,-1427576.402664,-721404.959648,1.095443e-03,-1096.967719,745.082738,880.339088,0.597,0.175,3.901
898,0.898000,706159.553939,-1427557.569759,-721398.015819,1.105058e-03,-1096.700394,745.047027,880.900549,0.596,0.187,3.662
899,0.899000,706146.820353,-1427539.184286,-721392.363933,1.112884e-03,-1096.466212,745.021395,881.509583,0.587,0.160,3.650
900,0.900000,706134.939909,-1427521.319183,-721386.379273,1.121171e-03,-1096.242120,744.973472,882.175402,0.604,0.196,3.681
901,0.901000,706122.250895,-1427504.039839,-721381.788944,1.127527e-03,-1095.962670,744.949506,882.786234,0.584,0.146,3.641
902,0.902000,706112.241922,-1427487.402795,-721375.160873,1.136705e-03,-1095.702770,744.961263,883.396205,0.606,0.158,3.699
903,0.903000,706101.226240,-1427471.452149,-721370.225909,1.143538e-03,-1095.484765,744.928275,883.955659,0.606,0.146,3.726
904,0.904000,706090.696285,-1427456.208295,-721365.512010,1.150065e-03,-1095.213208,744.806876,884.515992,0.583,0.154,3.674
905,0.905000,706080.438879,-1427441.680796,-721361.241918,1.155978e-03,-1094.969652,744.681220,885.073881,0.589,0.247,3.682
906,0.906000,706070.147072,-1427427.863926,-721357.716854,1.160859e-03,-1094.719670,744.551021,885.644209,0.588,0.149,3.637
907,0.907000,706061.092991,-1427414.745957,-721353.652966,1.166486e-03,-1094.524180,744.458129,886.202433,0.608,0.166,3.721
908,0.908000,706054.279741,-1427402.296716,-721348.016975,1.174290e-03,-1094.373185,744.427863,886.795221,0.607,0.152,3.721
909,0.909000,706048.087916,-1427390.494882,-721342.406966,1.182058e-03,-1094.146354,744.457210,887.421898,0.752,0.145,3.714
910,0.910000,706042.909863,-1427379.308683,-721336.398820,1.190377e-03,-1093.854618,744.581187,887.956712,0.588,0.155,3.623
911,0.911000,706036.072639,-1427368.705114,-721332.632475,1.195592e-03,-1093.610822,744.640795,888.501728,0.611,0.166,17.364
912,0.912000,706028.709446,-1427358.642497,-721329.933051,1.199330e-03,-1093.379884,744.768945,889.026633,0.615,0.163,8.370
913,0.913000,706021.714936,-1427349.078467,-721327.363531,1.202888e-03,-1093.076271,744.857801,889.553084,0.584,0.147,3.600
914,0.914000,706014.470583,-1427339.975451,-721325.504868,1.205462e-03,-1092.785252,744.987737,890.067108,0.592,0.158,3.655
915,0.915000,706008.395902,-1427331.300801,-721322.904899,1.209062e-03,-1092.394691,745.076513,890.621074,0.587,0.153,3.698
916,0.916000,706003.781740,-1427323.025166,-721319.243426,1.214132e-03,-1092.037384,745.110100,891.129201,0.595,0.162,3.648
917,0.917000,706000.379180,-1427315.106537,-721314.727357,1.220385e-03,-1091.752456,745.207373,891.681050,0.589,0.179,5.391
918,0.918000,705997.101912,-1427307.524937,-721310.423025,1.226345e-03,-1091.371016,745.387223,892.140435,0.616,0.170,3.723
919,0.919000,705993.812466,-1427300.269049,-721306.456583,1.231837e-03,-1091.031948,745.583927,892.574304,0.591,0.145,3.629
920,0.920000,705990.304343,-1427293.328336,-721303.023993,1.236590e-03,-1090.619778,745.774367,893.007527,0.615,0.176,4.319
921,0.921000,705986.678773,-1427286.699034,-721300.020261,1.240749e-03,-1090.170475,745.926527,893.445006,0.622,0.173,3.705
922,0.922000,705984.094157,-1427280.363475,-721296.269318,1.245943e-03,-1089.713555,746.096187,893.877395,0.586,0.178,3.664
923,0.923000,705981.557353,-1427274.308263,-721292.750910,1.250815e-03,-1089.273542,746.315383,894.298176,0.588,0.167,5.644
924,0.924000,705979.840417,-1427268.506967,-721288.666549,1.256470e-03,-1088.806102,746.539226,894.618838,0.591,0.148,3.634
925,0.925000,705978.028981,-1427262.934190,-721284.905210,1.261678e-03,-1088.322960,746.852982,894.961924,0.601,0.191,3.746
926,0.926000,705976.752311,-1427257.576747,-721280.824436,1.267329e-03,-1087.859915,747.112454,895.326789,2.628,0.683,25.942
927,0.927000,705973.871219,-1427252.424410,-721278.553192,1.270474e-03,-1087.514144,747.385936,895.660887,0.597,0.209,21.332
928,0.928000,705971.435703,-1427247.477551,-721276.041849,1.273951e-03,-1087.133236,747.631023,895.908429,0.595,0.178,3.733
929,0.929000,705970.375885,-1427242.749386,-721272.373502,1.279031e-03,-1086.727294,747.871423,896.177193,0.590,0.152,3.741
930,0.930000,705967.772303,-1427238.255828,-721270.483525,1.281648e-03,-1086.343119,748.077563,896.415438,0.596,0.167,3.639
931,0.931000,705968.334893,-1427234.000818,-721265.665926,1.288318e-03,-1085.978551,748.399940,896.641030,0.608,0.142,3.639
932,0.932000,705968.772357,-1427230.010092,-721261.237734,1.294450e-03,-1085.633664,748.609095,896.848916,0.596,0.183,64.038
933,0.933000,705969.625596,-1427226.284097,-721256.658501,1.300791e-03,-1085.256138,748.849187,897.055522,0.601,0.195,3.675
934,0.934000,705969.799261,-1427222.818456,-721253.019195,1.305830e-03,-1084.847062,749.034739,897.210599,0.584,0.135,3.587
935,0.935000,705971.915166,-1427219.600154,-721247.684988,1.313216e-03,-1084.447504,749.297058,897.370650,0.590,0.152,3.676
936,0.936000,705972.908737,-1427216.613569,-721243.704832,1.318727e-03,-1084.054690,749.544078,897.521761,0.608,0.171,3.738
937,0.937000,705975.078778,-1427213.824541,-721238.745763,1.325594e-03,-1083.679663,749.805887,897.711700,0.598,0.196,3.752
938,0.938000,705978.298123,-1427211.198284,-721232.900161,1.333688e-03,-1083.294030,750.039167,897.915769,0.602,0.166,3.791
939,0.939000,705982.216269,-1427208.698189,-721226.481920,1.342575e-03,-1082.882328,750.306961,898.121944,5.036,0.335,12.620
940,0.940000,705986.275477,-1427206.290723,-721220.015246,1.351529e-03,-1082.559655,750.638737,898.346839,0.608,0.247,3.599
941,0.941000,705990.485373,-1427203.932364,-721213.446991,1.360624e-03,-1082.135591,750.925609,898.594259,0.632,0.224,3.827
942,0.942000,705994.428768,-1427201.589930,-721207.161162,1.369328e-03,-1081.796919,751.220660,898.859738,0.616,0.174,3.680
943,0.943000,705999.045046,-1427199.244218,-721200.199172,1.378968e-03,-1081.399237,751.540295,899.084819,0.594,0.185,3.679
944,0.944000,706002.940571,-1427196.879304,-721193.938733,1.387637e-03,-1081.081532,751.891236,899.260353,0.581,0.216,3.519
945,0.945000,706007.282480,-1427194.476398,-721187.193918,1.396976e-03,-1080.844307,752.241957,899.455086,0.589,0.163,3.666
946,0.946000,706010.679070,-1427192.025182,-721181.346113,1.405073e-03,-1080.582263,752.546759,899.718332,0.580,0.205,3.577
947,0.947000,706013.236917,-1427189.525141,-721176.288224,1.412077e-03,-1080.348296,752.870987,900.010841,0.597,0.194,3.649
948,0.948000,706017.299933,-1427186.969791,-721169.669857,1.421241e-03,-1080.258540,753.164815,900.297637,0.591,0.150,6.760
949,0.949000,706020.067757,-1427184.368053,-721164.300296,1.428676e-03,-1080.236662,753.527917,900.661867,0.614,0.154,3.701
950,0.950000,706022.292095,-1427181.728939,-721159.436844,1.435410e-03,-1080.135597,753.826895,901.046527,0.617,0.180,10.153
951,0.951000,706023.885547,-1427179.082288,-721155.196740,1.441281e-03,-1080.033125,754.056677,901.448884,1.524,0.176,15.108
952,0.952000,706025.468912,-1427176.456539,-721150.987627,1.447110e-03,-1079.935887,754.294028,901.849096,0.610,0.157,3.676
953,0.953000,706027.774154,-1427173.913113,-721146.138959,1.453823e-03,-1079.772762,754.505893,902.295642,0.618,0.189,4.866
954,0.954000,706028.945977,-1427171.504505,-721142.558528,1.458781e-03,-1079.614848,754.665000,902.743403,0.599,0.192,3.847
955,0.955000,706030.351134,-1427169.287256,-721138.936122,1.463797e-03,-1079.456632,754.805761,903.190565,0.623,0.179,3.788
956,0.956000,706031.044812,-1427167.326762,-721136.281949,1.467472e-03,-1079.233590,754.957330,903.662019,0.613,0.204,3.789
957,0.957000,706032.896479,-1427165.673711,-721132.777232,1.472325e-03,-1079.013658,755.098787,904.078371,0.609,0.149,3.726
958,0.958000,706034.258952,-1427164.377348,-721130.118396,1.476006e-03,-1078.820189,755.292142,904.577465,0.597,0.158,3.664
959,0.959000,706037.257438,-1427163.492541,-721126.235103,1.481383e-03,-1078.583018,755.451894,905.088386,0.596,0.169,5.250
960,0.960000,706040.639194,-1427163.073949,-721122.434755,1.486646e-03,-1078.380314,755.609371,905.546020,0.610,0.186,28.768
961,0.961000,706044.041333,-1427163.175817,-721119.134484,1.491215e-03,-1078.242892,755.810052,905.925235,0.618,0.217,3.798
962,0.962000,706049.023730,-1427163.853962,-721114.830232,1.497175e-03,-1078.094335,755.936946,906.409886,0.596,0.197,3.688
963,0.963000,706052.660565,-1427165.163715,-721112.503150,1.500398e-03,-1077.987604,756.033125,906.969252,0.596,0.213,5.532
964,0.964000,706055.494940,-1427167.158316,-721111.663377,1.501560e-03,-1077.843321,756.125574,907.465129,0.623,0.196,3.894
965,0.965000,706059.164052,-1427169.878075,-721110.714023,1.502875e-03,-1077.661950,756.309725,907.974480,0.767,0.494,4.418
966,0.966000,706065.676368,-1427173.344106,-721107.667738,1.507093e-03,-1077.453445,756.473965,908.534491,0.593,0.202,3.695
967,0.967000,706072.335157,-1427177.562243,-721105.227086,1.510473e-03,-1077.241933,756.701803,909.070864,0.592,0.151,6.306
968,0.968000,706081.485590,-1427182.526554,-721101.040964,1.516269e-03,-1077.021137,756.909793,909.647081,0.599,0.202,3.613
969,0.969000,706092.355468,-1427188.205647,-721095.850178,1.523456e-03,-1076.770814,757.129945,910.192145,0.592,0.201,3.673
970,0.970000,706104.014422,-1427194.565764,-721090.551342,1.530794e-03,-1076.540420,757.371752,910.762511,0.587,0.144,3.589
971,0.971000,706115.984402,-1427201.567605,-721085.583203,1.537673e-03,-1076.262209,757.591256,911.318528,0.590,0.158,3.688
972,0.972000,706129.838477,-1427209.173659,-721079.335182,1.546324e-03,-1076.038548,757.792816,911.855971,0.586,0.147,3.645
973,0.973000,706144.214830,-1427217.349815,-721073.134985,1.554909e-03,-1075.882477,757.979841,912.280123,0.585,0.168,3.672
974,0.974000,706158.987820,-1427226.074859,-721067.087039,1.563284e-03,-1075.664698,758.189664,912.698010,4.597,1.917,3.971
975,0.975000,706175.429318,-1427235.341480,-721059.912161,1.573219e-03,-1075.417701,758.502588,913.104068,0.590,0.180,3.676
976,0.976000,706191.080805,-1427245.134838,-721054.054033,1.581330e-03,-1075.128581,758.819207,913.479926,0.591,0.154,3.682
977,0.977000,706208.301265,-1427255.439834,-721047.138569,1.590906e-03,-1074.889241,759.298486,913.782444,0.616,0.208,5.306
978,0.978000,706225.598197,-1427266.231310,-721040.633113,1.599914e-03,-1074.684671,759.798649,914.100182,0.586,0.161,3.715
979,0.979000,706244.191461,-1427277.483550,-721033.292088,1.610078e-03,-1074.448243,760.345138,914.366957,0.614,0.154,3.737
980,0.980000,706263.210117,-1427289.167802,-721025.957685,1.620234e-03,-1074.245011,760.905568,914.643700,0.595,0.187,3.729
981,0.981000,706283.634852,-1427301.252232,-721017.617380,1.631783e-03,-1074.027165,761.453739,914.881671,0.573,0.158,3.581
982,0.982000,706304.235128,-1427313.714554,-721009.479426,1.643051e-03,-1073.886708,761.933096,915.110530,1.159,0.181,3.833
983,0.983000,706324.149923,-1427326.538140,-721002.388217,1.652870e-03,-1073.736519,762.424966,915.357335,0.593,0.169,3.692
984,0.984000,706342.972378,-1427339.714719,-720996.742341,1.660688e-03,-1073.555249,762.942960,915.626608,0.592,0.159,3.636
985,0.985000,706360.482896,-1427353.250158,-720992.767262,1.666192e-03,-1073.340673,763.422216,915.907709,0.589,0.155,3.654
986,0.986000,706377.866282,-1427367.145138,-720989.278856,1.671022e-03,-1073.074667,763.843651,916.227972,0.622,0.184,3.703
987,0.987000,706395.917003,-1427381.403662,-720985.486658,1.676273e-03,-1072.832375,764.258396,916.569761,0.596,0.284,3.629
988,0.988000,706415.492452,-1427396.013826,-720980.521374,1.683148e-03,-1072.688469,764.648398,916.894099,0.609,0.154,3.715
989,0.989000,706436.474031,-1427410.977338,-720974.503307,1.691481e-03,-1072.579686,765.014472,917.224849,0.603,0.136,12.300
990,0.990000,706457.921556,-1427426.285180,-720968.363625,1.699983e-03,-1072.437072,765.445914,917.503069,0.613,0.162,3.772
991,0.991000,706479.313017,-1427441.931409,-720962.618392,1.707938e-03,-1072.248656,765.822772,917.850194,0.607,0.161,3.655
992,0.992000,706498.780355,-1427457.891320,-720959.110965,1.712795e-03,-1072.127713,766.182775,918.186004,0.592,0.170,3.666
993,0.993000,706518.387196,-1427474.141541,-720955.754345,1.717442e-03,-1072.026651,766.453246,918.485045,0.613,0.157,4.989
994,0.994000,706539.241484,-1427490.651259,-720951.409774,1.723458e-03,-1071.917076,766.607087,918.758321,0.591,0.203,3.626
995,0.995000,706559.056908,-1427507.378478,-720948.321570,1.727734e-03,-1071.780149,766.682090,919.018604,0.625,0.211,77.586
996,0.996000,706579.264291,-1427524.289215,-720945.024924,1.732299e-03,-1071.684428,766.713022,919.277542,0.597,0.162,20.027
997,0.997000,706599.507031,-1427541.351225,-720941.844194,1.736703e-03,-1071.603841,766.778636,919.612195,0.608,2.596,18.249
998,0.998000,706618.788961,-1427558.536733,-720939.747772,1.739606e-03,-1071.489858,766.879921,919.930320,0.618,0.198,3.694
999,0.999000,706640.264065,-1427575.830804,-720935.566739,1.745395e-03,-1071.375715,766.968663,920.228630,0.586,0.156,3.668
1000,1.000000,706663.253862,-1427593.241294,-720929.987432,1.753121e-03,-1071.233298,767.050644,920.473052,0.592,0.171,62.259
1001,1.001000,706686.528155,-1427610.785728,-720924.257574,1.761055e-03,-1071.127797,767.083209,920.689353,0.589,0.165,3.624
1002,1.002000,706708.722381,-1427628.490961,-720919.768580,1.767271e-03,-1071.081148,767.063390,921.007470,0.600,0.184,3.631
1003,1.003000,706731.908225,-1427646.401678,-720914.493453,1.774575e-03,-1071.008738,767.006956,921.304408,0.589,0.167,3.577
1004,1.004000,706754.797242,-1427664.564119,-720909.766877,1.781120e-03,-1070.969841,767.006184,921.598540,0.603,0.173,3.673
1005,1.005000,706775.438966,-1427683.036901,-720907.597935,1.784123e-03,-1071.014457,767.084239,921.911076,0.585,0.153,3.593
1006,1.006000,706795.870381,-1427701.883311,-720906.012930,1.786318e-03,-1071.014966,767.079954,922.347477,0.593,0.176,3.772
1007,1.007000,706816.961473,-1427721.153542,-720904.192069,1.788839e-03,-1070.931510,767.035863,922.749427,0.618,0.206,3.749
1008,1.008000,706837.140995,-1427740.892824,-720903.751829,1.789448e-03,-1070.734960,767.029065,923.203179,0.598,0.177,4.995
1009,1.009000,706859.674752,-1427761.121913,-720901.447161,1.792640e-03,-1070.577108,767.041809,923.663727,0.588,0.149,3.657
1010,1.010000,706883.317398,-1427781.870892,-720898.553493,1.796646e-03,-1070.408876,767.019922,924.153427,0.602,0.268,6.134
1011,1.011000,706906.859930,-1427803.142142,-720896.282212,1.799791e-03,-1070.204145,767.124597,924.566371,0.584,0.161,3.587
1012,1.012000,706931.468691,-1427824.933458,-720893.464766,1.803693e-03,-1070.046339,767.184073,924.941123,0.587,0.166,3.700
1013,1.013000,706958.002315,-1427847.233427,-720889.231112,1.809555e-03,-1069.886602,767.261937,925.363685,0.594,0.163,5.324
1014,1.014000,706985.599568,-1427870.034660,-720884.435092,1.816196e-03,-1069.655756,767.294522,925.723127,1.106,0.148,71.664
1015,1.015000,707013.857066,-1427893.333492,-720879.476426,1.823062e-03,-1069.367114,767.297449,926.128840,0.586,0.161,3.768
1016,1.016000,707043.896413,-1427917.136853,-720873.240440,1.831696e-03,-1069.066929,767.350757,926.559023,0.591,0.157,3.774
1017,1.017000,707074.899241,-1427941.456798,-720866.557557,1.840950e-03,-1068.744384,767.383585,927.036639,0.609,0.221,5.961
1018,1.018000,707105.418476,-1427966.318290,-720860.899814,1.848784e-03,-1068.427692,767.423812,927.561104,0.571,0.184,3.677
1019,1.019000,707137.478172,-1427991.755007,-720854.276836,1.857955e-03,-1068.201671,767.437953,928.168232,0.856,0.397,7.810
1020,1.020000,707170.020505,-1428017.810898,-720847.790393,1.866936e-03,-1067.942388,767.416660,928.769165,0.588,0.162,7.880
1021,1.021000,707202.013315,-1428044.518632,-720842.505318,1.874254e-03,-1067.700467,767.396438,929.303248,0.591,0.218,3.683
1022,1.022000,707234.393581,-1428071.911503,-720837.517922,1.881160e-03,-1067.501059,767.287090,929.833284,0.591,0.171,4.353
1023,1.023000,707266.644671,-1428100.008440,-720833.363769,1.886912e-03,-1067.296031,767.258464,930.421164,0.575,0.185,3.689
1024,1.024000,707302.089572,-1428128.807809,-720826.718238,1.896114e-03,-1067.089368,767.155299,930.956955,0.597,0.177,3.692
1025,1.025000,707337.459452,-1428158.300769,-720820.841318,1.904252e-03,-1066.765637,766.965934,931.482736,0.586,0.252,5.816
1026,1.026000,707372.174289,-1428188.456927,-720816.282638,1.910564e-03,-1066.425724,766.801660,932.009961,0.596,0.193,3.698
1027,1.027000,707408.498596,-1428219.239429,-720810.740832,1.918238e-03,-1066.135604,766.647404,932.534366,0.578,0.311,5.371
1028,1.028000,707444.535889,-1428250.600024,-720806.064135,1.924713e-03,-1065.801845,766.480973,933.121912,0.589,0.168,3.641
1029,1.029000,707479.753087,-1428282.491964,-720802.738877,1.929318e-03,-1065.556698,766.323941,933.716252,0.593,0.170,9.138
1030,1.030000,707514.726343,-1428314.865128,-720800.138785,1.932918e-03,-1065.343719,766.089665,934.350447,1.514,0.771,5.041
1031,1.031000,707550.089739,-1428347.673814,-720797.584075,1.936455e-03,-1065.157290,765.867935,934.998779,0.609,0.160,3.748
1032,1.032000,707584.866657,-1428380.890322,-720796.023665,1.938616e-03,-1064.925455,765.662416,935.630054,0.617,0.184,4.100
1033,1.033000,707618.518379,-1428414.494414,-720795.976035,1.938682e-03,-1064.626823,765.579440,936.241711,1.392,0.544,10.499
1034,1.034000,707652.035041,-1428448.462510,-720796.427468,1.938057e-03,-1064.339037,765.423289,936.799558,0.616,0.188,5.247
1035,1.035000,707685.145446,-1428482.785150,-720797.639704,1.936378e-03,-1064.038157,765.283141,937.413181,0.601,0.181,3.723
1036,1.036000,707719.714551,-1428517.452826,-720797.738275,1.936242e-03,-1063.813731,765.226106,938.080623,0.615,0.156,4.721
1037,1.037000,707755.237264,-1428552.450674,-720797.213410,1.936968e-03,-1063.587801,765.088706,938.754702,0.596,0.189,3.642
1038,1.038000,707792.382576,-1428587.757990,-720795.375414,1.939513e-03,-1063.416954,765.050969,939.412747,0.603,0.139,3.616
1039,1.039000,707828.013604,-1428623.343300,-720795.329696,1.939577e-03,-1063.254793,764.953724,940.022620,0.716,0.227,5.850
1040,1.040000,707863.001702,-1428659.186889,-720796.185187,1.938392e-03,-1063.130471,764.895447,940.517719,0.664,0.184,4.148
1041,1.041000,707897.419329,-1428695.255521,-720797.836192,1.936106e-03,-1062.989218,764.893890,940.999962,0.567,0.172,3.496
1042,1.042000,707933.596943,-1428731.515355,-720797.918412,1.935992e-03,-1062.849714,764.852698,941.524707,0.586,0.148,3.615
1043,1.043000,707969.969210,-1428767.938554,-720797.969345,1.935922e-03,-1062.684591,764.812645,942.005512,0.593,0.171,3.666
1044,1.044000,708007.464125,-1428804.509444,-720797.045319,1.937201e-03,-1062.564996,764.793186,942.437446,1.098,0.535,3.738
1045,1.045000,708044.680480,-1428841.217385,-720796.536905,1.937905e-03,-1062.428423,764.735366,942.843011,0.622,0.181,3.694
1046,1.046000,708082.746091,-1428878.060256,-720795.314166,1.939598e-03,-1062.233713,764.637621,943.212989,0.582,0.139,3.589
1047,1.047000,708122.306570,-1428915.042600,-720792.736030,1.943168e-03,-1061.977506,764.557196,943.611069,0.589,0.154,3.671
1048,1.048000,708162.071958,-1428952.156363,-720790.084404,1.946840e-03,-1061.751610,764.530477,944.001166,0.591,0.158,3.597
1049,1.049000,708203.613902,-1428989.416303,-720785.802401,1.952769e-03,-1061.575308,764.466926,944.414813,0.587,0.155,4.569
1050,1.050000,708245.115614,-1429026.833657,-720781.718042,1.958424e-03,-1061.408650,764.343084,944.859874,0.594,0.188,14.085
1051,1.051000,708285.661818,-1429064.435727,-720778.773909,1.962501e-03,-1061.287441,764.276313,945.303130,0.602,0.179,3.690
1052,1.052000,708327.098345,-1429102.234082,-720775.135737,1.967539e-03,-1061.089238,764.109020,945.734445,0.608,0.220,3.723
1053,1.053000,708368.371974,-1429140.252260,-720771.880287,1.972046e-03,-1060.837023,763.831302,946.088068,0.599,0.184,3.799
1054,1.054000,708408.559793,-1429178.509375,-720769.949581,1.974720e-03,-1060.590950,763.590967,946.448383,0.608,0.223,3.815
1055,1.055000,708449.424545,-1429217.018973,-720767.594427,1.977981e-03,-1060.375100,763.369396,946.797835,0.587,0.158,3.893
1056,1.056000,708490.350509,-1429255.794483,-720765.443973,1.980959e-03,-1060.098931,763.196629,947.143492,0.702,0.194,3.793
1057,1.057000,708532.101600,-1429294.862306,-720762.760706,1.984674e-03,-1059.770335,763.006113,947.510319,0.585,0.154,3.699
1058,1.058000,708572.783932,-1429334.238686,-720761.454754,1.986482e-03,-1059.453439,762.878706,947.844388,0.604,0.144,3.728
1059,1.059000,708611.978721,-1429373.946463,-720761.967742,1.985772e-03,-1059.210544,762.774703,948.120771,0.596,0.154,3.701
1060,1.060000,708650.725065,-1429414.000074,-720763.275009,1.983962e-03,-1059.017970,762.678049,948.465341,0.608,0.158,3.689
1061,1.061000,708689.830639,-1429454.412775,-720764.582136,1.982152e-03,-1058.745007,762.544225,948.720023,0.587,0.149,3.606
1062,1.062000,708729.316792,-1429495.195573,-720765.878782,1.980356e-03,-1058.483615,762.383737,948.999491,0.599,0.204,3.917
1063,1.063000,708768.804002,-1429536.357532,-720767.553530,1.978037e-03,-1058.266214,762.206620,949.296260,0.612,0.163,3.698
1064,1.064000,708807.912631,-1429577.900774,-720769.988143,1.974666e-03,-1058.038392,762.052506,949.663677,0.609,0.162,3.749
1065,1.065000,708847.056991,-1429619.826612,-720772.769622,1.970815e-03,-1057.753239,761.953771,950.054065,0.610,0.148,3.759
1066,1.066000,708886.959342,-1429662.128892,-720775.169550,1.967492e-03,-1057.479580,761.815415,950.390728,0.601,0.185,5.090
1067,1.067000,708927.461744,-1429704.810809,-720777.349065,1.964474e-03,-1057.213745,761.600190,950.742522,0.617,0.174,5.316
1068,1.068000,708967.497339,-1429747.875284,-720780.377946,1.960280e-03,-1057.000879,761.451119,951.159774,0.626,0.177,4.382
1069,1.069000,709007.821071,-1429791.331380,-720783.510309,1.955943e-03,-1056.738844,761.217272,951.611583,0.607,0.151,3.716
1070,1.070000,709050.015888,-1429835.207090,-720785.191203,1.953615e-03,-1056.561248,760.961222,951.962330,0.607,0.139,3.757
1071,1.071000,709093.929432,-1429879.531472,-720785.602040,1.953046e-03,-1056.384588,760.711898,952.253956,0.619,0.290,3.861
1072,1.072000,709137.115545,-1429924.342366,-720787.226820,1.950797e-03,-1056.090736,760.453459,952.641370,0.609,0.159,3.762
1073,1.073000,709180.484429,-1429969.674423,-720789.189994,1.948078e-03,-1055.775747,760.223461,953.052254,0.586,0.152,3.630
1074,1.074000,709226.568830,-1430015.559723,-720788.990893,1.948354e-03,-1055.475184,759.965093,953.537623,0.612,0.147,3.771
1075,1.075000,709275.121427,-1430062.012890,-720786.891464,1.951261e-03,-1055.135023,759.758106,953.926982,2.367,0.565,3.753
1076,1.076000,709324.032824,-1430109.048492,-720785.015668,1.953858e-03,-1054.743432,759.519661,954.358041,0.617,0.173,3.876
1077,1.077000,709373.734408,-1430156.663839,-720782.929431,1.956747e-03,-1054.270644,759.301182,954.816136,0.626,0.194,3.775
1078,1.078000,709423.242891,-1430204.839551,-720781.596659,1.958592e-03,-1053.829720,759.158266,955.268547,0.608,0.142,3.794
1079,1.079000,709473.388008,-1430253.545088,-720780.157080,1.960586e-03,-1053.435772,758.962003,955.705454,0.609,0.188,3.824
1080,1.080000,709522.394057,-1430302.727536,-720780.333479,1.960342e-03,-1053.074046,758.865390,956.137370,0.609,0.166,3.702
1081,1.081000,709571.110266,-1430352.331737,-720781.221471,1.959112e-03,-1052.756503,758.802648,956.565699,0.605,0.138,3.774
1082,1.082000,709619.643115,-1430402.298071,-720782.654956,1.957127e-03,-1052.421107,758.825397,956.938351,0.612,0.163,12.100
1083,1.083000,709667.593387,-1430452.555509,-720784.962123,1.953932e-03,-1052.042426,758.899824,957.335712,0.612,0.149,3.788
1084,1.084000,709717.159082,-1430503.027742,-720785.868660,1.952677e-03,-1051.723555,758.962826,957.779128,1.995,0.944,23.770
1085,1.085000,709766.199784,-1430553.644405,-720787.444621,1.950495e-03,-1051.380926,758.902167,958.196816,0.607,0.176,5.830
1086,1.086000,709816.262354,-1430604.323615,-720788.061261,1.949641e-03,-1051.012380,758.767626,958.592283,0.611,0.160,3.768
1087,1.087000,709866.541241,-1430654.982332,-720788.441091,1.949115e-03,-1050.752495,758.566193,958.966592,0.587,0.154,3.729
1088,1.088000,709918.351249,-1430705.538147,-720787.186898,1.950852e-03,-1050.397133,758.317995,959.450659,0.606,0.161,3.805
1089,1.089000,709969.916109,-1430755.918685,-720786.002576,1.952492e-03,-1050.002327,758.172676,959.880927,0.605,0.146,3.772
1090,1.090000,710021.034615,-1430806.063036,-720785.028421,1.953841e-03,-1049.689731,757.965144,960.278901,0.613,0.166,3.856
1091,1.091000,710072.188510,-1430855.908679,-720783.720169,1.955652e-03,-1049.390724,757.816208,960.653188,0.601,0.179,6.213
1092,1.092000,710123.744660,-1430905.399486,-720781.654826,1.958512e-03,-1049.103282,757.640439,960.976039,0.612,0.185,17.584
1093,1.093000,710174.657300,-1430954.483261,-720779.825961,1.961044e-03,-1048.820351,757.482752,961.261754,0.609,0.188,3.777
1094,1.094000,710226.427846,-1431003.112658,-720776.684812,1.965394e-03,-1048.627593,757.296057,961.521040,0.612,0.159,3.859
1095,1.095000,710277.842963,-1431051.263352,-720773.420390,1.969914e-03,-1048.427807,757.273659,961.767314,0.589,0.165,4.234
1096,1.096000,710328.824325,-1431098.927920,-720770.103595,1.974506e-03,-1048.223765,757.307824,962.028642,0.613,0.166,65.226
1097,1.097000,710378.735604,-1431146.126702,-720767.391098,1.978262e-03,-1048.120970,757.277079,962.328033,0.623,0.186,3.843
1098,1.098000,710426.887871,-1431192.896543,-720766.008672,1.980177e-03,-1047.949516,757.257127,962.584205,0.592,0.172,3.768
1099,1.099000,710474.531428,-1431239.301666,-720764.770239,1.981891e-03,-1047.807826,757.177024,962.820323,0.611,0.168,3.920
1100,1.100000,710522.227438,-1431285.427218,-720763.199780,1.984066e-03,-1047.633030,757.148124,963.132790,0.618,0.191,43.902
1101,1.101000,710569.486557,-1431331.360006,-720761.873450,1.985902e-03,-1047.474851,757.207606,963.489502,0.621,0.202,6.592
1102,1.102000,710616.961463,-1431377.184178,-720760.222715,1.988188e-03,-1047.291070,757.252243,963.808489,0.615,1.735,4.876
1103,1.103000,710665.129230,-1431422.981999,-720757.852768,1.991470e-03,-1047.189691,757.274831,964.204026,0.618,0.162,3.880
1104,1.104000,710715.480240,-1431468.811832,-720753.331592,1.997730e-03,-1047.059618,757.320254,964.585552,0.586,0.173,3.776
1105,1.105000,710767.246538,-1431514.721785,-720747.475247,2.005839e-03,-1046.861098,757.331686,964.922122,0.629,0.182,5.381
1106,1.106000,710818.467026,-1431560.740989,-720742.273963,2.013041e-03,-1046.677873,757.409643,965.305814,0.615,0.233,8.870
1107,1.107000,710868.341716,-1431606.901806,-720738.560090,2.018184e-03,-1046.496173,757.591052,965.707674,0.619,0.182,3.871
1108,1.108000,710919.480723,-1431653.223811,-720733.743087,2.024854e-03,-1046.347083,757.714810,966.059968,0.604,0.140,3.771
1109,1.109000,710970.769299,-1431699.719105,-720728.949806,2.031491e-03,-1046.202393,757.913220,966.412636,0.614,0.166,3.748
1110,1.110000,711021.648769,-1431746.381561,-720724.732792,2.037330e-03,-1046.032608,758.138526,966.760679,0.623,0.184,3.893
1111,1.111000,711072.802506,-1431793.200980,-720720.398474,2.043331e-03,-1045.824595,758.322467,967.102525,0.606,0.153,3.809
1112,1.112000,711124.510871,-1431840.155325,-720715.644454,2.049914e-03,-1045.675864,758.601164,967.430151,0.609,0.174,3.817
1113,1.113000,711175.386206,-1431887.231052,-720711.844846,2.055175e-03,-1045.502736,758.886589,967.820440,1.763,0.333,4.028
1114,1.114000,711226.385352,-1431934.424397,-720708.039045,2.060445e-03,-1045.344254,759.185199,968.258423,0.595,0.171,5.738
1115,1.115000,711277.087578,-1431981.721400,-720704.633822,2.065160e-03,-1045.178596,759.488772,968.743336,0.597,0.182,3.712
1116,1.116000,711327.946862,-1432029.123793,-720701.176931,2.069947e-03,-1044.996427,759.827052,969.165328,1.181,0.165,3.706
1117,1.117000,711378.398276,-1432076.655452,-720698.257176,2.073990e-03,-1044.867575,760.156564,969.574315,0.608,0.198,3.720
1118,1.118000,711429.838561,-1432124.337748,-720694.499187,2.079193e-03,-1044.759730,760.422588,970.049236,0.597,0.681,3.733
1119,1.119000,711481.872508,-1432172.203954,-720690.331445,2.084964e-03,-1044.714625,760.637721,970.490352,0.605,0.219,3.713
1120,1.120000,711531.345239,-1432220.303262,-720688.958022,2.086866e-03,-1044.633227,760.816328,970.903820,0.594,0.173,11.940
1121,1.121000,711579.368935,-1432268.679495,-720689.310560,2.086378e-03,-1044.588706,760.943565,971.229702,0.594,0.160,3.723
1122,1.122000,711629.715865,-1432317.378871,-720687.663005,2.088659e-03,-1044.553056,761.162821,971.532742,0.599,0.175,3.741
1123,1.123000,711678.645450,-1432366.440485,-720687.795035,2.088476e-03,-1044.614759,761.384219,971.882498,0.615,0.201,3.900
1124,1.124000,711728.090956,-1432415.898307,-720687.807351,2.088459e-03,-1044.615582,761.643736,972.211401,0.591,0.178,3.924
1125,1.125000,711777.788982,-1432465.784160,-720687.995177,2.088199e-03,-1044.603554,761.882481,972.487266,0.748,1.360,4.170
1126,1.126000,711828.671341,-1432516.111534,-720687.440193,2.088968e-03,-1044.594783,762.076001,972.760534,0.602,0.167,3.708
1127,1.127000,711880.721921,-1432566.897193,-720686.175272,2.090719e-03,-1044.591967,762.288204,973.103196,4.601,0.909,3.876
1128,1.128000,711933.721413,-1432618.151049,-720684.429635,2.093136e-03,-1044.511977,762.500266,973.419730,0.619,0.174,3.860
1129,1.129000,711987.729103,-1432669.875768,-720682.146665,2.096297e-03,-1044.504239,762.579777,973.665668,0.593,0.166,3.696
1130,1.130000,712044.707080,-1432722.067888,-720677.360808,2.102924e-03,-1044.416813,762.734596,973.951416,0.586,0.136,3.628
1131,1.131000,712101.661988,-1432774.712876,-720673.050887,2.108892e-03,-1044.345998,762.904895,974.334089,0.593,0.177,3.737
1132,1.132000,712158.992678,-1432827.791497,-720668.798819,2.114780e-03,-1044.303340,763.046037,974.750745,0.591,0.408,4.551
1133,1.133000,712215.766633,-1432881.271308,-720665.504676,2.119341e-03,-1044.243114,763.233247,975.166558,0.617,0.204,3.726
1134,1.134000,712272.729706,-1432935.124297,-720662.394591,2.123647e-03,-1044.295551,763.388628,975.660656,0.590,0.142,3.646
1135,1.135000,712329.292238,-1432989.321438,-720660.029199,2.126923e-03,-1044.285128,763.516669,976.133408,0.614,0.164,3.794
1136,1.136000,712386.224845,-1433043.815725,-720657.590880,2.130299e-03,-1044.267156,763.572474,976.564312,0.598,0.161,3.831
1137,1.137000,712443.864716,-1433098.566383,-720654.701667,2.134300e-03,-1044.284003,763.685354,976.954496,0.601,0.184,3.731
1138,1.138000,712502.670904,-1433153.530501,-720650.859597,2.139620e-03,-1044.253638,763.797713,977.407301,0.588,0.145,3.631
1139,1.139000,712561.002448,-1433208.677115,-720647.674667,2.144030e-03,-1044.093676,763.877244,977.992673,0.610,0.199,3.730
1140,1.140000,712619.374552,-1433263.991422,-720644.616870,2.148264e-03,-1043.929585,764.003608,978.510710,0.604,0.216,3.707
1141,1.141000,712678.119708,-1433319.469997,-720641.350289,2.152787e-03,-1043.748429,764.216027,979.035084,0.590,0.147,3.682
1142,1.142000,712738.045452,-1433375.124466,-720637.079014,2.158701e-03,-1043.602483,764.389173,979.480465,0.607,0.137,11.302
1143,1.143000,712798.951899,-1433430.975746,-720632.023847,2.165701e-03,-1043.550377,764.571332,980.026071,0.607,0.148,3.756
1144,1.144000,712859.575090,-1433487.043258,-720627.468168,2.172009e-03,-1043.434413,764.726740,980.602579,0.588,0.145,3.677
1145,1.145000,712920.415213,-1433543.339078,-720622.923865,2.178301e-03,-1043.368494,764.865956,981.215062,0.599,0.134,3.745
1146,1.146000,712981.612341,-1433599.867702,-720618.255362,2.184766e-03,-1043.239319,764.908267,981.789890,0.615,0.237,3.782
1147,1.147000,713044.100487,-1433656.615963,-720612.515476,2.192713e-03,-1043.143305,765.001144,982.325117,0.595,0.196,20.698
1148,1.148000,713105.956600,-1433713.564527,-720607.607927,2.199509e-03,-1043.087944,765.111556,982.937015,1.158,0.398,5.420
1149,1.149000,713166.360750,-1433770.682563,-720604.321813,2.204059e-03,-1043.025448,765.256065,983.446054,0.617,0.274,3.779
1150,1.150000,713226.593884,-1433827.933966,-720601.340082,2.208188e-03,-1042.837933,765.405697,984.037076,0.620,2.965,3.968
1151,1.151000,713286.777054,-1433885.288443,-720598.511390,2.212104e-03,-1042.686884,765.559403,984.576216,0.611,0.180,3.825
1152,1.152000,713345.550256,-1433942.703371,-720597.153114,2.213985e-03,-1042.517641,765.664087,985.027314,0.611,0.156,3.746
1153,1.153000,713405.144197,-1434000.158102,-720595.013905,2.216947e-03,-1042.376347,765.732865,985.496679,0.605,0.177,3.720
1154,1.154000,713465.419167,-1434057.633421,-720592.214254,2.220824e-03,-1042.262089,765.694781,985.915541,0.606,0.137,3.735
1155,1.155000,713524.783776,-1434115.123897,-720590.340122,2.223419e-03,-1042.142173,765.683453,986.336761,0.613,0.158,3.813
1156,1.156000,713583.429264,-1434172.636360,-720589.207096,2.224988e-03,-1042.013654,765.723118,986.809102,0.611,0.151,3.675
1157,1.157000,713641.260713,-1434230.190122,-720588.929409,2.225372e-03,-1041.984700,765.688217,987.204012,0.608,0.170,3.803
1158,1.158000,713699.462848,-1434287.815658,-720588.352810,2.226171e-03,-1041.999463,765.620504,987.551825,0.596,0.204,3.703
1159,1.159000,713757.802463,-1434345.541469,-720587.739006,2.227020e-03,-1042.004724,765.610647,987.915142,1.310,0.461,8.903
1160,1.160000,713815.853581,-1434403.404108,-720587.550526,2.227281e-03,-1042.029733,765.607293,988.250543,0.620,0.200,3.845
1161,1.161000,713874.080613,-1434461.438054,-720587.357441,2.227549e-03,-1041.988958,765.629778,988.590817,0.594,0.155,3.682
1162,1.162000,713931.851809,-1434519.661928,-720587.810120,2.226922e-03,-1042.008045,765.660563,989.012590,0.607,0.134,3.729
1163,1.163000,713990.389434,-1434578.083495,-720587.694061,2.227083e-03,-1041.978930,765.622690,989.396015,0.610,0.163,8.337
1164,1.164000,714048.968590,-1434636.693032,-720587.724442,2.227041e-03,-1041.921990,765.611379,989.868530,0.609,0.150,3.833
1165,1.165000,714107.277202,-1434695.465882,-720588.188679,2.226398e-03,-1041.850090,765.612910,990.298981,0.617,0.152,3.755
1166,1.166000,714167.649178,-1434754.370574,-720586.721396,2.228430e-03,-1041.756012,765.608959,990.742577,0.607,0.139,3.734
1167,1.167000,714226.565141,-1434813.358443,-720586.793302,2.228330e-03,-1041.560923,765.647761,991.189420,0.607,0.179,3.774
1168,1.168000,714285.813466,-1434872.391577,-720586.578111,2.228628e-03,-1041.298875,765.681501,991.695185,0.606,0.141,11.741
1169,1.169000,714345.896418,-1434931.425500,-720585.529082,2.230080e-03,-1040.986502,765.679231,992.212536,0.607,0.144,3.759
1170,1.170000,714407.286954,-1434990.434295,-720583.147341,2.233378e-03,-1040.749974,765.595214,992.716491,0.607,0.151,3.833
1171,1.171000,714466.285739,-1435049.391622,-720583.105883,2.233436e-03,-1040.540368,765.563473,993.177369,0.586,0.172,3.637
1172,1.172000,714524.396715,-1435108.280247,-720583.883533,2.232359e-03,-1040.305064,765.450621,993.700503,0.602,0.150,7.492
1173,1.173000,714583.756682,-1435167.087021,-720583.330339,2.233125e-03,-1040.112365,765.366759,994.203395,0.606,0.164,3.844
1174,1.174000,714643.186924,-1435225.818529,-720582.631605,2.234092e-03,-1039.840895,765.265086,994.629332,0.604,0.152,3.742
1175,1.175000,714703.301547,-1435284.467251,-720581.165704,2.236122e-03,-1039.599565,765.172064,994.998215,0.603,0.147,3.721
1176,1.176000,714763.421619,-1435343.020844,-720579.599225,2.238291e-03,-1039.410526,765.143562,995.402449,6.779,2.987,3.727
1177,1.177000,714825.087379,-1435401.467698,-720576.380319,2.242748e-03,-1039.175430,765.093560,995.704252,0.606,0.139,3.717
1178,1.178000,714886.999888,-1435459.800933,-720572.801045,2.247705e-03,-1038.924775,765.060387,996.015167,0.614,0.150,3.710
1179,1.179000,714947.944108,-1435518.018846,-720570.074738,2.251480e-03,-1038.718968,765.063479,996.274694,0.591,0.180,3.717
1180,1.180000,715007.730182,-1435576.123694,-720568.393512,2.253807e-03,-1038.558781,765.114323,996.566733,0.611,0.185,3.708
1181,1.181000,715067.869143,-1435634.116658,-720566.247515,2.256779e-03,-1038.390749,765.186916,996.804674,0.605,0.149,3.592
1182,1.182000,715126.992858,-1435692.014832,-720565.021974,2.258476e-03,-1038.233543,765.230884,997.044586,0.615,0.168,3.734
1183,1.183000,715186.162890,-1435749.842920,-720563.680030,2.260334e-03,-1038.075664,765.226368,997.288257,0.606,0.175,3.701
1184,1.184000,715243.674832,-1435807.636423,-720563.961592,2.259944e-03,-1037.871827,765.186414,997.550830,0.624,0.170,6.348
1185,1.185000,715302.712544,-1435865.427406,-720562.714862,2.261671e-03,-1037.787488,765.192750,997.806338,0.595,0.167,16.222
1186,1.186000,715362.681490,-1435923.250651,-720560.569160,2.264642e-03,-1037.647914,765.221717,998.081584,0.592,0.194,3.690
1187,1.187000,715422.166467,-1435981.128753,-720558.962286,2.266867e-03,-1037.464761,765.121096,998.358671,0.588,0.148,3.749
1188,1.188000,715480.959213,-1436039.101815,-720558.142602,2.268002e-03,-1037.358286,765.066111,998.556280,0.588,0.154,3.718
1189,1.189000,715540.667489,-1436097.202657,-720556.535168,2.270227e-03,-1037.235410,765.014489,998.692924,0.609,0.144,6.944
1190,1.190000,715599.792245,-1436155.466591,-720555.674346,2.271419e-03,-1037.097511,764.931540,998.825315,0.609,0.154,3.800
1191,1.191000,715658.170402,-1436213.930057,-720555.759655,2.271301e-03,-1037.000975,764.851892,999.001521,0.751,0.426,3.794
1192,1.192000,715718.055770,-1436272.624555,-720554.568785,2.272950e-03,-1036.885131,764.807278,999.122729,0.595,0.182,3.678
1193,1.193000,715776.210796,-1436331.580923,-720555.370126,2.271841e-03,-1036.738293,764.702992,999.267569,0.612,0.152,5.630
1194,1.194000,715835.365336,-1436390.829145,-720555.463809,2.271711e-03,-1036.579534,764.687229,999.375167,0.595,0.319,17.346
1195,1.195000,715893.904437,-1436450.400186,-720556.495749,2.270282e-03,-1036.446816,764.637806,999.473745,0.587,0.161,3.810
1196,1.196000,715952.811397,-1436510.311126,-720557.499729,2.268892e-03,-1036.293108,764.698954,999.536659,0.615,0.165,3.842
1197,1.197000,716012.642996,-1436570.569916,-720557.926920,2.268300e-03,-1036.219421,764.683244,999.624283,0.605,0.179,24.360
1198,1.198000,716070.612166,-1436631.166485,-720560.554319,2.264662e-03,-1036.201707,764.702763,999.744597,0.596,0.177,3.845
1199,1.199000,716127.663650,-1436692.079445,-720564.415795,2.259315e-03,-1036.173600,764.796883,999.895493,0.613,0.151,53.352
1200,1.200000,716185.678087,-1436753.283962,-720567.605875,2.254898e-03,-1036.166350,764.841239,1000.110473,0.593,0.165,3.733
1201,1.201000,716243.496043,-1436814.730519,-720571.234477,2.249874e-03,-1036.198237,764.913542,1000.352139,0.718,0.376,5.013
1202,1.202000,716302.505133,-1436876.371291,-720573.866157,2.246230e-03,-1036.213517,765.017916,1000.691779,0.628,0.170,3.771
1203,1.203000,716362.031229,-1436938.158091,-720576.126861,2.243099e-03,-1036.137375,764.989934,1000.978533,0.591,0.187,3.701
1204,1.204000,716422.383881,-1437000.040374,-720577.656492,2.240981e-03,-1036.002839,764.911276,1001.246310,0.599,0.173,5.552
1205,1.205000,716483.269158,-1437061.972901,-720578.703743,2.239531e-03,-1035.773001,764.808408,1001.582805,0.579,0.267,5.523
1206,1.206000,716543.689103,-1437123.908686,-720580.219583,2.237432e-03,-1035.571090,764.656623,1001.999799,0.565,0.161,3.616
1207,1.207000,716602.906093,-1437185.788622,-720582.882530,2.233745e-03,-1035.372973,764.488858,1002.449506,0.598,0.224,3.756
1208,1.208000,716661.421990,-1437247.585327,-720586.163337,2.229202e-03,-1035.242269,764.345957,1002.829849,0.591,0.329,3.664
1209,1.209000,716720.118345,-1437309.273864,-720589.155519,2.225059e-03,-1035.168457,764.176747,1003.236812,0.585,0.151,3.598
1210,1.210000,716779.631177,-1437370.842202,-720591.211025,2.222213e-03,-1035.048727,764.011451,1003.693074,0.610,0.181,4.393
1211,1.211000,716840.507927,-1437432.300920,-720591.792993,2.221407e-03,-1034.834274,763.826703,1004.029562,0.590,0.190,5.582
1212,1.212000,716900.959313,-1437493.664927,-720592.705613,2.220143e-03,-1034.609248,763.694050,1004.343355,5.406,0.646,56.026
1213,1.213000,716962.010282,-1437554.961288,-720592.951006,2.219804e-03,-1034.381906,763.473260,1004.638273,0.624,0.191,5.381
1214,1.214000,717024.756191,-1437616.220020,-720591.463828,2.221863e-03,-1034.166628,763.289270,1004.821791,0.591,0.177,3.753
1215,1.215000,717086.752631,-1437677.469617,-720590.716986,2.222897e-03,-1033.939937,763.117782,1005.044792,0.592,0.163,3.688
1216,1.216000,717150.440984,-1437738.726543,-720588.285559,2.226264e-03,-1033.648081,762.962865,1005.361550,0.585,0.197,4.572
1217,1.217000,717213.840490,-1437800.010326,-720586.169836,2.229193e-03,-1033.388660,762.807946,1005.796222,0.616,0.193,3.965
1218,1.218000,717276.689326,-1437861.319895,-720584.630569,2.231325e-03,-1033.135878,762.699529,1006.205567,0.591,0.167,5.421
1219,1.219000,717339.323127,-1437922.657009,-720583.333882,2.233120e-03,-1032.934431,762.520072,1006.586099,0.611,0.159,3.681
1220,1.220000,717402.807490,-1437984.028910,-720581.221420,2.236045e-03,-1032.701863,762.318688,1007.003436,0.615,0.186,3.771
1221,1.221000,717466.733315,-1438045.430337,-720578.697022,2.239541e-03,-1032.507802,762.144115,1007.445287,3.078,0.209,8.075
1222,1.222000,717528.806764,-1438106.855845,-720578.049081,2.240438e-03,-1032.255726,761.963836,1007.911528,0.603,0.270,4.646
1223,1.223000,717592.125037,-1438168.300507,-720576.175470,2.243032e-03,-1031.993264,761.787568,1008.337390,0.586,0.165,3.672
1224,1.224000,717652.441421,-1438229.748769,-720577.307349,2.241465e-03,-1031.699948,761.578511,1008.831382,0.609,0.156,3.755
1225,1.225000,717713.051973,-1438291.196148,-720578.144175,2.240306e-03,-1031.324003,761.413792,1009.292036,0.601,0.152,3.683
1226,1.226000,717773.392595,-1438352.632885,-720579.240291,2.238788e-03,-1031.002695,761.174419,1009.735197,0.640,0.159,3.777
1227,1.227000,717834.525915,-1438414.054393,-720579.528478,2.238389e-03,-1030.771087,760.913513,1010.201345,0.611,0.160,3.793
1228,1.228000,717896.136886,-1438475.445148,-720579.308262,2.238694e-03,-1030.492658,760.648210,1010.667437,0.606,0.157,3.818
1229,1.229000,717959.263175,-1438536.786287,-720577.523111,2.241166e-03,-1030.214484,760.356271,1011.241627,0.592,0.171,3.774
1230,1.230000,718022.048477,-1438598.051966,-720576.003489,2.243270e-03,-1029.875351,759.956303,1011.801699,0.610,0.173,3.769
1231,1.231000,718084.871732,-1438659.214651,-720574.342919,2.245570e-03,-1029.563098,759.537818,1012.387754,0.612,0.161,3.814
1232,1.232000,718148.055796,-1438720.239371,-720572.183575,2.248560e-03,-1029.312998,759.191950,1012.946195,0.610,0.174,16.120
1233,1.233000,718211.038044,-1438781.082439,-720570.044395,2.251522e-03,-1028.972982,758.804598,1013.538711,0.608,0.175,3.781
1234,1.234000,718274.173075,-1438841.699384,-720567.526308,2.255008e-03,-1028.698160,758.386286,1014.137397,0.608,0.161,3.739
1235,1.235000,718336.855006,-1438902.059242,-720565.204236,2.258224e-03,-1028.373161,757.944898,1014.682018,0.593,0.170,3.667
1236,1.236000,718399.917749,-1438962.131480,-720562.213731,2.262364e-03,-1028.051967,757.500059,1015.214544,4.276,0.159,3.838
1237,1.237000,718463.431768,-1439021.894171,-720558.462403,2.267559e-03,-1027.730810,757.041931,1015.734943,0.610,0.140,7.962
1238,1.238000,718528.387823,-1439081.339318,-720552.951494,2.275190e-03,-1027.433084,756.578046,1016.200622,0.611,0.147,10.558
1239,1.239000,718594.528779,-1439140.454103,-720545.925324,2.284918e-03,-1027.091786,756.108121,1016.622372,0.609,0.160,3.815
1240,1.240000,718659.151669,-1439199.252725,-720540.101056,2.292983e-03,-1026.771509,755.658458,1016.982225,0.609,0.158,3.739
1241,1.241000,718723.655528,-1439257.754474,-720534.098947,2.301294e-03,-1026.432275,755.203727,1017.258004,0.611,0.143,3.728
1242,1.242000,718787.937422,-1439315.994068,-720528.056646,2.309661e-03,-1026.117752,754.716289,1017.554166,0.610,0.163,3.824
1243,1.243000,718851.361549,-1439374.011366,-720522.649817,2.317147e-03,-1025.811558,754.264950,1017.859074,0.624,0.207,4.592
1244,1.244000,718914.751560,-1439431.836305,-720517.084745,2.324853e-03,-1025.452797,753.919782,1018.256908,0.610,0.155,3.783
1245,1.245000,718977.958803,-1439489.492713,-720511.533910,2.332539e-03,-1025.179277,753.545877,1018.678107,0.626,0.160,3.791
1246,1.246000,719041.785955,-1439547.017179,-720505.231225,2.341266e-03,-1024.917610,753.219278,1019.069621,0.608,0.162,3.732
1247,1.247000,719105.762615,-1439604.436429,-720498.673814,2.350346e-03,-1024.702444,752.872573,1019.410413,0.615,0.165,3.766
1248,1.248000,719171.426723,-1439661.776200,-720490.349476,2.361872e-03,-1024.485833,752.515362,1019.770706,2.109,0.159,3.674
1249,1.249000,719235.849356,-1439719.053258,-720483.203901,2.371767e-03,-1024.335965,752.235176,1020.083931,0.612,0.166,3.763
1250,1.250000,719299.141263,-1439776.281683,-720477.140420,2.380163e-03,-1024.164280,751.922533,1020.416122,0.610,0.154,3.777
1251,1.251000,719362.432638,-1439833.474532,-720471.041894,2.388607e-03,-1024.074515,751.616804,1020.863771,0.610,0.163,3.771
1252,1.252000,719424.622675,-1439890.651466,-720466.028791,2.395548e-03,-1023.922892,751.284222,1021.308575,0.615,0.155,3.753
1253,1.253000,719487.123438,-1439947.832834,-720460.709396,2.402914e-03,-1023.721989,750.988280,1021.811941,0.611,0.163,3.716
1254,1.254000,719550.732027,-1440005.047523,-720454.315496,2.411767e-03,-1023.540501,750.699073,1022.269332,0.610,0.149,62.120
1255,1.255000,719614.638241,-1440062.326682,-720447.688440,2.420944e-03,-1023.295407,750.326545,1022.618201,0.665,0.192,5.370
1256,1.256000,719677.682684,-1440119.712104,-720442.029420,2.428779e-03,-1023.047181,749.981054,1023.008052,0.630,0.209,9.251
1257,1.257000,719738.846602,-1440177.249118,-720438.402516,2.433802e-03,-1022.721482,749.619577,1023.450910,0.616,0.185,3.836
1258,1.258000,719799.835580,-1440234.973980,-720435.138400,2.438321e-03,-1022.206437,749.239183,1023.813575,0.596,0.170,3.669
1259,1.259000,719862.113409,-1440292.911233,-720430.797824,2.444331e-03,-1021.661265,748.872426,1024.233202,0.614,0.169,3.782
1260,1.260000,719922.659852,-1440351.071816,-720428.411964,2.447635e-03,-1021.184542,748.464856,1024.668462,0.606,0.183,3.608
1261,1.261000,719984.274271,-1440409.455263,-720425.180993,2.452109e-03,-1020.686414,748.084227,1025.117626,0.591,0.222,3.700
1262,1.262000,720046.315877,-1440468.054324,-720421.738447,2.456876e-03,-1020.267633,747.723774,1025.603919,0.582,0.143,3.698
1263,1.263000,720107.745034,-1440526.845465,-720419.100431,2.460528e-03,-1019.855270,747.407598,1026.179672,3.927,0.266,7.475
1264,1.264000,720169.366772,-1440585.808606,-720416.441834,2.464210e-03,-1019.440361,747.075822,1026.714041,0.611,0.169,3.803
1265,1.265000,720232.174107,-1440644.935490,-720412.761382,2.469306e-03,-1019.033439,746.745166,1027.246129,0.610,0.178,3.833
1266,1.266000,720294.445981,-1440704.212714,-720409.766733,2.473453e-03,-1018.652263,746.422169,1027.758704,0.613,0.164,3.871
1267,1.267000,720359.284789,-1440763.631356,-720404.346567,2.480958e-03,-1018.367342,746.097921,1028.239359,0.602,0.182,3.740
1268,1.268000,720424.265005,-1440823.185922,-720398.920916,2.488470e-03,-1018.068212,745.660151,1028.693894,0.649,0.178,3.763
1269,1.269000,720490.295647,-1440882.884824,-720392.589177,2.497238e-03,-1017.705681,745.305233,1029.143265,0.624,0.199,3.820
1270,1.270000,720556.828061,-1440942.742368,-720385.914308,2.506480e-03,-1017.383175,744.868176,1029.540226,0.607,0.160,3.774
1271,1.271000,720624.622710,-1441002.765181,-720378.142471,2.517242e-03,-1017.054177,744.417893,1029.930128,0.589,0.175,3.804
1272,1.272000,720691.712467,-1441062.963393,-720371.250926,2.526784e-03,-1016.737627,744.037041,1030.336822,0.615,0.181,3.746
1273,1.273000,720758.303274,-1441123.360489,-720365.057214,2.535360e-03,-1016.391355,743.637609,1030.738380,0.613,0.160,3.767
1274,1.274000,720824.399442,-1441183.978322,-720359.578880,2.542946e-03,-1015.965727,743.302500,1031.295558,0.611,0.161,3.820
1275,1.275000,720889.119534,-1441244.847405,-720355.727871,2.548278e-03,-1015.605469,743.046499,1031.803756,0.611,0.163,3.792
1276,1.276000,720954.370182,-1441305.997319,-720351.627137,2.553956e-03,-1015.222902,742.777296,1032.336985,0.605,0.153,3.732
1277,1.277000,721018.325924,-1441367.467993,-720349.142069,2.557397e-03,-1014.737330,742.533541,1032.847580,0.605,0.138,3.732
1278,1.278000,721082.467200,-1441429.295763,-720346.828563,2.560601e-03,-1014.203537,742.357165,1033.396581,2.675,0.628,5.939
1279,1.279000,721146.721570,-1441491.508090,-720344.786520,2.563428e-03,-1013.753978,742.111967,1033.951177,0.606,0.170,3.750
1280,1.280000,721210.150867,-1441554.109760,-720343.958892,2.564574e-03,-1013.247323,741.818129,1034.621853,0.607,0.155,3.723
1281,1.281000,721276.862230,-1441617.113159,-720340.250930,2.569709e-03,-1012.778285,741.572476,1035.220723,0.608,0.159,3.846
1282,1.282000,721343.791204,-1441680.515980,-720336.724776,2.574591e-03,-1012.385999,741.316779,1035.824387,0.616,0.215,3.795
1283,1.283000,721410.517379,-1441744.303110,-720333.785731,2.578661e-03,-1011.939174,741.033669,1036.427147,0.612,0.149,3.789
1284,1.284000,721477.582386,-1441808.458676,-720330.876289,2.582689e-03,-1011.474646,740.749197,1037.069463,0.610,0.151,3.718
1285,1.285000,721543.718313,-1441872.957189,-720329.238875,2.584957e-03,-1010.933076,740.528103,1037.648332,0.603,0.143,3.702
1286,1.286000,721612.551195,-1441937.768391,-720325.217196,2.590525e-03,-1010.435830,740.257690,1038.135061,0.617,0.188,3.771
1287,1.287000,721681.238636,-1442002.865633,-720321.626997,2.595497e-03,-1009.929540,739.974843,1038.634080,0.617,0.168,3.786
1288,1.288000,721751.246220,-1442068.228465,-720316.982245,2.601928e-03,-1009.447057,739.725761,1039.126596,0.607,0.153,3.703
1289,1.289000,721820.509975,-1442133.855709,-720313.345734,2.606963e-03,-1008.979788,739.475349,1039.636091,0.614,0.163,3.758
1290,1.290000,721889.679406,-1442199.747580,-720310.068174,2.611502e-03,-1008.500933,739.239848,1040.127080,0.608,0.154,3.940
1291,1.291000,721958.834917,-1442265.894299,-720307.059382,2.615668e-03,-1007.963071,738.964596,1040.540520,0.610,0.176,3.775
1292,1.292000,722027.412784,-1442332.287623,-720304.874840,2.618693e-03,-1007.451747,738.758819,1040.887238,0.628,0.176,9.221
1293,1.293000,722096.015584,-1442398.933034,-720302.917450,2.621403e-03,-1006.957986,738.503870,1041.287527,0.612,0.153,3.739
1294,1.294000,722164.219174,-1442465.826516,-720301.607341,2.623217e-03,-1006.528608,738.242538,1041.644445,0.654,0.196,3.978
1295,1.295000,722234.012557,-1442532.978857,-720298.966300,2.626874e-03,-1006.117202,738.016124,1042.038344,0.629,0.172,3.875
1296,1.296000,722303.946342,-1442600.405616,-720296.459274,2.630345e-03,-1005.675245,737.723855,1042.468630,0.603,0.150,3.788
1297,1.297000,722373.364515,-1442668.120998,-720294.756483,2.632703e-03,-1005.198538,737.414078,1042.970733,0.623,0.189,4.497
1298,1.298000,722443.154041,-1442736.149945,-720292.995904,2.635141e-03,-1004.740706,737.033705,1043.448983,0.608,0.152,3.727
1299,1.299000,722513.420087,-1442804.508684,-720291.088597,2.637782e-03,-1004.303092,736.675331,1043.937433,0.654,0.206,4.215
1300,1.300000,722584.412629,-1442873.190277,-720288.777648,2.640982e-03,-1003.854683,736.234135,1044.445856,0.738,0.162,3.735
1301,1.301000,722656.016294,-1442942.180987,-720286.164694,2.644600e-03,-1003.389835,735.810163,1044.969099,0.615,0.199,3.873
1302,1.302000,722729.472091,-1443011.444815,-720281.972724,2.650404e-03,-1002.945468,735.501476,1045.409590,0.616,0.153,4.028
1303,1.303000,722802.258470,-1443080.923542,-720278.665072,2.654984e-03,-1002.478473,735.091010,1045.867749,0.587,0.167,3.693
1304,1.304000,722876.337580,-1443150.534074,-720274.196493,2.661172e-03,-1001.976433,734.715132,1046.329544,0.703,0.447,3.609
1305,1.305000,722950.766987,-1443220.198088,-720269.431101,2.667770e-03,-1001.578390,734.317327,1046.878672,0.590,0.155,3.825
1306,1.306000,723023.384014,-1443289.835565,-720266.451551,2.671896e-03,-1001.082196,733.849171,1047.490524,0.603,0.215,4.672
1307,1.307000,723096.251337,-1443359.362405,-720263.111067,2.676522e-03,-1000.514656,733.403150,1048.149517,0.638,0.195,3.719
1308,1.308000,723169.747746,-1443428.711908,-720258.964163,2.682264e-03,-999.968644,732.898342,1048.709683,0.607,0.141,3.713
1309,1.309000,723242.620555,-1443497.828679,-720255.208124,2.687464e-03,-999.343477,732.368023,1049.367292,0.607,0.249,3.741
1310,1.310000,723314.437812,-1443566.662330,-720252.224518,2.691596e-03,-998.704393,731.848370,1049.985716,0.631,0.240,3.662
1311,1.311000,723387.958316,-1443635.190091,-720247.231776,2.698509e-03,-998.054621,731.358733,1050.623440,1.338,1.613,3.688
1312,1.312000,723461.903912,-1443703.393831,-720241.489920,2.706460e-03,-997.537954,730.855857,1051.224784,0.603,0.252,4.450
1313,1.313000,723533.131439,-1443771.250609,-720238.119169,2.711127e-03,-996.909220,730.385056,1051.831887,0.612,0.205,4.601
1314,1.314000,723604.851322,-1443838.743158,-720233.891835,2.716980e-03,-996.234789,729.963592,1052.459444,0.595,0.181,3.660
1315,1.315000,723676.363962,-1443905.861629,-720229.497667,2.723065e-03,-995.583425,729.565812,1053.138570,0.585,0.161,3.619
1316,1.316000,723747.083936,-1443972.600218,-720225.516282,2.728578e-03,-995.030577,729.047557,1053.836945,0.603,0.145,5.954
1317,1.317000,723816.490868,-1444038.947259,-720222.456391,2.732815e-03,-994.435205,728.516540,1054.557899,0.605,0.138,3.626
1318,1.318000,723885.067311,-1444104.891941,-720219.824631,2.736459e-03,-993.767450,728.019514,1055.249202,0.598,0.157,3.647
1319,1.319000,723953.883958,-1444170.433492,-720216.549533,2.740994e-03,-993.054038,727.497834,1055.978877,0.617,0.177,3.782
1320,1.320000,724020.933905,-1444235.557851,-720214.623946,2.743660e-03,-992.383926,727.010249,1056.676243,1.931,0.239,3.634
1321,1.321000,724087.329115,-1444300.267761,-720212.938645,2.745994e-03,-991.686029,726.477281,1057.336456,0.601,0.152,3.574
1322,1.322000,724153.019065,-1444364.556676,-720211.537611,2.747934e-03,-990.911436,725.916241,1057.981353,0.604,0.159,3.523
1323,1.323000,724217.675738,-1444428.417837,-720210.742099,2.749035e-03,-990.225404,725.367967,1058.605284,0.607,0.173,3.660
1324,1.324000,724281.526152,-1444491.870108,-720210.343956,2.749586e-03,-989.561124,724.900941,1059.288032,0.608,0.150,3.753
1325,1.325000,724346.157846,-1444554.942707,-720208.784861,2.751745e-03,-988.899112,724.472707,1059.968360,0.620,0.184,7.632
1326,1.326000,724411.235627,-1444617.677841,-720206.442214,2.754989e-03,-988.228263,723.974287,1060.663848,16.884,0.316,3.777
1327,1.327000,724474.873030,-1444680.136879,-720205.263849,2.756621e-03,-987.609266,723.521635,1061.346999,0.723,0.152,4.933
1328,1.328000,724539.994222,-1444742.386020,-720202.391798,2.760597e-03,-987.018747,723.144383,1062.080258,0.618,0.162,5.822
1329,1.329000,724604.207528,-1444804.490915,-720200.283387,2.763517e-03,-986.485432,722.817058,1062.773972,0.609,0.153,3.751
1330,1.330000,724668.350224,-1444866.523282,-720198.173058,2.766439e-03,-985.896364,722.566137,1063.465227,0.609,0.165,8.082
1331,1.331000,724733.053052,-1444928.549803,-720195.496751,2.770145e-03,-985.246373,722.313677,1064.138747,0.588,0.199,3.649
1332,1.332000,724799.526864,-1444990.639363,-720191.112500,2.776215e-03,-984.577276,722.019964,1064.904221,0.611,0.161,3.663
1333,1.333000,724864.731329,-1445052.837165,-720188.105836,2.780379e-03,-983.884073,721.774963,1065.650597,0.604,0.134,3.669
1334,1.334000,724930.890923,-1445115.179761,-720184.288838,2.785664e-03,-983.254362,721.395403,1066.356883,0.585,0.156,3.628
1335,1.335000,724998.858287,-1445177.685209,-720178.826922,2.793227e-03,-982.682077,721.045943,1067.049748,1.562,0.303,3.805
1336,1.336000,725066.030333,-1445240.364728,-720174.334394,2.799448e-03,-982.089792,720.682769,1067.748274,0.741,0.193,3.689
1337,1.337000,725132.772441,-1445303.223406,-720170.450965,2.804825e-03,-981.478265,720.328500,1068.521986,0.613,0.170,3.779
1338,1.338000,725199.154351,-1445366.250917,-720167.096565,2.809470e-03,-980.781603,719.823188,1069.257052,0.624,0.239,3.812
1339,1.339000,725266.354703,-1445429.427561,-720163.072857,2.815041e-03,-980.029728,719.388060,1069.977182,0.606,0.170,3.580
1340,1.340000,725334.169729,-1445492.736738,-720158.567008,2.821280e-03,-979.308076,718.906655,1070.737127,0.611,0.168,3.745
1341,1.341000,725399.674335,-1445556.158481,-720156.484146,2.824164e-03,-978.568280,718.381067,1071.456697,0.606,0.160,3.674
1342,1.342000,725464.731869,-1445619.689690,-720154.957821,2.826278e-03,-977.880303,717.966634,1072.088787,0.613,0.190,3.770
1343,1.343000,725529.202608,-1445683.320700,-720154.118092,2.827440e-03,-977.215097,717.550210,1072.803379,0.604,0.174,3.645
1344,1.344000,725593.393318,-1445747.032523,-720153.639204,2.828103e-03,-976.557740,717.170825,1073.528035,0.610,0.150,3.681
1345,1.345000,725657.508874,-1445810.816117,-720153.307243,2.828563e-03,-975.977586,716.762758,1074.240384,0.602,0.177,3.883
1346,1.346000,725721.900824,-1445874.660267,-720152.759443,2.829322e-03,-975.427003,716.460538,1074.965570,0.591,0.160,3.675
1347,1.347000,725787.670629,-1445938.556800,-720150.886172,2.831916e-03,-974.872706,716.100536,1075.694180,0.611,0.184,5.668
1348,1.348000,725855.245137,-1446002.502333,-720147.257196,2.836940e-03,-974.237850,715.753135,1076.419126,0.590,0.162,3.764
1349,1.349000,725922.075092,-1446066.499141,-720144.424049,2.840863e-03,-973.604985,715.325820,1077.098408,0.609,5.283,3.697
1350,1.350000,725989.692308,-1446130.547155,-720140.854847,2.845806e-03,-972.982890,714.883355,1077.737723,0.610,0.156,3.704
1351,1.351000,726056.847005,-1446194.648792,-720137.801787,2.850033e-03,-972.383104,714.455227,1078.294218,0.621,0.979,3.689
1352,1.352000,726122.530929,-1446258.814978,-720136.284049,2.852135e-03,-971.802969,714.085233,1078.899622,0.592,0.158,3.692
1353,1.353000,726189.454436,-1446323.065897,-720133.611460,2.855835e-03,-971.247529,713.751128,1079.452804,0.975,0.268,6.454
1354,1.354000,726256.335971,-1446387.421994,-720131.086023,2.859332e-03,-970.741602,713.519563,1080.035218,0.892,0.186,4.115
1355,1.355000,726323.477453,-1446451.907081,-720128.429628,2.863010e-03,-970.215955,713.231821,1080.667435,0.574,0.168,3.869
1356,1.356000,726390.119661,-1446516.550630,-720126.430969,2.865778e-03,-969.649416,712.988391,1081.211740,0.613,0.172,3.745
1357,1.357000,726457.409579,-1446581.376878,-720123.967299,2.869189e-03,-969.129151,712.727586,1081.833921,0.616,0.204,3.903
1358,1.358000,726524.798471,-1446646.418800,-720121.620329,2.872439e-03,-968.672058,712.454094,1082.502465,0.656,0.214,5.214
1359,1.359000,726593.543288,-1446711.705457,-720118.162169,2.877227e-03,-968.222573,712.231766,1083.149506,0.591,0.156,3.642
1360,1.360000,726661.986033,-1446777.267944,-720115.281912,2.881215e-03,-967.774890,712.011612,1083.804731,0.610,0.248,4.990
1361,1.361000,726730.769527,-1446843.131936,-720112.362408,2.885258e-03,-967.358166,711.779283,1084.482640,0.587,0.153,3.648
1362,1.362000,726801.771361,-1446909.318118,-720107.546757,2.891926e-03,-966.934318,711.561903,1085.165920,0.591,0.164,4.490
1363,1.363000,726872.545011,-1446975.828171,-720103.283161,2.897830e-03,-966.448247,711.362175,1085.858876,0.611,0.171,4.372
1364,1.364000,726943.404220,-1447042.639249,-720099.235029,2.903435e-03,-965.993464,711.132581,1086.566032,0.596,0.162,8.241
1365,1.365000,727016.953845,-1447109.712143,-720092.758298,2.912403e-03,-965.535598,710.858030,1087.277945,0.592,0.153,3.730
1366,1.366000,727088.230856,-1447176.995331,-720088.764475,2.917933e-03,-965.070577,710.589994,1088.036177,0.610,0.151,3.742
1367,1.367000,727158.417049,-1447244.432782,-720086.015734,2.921739e-03,-964.521721,710.325951,1088.781891,0.615,0.157,3.742
1368,1.368000,727228.614204,-1447311.976025,-720083.361821,2.925414e-03,-963.969128,710.033717,1089.512810,0.607,0.147,3.706
1369,1.369000,727299.030687,-1447379.574373,-720080.543686,2.929316e-03,-963.405611,709.818226,1090.208834,0.605,0.206,4.146
1370,1.370000,727368.983085,-1447447.176936,-720078.193851,2.932570e-03,-962.900066,709.545507,1090.926524,3.722,0.159,3.747
1371,1.371000,727437.886913,-1447514.746950,-720076.860037,2.934417e-03,-962.345767,709.215206,1091.656140,0.609,0.169,3.713
1372,1.372000,727507.368908,-1447582.243575,-720074.874667,2.937166e-03,-961.851450,708.833380,1092.378289,0.614,0.180,3.768
1373,1.373000,727577.802642,-1447649.651750,-720071.849108,2.941355e-03,-961.282998,708.471998,1093.152522,0.609,0.167,3.684
1374,1.374000,727647.829954,-1447716.950766,-720069.120813,2.945133e-03,-960.827253,708.114766,1093.917275,0.605,0.147,3.765
1375,1.375000,727717.010059,-1447784.132667,-720067.122608,2.947900e-03,-960.435783,707.750374,1094.594859,0.592,0.186,3.689
1376,1.376000,727785.095472,-1447851.188409,-720066.092937,2.949326e-03,-960.136985,707.534532,1095.308340,0.583,0.163,7.150
1377,1.377000,727852.714668,-1447918.123411,-720065.408743,2.950273e-03,-959.766418,707.289816,1096.049332,0.608,0.165,35.101
1378,1.378000,727921.125284,-1447984.958747,-720063.833463,2.952454e-03,-959.345448,707.094490,1096.847408,0.607,0.155,3.714
1379,1.379000,727988.983548,-1448051.712459,-720062.728912,2.953984e-03,-958.925100,706.859183,1097.607753,0.594,0.198,3.963
1380,1.380000,728057.954052,-1448118.405523,-720060.451471,2.957137e-03,-958.540398,706.714519,1098.393957,0.635,0.169,3.677
1381,1.381000,728126.800213,-1448185.056256,-720058.256043,2.960177e-03,-958.155627,706.468009,1099.165439,0.744,0.328,3.878
1382,1.382000,728193.439693,-1448251.684817,-720058.245124,2.960192e-03,-957.715032,706.190710,1099.980685,0.601,0.173,3.804
1383,1.383000,728262.630275,-1448318.308747,-720055.678472,2.963746e-03,-957.359664,705.864091,1100.858638,0.626,0.261,4.239
1384,1.384000,728331.313963,-1448384.948391,-720053.634428,2.966577e-03,-956.946367,705.524179,1101.824422,0.611,0.151,3.626
1385,1.385000,728400.260234,-1448451.610933,-720051.350700,2.969739e-03,-956.432388,705.162568,1102.743048,0.615,0.141,12.467
1386,1.386000,728469.534089,-1448518.304782,-720048.770693,2.973311e-03,-955.876956,704.750432,1103.675176,0.611,0.167,3.788
1387,1.387000,728539.000492,-1448585.034430,-720046.033938,2.977101e-03,-955.331991,704.324829,1104.576952,0.605,0.147,3.767
1388,1.388000,728607.457759,-1448651.806150,-720044.348391,2.979435e-03,-954.794560,703.869408,1105.422851,0.589,0.171,3.671
1389,1.389000,728676.550257,-1448718.620749,-720042.070492,2.982589e-03,-954.244461,703.404068,1106.248241,1.525,3.321,3.786
1390,1.390000,728744.808146,-1448785.464805,-720040.656659,2.984547e-03,-953.676482,703.040338,1106.984531,0.621,0.170,3.823
1391,1.391000,728813.483199,-1448852.326350,-720038.843151,2.987058e-03,-953.131361,702.660930,1107.792625,0.626,1.528,4.288
1392,1.392000,728882.589847,-1448919.180438,-720036.590592,2.990177e-03,-952.566536,702.289460,1108.562653,0.613,0.167,5.854
1393,1.393000,728951.922063,-1448985.989733,-720034.067670,2.993670e-03,-952.032546,701.899476,1109.355922,0.625,0.253,3.894
1394,1.394000,729021.617871,-1449052.713567,-720031.095696,2.997785e-03,-951.540757,701.508670,1110.152259,0.591,0.170,3.855
1395,1.395000,729090.694194,-1449119.310510,-720028.616316,3.001218e-03,-951.020326,701.169594,1110.997725,0.608,0.134,3.744
1396,1.396000,729159.116848,-1449185.750537,-720026.633689,3.003964e-03,-950.440704,700.899296,1111.876348,0.608,0.152,3.757
1397,1.397000,729229.061289,-1449251.996999,-720022.935711,3.009084e-03,-949.890951,700.649545,1112.799365,0.609,0.162,3.822
1398,1.398000,729298.533800,-1449318.015699,-720019.481900,3.013866e-03,-949.339731,700.316476,1113.829035,0.617,0.170,3.883
1399,1.399000,729368.415948,-1449383.788116,-720015.372168,3.019557e-03,-948.692888,700.014845,1114.759541,0.614,0.454,4.290
1400,1.400000,729437.323415,-1449449.278292,-720011.954878,3.024289e-03,-947.973032,699.637731,1115.703666,0.588,0.179,3.729
1401,1.401000,729504.272318,-1449514.453652,-720010.181334,3.026745e-03,-947.219181,699.295895,1116.650151,0.581,0.196,3.643
1402,1.402000,729571.559817,-1449579.285961,-720007.726144,3.030144e-03,-946.490218,698.918262,1117.618233,0.620,0.181,3.744
1403,1.403000,729639.249809,-1449643.735250,-720004.485442,3.034632e-03,-945.728513,698.475663,1118.521354,0.611,0.161,3.759
1404,1.404000,729706.407561,-1449707.783662,-720001.376101,3.038937e-03,-944.990030,698.102343,1119.429834,0.610,0.162,5.795
1405,1.405000,729773.805256,-1449771.413906,-719997.608650,3.044154e-03,-944.253483,697.806036,1120.364865,0.738,0.150,3.877
1406,1.406000,729842.024658,-1449834.625855,-719992.601197,3.051087e-03,-943.472144,697.514683,1121.237100,0.622,0.199,3.772
1407,1.407000,729909.814583,-1449897.430613,-719987.616030,3.057990e-03,-942.623346,697.263959,1122.052571,0.598,0.158,4.568
1408,1.408000,729978.694200,-1449959.843905,-719981.149705,3.066944e-03,-941.822481,697.070544,1122.957131,1.343,0.434,5.297
1409,1.409000,730047.467100,-1450021.882388,-719974.415288,3.076269e-03,-941.094682,696.954005,1123.843604,0.613,0.268,7.562
1410,1.410000,730115.267624,-1450083.559618,-719968.291994,3.084747e-03,-940.293232,696.842597,1124.735856,0.588,0.190,4.849
1411,1.411000,730183.244602,-1450144.890143,-719961.645541,3.093950e-03,-939.488961,696.753107,1125.699992,0.589,0.205,3.995
1412,1.412000,730250.111961,-1450205.888902,-719955.776941,3.102077e-03,-938.704595,696.665055,1126.666918,0.619,0.164,3.671
1413,1.413000,730316.767681,-1450266.559148,-719949.791467,3.110364e-03,-937.936973,696.512879,1127.614831,0.606,0.141,3.789
1414,1.414000,730384.594784,-1450326.928384,-719942.333599,3.120691e-03,-937.136022,696.355128,1128.585913,0.611,0.175,3.826
1415,1.415000,730450.679677,-1450387.012995,-719936.333318,3.128999e-03,-936.313636,696.206913,1129.531431,0.615,0.153,3.805
1416,1.416000,730515.658354,-1450446.831056,-719931.172702,3.136145e-03,-935.545954,695.989045,1130.565991,0.612,0.157,3.700
1417,1.417000,730580.063743,-1450506.403998,-719926.340255,3.142836e-03,-934.774540,695.819568,1131.532145,0.609,0.147,3.780
1418,1.418000,730643.935926,-1450565.742737,-719921.806811,3.149114e-03,-934.074627,695.623174,1132.476057,0.605,0.150,3.646
1419,1.419000,730708.044549,-1450624.862505,-719916.817956,3.156022e-03,-933.395862,695.389950,1133.380671,0.611,0.153,3.719
1420,1.420000,730771.607279,-1450683.784356,-719912.177077,3.162448e-03,-932.810375,695.094594,1134.278793,0.626,0.175,3.815
1421,1.421000,730832.685315,-1450742.533701,-719909.848386,3.165672e-03,-932.221481,694.850649,1135.208773,0.620,0.166,3.768
1422,1.422000,730893.114900,-1450801.130192,-719908.015291,3.168210e-03,-931.650245,694.574959,1136.107359,4.828,0.730,16.576
1423,1.423000,730951.679844,-1450859.584310,-719907.904466,3.168364e-03,-931.062304,694.313968,1137.196435,0.613,0.169,3.793
1424,1.424000,731010.924912,-1450917.910253,-719906.985341,3.169637e-03,-930.525075,694.058359,1138.304629,0.623,0.209,3.810
1425,1.425000,731068.858492,-1450976.120888,-719907.262396,3.169253e-03,-929.985053,693.778349,1139.317466,0.614,0.174,3.968
1426,1.426000,731128.299559,-1451034.234563,-719905.935004,3.171091e-03,-929.436875,693.535464,1140.341990,0.617,0.161,3.797
1427,1.427000,731187.040114,-1451092.261989,-719905.221875,3.172078e-03,-928.914610,693.311712,1141.440959,0.611,0.164,3.789
1428,1.428000,731245.029051,-1451150.211844,-719905.182793,3.172132e-03,-928.404301,692.978856,1142.536432,0.611,0.150,3.721
1429,1.429000,731304.587738,-1451208.105089,-719903.517351,3.174439e-03,-927.901331,692.660579,1143.625509,0.615,0.145,3.718
1430,1.430000,731362.506215,-1451265.964268,-719903.458053,3.174521e-03,-927.370848,692.346902,1144.703266,0.609,0.181,3.775
1431,1.431000,731420.309754,-1451323.812210,-719903.502456,3.174459e-03,-926.820647,691.933417,1145.777188,0.614,0.166,3.822
1432,1.432000,731477.954869,-1451381.672623,-719903.717753,3.174161e-03,-926.250478,691.550341,1146.814141,0.615,0.170,3.792
1433,1.433000,731537.586989,-1451439.570764,-719901.983775,3.176562e-03,-925.668154,691.232083,1147.920893,0.609,0.142,3.756
1434,1.434000,731596.735856,-1451497.527943,-719900.792087,3.178212e-03,-925.054493,690.889370,1149.035416,0.615,0.271,3.773
1435,1.435000,731654.636065,-1451555.563767,-719900.927702,3.178024e-03,-924.431156,690.510546,1150.227457,0.606,0.138,3.701
1436,1.436000,731712.311538,-1451613.689456,-719901.377919,3.177401e-03,-923.767140,690.176333,1151.419231,0.622,0.174,3.797
1437,1.437000,731770.260103,-1451671.909316,-719901.649212,3.177025e-03,-923.058058,689.795196,1152.523678,0.608,0.147,7.739
1438,1.438000,731826.937567,-1451730.217826,-719903.280259,3.174767e-03,-922.386338,689.510363,1153.751806,0.615,0.175,3.797
1439,1.439000,731884.525985,-1451788.596209,-719904.070225,3.173673e-03,-921.637702,689.222728,1155.041010,0.608,0.163,3.788
1440,1.440000,731942.269741,-1451847.022723,-719904.752981,3.172728e-03,-920.918135,688.979446,1156.302427,0.710,0.752,4.107
1441,1.441000,732002.659323,-1451905.451722,-719902.792399,3.175442e-03,-920.164462,688.783167,1157.520171,0.623,0.203,3.732
1442,1.442000,732062.983043,-1451963.835398,-719900.852355,3.178129e-03,-919.401597,688.571572,1158.791044,0.605,0.139,3.696
1443,1.443000,732122.073678,-1452022.117154,-719900.043476,3.179249e-03,-918.628173,688.284674,1160.025044,0.602,0.137,3.708
1444,1.444000,732181.887937,-1452080.229313,-719898.341376,3.181606e-03,-917.886603,688.068330,1161.214462,0.610,0.183,4.359
1445,1.445000,732241.573442,-1452138.095595,-719896.522154,3.184125e-03,-917.171681,687.855114,1162.366615,0.605,0.173,3.738
1446,1.446000,732301.289253,-1452195.646072,-719894.356819,3.187123e-03,-916.410904,687.642034,1163.472170,0.606,0.170,3.728
1447,1.447000,732361.966831,-1452252.829492,-719890.862661,3.191961e-03,-915.598569,687.457487,1164.619216,0.611,0.175,3.777
1448,1.448000,732420.947300,-1452309.586827,-719888.639526,3.195039e-03,-914.840716,687.312510,1165.731950,0.610,0.202,3.816
1449,1.449000,732478.747752,-1452365.874643,-719887.126891,3.197134e-03,-914.078090,687.175546,1166.892298,0.609,0.147,3.933
1450,1.450000,732536.627225,-1452421.676081,-719885.048856,3.200011e-03,-913.272334,687.044403,1168.050390,0.612,0.192,3.691
1451,1.451000,732594.420522,-1452476.962530,-719882.542008,3.203482e-03,-912.425289,686.937613,1169.242046,0.613,0.145,3.720
1452,1.452000,732651.199287,-1452531.725466,-719880.526179,3.206274e-03,-911.548669,686.861620,1170.364845,0.616,0.168,3.789
1453,1.453000,732708.216360,-1452585.959974,-719877.743614,3.210127e-03,-910.663473,686.693717,1171.425043,0.607,0.144,3.716
1454,1.454000,732763.170627,-1452639.668075,-719876.497449,3.211852e-03,-909.687871,686.482177,1172.491410,0.618,0.965,27.256
1455,1.455000,732818.824223,-1452692.860664,-719874.036441,3.215260e-03,-908.742165,686.303325,1173.524767,0.623,0.169,3.754
1456,1.456000,732875.060036,-1452745.548276,-719870.488239,3.220173e-03,-907.705502,686.105294,1174.533934,0.608,0.155,3.703
1457,1.457000,732932.388320,-1452797.745927,-719865.357607,3.227277e-03,-906.724283,685.918791,1175.483839,0.619,0.167,3.925
1458,1.458000,732986.528611,-1452849.469733,-719862.941121,3.230623e-03,-905.648021,685.768755,1176.400345,0.619,0.589,4.491
1459,1.459000,733039.558305,-1452900.730763,-719861.172458,3.233072e-03,-904.565082,685.629013,1177.277605,0.640,0.209,3.800
1460,1.460000,733091.951947,-1452951.531654,-719859.579707,3.235278e-03,-903.453102,685.484180,1178.094589,0.613,0.140,3.695
1461,1.461000,733142.343005,-1453001.870776,-719859.527772,3.235349e-03,-902.281055,685.343131,1178.869833,0.622,0.182,3.950
1462,1.462000,733192.395878,-1453051.752397,-719859.356519,3.235587e-03,-901.008429,685.160367,1179.528862,0.629,0.201,3.911
1463,1.463000,733241.081648,-1453101.164551,-719860.082903,3.234581e-03,-899.750978,684.943932,1180.233058,0.613,0.154,3.815
1464,1.464000,733289.492226,-1453150.101450,-719860.609225,3.233852e-03,-898.495461,684.797976,1180.926455,0.621,0.166,5.424
1465,1.465000,733337.699801,-1453198.567839,-719860.868038,3.233494e-03,-897.233748,684.611471,1181.655762,0.618,0.176,3.752
1466,1.466000,733384.626959,-1453246.561511,-719861.934552,3.232017e-03,-896.070257,684.485882,1182.422506,0.610,0.164,3.699
1467,1.467000,733430.592428,-1453294.087243,-719863.494815,3.229856e-03,-894.855590,684.401765,1183.222099,0.621,0.209,3.790
1468,1.468000,733476.887816,-1453341.178047,-719864.290231,3.228755e-03,-893.583559,684.289199,1183.950471,0.609,0.172,3.762
1469,1.469000,733523.829494,-1453387.852731,-719864.023237,3.229125e-03,-892.300038,684.082964,1184.591011,0.613,0.230,8.266
1470,1.470000,733571.866396,-1453434.137141,-719862.270746,3.231551e-03,-891.090084,683.931530,1185.173851,1.775,15.460,10.503
1471,1.471000,733620.796125,-1453480.068230,-719859.272105,3.235703e-03,-889.955550,683.704092,1185.727474,0.611,0.270,3.701
1472,1.472000,733668.901646,-1453525.674900,-719856.773254,3.239164e-03,-888.817732,683.488394,1186.372843,0.612,0.250,3.699
1473,1.473000,733716.706255,-1453570.986673,-719854.280418,3.242615e-03,-887.666911,683.185398,1186.952267,0.615,0.151,8.170
1474,1.474000,733764.942777,-1453616.024379,-719851.081602,3.247045e-03,-886.502475,682.952171,1187.529864,0.609,0.158,3.760
1475,1.475000,733813.595791,-1453660.813370,-719847.217578,3.252395e-03,-885.494185,682.621256,1188.100306,0.617,0.162,6.950
1476,1.476000,733863.678656,-1453705.377357,-719841.698701,3.260037e-03,-884.506435,682.201494,1188.595208,0.614,0.170,3.756
1477,1.477000,733914.169421,-1453749.721587,-719835.552166,3.268548e-03,-883.543884,681.822286,1189.095558,0.612,0.195,3.795
1478,1.478000,733962.830182,-1453793.852265,-719831.022083,3.274820e-03,-882.574561,681.430357,1189.608380,0.604,0.136,3.716
1479,1.479000,734012.634775,-1453837.768231,-719825.133455,3.282974e-03,-881.581021,681.138737,1190.127721,0.613,0.160,3.780
1480,1.480000,734062.245566,-1453881.458461,-719819.212895,3.291172e-03,-880.540315,680.900440,1190.717629,0.607,0.146,4.006
1481,1.481000,734111.168246,-1453924.898284,-719813.730038,3.298764e-03,-879.537910,680.698567,1191.313020,0.610,0.161,3.760
1482,1.482000,734158.454213,-1453968.061937,-719809.607724,3.304472e-03,-878.521739,680.501547,1191.911929,0.608,0.151,3.702
1483,1.483000,734207.131325,-1454010.925442,-719803.794117,3.312522e-03,-877.516909,680.245680,1192.627704,0.605,0.147,3.742
1484,1.484000,734256.223839,-1454053.459216,-719797.235377,3.321604e-03,-876.463773,680.003386,1193.314755,0.609,0.170,3.750
1485,1.485000,734304.602474,-1454095.634593,-719791.032119,3.330193e-03,-875.430820,679.781985,1194.011179,0.609,0.153,3.733
1486,1.486000,734353.810756,-1454137.417198,-719783.606442,3.340475e-03,-874.414002,679.585131,1194.691581,0.612,0.165,7.432
1487,1.487000,734402.175235,-1454178.771514,-719776.596279,3.350182e-03,-873.432122,679.242021,1195.417388,0.612,0.178,3.862
1488,1.488000,734450.996479,-1454219.665299,-719768.668821,3.361159e-03,-872.437029,678.961574,1196.220979,0.622,0.176,4.803
1489,1.489000,734497.778127,-1454260.070900,-719762.292773,3.369987e-03,-871.513164,678.654740,1196.930029,0.608,0.157,8.437
1490,1.490000,734544.707754,-1454299.953730,-719755.245976,3.379745e-03,-870.548043,678.392771,1197.674992,0.606,0.158,3.742
1491,1.491000,734591.635542,-1454339.264377,-719747.628835,3.390292e-03,-869.531005,678.097796,1198.442980,0.609,0.177,3.803
1492,1.492000,734638.947984,-1454377.960843,-719739.012859,3.402222e-03,-868.619082,677.887476,1199.218120,0.610,0.151,3.785
1493,1.493000,734686.061873,-1454416.003521,-719729.941648,3.414783e-03,-867.769851,677.776434,1200.069697,0.639,0.227,5.453
1494,1.494000,734730.625316,-1454453.360283,-719722.734967,3.424762e-03,-866.880092,677.656635,1200.885896,0.595,0.175,3.759
1495,1.495000,734775.217565,-1454490.003079,-719714.785515,3.435769e-03,-865.967113,677.634117,1201.674889,0.615,0.172,3.813
1496,1.496000,734821.040185,-1454525.909610,-719704.869425,3.449500e-03,-865.126261,677.608021,1202.580386,0.600,0.256,5.441
1497,1.497000,734864.657635,-1454561.075433,-719696.417799,3.461202e-03,-864.318232,677.662069,1203.474740,0.584,0.151,3.624
1498,1.498000,734908.430877,-1454595.504754,-719687.073877,3.474140e-03,-863.512532,677.658369,1204.295912,0.589,0.152,3.655
1499,1.499000,734950.786225,-1454629.203015,-719678.416789,3.486128e-03,-862.774815,677.678090,1205.097822,0.594,0.192,3.641
1500,1.500000,734991.698350,-1454662.173614,-719670.475264,3.497124e-03,-862.068275,677.752807,1205.938938,0.612,0.157,3.748
1501,1.501000,735031.044237,-1454694.413347,-719663.369109,3.506964e-03,-861.360867,677.843304,1206.736906,0.615,0.174,5.179
1502,1.502000,735070.629077,-1454725.917742,-719655.288664,3.518152e-03,-860.550943,677.800755,1207.534858,0.590,0.291,3.575
1503,1.503000,735107.374916,-1454756.677957,-719649.303042,3.526440e-03,-859.694962,677.748086,1208.294822,0.591,0.165,3.664
1504,1.504000,735145.724490,-1454786.693232,-719640.968742,3.537981e-03,-858.820222,677.660528,1209.131202,0.591,0.158,3.626
1505,1.505000,735185.054151,-1454815.970799,-719630.916649,3.551899e-03,-858.005944,677.527421,1209.959834,0.599,1.231,3.803
1506,1.506000,735222.443228,-1454844.521328,-719622.078100,3.564138e-03,-857.238795,677.376531,1210.786196,0.623,0.186,3.942
1507,1.507000,735260.130406,-1454872.368408,-719612.238002,3.577763e-03,-856.490708,677.139578,1211.529044,0.613,0.172,4.368
1508,1.508000,735294.419393,-1454899.540424,-719605.121031,3.587618e-03,-855.693453,676.868335,1212.295460,0.616,0.187,3.820
1509,1.509000,735329.006306,-1454926.061435,-719597.055128,3.598786e-03,-854.773516,676.590578,1212.976853,0.596,0.149,3.713
1510,1.510000,735362.843933,-1454951.974277,-719589.130344,3.609759e-03,-853.746938,676.305429,1213.587287,0.614,0.151,3.734
1511,1.511000,735395.345757,-1454977.312339,-719581.966583,3.619679e-03,-852.783198,676.084830,1214.139742,0.611,0.164,4.650
1512,1.512000,735426.612189,-1455002.103785,-719575.491597,3.628645e-03,-851.829112,675.879487,1214.620787,0.610,0.145,3.712
1513,1.513000,735458.775750,-1455026.355417,-719567.579667,3.639600e-03,-850.903227,675.694756,1215.086884,0.614,0.176,3.810
1514,1.514000,735490.393087,-1455050.074007,-719559.680921,3.650537e-03,-850.003390,675.485353,1215.632758,0.614,0.177,4.064
1515,1.515000,735519.897657,-1455073.257478,-719553.359821,3.659290e-03,-849.213949,675.347088,1216.233809,1.084,0.367,5.321
1516,1.516000,735548.160537,-1455095.890559,-719547.730022,3.667085e-03,-848.450111,675.220942,1216.855860,0.617,0.171,3.738
1517,1.517000,735574.987027,-1455117.960152,-719542.973125,3.673672e-03,-847.742253,675.066232,1217.485730,0.612,0.155,3.690
1518,1.518000,735599.313694,-1455139.445813,-719540.132118,3.677606e-03,-847.122629,675.003950,1218.105509,0.610,0.146,3.751
1519,1.519000,735624.621930,-1455160.332787,-719535.710858,3.683728e-03,-846.455427,674.939569,1218.783068,0.618,0.165,3.803
1520,1.520000,735648.418448,-1455180.611309,-719532.192861,3.688599e-03,-845.818718,674.850382,1219.528145,0.613,0.151,3.763
1521,1.521000,735669.549484,-1455200.280425,-719530.730941,3.690623e-03,-845.224554,674.864868,1220.233685,0.606,0.136,3.736
1522,1.522000,735689.328127,-1455219.337029,-719530.008902,3.691623e-03,-844.668917,674.960059,1220.973496,0.607,0.146,3.704
1523,1.523000,735708.794105,-1455237.791202,-719528.997097,3.693024e-03,-844.083620,674.979840,1221.649101,0.619,0.159,6.322
1524,1.524000,735727.709548,-1455255.630796,-719527.921248,3.694514e-03,-843.466248,675.028590,1222.309376,0.615,0.175,5.766
1525,1.525000,735746.902673,-1455272.844065,-719525.941392,3.697255e-03,-842.823898,675.192247,1222.890405,0.695,1.994,5.434
1526,1.526000,735766.166143,-1455289.428083,-719523.261941,3.700965e-03,-842.253269,675.339057,1223.483340,0.642,0.219,4.190
1527,1.527000,735784.589549,-1455305.379177,-719520.789629,3.704388e-03,-841.714178,675.445223,1224.129466,0.610,0.321,5.393
1528,1.528000,735802.135014,-1455320.706312,-719518.571297,3.707460e-03,-841.163859,675.543693,1224.754262,0.612,0.189,3.795
1529,1.529000,735820.678979,-1455335.426200,-719514.747222,3.712755e-03,-840.688943,675.611915,1225.353484,0.606,0.162,3.765
1530,1.530000,735838.245407,-1455349.548472,-719511.303065,3.717524e-03,-840.191790,675.698509,1225.944954,0.612,0.169,3.768
1531,1.531000,735853.525089,-1455363.083699,-719509.558610,3.719940e-03,-839.718941,675.840232,1226.503479,0.625,0.197,5.174
1532,1.532000,735868.997173,-1455376.037364,-719507.040191,3.723427e-03,-839.252100,675.981558,1227.053740,0.612,0.153,3.755
1533,1.533000,735883.981459,-1455388.406628,-719504.425169,3.727048e-03,-838.734438,676.025750,1227.569024,0.624,0.642,3.873
1534,1.534000,735899.142304,-1455400.174723,-719501.032419,3.731746e-03,-838.124202,676.081518,1228.117324,0.635,0.185,4.570
1535,1.535000,735913.531621,-1455411.308494,-719497.776873,3.736253e-03,-837.463388,676.009615,1228.607671,0.611,0.168,3.757
1536,1.536000,735926.748103,-1455421.783445,-719495.035342,3.740050e-03,-836.717314,675.970336,1229.121439,0.612,0.179,3.790
1537,1.537000,735940.251934,-1455431.584694,-719491.332760,3.745176e-03,-836.023571,675.898858,1229.617587,0.609,0.186,3.879
1538,1.538000,735950.553490,-1455440.698230,-719490.144740,3.746821e-03,-835.431561,675.904729,1230.168400,0.623,0.178,3.828
1539,1.539000,735959.562728,-1455449.127459,-719489.564731,3.747624e-03,-834.876897,675.810819,1230.758725,0.610,0.167,3.831
1540,1.540000,735967.392969,-1455456.891856,-719489.498887,3.747716e-03,-834.230299,675.730455,1231.308227,0.612,0.253,3.823
1541,1.541000,735973.665182,-1455464.022656,-719490.357475,3.746527e-03,-833.581588,675.697924,1231.806550,0.611,0.209,22.506
1542,1.542000,735979.194666,-1455470.542791,-719491.348125,3.745155e-03,-832.878046,675.704447,1232.334148,0.617,0.179,3.793
1543,1.543000,735982.583835,-1455476.490804,-719493.906969,3.741612e-03,-832.168628,675.802901,1232.826410,0.620,0.191,3.788
1544,1.544000,735986.625796,-1455481.905413,-719495.279616,3.739711e-03,-831.496219,675.837953,1233.356392,0.620,0.166,3.800
1545,1.545000,735990.536161,-1455486.815553,-719496.279392,3.738327e-03,-830.942368,675.917864,1233.803947,0.624,0.211,3.828
1546,1.546000,735992.887926,-1455491.248176,-719498.360250,3.735446e-03,-830.433820,675.956286,1234.246830,0.612,0.156,3.782
1547,1.547000,735995.327857,-1455495.218877,-719499.891021,3.733326e-03,-829.843002,675.968049,1234.691423,0.619,0.201,3.811
1548,1.548000,735995.654507,-1455498.729310,-719503.074803,3.728918e-03,-829.278003,676.036224,1235.068871,0.614,0.160,3.758
1549,1.549000,735994.872912,-1455501.767047,-719506.894135,3.723629e-03,-828.742260,676.055623,1235.420043,0.615,0.194,3.796
1550,1.550000,735994.027433,-1455504.324635,-719510.297202,3.718917e-03,-828.158481,676.064665,1235.730400,0.611,0.154,3.759
1551,1.551000,735992.353053,-1455506.376914,-719514.023861,3.713757e-03,-827.525381,676.054594,1235.984049,0.611,0.166,3.735
1552,1.552000,735992.448499,-1455507.888364,-719515.439865,3.711796e-03,-826.961595,676.132193,1236.204217,6.602,0.792,26.527
1553,1.553000,735990.634539,-1455508.822504,-719518.187964,3.707991e-03,-826.359844,676.220092,1236.375441,0.616,0.177,3.737
1554,1.554000,735986.533152,-1455509.134763,-719522.601611,3.701879e-03,-825.730002,676.299085,1236.542751,0.607,0.146,3.699
1555,1.555000,735980.027491,-1455508.794843,-719528.767352,3.693342e-03,-825.054901,676.360469,1236.688683,0.607,0.146,3.682
1556,1.556000,735973.396065,-1455507.778462,-719534.382398,3.685567e-03,-824.439234,676.388121,1236.832214,0.612,0.158,3.763
1557,1.557000,735965.996626,-1455506.056117,-719540.059490,3.677706e-03,-823.803710,676.396700,1237.062862,0.612,0.152,3.758
1558,1.558000,735959.810182,-1455503.618906,-719543.808724,3.672515e-03,-823.169933,676.419284,1237.191623,0.634,0.176,3.751
1559,1.559000,735954.402431,-1455500.468327,-719546.065895,3.669389e-03,-822.520176,676.482233,1237.336686,0.613,0.153,3.767
1560,1.560000,735949.690689,-1455496.627885,-719546.937197,3.668183e-03,-821.838794,676.593155,1237.537675,0.623,0.172,3.764
1561,1.561000,735944.654694,-1455492.119939,-719547.465245,3.667452e-03,-821.048431,676.769094,1237.812148,0.610,0.148,3.690
1562,1.562000,735939.093338,-1455486.966627,-719547.873289,3.666887e-03,-820.336559,676.931801,1238.097826,0.619,0.178,3.766
1563,1.563000,735931.439129,-1455481.195515,-719549.756386,3.664279e-03,-819.647081,677.186548,1238.362132,0.608,0.136,3.683
1564,1.564000,735923.181467,-1455474.831142,-719551.649676,3.661658e-03,-818.972779,677.416345,1238.587249,0.615,0.186,3.800
1565,1.565000,735914.518129,-1455467.906394,-719553.388264,3.659250e-03,-818.295727,677.544563,1238.862107,0.612,0.151,3.776
1566,1.566000,735904.876771,-1455460.459180,-719555.582409,3.656212e-03,-817.669799,677.799937,1239.155771,0.615,0.144,3.770
1567,1.567000,735894.860321,-1455452.524910,-719557.664589,3.653329e-03,-816.975033,678.130257,1239.440890,0.613,0.154,3.784
1568,1.568000,735885.594517,-1455444.138262,-719558.543745,3.652112e-03,-816.238649,678.380776,1239.755540,0.604,0.152,3.733
1569,1.569000,735876.458484,-1455435.325565,-719558.867081,3.651664e-03,-815.431755,678.607850,1240.254053,0.612,0.164,3.794
1570,1.570000,735867.068491,-1455426.109250,-719559.040759,3.651423e-03,-814.516069,678.749788,1240.764133,0.628,0.192,3.844
1571,1.571000,735857.339534,-1455416.517598,-719559.178064,3.651233e-03,-813.703957,678.916791,1241.295198,0.608,0.193,3.739
1572,1.572000,735846.805449,-1455406.569958,-719559.764509,3.650421e-03,-812.896917,679.014734,1241.836731,0.615,0.228,3.779
1573,1.573000,735834.599764,-1455396.287010,-719561.687246,3.647759e-03,-812.028953,679.003494,1242.465345,0.613,0.162,3.761
1574,1.574000,735823.012945,-1455385.687757,-719562.674812,3.646391e-03,-811.138167,679.090091,1243.030078,0.610,0.151,4.067
1575,1.575000,735810.527603,-1455374.784832,-719564.257230,3.644200e-03,-810.254612,679.227986,1243.612840,0.612,0.157,3.744
1576,1.576000,735796.736344,-1455363.596612,-719566.860268,3.640596e-03,-809.341101,679.395376,1244.283716,0.610,0.192,34.162
1577,1.577000,735782.569033,-1455352.140687,-719569.571654,3.636842e-03,-808.392098,679.469251,1244.936865,0.643,1.030,3.995
1578,1.578000,735767.303079,-1455340.431566,-719573.128487,3.631917e-03,-807.439866,679.479399,1245.622558,0.620,0.217,3.737
1579,1.579000,735750.319979,-1455328.482327,-719578.162348,3.624946e-03,-806.548852,679.520019,1246.318051,0.610,0.156,10.258
1580,1.580000,735733.704894,-1455316.309366,-719582.604472,3.618796e-03,-805.589692,679.471857,1247.058742,0.609,0.167,3.823
1581,1.581000,735718.698486,-1455303.924428,-719585.225942,3.615166e-03,-804.656189,679.438522,1247.877892,0.618,0.188,3.817
1582,1.582000,735701.770401,-1455291.340354,-719589.569953,3.609151e-03,-803.689904,679.389324,1248.710895,0.611,0.174,3.800
1583,1.583000,735685.512865,-1455278.575161,-719593.062296,3.604315e-03,-802.649702,679.331708,1249.544965,0.607,0.168,3.815
1584,1.584000,735668.379148,-1455265.641082,-719597.261934,3.598500e-03,-801.646992,679.298366,1250.382006,0.616,0.262,54.427
1585,1.585000,735652.231462,-1455252.535696,-719600.304234,3.594287e-03,-800.605282,679.415665,1251.271897,0.632,0.227,3.875
1586,1.586000,735635.661847,-1455239.261258,-719603.599412,3.589725e-03,-799.561103,679.502917,1252.096752,0.616,0.167,3.736
1587,1.587000,735619.576941,-1455225.822929,-719606.245989,3.586060e-03,-798.514797,679.548192,1252.940767,0.602,0.136,3.694
1588,1.588000,735603.818829,-1455212.223636,-719608.404807,3.583071e-03,-797.474926,679.590907,1253.740292,0.610,0.195,3.859
1589,1.589000,735587.967005,-1455198.495356,-719610.528351,3.580130e-03,-796.506502,679.571136,1254.439186,0.612,0.192,3.782
1590,1.590000,735571.175272,-1455184.664251,-719613.488979,3.576031e-03,-795.564573,679.476238,1255.272075,0.609,0.148,3.696
1591,1.591000,735554.591273,-1455170.755924,-719616.164651,3.572326e-03,-794.528981,679.361721,1256.096470,1.597,0.251,3.792
1592,1.592000,735539.766205,-1455156.789492,-719617.023287,3.571137e-03,-793.597560,679.188711,1256.854292,0.611,0.156,3.787
1593,1.593000,735526.608872,-1455142.784551,-719616.175679,3.572311e-03,-792.730588,679.066508,1257.746786,0.612,0.146,3.705
1594,1.594000,735513.269099,-1455128.759063,-719615.489964,3.573260e-03,-791.858902,679.047209,1258.622068,0.652,0.240,5.656
1595,1.595000,735499.894219,-1455114.746344,-719614.852126,3.574143e-03,-790.992848,679.049479,1259.515885,0.618,0.176,4.489
1596,1.596000,735487.475006,-1455100.758652,-719613.283646,3.576315e-03,-790.177153,679.028884,1260.379606,0.628,0.184,3.865
1597,1.597000,735474.481698,-1455086.788782,-719612.307084,3.577667e-03,-789.302880,679.036551,1261.278809,0.611,0.175,3.829
1598,1.598000,735461.240522,-1455072.818076,-719611.577554,3.578678e-03,-788.460702,679.064637,1262.114327,0.608,0.174,3.846
1599,1.599000,735449.183020,-1455058.811614,-719609.628594,3.581376e-03,-787.679930,679.066573,1262.931681,0.620,0.206,3.846
1600,1.600000,735436.758675,-1455044.715984,-719607.957309,3.583690e-03,-786.907914,679.033448,1263.796315,0.640,0.246,5.671
1601,1.601000,735424.209494,-1455030.479640,-719606.270146,3.586027e-03,-786.207514,678.878667,1264.642872,0.624,0.281,3.798
1602,1.602000,735411.939916,-1455016.035108,-719604.095192,3.589038e-03,-785.498238,678.696230,1265.547835,0.617,0.173,3.805
1603,1.603000,735398.508318,-1455001.304017,-719602.795699,3.590837e-03,-784.664587,678.539209,1266.404400,0.611,0.159,4.817
1604,1.604000,735384.662265,-1454986.216920,-719601.554656,3.592556e-03,-783.912430,678.440335,1267.244542,0.632,0.237,3.783
1605,1.605000,735368.126137,-1454970.702099,-719602.575962,3.591142e-03,-783.111198,678.375515,1268.084078,0.594,0.165,3.813
1606,1.606000,735351.070824,-1454954.703234,-719603.632411,3.589679e-03,-782.356891,678.285163,1268.961124,0.621,0.180,3.818
1607,1.607000,735334.537231,-1454938.162667,-719603.625436,3.589689e-03,-781.600205,678.192596,1269.828666,0.964,0.354,5.690
1608,1.608000,735318.761948,-1454921.046110,-719602.284162,3.591546e-03,-780.817176,678.056292,1270.793012,0.610,0.172,3.762
1609,1.609000,735302.779260,-1454903.326048,-719600.546788,3.593951e-03,-779.953178,677.893313,1271.745126,0.616,0.280,37.856
1610,1.610000,735285.774468,-1454885.001178,-719599.226711,3.595779e-03,-779.072003,677.689372,1272.710381,0.590,0.160,3.650
1611,1.611000,735268.550164,-1454866.063382,-719597.513218,3.598152e-03,-778.170088,677.521621,1273.729152,0.609,0.144,3.644
1612,1.612000,735250.317663,-1454846.511487,-719596.193824,3.599979e-03,-777.236044,677.394902,1274.686677,0.607,0.137,3.709
1613,1.613000,735231.258577,-1454826.362405,-719595.103828,3.601488e-03,-776.306268,677.317018,1275.593028,0.623,0.167,3.806
1614,1.614000,735211.126202,-1454805.640095,-719594.513893,3.602305e-03,-775.340058,677.170694,1276.575237,0.613,0.214,3.828
1615,1.615000,735189.860053,-1454784.368091,-719594.508038,3.602313e-03,-774.247664,677.026459,1277.610908,0.607,0.136,3.724
1616,1.616000,735169.289932,-1454762.570428,-719593.280496,3.604013e-03,-773.245144,677.001550,1278.619878,0.612,0.155,3.787
1617,1.617000,735146.510692,-1454740.278846,-719593.768154,3.603338e-03,-772.264396,676.975630,1279.618778,0.619,0.277,3.737
1618,1.618000,735121.995673,-1454717.520618,-719595.524944,3.600905e-03,-771.388928,677.007100,1280.618138,1.334,0.488,9.216
1619,1.619000,735098.181667,-1454694.326157,-719596.144490,3.600047e-03,-770.537377,676.928383,1281.686045,0.614,0.160,3.804
1620,1.620000,735073.116111,-1454670.729802,-719597.613690,3.598013e-03,-769.639559,676.865855,1282.845834,0.612,0.161,4.573
1621,1.621000,735047.726342,-1454646.761565,-719599.035223,3.596044e-03,-768.784449,676.773859,1283.951361,0.615,0.236,3.813
1622,1.622000,735022.062438,-1454622.452535,-719600.390098,3.594168e-03,-767.909888,676.694261,1285.025441,0.610,0.155,3.700
1623,1.623000,734995.877085,-1454597.832595,-719601.955510,3.592001e-03,-767.015562,676.649241,1286.150209,0.608,0.152,3.770
1624,1.624000,734969.710938,-1454572.937035,-719603.226097,3.590242e-03,-766.095331,676.625000,1287.321771,0.606,0.149,3.801
1625,1.625000,734941.961025,-1454547.784075,-719605.823050,3.586646e-03,-765.136933,676.586156,1288.513777,0.614,0.139,3.825
1626,1.626000,734914.683105,-1454522.393915,-719607.710810,3.584032e-03,-764.277820,676.591930,1289.634658,0.611,0.164,3.715
1627,1.627000,734888.724937,-1454496.791402,-719608.066465,3.583539e-03,-763.405527,676.639014,1290.734189,0.619,0.224,3.712
1628,1.628000,734862.775581,-1454470.994104,-719608.218523,3.583329e-03,-762.530218,676.646329,1291.893520,0.610,0.236,3.699
1629,1.629000,734835.882206,-1454445.012844,-719609.130638,3.582066e-03,-761.672664,676.722521,1293.010977,0.610,0.152,3.786
1630,1.630000,734808.685909,-1454418.873330,-719610.187420,3.580602e-03,-760.834441,676.729107,1294.176860,0.606,0.139,6.528
1631,1.631000,734780.632912,-1454392.598296,-719611.965384,3.578141e-03,-760.012744,676.548911,1295.325990,0.612,0.147,3.705
1632,1.632000,734752.136917,-1454366.209465,-719614.072548,3.575223e-03,-759.181680,676.319551,1296.483731,0.613,0.199,3.838
1633,1.633000,734723.780087,-1454339.741124,-719615.961037,3.572608e-03,-758.287924,676.151990,1297.670589,0.643,0.159,8.302
1634,1.634000,734696.269238,-1454313.232081,-719616.962842,3.571221e-03,-757.455285,676.028846,1298.776066,0.625,0.238,27.799
1635,1.635000,734667.547324,-1454286.721249,-719619.173925,3.568159e-03,-756.591469,675.933018,1299.940578,0.611,0.180,3.804
1636,1.636000,734638.792049,-1454260.251253,-719621.459204,3.564995e-03,-755.741654,675.741737,1301.068592,0.608,0.128,3.705
1637,1.637000,734607.338328,-1454233.846995,-719626.508666,3.558003e-03,-754.917092,675.530427,1302.205461,1.744,0.425,3.857
1638,1.638000,734576.721147,-1454207.530971,-719630.809824,3.552047e-03,-754.226031,675.308441,1303.319093,0.613,0.228,3.731
1639,1.639000,734545.359406,-1454181.310266,-719635.950860,3.544929e-03,-753.573589,675.042654,1304.380524,0.620,0.174,11.241
1640,1.640000,734512.655329,-1454155.181739,-719642.526410,3.535824e-03,-752.942609,674.780721,1305.415887,3.667,1.843,3.794
1641,1.641000,734480.463991,-1454129.139770,-719648.675779,3.527309e-03,-752.357745,674.451910,1306.405881,0.639,0.150,3.871
1642,1.642000,734450.321659,-1454103.181982,-719652.860323,3.521515e-03,-751.709600,674.072147,1307.367419,0.610,0.149,3.770
1643,1.643000,734420.061984,-1454077.302124,-719657.240140,3.515450e-03,-751.089207,673.661862,1308.428139,0.607,0.133,3.705
1644,1.644000,734390.848329,-1454051.477257,-719660.628928,3.510758e-03,-750.550561,673.251507,1309.462428,0.636,0.152,3.889
1645,1.645000,734362.917744,-1454025.689978,-719662.772233,3.507790e-03,-750.041229,672.835349,1310.578344,0.629,0.198,3.791
1646,1.646000,734333.811874,-1453999.933568,-719666.121695,3.503152e-03,-749.576190,672.441771,1311.707328,0.614,0.166,3.887
1647,1.647000,734303.412254,-1453974.191631,-719670.779377,3.496703e-03,-749.068577,671.972463,1312.861827,0.609,0.147,3.714
1648,1.648000,734272.819646,-1453948.456605,-719675.636959,3.489977e-03,-748.548300,671.429410,1313.988047,0.640,0.163,3.808
1649,1.649000,734243.715782,-1453922.740172,-719679.024390,3.485286e-03,-748.043448,670.856094,1315.071603,0.610,0.150,3.797
1650,1.650000,734215.396613,-1453897.031911,-719681.635298,3.481671e-03,-747.562285,670.397238,1316.098265,0.612,0.150,3.765
1651,1.651000,734187.350776,-1453871.331950,-719683.981175,3.478423e-03,-747.074165,669.920154,1317.133510,0.637,0.155,3.885
1652,1.652000,734158.661461,-1453845.630602,-719686.969140,3.474285e-03,-746.636640,669.416118,1318.161156,0.639,0.178,3.837
1653,1.653000,734129.058302,-1453819.915657,-719690.857355,3.468902e-03,-746.209221,668.925914,1319.137933,0.614,0.165,3.767
1654,1.654000,734098.189612,-1453794.174023,-719695.984411,3.461802e-03,-745.746243,668.479801,1320.186559,0.620,0.146,7.306
1655,1.655000,734065.633698,-1453768.380757,-719702.747059,3.452438e-03,-745.360578,668.002647,1321.141129,0.620,0.143,3.704
1656,1.656000,734033.315163,-1453742.519692,-719709.204529,3.443497e-03,-744.941874,667.542899,1322.029910,0.635,0.159,3.813
1657,1.657000,734000.875696,-1453716.564114,-719715.688418,3.434519e-03,-744.648324,667.032220,1322.928537,0.612,0.152,3.923
1658,1.658000,733968.140579,-1453690.486193,-719722.345614,3.425301e-03,-744.389549,666.537341,1323.743952,0.630,0.171,3.804
1659,1.659000,733935.365453,-1453664.245350,-719728.879897,3.416253e-03,-744.025818,665.964891,1324.561182,0.640,0.147,3.861
1660,1.660000,733904.229496,-1453637.814079,-719733.584584,3.409739e-03,-743.765321,665.496576,1325.299170,0.640,0.161,27.042
1661,1.661000,733873.848901,-1453611.161395,-719737.312494,3.404577e-03,-743.450071,665.005070,1326.088334,0.621,0.187,3.795
1662,1.662000,733844.713226,-1453584.275015,-719739.561789,3.401462e-03,-743.238815,664.399425,1326.884929,0.609,0.175,3.712
1663,1.663000,733814.480930,-1453557.151822,-719742.670892,3.397157e-03,-743.047228,663.878635,1327.633020,1.191,0.530,6.356
1664,1.664000,733785.032107,-1453529.789663,-719744.757556,3.394268e-03,-742.858538,663.339262,1328.406162,0.609,0.167,3.843
1665,1.665000,733756.466243,-1453502.204488,-719745.738246,3.392910e-03,-742.723245,662.862797,1329.223858,0.607,0.157,3.750
1666,1.666000,733728.576866,-1453474.432396,-719745.855530,3.392747e-03,-742.613286,662.456337,1330.055089,0.610,0.157,3.792
1667,1.667000,733699.297164,-1453446.518292,-719747.221128,3.390857e-03,-742.612255,662.101753,1330.833703,0.613,0.145,3.773
1668,1.668000,733669.592986,-1453418.513176,-719748.920189,3.388504e-03,-742.637935,661.754281,1331.558444,0.893,0.184,4.033
1669,1.669000,733640.433351,-1453390.475742,-719750.042391,3.386950e-03,-742.633858,661.349068,1332.357716,0.629,0.177,3.853
1670,1.670000,733610.898840,-1453362.451168,-719751.552328,3.384859e-03,-742.552034,661.033119,1333.085316,0.674,0.311,3.868
1671,1.671000,733582.580818,-1453334.482266,-719751.901448,3.384376e-03,-742.423090,660.721671,1333.777704,0.618,0.224,7.935
1672,1.672000,733553.819858,-1453306.625195,-719752.805337,3.383124e-03,-742.226737,660.370360,1334.532330,6.289,0.886,6.909
1673,1.673000,733526.236248,-1453278.930380,-719752.694132,3.383278e-03,-742.049924,659.967581,1335.219592,0.699,0.187,5.031
1674,1.674000,733498.496003,-1453251.438261,-719752.942257,3.382935e-03,-741.784887,659.538880,1336.003303,1.523,0.173,3.985
1675,1.675000,733471.305102,-1453224.165229,-719752.860127,3.383048e-03,-741.581636,659.113253,1336.794695,5.192,0.453,10.182
1676,1.676000,733443.363873,-1453197.130343,-719753.766470,3.381793e-03,-741.364595,658.612130,1337.595327,0.592,0.165,3.646
1677,1.677000,733415.324178,-1453170.338832,-719755.014654,3.380065e-03,-741.143028,658.126055,1338.346964,0.610,0.162,3.779
1678,1.678000,733386.910995,-1453143.795101,-719756.884106,3.377477e-03,-740.827090,657.639517,1339.025536,0.610,0.165,10.737
1679,1.679000,733360.778287,-1453117.487500,-719756.709213,3.377719e-03,-740.552780,657.097586,1339.656241,0.610,0.158,3.767
1680,1.680000,733333.505843,-1453091.411516,-719757.905673,3.376062e-03,-740.180183,656.472244,1340.279735,0.609,0.163,3.775
1681,1.681000,733307.346531,-1453065.559994,-719758.213463,3.375636e-03,-739.807397,655.832174,1340.863860,0.607,0.147,3.781
1682,1.682000,733280.477983,-1453039.916785,-719759.438801,3.373939e-03,-739.440086,655.215098,1341.452245,0.603,0.131,3.695
1683,1.683000,733254.152485,-1453014.497415,-719760.344930,3.372684e-03,-739.083093,654.607749,1342.132889,0.624,0.168,3.795
1684,1.684000,733228.771361,-1452989.298891,-719760.527529,3.372432e-03,-738.624662,653.992024,1342.805648,2.821,0.352,4.524
1685,1.685000,733204.121779,-1452964.316321,-719760.194542,3.372893e-03,-738.224461,653.421716,1343.427545,0.636,0.184,3.823
1686,1.686000,733178.481919,-1452939.546409,-719761.064489,3.371688e-03,-737.866048,652.842928,1344.024433,0.611,0.165,3.964
1687,1.687000,733153.942776,-1452914.972860,-719761.030083,3.371736e-03,-737.526130,652.191812,1344.704157,0.607,0.158,3.735
1688,1.688000,733130.426294,-1452890.585027,-719760.158733,3.372942e-03,-737.119213,651.625161,1345.405477,0.612,0.191,3.818
1689,1.689000,733107.933876,-1452866.362300,-719758.428424,3.375338e-03,-736.782040,651.043228,1346.083156,0.625,0.237,3.823
1690,1.690000,733084.382079,-1452842.295651,-719757.913572,3.376051e-03,-736.490593,650.510670,1346.864097,0.609,0.189,3.767
1691,1.691000,733062.468990,-1452818.372556,-719755.903566,3.378834e-03,-736.209912,649.957663,1347.601287,0.623,0.176,3.776
1692,1.692000,733039.958927,-1452794.581140,-719754.622213,3.380609e-03,-735.920843,649.411810,1348.345056,0.642,0.278,3.822
1693,1.693000,733019.875922,-1452770.903590,-719751.027668,3.385586e-03,-735.620866,648.892841,1349.080898,0.603,0.144,3.695
1694,1.694000,732999.717618,-1452747.331862,-719747.614244,3.390312e-03,-735.357497,648.293437,1349.847025,0.608,0.145,3.868
1695,1.695000,732979.721913,-1452723.847315,-719744.125401,3.395143e-03,-734.991692,647.745781,1350.560264,0.633,0.298,3.915
1696,1.696000,732959.273867,-1452700.435100,-719741.161233,3.399247e-03,-734.627170,647.169960,1351.303617,0.614,0.225,8.188
1697,1.697000,732939.300606,-1452677.095349,-719737.794743,3.403909e-03,-734.275826,646.682510,1352.011883,0.611,0.162,3.803
1698,1.698000,732919.952636,-1452653.824254,-719733.871618,3.409341e-03,-733.875329,646.159497,1352.693782,0.612,0.162,3.792
1699,1.699000,732900.627583,-1452630.613853,-719729.986270,3.414721e-03,-733.464885,645.652943,1353.496805,0.612,0.149,3.742
1700,1.700000,732881.965346,-1452607.466106,-719725.500759,3.420932e-03,-733.046554,645.127484,1354.274776,0.613,0.155,3.769
1701,1.701000,732863.761652,-1452584.383926,-719720.622274,3.427687e-03,-732.581301,644.592383,1355.058813,0.621,0.149,7.106
1702,1.702000,732846.010515,-1452561.366200,-719715.355685,3.434980e-03,-732.061025,644.023309,1355.793723,0.612,0.157,3.766
1703,1.703000,732828.199369,-1452538.395189,-719710.195820,3.442124e-03,-731.550826,643.541134,1356.537562,0.614,0.161,3.781
1704,1.704000,732810.092154,-1452515.464915,-719705.372761,3.448803e-03,-730.933974,643.009083,1357.272908,0.609,0.292,3.715
1705,1.705000,732791.823387,-1452492.557804,-719700.734417,3.455225e-03,-730.315025,642.429329,1358.019689,1.450,0.411,3.906
1706,1.706000,732772.937920,-1452469.646081,-719696.708161,3.460800e-03,-729.717351,641.784824,1358.761025,0.636,0.167,3.886
1707,1.707000,732755.188089,-1452446.718966,-719691.530877,3.467969e-03,-729.143944,641.237368,1359.527584,0.615,0.174,3.853
1708,1.708000,732735.047790,-1452423.756316,-719688.708526,3.471877e-03,-728.585683,640.686428,1360.316316,0.623,0.187,3.840
1709,1.709000,732715.548817,-1452400.756878,-719685.208061,3.476724e-03,-728.047282,640.117118,1361.169816,0.611,0.155,50.009
1710,1.710000,732693.945079,-1452377.727768,-719683.782689,3.478698e-03,-727.593372,639.489336,1362.026686,0.617,0.163,3.781
1711,1.711000,732670.298311,-1452354.681430,-719684.383119,3.477866e-03,-727.185535,638.905457,1362.872176,0.611,0.164,3.730
1712,1.712000,732646.877881,-1452331.643493,-719684.765611,3.477337e-03,-726.821314,638.450473,1363.778262,0.608,0.136,4.258
1713,1.713000,732623.215480,-1452308.659221,-719685.443741,3.476398e-03,-726.484749,638.001625,1364.596111,0.607,0.141,3.749
1714,1.714000,732600.015802,-1452285.780445,-719685.764643,3.475953e-03,-726.176237,637.514034,1365.344197,0.625,0.182,3.744
1715,1.715000,732576.462495,-1452263.063642,-719686.601147,3.474795e-03,-725.912627,637.035412,1366.070625,0.636,0.236,3.852
1716,1.716000,732553.564134,-1452240.568209,-719687.004075,3.474237e-03,-725.636345,636.544532,1366.776880,3.985,0.366,6.391
1717,1.717000,732530.031225,-1452218.334689,-719688.303464,3.472438e-03,-725.282485,636.054261,1367.529381,0.620,0.227,3.826
1718,1.718000,732507.672245,-1452196.393820,-719688.721575,3.471859e-03,-724.941095,635.604861,1368.252361,0.609,0.160,3.732
1719,1.719000,732485.647400,-1452174.762331,-719689.114930,3.471314e-03,-724.565514,635.242828,1369.007633,0.604,0.131,11.879
1720,1.720000,732464.149121,-1452153.437653,-719689.288532,3.471074e-03,-724.185416,634.937541,1369.770407,0.631,0.156,3.905
1721,1.721000,732444.704911,-1452132.402825,-719687.697914,3.473276e-03,-723.878755,634.679982,1370.611751,0.609,0.216,3.818
1722,1.722000,732425.801317,-1452111.619166,-719685.817850,3.475880e-03,-723.549488,634.481958,1371.369591,3.429,2.802,3.799
1723,1.723000,732406.679817,-1452091.039814,-719684.359997,3.477898e-03,-723.267362,634.337551,1372.121329,0.606,0.133,3.713
1724,1.724000,732387.272152,-1452070.606565,-719683.334413,3.479318e-03,-722.793340,634.146052,1372.954486,0.614,0.177,3.885
1725,1.725000,732368.372992,-1452050.257049,-719681.884057,3.481327e-03,-722.324806,633.944994,1373.727355,0.609,0.175,3.923
1726,1.726000,732351.275082,-1452029.944670,-719678.669588,3.485778e-03,-721.819240,633.688407,1374.464454,0.608,0.145,3.774
1727,1.727000,732334.860015,-1452009.628723,-719674.768709,3.491179e-03,-721.246276,633.472300,1375.255069,0.608,0.154,8.924
1728,1.728000,732318.192100,-1451989.280108,-719671.088009,3.496275e-03,-720.690703,633.180337,1375.977215,0.609,0.164,3.828
1729,1.729000,732301.065516,-1451968.883255,-719667.817739,3.500804e-03,-720.193920,632.875071,1376.774811,0.610,0.175,3.728
1730,1.730000,732283.222161,-1451948.444305,-719665.222144,3.504398e-03,-719.702938,632.637068,1377.622681,0.626,0.291,4.774
1731,1.731000,732263.421549,-1451927.969569,-719664.548020,3.505331e-03,-719.186561,632.441904,1378.437835,0.600,0.209,3.602
1732,1.732000,732243.709205,-1451907.483380,-719663.774175,3.506403e-03,-718.647837,632.267302,1379.206142,0.600,0.254,4.107
1733,1.733000,732223.355585,-1451887.012056,-719663.656471,3.506566e-03,-718.074142,632.162036,1379.993486,0.604,0.142,3.625
1734,1.734000,732203.427120,-1451866.577015,-719663.149896,3.507267e-03,-717.531679,632.021668,1380.778453,0.615,0.199,3.770
1735,1.735000,732182.930264,-1451846.214029,-719663.283766,3.507082e-03,-716.914937,631.862939,1381.535549,0.606,0.307,3.837
1736,1.736000,732162.831289,-1451825.959851,-719663.128563,3.507297e-03,-716.303869,631.787755,1382.351805,0.588,0.160,3.644
1737,1.737000,732144.315772,-1451805.856396,-719661.540625,3.509495e-03,-715.667385,631.678267,1383.201772,0.607,0.135,3.715
1738,1.738000,732125.400756,-1451785.940372,-719660.539616,3.510881e-03,-714.984789,631.610559,1384.045727,0.617,0.163,5.877
1739,1.739000,732105.625380,-1451766.263198,-719660.637818,3.510745e-03,-714.289313,631.521982,1384.896998,0.608,0.178,3.887
1740,1.740000,732087.974879,-1451746.878924,-719658.904045,3.513146e-03,-713.628043,631.432495,1385.711504,0.612,0.241,5.893
1741,1.741000,732069.439944,-1451727.837646,-719658.397702,3.513847e-03,-713.033663,631.315145,1386.502087,0.613,0.179,14.965
1742,1.742000,732050.780301,-1451709.166653,-719658.386352,3.513863e-03,-712.516339,631.179940,1387.284222,0.633,0.234,4.531
1743,1.743000,732032.558825,-1451690.865652,-719658.306827,3.513973e-03,-711.985287,631.011912,1388.125223,0.612,0.303,3.782
1744,1.744000,732015.021912,-1451672.930624,-719657.908712,3.514524e-03,-711.485024,630.928357,1388.985913,0.610,0.167,3.816
1745,1.745000,731996.860965,-1451655.341475,-719658.480510,3.513733e-03,-711.015205,630.795674,1389.909090,0.623,0.202,3.851
1746,1.746000,731977.249747,-1451638.060501,-719660.810754,3.510506e-03,-710.533851,630.688194,1390.805275,0.615,0.176,3.811
1747,1.747000,731956.915487,-1451621.049317,-719664.133830,3.505905e-03,-710.033777,630.603107,1391.683427,0.611,0.171,3.801
1748,1.748000,731937.637283,-1451604.270484,-719666.633201,3.502444e-03,-709.560213,630.608023,1392.657358,0.590,0.154,3.806
1749,1.749000,731919.012367,-1451587.689560,-719668.677193,3.499614e-03,-709.058537,630.692746,1393.588456,0.613,0.168,3.751
1750,1.750000,731901.019134,-1451571.283820,-719670.264686,3.497415e-03,-708.540074,630.778362,1394.608542,0.629,0.181,3.795
1751,1.751000,731884.364264,-1451555.038402,-719670.674138,3.496849e-03,-707.995732,630.870203,1395.695819,0.604,0.156,8.630
1752,1.752000,731868.009265,-1451538.942682,-719670.933417,3.496490e-03,-707.443750,630.863294,1396.800188,0.609,0.147,4.733
1753,1.753000,731850.284088,-1451523.000895,-719672.716808,3.494020e-03,-706.859679,630.800768,1397.876966,0.613,0.175,3.727
1754,1.754000,731833.269816,-1451507.207651,-719673.937835,3.492329e-03,-706.228451,630.723785,1398.927186,0.607,0.192,3.707
1755,1.755000,731814.563806,-1451491.552238,-719676.988432,3.488105e-03,-705.650895,630.631033,1399.988723,0.633,0.212,5.258
1756,1.756000,731796.015997,-1451476.026652,-719680.010655,3.483921e-03,-705.172423,630.531668,1401.018461,0.612,0.153,3.645
1757,1.757000,731775.938538,-1451460.626595,-719684.688056,3.477444e-03,-704.668151,630.470202,1402.023391,0.618,0.299,5.405
1758,1.758000,731756.752032,-1451445.342699,-719688.590667,3.472040e-03,-704.155028,630.416955,1403.024369,0.885,0.243,3.967
1759,1.759000,731737.038531,-1451430.154427,-719693.115896,3.465774e-03,-703.677082,630.305632,1403.995224,0.593,0.170,3.834
1760,1.760000,731716.465547,-1451415.054080,-719698.588533,3.458196e-03,-703.135937,630.246159,1405.014931,1.280,0.370,6.710
1761,1.761000,731696.224794,-1451400.034162,-719703.809368,3.450967e-03,-702.543158,630.116706,1405.983091,0.618,0.256,4.544
1762,1.762000,731677.212959,-1451385.102219,-719707.889260,3.445318e-03,-702.007883,630.056558,1406.883755,0.615,0.232,4.285
1763,1.763000,731658.008548,-1451370.285754,-719712.277206,3.439242e-03,-701.499319,630.027583,1407.822562,0.596,0.197,4.672
1764,1.764000,731638.494917,-1451355.608283,-719717.113366,3.432546e-03,-700.957434,630.051139,1408.644485,0.607,0.152,3.711
1765,1.765000,731619.262943,-1451341.091316,-719721.828373,3.426017e-03,-700.329728,630.109536,1409.483048,0.593,0.222,4.637
1766,1.766000,731600.449871,-1451326.757499,-719726.307628,3.419815e-03,-699.774009,630.161572,1410.177597,0.601,0.184,3.655
1767,1.767000,731582.045427,-1451312.630984,-719730.585557,3.413891e-03,-699.257746,630.186974,1410.898894,0.580,0.127,3.651
1768,1.768000,731562.752196,-1451298.727863,-719735.975667,3.406428e-03,-698.691555,630.238912,1411.610614,0.904,0.666,6.139
1769,1.769000,731546.321108,-1451285.069423,-719738.748315,3.402589e-03,-698.067708,630.263845,1412.282173,0.601,0.279,3.820
1770,1.770000,731530.774779,-1451271.672808,-719740.898029,3.399612e-03,-697.428371,630.228011,1413.032376,0.588,0.177,3.732
1771,1.771000,731515.664157,-1451258.548662,-719742.884505,3.396861e-03,-696.747061,630.242433,1413.807775,0.606,0.145,3.796
1772,1.772000,731499.886144,-1451245.699595,-719745.813451,3.392806e-03,-696.010083,630.325282,1414.582215,0.743,0.154,3.791
1773,1.773000,731483.957684,-1451233.132142,-719749.174458,3.388152e-03,-695.342085,630.377971,1415.377683,0.588,0.176,3.807
1774,1.774000,731467.477792,-1451220.851775,-719753.373983,3.382337e-03,-694.576981,630.455543,1416.126511,0.614,0.206,3.734
1775,1.775000,731452.809149,-1451208.845493,-719756.036344,3.378650e-03,-693.806518,630.606312,1416.884475,0.604,0.148,3.696
1776,1.776000,731437.561378,-1451197.113512,-719759.552134,3.373782e-03,-693.002513,630.713513,1417.702526,0.689,0.186,4.207
1777,1.777000,731421.804068,-1451185.640344,-719763.836277,3.367850e-03,-692.280917,630.886284,1418.554287,0.591,0.166,3.748
1778,1.778000,731406.011679,-1451174.394882,-719768.383203,3.361554e-03,-691.506643,631.049905,1419.370156,0.613,0.157,3.846
1779,1.779000,731389.901849,-1451163.336480,-719773.434631,3.354560e-03,-690.717497,631.209984,1420.171417,0.615,0.180,3.845
1780,1.780000,731372.953043,-1451152.400872,-719779.447829,3.346233e-03,-689.961134,631.451988,1420.900254,2.720,0.378,10.559
1781,1.781000,731356.327300,-1451141.501673,-719785.174373,3.338304e-03,-689.230012,631.573990,1421.523552,0.613,0.157,3.967
1782,1.782000,731340.246775,-1451130.546260,-719790.299485,3.331207e-03,-688.579704,631.687041,1422.148668,0.614,0.155,5.783
1783,1.783000,731325.649736,-1451119.437223,-719793.787487,3.326378e-03,-687.930008,631.799899,1422.785952,0.614,0.286,5.423
1784,1.784000,731310.310905,-1451108.073753,-719797.762848,3.320873e-03,-687.290396,631.873493,1423.443231,0.618,0.167,3.846
1785,1.785000,731296.131578,-1451096.351521,-719800.219943,3.317471e-03,-686.603898,631.902547,1424.013958,0.628,0.222,5.788
1786,1.786000,731282.578080,-1451084.174853,-719801.596772,3.315564e-03,-685.942613,631.920105,1424.622599,23.805,0.180,47.929
1787,1.787000,731268.603873,-1451071.449214,-719802.845341,3.313836e-03,-685.312080,631.957880,1425.130172,0.612,0.182,5.739
1788,1.788000,731255.304877,-1451058.103761,-719802.798884,3.313900e-03,-684.695985,632.036128,1425.673098,0.588,0.213,5.051
1789,1.789000,731240.867747,-1451044.081212,-719803.213465,3.313326e-03,-684.133273,632.088727,1426.179451,0.671,1.180,4.163
1790,1.790000,731227.870103,-1451029.351677,-719801.481574,3.315724e-03,-683.552169,632.123218,1426.705783,0.604,0.185,3.986
1791,1.791000,731213.036158,-1451013.905696,-719800.869539,3.316571e-03,-682.979773,632.128480,1427.340070,0.622,3.888,5.940
1792,1.792000,731198.403625,-1450997.748828,-719799.345203,3.318682e-03,-682.337792,632.055907,1427.974123,0.616,0.173,3.803
1793,1.793000,731181.140259,-1450980.884394,-719799.744134,3.318130e-03,-681.619946,632.052013,1428.587648,0.620,0.224,6.307
1794,1.794000,731163.166217,-1450963.329407,-719800.163190,3.317550e-03,-680.877675,631.926705,1429.195403,0.629,0.172,5.864
1795,1.795000,731144.429750,-1450945.104034,-719800.674284,3.316842e-03,-680.119012,631.820493,1429.752695,0.697,0.202,6.872
1796,1.796000,731124.970991,-1450926.239249,-719801.268259,3.316019e-03,-679.381805,631.631566,1430.318568,1.291,0.164,5.493
1797,1.797000,731103.824019,-1450906.766660,-719802.942641,3.313701e-03,-678.571775,631.469339,1430.791808,0.623,0.168,3.847
1798,1.798000,731083.405495,-1450886.725215,-719803.319720,3.313179e-03,-677.730962,631.304020,1431.299177,0.618,0.184,26.497
1799,1.799000,731062.425526,-1450866.154183,-719803.728657,3.312613e-03,-676.891165,631.183682,1431.816905,0.608,0.169,3.904
1800,1.800000,731041.041101,-1450845.100215,-719804.059113,3.312155e-03,-676.040987,631.164290,1432.373368,0.615,0.256,3.896
1801,1.801000,731017.914817,-1450823.609603,-719805.694785,3.309890e-03,-675.124877,631.190471,1432.944854,0.629,0.203,3.862
1802,1.802000,730994.353768,-1450801.729841,-719807.376072,3.307562e-03,-674.319998,631.202801,1433.510897,0.611,0.161,3.829
1803,1.803000,730970.681817,-1450779.506704,-719808.824886,3.305556e-03,-673.526641,631.180682,1434.021442,0.609,0.147,3.763
1804,1.804000,730946.207831,-1450756.979107,-719810.771276,3.302861e-03,-672.774431,631.194324,1434.481520,0.613,0.162,3.820
1805,1.805000,730921.208215,-1450734.176347,-719812.968132,3.299819e-03,-671.972771,631.266516,1434.927754,0.635,0.155,4.005
1806,1.806000,730896.308293,-1450711.122494,-719814.814201,3.297263e-03,-671.206207,631.356460,1435.363226,0.612,0.178,3.769
1807,1.807000,730870.435190,-1450687.835241,-719817.400051,3.293682e-03,-670.442897,631.476087,1435.692526,0.619,0.207,5.985
1808,1.808000,730845.178332,-1450664.326625,-719819.148293,3.291261e-03,-669.589168,631.572289,1436.018339,0.621,0.188,3.922
1809,1.809000,730818.064000,-1450640.616994,-719822.552994,3.286547e-03,-668.794737,631.744355,1436.496689,0.619,0.172,3.810
1810,1.810000,730791.728818,-1450616.718003,-719824.989185,3.283174e-03,-668.027820,631.877621,1436.958937,0.606,0.147,3.733
1811,1.811000,730765.283296,-1450592.643386,-719827.360090,3.279891e-03,-667.271633,631.994219,1437.485337,0.614,0.197,15.698
1812,1.812000,730738.246613,-1450568.403091,-719830.156478,3.276019e-03,-666.556107,632.042086,1438.032118,0.722,0.379,11.006
1813,1.813000,730709.464965,-1450544.011964,-719834.546998,3.269939e-03,-665.776591,632.138463,1438.608401,0.717,0.217,6.165
1814,1.814000,730681.789098,-1450519.485144,-719837.696046,3.265579e-03,-665.019328,632.290964,1439.189220,1.550,0.199,3.884
1815,1.815000,730655.442268,-1450494.831636,-719839.389368,3.263234e-03,-664.235060,632.441240,1439.726335,0.617,0.288,5.713
1816,1.816000,730628.063655,-1450470.063590,-719841.999935,3.259620e-03,-663.430829,632.630802,1440.285971,0.763,0.232,5.130
1817,1.817000,730599.489788,-1450445.209029,-719845.719241,3.254470e-03,-662.562228,632.782443,1440.856980,0.940,0.370,11.149
1818,1.818000,730571.864779,-1450420.294913,-719848.430134,3.250716e-03,-661.680700,632.972152,1441.507266,0.661,0.227,4.281
1819,1.819000,730543.163149,-1450395.359300,-719852.196151,3.245501e-03,-660.822282,633.173455,1442.177210,0.611,0.247,3.943
1820,1.820000,730513.712621,-1450370.435984,-719856.723362,3.239233e-03,-659.958184,633.384698,1442.820798,0.615,0.198,14.182
1821,1.821000,730483.938764,-1450345.561909,-719861.623145,3.232448e-03,-659.097915,633.700206,1443.447645,0.605,0.157,3.758
1822,1.822000,730453.079365,-1450320.774233,-719867.694867,3.224041e-03,-658.282684,633.999812,1444.080925,0.613,0.161,3.773
1823,1.823000,730423.627221,-1450296.091085,-719872.463864,3.217437e-03,-657.394610,634.254064,1444.780954,0.606,0.159,4.793
1824,1.824000,730394.747491,-1450271.541063,-719876.793572,3.211442e-03,-656.536928,634.520961,1445.404559,0.607,0.140,3.746
1825,1.825000,730365.803054,-1450247.136094,-719881.333041,3.205156e-03,-655.700701,634.792033,1445.955285,0.604,0.135,3.742
1826,1.826000,730338.175840,-1450222.868892,-719884.693052,3.200504e-03,-654.771095,635.100035,1446.504270,0.637,0.181,4.005
1827,1.827000,730310.866993,-1450198.725298,-719887.858306,3.196121e-03,-653.824839,635.342575,1447.097726,0.628,0.163,3.733
1828,1.828000,730284.571687,-1450174.687695,-719890.116008,3.192995e-03,-652.863732,635.640732,1447.668808,0.634,0.169,3.952
1829,1.829000,730259.769172,-1450150.728756,-719890.959584,3.191827e-03,-651.915939,635.887609,1448.245835,0.607,0.139,3.716
1830,1.830000,730236.556915,-1450126.807577,-719890.250663,3.192808e-03,-651.066958,636.133596,1448.792791,0.636,0.198,16.672
1831,1.831000,730213.500439,-1450102.859654,-719889.359215,3.194043e-03,-650.217481,636.359388,1449.337951,0.634,0.179,3.943
1832,1.832000,730189.952067,-1450078.823692,-719888.871625,3.194718e-03,-649.331547,636.529202,1449.869568,0.631,0.157,17.006
1833,1.833000,730167.623140,-1450054.634769,-719887.011628,3.197293e-03,-648.486026,636.738147,1450.369427,0.632,0.269,3.940
1834,1.834000,730144.288870,-1450030.244337,-719885.955468,3.198756e-03,-647.707803,637.039959,1450.936397,0.639,0.158,3.870
1835,1.835000,730120.207380,-1450005.601484,-719885.394104,3.199533e-03,-646.964850,637.294576,1451.504278,0.625,0.291,3.898
1836,1.836000,730094.211763,-1449980.682281,-719886.470518,3.198043e-03,-646.205800,637.652563,1452.045642,0.630,0.146,3.856
1837,1.837000,730065.975357,-1449955.470447,-719889.495089,3.193855e-03,-645.509479,638.015921,1452.570405,0.626,0.143,3.840
1838,1.838000,730038.248266,-1449929.968567,-719891.720301,3.190774e-03,-644.825783,638.382231,1453.105175,0.639,0.144,3.875
1839,1.839000,730010.122221,-1449904.193175,-719894.070954,3.187519e-03,-644.181856,638.712753,1453.613702,0.632,0.163,3.794
1840,1.840000,729982.055928,-1449878.162236,-719896.106309,3.184700e-03,-643.502414,639.028339,1454.207912,0.693,0.180,3.884
1841,1.841000,729955.197895,-1449851.894239,-719896.696344,3.183883e-03,-642.798076,639.263060,1454.874548,0.608,0.153,3.696
1842,1.842000,729927.322625,-1449825.415317,-719898.092693,3.181950e-03,-642.100703,639.497402,1455.581269,0.607,0.162,6.447
1843,1.843000,729898.217312,-1449798.737873,-719900.520561,3.178588e-03,-641.444924,639.745762,1456.292479,0.654,0.322,3.819
1844,1.844000,729869.813841,-1449771.880692,-719902.066851,3.176447e-03,-640.743526,639.988228,1457.019691,0.610,0.143,3.716
1845,1.845000,729842.446583,-1449744.853473,-719902.406891,3.175976e-03,-640.055293,640.226245,1457.776411,0.598,0.153,53.591
1846,1.846000,729815.939171,-1449717.663536,-719901.724365,3.176921e-03,-639.379978,640.507767,1458.621579,0.608,0.165,5.419
1847,1.847000,729790.485329,-1449690.308044,-719899.822714,3.179554e-03,-638.713167,640.859935,1459.466758,0.612,0.172,3.740
1848,1.848000,729766.610383,-1449662.773248,-719896.162865,3.184622e-03,-638.072305,641.189044,1460.238135,0.599,0.140,3.708
1849,1.849000,729741.220386,-1449635.043052,-719893.822666,3.187862e-03,-637.391688,641.575245,1460.932805,5.713,4.716,3.686
1850,1.850000,729715.340447,-1449607.104549,-719891.764102,3.190713e-03,-636.713574,642.013493,1461.557111,0.612,0.156,3.752
1851,1.851000,729690.697440,-1449578.931088,-719888.233647,3.195601e-03,-636.036119,642.445382,1462.202705,0.610,0.169,3.762
1852,1.852000,729665.645467,-1449550.486162,-719884.840695,3.200299e-03,-635.422846,642.866309,1462.766475,0.634,0.176,3.763
1853,1.853000,729641.387263,-1449521.724886,-719880.337623,3.206535e-03,-634.807763,643.230548,1463.311652,0.604,0.148,3.714
1854,1.854000,729615.755628,-1449492.617748,-719876.862120,3.211347e-03,-634.230297,643.729944,1463.775755,7.703,0.340,17.292
1855,1.855000,729589.852167,-1449463.132380,-719873.280213,3.216307e-03,-633.658705,644.232791,1464.267036,0.636,0.151,3.901
1856,1.856000,729562.577889,-1449433.247636,-719870.669747,3.219922e-03,-633.095331,644.721133,1464.880505,0.631,0.249,3.889
1857,1.857000,729535.617658,-1449402.959686,-719867.342028,3.224529e-03,-632.540361,645.157668,1465.457014,0.639,0.226,3.786
1858,1.858000,729508.632114,-1449372.271360,-719863.639246,3.229656e-03,-632.131948,645.591475,1466.141643,0.631,0.153,3.919
1859,1.859000,729480.303135,-1449341.196644,-719860.893509,3.233458e-03,-631.747004,646.001066,1466.778209,0.609,0.161,3.774
1860,1.860000,729450.446412,-1449309.760550,-719859.314138,3.235645e-03,-631.404467,646.321313,1467.508539,1.379,0.373,5.824
1861,1.861000,729419.208835,-1449277.986888,-719858.778053,3.236388e-03,-631.014926,646.649096,1468.236110,0.905,0.162,9.223
1862,1.862000,729388.251384,-1449245.912431,-719857.661047,3.237934e-03,-630.683476,646.940493,1469.006049,0.640,0.174,3.957
1863,1.863000,729357.678982,-1449213.579367,-719855.900385,3.240372e-03,-630.379891,647.267320,1469.823687,0.640,0.198,3.976
1864,1.864000,729328.080618,-1449181.035379,-719852.954761,3.244451e-03,-630.095089,647.608330,1470.707819,0.609,0.156,3.853
1865,1.865000,729297.069078,-1449148.329031,-719851.259953,3.246798e-03,-629.775999,647.890570,1471.550155,0.632,0.145,3.843
1866,1.866000,729265.554460,-1449115.503672,-719849.949212,3.248613e-03,-629.463427,648.122168,1472.376832,0.643,0.178,5.402
1867,1.867000,729232.462120,-1449082.585544,-719850.123424,3.248371e-03,-629.153725,648.234426,1473.141407,0.636,0.170,3.893
1868,1.868000,729200.114420,-1449049.588712,-719849.474292,3.249270e-03,-628.835498,648.287292,1473.775868,0.639,0.211,3.783
1869,1.869000,729167.644497,-1449016.518918,-719848.874421,3.250101e-03,-628.383705,648.326219,1474.520670,0.640,0.189,3.932
1870,1.870000,729134.944169,-1448983.372846,-719848.428677,3.250718e-03,-627.859553,648.361821,1475.220487,0.637,0.187,3.949
1871,1.871000,729103.940274,-1448950.127973,-719846.187698,3.253821e-03,-627.352779,648.411298,1475.918267,0.680,0.312,23.093
1872,1.872000,729072.827551,-1448916.758101,-719843.930549,3.256946e-03,-626.763669,648.501297,1476.577521,0.637,0.251,3.976
1873,1.873000,729040.884935,-1448883.233846,-719842.348911,3.259136e-03,-626.107256,648.652084,1477.131875,0.641,0.193,4.129
1874,1.874000,729008.485254,-1448849.526523,-719841.041269,3.260947e-03,-625.467509,648.838224,1477.699707,0.628,0.163,3.752
1875,1.875000,728974.214970,-1448815.616181,-719841.401211,3.260449e-03,-624.784076,649.008929,1478.212483,0.615,0.157,3.782
1876,1.876000,728940.300522,-1448781.479165,-719841.178643,3.260757e-03,-624.138465,649.103070,1478.757077,0.816,0.164,4.130
1877,1.877000,728906.126304,-1448747.105645,-719840.979340,3.261033e-03,-623.474909,649.140545,1479.233964,0.641,0.203,3.971
1878,1.878000,728871.685562,-1448712.495530,-719840.809968,3.261267e-03,-622.862322,649.150974,1479.734240,0.622,0.168,13.586
1879,1.879000,728835.720657,-1448677.639112,-719841.918454,3.259732e-03,-622.276547,649.274119,1480.241827,0.613,0.156,3.758
1880,1.880000,728799.524722,-1448642.541242,-719843.016521,3.258212e-03,-621.676600,649.419859,1480.823207,0.616,0.163,4.675
1881,1.881000,728764.000010,-1448607.204240,-719843.204230,3.257952e-03,-621.158086,649.502471,1481.447811,0.622,0.176,3.780
1882,1.882000,728727.904325,-1448571.626152,-719843.721827,3.257235e-03,-620.662272,649.530767,1482.036893,0.607,0.149,3.714
1883,1.883000,728691.221851,-1448535.807107,-719844.585256,3.256040e-03,-620.150507,649.643905,1482.615901,0.622,0.185,3.829
1884,1.884000,728654.454960,-1448499.741342,-719845.286382,3.255069e-03,-619.712071,649.747886,1483.194005,0.614,0.158,3.874
1885,1.885000,728617.893397,-1448463.412839,-719845.519442,3.254746e-03,-619.311266,649.799071,1483.848526,0.615,0.165,3.878
1886,1.886000,728581.426848,-1448426.809983,-719845.383135,3.254935e-03,-618.894475,649.802624,1484.432671,0.633,0.147,3.872
1887,1.887000,728544.453288,-1448389.935432,-719845.482144,3.254798e-03,-618.522235,649.814333,1485.040661,0.661,0.194,3.775
1888,1.888000,728508.395407,-1448352.786904,-719844.391497,3.256308e-03,-618.163043,649.834295,1485.655238,0.631,0.138,3.881
1889,1.889000,728471.374967,-1448315.378072,-719844.003105,3.256846e-03,-617.799341,649.860013,1486.225701,0.638,0.159,3.945
1890,1.890000,728433.335932,-1448277.740594,-719844.404662,3.256290e-03,-617.434618,649.803691,1486.752254,0.635,0.167,3.990
1891,1.891000,728393.438749,-1448239.916872,-719846.478124,3.253419e-03,-617.038126,649.754140,1487.381082,0.621,0.179,3.812
1892,1.892000,728353.458157,-1448201.943655,-719848.485498,3.250639e-03,-616.699769,649.672276,1487.968721,0.637,0.161,14.995
1893,1.893000,728313.088742,-1448163.862538,-719850.773796,3.247471e-03,-616.330350,649.579808,1488.583663,0.641,0.164,3.935
1894,1.894000,728273.031813,-1448125.705128,-719852.673316,3.244841e-03,-615.848306,649.522743,1489.182627,0.615,0.182,3.799
1895,1.895000,728233.951142,-1448087.489278,-719853.538136,3.243643e-03,-615.416103,649.518735,1489.723629,0.642,0.213,3.924
1896,1.896000,728194.202733,-1448049.223164,-719855.020431,3.241591e-03,-614.972615,649.509525,1490.265532,1.728,0.200,3.922
1897,1.897000,728155.567317,-1448010.919597,-719855.352281,3.241131e-03,-614.562068,649.433545,1490.752866,0.636,0.174,3.960
1898,1.898000,728115.696820,-1447972.584001,-719856.887181,3.239006e-03,-614.107076,649.364217,1491.292832,0.634,0.162,3.912
1899,1.899000,728075.290857,-1447934.222383,-719858.931526,3.236175e-03,-613.727360,649.361415,1491.921804,0.636,0.160,3.915
1900,1.900000,728033.060804,-1447895.859769,-719862.798965,3.230820e-03,-613.302579,649.392914,1492.468167,0.629,0.139,3.871
1901,1.901000,727990.560736,-1447857.512873,-719866.952137,3.225069e-03,-612.740561,649.483012,1493.004255,1.236,1.102,7.771
1902,1.902000,727947.725784,-1447819.193675,-719871.467892,3.218816e-03,-612.090592,649.505635,1493.536117,0.631,0.155,3.930
1903,1.903000,727907.435531,-1447780.930453,-719873.494922,3.216010e-03,-611.479682,649.466997,1494.029341,0.625,0.181,3.780
1904,1.904000,727869.692736,-1447742.746505,-719873.053769,3.216620e-03,-610.805383,649.466475,1494.545077,0.627,0.143,3.851
1905,1.905000,727834.679823,-1447704.660921,-719869.981098,3.220875e-03,-610.126640,649.433345,1495.047690,0.634,0.232,8.390
1906,1.906000,727799.923886,-1447666.685763,-719866.761877,3.225333e-03,-609.380824,649.456904,1495.577096,0.634,0.171,3.886
1907,1.907000,727765.918428,-1447628.813234,-719862.894806,3.230687e-03,-608.596287,649.525433,1496.132326,0.649,0.185,3.880
1908,1.908000,727732.386263,-1447591.017478,-719858.631215,3.236591e-03,-607.786831,649.522908,1496.764883,0.603,0.161,3.691
1909,1.909000,727698.368130,-1447553.257959,-719854.889829,3.241771e-03,-607.046133,649.510417,1497.448000,0.612,0.169,3.766
1910,1.910000,727664.260842,-1447515.480590,-719851.219748,3.246853e-03,-606.330454,649.495263,1498.106151,0.609,0.142,8.563
1911,1.911000,727629.771408,-1447477.628209,-719847.856801,3.251510e-03,-605.588850,649.511513,1498.779628,0.640,0.167,3.910
1912,1.912000,727594.661765,-1447439.650186,-719844.988421,3.255482e-03,-604.833397,649.536597,1499.400204,0.639,0.179,3.949
1913,1.913000,727559.508951,-1447401.493103,-719841.984151,3.259641e-03,-604.141008,649.559267,1499.967796,0.628,0.195,3.796
1914,1.914000,727524.295049,-1447363.127556,-719838.832506,3.264005e-03,-603.464008,649.657320,1500.524366,0.609,0.151,3.701
1915,1.915000,727489.438434,-1447324.534929,-719835.096495,3.269179e-03,-602.726279,649.797464,1501.110794,0.623,0.181,3.770
1916,1.916000,727453.036812,-1447285.724660,-719832.687848,3.272514e-03,-601.989572,649.906955,1501.711835,0.620,0.181,3.816
1917,1.917000,727416.297718,-1447246.723829,-719830.426110,3.275645e-03,-601.239070,650.087095,1502.314987,0.632,0.165,3.935
1918,1.918000,727378.250541,-1447207.567567,-719829.317026,3.277181e-03,-600.440225,650.357569,1502.891991,0.635,0.165,3.902
1919,1.919000,727341.599059,-1447168.299323,-719826.700264,3.280805e-03,-599.627899,650.562228,1503.530261,0.608,0.197,3.810
1920,1.920000,727306.570015,-1447128.980961,-719822.410946,3.286744e-03,-598.768738,650.810943,1504.136645,0.609,0.191,3.757
1921,1.921000,727272.286137,-1447089.666881,-719817.380744,3.293709e-03,-597.951056,650.955431,1504.744149,0.631,0.145,3.902
1922,1.922000,727237.780619,-1447050.421598,-719812.640979,3.300272e-03,-597.170535,651.155909,1505.328265,0.634,0.166,3.867
1923,1.923000,727201.564537,-1447011.309963,-719809.745427,3.304281e-03,-596.378175,651.339376,1505.758087,0.617,0.158,3.664
1924,1.924000,727168.173635,-1446972.391314,-719804.217679,3.311935e-03,-595.662314,651.551927,1506.201303,0.639,0.208,3.915
1925,1.925000,727134.329288,-1446933.714776,-719799.385488,3.318626e-03,-594.932838,651.739146,1506.640530,0.643,0.192,3.879
1926,1.926000,727100.807070,-1446895.316915,-719794.509845,3.325378e-03,-594.254157,651.989298,1507.116762,0.631,0.139,3.822
1927,1.927000,727068.697828,-1446857.233598,-719788.535770,3.333650e-03,-593.572681,652.247712,1507.649730,0.638,0.193,3.897
1928,1.928000,727034.693684,-1446819.486944,-719784.793260,3.338832e-03,-592.950163,652.462948,1508.045452,0.640,0.198,3.919
1929,1.929000,727000.230531,-1446782.092683,-719781.862153,3.342890e-03,-592.329876,652.707352,1508.432749,0.635,0.166,6.136
1930,1.930000,726965.353117,-1446745.056673,-719779.703556,3.345879e-03,-591.737050,652.940226,1508.819708,1.098,0.335,8.829
1931,1.931000,726929.901432,-1446708.372780,-719778.471348,3.347585e-03,-591.137123,653.209765,1509.273496,0.632,0.176,3.915
1932,1.932000,726895.995915,-1446672.024696,-719776.028781,3.350968e-03,-590.540033,653.387887,1509.658397,0.673,0.250,3.972
1933,1.933000,726862.032538,-1446636.000444,-719773.967906,3.353821e-03,-590.001872,653.565087,1510.081453,0.625,0.175,3.814
1934,1.934000,726828.224466,-1446600.270078,-719772.045612,3.356483e-03,-589.444363,653.759123,1510.482695,0.627,0.174,3.762
1935,1.935000,726793.742146,-1446564.816897,-719771.074751,3.357827e-03,-588.872349,653.928139,1510.826954,0.605,0.136,6.540
1936,1.936000,726759.880074,-1446529.602818,-719769.722743,3.359699e-03,-588.318653,654.060031,1511.207463,0.612,0.195,3.804
1937,1.937000,726727.503178,-1446494.594052,-719767.090873,3.363344e-03,-587.783022,654.231154,1511.587972,1.277,2.385,3.964
1938,1.938000,726697.337602,-1446459.733129,-719762.395527,3.369845e-03,-587.355241,654.347399,1511.922540,0.639,0.183,3.887
1939,1.939000,726666.716515,-1446424.961729,-719758.245215,3.375592e-03,-586.946548,654.477886,1512.283498,0.640,0.190,45.506
1940,1.940000,726635.153061,-1446390.209393,-719755.056332,3.380007e-03,-586.539772,654.566571,1512.647900,0.639,0.178,3.917
1941,1.941000,726604.271071,-1446355.408457,-719751.137385,3.385434e-03,-586.196479,654.691116,1513.029938,0.643,0.178,3.890
1942,1.942000,726572.700386,-1446320.494337,-719747.793950,3.390063e-03,-585.884583,654.790997,1513.274208,0.636,0.174,3.954
1943,1.943000,726541.909559,-1446285.405019,-719743.495459,3.396015e-03,-585.576732,654.892773,1513.568878,0.634,0.157,3.874
1944,1.944000,726511.759689,-1446250.082942,-719738.323253,3.403177e-03,-585.274194,654.955623,1513.832885,0.627,0.143,3.851
1945,1.945000,726481.337346,-1446214.478624,-719733.141278,3.410352e-03,-585.055106,655.005861,1514.062147,0.744,0.162,3.910
1946,1.946000,726449.643728,-1446178.548628,-719728.904900,3.416218e-03,-584.847045,655.021186,1514.244847,0.636,0.175,3.845
1947,1.947000,726416.178467,-1446142.256330,-719726.077863,3.420133e-03,-584.590348,655.178823,1514.346510,0.631,0.142,3.851
1948,1.948000,726383.755147,-1446105.581485,-719721.826338,3.426020e-03,-584.426835,655.251366,1514.565700,2.441,1.640,5.075
1949,1.949000,726349.838847,-1446068.503095,-719718.664249,3.430398e-03,-584.240983,655.324112,1514.786736,0.625,0.192,4.018
1950,1.950000,726315.425049,-1446031.027349,-719715.602300,3.434638e-03,-584.083955,655.492565,1515.057881,0.603,0.174,3.747
1951,1.951000,726281.184646,-1445993.168796,-719711.984150,3.439648e-03,-583.979877,655.621969,1515.315714,0.615,0.186,3.783
1952,1.952000,726246.175179,-1445954.953009,-719708.777829,3.444088e-03,-583.801723,655.785789,1515.561520,0.669,0.224,5.096
1953,1.953000,726210.883890,-1445916.407889,-719705.523999,3.448593e-03,-583.610708,655.924817,1515.837702,0.655,0.208,5.135
1954,1.954000,726175.017768,-1445877.568720,-719702.550951,3.452710e-03,-583.392399,656.079674,1516.148256,0.684,0.252,3.940
1955,1.955000,726138.536951,-1445838.472370,-719699.935419,3.456331e-03,-583.204584,656.185334,1516.485948,0.621,0.228,5.188
1956,1.956000,726101.771848,-1445799.143676,-719697.371828,3.459881e-03,-582.985317,656.365765,1516.741878,0.615,0.178,3.912
1957,1.957000,726063.316525,-1445759.611407,-719696.294882,3.461372e-03,-582.782797,656.535741,1517.054440,1.125,0.986,3.788
1958,1.958000,726025.758853,-1445719.890115,-719694.131262,3.464368e-03,-582.623724,656.719198,1517.414110,0.625,0.192,4.649
1959,1.959000,725988.425453,-1445679.996750,-719691.571297,3.467913e-03,-582.454720,656.970037,1517.782582,0.609,0.175,4.700
1960,1.960000,725952.685577,-1445639.963600,-719687.278023,3.473858e-03,-582.173940,657.241656,1518.044715,0.611,0.172,3.791
1961,1.961000,725917.009867,-1445599.827061,-719682.817195,3.480034e-03,-581.897386,657.542104,1518.373928,0.620,0.179,3.783
1962,1.962000,725879.822824,-1445559.640066,-719679.817242,3.484188e-03,-581.624413,657.915361,1518.694755,0.611,0.182,3.725
1963,1.963000,725841.563715,-1445519.458745,-719677.895030,3.486850e-03,-581.341632,658.349477,1518.953441,0.634,0.206,4.438
1964,1.964000,725802.066325,-1445479.361631,-719677.295306,3.487680e-03,-581.086968,658.763888,1519.129358,0.611,0.198,3.791
1965,1.965000,725762.584433,-1445439.423955,-719676.839522,3.488312e-03,-580.825462,659.168938,1519.273147,0.649,0.173,3.946
1966,1.966000,725724.725532,-1445399.728056,-719675.002524,3.490855e-03,-580.492533,659.597373,1519.465585,0.631,0.154,4.004
1967,1.967000,725687.288057,-1445360.350668,-719673.062610,3.493541e-03,-580.166914,659.930604,1519.616032,0.637,0.191,7.019
1968,1.968000,725650.869669,-1445321.365486,-719670.495817,3.497095e-03,-579.905065,660.262229,1519.729561,0.635,0.157,3.921
1969,1.969000,725615.951586,-1445282.852329,-719666.900742,3.502073e-03,-579.659484,660.629246,1519.834157,0.630,0.174,3.911
1970,1.970000,725581.332329,-1445244.876397,-719663.544068,3.506721e-03,-579.435945,661.023479,1519.977999,0.632,0.153,3.859
1971,1.971000,725549.014300,-1445207.491115,-719658.476815,3.513738e-03,-579.243863,661.379623,1520.177707,0.635,0.158,3.947
1972,1.972000,725517.071767,-1445170.742386,-719653.670618,3.520393e-03,-579.030795,661.732749,1520.291626,0.604,0.129,6.585
1973,1.973000,725487.019486,-1445134.674741,-719647.655255,3.528722e-03,-578.818019,662.087934,1520.415605,0.638,0.155,3.961
1974,1.974000,725456.607799,-1445099.314051,-719642.706252,3.535575e-03,-578.604743,662.440785,1520.545275,0.636,0.170,3.952
1975,1.975000,725425.439658,-1445064.688047,-719639.248390,3.540363e-03,-578.398163,662.800376,1520.694945,0.612,0.166,4.017
1976,1.976000,725394.592885,-1445030.812984,-719636.220100,3.544556e-03,-578.284198,663.154503,1520.848842,0.634,0.156,3.878
1977,1.977000,725365.243299,-1444997.705315,-719632.462017,3.549760e-03,-578.080975,663.538856,1521.111003,0.637,0.183,3.956
1978,1.978000,725338.267831,-1444965.387978,-719627.120147,3.557156e-03,-577.963414,663.848341,1521.352321,0.630,0.144,3.916
1979,1.979000,725311.526103,-1444933.878646,-719622.352543,3.563758e-03,-577.843596,664.147457,1521.529198,0.649,0.216,4.236
1980,1.980000,725287.012851,-1444903.191836,-719616.178985,3.572306e-03,-577.842177,664.518353,1521.766085,0.636,0.183,3.910
1981,1.981000,725262.693733,-1444873.338252,-719610.644519,3.579969e-03,-577.730723,664.860716,1521.916514,0.636,0.161,3.895
1982,1.982000,725240.003816,-1444844.331723,-719604.327906,3.588716e-03,-577.687739,665.206629,1522.129351,0.639,0.164,3.935
1983,1.983000,725216.682437,-1444816.162501,-719599.480064,3.595429e-03,-577.542430,665.610289,1522.300194,0.640,0.217,3.983
1984,1.984000,725193.326588,-1444788.803464,-719595.476877,3.600972e-03,-577.399657,666.032520,1522.444686,0.630,0.155,3.954
1985,1.985000,725171.637402,-1444762.215209,-719590.577807,3.607755e-03,-577.283065,666.356318,1522.619824,0.628,0.133,3.867
1986,1.986000,725148.041882,-1444736.342326,-719588.300445,3.610909e-03,-577.110486,666.641118,1522.796285,0.635,0.183,3.926
1987,1.987000,725124.932910,-1444711.130129,-719586.197218,3.613821e-03,-576.997918,666.881579,1522.998371,0.633,0.156,3.918
1988,1.988000,725102.969439,-1444686.531949,-719583.562510,3.617469e-03,-576.912843,667.127826,1523.198101,0.639,0.171,3.922
1989,1.989000,725081.536756,-1444662.507683,-719580.970927,3.621057e-03,-576.766236,667.436354,1523.458474,0.630,0.139,3.851
1990,1.990000,725061.550744,-1444639.020478,-719577.469734,3.625905e-03,-576.565493,667.742492,1523.714467,0.651,0.161,5.465
1991,1.991000,725041.220846,-1444616.039016,-719574.818170,3.629577e-03,-576.414597,668.091384,1523.924131,0.632,0.160,3.845
1992,1.992000,725020.316140,-1444593.547722,-719573.231583,3.631774e-03,-576.223435,668.383518,1524.135747,0.628,0.147,3.874
1993,1.993000,724999.195902,-1444571.534870,-719572.338968,3.633010e-03,-576.045916,668.625928,1524.413990,0.630,0.154,3.863
1994,1.994000,724978.140015,-1444549.989435,-719571.849420,3.633688e-03,-575.894663,668.852690,1524.724539,0.634,0.166,3.921
1995,1.995000,724958.655316,-1444528.896868,-719570.241552,3.635914e-03,-575.644295,669.069348,1525.011871,0.626,0.143,9.693
1996,1.996000,724939.605014,-1444508.253332,-719568.648317,3.638120e-03,-575.478627,669.255618,1525.303582,0.636,0.157,3.880
1997,1.997000,724919.380273,-1444488.052502,-719568.672229,3.638087e-03,-575.364728,669.367542,1525.667337,0.636,0.160,3.920
1998,1.998000,724900.891682,-1444468.296280,-719567.404598,3.639842e-03,-575.224622,669.456620,1525.993617,0.647,0.182,4.051
1999,1.999000,724881.549138,-1444448.972336,-719567.423198,3.639817e-03,-575.149873,669.578865,1526.327887,0.631,0.175,3.966
2000,2.000000,724863.002895,-1444430.069092,-719567.066197,3.640311e-03,-575.005967,669.650606,1526.709979,0.626,0.155,3.882
2001,2.001000,724845.230318,-1444411.572425,-719566.342107,3.641313e-03,-574.812220,669.684720,1527.054597,0.634,0.160,3.926
2002,2.002000,724828.412316,-1444393.467040,-719565.054724,3.643096e-03,-574.585441,669.683792,1527.390932,0.632,0.149,3.950
2003,2.003000,724811.943103,-1444375.751914,-719563.808812,3.644821e-03,-574.340600,669.644090,1527.728076,0.631,0.151,5.449
2004,2.004000,724795.229847,-1444358.426665,-719563.196818,3.645669e-03,-574.043153,669.625174,1528.063874,0.632,0.155,3.889
2005,2.005000,724777.783754,-1444341.499686,-719563.715932,3.644950e-03,-573.766612,669.644689,1528.393338,0.639,0.238,3.947
2006,2.006000,724760.251388,-1444324.981636,-719564.730248,3.643545e-03,-573.466326,669.574815,1528.778842,0.643,0.182,3.956
2007,2.007000,724742.919224,-1444308.896517,-719565.977293,3.641819e-03,-573.209862,669.599871,1529.115342,0.632,0.168,5.589
2008,2.008000,724724.806428,-1444293.258814,-719568.452386,3.638391e-03,-572.962484,669.551865,1529.406896,0.633,0.169,5.420
2009,2.009000,724707.421451,-1444278.099921,-719570.678469,3.635309e-03,-572.762180,669.620148,1529.759738,0.620,0.194,3.864
2010,2.010000,724690.474242,-1444263.426960,-719572.952718,3.632160e-03,-572.533768,669.629867,1530.123876,0.612,0.215,5.482
2011,2.011000,724675.134918,-1444249.235359,-719574.100441,3.630571e-03,-572.279283,669.722613,1530.477335,0.608,0.168,3.764
2012,2.012000,724660.521503,-1444235.519495,-719574.997992,3.629328e-03,-572.026804,669.840813,1530.838748,1.950,0.281,3.804
2013,2.013000,724647.176132,-1444222.260617,-719575.084485,3.629208e-03,-571.749859,670.015380,1531.178163,0.615,0.185,3.872
2014,2.014000,724636.031955,-1444209.437711,-719573.405756,3.631533e-03,-571.509523,670.084359,1531.493557,0.635,0.180,7.283
2015,2.015000,724627.090629,-1444197.031061,-719569.940432,3.636331e-03,-571.282386,670.141909,1531.762620,0.637,0.193,9.410
2016,2.016000,724617.299169,-1444185.025904,-719567.726735,3.639396e-03,-571.095790,670.135636,1532.101123,0.641,0.180,5.565
2017,2.017000,724609.338231,-1444173.422398,-719564.084167,3.644440e-03,-570.959027,670.079446,1532.430528,1.992,0.194,3.880
2018,2.018000,724602.532758,-1444162.237695,-719559.704937,3.650504e-03,-570.718306,670.063235,1532.789821,0.607,0.163,3.729
2019,2.019000,724597.608516,-1444151.511862,-719553.903346,3.658537e-03,-570.454481,670.059707,1533.068217,0.603,0.141,42.629
2020,2.020000,724591.866001,-1444141.282937,-719549.416936,3.664749e-03,-570.145686,670.088951,1533.433905,0.633,0.232,8.683
2021,2.021000,724587.162018,-1444131.603272,-719544.441255,3.671639e-03,-569.742436,670.109047,1533.728675,0.645,0.314,3.991
2022,2.022000,724582.150249,-1444122.528338,-719540.378089,3.677265e-03,-569.405885,670.084019,1534.023620,0.612,0.200,3.833
2023,2.023000,724578.844430,-1444114.094105,-719535.249675,3.684366e-03,-569.056619,669.986096,1534.318437,0.611,0.179,3.760
2024,2.024000,724576.669415,-1444106.328414,-719529.658999,3.692107e-03,-568.700504,669.936561,1534.627600,0.603,0.137,44.062
2025,2.025000,724575.138728,-1444099.241664,-719524.102937,3.699801e-03,-568.372651,669.930614,1534.915001,0.637,0.192,3.905
2026,2.026000,724575.054881,-1444092.830963,-719517.776081,3.708561e-03,-568.047077,669.993666,1535.247535,0.652,0.252,5.947
2027,2.027000,724574.927786,-1444087.085994,-719512.158207,3.716340e-03,-567.675436,669.949823,1535.556467,0.649,0.197,4.194
2028,2.028000,724573.980468,-1444081.989540,-719508.009072,3.722085e-03,-567.204049,669.889225,1535.777517,0.638,0.264,4.808
2029,2.029000,724576.352917,-1444077.530589,-719501.177672,3.731544e-03,-566.765991,669.753645,1536.026574,0.623,0.261,3.710
2030,2.030000,724580.093161,-1444073.702648,-719493.609487,3.742024e-03,-566.208687,669.563517,1536.208338,0.640,0.176,3.926
2031,2.031000,724585.828250,-1444070.509716,-719484.681466,3.754386e-03,-565.559478,669.345178,1536.352559,0.643,0.185,3.922
2032,2.032000,724591.259935,-1444067.961813,-719476.701878,3.765435e-03,-564.926993,669.079183,1536.503113,1.490,0.278,3.771
2033,2.033000,724596.848556,-1444066.086852,-719469.238296,3.775770e-03,-564.278619,668.763176,1536.566366,0.606,0.162,3.731
2034,2.034000,724602.710082,-1444064.902726,-719462.192644,3.785526e-03,-563.627914,668.479219,1536.651383,0.634,0.161,3.918
2035,2.035000,724608.802265,-1444064.414336,-719455.612071,3.794638e-03,-562.979551,668.219072,1536.780762,0.633,0.156,3.864
2036,2.036000,724614.961934,-1444064.614467,-719449.652532,3.802890e-03,-562.295740,668.054061,1537.019589,0.630,0.169,3.908
2037,2.037000,724621.981006,-1444065.481859,-719443.500853,3.811408e-03,-561.595020,667.785907,1537.279075,0.600,0.137,3.680
2038,2.038000,724627.703697,-1444066.970682,-719439.266985,3.817270e-03,-560.870745,667.512109,1537.585730,0.635,0.171,3.980
2039,2.039000,724633.194756,-1444069.026788,-719435.832032,3.822026e-03,-560.230972,667.154636,1537.851877,0.637,0.224,3.916
2040,2.040000,724639.336335,-1444071.585568,-719432.249234,3.826987e-03,-559.554355,666.857830,1538.118892,0.632,0.181,3.916
2041,2.041000,724645.246574,-1444074.586100,-719429.339526,3.831016e-03,-558.852323,666.548375,1538.352145,0.647,0.181,3.988
2042,2.042000,724650.970709,-1444077.975570,-719427.004861,3.834249e-03,-558.235731,666.309987,1538.599293,0.642,0.202,3.987
2043,2.043000,724657.434018,-1444081.692819,-719424.258802,3.838051e-03,-557.684011,666.135157,1538.864562,0.628,0.153,3.881
2044,2.044000,724665.172389,-1444085.684006,-719420.511617,3.843240e-03,-557.078351,665.950120,1539.164931,0.637,0.159,9.711
2045,2.045000,724675.343064,-1444089.900174,-719414.557110,3.851485e-03,-556.377743,665.655213,1539.506001,1.716,0.398,6.138
2046,2.046000,724685.200505,-1444094.289788,-719409.089283,3.859056e-03,-555.719887,665.376100,1539.873002,0.698,1.315,4.079
2047,2.047000,724695.389261,-1444098.815207,-719403.425946,3.866898e-03,-555.048688,665.146263,1540.184300,0.634,0.168,3.916
2048,2.048000,724705.674382,-1444103.442465,-719397.768084,3.874732e-03,-554.437545,664.952317,1540.494927,0.635,0.197,3.890
2049,2.049000,724715.913644,-1444108.155608,-719392.241963,3.882384e-03,-553.802014,664.746890,1540.856912,0.629,0.177,3.862
2050,2.050000,724725.910545,-1444112.927177,-719387.016631,3.889619e-03,-553.152953,664.609991,1541.212479,0.634,0.170,3.946
2051,2.051000,724737.117745,-1444117.746483,-719380.628738,3.898464e-03,-552.550089,664.501552,1541.521308,0.635,0.158,3.891
2052,2.052000,724745.804433,-1444122.605825,-719376.801392,3.903764e-03,-551.930962,664.360734,1541.881419,0.631,0.156,6.891
2053,2.053000,724756.358583,-1444127.502091,-719371.143507,3.911598e-03,-551.342531,664.192211,1542.329965,1.449,0.169,3.929
2054,2.054000,724767.035391,-1444132.427896,-719365.392505,3.919561e-03,-550.717555,664.074682,1542.841979,0.642,0.249,3.980
2055,2.055000,724779.235069,-1444137.368083,-719358.133014,3.929613e-03,-550.082957,664.055498,1543.247654,0.652,0.251,3.970
2056,2.056000,724789.853691,-1444142.301089,-719352.447399,3.937486e-03,-549.515428,663.993110,1543.653394,0.640,0.172,3.876
2057,2.057000,724799.774590,-1444147.215380,-719347.440789,3.944419e-03,-548.973725,663.943417,1544.052164,0.629,0.136,3.844
2058,2.058000,724808.834333,-1444152.080279,-719343.245946,3.950227e-03,-548.499304,663.882727,1544.412224,0.626,0.130,3.850
2059,2.059000,724818.359872,-1444156.878590,-719338.518718,3.956773e-03,-547.976281,663.827364,1544.844241,0.650,0.179,4.106
2060,2.060000,724827.546210,-1444161.595264,-719334.049054,3.962962e-03,-547.472268,663.766189,1545.307533,0.637,0.170,3.932
2061,2.061000,724835.815544,-1444166.219274,-719330.403730,3.968009e-03,-546.952820,663.626466,1545.758290,0.679,0.159,4.111
2062,2.062000,724842.496115,-1444170.754186,-719328.258071,3.970980e-03,-546.492010,663.456467,1546.248366,0.633,0.177,3.933
2063,2.063000,724848.499738,-1444175.218729,-719326.718991,3.973111e-03,-546.042253,663.292428,1546.768349,0.644,0.190,3.986
2064,2.064000,724855.121472,-1444179.637780,-719324.516308,3.976161e-03,-545.538611,663.135468,1547.188222,0.634,0.176,5.532
2065,2.065000,724861.496758,-1444184.048050,-719322.551291,3.978882e-03,-545.025572,663.055704,1547.635383,0.629,0.153,3.951
2066,2.066000,724868.302311,-1444188.483119,-719320.180808,3.982165e-03,-544.512371,662.936454,1548.074935,0.640,0.182,5.987
2067,2.067000,724876.182308,-1444192.974940,-719316.792632,3.986856e-03,-543.955716,662.810667,1548.503942,0.638,0.337,3.951
2068,2.068000,724884.139530,-1444197.544045,-719313.404515,3.991547e-03,-543.378019,662.698327,1548.960664,0.631,0.160,3.954
2069,2.069000,724891.863724,-1444202.206516,-719310.342792,3.995787e-03,-542.783906,662.567843,1549.438815,0.623,0.134,3.886
2070,2.070000,724898.779349,-1444206.966227,-719308.186878,3.998772e-03,-542.139988,662.460885,1549.963845,0.630,0.145,9.736
2071,2.071000,724908.354308,-1444211.815655,-719303.461347,4.005315e-03,-541.456160,662.310182,1550.493441,0.680,0.167,4.152
2072,2.072000,724917.866663,-1444216.740534,-719298.873870,4.011668e-03,-540.771082,662.136848,1550.959704,0.635,0.183,3.951
2073,2.073000,724927.346675,-1444221.735657,-719294.388982,4.017878e-03,-540.000948,661.960936,1551.508925,0.631,0.167,3.874
2074,2.074000,724936.170031,-1444226.781879,-719290.611848,4.023108e-03,-539.197333,661.698877,1552.090986,0.633,0.173,3.888
2075,2.075000,724945.689673,-1444231.859582,-719286.169909,4.029258e-03,-538.342655,661.479497,1552.626899,0.642,0.162,6.828
2076,2.076000,724955.402816,-1444236.955017,-719281.552201,4.035652e-03,-537.531245,661.308872,1553.261410,1.123,0.161,16.280
2077,2.077000,724965.470537,-1444242.058441,-719276.587904,4.042526e-03,-536.655310,661.131300,1553.803861,0.636,0.197,3.921
2078,2.078000,724976.584058,-1444247.162234,-719270.578177,4.050848e-03,-535.821768,661.017815,1554.435785,1.412,0.362,4.969
2079,2.079000,724987.846826,-1444252.261040,-719264.414214,4.059383e-03,-535.021060,660.911645,1554.989593,2.466,0.426,4.347
2080,2.080000,724998.486485,-1444257.344933,-719258.858448,4.067076e-03,-534.091679,660.702744,1555.643627,0.631,0.153,3.870
2081,2.081000,725009.052776,-1444262.416306,-719253.363530,4.074684e-03,-533.171232,660.414813,1556.317378,0.628,0.146,3.948
2082,2.082000,725018.654382,-1444267.480926,-719248.826544,4.080966e-03,-532.224034,660.151786,1556.888993,0.663,0.154,4.087
2083,2.083000,725028.666975,-1444272.548015,-719243.881040,4.087814e-03,-531.294367,659.823721,1557.426816,0.624,0.250,3.883
2084,2.084000,725038.583752,-1444277.643340,-719239.059588,4.094490e-03,-530.400336,659.458683,1557.953984,0.655,0.137,4.058
2085,2.085000,725047.662690,-1444282.789938,-719235.127248,4.099935e-03,-529.535621,659.079107,1558.455051,0.667,0.178,4.168
2086,2.086000,725057.896102,-1444288.014384,-719230.118281,4.106871e-03,-528.687826,658.702598,1558.995101,0.630,0.153,3.872
2087,2.087000,725069.039155,-1444293.337674,-719224.298518,4.114929e-03,-527.965246,658.397797,1559.482957,0.627,0.138,10.302
2088,2.088000,725079.492074,-1444298.765387,-719219.273314,4.121888e-03,-527.265057,658.046062,1559.953993,0.634,0.163,3.968
2089,2.089000,725091.503314,-1444304.310102,-719212.806788,4.130842e-03,-526.519537,657.700213,1560.403460,0.624,0.132,3.860
2090,2.090000,725102.171221,-1444309.959095,-719207.787874,4.137791e-03,-525.769575,657.462499,1560.774622,0.660,0.228,5.870
2091,2.091000,725112.699428,-1444315.709266,-719203.009838,4.144407e-03,-525.194497,657.335242,1561.173159,3.360,0.160,4.267
2092,2.092000,725120.587134,-1444321.550122,-719200.962987,4.147241e-03,-524.591415,657.110737,1561.624696,0.634,0.170,3.979
2093,2.093000,725128.444453,-1444327.468316,-719199.023864,4.149926e-03,-524.001613,656.949211,1562.117200,0.886,0.235,4.037
2094,2.094000,725137.157200,-1444333.456714,-719196.299514,4.153699e-03,-523.316916,656.767448,1562.572102,0.647,0.190,5.593
2095,2.095000,725145.078103,-1444339.490510,-719194.412407,4.156312e-03,-522.690881,656.632962,1562.977909,1.535,0.199,3.937
2096,2.096000,725152.858429,-1444345.559159,-719192.700730,4.158682e-03,-522.016059,656.410065,1563.403998,0.614,0.152,5.074
2097,2.097000,725159.200131,-1444351.644023,-719192.443892,4.159037e-03,-521.376156,656.355695,1563.908758,0.610,0.185,3.849
2098,2.098000,725165.948165,-1444357.715981,-719191.767816,4.159974e-03,-520.723014,656.315367,1564.356711,1.286,0.164,3.836
2099,2.099000,725172.575694,-1444363.758036,-719191.182342,4.160784e-03,-520.106130,656.299915,1564.779660,0.606,0.165,4.768
2100,2.100000,725177.598574,-1444369.737274,-719192.138700,4.159460e-03,-519.469663,656.401178,1565.172206,0.611,0.208,3.779
2101,2.101000,725183.899517,-1444375.628705,-719191.729188,4.160027e-03,-518.930740,656.506859,1565.604404,0.595,0.235,4.972
2102,2.102000,725190.389734,-1444381.397548,-719191.007814,4.161026e-03,-518.276049,656.687096,1566.004185,0.613,0.167,3.698
2103,2.103000,725197.908066,-1444387.014290,-719189.106223,4.163659e-03,-517.567858,656.833282,1566.381446,0.603,0.148,3.774
2104,2.104000,725206.549018,-1444392.454852,-719185.905834,4.168090e-03,-516.856884,656.986592,1566.757983,0.604,0.137,3.882
2105,2.105000,725215.746764,-1444397.696323,-719181.949559,4.173569e-03,-516.162872,657.211349,1567.146464,0.605,0.157,3.698
2106,2.106000,725224.752617,-1444402.719968,-719177.967351,4.179083e-03,-515.484501,657.380297,1567.600872,0.613,0.147,3.714
2107,2.107000,725234.444605,-1444407.513341,-719173.068736,4.185866e-03,-514.823028,657.587648,1568.092122,0.600,0.148,3.740
2108,2.108000,725243.100353,-1444412.074980,-719168.974627,4.191535e-03,-514.127887,657.755992,1568.546507,0.614,0.173,3.870
2109,2.109000,725251.744308,-1444416.396638,-719164.652330,4.197519e-03,-513.410509,658.008551,1569.001898,0.614,0.170,3.783
2110,2.110000,725260.309896,-1444420.460481,-719160.150585,4.203753e-03,-512.659750,658.404511,1569.459149,0.631,0.152,3.874
2111,2.111000,725268.179987,-1444424.259516,-719156.079529,4.209390e-03,-511.951981,658.892717,1569.961790,0.637,0.166,3.967
2112,2.112000,725276.413409,-1444427.783377,-719151.369968,4.215911e-03,-511.227791,659.339812,1570.467343,0.633,0.163,3.688
2113,2.113000,725284.231589,-1444431.008510,-719146.776921,4.222271e-03,-510.505485,659.774675,1570.961093,0.608,0.144,3.782
2114,2.114000,725290.664448,-1444433.923562,-719143.259114,4.227142e-03,-509.836022,660.213977,1571.461688,0.633,0.161,3.930
2115,2.115000,725297.633384,-1444436.526842,-719138.893457,4.233187e-03,-509.157658,660.637790,1571.904109,0.637,0.186,8.373
2116,2.116000,725304.066430,-1444438.813026,-719134.746596,4.238929e-03,-508.437149,661.092068,1572.340263,0.640,0.225,3.881
2117,2.117000,725310.866681,-1444440.779966,-719129.913285,4.245621e-03,-507.675460,661.429487,1572.848829,0.629,0.155,3.858
2118,2.118000,725318.444709,-1444442.418583,-719123.973874,4.253846e-03,-507.012841,661.788771,1573.300700,0.629,0.150,4.219
2119,2.119000,725326.100880,-1444443.725555,-719117.624675,4.262637e-03,-506.310933,662.039663,1573.861997,0.634,0.160,4.094
2120,2.120000,725332.946988,-1444444.692488,-719111.745500,4.270778e-03,-505.615085,662.300923,1574.341049,0.642,0.167,3.938
2121,2.121000,725339.431020,-1444445.299763,-719105.868743,4.278915e-03,-504.909089,662.496279,1574.742779,0.635,0.141,3.864
2122,2.122000,725345.605698,-1444445.539212,-719099.933513,4.287133e-03,-504.201187,662.683863,1575.165665,0.632,0.154,3.937
2123,2.123000,725351.748069,-1444445.413017,-719093.664948,4.295813e-03,-503.460978,662.830292,1575.628745,0.637,0.154,3.868
2124,2.124000,725356.784293,-1444444.933449,-719088.149157,4.303451e-03,-502.803692,662.902516,1575.987298,0.625,0.136,3.838
2125,2.125000,725360.416760,-1444444.109352,-719083.692592,4.309622e-03,-502.193845,662.928004,1576.325337,0.645,0.889,3.931
2126,2.126000,725363.370293,-1444442.972028,-719079.601735,4.315286e-03,-501.562167,662.972679,1576.695718,0.641,0.183,3.931
2127,2.127000,725365.474549,-1444441.549746,-719076.075197,4.320169e-03,-500.876237,662.977801,1576.996607,0.642,0.183,3.958
2128,2.128000,725369.248814,-1444439.869164,-719070.620350,4.327722e-03,-500.274303,663.039244,1577.337143,0.627,0.141,3.881
2129,2.129000,725372.566808,-1444437.949819,-719065.383011,4.334974e-03,-499.752271,663.025464,1577.651497,0.666,0.160,4.218
2130,2.130000,725375.232431,-1444435.801937,-719060.569506,4.341639e-03,-499.261079,663.077244,1578.053999,0.659,0.142,4.047
2131,2.131000,725376.837061,-1444433.427468,-719056.590407,4.347149e-03,-498.748963,663.129833,1578.506047,0.656,0.142,4.057
2132,2.132000,725377.677984,-1444430.812367,-719053.134383,4.351935e-03,-498.235588,663.197837,1578.982776,0.635,0.152,3.905
2133,2.133000,725377.948336,-1444427.937004,-719049.988668,4.356290e-03,-497.645921,663.255844,1579.501817,0.635,0.183,3.950
2134,2.134000,725376.835254,-1444424.774658,-719047.939404,4.359128e-03,-497.016391,663.373445,1580.167962,0.650,0.197,3.948
2135,2.135000,725373.572771,-1444421.281381,-719047.708610,4.359447e-03,-496.321910,663.501165,1580.727857,0.672,0.188,4.240
2136,2.136000,725370.472539,-1444417.427189,-719046.954650,4.360491e-03,-495.667859,663.590222,1581.243181,0.634,0.142,3.882
2137,2.137000,725365.605934,-1444413.177440,-719047.571506,4.359637e-03,-494.862256,663.580481,1581.744845,0.930,0.171,3.834
2138,2.138000,725360.196110,-1444408.496844,-719048.300734,4.358628e-03,-494.101224,663.626105,1582.176621,0.633,0.140,3.848
2139,2.139000,725355.447494,-1444403.357459,-719047.909966,4.359169e-03,-493.386614,663.655100,1582.537851,0.626,0.174,3.847
2140,2.140000,725350.608255,-1444397.732742,-719047.124487,4.360256e-03,-492.700393,663.646550,1582.907835,0.663,0.133,4.008
2141,2.141000,725345.789350,-1444391.616198,-719045.826847,4.362053e-03,-492.014863,663.522739,1583.244748,0.634,0.161,3.940
2142,2.142000,725341.285688,-1444385.006860,-719043.721172,4.364969e-03,-491.282564,663.328474,1583.542534,0.628,0.152,3.883
2143,2.143000,725337.330434,-1444377.922246,-719040.591812,4.369302e-03,-490.538069,663.189121,1583.892796,0.669,0.164,4.166
2144,2.144000,725332.664740,-1444370.389756,-719037.725016,4.373271e-03,-489.777261,663.009254,1584.183969,0.671,0.171,4.125
2145,2.145000,725328.466825,-1444362.433403,-719033.966578,4.378476e-03,-489.039347,662.748479,1584.479371,0.666,0.191,4.066
2146,2.146000,725322.936346,-1444354.090177,-719031.153830,4.382370e-03,-488.378262,662.484737,1584.783934,0.632,0.159,3.920
2147,2.147000,725318.523056,-1444345.398256,-719026.875199,4.388295e-03,-487.735854,662.155558,1585.084629,0.668,0.164,4.142
2148,2.148000,725312.362981,-1444336.394704,-719024.031722,4.392232e-03,-487.093539,661.789011,1585.397433,0.639,0.148,4.118
2149,2.149000,725305.564689,-1444327.112677,-719021.547988,4.395671e-03,-486.456019,661.361394,1585.716021,0.649,0.180,3.941
2150,2.150000,725296.408036,-1444317.587660,-719021.179623,4.396181e-03,-485.874347,660.934282,1586.005256,0.631,0.158,3.939
2151,2.151000,725287.336100,-1444307.859058,-719020.522958,4.397090e-03,-485.254598,660.538811,1586.392623,0.631,0.155,3.884
2152,2.152000,725278.096509,-1444297.958030,-719019.861520,4.398006e-03,-484.682332,660.123707,1586.724601,0.641,0.192,3.942
2153,2.153000,725268.078994,-1444287.916647,-719019.837654,4.398039e-03,-484.116108,659.682979,1586.990253,0.626,0.150,3.825
2154,2.154000,725258.139985,-1444277.772403,-719019.632417,4.398324e-03,-483.574735,659.325510,1587.160105,0.633,0.169,3.928
2155,2.155000,725248.396576,-1444267.539340,-719019.142764,4.399002e-03,-483.022969,658.954205,1587.340792,0.634,0.164,3.944
2156,2.156000,725238.382484,-1444257.249406,-719018.866922,4.399383e-03,-482.424610,658.681732,1587.492054,0.630,0.154,3.908
2157,2.157000,725227.130025,-1444246.923730,-719019.793705,4.398100e-03,-481.801583,658.306715,1587.668679,0.634,0.175,54.565
2158,2.158000,725215.547024,-1444236.587076,-719021.040052,4.396374e-03,-481.195152,657.957244,1587.843034,0.632,0.202,5.913
2159,2.159000,725203.644355,-1444226.268712,-719022.624357,4.394181e-03,-480.548599,657.630435,1588.054324,0.637,0.183,3.958
2160,2.160000,725193.302241,-1444215.993890,-719022.691648,4.394088e-03,-479.869552,657.343570,1588.331076,0.637,0.169,9.825
2161,2.161000,725181.990598,-1444205.775244,-719023.784646,4.392574e-03,-479.149157,657.067320,1588.598053,0.632,0.164,3.951
2162,2.162000,725170.474744,-1444195.634929,-719025.160185,4.390669e-03,-478.444084,656.793212,1588.860249,0.995,0.425,5.892
2163,2.163000,725161.319631,-1444185.603140,-719024.283509,4.391883e-03,-477.704938,656.445586,1589.164442,0.667,0.169,6.572
2164,2.164000,725151.685749,-1444175.714752,-719024.029004,4.392236e-03,-477.050725,656.048513,1589.414385,0.644,0.176,3.979
2165,2.165000,725143.061026,-1444166.009574,-719022.948548,4.393732e-03,-476.322412,655.664487,1589.729752,0.631,0.150,3.858
2166,2.166000,725132.134853,-1444156.523617,-719024.388764,4.391738e-03,-475.499839,655.350883,1589.993667,0.636,0.163,3.949
2167,2.167000,725120.235797,-1444147.281040,-719027.045243,4.388059e-03,-474.578621,655.094702,1590.258783,0.675,3.828,5.825
2168,2.168000,725109.249549,-1444138.304191,-719029.054642,4.385277e-03,-473.567410,654.799041,1590.506849,0.670,0.193,4.095
2169,2.169000,725098.423516,-1444129.609209,-719031.185693,4.382326e-03,-472.629060,654.493392,1590.695715,0.630,0.194,3.963
2170,2.170000,725085.672042,-1444121.207129,-719035.535087,4.376304e-03,-471.638100,654.201670,1590.933218,0.675,0.204,4.173
2171,2.171000,725073.298350,-1444113.099758,-719039.801407,4.370396e-03,-470.687078,653.829314,1591.199970,0.631,0.163,3.933
2172,2.172000,725060.375655,-1444105.281483,-719044.905828,4.363328e-03,-469.802752,653.421249,1591.536545,0.633,0.157,4.029
2173,2.173000,725047.943804,-1444097.750457,-719049.806653,4.356542e-03,-468.915394,653.061367,1591.859718,0.635,0.169,9.304
2174,2.174000,725035.544790,-1444090.491889,-719054.947100,4.349425e-03,-467.998231,652.754038,1592.230200,0.628,0.151,3.860
2175,2.175000,725024.758122,-1444083.478444,-719058.720322,4.344200e-03,-467.090192,652.469867,1592.540343,0.627,0.141,3.882
2176,2.176000,725013.959347,-1444076.677732,-719062.718385,4.338664e-03,-466.206441,652.265807,1592.903731,0.641,0.182,3.983
2177,2.177000,725004.423272,-1444070.056193,-719065.632921,4.334628e-03,-465.368255,652.003963,1593.308493,0.670,0.165,4.149
2178,2.178000,724994.376897,-1444063.565784,-719069.188887,4.329704e-03,-464.545981,651.720344,1593.647211,0.630,0.149,11.080
2179,2.179000,724984.533920,-1444057.155453,-719072.621533,4.324951e-03,-463.777278,651.522963,1593.968939,0.630,0.151,3.931
2180,2.180000,724973.182682,-1444050.767604,-719077.584921,4.318079e-03,-463.001853,651.264053,1594.264579,0.667,0.189,4.158
2181,2.181000,724962.121544,-1444044.354351,-719082.232807,4.311643e-03,-462.253697,651.039708,1594.556575,0.641,0.198,3.987
2182,2.182000,724950.524734,-1444037.879356,-719087.354622,4.304551e-03,-461.558845,650.761462,1594.795852,0.640,0.188,3.930
2183,2.183000,724937.264081,-1444031.313471,-719094.049390,4.295281e-03,-460.889107,650.517374,1595.130401,0.633,0.145,3.871
2184,2.184000,724923.184641,-1444024.640279,-719101.455638,4.285026e-03,-460.147401,650.258196,1595.408679,0.650,0.167,3.974
2185,2.185000,724910.148329,-1444017.856061,-719107.707731,4.276369e-03,-459.451992,650.035634,1595.515235,0.632,0.143,3.850
2186,2.186000,724899.103370,-1444010.971430,-719111.868060,4.270608e-03,-458.769008,649.799531,1595.642964,0.631,0.148,3.883
2187,2.187000,724888.342446,-1444004.008684,-719115.666237,4.265349e-03,-458.010343,649.551085,1595.800139,0.629,0.157,3.886
2188,2.188000,724878.717066,-1443996.996948,-719118.279882,4.261730e-03,-457.172759,649.437839,1595.920546,0.642,0.175,3.992
2189,2.189000,724869.397857,-1443989.961712,-719120.563855,4.258567e-03,-456.262669,649.304855,1595.989364,0.690,0.170,4.162
2190,2.190000,724859.074002,-1443982.941069,-719123.867067,4.253993e-03,-455.316888,649.196951,1596.107664,0.666,0.190,4.204
2191,2.191000,724850.616071,-1443975.977308,-719125.361236,4.251924e-03,-454.383671,649.114189,1596.164292,0.633,0.157,3.893
2192,2.192000,724843.279446,-1443969.108106,-719125.828661,4.251277e-03,-453.392955,649.098153,1596.167605,0.627,0.138,3.861
2193,2.193000,724836.677088,-1443962.380005,-719125.702917,4.251451e-03,-452.417136,649.118865,1596.173676,0.666,0.156,4.135
2194,2.194000,724830.120531,-1443955.843892,-719125.723361,4.251423e-03,-451.356069,649.218775,1596.187899,0.664,0.151,31.304
2195,2.195000,724825.232370,-1443949.546943,-719124.314574,4.253374e-03,-450.361029,649.422882,1596.324484,0.642,0.166,4.016
2196,2.196000,724821.546534,-1443943.529454,-719121.982920,4.256602e-03,-449.285822,649.686527,1596.530329,0.633,0.151,3.933
2197,2.197000,724819.189495,-1443937.817578,-719118.628083,4.261248e-03,-448.203761,649.892134,1596.666778,0.661,0.137,4.080
2198,2.198000,724816.611815,-1443932.425914,-719115.814099,4.265144e-03,-447.112308,650.108405,1596.807855,0.629,0.133,3.818
2199,2.199000,724813.903081,-1443927.356346,-719113.453265,4.268413e-03,-446.032301,650.238621,1597.007388,0.666,0.157,7.390
2200,2.200000,724810.490827,-1443922.616505,-719112.125678,4.270251e-03,-444.951972,650.482454,1597.150771,0.664,0.151,4.057
2201,2.201000,724808.208785,-1443918.197781,-719109.988996,4.273210e-03,-443.868393,650.659837,1597.347653,0.658,0.145,4.161
2202,2.202000,724805.283895,-1443914.081153,-719108.797257,4.274860e-03,-442.753140,650.814669,1597.536933,0.629,0.180,3.825
2203,2.203000,724803.256537,-1443910.228283,-719106.971745,4.277388e-03,-441.692779,651.009374,1597.777023,0.667,0.264,37.898
2204,2.204000,724801.291421,-1443906.592643,-719105.301221,4.279701e-03,-440.629433,651.246384,1598.035611,0.643,0.185,4.890
2205,2.205000,724798.199014,-1443903.127335,-719104.928320,4.280217e-03,-439.558227,651.401913,1598.240641,0.627,0.141,3.830
2206,2.206000,724795.093533,-1443899.778809,-719104.685276,4.280554e-03,-438.468918,651.495804,1598.432600,0.635,0.196,3.938
2207,2.207000,724792.439826,-1443896.486390,-719104.046565,4.281438e-03,-437.381482,651.611752,1598.678786,0.632,0.172,3.838
2208,2.208000,724788.259731,-1443893.187429,-719104.927698,4.280218e-03,-436.291686,651.674543,1598.922138,0.640,0.160,3.820
2209,2.209000,724784.627562,-1443889.834660,-719105.207098,4.279831e-03,-435.322769,651.732335,1599.217554,0.630,0.162,3.880
2210,2.210000,724781.321384,-1443886.377199,-719105.055815,4.280041e-03,-434.342081,651.837991,1599.486043,0.637,0.165,4.109
2211,2.211000,724776.830826,-1443882.786874,-719105.956048,4.278794e-03,-433.279620,651.984068,1599.710164,0.632,0.158,3.824
2212,2.212000,724771.967696,-1443879.042790,-719107.075094,4.277245e-03,-432.171808,652.099867,1599.964423,0.625,0.140,3.803
2213,2.213000,724766.109068,-1443875.143156,-719109.034088,4.274532e-03,-430.974693,652.242547,1600.196449,0.631,0.166,3.896
2214,2.214000,724759.785252,-1443871.093313,-719111.308061,4.271383e-03,-429.766094,652.316834,1600.415598,0.634,0.193,3.886
2215,2.215000,724754.103601,-1443866.895591,-719112.791990,4.269329e-03,-428.676510,652.432190,1600.661763,0.632,0.164,3.886
2216,2.216000,724750.250554,-1443862.563531,-719112.312977,4.269992e-03,-427.581157,652.421786,1600.905838,0.633,0.163,3.847
2217,2.217000,724746.622881,-1443858.116806,-719111.493925,4.271126e-03,-426.465805,652.429577,1601.140099,0.642,0.228,3.901
2218,2.218000,724742.679416,-1443853.581752,-719110.902335,4.271945e-03,-425.403744,652.498550,1601.334877,0.632,0.162,3.866
2219,2.219000,724737.374761,-1443848.972272,-719111.597511,4.270983e-03,-424.402828,652.594074,1601.645452,0.665,0.162,4.115
2220,2.220000,724731.203246,-1443844.302349,-719113.099103,4.268903e-03,-423.387865,652.701673,1601.935860,0.632,0.381,4.748
2221,2.221000,724724.425503,-1443839.586914,-719115.161411,4.266048e-03,-422.346484,652.766949,1602.262749,0.635,0.150,3.803
2222,2.222000,724719.753339,-1443834.842475,-719115.089136,4.266148e-03,-421.299859,652.764750,1602.508286,0.642,0.170,3.892
2223,2.223000,724714.195611,-1443830.073678,-719115.878067,4.265056e-03,-420.231916,652.738794,1602.780402,0.636,0.162,3.886
2224,2.224000,724709.567830,-1443825.281503,-719115.713673,4.265283e-03,-419.182163,652.752983,1603.087570,0.640,0.161,3.926
2225,2.225000,724706.695299,-1443820.454961,-719113.759663,4.267989e-03,-418.129860,652.783920,1603.380398,0.633,0.159,3.891
2226,2.226000,724704.361435,-1443815.587509,-719111.226074,4.271497e-03,-417.073650,652.789142,1603.615696,0.627,0.136,3.805
2227,2.227000,724700.203039,-1443810.674341,-719110.471302,4.272542e-03,-416.029892,652.762199,1603.807890,0.627,0.154,4.035
2228,2.228000,724697.408945,-1443805.715177,-719108.306232,4.275540e-03,-414.942555,652.736888,1604.006876,0.668,0.182,4.904
2229,2.229000,724694.880536,-1443800.695334,-719105.814799,4.278990e-03,-413.833455,652.724487,1604.205136,0.634,0.163,6.316
2230,2.230000,724693.187922,-1443795.624087,-719102.436165,4.283668e-03,-412.783644,652.729545,1604.486252,0.641,0.157,5.337
2231,2.231000,724690.733097,-1443790.503888,-719099.770791,4.287359e-03,-411.760949,652.796963,1604.689608,0.626,0.147,3.823
2232,2.232000,724687.597714,-1443785.341398,-719097.743684,4.290166e-03,-410.743492,652.876400,1604.848055,0.625,0.149,3.819
2233,2.233000,724684.577888,-1443780.148790,-719095.570902,4.293174e-03,-409.644355,652.885799,1605.079366,0.665,0.212,4.027
2234,2.234000,724682.526589,-1443774.950619,-719092.424031,4.297532e-03,-408.493622,652.930273,1605.353522,0.648,0.148,3.811
2235,2.235000,724679.839531,-1443769.758169,-719089.918638,4.301001e-03,-407.432575,652.918316,1605.605464,0.660,0.143,4.045
2236,2.236000,724677.688406,-1443764.582492,-719086.894086,4.305189e-03,-406.315967,652.853384,1605.917108,0.690,0.175,4.003
2237,2.237000,724675.544913,-1443759.426782,-719083.881869,4.309360e-03,-405.226654,652.800137,1606.181853,0.657,0.137,4.014
2238,2.238000,724674.016994,-1443754.288759,-719080.271765,4.314358e-03,-404.190671,652.747789,1606.499398,0.635,0.157,3.872
2239,2.239000,724673.258325,-1443749.145725,-719075.887400,4.320429e-03,-403.053949,652.614316,1606.702267,0.661,0.149,4.023
2240,2.240000,724673.355960,-1443743.977221,-719070.621261,4.327721e-03,-402.000221,652.558209,1606.904928,0.661,0.139,4.004
2241,2.241000,724672.515038,-1443738.761566,-719066.246528,4.333779e-03,-400.944197,652.506986,1607.158783,0.664,0.149,18.412
2242,2.242000,724671.855537,-1443733.482051,-719061.626514,4.340176e-03,-399.956245,652.446440,1607.414068,0.667,0.173,4.076
2243,2.243000,724670.897064,-1443728.130842,-719057.233778,4.346258e-03,-398.918560,652.317480,1607.713669,0.660,0.170,3.974
2244,2.244000,724670.047516,-1443722.706536,-719052.659020,4.352593e-03,-397.896241,652.221529,1607.967969,0.633,0.165,6.115
2245,2.245000,724668.196784,-1443717.227536,-719049.030752,4.357617e-03,-396.924100,652.107170,1608.202993,0.644,0.222,3.924
2246,2.246000,724666.933134,-1443711.718648,-719044.785514,4.363495e-03,-395.865862,651.986744,1608.380121,0.627,0.159,3.797
2247,2.247000,724666.477977,-1443706.215262,-719039.737284,4.370485e-03,-394.809628,651.893627,1608.579007,0.637,0.168,3.913
2248,2.248000,724665.122096,-1443700.763191,-719035.641096,4.376157e-03,-393.811329,651.759220,1608.841666,0.628,0.141,3.805
2249,2.249000,724664.276524,-1443695.399637,-719031.123113,4.382413e-03,-392.850803,651.628912,1609.145297,0.657,0.184,3.930
2250,2.250000,724663.683068,-1443690.167831,-719026.484763,4.388835e-03,-391.909366,651.513184,1609.452425,0.630,4.967,3.867
2251,2.251000,724662.279559,-1443685.098558,-719022.818998,4.393911e-03,-391.008711,651.382942,1609.805580,0.629,0.138,70.559
2252,2.252000,724660.110092,-1443680.212138,-719020.102046,4.397673e-03,-390.147592,651.218020,1610.069986,0.630,0.167,3.959
2253,2.253000,724657.844918,-1443675.511079,-719017.666161,4.401046e-03,-389.327884,651.011248,1610.393391,0.754,0.370,8.972
2254,2.254000,724656.242368,-1443670.992821,-719014.750453,4.405083e-03,-388.455603,650.831587,1610.730069,0.632,0.156,30.524
2255,2.255000,724652.773052,-1443666.630051,-719013.856998,4.406321e-03,-387.643851,650.522150,1610.983603,0.658,0.230,3.961
2256,2.256000,724649.360084,-1443662.392372,-719013.032288,4.407463e-03,-386.931222,650.213573,1611.298714,0.632,0.227,3.894
2257,2.257000,724645.029142,-1443658.235701,-719013.206558,4.407221e-03,-386.110641,649.927295,1611.586542,0.651,0.185,5.468
2258,2.258000,724640.866524,-1443654.111926,-719013.245401,4.407167e-03,-385.239253,649.631993,1611.892547,0.685,0.186,4.434
2259,2.259000,724636.718898,-1443649.971768,-719013.252870,4.407157e-03,-384.341073,649.333348,1612.197273,0.644,0.180,3.919
2260,2.260000,724630.205639,-1443645.766949,-719015.561311,4.403961e-03,-383.516056,648.997176,1612.462775,0.634,0.186,3.745
2261,2.261000,724624.875825,-1443641.451198,-719016.575373,4.402557e-03,-382.721039,648.695472,1612.742724,0.657,0.204,4.938
2262,2.262000,724620.663531,-1443636.991386,-719016.327855,4.402899e-03,-381.908987,648.377722,1613.040490,1.499,0.421,68.000
2263,2.263000,724616.925142,-1443632.365326,-719015.440184,4.404128e-03,-381.153392,648.094678,1613.330929,0.642,0.182,3.969
2264,2.264000,724612.672780,-1443627.546299,-719014.873519,4.404913e-03,-380.370828,647.812218,1613.515774,0.646,0.183,4.220
2265,2.265000,724609.365040,-1443622.535334,-719013.170294,4.407271e-03,-379.637671,647.644031,1613.710040,0.643,0.181,3.973
2266,2.266000,724605.552899,-1443617.329311,-719011.776412,4.409201e-03,-378.854784,647.547257,1613.901732,0.616,0.177,3.786
2267,2.267000,724599.439005,-1443611.940137,-719012.501132,4.408198e-03,-378.128713,647.442509,1614.082522,0.647,36.381,6.041
2268,2.268000,724591.915966,-1443606.373546,-719014.457579,4.405489e-03,-377.414905,647.306374,1614.315498,0.667,0.167,3.910
2269,2.269000,724584.277988,-1443600.629369,-719016.351382,4.402867e-03,-376.795967,647.246819,1614.433638,0.660,0.182,3.850
2270,2.270000,724576.839996,-1443594.715272,-719017.875276,4.400757e-03,-376.217565,647.190077,1614.559975,0.640,0.155,3.843
2271,2.271000,724569.897270,-1443588.646432,-719018.749162,4.399547e-03,-375.585904,647.114136,1614.671416,0.652,0.174,3.941
2272,2.272000,724562.139274,-1443582.441194,-719020.301921,4.397397e-03,-375.025329,647.051609,1614.806205,0.770,0.198,3.973
2273,2.273000,724553.509344,-1443576.106595,-719022.597251,4.394218e-03,-374.426176,646.940484,1614.959806,0.645,0.169,3.864
2274,2.274000,724545.048158,-1443569.656886,-719024.608729,4.391433e-03,-373.829594,646.809478,1615.180269,0.634,0.139,5.078
2275,2.275000,724536.394933,-1443563.110202,-719026.715270,4.388516e-03,-373.261610,646.601845,1615.364295,0.637,0.161,3.887
2276,2.276000,724526.811413,-1443556.493167,-719029.681754,4.384409e-03,-372.614211,646.339378,1615.592940,0.642,0.153,3.955
2277,2.277000,724515.643364,-1443549.816182,-719034.172818,4.378190e-03,-371.884790,646.121525,1615.788802,0.634,0.150,3.828
2278,2.278000,724504.849545,-1443543.085071,-719038.235526,4.372564e-03,-371.234972,645.845254,1615.868838,0.633,0.168,12.944
2279,2.279000,724493.893168,-1443536.306858,-719042.413690,4.366779e-03,-370.628262,645.605526,1615.992233,0.633,0.162,3.897
2280,2.280000,724483.488530,-1443529.472274,-719045.983744,4.361836e-03,-370.047693,645.283104,1616.035982,0.650,0.190,3.820
2281,2.281000,724471.911327,-1443522.561012,-719050.649685,4.355375e-03,-369.475060,645.028184,1615.986826,0.630,0.146,3.817
2282,2.282000,724461.655639,-1443515.552752,-719053.897114,4.350878e-03,-368.846227,644.601574,1616.026854,0.653,0.212,3.941
2283,2.283000,724453.608422,-1443508.429369,-719054.820947,4.349599e-03,-368.201549,644.144564,1616.045239,0.642,0.165,3.911
2284,2.284000,724445.501221,-1443501.169534,-719055.668313,4.348426e-03,-367.523220,643.740811,1616.041851,0.640,0.195,3.914
2285,2.285000,724437.267131,-1443493.747341,-719056.480210,4.347302e-03,-366.731299,643.360834,1616.135531,0.631,0.141,4.276
2286,2.286000,724429.015805,-1443486.133191,-719057.117385,4.346419e-03,-365.942513,642.999856,1616.228528,0.638,0.173,3.881
2287,2.287000,724422.090188,-1443478.298993,-719056.208805,4.347677e-03,-365.132090,642.620705,1616.439439,0.676,0.207,4.102
2288,2.288000,724412.215255,-1443470.208100,-719057.992845,4.345207e-03,-364.295461,642.324106,1616.584815,0.632,0.167,3.910
2289,2.289000,724402.818772,-1443461.832246,-719059.013474,4.343794e-03,-363.500262,642.028104,1616.766630,0.643,0.176,3.955
2290,2.290000,724393.501985,-1443453.146414,-719059.644429,4.342920e-03,-362.740982,641.699340,1616.859806,0.638,0.162,4.276
2291,2.291000,724383.936179,-1443444.146507,-719060.210328,4.342137e-03,-362.010806,641.379863,1616.949394,0.635,0.171,3.832
2292,2.292000,724373.845978,-1443434.828821,-719060.982843,4.341067e-03,-361.249111,641.097061,1616.974820,0.676,0.159,4.076
2293,2.293000,724362.638846,-1443425.206865,-719062.568019,4.338872e-03,-360.613806,640.839285,1616.943582,0.662,0.151,3.857
2294,2.294000,724350.707337,-1443415.288904,-719064.581567,4.336084e-03,-359.996346,640.530101,1616.922912,0.633,0.151,3.828
2295,2.295000,724339.093169,-1443405.078021,-719065.984852,4.334141e-03,-359.329226,640.234152,1616.766532,0.639,0.158,3.884
2296,2.296000,724326.049150,-1443394.584293,-719068.535143,4.330610e-03,-358.615525,639.953657,1616.627233,0.639,0.165,3.898
2297,2.297000,724313.557497,-1443383.805062,-719070.247566,4.328238e-03,-357.953355,639.683763,1616.484474,0.637,0.194,3.905
2298,2.298000,724302.355320,-1443372.736798,-719070.381477,4.328053e-03,-357.225443,639.450235,1616.331917,0.665,0.164,4.042
2299,2.299000,724290.543756,-1443361.367086,-719070.823329,4.327441e-03,-356.437183,639.137435,1616.246741,0.662,0.144,4.022
2300,2.300000,724278.243246,-1443349.709995,-719071.466749,4.326550e-03,-355.726262,638.847661,1616.159230,0.670,0.155,4.080
2301,2.301000,724265.006290,-1443337.782566,-719072.776277,4.324737e-03,-354.983031,638.501738,1615.997674,0.669,0.147,4.029
2302,2.302000,724252.155473,-1443325.600927,-719073.445454,4.323810e-03,-354.276384,638.165061,1615.739630,0.665,0.158,4.000
2303,2.303000,724240.075483,-1443313.184398,-719073.108915,4.324276e-03,-353.548450,637.859139,1615.549567,0.633,0.159,3.813
2304,2.304000,724226.539334,-1443300.565479,-719074.026145,4.323006e-03,-352.792707,637.492017,1615.354657,1.254,0.386,17.158
2305,2.305000,724213.034006,-1443287.769762,-719074.735755,4.322024e-03,-351.939277,637.050825,1615.200616,0.630,0.159,3.858
2306,2.306000,724200.538229,-1443274.819935,-719074.281706,4.322653e-03,-351.060223,636.661836,1615.081603,0.632,0.159,4.008
2307,2.307000,724188.146528,-1443261.714061,-719073.567532,4.323641e-03,-350.277673,636.210309,1614.968790,0.640,0.160,3.898
2308,2.308000,724175.227772,-1443248.466188,-719073.238416,4.324097e-03,-349.536009,635.770325,1614.818468,0.633,0.210,4.016
2309,2.309000,724162.869833,-1443235.077091,-719072.207259,4.325525e-03,-348.879310,635.384140,1614.698449,0.650,0.154,5.831
2310,2.310000,724149.809938,-1443221.547477,-719071.737539,4.326175e-03,-348.174170,634.936836,1614.540944,0.633,0.155,3.824
2311,2.311000,724134.759288,-1443207.878775,-719073.119486,4.324262e-03,-347.518566,634.549987,1614.320140,0.638,0.157,3.847
2312,2.312000,724119.059021,-1443194.054317,-719074.995296,4.321664e-03,-346.812303,634.183859,1614.156877,0.647,0.153,4.037
2313,2.313000,724104.645367,-1443180.063643,-719075.418277,4.321079e-03,-346.208993,633.820692,1614.010135,0.633,0.358,54.641
2314,2.314000,724089.348262,-1443165.894887,-719076.546626,4.319516e-03,-345.599231,633.470294,1614.067027,0.638,0.220,3.934
2315,2.315000,724072.919520,-1443151.545221,-719078.625701,4.316638e-03,-344.988764,633.155310,1614.123065,0.657,0.208,3.958
2316,2.316000,724055.241725,-1443137.011759,-719081.770034,4.312284e-03,-344.357254,632.843021,1614.147528,0.638,0.155,4.142
2317,2.317000,724036.837875,-1443122.290040,-719085.452164,4.307185e-03,-343.656393,632.430792,1614.224322,0.648,0.262,3.830
2318,2.318000,724016.419180,-1443107.386825,-719090.967645,4.299548e-03,-342.875213,632.056783,1614.286068,0.635,0.176,3.871
2319,2.319000,723995.957161,-1443092.294204,-719096.337043,4.292113e-03,-342.155447,631.685237,1614.307755,5.972,0.404,11.511
2320,2.320000,723974.037973,-1443076.992252,-719102.954279,4.282951e-03,-341.392757,631.255283,1614.335585,0.649,0.189,3.904
2321,2.321000,723952.628662,-1443061.462661,-719108.833999,4.274809e-03,-340.689599,630.887684,1614.306007,0.645,0.188,3.914
2322,2.322000,723929.831742,-1443045.682848,-719115.851106,4.265093e-03,-340.060399,630.582426,1614.256797,0.634,0.162,4.001
2323,2.323000,723907.225371,-1443029.618799,-719122.393428,4.256034e-03,-339.422612,630.236617,1614.232368,1.456,0.744,6.517
2324,2.324000,723884.839190,-1443013.243326,-719128.404136,4.247711e-03,-338.707843,629.896890,1614.232170,0.636,0.179,3.898
2325,2.325000,723862.125865,-1442996.544895,-719134.419031,4.239382e-03,-338.050809,629.634252,1614.317250,0.631,0.183,3.810
2326,2.326000,723838.860238,-1442979.500325,-719140.640087,4.230768e-03,-337.376855,629.366605,1614.377559,0.634,0.160,3.887
2327,2.327000,723815.623542,-1442962.094526,-719146.470984,4.222695e-03,-336.800721,629.094870,1614.384181,0.630,0.142,3.793
2328,2.328000,723792.577026,-1442944.306232,-719151.729207,4.215414e-03,-336.158462,628.842360,1614.407646,0.642,0.204,3.856
2329,2.329000,723769.774227,-1442926.125912,-719156.351685,4.209013e-03,-335.514301,628.630275,1614.400335,0.631,0.144,3.821
2330,2.330000,723749.145123,-1442907.525459,-719158.380336,4.206204e-03,-334.840814,628.497469,1614.435500,0.629,0.147,3.792
2331,2.331000,723726.548367,-1442888.484651,-719161.936283,4.201280e-03,-334.158873,628.313850,1614.540564,0.628,0.161,19.517
2332,2.332000,723703.051286,-1442868.983505,-719165.932219,4.195747e-03,-333.415396,628.121149,1614.723894,0.637,0.163,5.469
2333,2.333000,723679.952377,-1442849.007566,-719169.055189,4.191423e-03,-332.713816,627.974456,1614.949678,1.915,0.181,3.861
2334,2.334000,723655.763963,-1442828.557391,-719172.793428,4.186247e-03,-332.055272,627.822559,1615.204464,1.331,6.146,6.268
2335,2.335000,723631.401067,-1442807.614685,-719176.213618,4.181511e-03,-331.375393,627.614008,1615.306350,0.636,0.158,3.914
2336,2.336000,723606.265075,-1442786.156039,-719179.890964,4.176419e-03,-330.611038,627.408373,1615.395353,0.629,0.159,3.840
2337,2.337000,723582.518821,-1442764.172992,-719181.654171,4.173978e-03,-329.811193,627.273096,1615.523970,0.632,0.133,3.825
2338,2.338000,723558.823465,-1442741.645372,-719182.821906,4.172361e-03,-328.972603,627.160269,1615.633420,0.634,0.167,3.921
2339,2.339000,723537.027214,-1442718.544427,-719181.517213,4.174167e-03,-328.127593,627.067779,1615.813976,0.633,0.154,5.940
2340,2.340000,723512.727626,-1442694.840775,-719182.113149,4.173342e-03,-327.315219,626.925985,1616.018710,0.637,0.177,3.837
2341,2.341000,723488.850530,-1442670.505483,-719181.654954,4.173977e-03,-326.488324,626.792352,1616.237360,0.644,0.168,3.876
2342,2.342000,723463.671304,-1442645.509775,-719181.838471,4.173722e-03,-325.632486,626.632342,1616.437307,0.632,0.147,3.810
2343,2.343000,723437.709311,-1442619.827107,-719182.117797,4.173336e-03,-324.728037,626.458449,1616.632175,0.638,0.212,15.719
2344,2.344000,723410.619849,-1442593.436658,-719182.816810,4.172368e-03,-323.827629,626.254580,1616.832676,0.637,0.154,24.971
2345,2.345000,723382.013896,-1442566.336217,-719184.322321,4.170283e-03,-322.942688,626.062647,1617.013876,0.642,0.200,3.875
2346,2.346000,723351.104619,-1442538.532391,-719187.427772,4.165983e-03,-321.998997,626.037646,1617.262424,0.636,0.153,3.948
2347,2.347000,723320.436763,-1442510.045300,-719189.608537,4.162963e-03,-321.105692,626.012404,1617.536886,0.637,0.155,3.889
2348,2.348000,723290.789426,-1442480.909495,-719190.120069,4.162255e-03,-320.256930,625.997724,1617.864813,0.632,0.155,3.830
2349,2.349000,723260.206575,-1442451.178517,-719190.971942,4.161076e-03,-319.485836,625.949803,1618.154310,0.637,0.146,3.842
2350,2.350000,723228.860475,-1442420.922853,-719192.062378,4.159566e-03,-318.747452,625.917472,1618.440644,0.641,0.206,4.001
2351,2.351000,723196.384423,-1442390.214235,-719193.829812,4.157118e-03,-318.016623,625.871506,1618.740804,0.641,0.184,3.938
2352,2.352000,723162.544784,-1442359.134795,-719196.590012,4.153296e-03,-317.165196,625.776445,1619.024291,0.634,0.154,3.901
2353,2.353000,723127.327172,-1442327.759476,-719200.432304,4.147976e-03,-316.339123,625.720917,1619.184531,0.638,0.203,3.872
2354,2.354000,723093.418512,-1442296.159875,-719202.741363,4.144779e-03,-315.597532,625.709435,1619.314463,0.609,0.157,3.726
2355,2.355000,723060.645719,-1442264.384665,-719203.738946,4.143398e-03,-314.848401,625.609174,1619.403321,0.624,0.134,3.830
2356,2.356000,723025.669682,-1442232.472459,-719206.802777,4.139155e-03,-314.112457,625.598744,1619.338816,2.057,0.184,3.964
2357,2.357000,722990.799426,-1442200.430518,-719209.631092,4.135239e-03,-313.352135,625.589673,1619.334109,0.634,0.178,3.747
2358,2.358000,722955.894014,-1442168.251385,-719212.357371,4.131464e-03,-312.631244,625.543819,1619.477246,0.613,0.169,8.255
2359,2.359000,722920.410245,-1442135.913270,-719215.503025,4.127108e-03,-311.923133,625.456444,1619.566194,0.637,0.207,3.970
2360,2.360000,722883.940697,-1442103.399045,-719219.458348,4.121631e-03,-311.287959,625.334944,1619.663257,0.608,0.180,3.821
2361,2.361000,722848.090979,-1442070.686371,-719222.595391,4.117288e-03,-310.710103,625.195154,1619.767485,0.604,0.143,3.742
2362,2.362000,722811.280776,-1442037.749026,-719226.468250,4.111925e-03,-310.145251,625.041585,1619.907062,0.610,0.154,3.769
2363,2.363000,722774.611651,-1442004.584436,-719229.972785,4.107072e-03,-309.573395,624.891679,1620.149885,0.633,0.150,3.920
2364,2.364000,722738.224172,-1441971.203966,-719232.979795,4.102909e-03,-308.977275,624.649308,1620.386168,0.610,0.188,3.766
2365,2.365000,722701.904931,-1441937.621563,-719235.716632,4.099119e-03,-308.414150,624.428378,1620.584729,0.605,0.164,3.693
2366,2.366000,722667.128364,-1441903.856331,-719236.727967,4.097719e-03,-307.828920,624.322560,1620.857462,0.641,0.205,3.993
2367,2.367000,722633.141385,-1441869.920508,-719236.779123,4.097648e-03,-307.207321,624.261989,1621.146650,0.631,0.147,3.873
2368,2.368000,722600.857453,-1441835.831084,-719234.973632,4.100148e-03,-306.510268,624.296889,1621.349313,0.620,0.171,3.784
2369,2.369000,722568.886568,-1441801.584776,-719232.698208,4.103299e-03,-305.810494,624.252648,1621.517557,0.614,0.164,3.768
2370,2.370000,722535.655360,-1441767.186497,-719231.531137,4.104915e-03,-305.177678,624.205694,1621.689736,0.630,0.137,3.829
2371,2.371000,722501.409937,-1441732.621566,-719231.211629,4.105357e-03,-304.521075,624.169868,1621.881737,0.647,0.160,3.899
2372,2.372000,722466.581719,-1441697.878135,-719231.296416,4.105240e-03,-303.892932,624.088552,1622.091267,0.609,0.140,3.662
2373,2.373000,722430.946217,-1441662.938730,-719231.992513,4.104276e-03,-303.337761,623.983068,1622.411090,0.645,0.165,3.909
2374,2.374000,722395.255153,-1441627.791499,-719232.536346,4.103523e-03,-302.822655,623.814679,1622.723696,0.636,0.143,3.879
2375,2.375000,722359.835690,-1441592.424036,-719232.588346,4.103451e-03,-302.349098,623.621769,1623.017167,1.149,0.356,11.157
2376,2.376000,722326.145974,-1441556.834913,-719230.688939,4.106081e-03,-301.912560,623.406795,1623.290754,0.659,0.205,3.957
2377,2.377000,722290.484805,-1441521.022342,-719230.537538,4.106290e-03,-301.399661,623.174792,1623.519084,0.632,0.151,3.849
2378,2.378000,722254.180194,-1441484.994161,-719230.813966,4.105908e-03,-300.830623,622.894127,1623.743321,0.638,0.160,3.951
2379,2.379000,722217.240157,-1441448.772643,-719231.532487,4.104913e-03,-300.267017,622.622762,1623.978221,0.637,0.165,3.889
2380,2.380000,722181.111992,-1441412.388305,-719231.276314,4.105268e-03,-299.695698,622.415100,1624.301928,0.635,0.147,3.927
2381,2.381000,722144.457347,-1441375.874433,-719231.417086,4.105073e-03,-299.156111,622.191472,1624.560352,0.635,0.153,3.906
2382,2.382000,722108.935765,-1441339.260111,-719230.324345,4.106586e-03,-298.591776,621.984263,1624.816116,0.638,0.141,3.884
2383,2.383000,722072.971936,-1441302.581916,-719229.609981,4.107575e-03,-298.060467,621.775878,1625.095307,0.633,0.154,3.896
2384,2.384000,722036.945860,-1441265.862366,-719228.916506,4.108535e-03,-297.546453,621.556208,1625.404329,0.636,0.165,4.091
2385,2.385000,722003.539017,-1441229.118345,-719225.579328,4.113156e-03,-296.994734,621.340417,1625.656860,0.637,0.159,3.873
2386,2.386000,721969.557206,-1441192.368001,-719222.810794,4.116989e-03,-296.432449,621.068853,1625.957246,0.636,0.157,3.869
2387,2.387000,721934.989606,-1441155.630210,-719220.640604,4.119994e-03,-295.933536,620.806450,1626.224958,0.637,0.161,3.867
2388,2.388000,721902.456589,-1441118.913041,-719216.456452,4.125788e-03,-295.414822,620.505009,1626.537518,0.636,0.144,3.900
2389,2.389000,721870.714472,-1441082.205006,-719211.490534,4.132664e-03,-294.899182,620.155357,1626.942966,0.650,0.181,4.967
2390,2.390000,721838.901961,-1441045.494843,-719206.592882,4.139446e-03,-294.362181,619.802857,1627.385709,0.637,0.173,3.840
2391,2.391000,721805.710093,-1441008.755985,-719203.045892,4.144357e-03,-293.858842,619.568290,1627.783678,0.672,0.160,3.902
2392,2.392000,721773.443376,-1440971.962200,-719198.518824,4.150626e-03,-293.260724,619.384413,1628.172010,1.980,0.206,12.202
2393,2.393000,721741.235566,-1440935.087007,-719193.851441,4.157088e-03,-292.649217,619.235004,1628.525855,0.659,1.528,4.251
2394,2.394000,721708.044026,-1440898.120395,-719190.076369,4.162316e-03,-292.065384,619.146488,1628.851665,1.695,3.634,4.069
2395,2.395000,721671.739989,-1440861.050288,-719189.310298,4.163376e-03,-291.370792,619.091928,1629.162127,0.679,0.208,3.979
2396,2.396000,721635.617398,-1440823.887880,-719188.270481,4.164816e-03,-290.618236,619.038861,1629.532779,0.664,0.228,6.631
2397,2.397000,721597.312478,-1440786.656049,-719189.343571,4.163330e-03,-289.890085,618.955926,1629.888673,0.634,0.164,3.902
2398,2.398000,721559.148277,-1440749.385597,-719190.237320,4.162093e-03,-289.175790,618.847607,1630.209962,0.643,0.169,3.866
2399,2.399000,721521.446484,-1440712.103636,-719190.657152,4.161511e-03,-288.419517,618.743388,1630.550873,0.632,0.147,3.821
2400,2.400000,721482.177485,-1440674.855987,-719192.678502,4.158713e-03,-287.628380,618.583184,1630.888292,0.632,0.158,3.825
2401,2.401000,721442.280167,-1440637.666961,-719195.386794,4.154963e-03,-286.842159,618.451931,1631.203282,0.629,0.143,3.850
2402,2.402000,721402.682559,-1440600.555744,-719197.873185,4.151520e-03,-286.064446,618.362247,1631.512010,0.633,0.157,3.947
2403,2.403000,721363.021966,-1440563.536332,-719200.514366,4.147863e-03,-285.257504,618.252680,1631.845314,0.631,0.167,3.906
2404,2.404000,721324.145599,-1440526.620900,-719202.475301,4.145147e-03,-284.471769,618.175698,1632.193452,0.629,0.139,49.167
2405,2.405000,721285.327372,-1440489.803047,-719204.475674,4.142377e-03,-283.586444,618.200811,1632.499927,0.657,0.426,4.442
2406,2.406000,721245.524082,-1440453.076920,-719207.552838,4.138117e-03,-282.697211,618.203021,1632.819651,0.632,0.164,24.223
2407,2.407000,721205.365121,-1440416.436112,-719211.070992,4.133245e-03,-281.715325,618.147826,1633.054152,0.636,0.184,3.923
2408,2.408000,721166.044155,-1440379.865033,-719213.820878,4.129437e-03,-280.762452,618.139350,1633.289404,0.633,0.147,8.487
2409,2.409000,721125.731958,-1440343.355944,-719217.623986,4.124171e-03,-279.792093,618.129472,1633.518708,0.630,0.159,3.858
2410,2.410000,721085.987408,-1440306.906124,-719220.918716,4.119609e-03,-278.931408,618.131137,1633.671047,0.634,0.150,3.859
2411,2.411000,721046.015863,-1440270.527765,-719224.511901,4.114634e-03,-278.124912,618.211713,1633.879832,0.633,0.153,3.868
2412,2.412000,721006.387568,-1440234.245584,-719227.858016,4.110001e-03,-277.303813,618.288943,1634.070526,0.643,0.180,3.977
2413,2.413000,720967.120085,-1440198.085885,-719230.965801,4.105697e-03,-276.447999,618.368112,1634.265351,0.639,0.161,3.908
2414,2.414000,720926.602329,-1440162.090295,-719235.487965,4.099436e-03,-275.687876,618.477418,1634.481302,0.639,0.164,3.894
2415,2.415000,720884.991780,-1440126.300678,-719241.308898,4.091376e-03,-274.929931,618.577531,1634.703352,0.971,0.683,4.859
2416,2.416000,720844.000278,-1440090.747649,-719246.747371,4.083845e-03,-274.203760,618.658673,1635.020212,0.631,0.167,4.001
2417,2.417000,720803.730144,-1440055.463061,-719251.732917,4.076942e-03,-273.510604,618.729852,1635.355976,0.635,0.189,8.236
2418,2.418000,720762.409206,-1440020.470208,-719258.061002,4.068180e-03,-272.724151,618.822027,1635.643744,0.674,0.552,4.414
2419,2.419000,720720.769799,-1439985.787709,-719265.017910,4.058547e-03,-271.951759,618.906323,1635.910577,0.632,0.168,3.853
2420,2.420000,720681.040797,-1439951.428110,-719270.387313,4.051112e-03,-271.124817,619.153940,1636.253820,0.636,0.181,3.846
2421,2.421000,720640.197042,-1439917.401806,-719277.204764,4.041672e-03,-270.359623,619.271832,1636.543970,0.639,0.191,3.900
2422,2.422000,720601.958705,-1439883.713187,-719281.754482,4.035372e-03,-269.570835,619.447458,1636.832524,0.637,0.178,3.893
2423,2.423000,720565.630213,-1439850.365392,-719284.735179,4.031245e-03,-268.772008,619.566510,1637.087901,0.628,0.143,3.795
2424,2.424000,720528.920993,-1439817.363697,-719288.442704,4.026111e-03,-268.018231,619.673514,1637.333258,0.635,0.175,3.946
2425,2.425000,720492.633917,-1439784.708963,-719292.075046,4.021082e-03,-267.317924,619.741965,1637.601114,0.627,0.154,3.992
2426,2.426000,720458.529799,-1439752.391237,-719293.861438,4.018608e-03,-266.626374,619.825262,1637.978828,0.626,0.140,3.793
2427,2.427000,720424.269567,-1439720.402365,-719296.132798,4.015463e-03,-265.913244,619.870638,1638.356306,2.937,0.364,4.630
2428,2.428000,720390.339168,-1439688.727066,-719298.387898,4.012340e-03,-265.251964,620.005205,1638.692453,0.673,0.157,4.086
2429,2.429000,720357.993150,-1439657.331635,-719299.338485,4.011024e-03,-264.659094,620.147911,1639.047651,0.671,0.179,4.065
2430,2.430000,720327.610711,-1439626.178771,-719298.568061,4.012091e-03,-264.130974,620.270828,1639.412028,0.630,0.149,3.821
2431,2.431000,720294.622140,-1439595.233864,-719300.611724,4.009261e-03,-263.564048,620.453541,1639.742145,0.625,0.141,3.801
2432,2.432000,720261.080804,-1439564.455678,-719303.374873,4.005435e-03,-263.056416,620.634178,1640.110457,0.630,0.154,3.790
2433,2.433000,720227.713816,-1439533.798852,-719306.085036,4.001682e-03,-262.505115,620.728169,1640.530271,0.631,0.166,3.893
2434,2.434000,720194.929195,-1439503.221974,-719308.292779,3.998625e-03,-261.912657,620.845324,1640.865234,0.666,0.168,4.047
2435,2.435000,720164.727756,-1439472.694830,-719307.967074,3.999076e-03,-261.330767,621.007779,1641.171093,0.629,0.144,3.799
2436,2.436000,720134.881563,-1439442.201256,-719307.319693,3.999973e-03,-260.844455,621.133439,1641.437115,0.641,0.278,3.910
2437,2.437000,720104.431520,-1439411.740176,-719307.308656,3.999988e-03,-260.353854,621.272585,1641.690946,0.660,0.170,3.998
2438,2.438000,720072.246593,-1439381.316597,-719309.070004,3.997549e-03,-259.946091,621.442925,1641.996185,0.629,0.155,3.832
2439,2.439000,720040.823331,-1439350.947822,-719310.124491,3.996089e-03,-259.562628,621.545600,1642.263794,0.642,0.210,4.107
2440,2.440000,720008.936023,-1439320.650146,-719311.714124,3.993888e-03,-259.206261,621.625969,1642.495192,0.657,0.151,4.016
2441,2.441000,719977.545405,-1439290.431515,-719312.886110,3.992265e-03,-258.894207,621.727725,1642.692058,0.633,0.183,3.889
2442,2.442000,719945.568936,-1439260.297025,-719314.728089,3.989715e-03,-258.560483,621.847914,1642.913126,0.667,0.171,4.088
2443,2.443000,719914.413155,-1439230.235615,-719315.822459,3.988199e-03,-258.198999,621.907711,1643.133233,0.649,0.172,3.899
2444,2.444000,719884.202232,-1439200.232262,-719316.030030,3.987912e-03,-257.854892,621.960295,1643.336809,0.646,0.280,3.903
2445,2.445000,719855.134077,-1439170.265606,-719315.131530,3.989156e-03,-257.556336,621.959673,1643.625353,0.633,0.162,3.882
2446,2.446000,719825.945638,-1439140.304023,-719314.358385,3.990227e-03,-257.264308,621.954603,1643.840161,0.637,0.203,3.878
2447,2.447000,719796.494724,-1439110.313119,-719313.818394,3.990974e-03,-257.005143,621.941636,1643.992388,0.632,0.157,3.802
2448,2.448000,719767.491585,-1439080.259723,-719312.768137,3.992429e-03,-256.743822,621.909524,1644.138106,0.631,0.189,3.868
2449,2.449000,719738.122418,-1439050.100168,-719311.977750,3.993523e-03,-256.478344,621.888446,1644.271446,0.628,0.161,3.852
2450,2.450000,719708.474039,-1439019.816223,-719311.342184,3.994403e-03,-256.235672,621.942326,1644.405247,0.639,0.191,3.901
2451,2.451000,719679.292777,-1438989.390638,-719310.097861,3.996126e-03,-256.068452,621.977962,1644.538974,0.629,0.164,3.879
2452,2.452000,719650.365908,-1438958.814571,-719308.448663,3.998410e-03,-255.792094,621.922412,1644.724341,0.657,0.144,10.480
2453,2.453000,719622.674019,-1438928.104666,-719305.430647,4.002589e-03,-255.518587,621.868608,1644.952335,0.660,0.162,4.018
2454,2.454000,719595.514468,-1438897.298232,-719301.783764,4.007638e-03,-255.292691,621.786463,1645.209058,0.664,0.169,4.056
2455,2.455000,719569.164839,-1438866.437538,-719297.272699,4.013885e-03,-254.989077,621.657397,1645.501187,0.656,0.175,3.846
2456,2.456000,719542.198363,-1438835.578552,-719293.380189,4.019274e-03,-254.693053,621.444117,1645.743041,0.631,0.161,3.911
2457,2.457000,719516.369146,-1438804.801192,-719288.432046,4.026126e-03,-254.397649,621.208291,1646.025232,0.664,0.153,3.855
2458,2.458000,719491.692852,-1438774.166280,-719282.473427,4.034377e-03,-254.089550,620.993128,1646.307816,0.795,0.184,5.066
2459,2.459000,719466.701506,-1438743.728080,-719277.026575,4.041919e-03,-253.738979,620.785230,1646.548469,0.635,0.171,3.882
2460,2.460000,719443.458462,-1438713.525569,-719270.067107,4.051555e-03,-253.423959,620.575634,1646.823388,0.632,0.162,3.792
2461,2.461000,719419.969834,-1438683.582245,-719263.612411,4.060493e-03,-253.085356,620.342372,1647.032014,0.663,0.141,6.038
2462,2.462000,719395.494464,-1438653.894342,-719258.399877,4.067710e-03,-252.820522,620.112637,1647.187441,0.667,0.177,4.098
2463,2.463000,719370.502060,-1438624.440917,-719253.938858,4.073887e-03,-252.443081,619.875538,1647.340514,0.631,0.165,4.122
2464,2.464000,719346.480317,-1438595.186404,-719248.706087,4.081133e-03,-252.004351,619.704359,1647.478797,0.669,0.168,4.071
2465,2.465000,719322.735261,-1438566.071730,-719243.336469,4.088568e-03,-251.562072,619.557828,1647.527906,0.659,0.177,3.995
2466,2.466000,719298.351683,-1438537.028204,-719238.676521,4.095021e-03,-251.109114,619.386892,1647.626063,0.658,0.140,3.984
2467,2.467000,719273.562750,-1438507.976980,-719234.414230,4.100923e-03,-250.689741,619.155103,1647.723120,0.636,1.193,7.988
2468,2.468000,719248.222463,-1438478.834416,-719230.611953,4.106187e-03,-250.385148,618.941469,1647.736683,0.632,0.173,3.863
2469,2.469000,719221.984938,-1438449.526647,-719227.541709,4.110439e-03,-250.034514,618.734382,1647.770747,0.629,0.160,3.818
2470,2.470000,719194.762814,-1438419.970113,-719225.207300,4.113671e-03,-249.650233,618.492707,1647.834481,4.506,0.418,4.471
2471,2.471000,719168.470486,-1438390.102285,-719221.631800,4.118622e-03,-249.303659,618.264660,1647.921454,2.306,0.414,13.739
2472,2.472000,719141.190143,-1438359.866750,-719218.676606,4.122714e-03,-248.954995,618.095915,1648.087931,0.638,0.167,4.102
2473,2.473000,719114.886557,-1438329.217856,-719214.331299,4.128731e-03,-248.605314,617.919445,1648.237397,0.633,0.154,5.157
2474,2.474000,719086.964505,-1438298.153168,-719211.188663,4.133082e-03,-248.289765,617.806883,1648.313785,0.673,0.173,8.278
2475,2.475000,719056.307924,-1438266.668880,-719210.360957,4.134228e-03,-247.989243,617.761735,1648.358325,0.632,0.205,4.106
2476,2.476000,719026.905270,-1438234.785344,-719207.880074,4.137664e-03,-247.592545,617.700913,1648.451972,0.639,0.157,3.781
2477,2.477000,718996.535214,-1438202.540102,-719206.004888,4.140260e-03,-247.183632,617.693955,1648.505404,0.634,0.222,5.531
2478,2.478000,718966.167062,-1438169.978233,-719203.811171,4.143298e-03,-246.781406,617.653142,1648.574092,0.632,0.161,3.805
2479,2.479000,718934.964767,-1438137.147251,-719202.182484,4.145553e-03,-246.398760,617.527556,1648.525263,0.630,0.181,3.774
2480,2.480000,718903.642198,-1438104.105493,-719200.463295,4.147933e-03,-246.023406,617.428593,1648.510991,0.636,0.189,3.790
2481,2.481000,718871.804919,-1438070.910661,-719199.105741,4.149813e-03,-245.668788,617.306978,1648.505967,0.634,0.167,3.838
2482,2.482000,718840.241018,-1438037.623826,-719197.382808,4.152199e-03,-245.310159,617.152901,1648.472602,0.631,0.154,3.744
2483,2.483000,718809.793548,-1438004.318075,-719194.524527,4.156156e-03,-244.906630,617.024707,1648.457776,0.642,0.184,3.815
2484,2.484000,718779.900405,-1437971.069260,-719191.168855,4.160803e-03,-244.438439,616.922627,1648.496466,0.628,0.143,3.713
2485,2.485000,718749.295862,-1437937.942205,-719188.646343,4.164296e-03,-243.950282,616.822398,1648.484058,0.634,0.166,3.796
2486,2.486000,718718.854450,-1437904.992521,-719186.138071,4.167769e-03,-243.442610,616.719799,1648.505508,0.631,0.174,3.791
2487,2.487000,718686.533962,-1437872.274129,-719185.740167,4.168320e-03,-242.917379,616.632626,1648.436731,0.646,0.197,3.830
2488,2.488000,718653.589074,-1437839.821609,-719186.232535,4.167638e-03,-242.399724,616.484499,1648.367637,0.632,0.146,10.722
2489,2.489000,718622.314466,-1437807.645197,-719185.330731,4.168887e-03,-241.906307,616.379964,1648.278734,0.633,0.163,3.853
2490,2.490000,718589.558210,-1437775.746746,-719186.188536,4.167699e-03,-241.469035,616.258977,1648.218247,0.631,0.155,3.818
2491,2.491000,718556.408947,-1437744.119986,-719187.711039,4.165591e-03,-241.041499,616.107988,1648.170420,0.637,0.144,3.728
2492,2.492000,718524.752329,-1437712.749618,-719187.997290,4.165195e-03,-240.588379,616.019237,1648.093693,0.629,0.148,7.223
2493,2.493000,718492.102002,-1437681.620025,-719189.518023,4.163089e-03,-240.157198,615.999025,1647.977486,0.630,0.155,3.758
2494,2.494000,718459.973660,-1437650.728354,-719190.754694,4.161376e-03,-239.798761,615.939441,1647.932992,0.636,0.180,9.578
2495,2.495000,718429.092941,-1437620.048622,-719190.955681,4.161098e-03,-239.508072,615.828636,1647.850803,0.672,0.156,3.960
2496,2.496000,718396.281714,-1437589.565360,-719193.283646,4.157875e-03,-239.232427,615.727910,1647.773998,0.629,0.158,3.808
2497,2.497000,718363.536301,-1437559.273038,-719195.736737,4.154478e-03,-238.909897,615.630420,1647.687751,0.636,0.209,3.845
2498,2.498000,718330.407407,-1437529.171845,-719198.764438,4.150286e-03,-238.492338,615.457938,1647.608809,0.638,0.167,5.210
2499,2.499000,718295.757554,-1437499.264551,-719203.506997,4.143719e-03,-238.147734,615.294662,1647.479540,0.637,0.175,3.797
2500,2.500000,718260.961332,-1437469.561999,-719208.600667,4.136666e-03,-237.790341,615.040404,1647.400525,0.636,0.159,3.863
2501,2.501000,718227.687619,-1437440.063326,-719212.375707,4.131439e-03,-237.500495,614.783339,1647.294826,0.659,0.195,3.805
2502,2.502000,718194.950443,-1437410.764971,-719215.814529,4.126677e-03,-237.217717,614.516645,1647.145901,0.602,0.156,3.562
2503,2.503000,718162.098114,-1437381.660573,-719219.562459,4.121487e-03,-236.866297,614.235239,1647.037637,0.635,0.141,3.723
2504,2.504000,718129.651680,-1437352.739699,-719223.088019,4.116606e-03,-236.476767,613.913609,1646.950875,2.510,0.437,5.720
2505,2.505000,718097.418930,-1437323.978645,-719226.559714,4.111798e-03,-236.058068,613.725978,1646.824342,0.637,0.171,3.705
2506,2.506000,718065.687351,-1437295.364754,-719229.677404,4.107481e-03,-235.621752,613.582374,1646.714982,0.635,0.169,3.741
2507,2.507000,718032.787924,-1437266.877280,-719234.089356,4.101372e-03,-235.195378,613.435631,1646.651746,0.648,0.186,3.819
2508,2.508000,718000.479486,-1437238.496695,-719238.017209,4.095934e-03,-234.602470,613.265785,1646.553498,0.636,0.148,3.730
2509,2.509000,717968.803870,-1437210.191191,-719241.387321,4.091267e-03,-234.071900,613.117858,1646.467678,0.637,0.143,3.717
2510,2.510000,717937.070573,-1437181.932168,-719244.861595,4.086456e-03,-233.570513,613.013865,1646.348196,0.655,0.274,3.788
2511,2.511000,717906.510550,-1437153.693784,-719247.183233,4.083242e-03,-233.027317,612.892021,1646.301738,0.634,0.161,3.731
2512,2.512000,717877.404726,-1437125.447436,-719248.042710,4.082052e-03,-232.406968,612.748718,1646.184667,0.635,0.150,3.734
2513,2.513000,717848.670752,-1437097.173478,-719248.502725,4.081415e-03,-231.836892,612.596032,1646.089590,0.634,0.152,3.717
2514,2.514000,717820.945459,-1437068.854584,-719247.909125,4.082237e-03,-231.249106,612.416236,1645.977494,0.656,0.196,3.760
2515,2.515000,717793.190477,-1437040.491325,-719247.300848,4.083079e-03,-230.676112,612.249332,1645.858337,0.641,0.177,6.678
2516,2.516000,717766.168012,-1437012.091188,-719245.923175,4.084987e-03,-230.113114,612.011584,1645.752501,0.663,0.168,3.927
2517,2.517000,717741.287249,-1436983.674406,-719242.387156,4.089883e-03,-229.525409,611.822741,1645.715842,1.008,0.251,3.740
2518,2.518000,717716.165930,-1436955.267725,-719239.101795,4.094432e-03,-228.964751,611.661225,1645.640366,0.659,0.170,3.838
2519,2.519000,717691.677656,-1436926.888704,-719235.211048,4.099819e-03,-228.394043,611.459499,1645.664943,0.630,0.151,5.287
2520,2.520000,717666.321469,-1436898.553563,-719232.232094,4.103944e-03,-227.888722,611.237654,1645.770146,0.632,0.183,3.689
2521,2.521000,717640.489562,-1436870.275968,-719229.786406,4.107331e-03,-227.395341,610.907408,1645.819070,0.614,0.163,3.646
2522,2.522000,717616.946844,-1436842.050536,-719225.103692,4.113815e-03,-226.965116,610.647861,1645.902913,0.604,0.133,28.453
2523,2.523000,717592.935966,-1436813.852511,-719220.916545,4.119612e-03,-226.638694,610.486980,1645.973925,0.622,0.195,5.826
2524,2.524000,717568.258600,-1436785.646319,-719217.387719,4.124499e-03,-226.355239,610.371774,1646.051588,0.645,0.245,4.099
2525,2.525000,717543.102807,-1436757.393864,-719214.291057,4.128786e-03,-226.009337,610.266388,1646.134216,0.822,0.214,5.801
2526,2.526000,717518.389673,-1436729.056926,-719210.667253,4.133804e-03,-225.622764,610.096794,1646.251383,0.825,0.168,14.336
2527,2.527000,717493.239680,-1436700.589649,-719207.349968,4.138398e-03,-225.262563,609.930434,1646.417209,0.637,0.172,3.917
2528,2.528000,717468.030981,-1436671.959199,-719203.928218,4.143136e-03,-224.859210,609.786469,1646.467790,0.635,0.166,3.748
2529,2.529000,717442.300781,-1436643.128904,-719200.828123,4.147428e-03,-224.439645,609.636202,1646.444408,0.938,0.177,3.784
2530,2.530000,717415.619658,-1436614.077246,-719198.457588,4.150710e-03,-224.032716,609.457171,1646.402822,0.634,0.147,3.753
2531,2.531000,717389.240104,-1436584.786198,-719195.546094,4.154742e-03,-223.603897,609.295904,1646.376017,0.639,0.192,3.817
2532,2.532000,717363.305781,-1436555.244739,-719191.938958,4.159737e-03,-223.178370,609.166795,1646.287993,0.634,0.147,3.786
2533,2.533000,717339.025567,-1436525.464689,-719186.439123,4.167352e-03,-222.670480,609.051962,1646.174244,0.633,0.150,5.550
2534,2.534000,717313.915544,-1436495.458299,-719181.542755,4.174132e-03,-222.085534,608.894451,1646.100135,0.637,0.154,10.850
2535,2.535000,717288.403878,-1436465.255823,-719176.851945,4.180627e-03,-221.599073,608.695034,1646.043531,0.637,0.162,3.750
2536,2.536000,717262.401744,-1436434.892711,-719172.490967,4.186666e-03,-221.205165,608.502064,1646.023219,0.632,0.663,8.515
2537,2.537000,717236.221949,-1436404.422123,-719168.200173,4.192607e-03,-220.830372,608.363788,1646.045029,0.638,0.181,3.737
2538,2.538000,717210.324895,-1436373.892698,-719163.567803,4.199021e-03,-220.461865,608.256037,1646.076234,0.640,0.171,3.799
2539,2.539000,717183.431203,-1436343.366459,-719159.935256,4.204051e-03,-220.080661,608.117531,1646.241659,0.635,0.172,3.732
2540,2.540000,717153.794721,-1436312.916111,-719159.121390,4.205178e-03,-219.587561,607.949779,1646.393080,0.636,0.167,3.790
2541,2.541000,717124.484874,-1436282.610403,-719158.125529,4.206557e-03,-219.112206,607.819654,1646.544473,0.634,1.115,20.466
2542,2.542000,717096.834543,-1436252.516779,-719155.682236,4.209940e-03,-218.648383,607.674907,1646.727008,0.631,0.165,3.727
2543,2.543000,717070.273266,-1436222.703815,-719152.430548,4.214443e-03,-218.222086,607.552753,1646.884631,0.639,0.200,3.793
2544,2.544000,717043.584185,-1436193.225666,-719149.641481,4.218304e-03,-217.791460,607.390651,1647.063530,0.639,0.164,4.941
2545,2.545000,717016.261564,-1436164.143890,-719147.882326,4.220740e-03,-217.344668,607.181608,1647.289967,0.630,0.151,3.736
2546,2.546000,716987.901743,-1436135.513041,-719147.611298,4.221116e-03,-216.804869,606.997775,1647.461243,0.627,0.148,3.721
2547,2.547000,716959.640765,-1436107.374861,-719147.734096,4.220946e-03,-216.279077,606.867471,1647.631825,0.639,0.176,3.777
2548,2.548000,716930.827566,-1436079.758668,-719148.931102,4.219288e-03,-215.795285,606.774772,1647.789229,0.638,0.190,3.821
2549,2.549000,716901.365892,-1436052.676796,-719151.310904,4.215993e-03,-215.315338,606.671926,1647.941982,0.670,0.167,3.982
2550,2.550000,716872.460091,-1436026.139309,-719153.679218,4.212714e-03,-214.817833,606.607708,1648.060060,0.636,0.185,3.702
2551,2.551000,716843.093553,-1436000.149530,-719157.055977,4.208038e-03,-214.287672,606.580885,1648.121404,0.664,0.232,4.051
2552,2.552000,716814.303132,-1435974.685918,-719160.382786,4.203431e-03,-213.780673,606.523454,1648.119624,0.631,0.160,3.863
2553,2.553000,716786.466475,-1435949.714643,-719163.248168,4.199464e-03,-213.238459,606.465768,1648.219558,0.651,0.145,3.743
2554,2.554000,716757.553520,-1435925.201132,-719167.647612,4.193372e-03,-212.669804,606.456461,1648.343127,0.641,0.206,4.003
2555,2.555000,716730.635307,-1435901.093445,-719170.458137,4.189480e-03,-212.068918,606.468166,1648.406635,0.629,0.166,3.825
2556,2.556000,716703.845477,-1435877.327593,-719173.482116,4.185293e-03,-211.461507,606.447116,1648.452975,0.633,0.164,3.833
2557,2.557000,716676.946703,-1435853.830393,-719176.883690,4.180583e-03,-210.904408,606.417195,1648.524984,0.629,0.145,3.789
2558,2.558000,716649.114404,-1435830.532201,-719181.417797,4.174305e-03,-210.305459,606.394129,1648.573073,0.636,0.177,3.807
2559,2.559000,716621.248292,-1435807.349736,-719186.101444,4.167820e-03,-209.709576,606.416815,1648.652842,0.649,0.231,4.037
2560,2.560000,716593.048575,-1435784.203233,-719191.154658,4.160823e-03,-209.114872,606.443126,1648.709577,0.622,0.163,4.037
2561,2.561000,716563.973633,-1435761.026999,-719197.053366,4.152655e-03,-208.485446,606.426882,1648.764329,0.636,0.190,3.827
2562,2.562000,716534.059579,-1435737.759651,-719203.700072,4.143451e-03,-207.855483,606.401627,1648.786966,0.629,0.147,3.727
2563,2.563000,716503.981947,-1435714.355036,-719210.373089,4.134212e-03,-207.209412,606.403803,1648.776725,0.606,0.171,3.676
2564,2.564000,716473.791653,-1435690.788805,-719216.997153,4.125039e-03,-206.479342,606.397115,1648.822549,0.631,0.141,3.743
2565,2.565000,716443.492778,-1435667.051481,-719223.558703,4.115954e-03,-205.795278,606.481444,1648.856462,0.633,0.154,3.743
2566,2.566000,716411.799163,-1435643.147529,-719231.348366,4.105168e-03,-205.069933,606.619385,1648.846716,0.628,0.157,3.803
2567,2.567000,716379.678024,-1435619.095558,-719239.417534,4.093995e-03,-204.413285,606.712312,1648.880536,0.633,0.147,3.757
2568,2.568000,716348.456943,-1435594.925943,-719246.469000,4.084231e-03,-203.748499,606.736292,1648.884192,0.628,0.141,6.909
2569,2.569000,716317.771409,-1435570.677836,-719252.906427,4.075317e-03,-203.183177,606.827344,1648.832595,0.637,0.166,3.775
2570,2.570000,716286.034070,-1435546.396831,-719260.362760,4.064993e-03,-202.652649,606.949744,1648.806074,0.626,0.153,6.813
2571,2.571000,716254.587626,-1435522.149263,-719267.561637,4.055025e-03,-202.106719,607.053622,1648.807454,0.636,0.161,3.745
2572,2.572000,716222.628017,-1435498.001293,-719275.373275,4.044208e-03,-201.521192,607.216401,1648.779715,0.630,0.150,3.793
2573,2.573000,716191.133291,-1435474.001663,-719282.868371,4.033830e-03,-200.955455,607.263890,1648.743516,0.648,0.148,3.804
2574,2.574000,716160.499309,-1435450.195899,-719289.696589,4.024375e-03,-200.379541,607.343254,1648.638497,0.645,0.158,3.811
2575,2.575000,716130.407303,-1435426.607327,-719296.200024,4.015370e-03,-199.768369,607.375426,1648.572001,0.632,0.154,6.347
2576,2.576000,716100.607061,-1435403.249271,-719302.642210,4.006450e-03,-199.151889,607.352568,1648.452751,0.636,0.165,3.830
2577,2.577000,716073.768392,-1435380.122726,-719306.354335,4.001310e-03,-198.529174,607.402268,1648.233505,0.629,0.142,5.368
2578,2.578000,716045.432085,-1435357.232939,-719311.800855,3.993768e-03,-197.935725,607.301377,1647.954545,0.637,0.178,3.967
2579,2.579000,716017.566454,-1435334.579047,-719317.012594,3.986551e-03,-197.319784,607.261916,1647.737981,0.632,0.149,5.061
2580,2.580000,715990.185725,-1435312.167931,-719321.982206,3.979670e-03,-196.718194,607.264961,1647.473325,0.625,0.143,3.742
2581,2.581000,715963.444116,-1435289.996211,-719326.552095,3.973342e-03,-196.050767,607.170939,1647.157284,0.641,0.182,3.842
2582,2.582000,715936.742559,-1435268.052149,-719331.309590,3.966755e-03,-195.425430,607.112192,1646.857258,1.504,0.412,7.126
2583,2.583000,715908.993186,-1435246.316667,-719337.323481,3.958428e-03,-194.710359,607.190516,1646.602033,0.681,0.167,6.367
2584,2.584000,715882.147869,-1435224.771201,-719342.623332,3.951089e-03,-194.001867,607.292357,1646.299175,0.672,0.176,3.999
2585,2.585000,715855.646318,-1435203.393729,-719347.747412,3.943994e-03,-193.317994,607.355568,1645.959983,0.670,0.165,4.018
2586,2.586000,715830.798747,-1435182.151469,-719351.352722,3.939002e-03,-192.654143,607.458492,1645.651975,0.629,0.144,3.749
2587,2.587000,715806.953875,-1435161.026337,-719354.072462,3.935236e-03,-191.954533,607.554296,1645.275898,0.639,0.175,19.074
2588,2.588000,715782.948116,-1435139.992495,-719357.044379,3.931121e-03,-191.248168,607.637598,1644.858247,0.672,0.173,7.376
2589,2.589000,715759.342016,-1435119.013423,-719359.671407,3.927483e-03,-190.557352,607.717100,1644.522122,0.635,0.166,3.826
2590,2.590000,715735.439321,-1435098.068022,-719362.628701,3.923388e-03,-189.922481,607.804807,1644.265098,0.641,0.181,3.833
2591,2.591000,715712.379914,-1435077.117957,-719364.738043,3.920468e-03,-189.199554,607.883863,1644.066099,0.641,0.189,3.865
2592,2.592000,715688.772139,-1435056.125279,-719367.353140,3.916847e-03,-188.457098,607.956909,1643.951978,0.635,0.253,3.842
2593,2.593000,715666.141039,-1435035.059911,-719368.918872,3.914679e-03,-187.791707,608.048684,1643.864989,0.637,0.180,3.834
2594,2.594000,715643.802091,-1435013.897010,-719370.094919,3.913050e-03,-187.078326,608.166464,1643.776884,0.628,0.151,3.739
2595,2.595000,715621.028990,-1434992.617386,-719371.588396,3.910982e-03,-186.305241,608.277369,1643.627370,0.640,0.158,3.829
2596,2.596000,715596.491649,-1434971.216752,-719374.725103,3.906639e-03,-185.594330,608.353681,1643.487929,0.634,0.216,3.862
2597,2.597000,715574.142081,-1434949.693669,-719375.551588,3.905495e-03,-184.766472,608.384970,1643.378039,0.637,0.176,3.848
2598,2.598000,715549.960611,-1434928.055331,-719378.094720,3.901973e-03,-183.995323,608.403460,1643.287363,0.638,0.173,3.967
2599,2.599000,715525.954440,-1434906.308452,-719380.354012,3.898845e-03,-183.195973,608.315796,1643.177688,0.643,0.222,4.519
2600,2.600000,715500.053233,-1434884.477158,-719384.423924,3.893209e-03,-182.416251,608.255924,1643.145649,0.644,0.182,10.409
2601,2.601000,715475.053604,-1434862.599801,-719387.546196,3.888886e-03,-181.645507,608.195475,1643.145104,0.634,0.157,3.763
2602,2.602000,715449.579957,-1434840.713173,-719391.133216,3.883919e-03,-180.895812,608.180558,1643.093134,0.631,0.154,6.923
2603,2.603000,715424.049515,-1434818.865981,-719394.816466,3.878819e-03,-180.074815,608.116945,1643.024750,0.632,0.152,3.769
2604,2.604000,715398.328475,-1434797.105432,-719398.776957,3.873335e-03,-179.223171,608.092034,1643.012417,0.636,0.188,3.851
2605,2.605000,715372.660092,-1434775.472090,-719402.811997,3.867748e-03,-178.419435,608.134109,1642.983234,0.647,0.332,7.759
2606,2.606000,715347.668290,-1434754.000833,-719406.332543,3.862873e-03,-177.661131,608.200974,1642.899386,0.632,0.171,3.881
2607,2.607000,715321.381705,-1434732.723477,-719411.341772,3.855937e-03,-176.905243,608.164827,1642.785988,0.987,0.349,11.548
2608,2.608000,715296.192742,-1434711.665274,-719415.472532,3.850217e-03,-176.094576,608.125524,1642.651520,0.639,0.162,3.835
2609,2.609000,715270.629284,-1434690.845889,-719420.216605,3.843648e-03,-175.230084,608.127184,1642.506889,0.629,0.138,3.770
2610,2.610000,715245.955810,-1434670.285974,-719424.330165,3.837953e-03,-174.436116,608.142519,1642.260188,0.636,0.159,5.797
2611,2.611000,715221.521758,-1434650.007348,-719428.485589,3.832199e-03,-173.633636,608.209393,1641.965205,0.637,0.158,3.811
2612,2.612000,715195.963135,-1434630.037987,-719434.074852,3.824459e-03,-172.815377,608.283409,1641.739298,0.642,0.176,3.892
2613,2.613000,715170.904731,-1434610.412463,-719439.507732,3.816937e-03,-171.896093,608.368065,1641.428838,0.631,0.162,3.798
2614,2.614000,715145.706150,-1434591.164287,-719445.458137,3.808697e-03,-171.000929,608.529179,1641.184094,0.637,0.176,3.913
2615,2.615000,715121.163522,-1434572.325004,-719451.161482,3.800800e-03,-170.074166,608.679954,1640.965974,0.633,0.168,3.845
2616,2.616000,715097.464255,-1434553.930666,-719456.466410,3.793455e-03,-169.205974,608.785404,1640.818909,0.627,0.167,3.806
2617,2.617000,715073.226217,-1434536.015287,-719462.789070,3.784700e-03,-168.334338,608.955458,1640.707364,0.632,0.163,5.507
2618,2.618000,715049.725369,-1434518.610325,-719468.884956,3.776259e-03,-167.528856,609.114792,1640.662004,0.639,0.179,4.449
2619,2.619000,715027.751861,-1434501.733355,-719473.981493,3.769202e-03,-166.747479,609.227010,1640.661545,0.675,0.184,4.035
2620,2.620000,715004.976904,-1434485.387484,-719480.410579,3.760300e-03,-165.990412,609.268700,1640.632273,0.631,0.146,3.841
2621,2.621000,714982.690342,-1434469.554531,-719486.864189,3.751364e-03,-165.234912,609.316735,1640.516806,0.672,0.184,26.464
2622,2.622000,714960.776130,-1434454.204669,-719493.428539,3.742274e-03,-164.499127,609.460593,1640.322265,0.642,0.181,3.905
2623,2.623000,714937.807740,-1434439.292409,-719501.484669,3.731119e-03,-163.718055,609.578711,1640.124510,0.645,0.152,3.983
2624,2.624000,714914.854273,-1434424.764219,-719509.909947,3.719453e-03,-162.968194,609.723547,1639.990504,0.624,0.134,13.262
2625,2.625000,714891.927105,-1434410.559385,-719518.632280,3.707376e-03,-162.256559,609.891002,1639.867360,0.662,0.162,3.986
2626,2.626000,714869.346464,-1434396.619765,-719527.273301,3.695411e-03,-161.593612,609.973631,1639.803160,0.664,0.158,4.067
2627,2.627000,714847.688564,-1434382.895585,-719535.207021,3.684425e-03,-160.950381,610.177525,1639.737082,0.630,0.159,3.809
2628,2.628000,714827.140481,-1434369.338521,-719542.198041,3.674745e-03,-160.335798,610.395389,1639.706824,0.645,0.188,26.448
2629,2.629000,714807.362516,-1434355.929789,-719548.567273,3.665926e-03,-159.790261,610.561939,1639.654446,1.020,0.197,4.026
2630,2.630000,714786.665269,-1434342.661978,-719555.996709,3.655638e-03,-159.183357,610.755164,1639.614778,0.636,0.157,3.916
2631,2.631000,714766.773139,-1434329.548283,-719562.775145,3.646253e-03,-158.619179,611.002144,1639.557824,0.655,0.224,3.899
2632,2.632000,714746.758796,-1434316.610500,-719569.851704,3.636454e-03,-158.042540,611.226187,1639.440986,0.611,0.155,3.618
2633,2.633000,714726.994976,-1434303.886141,-719576.891165,3.626707e-03,-157.370832,611.456678,1639.434913,0.635,0.163,3.778
2634,2.634000,714706.935170,-1434291.413067,-719584.477897,3.616201e-03,-156.738815,611.686937,1639.415304,0.641,0.288,3.791
2635,2.635000,714685.739795,-1434279.242669,-719593.502873,3.603705e-03,-156.156805,611.854104,1639.412323,0.612,0.155,3.603
2636,2.636000,714665.382404,-1434267.422789,-719602.040385,3.591883e-03,-155.599875,611.998018,1639.273565,0.627,0.168,3.704
2637,2.637000,714646.069123,-1434255.997679,-719609.928556,3.580961e-03,-154.998698,612.138254,1639.219881,0.643,0.168,3.917
2638,2.638000,714628.776814,-1434245.019520,-719616.242706,3.572218e-03,-154.419493,612.316525,1639.070183,0.639,0.166,3.908
2639,2.639000,714613.622524,-1434234.539459,-719620.916935,3.565746e-03,-153.896410,612.473225,1638.888005,0.634,0.138,3.780
2640,2.640000,714599.100449,-1434224.597747,-719625.497297,3.559403e-03,-153.310765,612.564529,1638.818498,0.633,0.156,3.812
2641,2.641000,714586.039324,-1434215.235422,-719629.196098,3.554282e-03,-152.711300,612.681443,1638.798265,0.633,0.140,4.483
2642,2.642000,714574.099728,-1434206.484618,-719632.384890,3.549866e-03,-152.109481,612.860547,1638.769988,0.630,0.140,3.751
2643,2.643000,714562.093281,-1434198.368008,-719636.274727,3.544480e-03,-151.505897,613.153951,1638.760819,0.630,0.167,3.749
2644,2.644000,714552.358149,-1434190.901851,-719638.543702,3.541338e-03,-150.831261,613.346787,1638.715074,0.643,0.185,4.096
2645,2.645000,714541.602117,-1434184.092457,-719642.490340,3.535874e-03,-150.055118,613.533988,1638.686638,0.638,0.169,3.774
2646,2.646000,714532.349914,-1434177.946380,-719645.596466,3.531573e-03,-149.330729,613.674983,1638.690496,0.634,0.165,4.580
2647,2.647000,714523.542385,-1434172.463394,-719648.921009,3.526969e-03,-148.560739,613.862977,1638.781223,0.635,0.187,3.823
2648,2.648000,714515.648797,-1434167.641392,-719651.992596,3.522716e-03,-147.747399,614.011547,1638.776919,0.633,0.353,3.774
2649,2.649000,714508.653969,-1434163.463544,-719654.809575,3.518816e-03,-146.856127,614.124167,1638.728545,0.634,0.183,3.837
2650,2.650000,714502.629116,-1434159.914958,-719657.285843,3.515387e-03,-145.951703,614.219219,1638.719371,0.629,0.148,5.467
2651,2.651000,714498.819913,-1434156.980529,-719658.160616,3.514176e-03,-145.022984,614.314106,1638.707180,0.639,0.174,3.859
2652,2.652000,714495.916589,-1434154.637220,-719658.720631,3.513400e-03,-144.141472,614.432986,1638.637646,0.667,0.172,3.849
2653,2.653000,714491.981580,-1434152.876227,-719660.894647,3.510390e-03,-143.220139,614.509428,1638.511118,0.640,0.180,3.856
2654,2.654000,714489.295248,-1434151.674304,-719662.379056,3.508334e-03,-142.418462,614.636837,1638.436249,0.632,0.144,3.846
2655,2.655000,714487.782366,-1434151.018963,-719663.236597,3.507147e-03,-141.697754,614.646701,1638.386739,0.673,0.155,4.017
2656,2.656000,714487.280913,-1434150.902323,-719663.621410,3.506614e-03,-140.952621,614.694330,1638.334118,0.636,0.151,4.418
2657,2.657000,714487.429088,-1434151.311379,-719663.882291,3.506253e-03,-140.220891,614.717725,1638.212655,0.667,0.193,6.740
2658,2.658000,714487.004649,-1434152.226998,-719665.222349,3.504397e-03,-139.504548,614.693385,1638.158553,0.639,0.170,3.770
2659,2.659000,714486.504708,-1434153.635654,-719667.130945,3.501755e-03,-138.778285,614.691810,1638.072649,0.630,0.136,3.748
2660,2.660000,714487.360277,-1434155.526916,-719668.166638,3.500321e-03,-138.029026,614.637316,1637.976529,0.661,0.184,3.887
2661,2.661000,714489.354702,-1434157.883708,-719668.529006,3.499819e-03,-137.328710,614.491183,1637.930498,0.633,0.149,3.737
2662,2.662000,714491.039985,-1434160.687033,-719669.647048,3.498271e-03,-136.566405,614.259283,1637.915441,0.636,0.177,5.842
2663,2.663000,714492.819987,-1434163.929987,-719671.110000,3.496245e-03,-135.774112,613.993992,1638.002506,0.633,0.148,3.878
2664,2.664000,714495.330931,-1434167.605856,-719672.274925,3.494632e-03,-134.943152,613.740721,1638.032220,0.660,0.168,4.014
2665,2.665000,714497.104725,-1434171.719951,-719674.615226,3.491391e-03,-134.144304,613.502247,1638.000597,0.634,0.144,3.733
2666,2.666000,714497.540889,-1434176.269414,-719678.728525,3.485696e-03,-133.360606,613.273132,1638.003468,0.671,0.160,6.542
2667,2.667000,714498.255055,-1434181.255267,-719683.000213,3.479781e-03,-132.540317,613.008155,1637.985797,0.641,0.177,3.755
2668,2.668000,714499.620677,-1434186.679071,-719687.058394,3.474162e-03,-131.807906,612.724184,1638.076021,0.674,0.197,4.063
2669,2.669000,714501.849440,-1434192.543566,-719690.694126,3.469128e-03,-131.000050,612.482057,1638.115928,0.637,0.176,5.351
2670,2.670000,714505.760195,-1434198.839308,-719693.079113,3.465825e-03,-130.106833,612.326783,1638.277381,0.634,0.155,3.769
2671,2.671000,714510.260919,-1434205.565773,-719695.304854,3.462743e-03,-129.187796,612.174373,1638.383018,0.665,0.150,3.906
2672,2.672000,714514.903856,-1434212.716338,-719697.812483,3.459271e-03,-128.290748,612.063859,1638.419242,0.662,0.153,3.945
2673,2.673000,714519.801639,-1434220.264929,-719700.463289,3.455601e-03,-127.335465,611.960914,1638.453239,0.630,0.142,3.728
2674,2.674000,714523.225570,-1434228.185447,-719704.959876,3.449374e-03,-126.344274,611.878794,1638.468451,0.671,0.167,4.048
2675,2.675000,714528.286554,-1434236.461428,-719708.174874,3.444923e-03,-125.392763,611.692983,1638.455706,0.716,0.188,5.187
2676,2.676000,714533.223019,-1434245.075220,-719711.852201,3.439831e-03,-124.491473,611.543014,1638.382250,0.677,0.185,4.841
2677,2.677000,714538.530358,-1434254.007590,-719715.477232,3.434811e-03,-123.607779,611.463477,1638.314358,0.635,0.193,3.841
2678,2.678000,714543.554931,-1434263.239663,-719719.684732,3.428985e-03,-122.747448,611.341013,1638.378331,0.670,0.177,4.011
2679,2.679000,714549.982901,-1434272.764778,-719722.781877,3.424697e-03,-121.843853,611.199180,1638.337150,1.102,0.183,3.893
2680,2.680000,714557.912305,-1434282.577750,-719724.665445,3.422089e-03,-120.905497,611.105369,1638.276881,0.635,0.171,45.092
2681,2.681000,714566.437783,-1434292.664098,-719726.226316,3.419927e-03,-119.956729,611.017339,1638.207683,0.642,0.187,3.825
2682,2.682000,714575.351283,-1434303.019697,-719727.668413,3.417931e-03,-119.054242,610.969168,1638.140366,0.634,0.162,3.917
2683,2.683000,714586.343282,-1434313.652969,-719727.309687,3.418427e-03,-118.186374,610.847144,1638.074235,0.634,0.203,13.800
2684,2.684000,714598.386732,-1434324.573155,-719726.186423,3.419983e-03,-117.334108,610.786837,1638.003715,0.631,0.152,3.856
2685,2.685000,714610.527725,-1434335.796763,-719725.269038,3.421253e-03,-116.482313,610.753543,1637.930222,0.676,0.204,3.817
2686,2.686000,714624.004182,-1434347.335053,-719723.330871,3.423937e-03,-115.681678,610.698018,1637.919457,0.631,0.152,3.796
2687,2.687000,714637.436977,-1434359.198688,-719721.761711,3.426109e-03,-114.886632,610.630579,1637.972699,0.655,0.183,3.864
2688,2.688000,714652.107942,-1434371.405870,-719719.297928,3.429521e-03,-114.082792,610.514736,1638.049290,0.637,0.156,3.780
2689,2.689000,714668.201377,-1434383.975080,-719715.773703,3.434401e-03,-113.213393,610.433160,1638.082113,0.879,0.165,3.747
2690,2.690000,714683.434012,-1434396.920262,-719713.486250,3.437568e-03,-112.343474,610.285907,1638.183936,0.646,0.190,3.841
2691,2.691000,714699.980323,-1434410.260553,-719710.280230,3.442007e-03,-111.435402,610.145985,1638.307822,0.661,0.173,6.059
2692,2.692000,714716.437489,-1434424.016770,-719707.579281,3.445747e-03,-110.483730,609.984028,1638.333142,0.779,0.195,7.417
2693,2.693000,714734.817957,-1434438.187115,-719703.369158,3.451577e-03,-109.485438,609.839316,1638.312707,0.640,0.181,3.860
2694,2.694000,714753.830755,-1434452.783003,-719698.952248,3.457693e-03,-108.489017,609.707835,1638.223985,0.663,0.239,3.960
2695,2.695000,714773.847418,-1434467.802212,-719693.954794,3.464613e-03,-107.494644,609.552253,1638.142085,0.639,0.167,5.232
2696,2.696000,714796.064695,-1434483.248040,-719687.183345,3.473989e-03,-106.535383,609.385842,1638.019792,0.609,0.166,3.666
2697,2.697000,714817.686854,-1434499.106238,-719681.419385,3.481970e-03,-105.611379,609.270732,1637.958775,0.608,0.161,3.616
2698,2.698000,714839.158308,-1434515.363546,-719676.205237,3.489190e-03,-104.668369,609.197100,1637.873802,0.646,0.187,3.820
2699,2.699000,714861.771695,-1434532.002609,-719670.230914,3.497462e-03,-103.720351,609.131544,1637.816743,0.653,0.246,3.858
2700,2.700000,714886.307749,-1434549.005482,-719662.697733,3.507893e-03,-102.794439,609.111275,1637.723069,0.612,0.162,6.247
2701,2.701000,714911.590299,-1434566.355893,-719654.765594,3.518877e-03,-101.852291,609.045246,1637.624285,0.675,0.315,3.837
2702,2.702000,714936.343395,-1434584.040541,-719647.697146,3.528664e-03,-100.949404,608.955085,1637.594942,0.610,0.149,3.649
2703,2.703000,714961.385895,-1434602.043045,-719640.657150,3.538412e-03,-99.981802,608.871682,1637.633408,0.645,0.181,3.791
2704,2.704000,714986.804193,-1434620.355564,-719633.551371,3.548251e-03,-98.973636,608.836107,1637.656397,0.643,0.159,3.813
2705,2.705000,715012.297607,-1434638.966941,-719626.669334,3.557780e-03,-97.998099,608.741732,1637.839563,0.640,0.179,4.378
2706,2.706000,715038.323697,-1434657.874786,-719619.551089,3.567637e-03,-96.984024,608.651372,1638.145470,0.637,0.168,3.859
2707,2.707000,715065.443299,-1434677.064865,-719611.621565,3.578617e-03,-96.011232,608.548694,1638.393163,1.117,4.405,12.662
2708,2.708000,715091.534751,-1434696.533317,-719604.998566,3.587787e-03,-95.045342,608.512683,1638.658132,0.637,0.176,19.415
2709,2.709000,715118.467269,-1434716.275135,-719597.807866,3.597744e-03,-94.081773,608.470299,1638.929153,0.641,0.168,3.840
2710,2.710000,715145.147086,-1434736.281007,-719591.133920,3.606985e-03,-93.125779,608.446368,1639.278742,0.612,0.157,3.648
2711,2.711000,715172.123175,-1434756.548843,-719584.425668,3.616274e-03,-92.144547,608.382478,1639.647722,1.013,0.295,3.958
2712,2.712000,715198.039140,-1434777.080988,-719579.041848,3.623729e-03,-91.190336,608.340401,1640.102264,0.646,0.191,3.855
2713,2.713000,715225.371847,-1434797.880609,-719572.508762,3.632775e-03,-90.233176,608.377492,1640.565085,1.676,0.168,5.348
2714,2.714000,715253.613986,-1434818.960020,-719565.346034,3.642693e-03,-89.415873,608.359178,1640.963440,0.634,0.174,4.457
2715,2.715000,715281.477507,-1434840.321605,-719558.844098,3.651696e-03,-88.634897,608.254975,1641.351530,0.663,0.240,4.103
2716,2.716000,715308.954942,-1434861.981583,-719553.026642,3.659751e-03,-87.935549,608.175183,1641.716058,0.640,0.192,23.474
2717,2.717000,715336.434773,-1434883.954875,-719547.520102,3.667376e-03,-87.148080,608.071595,1642.121214,0.807,0.725,4.271
2718,2.718000,715362.701015,-1434906.266318,-719543.565303,3.672852e-03,-86.411849,607.983769,1642.464377,0.615,0.168,3.712
2719,2.719000,715388.359292,-1434928.948192,-719540.588900,3.676973e-03,-85.651341,607.850488,1642.847425,0.615,0.163,3.577
2720,2.720000,715413.380900,-1434952.029662,-719538.648762,3.679660e-03,-84.977595,607.612852,1643.157589,0.646,0.211,3.876
2721,2.721000,715438.891295,-1434975.563289,-719536.671994,3.682397e-03,-84.274929,607.505255,1643.485815,0.615,0.189,3.696
2722,2.722000,715466.082984,-1434999.597382,-719533.514398,3.686769e-03,-83.649258,607.345542,1643.796355,0.746,0.243,4.815
2723,2.723000,715492.312676,-1435024.191408,-719531.878732,3.689034e-03,-82.979446,607.225916,1644.064572,1.160,0.363,8.391
2724,2.724000,715518.106414,-1435049.399838,-719531.293425,3.689844e-03,-82.359103,607.105665,1644.318582,0.647,0.197,6.006
2725,2.725000,715544.452618,-1435075.286959,-719530.834341,3.690480e-03,-81.711273,606.982326,1644.535976,0.655,0.280,4.167
2726,2.726000,715571.445139,-1435101.900979,-719530.455840,3.691004e-03,-81.059221,606.902295,1644.701613,0.616,0.186,3.695
2727,2.727000,715598.618798,-1435129.284024,-719530.665226,3.690714e-03,-80.378611,606.779785,1644.888552,0.660,0.212,4.167
2728,2.728000,715626.452949,-1435157.473525,-719531.020576,3.690222e-03,-79.671852,606.697783,1645.031932,0.616,0.205,3.869
2729,2.729000,715655.283940,-1435186.489822,-719531.205883,3.689965e-03,-78.917846,606.578850,1645.285236,0.610,0.165,3.665
2730,2.730000,715685.292125,-1435216.334363,-719531.042238,3.690192e-03,-78.145581,606.492230,1645.550221,0.627,0.214,3.756
2731,2.731000,715715.575819,-1435247.002294,-719531.426475,3.689660e-03,-77.314776,606.473723,1645.826226,0.606,0.168,7.711
2732,2.732000,715747.711612,-1435278.468877,-719530.757265,3.690587e-03,-76.472930,606.466206,1646.078896,0.670,0.192,3.854
2733,2.733000,715780.507143,-1435310.695243,-719530.188101,3.691375e-03,-75.585098,606.472532,1646.331750,0.629,0.194,3.679
2734,2.734000,715816.417725,-1435343.644425,-719527.226700,3.695475e-03,-74.653900,606.444876,1646.594687,0.605,0.140,3.571
2735,2.735000,715852.979922,-1435377.275381,-719524.295459,3.699534e-03,-73.784312,606.378957,1646.876375,0.612,0.158,3.680
2736,2.736000,715890.682874,-1435411.546611,-719520.863737,3.704286e-03,-72.930324,606.264171,1647.179294,0.639,0.208,4.426
2737,2.737000,715929.381501,-1435446.415727,-719517.034226,3.709588e-03,-72.142150,606.179850,1647.507131,0.635,0.172,3.840
2738,2.738000,715967.408089,-1435481.838040,-719514.429951,3.713194e-03,-71.357584,606.096579,1647.879925,0.636,0.160,3.859
2739,2.739000,716006.866248,-1435517.773981,-719510.907733,3.718072e-03,-70.608415,606.117412,1648.187070,0.640,0.159,3.834
2740,2.740000,716044.663022,-1435554.191568,-719509.528546,3.719981e-03,-69.900415,606.128542,1648.470876,0.630,0.144,3.770
2741,2.741000,716082.557143,-1435591.072737,-719508.515594,3.721384e-03,-69.182860,606.176691,1648.731118,0.633,0.154,3.731
2742,2.742000,716119.467321,-1435628.396077,-719508.928756,3.720812e-03,-68.482921,606.197773,1648.955417,0.641,0.170,3.833
2743,2.743000,716156.461989,-1435666.166116,-719509.704127,3.719738e-03,-67.746403,606.255568,1649.099282,0.633,0.152,3.786
2744,2.744000,716194.169022,-1435704.381366,-719510.212344,3.719034e-03,-66.974606,606.274077,1649.282020,0.638,0.166,3.768
2745,2.745000,716231.815640,-1435743.062309,-719511.246669,3.717602e-03,-66.299622,606.315542,1649.502224,0.627,0.138,3.716
2746,2.746000,716270.439605,-1435782.230172,-719511.790567,3.716849e-03,-65.565932,606.321715,1649.659909,0.640,0.181,3.817
2747,2.747000,716309.358790,-1435821.896662,-719512.537872,3.715814e-03,-64.813651,606.380655,1649.863297,0.633,0.161,3.739
2748,2.748000,716348.589978,-1435862.079359,-719513.489381,3.714497e-03,-64.083233,606.449965,1650.014714,0.628,0.135,3.715
2749,2.749000,716388.820456,-1435902.784805,-719513.964350,3.713839e-03,-63.336647,606.526482,1650.176977,0.634,0.169,3.786
2750,2.750000,716431.350854,-1435944.004701,-719512.653847,3.715654e-03,-62.556059,606.553485,1650.355713,0.633,0.195,3.793
2751,2.751000,716474.821093,-1435985.720674,-719510.899581,3.718083e-03,-61.810565,606.642668,1650.542202,0.634,0.196,3.736
2752,2.752000,716518.277104,-1436027.924107,-719509.647003,3.719817e-03,-61.130569,606.657789,1650.670533,0.638,0.177,5.989
2753,2.753000,716562.814906,-1436070.595729,-719507.780823,3.722401e-03,-60.539110,606.766698,1650.767389,0.637,0.174,3.739
2754,2.754000,716608.783524,-1436113.717746,-719504.934222,3.726343e-03,-59.994032,606.815389,1650.912571,0.691,0.150,3.696
2755,2.755000,716654.115678,-1436157.272256,-719503.156578,3.728804e-03,-59.468084,606.929636,1651.088499,0.633,0.142,3.719
2756,2.756000,716699.266568,-1436201.245513,-719501.978945,3.730435e-03,-59.005608,607.018871,1651.273060,0.643,0.167,5.230
2757,2.757000,716745.772863,-1436245.633759,-719499.860896,3.733368e-03,-58.494367,607.055675,1651.435367,0.702,0.233,4.573
2758,2.758000,716793.464032,-1436290.429628,-719496.965596,3.737377e-03,-58.019311,607.033377,1651.596310,0.635,0.147,14.065
2759,2.759000,716841.696533,-1436335.630798,-719493.934265,3.741574e-03,-57.513512,607.051780,1651.839080,0.651,0.175,3.792
2760,2.760000,716890.445094,-1436381.231342,-719490.786248,3.745933e-03,-56.938620,607.137937,1652.093375,0.627,0.143,3.752
2761,2.761000,716939.485932,-1436427.222567,-719487.736635,3.750156e-03,-56.376869,607.333121,1652.289503,2.953,0.562,26.502
2762,2.762000,716988.814171,-1436473.596232,-719484.782061,3.754247e-03,-55.820148,607.420295,1652.502575,0.639,0.176,3.790
2763,2.763000,717037.601811,-1436520.342790,-719482.740979,3.757073e-03,-55.204235,607.504761,1652.738242,0.643,0.226,3.807
2764,2.764000,717086.950574,-1436567.452974,-719480.502400,3.760173e-03,-54.608686,607.484811,1652.989089,0.664,0.209,3.823
2765,2.765000,717136.027209,-1436614.910624,-719478.883415,3.762415e-03,-54.033440,607.533232,1653.235112,0.649,0.229,3.747
2766,2.766000,717185.801423,-1436662.697729,-719476.896306,3.765166e-03,-53.472715,607.538279,1653.474442,0.652,0.197,3.864
2767,2.767000,717234.680917,-1436710.781962,-719476.101045,3.766267e-03,-52.910946,607.523399,1653.721114,0.640,0.155,3.986
2768,2.768000,717285.121641,-1436759.137390,-719474.015748,3.769155e-03,-52.484736,607.498115,1653.977451,0.617,0.180,3.643
2769,2.769000,717336.479176,-1436807.724814,-719471.245639,3.772990e-03,-52.060793,607.426284,1654.134017,27.814,0.167,6.029
2770,2.770000,717387.288659,-1436856.511039,-719469.222380,3.775792e-03,-51.582006,607.357915,1654.286464,0.637,0.165,3.760
2771,2.771000,717437.220864,-1436905.469772,-719468.248908,3.777140e-03,-51.081635,607.255846,1654.421069,0.672,0.205,3.861
2772,2.772000,717487.930782,-1436954.582282,-719466.651501,3.779352e-03,-50.606918,607.159256,1654.553045,0.603,0.140,3.587
2773,2.773000,717539.206570,-1437003.840458,-719464.633888,3.782145e-03,-50.138415,607.132617,1654.614460,0.646,0.196,5.969
2774,2.774000,717591.675099,-1437053.248859,-719461.573759,3.786383e-03,-49.701987,607.134157,1654.733598,0.727,0.260,5.641
2775,2.775000,717645.087407,-1437102.815543,-719457.728136,3.791708e-03,-49.276964,607.156713,1654.922659,6.318,6.694,36.071
2776,2.776000,717697.237629,-1437152.543560,-719455.305932,3.795061e-03,-48.938156,607.180044,1655.155203,0.649,0.251,3.916
2777,2.777000,717749.994774,-1437202.430275,-719452.435502,3.799036e-03,-48.652275,607.241713,1655.353055,0.623,0.242,3.812
2778,2.778000,717802.065887,-1437252.478217,-719450.412330,3.801837e-03,-48.399643,607.340334,1655.566221,0.617,0.174,14.224
2779,2.779000,717852.409308,-1437302.683043,-719450.273735,3.802029e-03,-48.133544,607.409517,1655.770600,0.611,0.166,9.822
2780,2.780000,717903.530992,-1437353.027193,-719449.496201,3.803106e-03,-47.862091,607.486185,1655.975205,0.613,0.166,4.958
2781,2.781000,717952.013208,-1437403.479089,-719451.465881,3.800379e-03,-47.531352,607.544621,1656.213554,0.613,0.199,3.702
2782,2.782000,718001.726129,-1437454.011117,-719452.284988,3.799244e-03,-47.260418,607.672790,1656.400847,0.606,0.145,22.219
2783,2.783000,718052.399338,-1437504.599091,-719452.199753,3.799362e-03,-46.914893,607.792614,1656.515199,0.607,0.163,3.628
2784,2.784000,718102.788317,-1437555.219690,-719452.431373,3.799042e-03,-46.597488,607.901557,1656.626031,0.627,0.225,3.712
2785,2.785000,718152.297550,-1437605.864221,-719453.566672,3.797470e-03,-46.308278,608.025885,1656.704956,0.591,0.182,3.646
2786,2.786000,718201.816034,-1437656.535429,-719454.719394,3.795874e-03,-46.088065,608.175411,1656.778293,0.611,0.179,3.681
2787,2.787000,718252.890739,-1437707.250965,-719454.360225,3.796371e-03,-45.864938,608.335672,1656.921319,0.607,0.173,3.628
2788,2.788000,718304.335013,-1437758.041589,-719453.706576,3.797276e-03,-45.705779,608.338780,1657.057579,0.612,0.177,4.049
2789,2.789000,718355.306710,-1437808.947083,-719453.640373,3.797368e-03,-45.543153,608.330935,1657.274055,0.619,0.188,3.709
2790,2.790000,718406.530758,-1437860.006892,-719453.476134,3.797595e-03,-45.342660,608.275717,1657.503536,0.618,0.145,3.591
2791,2.791000,718459.512310,-1437911.241344,-719451.729034,3.800014e-03,-45.174705,608.175987,1657.636695,0.605,0.173,3.636
2792,2.792000,718512.929758,-1437962.664718,-719449.734960,3.802775e-03,-45.102286,608.062333,1657.862253,0.636,0.195,5.245
2793,2.793000,718565.362488,-1438014.284089,-719448.921601,3.803902e-03,-45.018223,607.885358,1658.104279,1.684,0.590,9.696
2794,2.794000,718617.452969,-1438066.093363,-719448.640394,3.804291e-03,-44.945192,607.644920,1658.393148,0.631,0.163,3.767
2795,2.795000,718668.635950,-1438118.078845,-719449.442895,3.803180e-03,-44.911619,607.491261,1658.584117,0.628,0.150,3.710
2796,2.796000,718719.964185,-1438170.237660,-719450.273474,3.802030e-03,-44.840947,607.392611,1658.870550,0.635,0.174,7.090
2797,2.797000,718771.919217,-1438222.564671,-719450.645454,3.801515e-03,-44.686172,607.299474,1659.119520,0.630,0.171,5.925
2798,2.798000,718822.834376,-1438275.042167,-719452.207791,3.799351e-03,-44.409932,607.231239,1659.352925,0.635,0.158,3.766
2799,2.799000,718874.647901,-1438327.664460,-719453.016559,3.798231e-03,-44.092472,607.167572,1659.498500,0.631,0.158,6.291
2800,2.800000,718926.937220,-1438380.422412,-719453.485192,3.797583e-03,-43.819146,607.065592,1659.674264,0.635,0.149,3.739
2801,2.801000,718978.749895,-1438433.306025,-719454.556130,3.796100e-03,-43.525609,606.910311,1659.835771,0.632,0.149,44.374
2802,2.802000,719031.698551,-1438486.304222,-719454.605671,3.796031e-03,-43.193124,606.730164,1660.076314,0.657,0.330,3.815
2803,2.803000,719083.429562,-1438539.407737,-719455.978175,3.794131e-03,-42.844063,606.614229,1660.284105,0.639,0.259,4.280
2804,2.804000,719135.865845,-1438592.620228,-719456.754382,3.793056e-03,-42.435426,606.466570,1660.455675,0.621,0.140,3.788
2805,2.805000,719190.026995,-1438645.933698,-719455.906703,3.794230e-03,-42.034903,606.296506,1660.636959,0.635,0.424,9.710
2806,2.806000,719244.488071,-1438699.341945,-719454.853874,3.795687e-03,-41.518598,606.163575,1660.822252,0.637,0.173,4.753
2807,2.807000,719299.884009,-1438752.842541,-719452.958532,3.798312e-03,-40.978109,606.044454,1661.070458,0.633,0.158,3.752
2808,2.808000,719355.699868,-1438806.435534,-719450.735667,3.801390e-03,-40.430937,605.936031,1661.293822,0.633,0.159,14.807
2809,2.809000,719411.888848,-1438860.112353,-719448.223505,3.804868e-03,-39.900562,605.886433,1661.488355,0.668,0.159,3.971
2810,2.810000,719467.778106,-1438913.861521,-719446.083414,3.807832e-03,-39.265636,605.818478,1661.714566,0.631,0.170,3.708
2811,2.811000,719523.754960,-1438967.659524,-719443.904563,3.810849e-03,-38.577041,605.741377,1661.842476,0.662,0.149,9.277
2812,2.812000,719579.038014,-1439021.463147,-719442.425133,3.812897e-03,-37.825759,605.634099,1661.937652,6.509,1.034,11.346
2813,2.813000,719633.129890,-1439075.224131,-719442.094241,3.813355e-03,-37.138466,605.560183,1661.985489,0.634,0.190,3.734
2814,2.814000,719688.478042,-1439128.885383,-719440.407340,3.815691e-03,-36.419580,605.409705,1661.932719,0.627,0.139,14.714
2815,2.815000,719744.439446,-1439182.389034,-719437.949588,3.819094e-03,-35.704121,605.196676,1661.904744,0.633,0.198,3.798
2816,2.816000,719799.806516,-1439235.673540,-719435.867024,3.821978e-03,-35.014910,605.031322,1661.907846,0.642,0.218,4.073
2817,2.817000,719854.866157,-1439288.679803,-719433.813645,3.824821e-03,-34.357094,604.853060,1661.898027,0.624,0.163,3.769
2818,2.818000,719908.295634,-1439341.349306,-719433.053672,3.825873e-03,-33.625179,604.717262,1661.852474,0.641,0.185,5.737
2819,2.819000,719962.100968,-1439393.646322,-719431.545353,3.827962e-03,-32.890994,604.587254,1661.866758,0.637,0.164,3.749
2820,2.820000,720016.456985,-1439445.550841,-719429.093856,3.831356e-03,-32.216036,604.448490,1661.855447,0.811,2.369,66.632
2821,2.821000,720070.458333,-1439497.064626,-719426.606293,3.834801e-03,-31.543723,604.327735,1661.811609,0.637,0.194,6.549
2822,2.822000,720124.302249,-1439548.192901,-719423.890652,3.838561e-03,-30.884873,604.275050,1661.778060,0.633,0.162,3.781
2823,2.823000,720176.571890,-1439598.955977,-719422.384087,3.840647e-03,-30.147399,604.244504,1661.750368,0.624,0.133,3.704
2824,2.824000,720227.758510,-1439649.371377,-719421.612866,3.841715e-03,-29.423933,604.145870,1661.742954,0.629,0.163,3.823
2825,2.825000,720278.874119,-1439699.451420,-719420.577301,3.843149e-03,-28.666807,604.030361,1661.892395,0.638,0.166,14.692
2826,2.826000,720328.317224,-1439749.189977,-719420.872753,3.842740e-03,-27.792883,603.978482,1662.102221,0.635,0.164,3.797
2827,2.827000,720376.764732,-1439798.578176,-719421.813445,3.841437e-03,-26.925593,603.905626,1662.251716,0.641,0.191,3.773
2828,2.828000,720425.622097,-1439847.612099,-719421.990001,3.841193e-03,-26.119524,603.838551,1662.417833,0.635,0.162,3.772
2829,2.829000,720475.385801,-1439896.281205,-719420.895404,3.842709e-03,-25.301941,603.739483,1662.558677,0.630,0.153,3.772
2830,2.830000,720524.217091,-1439944.571241,-719420.354150,3.843458e-03,-24.386576,603.651439,1662.722028,0.635,0.176,20.928
2831,2.831000,720573.049764,-1439992.481982,-719419.432219,3.844735e-03,-23.522008,603.437828,1662.875626,0.630,0.159,3.765
2832,2.832000,720620.071338,-1440040.009443,-719419.938106,3.844034e-03,-22.637618,603.155485,1663.046222,0.632,0.160,3.706
2833,2.833000,720666.909137,-1440087.153388,-719420.244251,3.843610e-03,-21.816078,602.919247,1663.170787,0.636,0.164,3.754
2834,2.834000,720714.493291,-1440133.923942,-719419.430652,3.844737e-03,-20.970005,602.728408,1663.231080,0.695,0.258,7.477
2835,2.835000,720761.939638,-1440180.327488,-719418.387850,3.846181e-03,-20.186011,602.507784,1663.396280,0.633,0.171,5.706
2836,2.836000,720809.975908,-1440226.364073,-719416.388165,3.848950e-03,-19.343016,602.247218,1663.639748,1.430,0.670,58.466
2837,2.837000,720857.047071,-1440272.032419,-719414.985348,3.850892e-03,-18.558026,601.961090,1663.932430,0.634,0.249,5.207
2838,2.838000,720902.602941,-1440317.324119,-719414.721177,3.851258e-03,-17.782293,601.779899,1664.272416,0.619,0.215,3.614
2839,2.839000,720948.414250,-1440362.228831,-719413.814581,3.852513e-03,-17.058161,601.526121,1664.616230,0.599,0.133,3.554
2840,2.840000,720995.750068,-1440406.733400,-719410.983332,3.856433e-03,-16.420984,601.274684,1665.018752,0.647,0.160,5.276
2841,2.841000,721042.216151,-1440450.818538,-719408.602387,3.859730e-03,-15.739374,601.015848,1665.559626,0.626,0.243,3.620
2842,2.842000,721088.105846,-1440494.470412,-719406.364566,3.862829e-03,-14.932507,600.806816,1666.191742,0.603,0.142,3.553
2843,2.843000,721133.808813,-1440537.663356,-719403.854542,3.866304e-03,-14.089620,600.560430,1666.822726,0.632,0.183,3.768
2844,2.844000,721180.617718,-1440580.388812,-719399.771094,3.871959e-03,-13.309701,600.351641,1667.490860,0.643,0.233,3.688
2845,2.845000,721227.006936,-1440622.618371,-719395.611435,3.877718e-03,-12.523478,600.140863,1668.191052,0.599,0.133,3.557
2846,2.846000,721273.561264,-1440664.319760,-719390.758496,3.884438e-03,-11.736825,599.883624,1668.837323,0.621,0.141,44.057
2847,2.847000,721320.330527,-1440705.456427,-719385.125900,3.892237e-03,-10.996213,599.626994,1669.437568,0.625,0.161,3.994
2848,2.848000,721367.192730,-1440745.993663,-719378.800933,3.900995e-03,-10.327158,599.357307,1670.009367,0.605,0.167,3.597
2849,2.849000,721413.911780,-1440785.891345,-719371.979565,3.910441e-03,-9.673965,599.069479,1670.659057,0.625,0.148,5.328
2850,2.850000,721459.988256,-1440825.118327,-719365.130071,3.919925e-03,-9.067911,598.843999,1671.180755,0.629,0.173,3.912
2851,2.851000,721506.414196,-1440863.629677,-719357.215480,3.930884e-03,-8.493976,598.600365,1671.672737,0.642,0.181,3.826
2852,2.852000,721553.275308,-1440901.384773,-719348.109464,3.943493e-03,-7.867510,598.417861,1672.119138,0.660,0.185,3.824
2853,2.853000,721597.867299,-1440938.343396,-719340.476097,3.954062e-03,-7.259913,598.227526,1672.545917,0.636,0.261,3.731
2854,2.854000,721642.186650,-1440974.457942,-719332.271292,3.965423e-03,-6.585712,598.015965,1673.042176,0.654,0.195,3.777
2855,2.855000,721684.668989,-1441009.688329,-719325.019341,3.975465e-03,-6.017486,597.777735,1673.488419,0.634,0.192,3.770
2856,2.856000,721726.971162,-1441044.001374,-719317.030212,3.986527e-03,-5.455829,597.427248,1673.937300,0.632,0.129,3.688
2857,2.857000,721769.447503,-1441077.385403,-719307.937900,3.999117e-03,-4.916779,597.091245,1674.322769,0.644,0.164,3.803
2858,2.858000,721810.723573,-1441109.837420,-719299.113846,4.011335e-03,-4.387089,596.751033,1674.573198,0.640,0.171,4.786
2859,2.859000,721849.691215,-1441141.372128,-719291.680913,4.021627e-03,-3.837546,596.360007,1674.904950,0.639,0.143,39.303
2860,2.860000,721887.640078,-1441172.028801,-719284.388723,4.031725e-03,-3.307453,595.947046,1675.171541,0.642,0.194,4.035
2861,2.861000,721925.424610,-1441201.869027,-719276.444417,4.042725e-03,-2.785153,595.522486,1675.450819,0.616,0.177,3.640
2862,2.862000,721963.262028,-1441230.960977,-719267.698949,4.054834e-03,-2.314941,595.096151,1675.812896,0.895,0.158,3.751
2863,2.863000,721997.582444,-1441259.377477,-719261.795033,4.063009e-03,-1.802002,594.759218,1676.108458,0.649,0.175,3.927
2864,2.864000,722030.797010,-1441287.181097,-719256.384087,4.070502e-03,-1.252160,594.386159,1676.369192,0.615,0.184,3.633
2865,2.865000,722064.649274,-1441314.439075,-719249.789801,4.079633e-03,-0.722879,593.949659,1676.644013,0.636,0.162,13.727
2866,2.866000,722097.306940,-1441341.195656,-719243.888716,4.087804e-03,-0.098904,593.534213,1676.991944,0.639,0.171,3.723
2867,2.867000,722130.806069,-1441367.492719,-719236.686649,4.097776e-03,0.559962,593.126953,1677.201944,0.631,0.147,3.698
2868,2.868000,722161.636271,-1441393.370765,-719231.734494,4.104633e-03,1.165293,592.647269,1677.340022,0.632,0.162,3.675
2869,2.869000,722192.524252,-1441418.867688,-719226.343436,4.112098e-03,1.804377,592.136822,1677.415523,0.641,0.183,3.759
2870,2.870000,722223.482004,-1441444.008063,-719220.526059,4.120153e-03,2.422634,591.655488,1677.482050,0.659,0.182,3.974
2871,2.871000,722254.232043,-1441468.814936,-719214.582894,4.128382e-03,3.037966,591.157780,1677.603523,0.637,0.197,17.471
2872,2.872000,722283.324051,-1441493.301812,-719209.977761,4.134759e-03,3.585868,590.641750,1677.765916,0.643,0.156,3.784
2873,2.873000,722311.018077,-1441517.479318,-719206.461241,4.139628e-03,4.073962,590.079688,1678.047063,0.635,0.161,3.736
2874,2.874000,722339.472392,-1441541.336790,-719201.864397,4.145993e-03,4.597060,589.555071,1678.245445,0.642,0.197,5.869
2875,2.875000,722369.171918,-1441564.860559,-719195.688642,4.154545e-03,5.150756,589.077024,1678.411631,0.631,0.150,3.681
2876,2.876000,722397.667057,-1441588.039688,-719190.372631,4.161905e-03,5.640673,588.607643,1678.615652,0.635,0.191,3.727
2877,2.877000,722424.818055,-1441610.849594,-719186.031539,4.167916e-03,6.156052,588.181073,1678.829292,0.656,0.196,7.853
2878,2.878000,722451.186931,-1441633.260746,-719182.073815,4.173397e-03,6.627674,587.761077,1678.999653,0.637,0.161,3.722
2879,2.879000,722476.292068,-1441655.241535,-719178.949467,4.177723e-03,7.156327,587.307072,1679.157069,0.636,0.161,3.779
2880,2.880000,722504.413903,-1441676.758792,-719172.344889,4.186868e-03,7.747695,586.928709,1679.367670,0.631,0.137,3.670
2881,2.881000,722531.954673,-1441697.779591,-719165.824918,4.195896e-03,8.399736,586.569127,1679.519490,1.394,0.341,4.053
2882,2.882000,722559.320466,-1441718.267329,-719158.946863,4.205420e-03,8.917342,586.196509,1679.666209,1.041,0.926,4.879
2883,2.883000,722587.239508,-1441738.196958,-719150.957450,4.216482e-03,9.494671,585.782862,1679.830905,0.635,0.159,3.718
2884,2.884000,722612.874347,-1441757.545195,-719144.670848,4.225187e-03,10.067846,585.322865,1680.092438,0.638,0.161,3.733
2885,2.885000,722638.032308,-1441776.291303,-719138.258995,4.234065e-03,10.668987,584.895500,1680.393414,0.636,0.175,3.970
2886,2.886000,722662.452246,-1441794.442052,-719131.989806,4.242746e-03,11.175144,584.450871,1680.674286,0.666,0.220,3.726
2887,2.887000,722685.811963,-1441812.014737,-719126.202774,4.250759e-03,11.662166,583.931113,1681.041720,0.634,0.171,3.658
2888,2.888000,722708.926873,-1441829.030937,-719120.104064,4.259204e-03,12.120573,583.466953,1681.418355,0.651,0.201,8.633
2889,2.889000,722730.851763,-1441845.507057,-719114.655294,4.266749e-03,12.591809,583.118468,1681.745931,0.655,0.182,3.795
2890,2.890000,722751.744909,-1441861.462732,-719109.717823,4.273585e-03,13.107885,582.716057,1682.072931,0.632,0.156,3.717
2891,2.891000,722772.050154,-1441876.898834,-719104.848679,4.280328e-03,13.599824,582.249983,1682.419819,0.637,0.170,3.721
2892,2.892000,722790.997538,-1441891.817829,-719100.820291,4.285905e-03,14.064179,581.680511,1682.834104,0.647,0.196,3.749
2893,2.893000,722810.377385,-1441906.219187,-719095.841802,4.292799e-03,14.579866,581.147702,1683.163343,0.641,0.181,4.914
2894,2.894000,722830.609288,-1441920.087256,-719089.477968,4.301611e-03,15.136551,580.595487,1683.562661,0.653,0.201,3.775
2895,2.895000,722849.508832,-1441933.410054,-719083.901222,4.309333e-03,15.633255,580.006830,1683.979736,0.618,0.222,3.594
2896,2.896000,722866.677729,-1441946.180844,-719079.503115,4.315423e-03,16.120146,579.398256,1684.411631,0.633,0.167,3.740
2897,2.897000,722884.256615,-1441958.393033,-719074.136419,4.322854e-03,16.646833,578.805357,1684.782165,0.633,0.158,3.661
2898,2.898000,722901.665375,-1441970.049163,-719068.383789,4.330819e-03,17.139058,578.226007,1685.111609,0.645,0.164,3.924
2899,2.899000,722916.800297,-1441981.151183,-719064.350886,4.336403e-03,17.581431,577.691238,1685.456689,0.620,0.170,3.680
2900,2.900000,722931.382590,-1441991.706999,-719060.324409,4.341979e-03,17.998268,577.100925,1685.772953,1.296,0.445,9.059
2901,2.901000,722945.888480,-1442001.730702,-719055.842222,4.348185e-03,18.444828,576.445646,1685.997881,0.851,0.199,3.758
2902,2.902000,722958.869087,-1442011.232839,-719052.363752,4.353002e-03,18.956942,575.785132,1686.185279,0.633,0.201,3.802
2903,2.903000,722971.654866,-1442020.225407,-719048.570541,4.358254e-03,19.507977,575.135376,1686.347219,0.640,0.208,8.031
2904,2.904000,722983.556749,-1442028.708003,-719045.151254,4.362988e-03,20.062440,574.522690,1686.550529,0.630,0.176,3.728
2905,2.905000,722995.312314,-1442036.668427,-719041.356112,4.368243e-03,20.645215,573.900933,1686.802948,0.634,0.146,3.714
2906,2.906000,723004.988545,-1442044.099241,-719039.110696,4.371353e-03,21.233248,573.292688,1686.988712,2.111,0.549,5.429
2907,2.907000,723013.121436,-1442050.992327,-719037.870891,4.373069e-03,21.821907,572.605032,1687.131781,0.636,0.167,3.600
2908,2.908000,723019.698694,-1442057.349110,-719037.650416,4.373375e-03,22.412939,571.941425,1687.266553,0.615,0.179,3.599
2909,2.909000,723024.622257,-1442063.169858,-719038.547601,4.372132e-03,23.007867,571.315495,1687.425091,0.640,0.167,3.764
2910,2.910000,723029.282598,-1442068.468720,-719039.186122,4.371248e-03,23.525748,570.733424,1687.636417,0.609,0.172,3.587
2911,2.911000,723033.419631,-1442073.261448,-719039.841817,4.370340e-03,24.135561,570.142504,1687.814382,0.612,0.192,3.610
2912,2.912000,723036.698015,-1442077.565554,-719040.867540,4.368920e-03,24.706884,569.623434,1687.977289,0.632,0.151,4.447
2913,2.913000,723040.499147,-1442081.401894,-719040.902747,4.368871e-03,25.298161,569.132465,1688.169651,0.610,0.177,4.454
2914,2.914000,723043.523946,-1442084.788243,-719041.264297,4.368371e-03,25.878313,568.626439,1688.260809,3.963,0.500,5.715
2915,2.915000,723048.866837,-1442087.737610,-719038.870773,4.371685e-03,26.429241,568.117661,1688.294548,0.614,0.193,3.634
2916,2.916000,723052.676960,-1442090.259965,-719037.583004,4.373468e-03,27.054804,567.477098,1688.352719,0.616,0.230,4.040
2917,2.917000,723055.965548,-1442092.373762,-719036.408214,4.375095e-03,27.585730,566.830049,1688.405336,0.614,0.238,5.680
2918,2.918000,723060.525177,-1442094.106923,-719033.581746,4.379008e-03,28.134478,566.260625,1688.455288,0.605,0.157,3.578
2919,2.919000,723064.824103,-1442095.480331,-719030.656227,4.383059e-03,28.688070,565.654908,1688.525239,0.615,0.200,4.821
2920,2.920000,723068.655631,-1442096.516213,-719027.860582,4.386930e-03,29.243089,565.034712,1688.637072,0.632,0.258,4.944
2921,2.921000,723072.381613,-1442097.247900,-719024.866287,4.391076e-03,29.808482,564.400069,1688.805304,1.225,0.180,3.595
2922,2.922000,723075.020950,-1442097.708010,-719022.687060,4.394094e-03,30.477276,563.771530,1688.946153,0.608,0.147,3.517
2923,2.923000,723076.965903,-1442097.925562,-719020.959660,4.396486e-03,31.139309,563.116724,1689.154135,0.610,0.336,3.617
2924,2.924000,723077.697824,-1442097.922300,-719020.224476,4.397504e-03,31.799706,562.475464,1689.386809,0.601,0.150,3.547
2925,2.925000,723077.878567,-1442097.714749,-719019.836182,4.398041e-03,32.456105,561.794144,1689.654314,0.607,0.143,6.612
2926,2.926000,723077.593892,-1442097.315413,-719019.721521,4.398200e-03,33.086200,561.154480,1689.919933,0.628,0.148,3.698
2927,2.927000,723077.405437,-1442096.732351,-719019.326914,4.398747e-03,33.687444,560.542865,1690.142163,0.654,0.198,3.653
2928,2.928000,723076.207943,-1442095.964619,-719019.756676,4.398151e-03,34.341942,559.997383,1690.379337,0.637,0.161,3.754
2929,2.929000,723075.181211,-1442095.006431,-719019.825221,4.398057e-03,34.964910,559.489315,1690.565574,0.640,0.180,3.786
2930,2.930000,723073.300399,-1442093.839613,-719020.539214,4.397068e-03,35.508647,558.972914,1690.722751,0.668,0.191,5.826
2931,2.931000,723074.158929,-1442092.447130,-719018.288201,4.400185e-03,36.062753,558.363718,1690.833563,8.796,0.174,3.738
2932,2.932000,723074.719002,-1442090.798999,-719016.079997,4.403242e-03,36.666794,557.814078,1690.943380,0.627,0.149,3.661
2933,2.933000,723075.093865,-1442088.857853,-719013.763987,4.406449e-03,37.307053,557.278468,1691.118089,1.230,0.223,3.887
2934,2.934000,723074.872401,-1442086.583876,-719011.711474,4.409291e-03,38.063559,556.745271,1691.313365,0.637,0.206,6.067
2935,2.935000,723072.146208,-1442083.924352,-719011.778144,4.409199e-03,38.887590,556.230575,1691.466966,0.632,0.154,3.661
2936,2.936000,723070.366376,-1442080.829085,-719010.462708,4.411021e-03,39.705798,555.681377,1691.623103,0.635,0.161,17.107
2937,2.937000,723068.700058,-1442077.235915,-719008.535857,4.413689e-03,40.507800,555.173305,1691.753995,0.640,0.167,3.716
2938,2.938000,723067.212555,-1442073.069780,-719005.857225,4.417398e-03,41.316773,554.698422,1691.955625,0.639,0.160,3.747
2939,2.939000,723064.113071,-1442068.250820,-719004.137748,4.419778e-03,42.142643,554.245859,1692.122927,0.648,0.170,5.005
2940,2.940000,723060.083861,-1442062.683549,-719002.599688,4.421908e-03,42.974791,553.874341,1692.383865,0.649,0.321,5.725
2941,2.941000,723054.308173,-1442056.293031,-719001.984858,4.422760e-03,43.850426,553.475197,1692.547384,0.641,0.172,3.719
2942,2.942000,723046.706528,-1442049.012403,-719002.305876,4.422315e-03,44.741535,553.018704,1692.668113,0.644,0.158,3.772
2943,2.943000,723040.959888,-1442040.788430,-718999.828542,4.425745e-03,45.622931,552.598734,1692.748057,0.646,0.190,3.781
2944,2.944000,723032.060823,-1442031.580705,-718999.519883,4.426173e-03,46.444621,552.171389,1692.855776,0.636,0.167,3.790
2945,2.945000,723022.211337,-1442021.385207,-718999.173871,4.426652e-03,47.280301,551.683514,1693.045420,0.642,0.199,3.674
2946,2.946000,723010.705486,-1442010.198565,-718999.493079,4.426210e-03,48.153942,551.264414,1693.223497,0.631,0.300,3.817
2947,2.947000,722998.006217,-1441998.044736,-719000.038519,4.425455e-03,49.033326,550.849185,1693.360391,0.619,0.196,5.201
2948,2.948000,722983.101219,-1441984.960133,-719001.858914,4.422934e-03,49.827169,550.418238,1693.510628,0.614,0.180,6.001
2949,2.949000,722968.464005,-1441970.991663,-719002.527658,4.422008e-03,50.598553,550.028292,1693.629668,0.637,0.303,3.821
2950,2.950000,722952.472263,-1441956.191664,-719003.719401,4.420358e-03,51.318488,549.666790,1693.648321,0.652,0.233,3.733
2951,2.951000,722936.810924,-1441940.615031,-719003.804107,4.420240e-03,52.081372,549.298004,1693.587416,0.614,0.165,3.584
2952,2.952000,722920.308683,-1441924.303813,-719003.995130,4.419976e-03,52.835161,548.890574,1693.545564,0.681,0.226,4.158
2953,2.953000,722902.345897,-1441907.298540,-719004.952643,4.418650e-03,53.569772,548.457474,1693.580559,45.361,24.186,7.830
2954,2.954000,722883.906027,-1441889.635020,-719005.728993,4.417575e-03,54.272414,548.085428,1693.575312,0.630,0.226,5.303
2955,2.955000,722863.632096,-1441871.346701,-719007.714605,4.414826e-03,54.951968,547.704193,1693.574795,0.609,0.228,4.227
2956,2.956000,722844.175493,-1441852.461011,-719008.285518,4.414035e-03,55.592247,547.393682,1693.624155,0.601,0.340,3.691
2957,2.957000,722823.217056,-1441833.003521,-719009.786465,4.411957e-03,56.219819,547.176016,1693.632672,1.510,0.173,6.476
2958,2.958000,722800.982831,-1441812.981203,-719011.998371,4.408894e-03,56.835773,546.977080,1693.693799,0.626,0.232,3.673
2959,2.959000,722779.001529,-1441792.400282,-719013.398753,4.406955e-03,57.496641,546.725447,1693.892196,0.638,0.188,4.149
2960,2.960000,722755.593539,-1441771.271195,-719015.677656,4.403800e-03,58.119484,546.489741,1694.050305,0.630,0.192,3.580
2961,2.961000,722733.865158,-1441749.606887,-719015.741728,4.403711e-03,58.760114,546.221826,1694.199899,0.775,0.262,4.105
2962,2.962000,722710.558530,-1441727.423647,-719016.865117,4.402155e-03,59.430884,545.910241,1694.277397,0.623,0.212,4.766
2963,2.963000,722685.642907,-1441704.733170,-719019.090263,4.399074e-03,60.098978,545.580315,1694.433964,0.663,0.220,4.874
2964,2.964000,722660.298728,-1441681.529208,-719021.230481,4.396111e-03,60.658020,545.311613,1694.626071,0.631,0.200,3.592
2965,2.965000,722634.237305,-1441657.808801,-719023.571496,4.392869e-03,61.252808,544.913360,1694.811050,0.618,0.171,3.707
2966,2.966000,722607.378703,-1441633.567415,-719026.188712,4.389245e-03,61.775669,544.478249,1694.920918,0.606,0.164,9.218
2967,2.967000,722581.542266,-1441608.780383,-719027.238117,4.387792e-03,62.247038,544.005916,1695.017330,0.662,0.170,3.928
2968,2.968000,722553.488766,-1441583.420213,-719029.931447,4.384063e-03,62.689162,543.576821,1695.106745,0.967,0.267,3.646
2969,2.969000,722523.921371,-1441557.453017,-719033.531646,4.379078e-03,62.972939,543.143124,1695.290305,0.640,0.208,3.772
2970,2.970000,722494.227250,-1441530.848992,-719036.621743,4.374799e-03,63.355000,542.744199,1695.518705,0.638,0.187,4.929
2971,2.971000,722464.507537,-1441503.577348,-719039.069811,4.371409e-03,63.690909,542.346458,1695.741884,0.638,0.184,4.173
2972,2.972000,722434.636973,-1441475.609999,-719040.973026,4.368774e-03,63.990910,541.953576,1696.046636,0.641,0.177,5.794
2973,2.973000,722402.565063,-1441446.904856,-719044.339793,4.364112e-03,64.347236,541.534429,1696.302042,0.641,0.180,3.751
2974,2.974000,722369.991414,-1441417.419197,-719047.427783,4.359836e-03,64.713005,541.097839,1696.657032,0.666,0.176,6.670
2975,2.975000,722335.832887,-1441387.122557,-719051.289670,4.354489e-03,65.117212,540.661199,1697.040188,1.184,0.603,5.538
2976,2.976000,722300.709077,-1441355.992959,-719055.283883,4.348958e-03,65.491181,540.180446,1697.393017,0.636,0.169,3.755
2977,2.977000,722264.686584,-1441324.004541,-719059.317958,4.343372e-03,65.896415,539.747652,1697.684574,0.640,0.174,3.768
2978,2.978000,722227.271773,-1441291.139492,-719063.867719,4.337072e-03,66.258519,539.246354,1697.887491,0.644,0.163,3.712
2979,2.979000,722188.924135,-1441257.386698,-719068.462563,4.330710e-03,66.598264,538.733656,1698.152507,0.630,0.155,3.721
2980,2.980000,722150.039906,-1441222.745198,-719072.705292,4.324835e-03,66.978486,538.183018,1698.529508,0.628,0.242,3.718
2981,2.981000,722110.778163,-1441187.232589,-719076.454426,4.319644e-03,67.380768,537.627688,1698.894385,0.632,0.157,3.700
2982,2.982000,722071.812430,-1441150.900436,-719079.088007,4.315997e-03,67.834395,537.043755,1699.198178,0.636,0.176,3.697
2983,2.983000,722033.597838,-1441113.807995,-719080.210157,4.314444e-03,68.318624,536.503302,1699.498490,1.083,0.212,5.562
2984,2.984000,721996.096112,-1441076.030313,-719079.934201,4.314826e-03,68.787191,536.013026,1699.693140,0.642,0.454,12.495
2985,2.985000,721957.715683,-1441037.650660,-719079.934977,4.314825e-03,69.330081,535.438578,1699.892098,0.683,0.196,4.272
2986,2.986000,721919.948473,-1440998.760148,-719078.811675,4.316380e-03,69.792928,534.887849,1700.110395,0.689,0.191,103.784
2987,2.987000,721881.418306,-1440959.438723,-719078.020417,4.317476e-03,70.171851,534.377565,1700.375612,0.625,0.242,4.866
2988,2.988000,721844.968659,-1440919.766248,-719074.797588,4.321938e-03,70.665348,533.855878,1700.596168,0.620,0.208,3.869
2989,2.989000,721806.511702,-1440879.803485,-719073.291783,4.324023e-03,71.125455,533.270294,1700.819832,0.647,0.231,7.780
2990,2.990000,721769.583916,-1440839.602493,-719070.018577,4.328556e-03,71.626530,532.691053,1701.147781,0.641,0.202,4.028
2991,2.991000,721733.645316,-1440799.201741,-719065.556425,4.334734e-03,72.092779,532.187270,1701.459237,0.607,0.187,7.209
2992,2.992000,721697.359371,-1440758.621185,-719061.261814,4.340681e-03,72.546634,531.793476,1701.792831,0.608,0.217,3.721
2993,2.993000,721662.612569,-1440717.858999,-719055.246429,4.349010e-03,73.046736,531.353872,1702.096337,0.625,0.258,8.132
2994,2.994000,721626.965157,-1440676.898922,-719049.933766,4.356366e-03,73.488287,530.967311,1702.424185,0.609,0.175,5.438
2995,2.995000,721592.577880,-1440635.714196,-719043.136316,4.365779e-03,73.933392,530.540784,1702.752802,0.605,0.189,3.634
2996,2.996000,721558.671731,-1440594.271917,-719035.600186,4.376214e-03,74.329355,530.140815,1703.053063,0.624,0.236,4.413
2997,2.997000,721525.395830,-1440552.533171,-719027.137340,4.387932e-03,74.744601,529.688144,1703.300528,0.600,0.151,3.529
2998,2.998000,721493.241030,-1440510.471466,-719017.230435,4.401649e-03,75.266572,529.240349,1703.487119,0.635,0.198,3.611
2999,2.999000,721460.774209,-1440468.056614,-719007.282404,4.415424e-03,75.777424,528.698439,1703.720807,0.608,0.181,3.611
3000,3.000000,721427.787031,-1440425.265263,-718997.478232,4.429000e-03,76.275926,528.174930,1703.970494,0.601,0.144,3.540
3001,3.001000,721394.700644,-1440382.083068,-718987.382424,4.442979e-03,76.775496,527.547713,1704.270200,0.600,0.134,3.533
3002,3.002000,721360.622425,-1440338.488957,-718977.866531,4.456155e-03,77.189572,526.920780,1704.578880,0.607,0.160,3.613
3003,3.003000,721324.600043,-1440294.467173,-718969.867129,4.467232e-03,77.557279,526.361645,1704.930379,0.648,0.220,3.961
3004,3.004000,721287.431793,-1440249.998221,-718962.566427,4.477341e-03,77.983929,525.771832,1705.346131,0.633,0.236,3.742
3005,3.005000,721249.010250,-1440205.073340,-718956.063090,4.486346e-03,78.365805,525.219100,1705.843212,0.708,0.195,4.454
3006,3.006000,721212.084278,-1440159.685135,-718947.600857,4.498063e-03,78.799976,524.664424,1706.282793,0.610,0.299,3.881
3007,3.007000,721174.789357,-1440113.841318,-718939.051961,4.509901e-03,79.067421,523.992223,1706.681489,0.607,0.182,3.594
3008,3.008000,721136.970878,-1440067.556283,-718930.585405,4.521624e-03,79.398180,523.287994,1707.043414,0.601,0.132,3.510
3009,3.009000,721097.456501,-1440020.850428,-718923.393927,4.531582e-03,79.676522,522.609693,1707.420711,0.633,0.163,3.751
3010,3.010000,721056.950940,-1439973.759852,-718916.808912,4.540700e-03,79.988153,521.876467,1707.686667,0.643,0.178,3.739
3011,3.011000,721015.930069,-1439926.323712,-718910.393643,4.549583e-03,80.276252,521.137356,1708.032150,0.618,0.186,3.774
3012,3.012000,720973.928142,-1439878.584784,-718904.656642,4.557527e-03,80.566100,520.468615,1708.355276,0.606,0.140,3.534
3013,3.013000,720931.378217,-1439830.576041,-718899.197825,4.565085e-03,80.845051,519.757621,1708.777621,0.642,0.235,9.173
3014,3.014000,720887.231315,-1439782.321823,-718895.090508,4.570772e-03,81.092296,519.058659,1709.188573,0.650,0.214,3.821
3015,3.015000,720843.360963,-1439733.841686,-718890.480722,4.577155e-03,81.383226,518.250294,1709.606523,0.633,0.209,3.960
3016,3.016000,720800.938362,-1439685.149666,-718884.211305,4.585836e-03,81.684892,517.422868,1709.980998,0.601,0.147,3.511
3017,3.017000,720759.714424,-1439636.260783,-718876.546359,4.596450e-03,81.888759,516.694515,1710.269735,0.622,0.136,3.604
3018,3.018000,720718.935474,-1439587.182548,-718868.247073,4.607942e-03,82.174649,515.934575,1710.677192,0.613,0.173,3.615
3019,3.019000,720678.919902,-1439537.915877,-718858.995974,4.620751e-03,82.367402,515.136914,1711.024555,0.613,0.370,3.606
3020,3.020000,720637.701156,-1439488.471700,-718850.770544,4.632141e-03,82.634135,514.385040,1711.310309,0.605,0.174,3.540
3021,3.021000,720594.963118,-1439438.856292,-718843.893174,4.641664e-03,82.866318,513.643638,1711.681065,0.634,0.183,5.697
3022,3.022000,720551.626753,-1439389.077978,-718837.451225,4.650584e-03,83.008078,512.886174,1711.947082,0.609,0.174,5.122
3023,3.023000,720508.435801,-1439339.138134,-718830.702333,4.659929e-03,83.215644,512.050315,1712.133212,0.632,0.182,3.812
3024,3.024000,720463.093183,-1439289.043439,-718825.950256,4.666509e-03,83.373938,511.203007,1712.241423,0.605,0.172,28.442
3025,3.025000,720417.497900,-1439238.803530,-718821.305630,4.672940e-03,83.629265,510.358326,1712.431984,0.637,0.169,4.327
3026,3.026000,720371.347865,-1439188.440266,-718817.092401,4.678774e-03,83.835449,509.519088,1712.577895,0.633,0.173,3.690
3027,3.027000,720325.433020,-1439137.958298,-718812.525279,4.685098e-03,84.021268,508.688006,1712.718285,0.627,0.146,3.652
3028,3.028000,720278.974019,-1439087.362753,-718808.388734,4.690825e-03,84.144986,507.902932,1712.939808,0.631,0.189,3.733
3029,3.029000,720234.236710,-1439036.671154,-718802.434443,4.699070e-03,84.215940,507.170899,1713.109404,0.636,0.171,5.148
3030,3.030000,720189.499423,-1438985.893568,-718796.394145,4.707434e-03,84.323608,506.553677,1713.304792,0.603,0.158,3.570
3031,3.031000,720143.668286,-1438935.050538,-718791.382252,4.714374e-03,84.515374,505.908074,1713.456942,1.465,0.610,10.789
3032,3.032000,720098.734335,-1438884.153638,-718785.419303,4.722630e-03,84.739169,505.277001,1713.594015,0.664,0.210,3.812
3033,3.033000,720053.444827,-1438833.206982,-718779.762155,4.730464e-03,85.018327,504.607525,1713.688461,0.627,0.140,3.668
3034,3.034000,720009.127743,-1438782.224534,-718773.096791,4.739693e-03,85.297486,503.899187,1713.821392,0.629,0.224,3.754
3035,3.035000,719964.779930,-1438731.218172,-718766.438242,4.748913e-03,85.549996,503.173208,1713.935528,0.624,0.157,3.679
3036,3.036000,719920.448300,-1438680.202855,-718759.754556,4.758167e-03,85.791605,502.507410,1714.054917,0.628,0.510,3.731
3037,3.037000,719875.178625,-1438629.193186,-718754.014561,4.766115e-03,86.063258,501.776030,1714.287221,0.629,0.196,3.762
3038,3.038000,719827.525663,-1438578.198443,-718750.672780,4.770743e-03,86.292475,501.081686,1714.568865,0.626,0.149,3.754
3039,3.039000,719781.362678,-1438527.226460,-718745.863782,4.777402e-03,86.560848,500.366017,1714.888093,0.624,0.141,3.780
3040,3.040000,719735.890304,-1438476.280400,-718740.390096,4.784981e-03,86.870421,499.638534,1715.247046,0.631,0.160,3.668
3041,3.041000,719689.320446,-1438425.366982,-718736.046536,4.790995e-03,87.111718,498.990010,1715.667016,0.630,0.154,3.716
3042,3.042000,719643.638753,-1438374.478035,-718730.839281,4.798205e-03,87.473836,498.321888,1716.154252,0.636,0.176,3.764
3043,3.043000,719596.817422,-1438323.612873,-718726.795451,4.803805e-03,87.786779,497.660161,1716.628626,0.635,0.157,3.694
3044,3.044000,719550.611980,-1438272.756732,-718722.144751,4.810244e-03,88.122384,496.975825,1717.122659,0.635,0.193,3.784
3045,3.045000,719505.861143,-1438221.888279,-718716.027136,4.818715e-03,88.493791,496.292135,1717.603095,0.617,0.202,3.924
3046,3.046000,719461.930690,-1438170.972521,-718709.041832,4.828388e-03,88.778623,495.612355,1717.968118,0.604,0.151,3.535
3047,3.047000,719418.302013,-1438119.966514,-718701.664501,4.838603e-03,89.129680,494.965261,1718.417429,0.603,0.153,4.764
3048,3.048000,719373.487171,-1438068.833913,-718695.346742,4.847351e-03,89.478590,494.373652,1718.977330,4.891,2.887,4.189
3049,3.049000,719328.353555,-1438017.538160,-718689.184605,4.855883e-03,89.746911,493.840346,1719.472060,0.632,0.181,3.658
3050,3.050000,719283.536827,-1437966.042515,-718682.505689,4.865131e-03,90.111151,493.318683,1720.061333,0.623,0.163,3.607
3051,3.051000,719238.561320,-1437914.305671,-718675.744350,4.874493e-03,90.416098,492.781200,1720.637664,0.630,0.150,3.645
3052,3.052000,719193.227469,-1437862.284321,-718669.056852,4.883753e-03,90.737472,492.226664,1721.137243,0.635,0.187,5.615
3053,3.053000,719147.058638,-1437809.957806,-718662.899169,4.892280e-03,91.067840,491.623024,1721.511302,0.612,0.314,3.719
3054,3.054000,719102.490922,-1437757.307073,-718654.816151,4.903472e-03,91.414360,491.041968,1721.826626,0.653,0.184,5.952
3055,3.055000,719057.230504,-1437704.316885,-718647.086382,4.914175e-03,91.871739,490.336458,1722.250578,0.784,0.216,3.595
3056,3.056000,719011.655287,-1437650.974730,-718639.319443,4.924930e-03,92.314417,489.589150,1722.686416,0.610,0.176,4.115
3057,3.057000,718965.739042,-1437597.276511,-718631.537469,4.935705e-03,92.798611,488.820471,1723.122321,0.604,0.149,3.551
3058,3.058000,718919.616837,-1437543.234773,-718623.617937,4.946671e-03,93.235603,488.143190,1723.546308,0.610,0.179,3.596
3059,3.059000,718872.258645,-1437488.858389,-718616.599744,4.956389e-03,93.649791,487.433360,1723.963422,0.641,0.170,3.906
3060,3.060000,718824.331335,-1437434.171275,-718609.839940,4.965749e-03,94.124598,486.717005,1724.365358,0.612,0.194,3.650
3061,3.061000,718776.070648,-1437379.199787,-718603.129139,4.975041e-03,94.543538,485.994259,1724.780492,2.069,0.366,58.948
3062,3.062000,718726.378800,-1437323.978116,-718597.599316,4.982698e-03,94.811678,485.301483,1725.231221,0.701,0.195,8.243
3063,3.063000,718675.606448,-1437268.536514,-718592.930067,4.989164e-03,95.138586,484.567686,1725.655366,1.999,0.320,3.801
3064,3.064000,718625.144188,-1437212.907674,-718587.763486,4.996318e-03,95.430635,483.885119,1726.042574,0.639,0.191,3.829
3065,3.065000,718573.096000,-1437157.114755,-718584.018755,5.001503e-03,95.742938,483.249057,1726.501964,0.644,0.180,4.165
3066,3.066000,718520.558401,-1437101.175598,-718580.617197,5.006213e-03,96.076482,482.555283,1726.993890,0.657,0.174,6.333
3067,3.067000,718469.549907,-1437045.101343,-718575.551437,5.013227e-03,96.301957,481.959016,1727.467681,0.710,0.175,4.423
3068,3.068000,718417.633322,-1436988.905419,-718571.272097,5.019153e-03,96.554082,481.386499,1727.907546,0.905,0.347,6.314
3069,3.069000,718365.834817,-1436932.588966,-718566.754150,5.025408e-03,96.824553,480.837125,1728.388764,0.675,0.186,4.103
3070,3.070000,718313.646558,-1436876.161064,-718562.514506,5.031279e-03,97.175858,480.229422,1728.915467,2.622,0.215,5.003
3071,3.071000,718263.751786,-1436819.620390,-718555.868604,5.040481e-03,97.469955,479.608446,1729.474013,25.122,0.776,10.180
3072,3.072000,718212.002175,-1436762.958737,-718550.956562,5.047283e-03,97.761975,479.030209,1729.970235,0.643,0.197,3.644
3073,3.073000,718160.390088,-1436706.162512,-718545.772424,5.054461e-03,98.058424,478.531977,1730.510926,0.618,0.525,3.994
3074,3.074000,718108.223992,-1436649.220368,-718540.996375,5.061074e-03,98.298770,478.055610,1731.077372,0.623,0.200,4.234
3075,3.075000,718056.175762,-1436592.110146,-718535.934384,5.068084e-03,98.633860,477.579242,1731.665587,0.618,0.208,3.605
3076,3.076000,718004.149167,-1436534.822105,-718530.672938,5.075369e-03,98.932638,477.107221,1732.301951,0.616,0.175,3.605
3077,3.077000,717952.364275,-1436477.361040,-718524.996765,5.083228e-03,99.182902,476.644136,1732.903988,0.607,0.155,3.538
3078,3.078000,717899.049089,-1436419.736603,-718520.687514,5.089195e-03,99.407248,476.218205,1733.499205,0.653,0.181,3.886
3079,3.079000,717847.116718,-1436361.960576,-718514.843858,5.097287e-03,99.588353,475.787318,1734.165979,0.613,0.197,3.640
3080,3.080000,717792.688425,-1436304.051745,-718511.363320,5.102106e-03,99.834335,475.300726,1734.734972,0.610,0.166,3.586
3081,3.081000,717740.223495,-1436246.042664,-718505.819169,5.109783e-03,100.112942,474.741059,1735.269576,0.638,0.168,3.748
3082,3.082000,717686.206741,-1436187.960716,-718501.753975,5.115412e-03,100.452654,474.229489,1735.774273,0.614,0.166,3.624
3083,3.083000,717634.076246,-1436129.829933,-718495.753687,5.123720e-03,100.792824,473.785052,1736.313879,0.619,0.199,4.538
3084,3.084000,717582.488492,-1436071.665159,-718489.176667,5.132827e-03,101.075188,473.294749,1736.840577,0.611,0.159,48.860
3085,3.085000,717529.480452,-1436013.476396,-718483.995944,5.140001e-03,101.363791,472.862872,1737.406787,0.607,0.163,3.710
3086,3.086000,717475.079262,-1435955.275207,-718480.195945,5.145263e-03,101.618368,472.475225,1738.000052,0.624,0.216,3.656
3087,3.087000,717421.492532,-1435897.061051,-718475.568519,5.151670e-03,101.903321,472.033537,1738.553962,0.605,0.163,3.560
3088,3.088000,717368.589244,-1435838.839165,-718470.249920,5.159035e-03,102.264727,471.613418,1739.184173,0.602,0.142,3.557
3089,3.089000,717316.051611,-1435780.596875,-718464.545264,5.166934e-03,102.636480,471.130294,1739.820429,0.624,0.142,3.699
3090,3.090000,717262.834507,-1435722.326414,-718459.491906,5.173931e-03,102.970623,470.616198,1740.504932,0.623,0.150,3.719
3091,3.091000,717210.010899,-1435664.027580,-718454.016680,5.181512e-03,103.316944,470.112949,1741.090860,0.642,0.182,3.809
3092,3.092000,717158.132194,-1435605.687603,-718447.555408,5.190459e-03,103.675732,469.574029,1741.761747,0.633,0.145,3.765
3093,3.093000,717105.049472,-1435547.296325,-718442.246853,5.197809e-03,104.050536,469.072633,1742.422829,0.630,0.151,3.713
3094,3.094000,717053.222441,-1435488.851995,-718435.629555,5.206972e-03,104.388866,468.640510,1743.051444,0.642,0.163,3.756
3095,3.095000,717000.291090,-1435430.348368,-718430.057278,5.214688e-03,104.674183,468.253751,1743.690929,0.637,0.170,3.698
3096,3.096000,716947.389109,-1435371.774020,-718424.384912,5.222542e-03,104.934590,467.842446,1744.302354,0.635,0.166,3.608
3097,3.097000,716893.459414,-1435313.135831,-718419.676417,5.229062e-03,105.210154,467.458874,1744.896348,0.631,0.144,3.688
3098,3.098000,716838.286380,-1435254.436673,-718416.150292,5.233944e-03,105.500791,467.065761,1745.479001,0.639,0.260,3.920
3099,3.099000,716782.863559,-1435195.699046,-718412.835486,5.238534e-03,105.731829,466.670148,1746.031767,0.645,0.167,3.826
3100,3.100000,716728.100343,-1435136.946063,-718408.845719,5.244059e-03,106.047320,466.303759,1746.598571,0.605,0.159,3.547
3101,3.101000,716674.026484,-1435078.218842,-718404.192358,5.250502e-03,106.399699,466.040778,1747.228072,1.470,0.506,4.158
3102,3.102000,716620.182862,-1435019.577370,-718399.394509,5.257146e-03,106.726294,465.712059,1747.832834,3.157,0.442,3.866
3103,3.103000,716567.776049,-1434961.088922,-718393.312873,5.265567e-03,107.039850,465.391209,1748.455101,0.608,0.165,3.588
3104,3.104000,716515.743893,-1434902.826537,-718387.082643,5.274193e-03,107.361426,464.980222,1748.978209,0.602,0.155,3.554
3105,3.105000,716462.639519,-1434844.864628,-718382.225109,5.280919e-03,107.617277,464.672533,1749.389497,0.641,0.196,3.811
3106,3.106000,716411.614082,-1434787.274661,-718375.660578,5.290009e-03,107.890467,464.246333,1749.846631,6.016,8.147,4.350
3107,3.107000,716361.941645,-1434730.132296,-718368.190650,5.300352e-03,108.167248,463.856220,1750.287631,0.634,0.179,3.726
3108,3.108000,716310.877473,-1434673.494240,-718362.616767,5.308070e-03,108.400389,463.482137,1750.740457,0.627,0.165,3.679
3109,3.109000,716259.328465,-1434617.408703,-718358.080238,5.314352e-03,108.601028,463.086490,1751.155603,0.627,0.167,3.706
3110,3.110000,716209.373599,-1434561.911540,-718352.537940,5.322026e-03,108.823081,462.682396,1751.612459,0.635,0.152,3.671
3111,3.111000,716160.264420,-1434507.014629,-718346.750209,5.330040e-03,109.090882,462.213289,1752.042292,0.629,0.151,3.678
3112,3.112000,716111.514628,-1434452.725613,-718341.210985,5.337710e-03,109.344476,461.800796,1752.513166,0.632,0.205,3.761
3113,3.113000,716064.750964,-1434399.039527,-718334.288563,5.347296e-03,109.540257,461.386517,1752.983283,0.626,0.161,3.693
3114,3.114000,716018.009906,-1434345.946455,-718327.936549,5.356091e-03,109.701835,460.895420,1753.426182,0.631,0.185,3.826
3115,3.115000,715971.650610,-1434293.427870,-718321.777260,5.364620e-03,109.830895,460.382430,1753.929936,0.693,0.154,3.718
3116,3.116000,715925.984455,-1434241.474453,-718315.489998,5.373325e-03,109.915588,459.903922,1754.486524,1.456,0.240,3.809
3117,3.117000,715880.977376,-1434190.083803,-718309.106426,5.382164e-03,109.967027,459.511157,1754.997630,0.636,0.189,7.978
3118,3.118000,715836.859799,-1434139.249982,-718302.390183,5.391464e-03,109.944487,459.096764,1755.470467,0.642,0.169,3.735
3119,3.119000,715792.515662,-1434088.964624,-718296.448962,5.399691e-03,109.966088,458.719226,1755.894665,0.634,0.180,3.919
3120,3.120000,715748.554948,-1434039.210890,-718290.655941,5.407712e-03,110.038663,458.365344,1756.250912,0.643,0.215,3.843
3121,3.121000,715704.668414,-1433989.975199,-718285.306785,5.415119e-03,110.123413,458.090824,1756.673301,0.636,0.175,3.795
3122,3.122000,715659.861252,-1433941.239589,-718281.378337,5.420558e-03,110.205384,457.787106,1757.014168,1.094,0.337,5.501
3123,3.123000,715615.313057,-1433892.980384,-718277.667327,5.425697e-03,110.248739,457.390581,1757.346405,0.649,0.185,3.804
3124,3.124000,715571.287130,-1433845.177301,-718273.890171,5.430927e-03,110.161751,457.002352,1757.722009,0.636,0.160,3.722
3125,3.125000,715526.979399,-1433797.812892,-718270.833493,5.435160e-03,110.118128,456.671046,1758.068795,0.629,0.179,3.680
3126,3.126000,715483.612481,-1433750.882109,-718267.269629,5.440094e-03,110.100949,456.270149,1758.388617,0.635,0.183,3.775
3127,3.127000,715440.745789,-1433704.376699,-718263.630911,5.445133e-03,110.011367,455.849929,1758.696564,0.643,0.179,6.392
3128,3.128000,715396.829948,-1433658.298310,-718261.468362,5.448127e-03,109.886371,455.479518,1758.984313,0.653,0.174,3.769
3129,3.129000,715351.579786,-1433612.649240,-718261.069454,5.448680e-03,109.700295,455.133247,1759.284217,0.635,0.188,3.799
3130,3.130000,715307.202981,-1433567.441220,-718260.238239,5.449830e-03,109.570590,454.716099,1759.660741,0.637,0.160,3.725
3131,3.131000,715264.199103,-1433522.681605,-718258.482502,5.452262e-03,109.478585,454.302904,1760.067746,0.627,0.147,3.687
3132,3.132000,715222.866545,-1433478.383466,-718255.516921,5.456368e-03,109.373440,453.954920,1760.352527,0.627,0.149,14.236
3133,3.133000,715181.691058,-1433434.553348,-718252.862290,5.460044e-03,109.248148,453.634190,1760.651710,0.642,0.183,7.059
3134,3.134000,715140.739610,-1433391.202246,-718250.462636,5.463366e-03,109.087874,453.190342,1760.869748,0.637,0.211,13.910
3135,3.135000,715099.909361,-1433348.337738,-718248.428377,5.466183e-03,108.954965,452.789319,1761.130912,0.628,0.148,3.684
3136,3.136000,715058.527925,-1433305.960780,-718247.432855,5.467562e-03,108.862775,452.418627,1761.348568,0.639,0.165,3.782
3137,3.137000,715017.949222,-1433264.068815,-718246.119593,5.469380e-03,108.835854,452.003553,1761.528634,0.632,0.175,3.669
3138,3.138000,714976.864160,-1433222.665410,-718245.801250,5.469821e-03,108.786610,451.584630,1761.733787,0.602,0.140,3.593
3139,3.139000,714937.569455,-1433181.742891,-718244.173436,5.472075e-03,108.724767,451.201402,1761.998897,0.598,0.132,3.523
3140,3.140000,714898.583614,-1433141.294034,-718242.710419,5.474101e-03,108.710451,450.805140,1762.298003,1.124,0.171,3.758
3141,3.141000,714859.671103,-1433101.310213,-718241.639110,5.475584e-03,108.671138,450.423928,1762.523418,0.606,0.164,3.671
3142,3.142000,714818.514363,-1433061.790548,-718243.276186,5.473317e-03,108.711866,450.031957,1762.752655,0.609,0.177,3.601
3143,3.143000,714778.280815,-1433022.726504,-718244.445689,5.471698e-03,108.751082,449.600844,1762.989699,0.636,0.182,3.871
3144,3.144000,714738.010887,-1432984.119059,-718246.108172,5.469396e-03,108.749283,449.091919,1763.309470,0.610,0.258,3.878
3145,3.145000,714697.905745,-1432945.955213,-718248.049467,5.466708e-03,108.667977,448.607091,1763.580601,0.610,0.162,3.613
3146,3.146000,714658.679043,-1432908.223202,-718249.544158,5.464638e-03,108.606503,448.201815,1763.864496,0.612,0.175,3.834
3147,3.147000,714619.328165,-1432870.911366,-718251.583201,5.461815e-03,108.524050,447.756747,1764.153618,0.644,0.199,4.476
3148,3.148000,714580.447134,-1432833.997832,-718253.550698,5.459090e-03,108.425500,447.339675,1764.447557,0.611,0.175,5.415
3149,3.149000,714543.768651,-1432797.456031,-718253.687380,5.458901e-03,108.332076,447.014830,1764.779046,1.398,0.172,3.712
3150,3.150000,714506.758443,-1432761.256686,-718254.498243,5.457778e-03,108.209097,446.721653,1765.100865,0.589,0.169,59.279
3151,3.151000,714471.500648,-1432725.358769,-718253.858121,5.458665e-03,108.131023,446.360839,1765.422220,0.792,0.237,3.691
3152,3.152000,714435.911062,-1432689.717319,-718253.806257,5.458737e-03,108.048724,446.002562,1765.740585,0.604,0.177,3.524
3153,3.153000,714399.694182,-1432654.293997,-718254.599815,5.457638e-03,107.932149,445.706739,1766.071593,0.613,0.180,3.618
3154,3.154000,714364.263187,-1432619.040774,-718254.777587,5.457392e-03,107.813748,445.490321,1766.341195,0.626,0.185,4.127
3155,3.155000,714331.021786,-1432583.913805,-718252.892019,5.460003e-03,107.744623,445.236922,1766.615973,0.619,0.187,3.625
3156,3.156000,714297.127471,-1432548.875317,-718251.747846,5.461587e-03,107.699197,444.918663,1766.938283,0.599,0.168,3.517
3157,3.157000,714263.367390,-1432513.903043,-718250.535653,5.463265e-03,107.673761,444.551303,1767.207875,0.610,0.155,24.537
3158,3.158000,714228.730356,-1432478.990239,-718250.259883,5.463647e-03,107.706352,444.195142,1767.466922,0.617,0.190,3.622
3159,3.159000,714193.558781,-1432444.137776,-718250.578995,5.463205e-03,107.693503,443.753943,1767.770096,0.609,0.166,3.738
3160,3.160000,714158.001186,-1432409.360443,-718251.359257,5.462125e-03,107.667960,443.346076,1768.059478,0.611,0.161,3.609
3161,3.161000,714121.332397,-1432374.662950,-718253.330552,5.459395e-03,107.700352,442.986143,1768.399009,0.620,0.467,4.712
3162,3.162000,714084.894612,-1432340.055714,-718255.161102,5.456861e-03,107.715420,442.650329,1768.701203,0.632,0.149,3.752
3163,3.163000,714048.243896,-1432305.532595,-718257.288699,5.453915e-03,107.706250,442.333797,1769.065727,0.631,0.157,3.757
3164,3.164000,714011.537961,-1432271.081008,-718259.543047,5.450793e-03,107.706804,442.051131,1769.430367,0.638,0.188,3.819
3165,3.165000,713976.601327,-1432236.677025,-718260.075698,5.450056e-03,107.692701,441.767312,1769.840749,0.636,0.155,3.736
3166,3.166000,713940.350716,-1432202.300305,-718261.949589,5.447461e-03,107.648551,441.476447,1770.229441,0.632,0.149,3.698
3167,3.167000,713903.781459,-1432167.933021,-718264.151562,5.444412e-03,107.604089,441.215678,1770.626052,0.637,0.184,3.692
3168,3.168000,713866.979924,-1432133.571072,-718266.591148,5.441034e-03,107.555852,440.928302,1771.037740,0.652,0.220,4.484
3169,3.169000,713830.658025,-1432099.221034,-718268.563008,5.438303e-03,107.565658,440.689596,1771.446647,0.609,0.182,4.665
3170,3.170000,713793.511181,-1432064.902701,-718271.391521,5.434387e-03,107.548936,440.437999,1771.882857,0.617,0.165,3.596
3171,3.171000,713755.055528,-1432030.658612,-718275.603084,5.428555e-03,107.511238,440.170837,1772.255615,0.633,0.164,3.675
3172,3.172000,713716.375417,-1431996.526052,-718280.150635,5.422258e-03,107.419844,439.889926,1772.653024,0.639,0.162,3.759
3173,3.173000,713677.899236,-1431962.550709,-718284.651472,5.416026e-03,107.379228,439.670940,1772.953642,0.636,0.176,3.805
3174,3.174000,713640.893435,-1431928.797227,-718287.903792,5.411523e-03,107.403038,439.453581,1773.254647,0.655,0.195,3.763
3175,3.175000,713606.081870,-1431895.325511,-718289.243640,5.409668e-03,107.416392,439.113998,1773.491659,0.635,0.150,3.710
3176,3.176000,713570.131884,-1431862.186013,-718292.054129,5.405776e-03,107.300582,438.840432,1773.676050,0.640,0.161,3.736
3177,3.177000,713534.374820,-1431829.425351,-718295.050532,5.401627e-03,107.156837,438.552132,1773.812551,7.198,0.206,9.236
3178,3.178000,713500.588834,-1431797.078884,-718296.490050,5.399634e-03,107.040286,438.405109,1773.988803,0.659,0.236,4.956
3179,3.179000,713468.600448,-1431765.169595,-718296.569147,5.399524e-03,106.990467,438.350422,1774.249964,1.413,5.637,4.105
3180,3.180000,713438.191961,-1431733.719621,-718295.527660,5.400966e-03,106.993305,438.257296,1774.525032,1.098,0.614,83.850
3181,3.181000,713407.377842,-1431702.745991,-718295.368150,5.401187e-03,107.062953,438.217371,1774.781550,0.692,0.272,3.913
3182,3.182000,713375.959703,-1431672.259546,-718296.299843,5.399897e-03,107.150441,438.153651,1775.174104,0.611,0.239,4.636
3183,3.183000,713345.140240,-1431642.276516,-718297.136275,5.398739e-03,107.179281,438.079033,1775.505021,0.614,0.187,3.570
3184,3.184000,713314.070620,-1431612.810620,-718298.739999,5.396518e-03,107.238661,438.026165,1775.846127,0.610,0.186,3.615
3185,3.185000,713285.136431,-1431583.868847,-718298.732416,5.396529e-03,107.242936,438.034092,1776.234464,0.615,0.191,4.136
3186,3.186000,713257.899785,-1431555.458935,-718297.559151,5.398153e-03,107.258727,438.077418,1776.525982,0.634,0.232,3.623
3187,3.187000,713232.238212,-1431527.594476,-718295.356264,5.401204e-03,107.403861,438.090102,1776.639300,0.607,0.146,3.531
3188,3.188000,713206.746922,-1431500.284035,-718293.537113,5.403723e-03,107.507381,438.157615,1776.769414,0.618,0.173,3.620
3189,3.189000,713182.292153,-1431473.530108,-718291.237956,5.406906e-03,107.650349,438.215063,1776.834101,0.620,0.180,3.717
3190,3.190000,713158.198839,-1431447.345818,-718289.146978,5.409802e-03,107.766184,438.328513,1776.894453,0.642,0.191,3.852
3191,3.191000,713136.688806,-1431421.744355,-718285.055548,5.415467e-03,107.882194,438.316558,1776.957067,0.609,0.171,3.668
3192,3.192000,713116.890033,-1431396.739842,-718279.849810,5.422675e-03,107.992622,438.310467,1777.039396,0.603,0.154,3.638
3193,3.193000,713096.298499,-1431372.348589,-718276.050090,5.427936e-03,108.101958,438.293273,1777.025642,0.630,0.144,3.684
3194,3.194000,713076.479621,-1431348.582274,-718272.102653,5.433402e-03,108.283523,438.235017,1777.038286,0.626,0.135,3.714
3195,3.195000,713057.305136,-1431325.448860,-718268.143724,5.438884e-03,108.451392,438.190755,1777.030652,0.636,0.161,3.724
3196,3.196000,713038.327591,-1431302.955996,-718264.628405,5.443752e-03,108.600641,438.107781,1777.077676,0.660,0.177,3.765
3197,3.197000,713019.503155,-1431281.098758,-718261.595603,5.447951e-03,108.708258,438.028499,1776.976841,0.621,0.257,3.676
3198,3.198000,713002.194805,-1431259.869996,-718257.675191,5.453379e-03,108.804843,437.945239,1776.943743,0.607,0.138,3.594
3199,3.199000,712984.516577,-1431239.255099,-718254.738522,5.457446e-03,108.921288,437.885720,1776.922813,0.603,0.149,3.636
3200,3.200000,712966.495053,-1431219.230938,-718252.735885,5.460219e-03,109.013400,437.783338,1776.897065,0.656,0.207,3.871
3201,3.201000,712948.955466,-1431199.777338,-718250.821872,5.462869e-03,109.185141,437.774270,1776.850166,0.613,0.186,3.606
3202,3.202000,712932.625231,-1431180.862633,-718248.237402,5.466448e-03,109.284365,437.762841,1776.786049,0.601,0.149,3.544
3203,3.203000,712918.068175,-1431162.440455,-718244.372279,5.471800e-03,109.396089,437.692563,1776.666524,0.626,0.135,3.661
3204,3.204000,712904.385922,-1431144.460628,-718240.074705,5.477750e-03,109.511187,437.654742,1776.554522,0.627,0.139,3.659
3205,3.205000,712891.149754,-1431126.861765,-718235.712011,5.483791e-03,109.548731,437.625795,1776.392119,0.638,0.180,3.779
3206,3.206000,712876.071355,-1431109.580213,-718233.508859,5.486842e-03,109.617352,437.538338,1776.323178,0.634,1.085,4.066
3207,3.207000,712860.808376,-1431092.551513,-718231.743137,5.489287e-03,109.757917,437.385798,1776.278725,0.630,0.153,3.725
3208,3.208000,712846.220502,-1431075.703362,-718229.482861,5.492416e-03,109.917161,437.307525,1776.254905,0.647,0.156,6.060
3209,3.209000,712830.507688,-1431058.968243,-718228.460554,5.493832e-03,110.119220,437.175819,1776.299608,0.635,0.171,3.680
3210,3.210000,712812.792592,-1431042.286419,-718229.493826,5.492401e-03,110.250910,437.007199,1776.282767,0.632,0.158,3.651
3211,3.211000,712794.744724,-1431025.618171,-718230.873447,5.490491e-03,110.400528,436.799854,1776.259284,0.628,0.154,3.656
3212,3.212000,712777.005297,-1431008.935086,-718231.929789,5.489028e-03,110.563800,436.642964,1776.259796,0.641,0.186,3.768
3213,3.213000,712758.472858,-1430992.227425,-718233.754567,5.486501e-03,110.725317,436.497141,1776.221929,0.634,0.166,3.765
3214,3.214000,712739.825741,-1430975.502009,-718235.676267,5.483841e-03,110.853033,436.277882,1776.189431,0.633,0.173,3.698
3215,3.215000,712721.493942,-1430958.783496,-718237.289554,5.481607e-03,110.997880,435.983597,1776.159315,0.636,0.158,3.673
3216,3.216000,712704.026936,-1430942.100259,-718238.073324,5.480521e-03,111.143907,435.685391,1776.076251,0.642,0.173,3.757
3217,3.217000,712687.498728,-1430925.483614,-718237.984886,5.480644e-03,111.362790,435.428347,1775.949557,0.636,0.170,3.764
3218,3.218000,712672.666707,-1430908.968056,-718236.301348,5.482975e-03,111.572242,435.149745,1775.750694,0.681,3.480,49.938
3219,3.219000,712657.643070,-1430892.575093,-718234.932023,5.484871e-03,111.625815,434.840899,1775.605527,0.615,0.167,3.573
3220,3.220000,712642.557135,-1430876.332833,-718233.775698,5.486472e-03,111.703151,434.579432,1775.482860,0.635,0.175,3.708
3221,3.221000,712626.488350,-1430860.261442,-718233.773092,5.486476e-03,111.805170,434.371132,1775.353167,0.630,0.145,29.152
3222,3.222000,712610.978271,-1430844.372064,-718233.393793,5.487001e-03,111.957989,434.140396,1775.167654,0.632,0.165,3.750
3223,3.223000,712593.588985,-1430828.673201,-718235.084216,5.484660e-03,112.113965,433.911906,1774.968144,0.641,0.225,3.790
3224,3.224000,712579.077612,-1430813.177303,-718234.099691,5.486024e-03,112.215964,433.706492,1774.791228,0.631,0.171,3.751
3225,3.225000,712565.085267,-1430797.896364,-718232.811097,5.487808e-03,112.336410,433.571437,1774.736079,0.629,0.142,6.447
3226,3.226000,712549.575082,-1430782.849241,-718233.274159,5.487167e-03,112.472073,433.406161,1774.596512,0.637,0.186,7.496
3227,3.227000,712532.359295,-1430768.058699,-718235.699404,5.483809e-03,112.658555,433.297385,1774.362513,0.647,0.195,3.755
3228,3.228000,712516.685038,-1430753.553549,-718236.868511,5.482190e-03,112.883356,433.177012,1774.142507,0.609,0.149,3.619
3229,3.229000,712500.398839,-1430739.365571,-718238.966733,5.479284e-03,113.196609,432.921917,1773.926572,0.629,0.143,3.677
3230,3.230000,712484.379333,-1430725.522746,-718241.143412,5.476270e-03,113.569495,432.591318,1773.754257,0.631,0.156,5.083
3231,3.231000,712468.600273,-1430712.046016,-718243.445743,5.473082e-03,113.949717,432.308246,1773.613709,0.635,0.163,3.742
3232,3.232000,712454.911234,-1430698.953282,-718244.042049,5.472257e-03,114.345720,431.991444,1773.630769,0.630,0.149,3.685
3233,3.233000,712442.866917,-1430686.271168,-718243.404251,5.473140e-03,114.810988,431.625908,1773.652227,0.635,0.191,41.572
3234,3.234000,712431.809949,-1430674.020405,-718242.210456,5.474793e-03,115.194444,431.292121,1773.661651,1.219,0.411,7.867
3235,3.235000,712422.388163,-1430662.211929,-718239.823767,5.478098e-03,115.583034,430.968961,1773.710772,0.673,0.178,8.639
3236,3.236000,712412.254311,-1430650.856209,-718238.601898,5.479790e-03,115.862348,430.672434,1773.840720,0.612,0.186,3.632
3237,3.237000,712400.830279,-1430639.966399,-718239.136120,5.479050e-03,116.160637,430.414811,1774.043940,0.624,0.192,5.339
3238,3.238000,712389.990140,-1430629.549127,-718239.558987,5.478464e-03,116.522370,430.124925,1774.205952,0.608,0.177,3.619
3239,3.239000,712378.933888,-1430619.604020,-718240.670131,5.476926e-03,116.878221,429.916884,1774.421963,0.607,0.193,3.758
3240,3.240000,712369.026996,-1430610.127747,-718241.100751,5.476329e-03,117.260287,429.811524,1774.589442,0.642,0.270,4.190
3241,3.241000,712360.882862,-1430601.107722,-718240.224860,5.477542e-03,117.677407,429.733154,1774.783464,0.603,0.138,3.521
3242,3.242000,712352.295644,-1430592.517213,-718240.221569,5.477547e-03,118.117510,429.651943,1775.001079,0.603,0.152,3.548
3243,3.243000,712343.933131,-1430584.323035,-718240.389904,5.477314e-03,118.592698,429.552476,1775.206218,0.608,0.175,3.603
3244,3.244000,712335.619300,-1430576.482713,-718240.863413,5.476658e-03,119.080204,429.482733,1775.406910,0.603,0.156,3.539
3245,3.245000,712327.415030,-1430568.955261,-718241.540231,5.475721e-03,119.572727,429.387451,1775.643293,0.621,0.161,3.711
3246,3.246000,712318.636946,-1430561.699228,-718243.062282,5.473613e-03,120.090720,429.312355,1775.866449,0.631,0.181,3.768
3247,3.247000,712311.613507,-1430554.659845,-718243.046338,5.473635e-03,120.533774,429.184375,1776.009218,0.630,0.142,3.716
3248,3.248000,712304.141254,-1430547.784270,-718243.643016,5.472809e-03,121.058716,429.108952,1776.179082,0.600,0.147,3.555
3249,3.249000,712298.341726,-1430541.022511,-718242.680785,5.474142e-03,121.572024,429.063569,1776.359649,0.634,0.162,5.661
3250,3.250000,712295.276427,-1430534.327537,-718239.051110,5.479168e-03,122.076711,429.067255,1776.555654,0.637,0.193,6.466
3251,3.251000,712290.920055,-1430527.663042,-718236.742988,5.482364e-03,122.554277,429.087978,1776.770436,0.642,0.168,3.795
3252,3.252000,712287.184973,-1430521.007509,-718233.822537,5.486407e-03,123.014136,429.041343,1776.954659,1.371,0.455,4.996
3253,3.253000,712284.708151,-1430514.353792,-718229.645642,5.492191e-03,123.393622,429.032637,1777.179169,0.633,0.266,3.706
3254,3.254000,712281.276370,-1430507.696589,-718226.420219,5.496657e-03,123.737403,429.055426,1777.409518,0.625,0.142,3.699
3255,3.255000,712279.317404,-1430501.044284,-718221.726880,5.503156e-03,124.101062,429.053054,1777.599354,0.642,0.189,3.677
3256,3.256000,712277.158045,-1430494.411470,-718217.253424,5.509350e-03,124.439085,429.112775,1777.776354,0.637,0.178,3.778
3257,3.257000,712275.566044,-1430487.810000,-718212.243957,5.516286e-03,124.738195,429.066934,1777.903870,0.629,0.155,3.723
3258,3.258000,712274.512080,-1430481.260247,-718206.748167,5.523896e-03,125.038925,429.098359,1778.118254,0.627,0.140,3.696
3259,3.259000,712272.213530,-1430474.792170,-718202.578640,5.529670e-03,125.410390,429.123489,1778.273098,0.625,0.151,3.693
3260,3.260000,712268.436861,-1430468.437857,-718200.000996,5.533239e-03,125.836706,429.262097,1778.442751,0.629,0.145,3.736
3261,3.261000,712264.913790,-1430462.225267,-718197.311477,5.536963e-03,126.280100,429.463962,1778.594380,1.950,0.362,8.935
3262,3.262000,712261.806731,-1430456.184763,-718194.378032,5.541025e-03,126.758956,429.565912,1778.701957,0.663,0.192,4.450
3263,3.263000,712257.880921,-1430450.340345,-718192.459425,5.543681e-03,127.201642,429.685058,1778.803878,1.067,0.232,3.821
3264,3.264000,712255.056983,-1430444.711004,-718189.654022,5.547566e-03,127.708376,429.825759,1778.939830,0.666,0.194,3.822
3265,3.265000,712251.947535,-1430439.313273,-718187.365738,5.550734e-03,128.190662,429.930455,1779.032096,1.000,0.315,13.278
3266,3.266000,712250.790210,-1430434.167786,-718183.377576,5.556257e-03,128.788863,430.029900,1779.162902,0.612,0.169,3.607
3267,3.267000,712250.606918,-1430429.285255,-718178.678337,5.562764e-03,129.304876,430.037508,1779.347186,0.628,0.157,3.690
3268,3.268000,712251.605184,-1430424.674425,-718173.069240,5.570530e-03,129.836826,430.092633,1779.451176,0.632,0.166,20.859
3269,3.269000,712251.337673,-1430420.344360,-718169.006686,5.576156e-03,130.316033,430.038271,1779.603464,0.628,0.156,4.306
3270,3.270000,712251.581741,-1430416.304737,-718164.722996,5.582087e-03,130.876164,429.913664,1779.681736,0.629,0.143,3.729
3271,3.271000,712252.137807,-1430412.569580,-718160.431773,5.588029e-03,131.453561,429.826607,1779.725512,0.639,0.163,3.769
3272,3.272000,712252.245769,-1430409.139198,-718156.893429,5.592928e-03,132.042860,429.806947,1779.847557,0.630,0.159,3.771
3273,3.273000,712254.679424,-1430406.009627,-718151.330203,5.600632e-03,132.587358,429.717012,1779.981886,4.548,0.556,8.194
3274,3.274000,712257.724433,-1430403.175639,-718145.451205,5.608772e-03,133.165733,429.621803,1780.098974,2.911,0.341,9.987
3275,3.275000,712259.735568,-1430400.630778,-718140.895210,5.615081e-03,133.799260,429.524696,1780.227713,0.648,0.327,13.928
3276,3.276000,712262.516327,-1430398.352581,-718135.836254,5.622086e-03,134.428359,429.404501,1780.378721,0.635,0.157,8.779
3277,3.277000,712266.132381,-1430396.311855,-718130.179474,5.629918e-03,135.042242,429.274461,1780.549955,0.642,0.176,131.106
3278,3.278000,712270.455731,-1430394.478787,-718124.023056,5.638443e-03,135.631578,429.079173,1780.741569,0.613,0.178,3.827
3279,3.279000,712274.572757,-1430392.808729,-718118.235972,5.646456e-03,136.243679,428.866435,1780.894735,1.867,0.167,3.642
3280,3.280000,712278.629230,-1430391.260852,-718112.631622,5.654216e-03,136.870997,428.741026,1781.026614,0.603,0.225,3.525
3281,3.281000,712283.048932,-1430389.802763,-718106.753832,5.662355e-03,137.505599,428.594110,1781.090482,0.639,0.175,3.779
3282,3.282000,712285.859007,-1430388.398261,-718102.539253,5.668191e-03,138.053048,428.415219,1781.110422,0.609,0.154,3.533
3283,3.283000,712288.534115,-1430387.018582,-718098.484467,5.673805e-03,138.506423,428.166870,1781.081362,0.642,0.167,3.703
3284,3.284000,712294.199867,-1430385.642560,-718091.442693,5.683556e-03,138.939090,427.930729,1781.050581,0.609,0.159,4.435
3285,3.285000,712299.415787,-1430384.253719,-718084.837932,5.692701e-03,139.342082,427.738271,1781.017355,0.633,0.153,3.697
3286,3.286000,712303.130869,-1430382.842854,-718079.711984,5.699799e-03,139.743502,427.524779,1781.052758,0.626,0.137,3.680
3287,3.287000,712307.036488,-1430381.406127,-718074.369639,5.707196e-03,140.090687,427.236681,1781.078800,0.600,0.147,3.535
3288,3.288000,712311.540359,-1430379.948375,-718068.408016,5.715451e-03,140.456895,426.956788,1781.087212,0.618,0.187,3.619
3289,3.289000,712314.601974,-1430378.478354,-718063.876380,5.721726e-03,140.813466,426.639337,1781.103792,0.633,0.162,3.779
3290,3.290000,712317.713713,-1430377.005227,-718059.291514,5.728074e-03,141.180688,426.305920,1781.118915,0.664,0.181,3.797
3291,3.291000,712319.861083,-1430375.537730,-718055.676647,5.733080e-03,141.537395,425.938480,1781.125198,0.629,0.155,3.695
3292,3.292000,712322.203424,-1430374.094483,-718051.891060,5.738322e-03,141.883091,425.538494,1781.175342,0.875,0.278,5.777
3293,3.293000,712324.452630,-1430372.695472,-718048.242843,5.743373e-03,142.235020,425.199837,1781.193528,0.623,0.206,3.768
3294,3.294000,712326.924203,-1430371.363652,-718044.439449,5.748640e-03,142.570321,424.881729,1781.243957,0.626,0.186,3.693
3295,3.295000,712330.425051,-1430370.132364,-718039.707313,5.755192e-03,142.926159,424.587083,1781.222374,1.184,4.880,3.845
3296,3.296000,712335.055564,-1430369.039022,-718033.983458,5.763118e-03,143.293301,424.336133,1781.248937,0.619,0.248,3.636
3297,3.297000,712339.402029,-1430368.112644,-718028.710615,5.770419e-03,143.684085,424.008836,1781.344704,0.650,0.163,3.673
3298,3.298000,712345.888937,-1430367.381372,-718021.492435,5.780414e-03,144.056699,423.724378,1781.463889,0.612,0.182,3.615
3299,3.299000,712354.441109,-1430366.865783,-718012.424675,5.792969e-03,144.452063,423.369557,1781.620300,1.185,0.185,7.019
3300,3.300000,712363.028567,-1430366.575218,-718003.546651,5.805262e-03,144.856459,423.101685,1781.793408,1.366,0.191,5.935
3301,3.301000,712371.147056,-1430366.514989,-717995.367933,5.816587e-03,145.250065,422.844819,1781.927718,0.645,0.173,3.775
3302,3.302000,712379.630820,-1430366.678664,-717987.047844,5.828108e-03,145.651109,422.563987,1781.999392,0.635,0.172,3.986
3303,3.303000,712385.924025,-1430367.049665,-717981.125640,5.836308e-03,146.018898,422.263313,1782.131364,0.642,0.171,3.756
3304,3.304000,712391.862422,-1430367.608728,-717975.746306,5.843757e-03,146.360867,421.921169,1782.219114,0.628,0.166,3.687
3305,3.305000,712397.285063,-1430368.322938,-717971.037874,5.850276e-03,146.605356,421.600880,1782.172342,0.651,0.194,3.795
3306,3.306000,712403.032250,-1430369.160179,-717966.127929,5.857075e-03,146.924186,421.281033,1782.130121,0.641,0.167,3.656
3307,3.307000,712408.578365,-1430370.072652,-717961.494287,5.863491e-03,147.274398,420.882116,1782.050889,0.676,0.347,11.041
3308,3.308000,712415.822705,-1430371.008789,-717955.186084,5.872226e-03,147.622337,420.493123,1781.955888,0.640,0.192,3.762
3309,3.309000,712423.290158,-1430371.908459,-717948.618301,5.881320e-03,147.993664,420.193879,1781.832100,1.704,2.302,3.723
3310,3.310000,712431.301498,-1430372.710202,-717941.408704,5.891303e-03,148.415308,419.940342,1781.770762,0.646,0.174,5.784
3311,3.311000,712437.934039,-1430373.346708,-717935.412668,5.899605e-03,148.880694,419.748080,1781.709483,0.638,0.179,3.718
3312,3.312000,712443.334294,-1430373.750367,-717930.416073,5.906524e-03,149.326259,419.472526,1781.601658,0.655,0.168,3.775
3313,3.313000,712448.160451,-1430373.870251,-717925.709800,5.913040e-03,149.780510,419.232977,1781.545323,0.639,0.200,3.785
3314,3.314000,712453.542937,-1430373.647414,-717920.104477,5.920802e-03,150.311682,418.990571,1781.490951,0.634,0.179,3.774
3315,3.315000,712459.617727,-1430373.040145,-717913.422418,5.930054e-03,150.820785,418.687462,1781.459628,0.607,0.166,3.590
3316,3.316000,712463.238238,-1430372.027289,-717908.789050,5.936470e-03,151.291405,418.388752,1781.377322,1.564,0.164,3.773
3317,3.317000,712464.769078,-1430370.581704,-717905.812627,5.940591e-03,151.795047,418.078600,1781.317983,0.644,0.186,3.835
3318,3.318000,712466.978656,-1430368.690507,-717901.711851,5.946270e-03,152.265977,417.746860,1781.204441,0.632,0.163,3.702
3319,3.319000,712467.673036,-1430366.355831,-717898.682795,5.950464e-03,152.742107,417.427468,1781.126279,0.625,0.141,3.689
3320,3.320000,712467.795895,-1430363.589058,-717895.793163,5.954465e-03,153.300700,417.177398,1780.849927,0.645,0.200,5.848
3321,3.321000,712467.986065,-1430360.404389,-717892.418323,5.959138e-03,153.855097,416.906450,1780.596996,0.631,0.159,3.777
3322,3.322000,712468.265070,-1430356.835347,-717888.570277,5.964466e-03,154.422673,416.600224,1780.421457,0.624,0.410,3.687
3323,3.323000,712467.602393,-1430352.917541,-717885.315148,5.968974e-03,155.062692,416.266374,1780.326521,0.615,0.205,5.395
3324,3.324000,712465.817829,-1430348.699690,-717882.881861,5.972343e-03,155.713905,415.869781,1780.183027,0.591,0.629,29.907
3325,3.325000,712463.605149,-1430344.231853,-717880.626704,5.975465e-03,156.359804,415.476155,1779.999026,0.615,0.300,3.848
3326,3.326000,712461.473351,-1430339.577816,-717878.104465,5.978958e-03,156.943728,415.095499,1779.804120,0.598,0.194,46.652
3327,3.327000,712457.835393,-1430334.793474,-717876.958082,5.980545e-03,157.502998,414.709658,1779.566399,0.609,0.170,3.867
3328,3.328000,712454.577159,-1430329.937743,-717875.360583,5.982757e-03,158.029100,414.283947,1779.359158,0.662,0.245,4.488
3329,3.329000,712452.272930,-1430325.067403,-717872.794473,5.986310e-03,158.615989,413.884617,1779.142154,0.604,0.147,48.022
3330,3.330000,712449.621202,-1430320.226447,-717870.605245,5.989342e-03,159.190763,413.477736,1778.950486,0.631,0.191,3.812
3331,3.331000,712446.459819,-1430315.462832,-717869.003014,5.991560e-03,159.805492,413.026965,1778.739832,0.610,0.181,3.700
3332,3.332000,712444.136803,-1430310.813211,-717866.676408,5.994782e-03,160.392005,412.602924,1778.577623,0.611,0.179,3.639
3333,3.333000,712441.528476,-1430306.301846,-717864.773370,5.997417e-03,160.923872,412.178805,1778.530403,0.627,0.185,3.646
3334,3.334000,712437.709000,-1430301.947109,-717864.238109,5.998158e-03,161.409508,411.812494,1778.333465,0.617,0.168,3.889
3335,3.335000,712433.296803,-1430297.751392,-717864.454589,5.997858e-03,161.923629,411.364299,1778.078350,0.627,0.210,3.687
3336,3.336000,712429.608698,-1430293.724854,-717864.116156,5.998327e-03,162.426615,410.926979,1777.819098,0.627,0.186,3.631
3337,3.337000,712425.398768,-1430289.871503,-717864.472735,5.997833e-03,162.859643,410.501597,1777.597842,0.616,0.202,3.734
3338,3.338000,712422.447213,-1430286.198687,-717863.751474,5.998832e-03,163.301522,410.102851,1777.399900,0.611,0.168,3.622
3339,3.339000,712420.565612,-1430282.712323,-717862.146711,6.001054e-03,163.778876,409.661185,1777.234972,0.621,0.208,3.667
3340,3.340000,712419.094492,-1430279.424861,-717860.330369,6.003569e-03,164.236422,409.276570,1777.144247,0.606,0.146,3.553
3341,3.341000,712418.513688,-1430276.330274,-717857.816586,6.007050e-03,164.759222,408.887620,1777.150007,0.607,0.195,4.920
3342,3.342000,712418.965529,-1430273.412866,-717854.447337,6.011715e-03,165.316587,408.525767,1777.229145,0.611,0.184,4.967
3343,3.343000,712421.208828,-1430270.656508,-717849.447681,6.018638e-03,165.859392,408.069902,1777.415862,0.633,0.169,3.717
3344,3.344000,712423.690167,-1430268.032466,-717844.342299,6.025707e-03,166.446556,407.548498,1777.507124,0.989,0.211,7.044
3345,3.345000,712424.972862,-1430265.510214,-717840.537352,6.030976e-03,167.040800,406.973189,1777.634258,0.631,0.162,3.804
3346,3.346000,712426.274649,-1430263.059197,-717836.784548,6.036172e-03,167.647516,406.464336,1777.711191,0.628,0.147,3.703
3347,3.347000,712429.522750,-1430260.652414,-717831.129664,6.044002e-03,168.264162,405.996127,1777.747222,0.631,0.169,9.746
3348,3.348000,712433.601534,-1430258.268104,-717824.666570,6.052952e-03,168.895573,405.512321,1777.788562,0.628,0.149,3.733
3349,3.349000,712435.853075,-1430255.892987,-717820.039912,6.059358e-03,169.573546,404.983080,1777.791781,0.624,0.153,3.710
3350,3.350000,712437.995249,-1430253.524496,-717815.529247,6.065604e-03,170.216832,404.406773,1777.710455,0.632,0.160,4.079
3351,3.351000,712440.516100,-1430251.170028,-717810.653928,6.072354e-03,170.974405,403.768880,1777.578701,0.632,0.157,3.783
3352,3.352000,712442.979354,-1430248.835316,-717805.855962,6.078998e-03,171.723695,403.086184,1777.476263,0.628,0.153,3.728
3353,3.353000,712445.495690,-1430246.545779,-717801.050089,6.085652e-03,172.469947,402.377568,1777.363116,0.650,0.160,3.753
3354,3.354000,712448.596176,-1430244.322292,-717795.726116,6.093024e-03,173.191537,401.674085,1777.243152,0.628,0.139,3.670
3355,3.355000,712451.966168,-1430242.186843,-717790.220675,6.100648e-03,173.879906,400.996498,1776.986790,0.633,0.158,5.515
3356,3.356000,712454.408174,-1430240.144141,-717785.735966,6.106857e-03,174.567798,400.236570,1776.724057,0.628,0.154,3.688
3357,3.357000,712457.818582,-1430238.189373,-717780.370791,6.114286e-03,175.281532,399.478765,1776.525120,0.625,0.136,3.689
3358,3.358000,712459.840960,-1430236.311678,-717776.470718,6.119687e-03,175.927178,398.707143,1776.211976,2.528,0.368,18.689
3359,3.359000,712461.001642,-1430234.489061,-717773.487420,6.123818e-03,176.602625,397.909393,1776.030084,0.637,0.171,3.805
3360,3.360000,712462.424019,-1430232.700124,-717770.276105,6.128264e-03,177.289024,397.111296,1775.822222,0.639,0.154,3.800
3361,3.361000,712465.474073,-1430230.908513,-717765.434439,6.134968e-03,178.000180,396.327433,1775.635505,0.634,0.158,3.750
3362,3.362000,712467.552893,-1430229.054537,-717761.501645,6.140414e-03,178.660512,395.540037,1775.404562,0.633,0.170,3.798
3363,3.363000,712470.819524,-1430227.082791,-717756.263267,6.147667e-03,179.310501,394.765194,1775.204085,1.896,0.181,3.800
3364,3.364000,712475.139832,-1430224.933963,-717749.794131,6.156625e-03,179.962521,393.925319,1774.976929,1.049,0.162,3.803
3365,3.365000,712479.306521,-1430222.548504,-717743.241983,6.165697e-03,180.640755,393.096883,1774.830792,0.638,0.172,5.096
3366,3.366000,712482.527204,-1430219.875807,-717737.348603,6.173858e-03,181.354614,392.337788,1774.670968,32.240,0.184,3.821
3367,3.367000,712484.619103,-1430216.882194,-717732.263090,6.180899e-03,182.067698,391.627604,1774.557609,0.670,0.169,5.838
3368,3.368000,712485.685884,-1430213.529531,-717727.843647,6.187019e-03,182.772606,390.925264,1774.427326,0.641,0.178,4.493
3369,3.369000,712483.888814,-1430209.797775,-717725.908961,6.189698e-03,183.444981,390.305252,1774.411384,0.646,3.356,36.801
3370,3.370000,712481.172813,-1430205.683955,-717724.511142,6.191633e-03,184.061202,389.691135,1774.408614,0.636,0.158,3.706
3371,3.371000,712479.122510,-1430201.193341,-717722.070830,6.195012e-03,184.745035,389.039418,1774.462536,0.637,0.205,3.782
3372,3.372000,712477.476039,-1430196.348832,-717718.872793,6.199441e-03,185.407104,388.452593,1774.491183,0.639,0.188,3.779
3373,3.373000,712474.359270,-1430191.174045,-717716.814775,6.202290e-03,186.102111,387.822954,1774.559502,0.628,0.196,3.799
3374,3.374000,712471.843555,-1430185.708999,-717713.865443,6.206374e-03,186.714231,387.120225,1774.583127,0.634,0.159,3.719
3375,3.375000,712468.412056,-1430180.007213,-717711.595157,6.209518e-03,187.406697,386.370831,1774.625561,0.628,0.344,4.021
3376,3.376000,712463.980003,-1430174.116414,-717710.136410,6.211537e-03,188.134181,385.649283,1774.665203,0.629,0.163,3.790
3377,3.377000,712458.865968,-1430168.085060,-717709.219092,6.212808e-03,188.792944,384.912239,1774.741770,0.640,0.182,3.812
3378,3.378000,712453.814607,-1430161.964423,-717708.149816,6.214288e-03,189.474059,384.196500,1774.896278,0.665,0.146,3.882
3379,3.379000,712450.388751,-1430155.799070,-717705.410319,6.218082e-03,190.199259,383.502960,1775.058624,0.658,0.142,3.871
3380,3.380000,712446.570945,-1430149.633516,-717703.062571,6.221332e-03,190.935748,382.743778,1775.192366,0.659,0.138,3.837
3381,3.381000,712443.130913,-1430143.507816,-717700.376903,6.225051e-03,191.535347,382.045466,1775.276258,0.640,0.197,4.171
3382,3.382000,712440.898027,-1430137.456518,-717696.558491,6.230338e-03,192.166910,381.381140,1775.297047,1.701,0.171,4.441
3383,3.383000,712437.876743,-1430131.513907,-717693.637164,6.234383e-03,192.769029,380.762639,1775.333696,0.636,0.180,5.560
3384,3.384000,712436.387046,-1430125.708196,-717689.321150,6.240360e-03,193.334894,380.086629,1775.299134,0.615,0.201,3.599
3385,3.385000,712435.968206,-1430120.059929,-717684.091724,6.247601e-03,193.842282,379.407004,1775.236827,0.626,26.296,30.142
3386,3.386000,712434.583425,-1430114.584015,-717680.000589,6.253266e-03,194.303425,378.730861,1775.178074,0.648,0.184,3.700
3387,3.387000,712433.559870,-1430109.279870,-717675.720000,6.259193e-03,194.772091,378.036466,1775.091387,0.636,0.175,3.790
3388,3.388000,712431.543298,-1430104.144658,-717672.601359,6.263511e-03,195.231170,377.285854,1775.031819,0.628,0.150,3.898
3389,3.389000,712428.569881,-1430099.173995,-717670.604113,6.266276e-03,195.711141,376.528789,1774.951560,0.629,0.172,3.799
3390,3.390000,712424.404053,-1430094.357931,-717669.953878,6.267177e-03,196.234444,375.792790,1774.830002,0.626,0.150,3.730
3391,3.391000,712420.431969,-1430089.688287,-717669.256318,6.268143e-03,196.758774,375.081956,1774.658312,0.626,0.174,3.743
3392,3.392000,712415.302086,-1430085.157588,-717669.855502,6.267313e-03,197.316049,374.261745,1774.408101,0.634,0.186,3.767
3393,3.393000,712409.721900,-1430080.756540,-717671.034640,6.265680e-03,197.892165,373.414109,1774.182017,0.628,0.156,3.759
3394,3.394000,712404.556590,-1430076.482411,-717671.925822,6.264446e-03,198.454212,372.602356,1773.985351,0.626,0.155,3.710
3395,3.395000,712398.312099,-1430072.326226,-717674.014127,6.261555e-03,198.981580,371.809737,1773.804070,0.632,0.165,3.769
3396,3.396000,712393.953209,-1430068.288191,-717674.334982,6.261110e-03,199.548274,371.027596,1773.747460,0.635,0.171,3.766
3397,3.397000,712389.676778,-1430064.363890,-717674.687112,6.260623e-03,200.189648,370.199219,1773.741342,0.651,0.284,3.817
3398,3.398000,712385.182817,-1430060.559202,-717675.376385,6.259668e-03,200.800666,369.375782,1773.768323,0.627,0.142,3.729
3399,3.399000,712380.566240,-1430056.861048,-717676.294808,6.258397e-03,201.527160,368.483397,1773.801084,0.632,0.193,4.522
3400,3.400000,712376.410636,-1430053.259386,-717676.848750,6.257630e-03,202.219860,367.549913,1773.836745,0.632,0.176,3.788
3401,3.401000,712373.166160,-1430049.753543,-717676.587383,6.257992e-03,202.893622,366.681931,1773.870296,1.407,0.516,4.686
3402,3.402000,712370.485232,-1430046.352387,-717675.867155,6.258989e-03,203.543071,365.774666,1773.932109,0.634,0.182,3.772
3403,3.403000,712367.795714,-1430043.053853,-717675.258139,6.259832e-03,204.177233,364.906521,1773.988284,0.634,0.163,3.784
3404,3.404000,712366.857136,-1430039.863510,-717673.006375,6.262950e-03,204.871685,363.976742,1774.106808,0.633,0.294,3.775
3405,3.405000,712365.734086,-1430036.783710,-717671.049625,6.265660e-03,205.565002,363.083218,1774.192895,0.627,0.152,3.707
3406,3.406000,712363.576013,-1430033.808935,-717670.232922,6.266790e-03,206.239419,362.214444,1774.358183,0.626,0.145,3.688
3407,3.407000,712361.986016,-1430030.946345,-717668.960329,6.268553e-03,206.939779,361.396535,1774.526941,0.627,0.145,3.687
3408,3.408000,712361.248597,-1430028.183554,-717666.934957,6.271357e-03,207.693459,360.573654,1774.699738,0.632,0.247,3.748
3409,3.409000,712361.283148,-1430025.512190,-717664.229042,6.275104e-03,208.409946,359.825625,1774.877900,0.624,4.604,10.129
3410,3.410000,712362.052089,-1430022.931963,-717660.879874,6.279741e-03,209.106336,359.114483,1775.085587,0.638,0.175,3.773
3411,3.411000,712361.838800,-1430020.439584,-717658.600784,6.282897e-03,209.804461,358.426034,1775.209093,0.622,0.144,3.677
3412,3.412000,712361.366378,-1430018.045557,-717656.679179,6.285558e-03,210.439328,357.732764,1775.299216,0.630,0.168,3.764
3413,3.413000,712361.153387,-1430015.763360,-717654.609973,6.288423e-03,211.007751,357.063551,1775.410476,0.651,0.212,3.824
3414,3.414000,712361.847591,-1430013.617659,-717651.770068,6.292355e-03,211.602452,356.336444,1775.467324,0.668,0.216,4.982
3415,3.415000,712364.319392,-1430011.633307,-717647.313916,6.298526e-03,212.232950,355.588371,1775.517852,0.632,0.183,3.759
3416,3.416000,712366.176739,-1430009.827829,-717643.651090,6.303597e-03,212.918359,354.815126,1775.528794,0.634,0.221,3.791
3417,3.417000,712367.142017,-1430008.228017,-717641.086000,6.307149e-03,213.611334,354.107273,1775.478909,0.627,0.142,3.676
3418,3.418000,712367.879891,-1430006.843309,-717638.963417,6.310088e-03,214.316117,353.362346,1775.433679,0.644,1.194,3.795
3419,3.419000,712370.203211,-1430005.673331,-717635.470119,6.314925e-03,215.004614,352.545523,1775.439919,0.636,0.160,3.700
3420,3.420000,712372.734497,-1430004.725955,-717631.991458,6.319742e-03,215.643816,351.821018,1775.426886,0.633,0.289,3.855
3421,3.421000,712375.478596,-1430004.004705,-717628.526109,6.324540e-03,216.228547,351.121379,1775.396947,0.628,0.166,3.688
3422,3.422000,712378.654235,-1430003.497737,-717624.843502,6.329640e-03,216.896287,350.481416,1775.362319,0.647,0.194,3.835
3423,3.423000,712382.395346,-1430003.197907,-717620.802561,6.335235e-03,217.544589,349.832488,1775.335515,0.650,0.206,3.991
3424,3.424000,712386.742708,-1430003.088416,-717616.345708,6.341406e-03,218.259749,349.221249,1775.287539,0.633,0.173,3.761
3425,3.425000,712391.356246,-1430003.150626,-717611.794380,6.347708e-03,218.905820,348.667057,1775.305090,0.639,0.253,3.965
3426,3.426000,712396.150497,-1430003.383539,-717607.233042,6.354024e-03,219.577479,348.032695,1775.306754,0.639,0.173,3.759
3427,3.427000,712400.079039,-1430003.781782,-717603.702744,6.358913e-03,220.274183,347.432298,1775.367600,0.633,0.207,3.780
3428,3.428000,712404.947115,-1430004.340623,-717599.393508,6.364879e-03,220.936884,346.880890,1775.407748,0.614,0.155,3.581
3429,3.429000,712409.358379,-1430005.071767,-717595.713388,6.369975e-03,221.544240,346.156292,1775.440325,0.631,0.144,3.672
3430,3.430000,712413.997052,-1430005.990109,-717591.993058,6.375127e-03,222.137142,345.430857,1775.473396,0.642,0.290,3.790
3431,3.431000,712419.337022,-1430007.117148,-717587.780126,6.380960e-03,222.712767,344.703925,1775.474585,1.213,0.208,6.769
3432,3.432000,712422.458025,-1430008.485978,-717586.027953,6.383386e-03,223.283474,344.066899,1775.449769,0.690,0.169,6.579
3433,3.433000,712425.128817,-1430010.136814,-717585.007998,6.384798e-03,223.789820,343.454391,1775.443579,0.645,0.192,6.852
3434,3.434000,712429.181364,-1430012.108078,-717582.926715,6.387680e-03,224.332677,342.881271,1775.483655,0.650,0.195,11.527
3435,3.435000,712434.030989,-1430014.431822,-717580.400834,6.391178e-03,224.892382,342.261024,1775.563677,0.644,0.269,3.686
3436,3.436000,712438.212489,-1430017.135659,-717578.923170,6.393224e-03,225.506094,341.665912,1775.624878,0.635,0.209,4.716
3437,3.437000,712443.618621,-1430020.237096,-717576.618475,6.396415e-03,226.069696,341.076626,1775.717464,2.204,0.188,3.808
3438,3.438000,712447.435090,-1430023.739019,-717576.303929,6.396851e-03,226.685562,340.462993,1775.723912,0.644,0.202,4.237
3439,3.439000,712452.157606,-1430027.648603,-717575.490996,6.397976e-03,227.271695,339.909229,1775.771865,1.152,0.398,9.754
3440,3.440000,712459.190072,-1430031.956094,-717572.766021,6.401750e-03,227.896694,339.391113,1775.850491,0.683,0.196,3.791
3441,3.441000,712467.960094,-1430036.641725,-717568.681631,6.407405e-03,228.484717,338.825854,1775.888111,0.635,0.183,3.747
3442,3.442000,712475.738881,-1430041.666296,-717565.927415,6.411219e-03,229.064887,338.276376,1775.887460,0.643,0.189,3.763
3443,3.443000,712484.049780,-1430046.981863,-717562.932083,6.415366e-03,229.686754,337.695627,1775.990090,1.573,0.178,8.628
3444,3.444000,712493.250217,-1430052.537049,-717559.286832,6.420414e-03,230.274525,337.107560,1776.016898,0.645,0.165,3.777
3445,3.445000,712502.222176,-1430058.269155,-717556.046979,6.424900e-03,230.921295,336.526040,1776.126545,0.648,0.186,4.980
3446,3.446000,712511.337403,-1430064.116825,-717552.779422,6.429424e-03,231.542082,335.900555,1776.223739,0.636,0.168,3.727
3447,3.447000,712520.685057,-1430070.026591,-717549.341533,6.434185e-03,232.149244,335.249214,1776.338748,2.009,0.168,4.478
3448,3.448000,712530.419144,-1430075.930816,-717545.511673,6.439488e-03,232.729389,334.575913,1776.448519,0.653,0.202,3.784
3449,3.449000,712539.439898,-1430081.778662,-717542.338765,6.443881e-03,233.205965,333.914706,1776.546429,1.219,0.375,57.273
3450,3.450000,712549.086492,-1430087.527477,-717538.440985,6.449278e-03,233.722022,333.234791,1776.624686,0.817,0.200,3.861
3451,3.451000,712558.448532,-1430093.147977,-717534.699445,6.454459e-03,234.282128,332.525174,1776.652750,0.614,0.173,5.797
3452,3.452000,712566.870943,-1430098.616390,-717531.745447,6.458549e-03,234.811219,331.854671,1776.687653,0.661,0.204,3.790
3453,3.453000,712576.156577,-1430103.926885,-717527.770308,6.464054e-03,235.255585,331.224001,1776.727147,0.609,0.164,3.673
3454,3.454000,712587.008796,-1430109.078449,-717522.069653,6.471947e-03,235.647272,330.534307,1776.709394,0.631,0.147,6.178
3455,3.455000,712595.163546,-1430114.086089,-717518.922543,6.476305e-03,235.995616,329.833974,1776.723764,0.632,0.152,3.665
3456,3.456000,712601.989611,-1430118.982481,-717516.992870,6.478977e-03,236.418323,329.069962,1776.723713,0.633,0.154,3.745
3457,3.457000,712610.342177,-1430123.799501,-717513.457324,6.483872e-03,236.853460,328.323311,1776.701630,0.633,0.177,5.702
3458,3.458000,712619.327849,-1430128.572879,-717509.245030,6.489705e-03,237.338324,327.620622,1776.728550,0.638,0.159,3.879
3459,3.459000,712628.186615,-1430133.352244,-717505.165629,6.495353e-03,237.889192,326.925954,1776.797877,1.317,0.355,63.664
3460,3.460000,712636.753176,-1430138.167662,-717501.414486,6.500548e-03,238.404611,326.179569,1776.826314,0.766,0.177,9.927
3461,3.461000,712646.990476,-1430143.055148,-717496.064672,6.507955e-03,238.967993,325.493268,1776.918023,0.633,0.169,61.794
3462,3.462000,712659.307603,-1430148.042475,-717488.734872,6.518105e-03,239.524737,324.714898,1777.040479,0.634,0.205,3.758
3463,3.463000,712670.891907,-1430153.158876,-717482.266970,6.527060e-03,240.132108,323.975726,1777.117633,0.604,0.174,3.598
3464,3.464000,712683.966255,-1430158.426649,-717474.460394,6.537870e-03,240.778267,323.255000,1777.231658,0.657,0.163,3.756
3465,3.465000,712698.300616,-1430163.868465,-717465.567849,6.550183e-03,241.366300,322.517519,1777.315416,0.624,0.131,5.410
3466,3.466000,712715.274268,-1430169.489763,-717454.215494,6.565902e-03,241.946617,321.791327,1777.401353,19.422,0.582,7.492
3467,3.467000,712731.867521,-1430175.292473,-717443.424953,6.580844e-03,242.515549,321.052858,1777.516927,0.645,0.190,4.254
3468,3.468000,712748.098140,-1430181.274088,-717433.175949,6.595035e-03,243.015947,320.312609,1777.699430,0.643,0.256,53.955
3469,3.469000,712763.744684,-1430187.423559,-717423.678875,6.608185e-03,243.478658,319.567956,1777.900357,0.636,0.167,3.790
3470,3.470000,712779.498364,-1430193.731652,-717414.233288,6.621264e-03,243.955854,318.818751,1778.125725,1.061,0.185,3.846
3471,3.471000,712797.376032,-1430200.181419,-717402.805387,6.637088e-03,244.438593,318.103117,1778.413906,0.603,0.131,3.519
3472,3.472000,712813.587209,-1430206.757883,-717393.170674,6.650429e-03,244.883678,317.349120,1778.670312,0.635,0.177,3.769
3473,3.473000,712829.794013,-1430213.437833,-717383.643820,6.663621e-03,245.346238,316.648640,1778.933240,0.651,0.197,3.819
3474,3.474000,712845.892273,-1430220.201532,-717374.309259,6.676546e-03,245.750105,315.978582,1779.274995,0.632,0.182,3.738
3475,3.475000,712862.635739,-1430227.030844,-717364.395105,6.690274e-03,246.094088,315.259959,1779.622175,0.636,0.177,3.752
3476,3.476000,712879.605446,-1430233.910215,-717354.304769,6.704245e-03,246.390533,314.523764,1780.028357,0.635,0.159,5.520
3477,3.477000,712896.567454,-1430240.823292,-717344.255838,6.718160e-03,246.703729,313.929077,1780.469453,1.047,0.477,5.051
3478,3.478000,712912.781437,-1430247.764455,-717334.983018,6.730999e-03,247.024915,313.316258,1780.814501,1.005,0.227,51.705
3479,3.479000,712929.950992,-1430254.735373,-717324.784381,6.745121e-03,247.350009,312.680755,1781.138465,0.701,0.193,3.811
3480,3.480000,712948.147826,-1430261.734883,-717313.587057,6.760626e-03,247.724197,311.988761,1781.477236,0.635,0.248,4.247
3481,3.481000,712966.115677,-1430268.775264,-717302.659588,6.775757e-03,248.071423,311.243039,1781.824497,0.617,0.191,3.788
3482,3.482000,712984.352830,-1430275.860879,-717291.508049,6.791198e-03,248.405271,310.480099,1782.210305,0.639,0.176,3.769
3483,3.483000,713003.761091,-1430282.991248,-717279.230156,6.808199e-03,248.705958,309.726698,1782.572703,0.626,0.573,3.617
3484,3.484000,713022.761226,-1430290.154420,-717267.393194,6.824589e-03,249.031300,308.990190,1782.929841,0.608,0.158,16.247
3485,3.485000,713040.991992,-1430297.334799,-717256.342807,6.839890e-03,249.332662,308.259581,1783.256630,0.643,0.172,3.743
3486,3.486000,713058.618354,-1430304.515774,-717245.897420,6.854353e-03,249.631131,307.623789,1783.636132,0.629,0.143,3.708
3487,3.487000,713076.678559,-1430311.678491,-717234.999932,6.869443e-03,249.911794,307.006680,1783.988305,0.629,0.163,3.696
3488,3.488000,713093.059215,-1430318.794982,-717225.735767,6.882270e-03,250.216503,306.365218,1784.333545,0.634,0.175,3.729
3489,3.489000,713108.798845,-1430325.838802,-717217.039957,6.894311e-03,250.476665,305.777445,1784.680068,0.635,0.166,3.753
3490,3.490000,713124.266416,-1430332.789224,-717208.522808,6.906105e-03,250.781289,305.215095,1785.060835,0.631,0.158,3.747
3491,3.491000,713138.670541,-1430339.633986,-717200.963445,6.916572e-03,251.117851,304.656145,1785.458613,0.626,0.150,3.656
3492,3.492000,713153.492504,-1430346.374866,-717192.882363,6.927761e-03,251.517996,304.094248,1785.888535,0.627,0.147,3.639
3493,3.493000,713166.793702,-1430353.034419,-717186.240717,6.936958e-03,251.896603,303.505981,1786.379961,0.628,0.160,3.922
3494,3.494000,713179.346004,-1430359.646642,-717180.300639,6.945183e-03,252.246263,302.890318,1786.853744,2.969,0.429,4.782
3495,3.495000,713191.604294,-1430366.253548,-717174.649254,6.953008e-03,252.584436,302.256355,1787.229728,0.632,0.182,3.868
3496,3.496000,713203.076766,-1430372.910552,-717169.833786,6.959676e-03,252.910466,301.588825,1787.614882,0.668,0.206,3.883
3497,3.497000,713214.909632,-1430379.681256,-717164.771623,6.966685e-03,253.215089,300.943046,1788.039783,0.648,0.199,3.933
3498,3.498000,713226.784872,-1430386.634424,-717159.849552,6.973501e-03,253.517279,300.289526,1788.537622,0.633,0.170,41.133
3499,3.499000,713237.429433,-1430393.835647,-717156.406215,6.978269e-03,253.834741,299.592794,1788.996699,0.645,0.212,3.850
3500,3.500000,713247.924655,-1430401.343080,-717153.418425,6.982406e-03,254.082788,298.844260,1789.455612,38.601,0.400,3.729
3501,3.501000,713256.998638,-1430409.217348,-717152.218710,6.984067e-03,254.337383,298.060831,1789.902739,0.631,0.182,3.701
3502,3.502000,713266.108272,-1430417.499714,-717151.391443,6.985212e-03,254.499301,297.306105,1790.204440,0.637,0.208,3.756
3503,3.503000,713276.159101,-1430426.211690,-717150.052589,6.987066e-03,254.657875,296.545609,1790.544256,1.335,0.543,10.383
3504,3.504000,713285.212758,-1430435.369216,-717150.156459,6.986922e-03,254.781394,295.825387,1790.952395,0.673,0.220,3.990
3505,3.505000,713295.762421,-1430444.957803,-717149.195383,6.988253e-03,254.903506,295.100840,1791.258303,0.632,0.232,3.708
3506,3.506000,713306.842085,-1430454.962850,-717148.120764,6.989741e-03,255.103756,294.377632,1791.567411,0.634,0.181,3.760
3507,3.507000,713316.954671,-1430465.370485,-717148.415814,6.989333e-03,255.274200,293.612519,1791.913727,3.770,0.740,3.797
3508,3.508000,713328.451388,-1430476.148801,-717147.697413,6.990327e-03,255.555433,292.931309,1792.196867,0.636,0.155,3.708
3509,3.509000,713339.398211,-1430487.268793,-717147.870582,6.990088e-03,255.781708,292.239960,1792.436138,0.640,0.191,3.811
3510,3.510000,713349.432446,-1430498.700678,-717149.268232,6.988152e-03,255.969808,291.569769,1792.699539,0.632,0.171,11.117
3511,3.511000,713360.934882,-1430510.412711,-717149.477828,6.987862e-03,256.159119,290.908376,1792.974472,0.664,0.151,3.855
3512,3.512000,713371.466839,-1430522.383257,-717150.916418,6.985870e-03,256.335242,290.315771,1793.259202,3.802,0.352,10.118
3513,3.513000,713384.217963,-1430534.598873,-717150.380910,6.986612e-03,256.496665,289.751142,1793.503158,0.663,0.172,3.822
3514,3.514000,713396.926351,-1430547.039915,-717150.113563,6.986982e-03,256.661566,289.259328,1793.838760,0.662,0.167,3.903
3515,3.515000,713409.009787,-1430559.690823,-717150.681036,6.986196e-03,256.782608,288.746169,1794.161244,0.669,0.194,3.905
3516,3.516000,713421.333017,-1430572.533511,-717151.200493,6.985477e-03,256.903817,288.205165,1794.495477,0.630,0.159,3.687
3517,3.517000,713434.170777,-1430585.554956,-717151.384179,6.985222e-03,256.982081,287.679461,1794.894969,0.668,0.152,3.819
3518,3.518000,713446.442019,-1430598.749250,-717152.307231,6.983944e-03,257.060100,287.168119,1795.337572,0.667,0.170,3.882
3519,3.519000,713457.836573,-1430612.109050,-717154.272477,6.981223e-03,257.114625,286.604887,1795.769005,0.666,0.163,3.891
3520,3.520000,713470.585437,-1430625.631695,-717155.046258,6.980152e-03,257.112081,286.033970,1796.225776,0.633,0.166,3.641
3521,3.521000,713483.260749,-1430639.315947,-717156.055198,6.978755e-03,257.040044,285.464753,1796.656996,0.675,0.182,3.893
3522,3.522000,713495.192508,-1430653.159532,-717157.967024,6.976107e-03,256.945114,284.921116,1797.087642,0.630,0.165,5.772
3523,3.523000,713506.151377,-1430667.164672,-717161.013296,6.971889e-03,256.835887,284.481653,1797.443874,0.665,0.171,3.828
3524,3.524000,713516.441243,-1430681.321841,-717164.880598,6.966534e-03,256.705852,284.018016,1797.855860,0.670,0.166,3.772
3525,3.525000,713528.883448,-1430695.622177,-717166.738729,6.963962e-03,256.528302,283.539312,1798.234154,0.667,0.166,3.914
3526,3.526000,713541.804707,-1430710.050637,-717168.245931,6.961875e-03,256.366942,283.054598,1798.598589,0.670,0.177,3.845
3527,3.527000,713555.193318,-1430724.581989,-717169.388671,6.960292e-03,256.166459,282.517571,1798.955648,0.671,0.167,6.610
3528,3.528000,713567.971208,-1430739.196956,-717171.225748,6.957748e-03,256.040977,282.025038,1799.276964,0.669,0.186,3.835
3529,3.529000,713581.096013,-1430753.865437,-717172.769424,6.955611e-03,255.926534,281.475946,1799.609903,0.642,0.192,3.715
3530,3.530000,713593.242581,-1430768.563230,-717175.320649,6.952078e-03,255.888047,280.943272,1799.966312,0.882,0.174,7.459
3531,3.531000,713605.164994,-1430783.260757,-717178.095763,6.948236e-03,255.837937,280.359689,1800.296464,0.634,0.185,3.706
3532,3.532000,713617.167756,-1430797.933786,-717180.766030,6.944538e-03,255.811937,279.753574,1800.591214,0.712,0.156,3.761
3533,3.533000,713628.711968,-1430812.559634,-717183.847666,6.940271e-03,255.698078,279.081353,1800.875005,0.666,0.174,3.901
3534,3.534000,713641.268975,-1430827.124107,-717185.855132,6.937492e-03,255.661612,278.386857,1801.095438,2.649,1.429,3.951
3535,3.535000,713652.195027,-1430841.615970,-717189.420943,6.932554e-03,255.625726,277.690370,1801.346064,0.667,0.167,3.869
3536,3.536000,713664.235503,-1430856.033068,-717191.797565,6.929263e-03,255.617528,276.909236,1801.595970,0.635,0.154,3.754
3537,3.537000,713675.727088,-1430870.387503,-717194.660415,6.925299e-03,255.548356,276.124571,1801.861063,0.663,0.164,3.831
3538,3.538000,713686.605990,-1430884.693089,-717198.087098,6.920554e-03,255.477528,275.324342,1802.136596,0.670,0.198,3.944
3539,3.539000,713699.082992,-1430898.958938,-717199.875946,6.918078e-03,255.391468,274.497884,1802.347823,0.947,0.224,6.575
3540,3.540000,713711.917493,-1430913.204526,-717201.287033,6.916124e-03,255.322508,273.669980,1802.545975,0.649,0.161,3.698
3541,3.541000,713723.393639,-1430927.443402,-717204.049763,6.912298e-03,255.284378,272.845721,1802.699948,0.629,1.921,3.692
3542,3.542000,713734.488750,-1430941.687484,-717207.198734,6.907938e-03,255.301325,271.938991,1802.881409,0.647,0.196,3.732
3543,3.543000,713745.488730,-1430955.944891,-717210.456162,6.903427e-03,255.263234,271.057680,1803.005162,0.672,0.178,3.910
3544,3.544000,713756.918381,-1430970.215732,-717213.297351,6.899493e-03,255.286525,270.233185,1803.149010,0.668,0.174,3.790
3545,3.545000,713769.471560,-1430984.491511,-717215.019951,6.897108e-03,255.320604,269.368386,1803.301880,0.669,0.150,3.829
3546,3.546000,713781.644530,-1430998.759421,-717217.114891,6.894207e-03,255.392033,268.566180,1803.502782,0.667,0.151,25.976
3547,3.547000,713792.986775,-1431013.008419,-717220.021644,6.890182e-03,255.464763,267.799303,1803.742084,0.634,0.172,3.686
3548,3.548000,713804.086775,-1431027.213462,-717223.126688,6.885883e-03,255.457663,267.006082,1803.996516,0.666,0.176,3.883
3549,3.549000,713814.574517,-1431041.347482,-717226.772965,6.880834e-03,255.489448,266.172558,1804.205607,0.661,0.152,3.815
3550,3.550000,713825.461346,-1431055.389887,-717229.928541,6.876465e-03,255.512303,265.328989,1804.387576,0.672,0.182,3.908
3551,3.551000,713834.729172,-1431069.327669,-717234.598497,6.869998e-03,255.506274,264.513714,1804.507942,0.667,0.179,3.889
3552,3.552000,713844.843511,-1431083.169510,-717238.325999,6.864837e-03,255.541954,263.740885,1804.608831,0.653,0.204,3.756
3553,3.553000,713853.162050,-1431096.920565,-717243.758514,6.857315e-03,255.511593,263.009589,1804.667027,0.626,0.153,20.271
3554,3.554000,713862.875728,-1431110.593115,-717247.717387,6.851833e-03,255.494853,262.293927,1804.701483,0.664,0.166,3.932
3555,3.555000,713872.731861,-1431124.206841,-717251.474980,6.846630e-03,255.402641,261.575189,1804.762655,0.669,0.172,3.948
3556,3.556000,713883.002474,-1431137.769577,-717254.767103,6.842072e-03,255.305849,260.933613,1804.814419,0.643,0.176,3.687
3557,3.557000,713894.485338,-1431151.282862,-717256.797524,6.839260e-03,255.247967,260.390116,1804.835575,0.635,0.145,3.658
3558,3.558000,713906.364753,-1431164.726892,-717258.362139,6.837094e-03,255.283371,259.844443,1804.840023,0.628,0.138,8.460
3559,3.559000,713917.611564,-1431178.075465,-717260.463901,6.834183e-03,255.278477,259.331799,1804.771227,0.665,0.159,7.459
3560,3.560000,713930.404661,-1431191.287525,-717260.882864,6.833603e-03,255.278058,258.787552,1804.633150,0.669,0.273,3.941
3561,3.561000,713942.204136,-1431204.316771,-717262.112635,6.831901e-03,255.204504,258.296241,1804.475700,0.682,0.172,3.903
3562,3.562000,713954.684212,-1431217.110456,-717262.426244,6.831466e-03,255.192955,257.790892,1804.408049,0.670,0.162,3.844
3563,3.563000,713967.282233,-1431229.606190,-717262.323957,6.831608e-03,255.221816,257.293523,1804.278236,0.683,0.253,3.972
3564,3.564000,713978.393374,-1431241.748908,-717263.355534,6.830180e-03,255.237739,256.772375,1804.200666,0.667,0.160,3.946
3565,3.565000,713988.479804,-1431253.489234,-717265.009429,6.827889e-03,255.276759,256.351287,1804.165753,0.662,0.168,3.826
3566,3.566000,713997.877651,-1431264.773446,-717266.895795,6.825277e-03,255.317715,255.868762,1804.159780,0.664,0.143,3.825
3567,3.567000,714008.284307,-1431275.547463,-717267.263156,6.824769e-03,255.346582,255.355745,1804.181504,0.672,0.165,3.910
3568,3.568000,714019.379951,-1431285.771872,-717266.391922,6.825975e-03,255.368929,254.838950,1804.171464,0.671,0.167,3.861
3569,3.569000,714030.148005,-1431295.419023,-717265.271018,6.827527e-03,255.338667,254.353491,1804.208251,1.092,0.347,11.216
3570,3.570000,714040.916853,-1431304.475210,-717263.558357,6.829899e-03,255.284568,253.872928,1804.261203,0.671,0.158,3.876
3571,3.571000,714051.478565,-1431312.946469,-717261.467903,6.832793e-03,255.262343,253.396428,1804.385955,0.640,0.166,3.734
3572,3.572000,714061.423940,-1431320.848786,-717259.424846,6.835622e-03,255.196408,252.840412,1804.563254,0.638,0.157,3.748
3573,3.573000,714070.249712,-1431328.214276,-717257.964564,6.837644e-03,255.085979,252.312655,1804.665054,0.670,0.151,3.866
3574,3.574000,714077.073444,-1431335.079148,-717258.005703,6.837587e-03,254.933798,251.674718,1804.718678,0.682,0.177,4.201
3575,3.575000,714084.228602,-1431341.480154,-717257.251552,6.838632e-03,254.851448,251.051759,1804.855749,0.729,0.166,4.956
3576,3.576000,714089.674479,-1431347.456916,-717257.782437,6.837896e-03,254.810235,250.407986,1804.955895,0.642,0.163,3.734
3577,3.577000,714096.588327,-1431353.065401,-717256.477074,6.839704e-03,254.692613,249.695229,1805.136743,0.642,0.169,3.821
3578,3.578000,714104.219385,-1431358.368386,-717254.149002,6.842928e-03,254.575398,249.043515,1805.261668,0.636,0.156,3.655
3579,3.579000,714110.159996,-1431363.413849,-717253.253853,6.844167e-03,254.540306,248.359641,1805.367020,0.668,0.187,3.752
3580,3.580000,714115.659223,-1431368.258920,-717252.599697,6.845073e-03,254.456574,247.596682,1805.491115,0.655,0.192,3.735
3581,3.581000,714121.431964,-1431372.954227,-717251.522263,6.846565e-03,254.358220,246.833099,1805.623694,0.633,0.139,3.641
3582,3.582000,714125.866625,-1431377.535147,-717251.668522,6.846362e-03,254.285488,246.118591,1805.681906,0.671,0.162,3.926
3583,3.583000,714129.122218,-1431382.023695,-717252.901478,6.844655e-03,254.223689,245.420024,1805.750471,0.639,0.168,3.693
3584,3.584000,714133.340518,-1431386.421230,-717253.080712,6.844407e-03,254.091159,244.735583,1805.844197,0.674,0.218,8.699
3585,3.585000,714137.817286,-1431390.710358,-717252.893072,6.844667e-03,254.025906,244.093940,1805.965232,0.669,0.163,3.888
3586,3.586000,714142.353678,-1431394.862888,-717252.509210,6.845198e-03,254.097559,243.477407,1806.104502,0.696,0.173,3.975
3587,3.587000,714146.937774,-1431398.840074,-717251.902300,6.846038e-03,254.189735,242.882030,1806.339011,1.164,0.502,3.869
3588,3.588000,714151.644203,-1431402.596474,-717250.952272,6.847354e-03,254.304937,242.345335,1806.568041,0.672,0.152,3.640
3589,3.589000,714156.539193,-1431406.074391,-717249.535198,6.849316e-03,254.438543,241.847734,1806.808682,0.677,0.177,3.923
3590,3.590000,714160.325391,-1431409.231550,-717248.906159,6.850187e-03,254.624487,241.394314,1807.028589,0.674,0.196,3.884
3591,3.591000,714163.615911,-1431412.021984,-717248.406072,6.850880e-03,254.791645,241.004987,1807.247016,0.650,0.162,3.709
3592,3.592000,714167.824861,-1431414.429192,-717246.604331,6.853374e-03,254.891778,240.473849,1807.488660,0.682,0.160,3.877
3593,3.593000,714171.917260,-1431416.424618,-717244.507357,6.856278e-03,255.004056,239.914288,1807.716591,0.663,0.157,3.841
3594,3.594000,714175.391277,-1431417.987860,-717242.596582,6.858924e-03,255.103836,239.372214,1807.937440,0.668,0.158,3.909
3595,3.595000,714179.379273,-1431419.103441,-717239.724168,6.862901e-03,255.163509,238.841115,1808.169033,0.637,0.156,49.975
3596,3.596000,714184.074782,-1431419.758854,-717235.684072,6.868495e-03,255.166847,238.251290,1808.396617,0.667,0.179,3.854
3597,3.597000,714186.578767,-1431419.962852,-717233.384085,6.871680e-03,255.052364,237.665834,1808.673077,0.669,0.188,3.924
3598,3.598000,714188.570515,-1431419.741056,-717231.170541,6.874745e-03,254.931575,237.075028,1808.940743,0.666,0.157,33.920
3599,3.599000,714189.260207,-1431419.127215,-717229.867008,6.876550e-03,254.822063,236.474509,1809.227046,0.639,0.181,3.728
3600,3.600000,714189.667710,-1431418.161574,-717228.493864,6.878451e-03,254.693141,235.906894,1809.533595,0.643,0.169,3.729
3601,3.601000,714188.839776,-1431416.885801,-717228.046025,6.879071e-03,254.638275,235.405773,1809.867920,0.679,0.283,3.926
3602,3.602000,714187.558926,-1431415.327224,-717227.768298,6.879456e-03,254.590576,234.901147,1810.180715,0.667,0.162,3.856
3603,3.603000,714186.207337,-1431413.502956,-717227.295619,6.880110e-03,254.586686,234.305868,1810.494819,0.664,0.161,3.884
3604,3.604000,714184.569581,-1431411.417665,-717226.848084,6.880730e-03,254.577427,233.752504,1810.783747,0.673,0.353,4.737
3605,3.605000,714181.881067,-1431409.069630,-717227.188563,6.880259e-03,254.553710,233.216288,1811.107702,0.650,0.221,4.129
3606,3.606000,714179.319728,-1431406.445395,-717227.125666,6.880346e-03,254.581321,232.713156,1811.403398,2.148,0.181,7.768
3607,3.607000,714176.296192,-1431403.529684,-717227.233491,6.880196e-03,254.605756,232.167980,1811.737226,0.661,0.172,5.587
3608,3.608000,714173.259927,-1431400.301010,-717227.041083,6.880463e-03,254.591600,231.626362,1812.123712,0.655,0.195,58.723
3609,3.609000,714170.313371,-1431396.739461,-717226.426090,6.881314e-03,254.596783,231.131754,1812.498636,0.640,0.195,3.781
3610,3.610000,714167.596062,-1431392.825531,-717225.229468,6.882971e-03,254.602196,230.652752,1812.848767,0.637,0.179,4.086
3611,3.611000,714165.542537,-1431388.530473,-717222.987936,6.886075e-03,254.617611,230.112975,1813.066580,0.640,0.243,3.714
3612,3.612000,714160.793143,-1431383.827658,-717223.034515,6.886011e-03,254.683915,229.610037,1813.338632,0.625,0.137,3.675
3613,3.613000,714154.139336,-1431378.684355,-717224.545020,6.883919e-03,254.698108,229.109713,1813.625218,6.220,0.206,3.799
3614,3.614000,714147.858333,-1431373.064149,-717225.205815,6.883004e-03,254.704948,228.490988,1813.968760,0.641,0.170,54.944
3615,3.615000,714139.827973,-1431366.938063,-717227.110091,6.880367e-03,254.722320,227.914963,1814.267640,0.633,0.186,5.548
3616,3.616000,714132.762988,-1431360.268861,-717227.505873,6.879819e-03,254.810840,227.306954,1814.531908,0.707,0.177,3.837
3617,3.617000,714125.847027,-1431353.030885,-717227.183858,6.880265e-03,254.902288,226.695632,1814.807985,0.645,0.286,3.904
3618,3.618000,714119.235213,-1431345.195292,-717225.960079,6.881960e-03,255.006983,226.114531,1815.060254,0.678,0.226,3.847
3619,3.619000,714111.591575,-1431336.751411,-717225.159836,6.883068e-03,255.173494,225.621087,1815.293836,0.669,0.263,3.742
3620,3.620000,714104.028042,-1431327.692150,-717223.664108,6.885139e-03,255.311436,224.986110,1815.628659,0.634,0.166,3.871
3621,3.621000,714095.058412,-1431318.025246,-717222.966834,6.886104e-03,255.498060,224.395248,1815.913577,0.635,0.167,3.682
3622,3.622000,714085.877586,-1431307.773075,-717221.895489,6.887588e-03,255.734972,223.803120,1816.176543,0.646,0.178,3.932
3623,3.623000,714076.159434,-1431296.961027,-717220.801593,6.889103e-03,256.030982,223.161890,1816.385424,0.640,0.325,3.713
3624,3.624000,714066.149897,-1431285.624200,-717219.474304,6.890940e-03,256.354178,222.477998,1816.617503,0.639,0.159,3.751
3625,3.625000,714056.041234,-1431273.791712,-717217.750478,6.893327e-03,256.671765,221.843051,1816.811388,0.631,0.140,3.680
3626,3.626000,714045.526203,-1431261.498181,-717215.971978,6.895790e-03,257.024497,221.153081,1817.004499,0.639,0.167,3.695
3627,3.627000,714035.993048,-1431248.771855,-717212.778807,6.900211e-03,257.413589,220.481230,1817.303701,0.652,0.203,3.774
3628,3.628000,714025.628031,-1431235.646334,-717210.018303,6.904034e-03,257.862651,219.828346,1817.667761,0.629,0.162,3.678
3629,3.629000,714014.969718,-1431222.155824,-717207.186106,6.907955e-03,258.267333,219.277399,1817.971946,0.739,0.185,3.758
3630,3.630000,714003.998269,-1431208.332452,-717204.334183,6.911904e-03,258.612139,218.703140,1818.228323,0.636,0.168,3.757
3631,3.631000,713991.677283,-1431194.211617,-717202.534333,6.914397e-03,258.965769,218.141849,1818.371876,0.638,0.169,6.058
3632,3.632000,713980.490375,-1431179.828994,-717199.338619,6.918822e-03,259.307276,217.628909,1818.501395,0.642,0.203,3.805
3633,3.633000,713968.766577,-1431165.217963,-717196.451386,6.922819e-03,259.641938,217.175635,1818.640400,0.675,0.396,4.351
3634,3.634000,713956.634613,-1431150.409531,-717193.774919,6.926525e-03,259.985613,216.684087,1818.817686,0.694,0.199,5.323
3635,3.635000,713945.886989,-1431135.428552,-717189.541564,6.932387e-03,260.316848,216.131493,1819.097388,0.640,0.178,5.122
3636,3.636000,713934.330379,-1431120.292932,-717185.962553,6.937343e-03,260.642595,215.537760,1819.378517,4.908,1.907,3.753
3637,3.637000,713922.773084,-1431105.009186,-717182.236102,6.942503e-03,260.947955,215.032314,1819.693344,0.637,0.209,3.786
3638,3.638000,713911.341447,-1431089.586515,-717178.245068,6.948029e-03,261.333796,214.487571,1819.916747,0.635,0.178,3.754
3639,3.639000,713900.098183,-1431074.014827,-717173.916644,6.954022e-03,261.688349,213.925509,1820.102737,0.637,0.151,3.675
3640,3.640000,713889.432481,-1431058.277179,-717168.844698,6.961045e-03,261.939180,213.484410,1820.317676,0.702,0.198,4.344
3641,3.641000,713876.714752,-1431042.349103,-717165.634351,6.965491e-03,262.158901,212.984474,1820.561965,2.940,1.190,18.628
3642,3.642000,713863.782311,-1431026.197656,-717162.415345,6.969948e-03,262.321343,212.467286,1820.840606,0.673,0.182,6.491
3643,3.643000,713850.061811,-1431009.791935,-717159.730124,6.973666e-03,262.506902,211.959861,1821.089800,4.544,0.717,29.172
3644,3.644000,713835.145085,-1430993.103657,-717157.958572,6.976119e-03,262.582342,211.406123,1821.352466,0.637,0.172,3.847
3645,3.645000,713821.048743,-1430976.114221,-717155.065479,6.980125e-03,262.595794,210.887711,1821.552579,0.678,0.213,4.025
3646,3.646000,713806.153196,-1430958.803047,-717152.649851,6.983470e-03,262.696838,210.363514,1821.853299,0.679,0.170,3.876
3647,3.647000,713789.815272,-1430941.156146,-717151.340874,6.985282e-03,262.796539,209.882066,1822.150661,0.666,0.149,3.881
3648,3.648000,713773.587578,-1430923.162008,-717149.574431,6.987728e-03,262.898594,209.397778,1822.453649,0.679,0.191,3.982
3649,3.649000,713759.147027,-1430904.808276,-717145.661249,6.993147e-03,263.050697,208.927406,1822.737987,0.669,0.166,3.949
3650,3.650000,713741.797176,-1430886.087674,-717144.290498,6.995045e-03,263.188891,208.556282,1823.012384,0.669,0.171,4.060
3651,3.651000,713723.117707,-1430867.002831,-717143.885124,6.995606e-03,263.443426,208.232326,1823.270677,0.665,0.158,3.891
3652,3.652000,713704.750772,-1430847.563698,-717142.812926,6.997091e-03,263.632354,207.973180,1823.506122,0.670,0.176,8.116
3653,3.653000,713686.335943,-1430827.794080,-717141.458138,6.998967e-03,263.835171,207.764659,1823.725113,0.667,0.159,3.921
3654,3.654000,713669.235956,-1430807.715769,-717138.479813,7.003091e-03,264.024928,207.475451,1823.986110,0.668,0.202,5.120
3655,3.655000,713651.466751,-1430787.366104,-717135.899353,7.006664e-03,264.208655,207.173047,1824.214950,0.644,0.181,3.877
3656,3.656000,713632.768578,-1430766.789648,-717134.021070,7.009265e-03,264.375006,206.884612,1824.505275,0.646,0.184,3.709
3657,3.657000,713615.535119,-1430746.038085,-717130.502966,7.014136e-03,264.439763,206.444378,1824.773636,0.657,0.225,3.800
3658,3.658000,713597.362043,-1430725.158887,-717127.796844,7.017883e-03,264.499853,206.075992,1824.945985,0.671,0.199,4.025
3659,3.659000,713578.829271,-1430704.204717,-717125.375446,7.021236e-03,264.584740,205.755888,1825.037923,0.639,0.168,3.806
3660,3.660000,713559.697491,-1430683.220052,-717123.522561,7.023801e-03,264.601987,205.377489,1825.101710,0.670,0.179,3.995
3661,3.661000,713541.427273,-1430662.243357,-717120.816084,7.027549e-03,264.649181,205.009745,1825.088124,0.662,0.145,4.865
3662,3.662000,713523.191984,-1430641.291425,-717118.099441,7.031311e-03,264.660562,204.629011,1825.082138,0.778,0.182,3.769
3663,3.663000,713505.967943,-1430620.377131,-717114.409188,7.036420e-03,264.715751,204.281865,1825.050693,7.605,0.504,15.867
3664,3.664000,713488.458548,-1430599.499956,-717111.041408,7.041084e-03,264.777582,204.006716,1825.064386,0.644,0.181,3.782
3665,3.665000,713469.801008,-1430578.649327,-717108.848320,7.044120e-03,264.864414,203.717332,1825.027024,0.672,0.165,3.983
3666,3.666000,713450.407500,-1430557.814452,-717107.406952,7.046116e-03,264.947196,203.349588,1824.995560,0.674,0.181,4.012
3667,3.667000,713429.575801,-1430536.990036,-717107.414235,7.046106e-03,264.977378,202.926423,1824.937499,0.646,0.190,3.784
3668,3.668000,713410.692468,-1430516.181121,-717105.488653,7.048772e-03,265.031889,202.374897,1824.818687,0.681,3.409,14.085
3669,3.669000,713391.287885,-1430495.397740,-717104.109854,7.050682e-03,265.030262,201.834785,1824.695979,0.637,0.178,3.779
3670,3.670000,713371.223759,-1430474.662345,-717103.438585,7.051611e-03,265.056533,201.326681,1824.685962,0.672,0.336,7.814
3671,3.671000,713351.153141,-1430453.998425,-717102.845284,7.052433e-03,265.120992,200.850883,1824.697390,0.692,0.200,3.905
3672,3.672000,713330.749176,-1430433.434532,-717102.685356,7.052654e-03,265.184039,200.368752,1824.688795,0.641,0.188,4.099
3673,3.673000,713311.532999,-1430412.991033,-717101.458034,7.054353e-03,265.188950,199.914723,1824.679706,0.673,0.201,4.022
3674,3.674000,713291.143718,-1430392.686412,-717101.542694,7.054236e-03,265.240092,199.440853,1824.689933,0.669,0.167,13.778
3675,3.675000,713270.930666,-1430372.528295,-717101.597629,7.054160e-03,265.422167,198.996038,1824.565751,0.678,0.190,9.581
3676,3.676000,713250.227055,-1430352.511012,-717102.283957,7.053210e-03,265.620425,198.549289,1824.428468,0.671,0.214,4.054
3677,3.677000,713228.799161,-1430332.633757,-717103.834596,7.051063e-03,265.796429,198.076759,1824.284881,0.680,0.200,4.034
3678,3.678000,713208.994464,-1430312.876002,-717103.881538,7.050998e-03,266.015654,197.670213,1824.147690,0.679,0.204,3.837
3679,3.679000,713187.772768,-1430293.227301,-717105.454533,7.048820e-03,266.256289,197.207734,1824.035164,0.670,0.163,3.966
3680,3.680000,713168.548147,-1430273.675294,-717105.127147,7.049273e-03,266.545913,196.728578,1823.909251,0.680,0.197,4.180
3681,3.681000,713150.623591,-1430254.213648,-717103.590057,7.051401e-03,266.791702,196.266665,1823.787745,0.637,0.161,3.738
3682,3.682000,713132.797381,-1430234.830166,-717102.032785,7.053558e-03,267.019577,195.702369,1823.659922,0.669,0.161,3.952
3683,3.683000,713115.830812,-1430215.521535,-717099.690723,7.056801e-03,267.159540,195.197847,1823.494130,0.674,0.188,4.008
3684,3.684000,713098.731809,-1430196.283611,-717097.551802,7.059762e-03,267.240094,194.655368,1823.359786,1.101,0.176,3.816
3685,3.685000,713084.498205,-1430177.123329,-717092.625124,7.066584e-03,267.393458,194.121666,1823.247208,3.622,0.707,7.713
3686,3.686000,713072.843191,-1430158.059834,-717085.216643,7.076842e-03,267.544845,193.549027,1823.209006,0.673,0.203,3.974
3687,3.687000,713061.744728,-1430139.109985,-717077.365257,7.087714e-03,267.789065,192.952697,1823.108571,0.671,0.174,3.830
3688,3.688000,713051.288977,-1430120.285951,-717068.996973,7.099301e-03,268.110119,192.345780,1822.984155,0.668,0.176,3.966
3689,3.689000,713040.709122,-1430101.607590,-717060.898469,7.110515e-03,268.490561,191.786093,1822.907330,0.669,0.169,4.025
3690,3.690000,713030.007042,-1430083.090729,-717053.083687,7.121336e-03,268.855529,191.170573,1822.845024,0.630,0.144,3.696
3691,3.691000,713019.076025,-1430064.742263,-717045.666238,7.131606e-03,269.213931,190.504783,1822.744169,0.675,0.212,4.009
3692,3.692000,713009.783653,-1430046.574862,-717036.791209,7.143895e-03,269.578393,189.812399,1822.685591,0.665,0.165,3.926
3693,3.693000,712999.744844,-1430028.584069,-717028.839225,7.154906e-03,269.900271,188.983040,1822.647675,0.667,0.156,3.711
3694,3.694000,712989.973279,-1430010.771786,-717020.798507,7.166040e-03,270.184949,188.242198,1822.623793,4.552,3.578,21.571
3695,3.695000,712978.153968,-1429993.130384,-717014.976416,7.174102e-03,270.378573,187.531718,1822.588095,0.665,0.166,3.963
3696,3.696000,712967.568596,-1429975.660126,-717008.091530,7.183635e-03,270.574503,186.828916,1822.545923,0.663,0.156,3.911
3697,3.697000,712956.006106,-1429958.360304,-717002.354198,7.191579e-03,270.750736,186.052334,1822.462853,0.660,0.145,8.721
3698,3.698000,712946.976791,-1429941.224626,-716994.247835,7.202804e-03,270.975379,185.283044,1822.330605,0.821,0.169,4.686
3699,3.699000,712938.520147,-1429924.268879,-716985.748732,7.214572e-03,271.145487,184.536304,1822.160092,0.666,0.173,3.966
3700,3.700000,712929.190237,-1429907.512795,-716978.322558,7.224855e-03,271.336272,183.807339,1821.963820,0.664,0.281,3.987
3701,3.701000,712919.782698,-1429890.983492,-716971.200794,7.234716e-03,271.603550,183.022708,1821.834634,0.658,0.166,3.902
3702,3.702000,712909.787918,-1429874.706476,-716964.918558,7.243415e-03,271.881030,182.198844,1821.655671,0.661,0.156,3.963
3703,3.703000,712899.311227,-1429858.706866,-716959.395639,7.251062e-03,272.181588,181.398666,1821.407390,0.662,0.172,4.109
3704,3.704000,712888.966321,-1429842.994233,-716954.027912,7.258495e-03,272.488168,180.687195,1821.160806,0.674,0.193,3.942
3705,3.705000,712877.847365,-1429827.578072,-716949.730707,7.264445e-03,272.741579,179.988337,1820.835489,0.636,0.164,3.739
3706,3.706000,712867.310955,-1429812.461201,-716945.150245,7.270787e-03,272.948477,179.295830,1820.488953,0.662,0.181,3.944
3707,3.707000,712856.998414,-1429797.636097,-716940.637683,7.277036e-03,273.095784,178.627573,1820.103977,0.666,0.162,4.413
3708,3.708000,712844.317027,-1429783.088393,-716938.771366,7.279620e-03,273.137362,177.974339,1819.716876,0.667,0.174,3.950
3709,3.709000,712832.400992,-1429768.802923,-716936.401932,7.282901e-03,273.222403,177.421512,1819.401006,0.669,0.169,5.111
3710,3.710000,712820.526627,-1429754.758548,-716934.231921,7.285906e-03,273.299147,176.930957,1819.135190,0.674,0.290,4.031
3711,3.711000,712810.271813,-1429740.945661,-716930.673849,7.290832e-03,273.331711,176.381069,1818.868529,0.669,0.163,3.990
3712,3.712000,712799.610433,-1429727.345397,-716927.734964,7.294902e-03,273.444027,175.881306,1818.518258,0.668,0.171,4.004
3713,3.713000,712789.898787,-1429713.939598,-716924.040811,7.300017e-03,273.616724,175.376746,1818.189338,0.664,0.184,3.956
3714,3.714000,712778.967815,-1429700.717705,-716921.749889,7.303189e-03,273.739615,174.801218,1817.859238,0.665,0.159,5.301
3715,3.715000,712768.049259,-1429687.668253,-716919.618995,7.306140e-03,273.979431,174.200544,1817.507486,0.668,0.161,4.384
3716,3.716000,712757.948675,-1429674.774975,-716916.826300,7.310007e-03,274.280285,173.533223,1817.157238,0.665,0.168,3.936
3717,3.717000,712749.642794,-1429662.016778,-716912.373984,7.316172e-03,274.522476,172.898408,1816.782748,0.682,0.189,4.002
3718,3.718000,712740.801915,-1429649.367811,-716908.565896,7.321445e-03,274.741493,172.280551,1816.513172,0.672,0.171,3.993
3719,3.719000,712730.868327,-1429636.797187,-716905.928860,7.325096e-03,274.893853,171.548990,1816.296423,0.668,0.170,4.003
3720,3.720000,712720.017437,-1429624.269451,-716904.252013,7.327418e-03,275.061859,170.891581,1816.094570,0.719,0.183,3.957
3721,3.721000,712710.446788,-1429611.740222,-716901.293433,7.331514e-03,275.261486,170.151169,1815.833870,10.100,0.619,19.162
3722,3.722000,712701.580761,-1429599.171775,-716897.591014,7.336641e-03,275.403922,169.479865,1815.618061,0.680,0.214,4.011
3723,3.723000,712693.382280,-1429586.514658,-716893.132377,7.342815e-03,275.639326,168.768532,1815.364626,0.674,0.180,8.753
3724,3.724000,712683.054578,-1429573.727914,-716890.673335,7.346220e-03,275.824060,167.991726,1815.092243,0.668,0.158,35.887
3725,3.725000,712673.328845,-1429560.769948,-716887.441103,7.350695e-03,276.023306,167.216080,1814.749835,0.669,0.167,4.008
3726,3.726000,712661.776526,-1429547.607552,-716885.831026,7.352925e-03,276.093483,166.419951,1814.414354,0.653,0.190,3.828
3727,3.727000,712650.281512,-1429534.205640,-716883.924128,7.355565e-03,276.120664,165.598108,1814.082418,0.636,0.219,3.775
3728,3.728000,712637.730901,-1429520.533034,-716882.802133,7.357119e-03,276.133457,164.738380,1813.699995,0.675,0.164,4.039
3729,3.729000,712623.059765,-1429506.571160,-716883.511395,7.356137e-03,276.162246,163.820186,1813.311087,1.695,0.197,3.987
3730,3.730000,712609.141819,-1429492.315111,-716883.173292,7.356605e-03,276.199053,162.869491,1812.921984,0.680,0.185,3.864
3731,3.731000,712594.542339,-1429477.762547,-716883.220208,7.356540e-03,276.172990,161.982153,1812.441070,0.633,0.142,3.873
3732,3.732000,712582.119929,-1429462.923708,-716880.803779,7.359886e-03,276.225698,161.068703,1811.891002,0.675,0.443,13.355
3733,3.733000,712569.604607,-1429447.816372,-716878.211765,7.363475e-03,276.282890,160.161401,1811.365518,0.673,0.180,4.312
3734,3.734000,712557.379068,-1429432.471383,-716875.092314,7.367794e-03,276.381772,159.210943,1810.914740,0.657,0.204,4.054
3735,3.735000,712545.603816,-1429416.931382,-716871.327566,7.373007e-03,276.513146,158.290026,1810.422668,0.681,0.169,4.040
3736,3.736000,712533.365682,-1429401.239528,-716867.873846,7.377789e-03,276.586225,157.352989,1809.953995,0.694,0.210,4.246
3737,3.737000,712520.721669,-1429385.449718,-716864.728049,7.382145e-03,276.713734,156.451442,1809.534095,0.639,0.159,3.749
3738,3.738000,712508.446478,-1429369.622489,-716861.176011,7.387064e-03,276.806518,155.579835,1809.060123,0.642,0.205,3.791
3739,3.739000,712495.701086,-1429353.817620,-716858.116534,7.391300e-03,276.911205,154.731042,1808.610386,0.636,0.163,3.839
3740,3.740000,712484.774926,-1429338.089755,-716853.314829,7.397949e-03,276.986503,153.855262,1808.166344,0.676,0.203,4.052
3741,3.741000,712474.141564,-1429322.496547,-716848.354983,7.404816e-03,277.058483,152.970677,1807.763720,0.663,0.152,4.075
3742,3.742000,712463.408402,-1429307.090154,-716843.681752,7.411287e-03,277.168024,152.157720,1807.268257,0.668,0.200,4.051
3743,3.743000,712453.096111,-1429291.918080,-716838.821969,7.418017e-03,277.230565,151.367323,1806.808248,0.846,0.161,5.982
3744,3.744000,712444.374507,-1429277.010659,-716832.636152,7.426582e-03,277.315210,150.527205,1806.343938,0.669,0.173,4.015
3745,3.745000,712437.439239,-1429262.386871,-716824.947632,7.437228e-03,277.329273,149.751158,1805.922627,0.691,0.166,4.314
3746,3.746000,712431.505754,-1429248.055583,-716816.549828,7.448856e-03,277.322025,148.937419,1805.564563,0.668,0.198,15.197
3747,3.747000,712426.303750,-1429234.014301,-716807.710551,7.461095e-03,277.337600,148.060424,1805.154379,0.669,0.170,17.893
3748,3.748000,712420.588098,-1429220.240815,-716799.652718,7.472253e-03,277.316334,147.191028,1804.716505,2.509,0.413,4.696
3749,3.749000,712415.153029,-1429206.708092,-716791.555063,7.483465e-03,277.245793,146.347348,1804.319284,1.183,4.178,5.873
3750,3.750000,712407.912861,-1429193.389664,-716785.476803,7.491882e-03,277.198126,145.535176,1803.840237,0.677,0.182,4.046
3751,3.751000,712399.541077,-1429180.249607,-716780.708529,7.498484e-03,277.094845,144.649031,1803.348883,0.667,0.160,3.987
3752,3.752000,712390.774696,-1429167.250627,-716776.475931,7.504345e-03,276.978360,143.769091,1802.883783,0.667,0.177,4.010
3753,3.753000,712382.243395,-1429154.356805,-716772.113409,7.510386e-03,276.914860,142.948648,1802.473705,0.674,0.189,3.999
3754,3.754000,712372.490212,-1429141.518000,-716769.027787,7.514658e-03,276.819329,142.162015,1802.122591,0.689,0.212,7.321
3755,3.755000,712363.223071,-1429128.700598,-716765.477527,7.519574e-03,276.698429,141.366363,1801.839460,1.044,0.173,4.461
3756,3.756000,712353.369014,-1429115.872092,-716762.503078,7.523693e-03,276.561954,140.549530,1801.526920,1.182,0.240,7.163
3757,3.757000,712342.329847,-1429103.023864,-716760.694016,7.526198e-03,276.405250,139.765326,1801.146769,0.676,0.167,3.967
3758,3.758000,712331.515894,-1429090.144749,-716758.628855,7.529057e-03,276.236616,138.981411,1800.805071,0.666,0.141,3.903
3759,3.759000,712320.079353,-1429077.231224,-716757.151871,7.531102e-03,276.065270,138.154750,1800.477060,0.672,0.179,4.017
3760,3.760000,712306.490379,-1429064.291442,-716757.801064,7.530203e-03,275.890820,137.360102,1800.150578,0.673,0.167,3.991
3761,3.761000,712295.354601,-1429051.338548,-716755.983947,7.532719e-03,275.607414,136.609302,1799.854938,0.673,0.171,9.307
3762,3.762000,712284.189837,-1429038.377368,-716754.187531,7.535207e-03,275.318243,135.884704,1799.589794,0.632,0.167,3.822
3763,3.763000,712272.602768,-1429025.413571,-716752.810803,7.537113e-03,275.035596,135.166038,1799.337923,0.641,0.171,4.147
3764,3.764000,712263.642944,-1429012.444100,-716748.801156,7.542665e-03,274.717877,134.453635,1799.093336,0.676,0.183,4.142
3765,3.765000,712252.885038,-1428999.464948,-716746.579910,7.545741e-03,274.397521,133.687813,1798.763644,0.670,0.177,4.017
3766,3.766000,712241.977940,-1428986.467191,-716744.489251,7.548636e-03,274.082510,132.945707,1798.491613,0.684,0.173,4.575
3767,3.767000,712232.003744,-1428973.454280,-716741.450536,7.552843e-03,273.625617,132.174809,1798.164118,0.737,0.181,3.986
3768,3.768000,712220.973114,-1428960.424959,-716739.451844,7.555611e-03,273.278638,131.323411,1797.934679,0.676,0.188,4.040
3769,3.769000,712208.807874,-1428947.376259,-716738.568385,7.556834e-03,272.968097,130.494182,1797.715332,0.684,0.164,3.814
3770,3.770000,712196.397775,-1428934.303717,-716737.905942,7.557751e-03,272.743623,129.611926,1797.483257,0.635,0.158,3.758
3771,3.771000,712185.130329,-1428921.195705,-716736.065375,7.560300e-03,272.434929,128.721977,1797.276494,0.677,0.168,3.974
3772,3.772000,712173.994322,-1428908.039386,-716734.045064,7.563097e-03,272.094917,127.890661,1797.060685,1.170,0.263,7.129
3773,3.773000,712161.748835,-1428894.823599,-716733.074764,7.564441e-03,271.795292,127.077922,1796.951022,0.677,0.188,4.013
3774,3.774000,712149.342350,-1428881.526615,-716732.184265,7.565674e-03,271.550714,126.333062,1796.866616,0.684,0.279,12.536
3775,3.775000,712136.359178,-1428868.120014,-716731.760836,7.566260e-03,271.193745,125.670840,1796.751785,0.670,0.177,4.206
3776,3.776000,712124.257335,-1428854.571267,-716730.313932,7.568264e-03,270.793925,124.888268,1796.679901,0.638,0.201,3.813
3777,3.777000,712111.727719,-1428840.842227,-716729.114507,7.569925e-03,270.355646,124.155856,1796.533605,0.637,0.161,3.753
3778,3.778000,712099.550209,-1428826.902796,-716727.352587,7.572364e-03,269.901888,123.382225,1796.400280,0.680,0.187,4.018
3779,3.779000,712086.547484,-1428812.719667,-716726.172183,7.573999e-03,269.446896,122.491899,1796.376063,0.663,0.155,3.913
3780,3.780000,712072.050146,-1428798.270892,-716726.220746,7.573932e-03,268.948592,121.560662,1796.363123,0.667,0.161,4.048
3781,3.781000,712056.221843,-1428783.547749,-716727.325906,7.572401e-03,268.469286,120.613592,1796.407669,0.666,0.165,3.985
3782,3.782000,712039.407642,-1428768.555200,-716729.147559,7.569879e-03,267.993960,119.740266,1796.449379,0.675,0.201,4.018
3783,3.783000,712021.368440,-1428753.302020,-716731.933580,7.566021e-03,267.627590,118.900440,1796.516786,0.668,0.156,4.015
3784,3.784000,712003.679932,-1428737.802364,-716734.122432,7.562990e-03,267.252785,118.045623,1796.594982,0.636,0.147,3.795
3785,3.785000,711986.720839,-1428722.071991,-716735.351152,7.561289e-03,266.861987,117.134185,1796.681319,0.638,0.188,3.888
3786,3.786000,711968.297535,-1428706.125603,-716737.828069,7.557859e-03,266.384661,116.301733,1796.764796,0.735,0.207,3.997
3787,3.787000,711949.891918,-1428689.979744,-716740.087826,7.554730e-03,265.879776,115.503774,1796.902998,0.638,0.210,3.849
3788,3.788000,711931.114075,-1428673.655933,-716742.541857,7.551332e-03,265.327701,114.712478,1796.967486,0.638,0.196,3.836
3789,3.789000,711913.622432,-1428657.163835,-716743.541402,7.549948e-03,264.798971,113.849289,1797.031357,0.652,0.235,5.191
3790,3.790000,711896.403139,-1428640.514072,-716744.110933,7.549160e-03,264.359652,113.016479,1797.082381,0.646,0.184,3.863
3791,3.791000,711879.248235,-1428623.711898,-716744.463663,7.548671e-03,263.933050,112.133862,1797.128196,0.637,0.184,5.815
3792,3.792000,711861.979744,-1428606.757688,-716744.777944,7.548236e-03,263.473774,111.258433,1797.102972,0.745,0.200,5.683
3793,3.793000,711845.159401,-1428589.662569,-716744.503167,7.548617e-03,262.988727,110.332955,1797.139365,0.755,0.177,45.143
3794,3.794000,711826.941205,-1428572.429030,-716745.487824,7.547253e-03,262.501360,109.474767,1797.215025,0.629,0.157,3.835
3795,3.795000,711809.162246,-1428555.072110,-716745.909864,7.546669e-03,261.940355,108.590903,1797.249534,0.663,0.172,13.202
3796,3.796000,711789.755194,-1428537.618274,-716747.863080,7.543964e-03,261.374155,107.701429,1797.190905,0.665,0.199,5.208
3797,3.797000,711769.876354,-1428520.100667,-716750.224313,7.540695e-03,260.885753,106.763872,1797.243428,0.667,0.165,3.942
3798,3.798000,711749.248733,-1428502.552357,-716753.303624,7.536431e-03,260.366716,105.796725,1797.249100,0.935,0.188,4.456
3799,3.799000,711727.743323,-1428485.020633,-716757.277309,7.530929e-03,259.812620,104.921153,1797.228946,0.730,0.204,29.181
3800,3.800000,711707.099202,-1428467.549268,-716760.450067,7.526535e-03,259.415571,104.072402,1797.165079,0.642,0.221,5.369
3801,3.801000,711686.263131,-1428450.179807,-716763.916675,7.521735e-03,258.955426,103.282885,1797.086182,0.634,0.175,4.715
3802,3.802000,711665.474019,-1428432.954407,-716767.480388,7.516801e-03,258.549088,102.540834,1797.023164,0.669,0.160,4.040
3803,3.803000,711644.968477,-1428415.897417,-716770.928940,7.512026e-03,258.148119,101.817068,1797.047621,0.667,0.164,3.963
3804,3.804000,711624.606334,-1428399.030851,-716774.424517,7.507185e-03,257.711422,101.113282,1796.966017,0.669,0.163,4.200
3805,3.805000,711604.501996,-1428382.376173,-716777.874178,7.502409e-03,257.288287,100.376333,1796.880136,0.686,0.184,4.028
3806,3.806000,711583.334207,-1428365.942791,-716782.608584,7.495853e-03,256.909572,99.583568,1796.800107,0.677,0.168,4.012
3807,3.807000,711563.448694,-1428349.730003,-716786.281309,7.490768e-03,256.597387,98.723072,1796.677468,0.674,0.164,3.939
3808,3.808000,711544.522771,-1428333.720999,-716789.198227,7.486729e-03,256.253105,97.868521,1796.442754,0.665,0.150,3.907
3809,3.809000,711527.048831,-1428317.893142,-716790.844311,7.484450e-03,255.976249,97.123876,1796.167639,2.563,2.574,8.838
3810,3.810000,711509.283355,-1428302.205390,-716792.922035,7.481573e-03,255.664504,96.318303,1795.931900,0.635,0.189,3.752
3811,3.811000,711491.018475,-1428286.618805,-716795.600330,7.477864e-03,255.356062,95.474463,1795.674842,2.007,0.187,4.062
3812,3.812000,711472.197682,-1428271.084526,-716798.886844,7.473313e-03,254.964088,94.669236,1795.546746,0.688,0.187,5.093
3813,3.813000,711454.011293,-1428255.558894,-716801.547601,7.469629e-03,254.563069,93.923658,1795.442838,0.673,0.229,6.693
3814,3.814000,711435.869960,-1428239.993487,-716804.123527,7.466062e-03,254.102062,93.186023,1795.385859,0.671,0.182,4.174
3815,3.815000,711417.699597,-1428224.344824,-716806.645227,7.462571e-03,253.625926,92.404884,1795.378971,0.661,0.150,3.922
3816,3.816000,711400.881460,-1428208.570777,-716807.689317,7.461125e-03,253.205516,91.650287,1795.336481,0.659,0.156,3.929
3817,3.817000,711385.393257,-1428192.637093,-716807.243836,7.461742e-03,252.786646,90.900354,1795.287006,0.673,0.208,4.046
3818,3.818000,711369.458339,-1428176.518227,-716807.059889,7.461996e-03,252.301140,90.032497,1795.193110,0.661,0.147,3.932
3819,3.819000,711354.161964,-1428160.193760,-716806.031796,7.463420e-03,251.830988,89.122272,1795.082893,2.278,0.166,4.031
3820,3.820000,711339.509222,-1428143.649374,-716804.140152,7.466039e-03,251.375985,88.134518,1794.913900,0.675,0.185,3.970
3821,3.821000,711323.039058,-1428126.869888,-716803.830830,7.466468e-03,250.962708,87.142081,1794.697978,0.661,0.147,3.924
3822,3.822000,711307.917836,-1428109.834766,-716801.916931,7.469118e-03,250.554741,86.134046,1794.429291,0.684,0.200,4.036
3823,3.823000,711293.365714,-1428092.514300,-716799.148586,7.472951e-03,250.229245,85.142191,1794.233803,2.035,0.879,4.207
3824,3.824000,711277.375103,-1428074.877774,-716797.502671,7.475230e-03,249.937768,84.175029,1794.060606,0.672,0.170,4.022
3825,3.825000,711261.191347,-1428056.897950,-716795.706603,7.477717e-03,249.728547,83.174982,1793.898675,0.669,0.163,3.968
3826,3.826000,711242.563356,-1428038.553190,-716795.989834,7.477325e-03,249.513887,82.189901,1793.758287,0.661,0.143,3.908
3827,3.827000,711224.436240,-1428019.826872,-716795.390633,7.478154e-03,249.306497,81.239736,1793.651334,0.679,0.190,3.989
3828,3.828000,711206.304511,-1428000.705736,-716794.401224,7.479524e-03,249.033746,80.264023,1793.610475,0.667,0.165,4.012
3829,3.829000,711188.652191,-1427981.187004,-716792.534813,7.482109e-03,248.749959,79.336539,1793.622724,0.669,0.168,3.911
3830,3.830000,711170.510600,-1427961.283587,-716790.772987,7.484548e-03,248.509774,78.412477,1793.621043,0.669,0.173,5.291
3831,3.831000,711151.189572,-1427941.010136,-716789.820564,7.485867e-03,248.340215,77.484938,1793.669058,0.684,0.239,5.176
3832,3.832000,711133.001565,-1427920.393891,-716787.392327,7.489229e-03,248.212866,76.541127,1793.720445,1.012,0.150,3.906
3833,3.833000,711113.096349,-1427899.479497,-716786.383148,7.490627e-03,248.122384,75.608215,1793.864396,0.802,0.165,4.026
3834,3.834000,711093.002129,-1427878.315655,-716785.313526,7.492108e-03,248.013278,74.748852,1793.832924,0.631,0.151,3.722
3835,3.835000,711072.393900,-1427856.945676,-716784.551776,7.493163e-03,247.946635,73.925022,1793.734537,0.639,0.175,3.860
3836,3.836000,711052.611018,-1427835.424396,-716782.813379,7.495570e-03,247.914149,73.070016,1793.700915,0.660,0.175,3.925
3837,3.837000,711032.044698,-1427813.806200,-716781.761503,7.497026e-03,247.865141,72.285941,1793.707701,0.666,0.173,3.955
3838,3.838000,711012.304054,-1427792.147468,-716779.843414,7.499682e-03,247.820457,71.537104,1793.679993,0.681,0.207,3.985
3839,3.839000,710990.910557,-1427770.499974,-716779.589416,7.500034e-03,247.633366,70.865290,1793.713559,0.645,0.185,5.238
3840,3.840000,710970.414878,-1427748.892843,-716778.477965,7.501573e-03,247.480873,70.152238,1793.810774,0.669,0.180,4.004
3841,3.841000,710951.378312,-1427727.360289,-716775.981977,7.505029e-03,247.315771,69.428966,1793.798578,0.667,0.184,3.909
3842,3.842000,710933.197791,-1427705.927185,-716772.729394,7.509533e-03,247.202387,68.698592,1793.725334,0.674,0.205,4.026
3843,3.843000,710915.213128,-1427684.596611,-716769.383483,7.514166e-03,247.074897,67.864428,1793.664501,0.669,0.163,3.885
3844,3.844000,710896.845672,-1427663.384645,-716766.538973,7.518104e-03,246.933861,67.052653,1793.676182,0.672,0.193,3.996
3845,3.845000,710878.840170,-1427642.298853,-716763.458683,7.522369e-03,246.826677,66.285273,1793.646110,0.668,0.156,3.905
3846,3.846000,710860.109641,-1427621.352133,-716761.242492,7.525438e-03,246.669855,65.526171,1793.579379,0.668,0.157,3.907
3847,3.847000,710841.915933,-1427600.565984,-716758.650051,7.529028e-03,246.514877,64.747859,1793.506528,0.669,0.169,48.498
3848,3.848000,710823.575473,-1427579.951792,-716756.376319,7.532176e-03,246.457879,63.941357,1793.428648,0.690,0.188,3.908
3849,3.849000,710805.759888,-1427559.521845,-716753.761957,7.535796e-03,246.445945,63.168553,1793.255086,0.633,0.213,3.870
3850,3.850000,710787.866060,-1427539.289769,-716751.423709,7.539034e-03,246.465485,62.463095,1792.993945,0.640,0.176,3.793
3851,3.851000,710770.538325,-1427519.263737,-716748.725413,7.542770e-03,246.501981,61.759556,1792.764789,0.850,0.182,3.796
3852,3.852000,710753.336038,-1427499.433203,-716746.097165,7.546409e-03,246.635540,61.146950,1792.566113,0.629,0.149,3.718
3853,3.853000,710734.993648,-1427479.773633,-716744.779985,7.548233e-03,246.748234,60.520760,1792.280873,3.172,0.178,3.790
3854,3.854000,710715.047822,-1427460.266480,-716745.218657,7.547626e-03,246.822998,59.866232,1792.011187,0.673,0.164,3.946
3855,3.855000,710695.360621,-1427440.886191,-716745.525570,7.547201e-03,246.904494,59.252239,1791.821654,0.678,0.205,4.465
3856,3.856000,710675.692556,-1427421.598820,-716745.906264,7.546674e-03,246.996249,58.698318,1791.647770,0.665,0.160,3.959
3857,3.857000,710655.702135,-1427402.376657,-716746.674521,7.545610e-03,247.142753,58.104987,1791.483555,0.660,0.163,3.939
3858,3.858000,710636.759492,-1427383.196507,-716746.437015,7.545939e-03,247.272985,57.497523,1791.316637,0.682,0.159,3.903
3859,3.859000,710617.686401,-1427364.026184,-716746.339783,7.546073e-03,247.336739,56.958521,1791.161058,0.667,0.162,3.962
3860,3.860000,710599.695635,-1427344.840992,-716745.145358,7.547727e-03,247.416559,56.434216,1790.959303,0.698,0.179,4.591
3861,3.861000,710581.910078,-1427325.621816,-716743.711737,7.549712e-03,247.506520,56.009276,1790.719624,0.678,0.190,3.993
3862,3.862000,710564.838588,-1427306.338303,-716741.499715,7.552775e-03,247.558426,55.568728,1790.455382,1.190,0.215,5.083
3863,3.863000,710548.547632,-1427286.974078,-716738.426446,7.557031e-03,247.671237,55.056249,1790.331700,13.060,1.294,33.909
3864,3.864000,710532.674134,-1427267.514630,-716734.840496,7.561996e-03,247.792486,54.558280,1790.276063,0.961,0.573,4.213
3865,3.865000,710515.135326,-1427247.940197,-716732.804871,7.564815e-03,247.803245,54.171429,1790.159418,0.687,0.209,4.011
3866,3.866000,710498.072275,-1427228.235299,-716730.163024,7.568473e-03,247.732778,53.714315,1790.118845,0.687,0.174,3.995
3867,3.867000,710480.557032,-1427208.395230,-716727.838198,7.571692e-03,247.616201,53.245437,1790.062233,0.671,0.203,3.965
3868,3.868000,710463.004525,-1427188.422287,-716725.417763,7.575043e-03,247.499097,52.755777,1790.057702,0.640,0.175,6.288
3869,3.869000,710445.112858,-1427168.317961,-716723.205103,7.578107e-03,247.260262,52.141265,1790.041140,0.669,0.168,3.886
3870,3.870000,710428.336592,-1427148.087551,-716719.750960,7.582890e-03,246.966687,51.578710,1789.990275,0.665,0.171,3.872
3871,3.871000,710411.882756,-1427127.750571,-716715.867815,7.588267e-03,246.677712,51.121125,1789.861363,3.919,0.445,7.055
3872,3.872000,710396.606730,-1427107.320303,-716710.713573,7.595404e-03,246.456306,50.665055,1789.739720,0.667,0.184,4.581
3873,3.873000,710380.248424,-1427086.793378,-716706.544954,7.601176e-03,246.271097,50.188304,1789.665456,0.630,0.162,3.693
3874,3.874000,710363.216530,-1427066.168756,-716702.952226,7.606151e-03,246.015170,49.768710,1789.618420,0.666,0.159,4.113
3875,3.875000,710346.335163,-1427045.442059,-716699.106896,7.611475e-03,245.807047,49.416037,1789.511608,0.635,0.164,6.116
3876,3.876000,710328.830652,-1427024.612020,-716695.781369,7.616080e-03,245.556923,49.110464,1789.460999,0.672,0.167,3.941
3877,3.877000,710309.708333,-1427003.679636,-716693.971303,7.618586e-03,245.313303,48.770753,1789.443652,0.671,0.184,3.942
3878,3.878000,710288.263986,-1426982.633255,-716694.369269,7.618035e-03,245.136682,48.421890,1789.374154,0.666,0.182,3.886
3879,3.879000,710266.725657,-1426961.481626,-716694.755970,7.617500e-03,244.985273,48.013362,1789.277816,0.694,0.207,4.040
3880,3.880000,710245.254556,-1426940.235646,-716694.981090,7.617188e-03,244.770733,47.553037,1789.099860,0.672,0.181,3.977
3881,3.881000,710224.173718,-1426918.915168,-716694.741449,7.617520e-03,244.547233,47.033561,1788.960156,0.670,0.178,3.953
3882,3.882000,710202.858132,-1426897.550799,-716694.692667,7.617587e-03,244.345337,46.572267,1788.769786,0.664,0.152,3.911
3883,3.883000,710179.675949,-1426876.174805,-716696.498855,7.615086e-03,244.118818,46.097403,1788.576011,8.632,2.051,4.405
3884,3.884000,710157.684242,-1426854.813117,-716697.128876,7.614214e-03,243.820124,45.627634,1788.367989,0.671,0.172,3.993
3885,3.885000,710134.116432,-1426833.489545,-716699.373114,7.611107e-03,243.508053,45.087362,1788.218396,0.663,0.175,4.043
3886,3.886000,710109.754662,-1426812.221656,-716702.466993,7.606823e-03,243.256006,44.567051,1788.068948,0.682,0.200,3.818
3887,3.887000,710086.210357,-1426791.013368,-716704.803011,7.603588e-03,243.104232,44.093351,1787.999931,0.630,0.183,3.738
3888,3.888000,710061.580628,-1426769.833865,-716708.253237,7.598811e-03,242.946619,43.547293,1787.924517,0.666,0.197,4.099
3889,3.889000,710036.134335,-1426748.648008,-716712.513673,7.592911e-03,242.774139,43.050099,1787.814130,0.679,0.181,3.815
3890,3.890000,710010.140772,-1426727.416568,-716717.275796,7.586317e-03,242.622736,42.558712,1787.749612,0.662,0.178,3.909
3891,3.891000,709984.952492,-1426706.112979,-716721.160488,7.580938e-03,242.455314,42.075571,1787.629269,1.976,0.490,5.641
3892,3.892000,709961.064115,-1426684.709254,-716723.645140,7.577498e-03,242.205439,41.601665,1787.493400,0.667,0.179,3.910
3893,3.893000,709936.168961,-1426663.189477,-716727.020516,7.572824e-03,242.001811,41.085940,1787.300038,0.666,0.651,6.976
3894,3.894000,709909.937651,-1426641.552522,-716731.614871,7.566462e-03,241.789102,40.556839,1787.105943,0.687,0.187,3.993
3895,3.895000,709883.471445,-1426619.808104,-716736.336659,7.559924e-03,241.470564,40.056783,1786.876227,0.672,0.158,3.892
3896,3.896000,709857.371891,-1426597.974229,-716740.602338,7.554018e-03,241.140018,39.574939,1786.623426,0.663,0.158,3.864
3897,3.897000,709831.624106,-1426576.075209,-716744.451103,7.548689e-03,240.843413,39.083108,1786.457854,0.664,0.169,3.945
3898,3.898000,709805.619084,-1426554.136539,-716748.517455,7.543058e-03,240.572569,38.617114,1786.225524,0.669,0.196,3.981
3899,3.899000,709780.709947,-1426532.186882,-716751.476935,7.538960e-03,240.273476,38.117662,1785.997639,0.662,0.142,4.769
3900,3.900000,709756.977608,-1426510.263183,-716753.285574,7.536456e-03,240.007099,37.632011,1785.728301,0.662,0.162,3.915
3901,3.901000,709733.814916,-1426488.389671,-716754.574755,7.534671e-03,239.593584,37.219968,1785.495700,0.671,0.270,3.933
3902,3.902000,709710.478954,-1426466.589346,-716756.110392,7.532544e-03,239.269503,36.811254,1785.294992,0.679,3.074,8.065
3903,3.903000,709685.156328,-1426444.872585,-716759.716257,7.527551e-03,238.915387,36.444486,1785.128443,0.672,0.213,3.959
3904,3.904000,709662.907365,-1426423.243419,-716760.336055,7.526693e-03,238.546777,36.009474,1784.940087,0.665,0.174,3.891
3905,3.905000,709640.966212,-1426401.702798,-716760.736586,7.526139e-03,238.207063,35.601497,1784.768878,0.659,0.141,3.869
3906,3.906000,709619.442853,-1426380.239369,-716760.796516,7.526056e-03,237.919735,35.227786,1784.695427,0.673,0.213,4.002
3907,3.907000,709598.791007,-1426358.844241,-716760.053233,7.527085e-03,237.591909,34.819979,1784.648168,0.670,0.172,6.043
3908,3.908000,709579.422730,-1426337.519129,-716758.096399,7.529794e-03,237.218751,34.388099,1784.548875,0.680,0.181,4.008
3909,3.909000,709560.274480,-1426316.253932,-716755.979453,7.532726e-03,236.876513,33.954341,1784.404836,0.671,0.163,4.060
3910,3.910000,709541.235803,-1426295.044659,-716753.808855,7.535731e-03,236.565149,33.478516,1784.238327,0.672,0.178,3.964
3911,3.911000,709520.735447,-1426273.884645,-716753.149198,7.536645e-03,236.216032,32.991925,1784.110499,0.671,0.172,3.975
3912,3.912000,709501.384528,-1426252.753823,-716751.369295,7.539109e-03,235.915304,32.492822,1783.979969,0.672,0.188,12.504
3913,3.913000,709481.502859,-1426231.633409,-716750.130550,7.540824e-03,235.667536,31.982538,1783.806236,2.650,2.053,4.178
3914,3.914000,709461.365472,-1426210.496707,-716749.131235,7.542208e-03,235.433152,31.469732,1783.614281,0.670,0.170,3.913
3915,3.915000,709440.989401,-1426189.318882,-716748.329480,7.543318e-03,235.256756,31.063660,1783.480702,2.128,0.474,11.018
3916,3.916000,709420.052738,-1426168.071643,-716748.018905,7.543748e-03,235.076044,30.628470,1783.326040,0.670,0.190,3.977
3917,3.917000,709399.645158,-1426146.735467,-716747.090309,7.545034e-03,234.896284,30.152531,1783.167746,0.670,0.170,3.988
3918,3.918000,709379.750660,-1426125.288929,-716745.538269,7.547183e-03,234.703842,29.611298,1782.967767,0.675,0.187,3.980
3919,3.919000,709362.158201,-1426103.723819,-716741.565618,7.552684e-03,234.416688,29.077856,1782.717575,0.700,0.213,4.015
3920,3.920000,709343.056211,-1426082.032091,-716738.975879,7.556270e-03,234.176718,28.540871,1782.566921,0.669,0.168,3.926
3921,3.921000,709324.325264,-1426060.226326,-716735.901062,7.560528e-03,233.902301,28.058719,1782.439188,0.665,0.165,3.991
3922,3.922000,709305.784885,-1426038.323173,-716732.538288,7.565184e-03,233.660841,27.536161,1782.338138,0.668,0.173,3.977
3923,3.923000,709287.152168,-1426016.348694,-716729.196526,7.569811e-03,233.394903,27.037524,1782.195347,0.665,0.153,3.896
3924,3.924000,709268.682484,-1425994.329315,-716725.646831,7.574726e-03,233.247872,26.578342,1782.074227,0.664,0.175,4.015
3925,3.925000,709250.570896,-1425972.293610,-716721.722715,7.580160e-03,233.156428,26.111960,1781.861371,1.506,0.517,7.031
3926,3.926000,709232.207044,-1425950.273393,-716718.066349,7.585223e-03,232.975894,25.589808,1781.673590,0.671,0.175,6.015
3927,3.927000,709213.907595,-1425928.302672,-716714.395077,7.590306e-03,232.810645,24.985180,1781.451034,0.673,0.194,4.044
3928,3.928000,709196.868581,-1425906.419970,-716709.551389,7.597013e-03,232.643240,24.473418,1781.170749,0.683,0.206,4.173
3929,3.929000,709178.465777,-1425884.669118,-716706.203340,7.601649e-03,232.584951,23.958638,1780.873941,0.674,0.191,5.649
3930,3.930000,709159.753193,-1425863.094375,-716703.341182,7.605612e-03,232.502808,23.336301,1780.499889,0.638,0.188,3.812
3931,3.931000,709140.499983,-1425841.741518,-716701.241535,7.608519e-03,232.489141,22.693964,1780.230192,0.634,0.261,3.741
3932,3.932000,709122.028849,-1425820.645349,-716698.616499,7.612154e-03,232.384528,22.029420,1779.984010,0.629,0.145,3.711
3933,3.933000,709103.627023,-1425799.841571,-716696.214548,7.615480e-03,232.347400,21.358422,1779.684950,0.647,0.222,4.880
3934,3.934000,709086.117223,-1425779.349732,-716693.232508,7.619609e-03,232.334978,20.788607,1779.435422,0.690,0.187,4.039
3935,3.935000,709067.841229,-1425759.184846,-716691.343617,7.622225e-03,232.368764,20.183879,1779.179095,0.667,0.182,3.933
3936,3.936000,709048.341556,-1425739.343329,-716691.001773,7.622698e-03,232.447939,19.543279,1778.898299,0.662,0.140,3.926
3937,3.937000,709029.362281,-1425719.825964,-716690.463683,7.623443e-03,232.429754,18.819949,1778.683641,0.668,0.157,3.954
3938,3.938000,709009.246543,-1425700.619349,-716691.372806,7.622184e-03,232.359477,18.092568,1778.461949,0.686,0.235,4.091
3939,3.939000,708990.009239,-1425681.708430,-716691.699191,7.621732e-03,232.308923,17.308814,1778.191979,0.644,0.166,3.828
3940,3.940000,708970.221450,-1425663.067737,-716692.846287,7.620144e-03,232.208999,16.555775,1778.004176,0.680,0.171,3.996
3941,3.941000,708950.563644,-1425644.676584,-716694.112940,7.618390e-03,232.033891,15.777891,1777.816862,0.671,0.163,4.007
3942,3.942000,708931.684396,-1425626.515734,-716694.831338,7.617395e-03,231.823920,15.002216,1777.674737,2.418,0.353,34.510
3943,3.943000,708913.337827,-1425608.567185,-716695.229358,7.616844e-03,231.597245,14.209127,1777.495499,2.131,1.579,4.817
3944,3.944000,708893.874611,-1425590.809257,-716696.934645,7.614483e-03,231.335715,13.411041,1777.381278,0.634,0.179,5.088
3945,3.945000,708877.196952,-1425573.224159,-716696.027207,7.615740e-03,231.109125,12.665490,1777.185780,0.645,0.193,3.824
3946,3.946000,708860.636978,-1425555.806754,-716695.169776,7.616927e-03,230.904330,11.902133,1777.002423,0.630,0.164,3.735
3947,3.947000,708844.481831,-1425538.549014,-716694.067184,7.618453e-03,230.680571,11.169871,1776.829140,1.630,0.178,4.146
3948,3.948000,708829.639884,-1425521.434934,-716691.795049,7.621600e-03,230.412025,10.422771,1776.694068,0.713,0.179,7.005
3949,3.949000,708813.952587,-1425504.454844,-716690.502257,7.623390e-03,230.187397,9.698283,1776.504084,0.665,0.168,4.000
3950,3.950000,708799.215112,-1425487.592595,-716688.377483,7.626332e-03,229.970788,9.025519,1776.242358,0.727,0.188,4.060
3951,3.951000,708784.598003,-1425470.823070,-716686.225067,7.629312e-03,229.787852,8.383166,1775.922158,0.667,0.203,7.484
3952,3.952000,708769.884937,-1425454.123279,-716684.238343,7.632063e-03,229.546546,7.700864,1775.578482,0.677,0.240,4.146
3953,3.953000,708755.269102,-1425437.471680,-716682.202578,7.634882e-03,229.240216,7.031128,1775.257592,0.635,0.166,3.911
3954,3.954000,708742.164008,-1425420.851542,-716678.687535,7.639749e-03,228.926831,6.300194,1774.964013,0.683,0.193,4.059
3955,3.955000,708728.812855,-1425404.240689,-716675.427834,7.644263e-03,228.606627,5.540235,1774.661444,0.662,0.154,3.918
3956,3.956000,708714.421349,-1425387.611557,-716673.190208,7.647361e-03,228.201219,4.820116,1774.281059,0.672,0.174,3.974
3957,3.957000,708700.897629,-1425370.940756,-716670.043126,7.651719e-03,227.769419,4.101294,1773.928638,0.663,0.143,3.942
3958,3.958000,708686.899507,-1425354.198767,-716667.299259,7.655518e-03,227.354721,3.387274,1773.622422,0.677,0.238,5.806
3959,3.959000,708671.692211,-1425337.358203,-716665.665992,7.657780e-03,227.049622,2.636997,1773.402023,0.670,0.170,3.923
3960,3.960000,708656.988142,-1425320.390409,-716663.402267,7.660914e-03,226.687877,1.893295,1773.170005,0.678,0.185,4.052
3961,3.961000,708640.449020,-1425303.257841,-716662.808821,7.661736e-03,226.335655,1.096473,1772.984997,0.643,0.189,5.705
3962,3.962000,708622.664058,-1425285.935471,-716663.271412,7.661095e-03,226.013323,0.312035,1772.702557,0.680,0.174,15.608
3963,3.963000,708604.451915,-1425268.396334,-716663.944420,7.660163e-03,225.726725,-0.506186,1772.331634,0.666,0.165,3.958
3964,3.964000,708585.135656,-1425250.610535,-716665.474878,7.658044e-03,225.346491,-1.255334,1771.957011,0.669,0.179,4.020
3965,3.965000,708567.345560,-1425232.550825,-716665.205265,7.658418e-03,225.048072,-2.024296,1771.607480,0.667,0.185,3.969
3966,3.966000,708548.960567,-1425214.210422,-716665.249855,7.658356e-03,224.745997,-2.804294,1771.231918,0.662,0.166,3.958
3967,3.967000,708528.493010,-1425195.585723,-716667.092712,7.655804e-03,224.457151,-3.537532,1770.886355,0.661,0.144,5.786
3968,3.968000,708507.260106,-1425176.687957,-716669.427852,7.652571e-03,224.102472,-4.274233,1770.609957,0.664,0.168,3.912
3969,3.969000,708486.329078,-1425157.527931,-716671.198854,7.650118e-03,223.737107,-5.023517,1770.354219,12.050,0.189,4.024
3970,3.970000,708466.147360,-1425138.130313,-716671.982952,7.649033e-03,223.451175,-5.775065,1770.143504,0.670,0.186,3.826
3971,3.971000,708445.652947,-1425118.513664,-716672.860717,7.647817e-03,223.124581,-6.523567,1769.962560,3.217,0.489,10.543
3972,3.972000,708424.908321,-1425098.697181,-716673.788860,7.646532e-03,222.706135,-7.316180,1769.718435,0.632,0.152,3.718
3973,3.973000,708404.010915,-1425078.711554,-716674.700639,7.645270e-03,222.332752,-8.020751,1769.519526,0.671,0.162,4.013
3974,3.974000,708382.566129,-1425058.586866,-716676.020736,7.643442e-03,221.971570,-8.663552,1769.428035,0.653,0.287,4.036
3975,3.975000,708360.346596,-1425038.338128,-716677.991533,7.640713e-03,221.594089,-9.292892,1769.293672,0.635,0.168,3.855
3976,3.976000,708337.621133,-1425017.968121,-716680.346989,7.637451e-03,221.157381,-9.907291,1769.157259,0.677,0.189,4.000
3977,3.977000,708314.872874,-1424997.467986,-716682.595112,7.634338e-03,220.717558,-10.561236,1768.993374,0.676,0.168,3.971
3978,3.978000,708292.169428,-1424976.820271,-716684.650843,7.631492e-03,220.248675,-11.229526,1768.904850,0.676,0.192,4.258
3979,3.979000,708269.812476,-1424955.988784,-716686.176308,7.629380e-03,219.776227,-11.882957,1768.851164,0.635,0.161,4.241
3980,3.980000,708245.879008,-1424934.937547,-716689.058539,7.625389e-03,219.379871,-12.466330,1768.856380,0.640,0.153,3.820
3981,3.981000,708222.298371,-1424913.643306,-716691.344935,7.622223e-03,218.995591,-13.005122,1768.832889,0.661,0.148,3.918
3982,3.982000,708199.106717,-1424892.078526,-716692.971809,7.619970e-03,218.542866,-13.617795,1768.891795,0.672,0.170,4.003
3983,3.983000,708176.982922,-1424870.218248,-716693.235326,7.619605e-03,218.062956,-14.227538,1768.937039,0.664,0.144,3.922
3984,3.984000,708153.857985,-1424848.042448,-716694.184463,7.618291e-03,217.702069,-14.822690,1769.034532,0.669,0.172,3.990
3985,3.985000,708130.160499,-1424825.542152,-716695.381653,7.616633e-03,217.400096,-15.414052,1769.109635,0.668,0.164,4.922
3986,3.986000,708104.750824,-1424802.715569,-716697.964745,7.613057e-03,217.138121,-16.041211,1769.243640,0.632,0.149,3.722
3987,3.987000,708079.426033,-1424779.562558,-716700.136525,7.610049e-03,216.823104,-16.624214,1769.425961,0.634,0.158,3.709
3988,3.988000,708053.150589,-1424756.083226,-716702.932637,7.606178e-03,216.499980,-17.238493,1769.544359,0.663,0.133,6.882
3989,3.989000,708027.334504,-1424732.288280,-716704.953776,7.603379e-03,216.163056,-17.940950,1769.681036,0.671,0.173,3.811
3990,3.990000,708001.123525,-1424708.183722,-716707.060197,7.600463e-03,215.851148,-18.625868,1769.744806,0.648,0.185,3.858
3991,3.991000,707974.197120,-1424683.780677,-716709.583557,7.596968e-03,215.443896,-19.311866,1769.820549,0.630,0.142,3.699
3992,3.992000,707946.914248,-1424659.087790,-716712.173542,7.593382e-03,215.070418,-19.954969,1769.860277,0.671,0.166,24.315
3993,3.993000,707919.480668,-1424634.112653,-716714.631985,7.589978e-03,214.704534,-20.503451,1769.934330,0.634,0.168,3.837
3994,3.994000,707893.016974,-1424608.874385,-716715.857411,7.588281e-03,214.314040,-21.058231,1769.979809,0.660,0.147,11.598
3995,3.995000,707866.454210,-1424583.389729,-716716.935519,7.586788e-03,213.926138,-21.635327,1770.072383,0.678,0.193,4.003
3996,3.996000,707839.331289,-1424557.675812,-716718.344523,7.584837e-03,213.479103,-22.181852,1770.106354,0.670,0.175,6.380
3997,3.997000,707812.577093,-1424531.760477,-716719.183384,7.583676e-03,213.087894,-22.728300,1770.120201,0.669,0.167,3.941
3998,3.998000,707785.888860,-1424505.658871,-716719.770011,7.582864e-03,212.698263,-23.242417,1770.159176,0.665,0.138,3.903
3999,3.999000,707759.448295,-1424479.392266,-716719.943971,7.582623e-03,212.310494,-23.762061,1770.227990,0.663,0.165,3.916
4000,4.000000,707732.713592,-1424452.982539,-716720.268947,7.582173e-03,211.977164,-24.322709,1770.331077,0.661,0.145,3.898
4001,4.001000,707703.567051,-1424426.445776,-716722.878725,7.578559e-03,211.681711,-24.922957,1770.476529,0.677,0.172,3.978
4002,4.002000,707674.763384,-1424399.803219,-716725.039835,7.575567e-03,211.377993,-25.557769,1770.643007,0.662,0.148,3.909
4003,4.003000,707645.481475,-1424373.063020,-716727.581544,7.572047e-03,211.069176,-26.196061,1770.719940,0.661,0.155,4.658
4004,4.004000,707616.564747,-1424346.235825,-716729.671078,7.569154e-03,210.734630,-26.824123,1770.748110,0.661,0.148,3.901
4005,4.005000,707588.532652,-1424319.332624,-716730.799972,7.567591e-03,210.298205,-27.415920,1770.707212,0.668,0.169,4.854
4006,4.006000,707563.074410,-1424292.358821,-716729.284410,7.569689e-03,209.935670,-27.986213,1770.637660,0.669,0.164,3.932
4007,4.007000,707538.055558,-1424265.314655,-716727.259098,7.572494e-03,209.608209,-28.635684,1770.522610,0.666,0.161,3.934
4008,4.008000,707513.427981,-1424238.208117,-716724.780136,7.575926e-03,209.283163,-29.306444,1770.367498,0.667,0.164,14.187
4009,4.009000,707488.902170,-1424211.045724,-716722.143555,7.579577e-03,208.907287,-29.895145,1770.147455,0.665,0.173,3.963
4010,4.010000,707462.859627,-1424183.847313,-716720.987687,7.581178e-03,208.591040,-30.494083,1769.941485,0.662,0.150,3.959
4011,4.011000,707437.714177,-1424156.645457,-716718.931280,7.584025e-03,208.299845,-31.059802,1769.674321,0.678,0.157,3.988
4012,4.012000,707412.466114,-1424129.478031,-716717.011917,7.586683e-03,208.063753,-31.653173,1769.468499,0.667,0.172,3.988
4013,4.013000,707388.792590,-1424102.397534,-716713.604944,7.591400e-03,207.853074,-32.363288,1769.308032,1.021,4.609,10.690
4014,4.014000,707364.575317,-1424075.459271,-716710.883954,7.595168e-03,207.621844,-33.060451,1769.077721,0.636,0.299,3.773
4015,4.015000,707341.409026,-1424048.716783,-716707.307757,7.600120e-03,207.368435,-33.770100,1768.814325,0.663,0.164,4.020
4016,4.016000,707318.676145,-1424022.208535,-716703.532391,7.605347e-03,207.127620,-34.518169,1768.576232,0.671,0.181,4.098
4017,4.017000,707297.342521,-1423995.969830,-716698.627309,7.612139e-03,206.926142,-35.198442,1768.432169,0.666,0.174,3.988
4018,4.018000,707277.606062,-1423970.024574,-716692.418512,7.620736e-03,206.778817,-35.897534,1768.302719,0.632,0.210,3.826
4019,4.019000,707258.503419,-1423944.381831,-716685.878412,7.629792e-03,206.615604,-36.640754,1768.267980,0.660,0.163,3.917
4020,4.020000,707238.814068,-1423919.048443,-716680.234375,7.637607e-03,206.517273,-37.375939,1768.202267,0.658,0.145,3.897
4021,4.021000,707219.558092,-1423894.017781,-716674.459689,7.645603e-03,206.335893,-38.120069,1768.120075,0.655,0.145,4.064
4022,4.022000,707199.034630,-1423869.286683,-716670.252053,7.651429e-03,206.075033,-38.897049,1768.059068,0.634,0.180,3.732
4023,4.023000,707180.395185,-1423844.844780,-716664.449594,7.659464e-03,205.809649,-39.705144,1768.070903,0.631,0.164,3.763
4024,4.024000,707162.173993,-1423820.677406,-716658.503413,7.667697e-03,205.479227,-40.511328,1767.982623,0.665,0.185,3.965
4025,4.025000,707144.654786,-1423796.757947,-716652.103161,7.676560e-03,205.230625,-41.434683,1767.870915,0.656,0.136,3.927
4026,4.026000,707128.112430,-1423773.055108,-716644.942677,7.686474e-03,204.926094,-42.353145,1767.657371,0.662,0.164,3.959
4027,4.027000,707110.991764,-1423749.526381,-716638.534617,7.695348e-03,204.581826,-43.245099,1767.496645,0.668,0.187,6.024
4028,4.028000,707094.806382,-1423726.121952,-716631.315570,7.705343e-03,204.202782,-44.186370,1767.346295,0.667,0.167,3.984
4029,4.029000,707078.178220,-1423702.781083,-716624.602863,7.714638e-03,203.871517,-45.088873,1767.084261,0.665,0.192,4.007
4030,4.030000,707060.485559,-1423679.455997,-716618.970439,7.722437e-03,203.495110,-46.047031,1766.878094,0.669,0.177,4.247
4031,4.031000,707042.341899,-1423656.094970,-716613.753071,7.729662e-03,203.146087,-46.987709,1766.681312,0.661,0.152,3.905
4032,4.032000,707024.284565,-1423632.674180,-716608.389615,7.737088e-03,202.876645,-47.972629,1766.470869,0.669,0.164,4.067
4033,4.033000,707004.066444,-1423609.165811,-716605.099367,7.741644e-03,202.589715,-49.001767,1766.180792,0.667,0.223,3.989
4034,4.034000,706985.432241,-1423585.557680,-716600.125439,7.748531e-03,202.261785,-50.106080,1765.931139,0.662,0.184,4.755
4035,4.035000,706965.922171,-1423561.845992,-716595.923820,7.754349e-03,201.985735,-51.179797,1765.647710,0.670,0.182,3.860
4036,4.036000,706946.638859,-1423538.021824,-716591.382966,7.760637e-03,201.727887,-52.197444,1765.371300,0.659,0.165,3.880
4037,4.037000,706924.607692,-1423514.082831,-716589.475139,7.763278e-03,201.348120,-53.230818,1765.067841,0.659,0.166,3.978
4038,4.038000,706902.421324,-1423490.029717,-716587.608393,7.765863e-03,201.019174,-54.303972,1764.729356,0.635,0.200,3.791
4039,4.039000,706880.691638,-1423465.861588,-716585.169950,7.769240e-03,200.619246,-55.350953,1764.380981,0.627,0.157,3.826
4040,4.040000,706857.627137,-1423441.593212,-716583.966075,7.770907e-03,200.247655,-56.325601,1764.029337,0.658,0.155,3.948
4041,4.041000,706834.877380,-1423417.244043,-716582.366662,7.773121e-03,199.917071,-57.271148,1763.626689,0.672,0.180,4.025
4042,4.042000,706811.170605,-1423392.849175,-716581.678570,7.774074e-03,199.595903,-58.212454,1763.299602,0.627,0.146,3.908
4043,4.043000,706787.986804,-1423368.436375,-716580.449571,7.775776e-03,199.307524,-59.143376,1762.973061,0.664,0.176,4.023
4044,4.044000,706765.880612,-1423344.035408,-716578.154796,7.778953e-03,199.039657,-60.030866,1762.620410,0.667,0.183,3.968
4045,4.045000,706745.981574,-1423319.674377,-716573.692803,7.785132e-03,198.759081,-60.931030,1762.239851,0.665,0.228,3.953
4046,4.046000,706725.469268,-1423295.365019,-716569.895750,7.790389e-03,198.513477,-61.813862,1761.797235,0.667,0.165,4.015
4047,4.047000,706704.608380,-1423271.116683,-716566.508303,7.795080e-03,198.343873,-62.653251,1761.364434,0.678,0.217,3.978
4048,4.048000,706683.110145,-1423246.930740,-716563.820595,7.798801e-03,198.181533,-63.464067,1760.896018,0.663,0.161,3.919
4049,4.049000,706663.210269,-1423222.798527,-716559.588258,7.804662e-03,197.982859,-64.245050,1760.424303,0.667,0.198,4.021
4050,4.050000,706642.511608,-1423198.702211,-716556.190603,7.809366e-03,197.857942,-65.063299,1759.952393,0.665,0.210,4.058
4051,4.051000,706623.591830,-1423174.615502,-716551.023672,7.816521e-03,197.722724,-65.856577,1759.489968,0.662,0.158,3.921
4052,4.052000,706604.902477,-1423150.513763,-716545.611286,7.824015e-03,197.603461,-66.625574,1758.947294,0.668,0.167,4.027
4053,4.053000,706584.834057,-1423126.375075,-716541.541018,7.829651e-03,197.482233,-67.332401,1758.403490,0.669,0.162,4.032
4054,4.054000,706565.527429,-1423102.176151,-716536.648722,7.836425e-03,197.408036,-67.987808,1757.880240,0.666,0.196,4.008
4055,4.055000,706545.120274,-1423077.917637,-716532.797363,7.841758e-03,197.362329,-68.713827,1757.396199,0.673,0.181,4.041
4056,4.056000,706524.660255,-1423053.608276,-716528.948021,7.847088e-03,197.264795,-69.410745,1756.890297,0.667,0.174,4.001
4057,4.057000,706504.610867,-1423029.258859,-716524.647991,7.853042e-03,197.091980,-70.095331,1756.451410,0.659,0.148,3.944
4058,4.058000,706485.931635,-1423004.895299,-716518.963664,7.860913e-03,196.918174,-70.811929,1756.039221,0.673,0.183,3.987
4059,4.059000,706467.356529,-1422980.534549,-716513.178020,7.868924e-03,196.754874,-71.600960,1755.689841,0.634,0.168,3.798
4060,4.060000,706448.350876,-1422956.177307,-716507.826431,7.876335e-03,196.556948,-72.372248,1755.342873,0.662,0.165,3.992
4061,4.061000,706428.822889,-1422931.827503,-716503.004614,7.883011e-03,196.334003,-73.167979,1755.032149,0.644,0.185,3.765
4062,4.062000,706407.971253,-1422907.497625,-716499.526372,7.887827e-03,196.072078,-74.059832,1754.715557,0.659,0.149,3.886
4063,4.063000,706388.495334,-1422883.183407,-716494.688073,7.894527e-03,195.847351,-74.979645,1754.367037,0.658,0.165,3.896
4064,4.064000,706367.363966,-1422858.892748,-716491.528782,7.898901e-03,195.647576,-75.804791,1753.935648,0.657,2.617,14.314
4065,4.065000,706345.874735,-1422834.642779,-716488.768044,7.902724e-03,195.405915,-76.655786,1753.481498,0.665,0.161,3.990
4066,4.066000,706324.709318,-1422810.449453,-716485.740135,7.906917e-03,195.193677,-77.489962,1753.033506,0.662,0.178,5.178
4067,4.067000,706302.427949,-1422786.343433,-716483.915484,7.909443e-03,195.027422,-78.323769,1752.487654,0.661,0.157,3.897
4068,4.068000,706281.152063,-1422762.361139,-716481.209076,7.913191e-03,194.752999,-79.114383,1751.912966,3.502,0.582,17.929
4069,4.069000,706259.927873,-1422738.532992,-716478.605119,7.916796e-03,194.475513,-79.951665,1751.423932,0.665,0.186,3.980
4070,4.070000,706239.558318,-1422714.890534,-716475.332216,7.921328e-03,194.217482,-80.768785,1750.907071,2.303,0.326,4.022
4071,4.071000,706218.681529,-1422691.452896,-716472.771367,7.924874e-03,193.979059,-81.620082,1750.339370,0.668,0.193,11.730
4072,4.072000,706198.593238,-1422668.232893,-716469.639655,7.929211e-03,193.738117,-82.387392,1749.809825,0.660,0.357,80.760
4073,4.073000,706178.514100,-1422645.244899,-716466.730799,7.933238e-03,193.433153,-83.220514,1749.295159,0.635,0.227,3.973
4074,4.074000,706158.769202,-1422622.504442,-716463.735239,7.937386e-03,193.167132,-84.053520,1748.782196,0.646,0.210,3.844
4075,4.075000,706138.722144,-1422599.989453,-716461.267310,7.940803e-03,192.834637,-84.964911,1748.258028,0.959,0.348,7.473
4076,4.076000,706118.051453,-1422577.679828,-716459.628376,7.943073e-03,192.590787,-85.840296,1747.796782,0.640,0.192,3.836
4077,4.077000,706098.436542,-1422555.548398,-716457.111855,7.946557e-03,192.312445,-86.761180,1747.280019,0.630,0.176,3.809
4078,4.078000,706075.522785,-1422533.566129,-716458.043343,7.945268e-03,192.023019,-87.636466,1746.823243,0.623,3.423,10.339
4079,4.079000,706054.098183,-1422511.697003,-716457.598820,7.945883e-03,191.719689,-88.514956,1746.402810,0.664,0.170,4.002
4080,4.080000,706035.239904,-1422489.908580,-716454.668675,7.949940e-03,191.416532,-89.453843,1746.073770,0.639,0.180,9.186
4081,4.081000,706017.691802,-1422468.161544,-716450.469741,7.955754e-03,191.126198,-90.382585,1745.705760,0.667,0.200,4.089
4082,4.082000,705999.328530,-1422446.424165,-716447.095635,7.960426e-03,190.866496,-91.312477,1745.377981,0.646,0.163,3.802
4083,4.083000,705980.834108,-1422424.659431,-716443.825323,7.964955e-03,190.668961,-92.248889,1745.081941,0.630,0.167,11.997
4084,4.084000,705961.794507,-1422402.831321,-716441.036813,7.968816e-03,190.430367,-93.123478,1744.743473,0.660,0.158,8.465
4085,4.085000,705943.619607,-1422380.901628,-716437.282021,7.974015e-03,190.119135,-94.122446,1744.352647,0.664,0.176,4.003
4086,4.086000,705926.118116,-1422358.855667,-716432.737550,7.980308e-03,189.871662,-95.044145,1743.976531,0.671,0.169,3.926
4087,4.087000,705907.233575,-1422336.670316,-716429.436741,7.984878e-03,189.701417,-95.946828,1743.647489,0.672,0.186,3.993
4088,4.088000,705888.860118,-1422314.336117,-716425.475999,7.990362e-03,189.522235,-96.754437,1743.345023,1.346,0.486,6.080
4089,4.089000,705870.765922,-1422291.857761,-716421.091839,7.996433e-03,189.367308,-97.601536,1743.096762,0.664,0.187,3.933
4090,4.090000,705853.816223,-1422269.247317,-716415.431095,8.004271e-03,189.104080,-98.454022,1742.814449,0.667,0.193,3.984
4091,4.091000,705835.707996,-1422246.520426,-716410.812430,8.010667e-03,188.828193,-99.289880,1742.578414,0.663,0.186,4.241
4092,4.092000,705816.605397,-1422223.717843,-716407.112447,8.015790e-03,188.526117,-100.108320,1742.322365,0.663,0.149,3.992
4093,4.093000,705796.934844,-1422200.886155,-716403.951311,8.020167e-03,188.171012,-100.950580,1742.187870,0.674,0.174,3.994
4094,4.094000,705778.391059,-1422178.070903,-716399.679844,8.026081e-03,187.854199,-101.820630,1742.127711,0.665,0.159,3.914
4095,4.095000,705760.081262,-1422155.307042,-716395.225780,8.032249e-03,187.492477,-102.657944,1742.043051,4.272,1.688,3.987
4096,4.096000,705741.805163,-1422132.621380,-716390.816217,8.038355e-03,187.085393,-103.468475,1742.020725,1.830,0.465,6.508
4097,4.097000,705721.482214,-1422110.031568,-716388.549354,8.041493e-03,186.783606,-104.188204,1742.010944,0.666,0.165,3.913
4098,4.098000,705701.038478,-1422087.529645,-716386.491167,8.044343e-03,186.530840,-104.879817,1741.992396,0.664,0.188,3.956
4099,4.099000,705680.581237,-1422065.095739,-716384.514502,8.047080e-03,186.251089,-105.557633,1741.961829,0.671,0.174,4.024
4100,4.100000,705660.649065,-1422042.685808,-716382.036744,8.050511e-03,185.879092,-106.134534,1741.889522,0.666,0.170,4.013
4101,4.101000,705640.175452,-1422020.240725,-716380.065273,8.053241e-03,185.500013,-106.818863,1741.876725,0.664,0.173,3.966
4102,4.102000,705620.387077,-1421997.691357,-716377.304280,8.057064e-03,185.050211,-107.408419,1741.789778,0.666,0.161,3.976
4103,4.103000,705600.145499,-1421974.975197,-716374.829698,8.060491e-03,184.612178,-107.969096,1741.674274,0.667,0.173,11.605
4104,4.104000,705579.213655,-1421952.026415,-716372.812760,8.063283e-03,184.156583,-108.537923,1741.502887,0.671,0.163,4.016
4105,4.105000,705557.894829,-1421928.793885,-716370.899057,8.065933e-03,183.741049,-109.153157,1741.320201,0.678,0.290,4.020
4106,4.106000,705535.975608,-1421905.236470,-716369.260862,8.068202e-03,183.320631,-109.694298,1741.148083,0.645,0.235,5.384
4107,4.107000,705513.273323,-1421881.321368,-716368.048045,8.069881e-03,182.907606,-110.206264,1740.927385,0.647,0.198,3.825
4108,4.108000,705487.650118,-1421857.031153,-716369.381035,8.068035e-03,182.494849,-110.770177,1740.750820,0.638,0.173,3.822
4109,4.109000,705463.066110,-1421832.355854,-716369.289743,8.068162e-03,182.041689,-111.342856,1740.582445,0.630,0.156,3.757
4110,4.110000,705437.904469,-1421807.301300,-716369.396831,8.068013e-03,181.559996,-111.946747,1740.424673,0.650,0.220,5.066
4111,4.111000,705411.022011,-1421781.891884,-716370.869873,8.065974e-03,181.124123,-112.562660,1740.299285,0.638,0.169,3.794
4112,4.112000,705383.193637,-1421756.171430,-716372.977793,8.063055e-03,180.660265,-113.239381,1740.280706,0.647,0.176,3.813
4113,4.113000,705356.580538,-1421730.182468,-716373.601930,8.062191e-03,180.166660,-113.929617,1740.315821,0.646,0.185,4.714
4114,4.114000,705331.173102,-1421703.971720,-716372.798617,8.063303e-03,179.605591,-114.618446,1740.283996,0.654,0.219,4.148
4115,4.115000,705304.554892,-1421677.583991,-716373.029098,8.062984e-03,179.159934,-115.306674,1740.215756,0.630,0.187,4.910
4116,4.116000,705277.702611,-1421651.053278,-716373.350667,8.062539e-03,178.702156,-115.856984,1740.113654,0.644,1.429,10.103
4117,4.117000,705251.869354,-1421624.407234,-716372.537880,8.063664e-03,178.265048,-116.433193,1740.000369,0.640,0.163,10.713
4118,4.118000,705226.742692,-1421597.670869,-716370.928176,8.065893e-03,177.962341,-117.022660,1739.859681,0.633,0.192,3.837
4119,4.119000,705201.745151,-1421570.859729,-716369.114577,8.068404e-03,177.676046,-117.665382,1739.666373,0.669,0.179,4.060
4120,4.120000,705173.998027,-1421543.980059,-716369.982031,8.067203e-03,177.265559,-118.311794,1739.480283,1.682,5.279,7.413
4121,4.121000,705146.320296,-1421517.049047,-716370.728751,8.066169e-03,176.800529,-119.013353,1739.229325,0.676,0.176,6.525
4122,4.122000,705119.869366,-1421490.076981,-716370.207614,8.066891e-03,176.348139,-119.713776,1738.940782,0.670,0.182,4.029
4123,4.123000,705093.901696,-1421463.096613,-716369.194917,8.068293e-03,175.869574,-120.464814,1738.609794,0.662,0.146,3.952
4124,4.124000,705068.433022,-1421436.145712,-716367.712690,8.070345e-03,175.409544,-121.158345,1738.185826,0.671,0.175,4.006
4125,4.125000,705041.563206,-1421409.253885,-716367.690680,8.070376e-03,174.924255,-121.782277,1737.708616,0.673,0.172,4.056
4126,4.126000,705017.915426,-1421382.449167,-716364.533740,8.074747e-03,174.366945,-122.445545,1737.285412,0.670,0.169,4.172
4127,4.127000,704993.647773,-1421355.748746,-716362.100973,8.078116e-03,173.764437,-123.060055,1736.908955,0.682,0.204,4.096
4128,4.128000,704968.468937,-1421329.162073,-716360.693136,8.080065e-03,173.212863,-123.724548,1736.482534,0.655,0.224,3.884
4129,4.129000,704942.352192,-1421302.674895,-716360.322703,8.080578e-03,172.683215,-124.386036,1736.109923,0.634,0.154,3.817
4130,4.130000,704915.270721,-1421276.270735,-716361.000014,8.079640e-03,172.116935,-125.102758,1735.759376,0.665,0.163,6.694
4131,4.131000,704888.419732,-1421249.926805,-716361.507072,8.078938e-03,171.573178,-125.808023,1735.387797,0.670,0.172,4.094
4132,4.132000,704861.014626,-1421223.612770,-716362.598143,8.077427e-03,170.997858,-126.460538,1734.923218,0.670,0.168,18.008
4133,4.133000,704833.050702,-1421197.294224,-716364.243522,8.075149e-03,170.390678,-127.030171,1734.473454,0.677,0.170,4.076
4134,4.134000,704805.167364,-1421170.956240,-716365.788876,8.073009e-03,169.813198,-127.626445,1733.945430,0.667,0.160,3.930
4135,4.135000,704776.181428,-1421144.589625,-716368.408197,8.069382e-03,169.253547,-128.237943,1733.443625,0.669,0.186,4.025
4136,4.136000,704748.556248,-1421118.191162,-716369.634915,8.067684e-03,168.707671,-128.918876,1732.962219,0.685,0.183,4.020
4137,4.137000,704721.753122,-1421091.767378,-716370.014256,8.067158e-03,168.049990,-129.615020,1732.566720,0.673,0.152,3.991
4138,4.138000,704694.463648,-1421065.334559,-716370.870910,8.065972e-03,167.360793,-130.342963,1732.200379,0.679,0.169,3.990
4139,4.139000,704666.259344,-1421038.911544,-716372.652199,8.063506e-03,166.708034,-131.058977,1731.776827,0.672,0.221,4.098
4140,4.140000,704636.519421,-1421012.515268,-716375.995847,8.058876e-03,166.076169,-131.730606,1731.265551,1.257,0.532,5.020
4141,4.141000,704607.181401,-1420986.155002,-716378.973602,8.054753e-03,165.420246,-132.327896,1730.813355,0.672,0.175,3.970
4142,4.142000,704578.275979,-1420959.842673,-716381.566694,8.051162e-03,164.816626,-132.949167,1730.380059,0.670,0.162,3.982
4143,4.143000,704549.951071,-1420933.582201,-716383.631130,8.048304e-03,164.181033,-133.624198,1729.901090,0.669,0.187,3.988
4144,4.144000,704521.236768,-1420907.381947,-716386.145180,8.044822e-03,163.616451,-134.305376,1729.441161,0.675,0.183,4.057
4145,4.145000,704495.367038,-1420881.237843,-716385.870806,8.045202e-03,163.019497,-134.995056,1728.919765,0.669,0.856,7.254
4146,4.146000,704469.788739,-1420855.145299,-716385.356560,8.045914e-03,162.423788,-135.617983,1728.326139,0.674,0.179,4.545
4147,4.147000,704442.977287,-1420829.088697,-716386.111411,8.044869e-03,161.814543,-136.319988,1727.691876,0.796,0.315,7.384
4148,4.148000,704416.295567,-1420803.049984,-716386.754417,8.043979e-03,161.239949,-137.097820,1727.043901,0.673,0.167,4.649
4149,4.149000,704390.161983,-1420777.000711,-716386.838728,8.043862e-03,160.641218,-137.861465,1726.374081,0.690,0.196,4.021
4150,4.150000,704363.293801,-1420750.905875,-716387.612074,8.042791e-03,160.047144,-138.680201,1725.681922,0.680,0.171,6.726
4151,4.151000,704335.946820,-1420724.722303,-716388.775483,8.041180e-03,159.502020,-139.523420,1724.997239,0.668,0.191,3.973
4152,4.152000,704308.327344,-1420698.408535,-716390.081192,8.039372e-03,158.927906,-140.283955,1724.316891,0.680,0.282,4.097
4153,4.153000,704281.734956,-1420671.925312,-716390.190357,8.039221e-03,158.446185,-140.993808,1723.660506,2.239,0.743,7.853
4154,4.154000,704256.053412,-1420645.222315,-716389.168904,8.040636e-03,157.885672,-141.724809,1723.008931,0.700,0.190,4.067
4155,4.155000,704230.372981,-1420618.258851,-716387.885870,8.042412e-03,157.302419,-142.429758,1722.387549,0.731,0.208,4.021
4156,4.156000,704203.860986,-1420591.014042,-716387.153057,8.043427e-03,156.816925,-143.160571,1721.741516,0.681,0.189,4.218
4157,4.157000,704176.500479,-1420563.452531,-716386.952052,8.043705e-03,156.322036,-143.904326,1721.131001,0.681,0.172,3.989
4158,4.158000,704147.869984,-1420535.552940,-716387.682956,8.042693e-03,155.834490,-144.671788,1720.513267,0.658,0.272,3.859
4159,4.159000,704120.623678,-1420507.301522,-716386.677844,8.044085e-03,155.375011,-145.454847,1719.862679,0.637,0.174,3.814
4160,4.160000,704093.098884,-1420478.698461,-716385.599578,8.045578e-03,154.870523,-146.179566,1719.256228,0.632,0.142,3.792
4161,4.161000,704064.385395,-1420449.759360,-716385.373965,8.045890e-03,154.275169,-146.811493,1718.710555,0.685,0.193,4.095
4162,4.162000,704034.435307,-1420420.518886,-716386.083579,8.044908e-03,153.710069,-147.519865,1718.112780,0.648,0.191,3.872
4163,4.163000,704004.152114,-1420391.028093,-716386.875979,8.043811e-03,153.200111,-148.207295,1717.554031,1.175,2.818,24.367
4164,4.164000,703973.608188,-1420361.345410,-716387.737222,8.042618e-03,152.655615,-148.831843,1716.958561,0.812,0.221,11.623
4165,4.165000,703943.009834,-1420331.554987,-716388.545153,8.041499e-03,152.151610,-149.455976,1716.279980,0.667,0.212,4.054
4166,4.166000,703913.435277,-1420301.752371,-716388.317093,8.041815e-03,151.624574,-150.032150,1715.553580,0.675,0.305,4.034
4167,4.167000,703883.359937,-1420272.038467,-716388.678530,8.041315e-03,151.169781,-150.659566,1714.893980,0.855,0.186,4.041
4168,4.168000,703853.547259,-1420242.513276,-716388.966017,8.040917e-03,150.726498,-151.275451,1714.185817,0.951,0.180,3.997
4169,4.169000,703822.470875,-1420213.270684,-716390.799809,8.038377e-03,150.291066,-151.886952,1713.478218,0.667,0.169,4.016
4170,4.170000,703790.474799,-1420184.392876,-716393.918077,8.034060e-03,149.827498,-152.498492,1712.700125,0.677,0.340,4.243
4171,4.171000,703759.140083,-1420155.961095,-716396.821012,8.030040e-03,149.291713,-153.083158,1711.911074,0.663,0.163,4.005
4172,4.172000,703728.414649,-1420128.040130,-716399.625481,8.026157e-03,148.686126,-153.752748,1711.092497,0.675,0.188,3.985
4173,4.173000,703699.828307,-1420100.678415,-716400.850109,8.024461e-03,148.039370,-154.345916,1710.246388,0.665,0.167,4.017
4174,4.174000,703670.564602,-1420073.907532,-716403.342931,8.021009e-03,147.456938,-154.894499,1709.409872,0.668,0.169,4.012
4175,4.175000,703642.185010,-1420047.731777,-716405.546767,8.017958e-03,146.761831,-155.426075,1708.631524,0.699,0.181,4.055
4176,4.176000,703614.612204,-1420022.153763,-716407.541559,8.015196e-03,146.061971,-155.990534,1707.882485,0.675,0.192,4.991
4177,4.177000,703588.160924,-1419997.158973,-716408.998049,8.013179e-03,145.333187,-156.458950,1707.091194,0.961,0.170,6.985
4178,4.178000,703563.253615,-1419972.725390,-716409.471776,8.012523e-03,144.571338,-156.941886,1706.434068,0.667,0.197,4.003
4179,4.179000,703537.328172,-1419948.818679,-716411.490507,8.009728e-03,143.856543,-157.364180,1705.848979,0.674,0.184,4.029
4180,4.180000,703511.881656,-1419925.411998,-716413.530342,8.006903e-03,143.069228,-157.779015,1705.260639,4.451,0.205,4.027
4181,4.181000,703485.779410,-1419902.457955,-716416.678545,8.002544e-03,142.183392,-158.160120,1704.681392,0.670,0.294,4.032
4182,4.182000,703460.720180,-1419879.908792,-716419.188612,7.999068e-03,141.279988,-158.516985,1704.148360,1.444,15.193,21.995
4183,4.183000,703436.861277,-1419857.717820,-716420.856543,7.996759e-03,140.325206,-158.862920,1703.532768,0.670,0.174,4.009
4184,4.184000,703414.751936,-1419835.817779,-716421.065843,7.996469e-03,139.441847,-159.192072,1702.874588,0.674,0.164,3.983
4185,4.185000,703393.131091,-1419814.150643,-716421.019552,7.996533e-03,138.460708,-159.556138,1702.344276,0.665,0.162,8.546
4186,4.186000,703373.491418,-1419792.645901,-716419.154483,7.999116e-03,137.530925,-159.930996,1701.872241,0.667,0.185,3.997
4187,4.187000,703354.651812,-1419771.239833,-716416.588022,8.002669e-03,136.520510,-160.371386,1701.389200,0.677,0.176,3.937
4188,4.188000,703336.182847,-1419749.884272,-716413.701425,8.006666e-03,135.509348,-160.814090,1700.907813,0.674,0.187,4.058
4189,4.189000,703316.833544,-1419728.527645,-716411.694101,8.009446e-03,134.465416,-161.300395,1700.435557,1.084,0.185,8.977
4190,4.190000,703299.057165,-1419707.137882,-716408.080716,8.014449e-03,133.478057,-161.920521,1699.939628,2.264,1.220,12.729
4191,4.191000,703282.856162,-1419685.694206,-716402.838044,8.021708e-03,132.493465,-162.497228,1699.375289,0.672,0.249,4.083
4192,4.192000,703266.600693,-1419664.193457,-716397.592764,8.028971e-03,131.574419,-163.116406,1698.764776,0.665,0.169,6.212
4193,4.193000,703251.707229,-1419642.648922,-716390.941694,8.038181e-03,130.666590,-163.812786,1698.134867,0.664,0.166,3.951
4194,4.194000,703236.198167,-1419621.088632,-716384.890466,8.046560e-03,129.754250,-164.579620,1697.512566,0.678,0.234,8.251
4195,4.195000,703219.692911,-1419599.554472,-716379.861560,8.053523e-03,128.871546,-165.345061,1696.905599,0.682,0.168,11.764
4196,4.196000,703203.959847,-1419578.090778,-716374.130931,8.061458e-03,127.991802,-166.113289,1696.191780,0.664,0.159,14.065
4197,4.197000,703186.785207,-1419556.735141,-716369.949934,8.067247e-03,127.139965,-166.821594,1695.502516,0.669,0.171,14.760
4198,4.198000,703168.628269,-1419535.520275,-716366.892006,8.071482e-03,126.314425,-167.532582,1694.827042,0.664,0.162,14.244
4199,4.199000,703149.838205,-1419514.471228,-716364.633023,8.074610e-03,125.440127,-168.248834,1694.116766,0.672,0.171,3.998
4200,4.200000,703132.354493,-1419493.598366,-716361.243873,8.079302e-03,124.612647,-168.929856,1693.426059,0.676,0.196,107.893
4201,4.201000,703114.143995,-1419472.886548,-716358.742553,8.082766e-03,123.824926,-169.698796,1692.718744,0.681,0.212,4.060
4202,4.202000,703097.127245,-1419452.313403,-716355.186158,8.087690e-03,123.025258,-170.429288,1691.994075,1.235,0.213,4.075
4203,4.203000,703082.183122,-1419431.845318,-716349.662197,8.095339e-03,122.165132,-171.158211,1691.369919,1.086,0.418,4.612
4204,4.204000,703067.365651,-1419411.444827,-716344.079176,8.103070e-03,121.388770,-171.911138,1690.719441,0.690,0.228,4.067
4205,4.205000,703052.662044,-1419391.075888,-716338.413844,8.110914e-03,120.603744,-172.775720,1690.019531,0.669,0.159,3.991
4206,4.206000,703037.908665,-1419370.702219,-716332.793554,8.118697e-03,119.838589,-173.621635,1689.421203,0.724,0.250,4.472
4207,4.207000,703022.909910,-1419350.297392,-716327.387482,8.126182e-03,119.113284,-174.391079,1688.848766,0.696,0.185,3.998
4208,4.208000,703006.977836,-1419329.819649,-716322.841813,8.132476e-03,118.345311,-175.142118,1688.171928,2.348,0.361,14.652
4209,4.209000,702990.082672,-1419309.239681,-716319.157009,8.137579e-03,117.547375,-175.897150,1687.505082,0.663,0.170,3.997
4210,4.210000,702971.256171,-1419288.542673,-716317.286502,8.140169e-03,116.801943,-176.723534,1686.789162,0.637,0.162,3.760
4211,4.211000,702952.353106,-1419267.718968,-716315.365862,8.142828e-03,116.168437,-177.482242,1686.098760,0.631,0.174,51.647
4212,4.212000,702933.972583,-1419246.767892,-716312.795309,8.146387e-03,115.427981,-178.251865,1685.348879,0.765,0.212,4.108
4213,4.213000,702914.869754,-1419225.698075,-716310.828322,8.149111e-03,114.751342,-179.033879,1684.615291,1.335,0.243,6.356
4214,4.214000,702896.698282,-1419204.529644,-716307.831362,8.153261e-03,114.067682,-179.723361,1683.804805,0.716,0.256,4.309
4215,4.215000,702879.230203,-1419183.283331,-716304.053128,8.158492e-03,113.362313,-180.467333,1683.035571,0.645,0.241,3.793
4216,4.216000,702862.220951,-1419161.977302,-716299.756351,8.164442e-03,112.712588,-181.255000,1682.315168,0.689,0.212,4.226
4217,4.217000,702844.646356,-1419140.626879,-716295.980523,8.169670e-03,112.034004,-182.012372,1681.586853,0.674,0.172,3.991
4218,4.218000,702825.886743,-1419119.237011,-716293.350268,8.173312e-03,111.381410,-182.732689,1680.876823,0.662,0.176,29.681
4219,4.219000,702808.022877,-1419097.802101,-716289.779225,8.178257e-03,110.714025,-183.494236,1680.054591,0.670,0.194,4.130
4220,4.220000,702789.593875,-1419076.291595,-716286.697720,8.182524e-03,110.027720,-184.250662,1679.250879,0.670,0.167,58.860
4221,4.221000,702771.855159,-1419054.670752,-716282.815593,8.187899e-03,109.334512,-184.976343,1678.468477,0.676,0.203,4.183
4222,4.222000,702752.731239,-1419032.891227,-716280.159988,8.191576e-03,108.656388,-185.739100,1677.636795,51.398,0.197,4.056
4223,4.223000,702732.653793,-1419010.894958,-716278.241165,8.194233e-03,107.975229,-186.426452,1676.734667,0.771,0.194,3.965
4224,4.224000,702711.617098,-1418988.614537,-716276.997439,8.195956e-03,107.298475,-187.154509,1675.846636,0.673,0.230,4.027
4225,4.225000,702690.948680,-1418965.995665,-716275.046985,8.198656e-03,106.603422,-187.918197,1674.935572,0.639,0.199,3.859
4226,4.226000,702670.052005,-1418942.989454,-716272.937449,8.201577e-03,105.878167,-188.621331,1674.093125,0.671,0.188,4.013
4227,4.227000,702648.672208,-1418919.568555,-716270.896347,8.204404e-03,105.180173,-189.347181,1673.227848,1.108,0.440,5.404
4228,4.228000,702627.202777,-1418895.718697,-716268.515920,8.207700e-03,104.430041,-190.028449,1672.429140,0.677,0.194,3.908
4229,4.229000,702605.000797,-1418871.440087,-716266.439290,8.210575e-03,103.633618,-190.684821,1671.711817,0.684,0.196,4.028
4230,4.230000,702581.332497,-1418846.750044,-716265.417547,8.211990e-03,102.753701,-191.356657,1671.067606,0.668,0.182,3.906
4231,4.231000,702558.298106,-1418821.690687,-716263.392581,8.214794e-03,101.756795,-192.074476,1670.390476,0.669,0.166,3.981
4232,4.232000,702533.917868,-1418796.330877,-716262.413009,8.216150e-03,100.750875,-192.806327,1669.751766,0.667,0.165,4.371
4233,4.233000,702509.353954,-1418770.748806,-716261.394852,8.217560e-03,99.762766,-193.519005,1669.118310,0.674,0.175,4.410
4234,4.234000,702484.566379,-1418745.037678,-716260.471299,8.218839e-03,98.840190,-194.190845,1668.502555,0.673,0.183,3.991
4235,4.235000,702460.111742,-1418719.290242,-716259.178500,8.220629e-03,97.887961,-194.877309,1667.901472,0.663,0.163,3.965
4236,4.236000,702434.885946,-1418693.601384,-716258.715437,8.221270e-03,96.931315,-195.539268,1667.231374,0.669,0.172,4.028
4237,4.237000,702409.401304,-1418668.067027,-716258.665723,8.221339e-03,96.075677,-196.194779,1666.542315,0.673,0.204,4.007
4238,4.238000,702385.272971,-1418642.760701,-716257.487730,8.222970e-03,95.261675,-196.819256,1665.917269,0.674,0.177,3.994
4239,4.239000,702361.267785,-1418617.747022,-716256.479238,8.224366e-03,94.485009,-197.394836,1665.301322,0.667,0.177,3.992
4240,4.240000,702335.209686,-1418593.080293,-716257.870608,8.222440e-03,93.702696,-198.042494,1664.692712,5.494,0.349,57.999
4241,4.241000,702308.913117,-1418568.803409,-716259.890292,8.219643e-03,92.938562,-198.689353,1664.048859,0.665,0.167,3.967
4242,4.242000,702283.698234,-1418544.944590,-716261.246355,8.217766e-03,92.155852,-199.223834,1663.393936,0.673,0.195,4.104
4243,4.243000,702259.061101,-1418521.519073,-716262.457972,8.216088e-03,91.342105,-199.686917,1662.743300,1.353,0.373,6.282
4244,4.244000,702232.788583,-1418498.527825,-716265.739242,8.211544e-03,90.531845,-200.172967,1662.107725,0.667,0.174,4.009
4245,4.245000,702207.438826,-1418475.948349,-716268.509523,8.207708e-03,89.696579,-200.636639,1661.477846,0.670,0.167,4.001
4246,4.246000,702182.817983,-1418453.736039,-716270.918056,8.204373e-03,88.828588,-201.015497,1660.809038,0.663,0.156,3.919
4247,4.247000,702158.421750,-1418431.826713,-716273.404963,8.200930e-03,87.964421,-201.439725,1660.080776,0.665,0.163,6.998
4248,4.248000,702134.788418,-1418410.144816,-716275.356398,8.198228e-03,87.100617,-201.826048,1659.369233,0.667,0.203,4.007
4249,4.249000,702111.439513,-1418388.617028,-716277.177515,8.195706e-03,86.281540,-202.220941,1658.735625,0.661,0.141,4.660
4250,4.250000,702088.621184,-1418367.167919,-716278.546735,8.193810e-03,85.405177,-202.639084,1658.074303,0.667,0.179,3.968
4251,4.251000,702066.179109,-1418345.729455,-716279.550346,8.192421e-03,84.440201,-203.080784,1657.428836,13.603,0.176,4.040
4252,4.252000,702044.171645,-1418324.251682,-716280.080037,8.191687e-03,83.467780,-203.555882,1656.847374,0.676,0.195,3.974
4253,4.253000,702022.888719,-1418302.703128,-716279.814409,8.192055e-03,82.536223,-203.973787,1656.283410,0.681,0.177,4.017
4254,4.254000,702001.481419,-1418281.073972,-716279.592552,8.192362e-03,81.648046,-204.371854,1655.728574,0.665,0.168,3.920
4255,4.255000,701979.566584,-1418259.378235,-716279.811651,8.192059e-03,80.825999,-204.699593,1655.188885,0.675,0.191,4.028
4256,4.256000,701958.052904,-1418237.650495,-716279.597591,8.192355e-03,80.006061,-204.984920,1654.694760,0.661,0.146,3.919
4257,4.257000,701936.201313,-1418215.938510,-716279.737198,8.192162e-03,79.190404,-205.296172,1654.179698,1.079,0.713,5.690
4258,4.258000,701914.643328,-1418194.290717,-716279.647389,8.192286e-03,78.378538,-205.546259,1653.610016,0.689,0.212,4.361
4259,4.259000,701893.528202,-1418172.761702,-716279.233500,8.192859e-03,77.557062,-205.857012,1652.995594,0.662,0.160,3.962
4260,4.260000,701872.655435,-1418151.400593,-716278.745158,8.193536e-03,76.656189,-206.167725,1652.409836,0.662,0.154,3.888
4261,4.261000,701851.599001,-1418130.257201,-716278.658200,8.193656e-03,75.807649,-206.489786,1651.797076,0.692,0.181,4.169
4262,4.262000,701830.066051,-1418109.382909,-716279.316858,8.192744e-03,75.029521,-206.754849,1651.222356,0.674,0.208,3.985
4263,4.263000,701809.625516,-1418088.819784,-716279.194268,8.192914e-03,74.276321,-207.022943,1650.631375,2.845,0.165,3.995
4264,4.264000,701789.738084,-1418068.592428,-716278.854343,8.193384e-03,73.462091,-207.330108,1650.022806,0.658,0.153,11.772
4265,4.265000,701770.091266,-1418048.718934,-716278.627668,8.193698e-03,72.640129,-207.617515,1649.393624,0.681,0.263,4.076
4266,4.266000,701749.664009,-1418029.213946,-716279.549937,8.192421e-03,71.838446,-207.895109,1648.801872,0.718,0.184,3.987
4267,4.267000,701728.668858,-1418010.074375,-716281.405516,8.189852e-03,71.034375,-208.241041,1648.142330,0.677,0.192,4.018
4268,4.268000,701706.685393,-1417991.289189,-716284.603796,8.185423e-03,70.241841,-208.574531,1647.506516,0.660,0.164,3.899
4269,4.269000,701685.679544,-1417972.850411,-716287.170867,8.181869e-03,69.381127,-208.929943,1646.929294,0.663,0.182,5.754
4270,4.270000,701663.888317,-1417954.736812,-716290.848495,8.176776e-03,68.592062,-209.160630,1646.447036,0.668,0.213,11.124
4271,4.271000,701642.476300,-1417936.929335,-716294.453035,8.171785e-03,67.847709,-209.393101,1645.918400,0.673,0.186,4.029
4272,4.272000,701621.502298,-1417919.411802,-716297.909505,8.166999e-03,67.123192,-209.672970,1645.371201,0.705,0.232,3.997
4273,4.273000,701603.494882,-1417902.166535,-716298.671653,8.165944e-03,66.376045,-210.023482,1644.758358,0.666,0.173,3.994
4274,4.274000,701586.386290,-1417885.186371,-716298.800081,8.165766e-03,65.695763,-210.406701,1644.123731,0.676,0.212,4.054
4275,4.275000,701569.720398,-1417868.460706,-716298.740308,8.165849e-03,65.009623,-210.798296,1643.478594,0.691,0.191,3.994
4276,4.276000,701553.001554,-1417851.982302,-716298.980748,8.165516e-03,64.353011,-211.292849,1642.857600,0.676,0.178,4.205
4277,4.277000,701535.725311,-1417835.756698,-716300.031387,8.164061e-03,63.660472,-211.771180,1642.193998,0.675,0.200,3.988
4278,4.278000,701518.619740,-1417819.784759,-716301.165019,8.162492e-03,62.965532,-212.219573,1641.532822,0.664,0.158,3.916
4279,4.279000,701503.618777,-1417804.068657,-716300.449881,8.163482e-03,62.300286,-212.635382,1640.889318,0.673,0.170,3.998
4280,4.280000,701489.413801,-1417788.609769,-716299.195968,8.165218e-03,61.607955,-213.069112,1640.332232,0.670,0.160,3.985
4281,4.281000,701475.984539,-1417773.426968,-716297.442428,8.167646e-03,60.911610,-213.475751,1639.712133,0.662,0.176,4.001
4282,4.282000,701462.913253,-1417758.533956,-716295.620703,8.170169e-03,60.327605,-213.877312,1639.115739,0.665,0.203,4.288
4283,4.283000,701449.982578,-1417743.944566,-716293.961987,8.172465e-03,59.823678,-214.321008,1638.459065,0.663,0.171,62.338
4284,4.284000,701437.104981,-1417729.682939,-716292.577958,8.174382e-03,59.272800,-214.655769,1637.771090,0.664,0.179,3.925
4285,4.285000,701423.311923,-1417715.775291,-716292.463368,8.174540e-03,58.713697,-215.027868,1637.060412,0.675,0.223,4.304
4286,4.286000,701410.518503,-1417702.243907,-716291.725405,8.175562e-03,58.013474,-215.380926,1636.261787,0.664,0.167,3.915
4287,4.287000,701398.694554,-1417689.103194,-716290.408640,8.177386e-03,57.321199,-215.677765,1635.497109,0.774,0.210,4.022
4288,4.288000,701387.772973,-1417676.364629,-716288.591656,8.179901e-03,56.621752,-215.947740,1634.681965,0.674,0.215,4.004
4289,4.289000,701376.473066,-1417664.031843,-716287.558777,8.181332e-03,55.903484,-216.294488,1633.830273,0.663,0.166,3.966
4290,4.290000,701365.944633,-1417652.088096,-716286.143462,8.183291e-03,55.244578,-216.580739,1632.938498,0.662,0.158,6.652
4291,4.291000,701354.393947,-1417640.516508,-716286.122562,8.183320e-03,54.552140,-216.882011,1632.091803,0.662,0.191,3.918
4292,4.292000,701343.371627,-1417629.301368,-716285.929741,8.183587e-03,53.947843,-217.096397,1631.236071,0.662,0.184,3.972
4293,4.293000,701332.402764,-1417618.414216,-716286.011453,8.183474e-03,53.331143,-217.308464,1630.382869,0.670,0.179,3.984
4294,4.294000,701321.623245,-1417607.825195,-716286.201950,8.183210e-03,52.762270,-217.522802,1629.500004,0.658,0.180,8.552
4295,4.295000,701311.153546,-1417597.508969,-716286.355423,8.182998e-03,52.095066,-217.725112,1628.634931,0.665,0.175,4.591
4296,4.296000,701302.249309,-1417587.435716,-716285.186407,8.184617e-03,51.475736,-217.968430,1627.789277,0.665,0.164,4.061
4297,4.297000,701292.550567,-1417577.581076,-716285.030509,8.184832e-03,50.883432,-218.202786,1626.930678,0.658,0.157,3.904
4298,4.298000,701281.675048,-1417567.930793,-716286.255746,8.183136e-03,50.233073,-218.520921,1626.081973,1.480,0.444,11.667
4299,4.299000,701271.013675,-1417558.463484,-716287.449809,8.181483e-03,49.558731,-218.822021,1625.331787,0.661,0.185,3.983
4300,4.300000,701260.882922,-1417549.158559,-716288.275636,8.180339e-03,48.872097,-219.062261,1624.510842,0.663,0.183,3.991
4301,4.301000,701251.754910,-1417540.001506,-716288.246596,8.180379e-03,48.342671,-219.342838,1623.687243,0.654,0.140,15.664
4302,4.302000,701244.063203,-1417530.976414,-716286.913211,8.182226e-03,47.874033,-219.667836,1622.873903,0.659,0.200,6.745
4303,4.303000,701235.918302,-1417522.074556,-716286.156254,8.183274e-03,47.404713,-219.913211,1622.150448,0.665,0.173,3.958
4304,4.304000,701228.148276,-1417513.288447,-716285.140171,8.184681e-03,46.905368,-220.194915,1621.407967,0.690,0.181,4.501
4305,4.305000,701219.979930,-1417504.609710,-716284.629780,8.185387e-03,46.398426,-220.521484,1620.731740,0.669,0.180,54.559
4306,4.306000,701213.080155,-1417496.028313,-716282.948157,8.187716e-03,45.875080,-220.897527,1620.029079,0.669,0.191,4.196
4307,4.307000,701207.226513,-1417487.535058,-716280.308545,8.191371e-03,45.253700,-221.254813,1619.280878,0.665,0.173,3.927
4308,4.308000,701202.713342,-1417479.120837,-716276.407495,8.196772e-03,44.585296,-221.599913,1618.599051,3.878,0.362,7.214
4309,4.309000,701197.424629,-1417470.774753,-716273.350124,8.201006e-03,44.010018,-221.938565,1617.854169,0.662,0.164,4.261
4310,4.310000,701193.128857,-1417462.487487,-716269.358630,8.206533e-03,43.399247,-222.305112,1617.139121,0.664,0.164,3.976
4311,4.311000,701188.283065,-1417454.246745,-716265.963680,8.211234e-03,42.794611,-222.757837,1616.395196,0.665,0.154,19.580
4312,4.312000,701183.181381,-1417446.038242,-716262.856861,8.215536e-03,42.192255,-223.279046,1615.698981,0.663,0.166,13.756
4313,4.313000,701179.417814,-1417437.840056,-716258.422242,8.221676e-03,41.466230,-223.774093,1615.059690,0.664,0.173,4.011
4314,4.314000,701175.641300,-1417429.635162,-716253.993862,8.227808e-03,40.824135,-224.303939,1614.446998,0.686,0.187,4.019
4315,4.315000,701171.800636,-1417421.405716,-716249.605080,8.233885e-03,40.148081,-224.818748,1613.813308,0.667,0.183,3.999
4316,4.316000,701168.522335,-1417413.137021,-716244.614686,8.240795e-03,39.502607,-225.305257,1613.219443,0.671,0.209,7.416
4317,4.317000,701165.226357,-1417404.810480,-716239.584123,8.247760e-03,38.839758,-225.727736,1612.554389,0.665,0.167,3.963
4318,4.318000,701162.509686,-1417396.425779,-716233.916093,8.255609e-03,38.200989,-226.194136,1612.010165,1.096,0.465,11.973
4319,4.319000,701160.127986,-1417387.986270,-716227.858284,8.263997e-03,37.559482,-226.653691,1611.513943,0.665,0.172,5.290
4320,4.320000,701157.567777,-1417379.513291,-716221.945514,8.272184e-03,36.925866,-227.113533,1610.979264,0.681,0.202,4.277
4321,4.321000,701155.470710,-1417371.038462,-716215.567752,8.281015e-03,36.257401,-227.554959,1610.452033,0.709,0.197,4.057
4322,4.322000,701152.327172,-1417362.609333,-716210.282162,8.288334e-03,35.641267,-228.026298,1609.996358,0.663,0.162,3.991
4323,4.323000,701148.292656,-1417354.272859,-716205.980202,8.294291e-03,35.018911,-228.446772,1609.573008,0.660,0.158,3.903
4324,4.324000,701143.223858,-1417346.095492,-716202.871634,8.298595e-03,34.382677,-228.950919,1609.175083,3.276,0.167,7.729
4325,4.325000,701139.351982,-1417338.133016,-716198.781034,8.304259e-03,33.691850,-229.438310,1608.786986,1.041,0.387,4.341
4326,4.326000,701134.815478,-1417330.437053,-716195.621575,8.308634e-03,33.048731,-229.939189,1608.445201,0.686,0.192,4.410
4327,4.327000,701130.815835,-1417323.064705,-716192.248870,8.313304e-03,32.385267,-230.421867,1608.229835,0.693,3.239,7.160
4328,4.328000,701125.521261,-1417316.059163,-716190.537902,8.315673e-03,31.680915,-230.852672,1607.967597,2.046,0.312,4.050
4329,4.329000,701120.473258,-1417309.454856,-716188.981598,8.317828e-03,30.924319,-231.323984,1607.678363,0.703,0.366,5.910
4330,4.330000,701114.420231,-1417303.277684,-716188.857453,8.318000e-03,30.218688,-231.752058,1607.376812,0.681,0.382,53.170
4331,4.331000,701108.091692,-1417297.560198,-716189.468506,8.317154e-03,29.436009,-232.232672,1607.068739,0.682,0.247,4.196
4332,4.332000,701102.984254,-1417292.325829,-716189.341575,8.317330e-03,28.724162,-232.730192,1606.778755,0.959,0.326,62.209
4333,4.333000,701099.404050,-1417287.611704,-716188.207655,8.318900e-03,28.022142,-233.105894,1606.394793,0.640,0.251,4.616
4334,4.334000,701097.669866,-1417283.453195,-716185.783329,8.322257e-03,27.342771,-233.459690,1606.012598,0.646,0.182,9.909
4335,4.335000,701096.002129,-1417279.886635,-716183.884506,8.324886e-03,26.615391,-233.865691,1605.639349,0.680,0.249,4.279
4336,4.336000,701095.525771,-1417276.953650,-716181.427879,8.328287e-03,25.872665,-234.216215,1605.327293,0.998,0.217,4.262
4337,4.337000,701096.555385,-1417274.699465,-716178.144080,8.332834e-03,25.155691,-234.532921,1604.980303,0.661,0.254,3.845
4338,4.338000,701098.399989,-1417273.155322,-716174.755333,8.337527e-03,24.564331,-234.898892,1604.540630,0.634,0.196,3.805
4339,4.339000,701100.856355,-1417272.353864,-716171.497509,8.342038e-03,23.937224,-235.207382,1604.110582,0.634,0.196,5.663
4340,4.340000,701103.189320,-1417272.315344,-716169.126024,8.345321e-03,23.322322,-235.537217,1603.713079,0.639,0.177,3.811
4341,4.341000,701104.574827,-1417273.058009,-716168.483183,8.346212e-03,22.691345,-235.870933,1603.369123,0.683,0.200,4.495
4342,4.342000,701108.264255,-1417274.585614,-716166.321359,8.349205e-03,22.067150,-236.202711,1603.063361,0.642,0.225,6.168
4343,4.343000,701112.490159,-1417276.889253,-716164.399094,8.351867e-03,21.415324,-236.526006,1602.707968,0.761,0.213,5.641
4344,4.344000,701119.021332,-1417279.961403,-716160.940071,8.356656e-03,20.725441,-236.814945,1602.446640,0.630,0.201,5.499
4345,4.345000,701125.113282,-1417283.770969,-716158.657687,8.359817e-03,20.004435,-237.077379,1602.156066,0.632,0.173,4.672
4346,4.346000,701130.493350,-1417288.278551,-716157.785201,8.361025e-03,19.296196,-237.415040,1601.887322,32.179,0.728,6.272
4347,4.347000,701138.176778,-1417293.443355,-716155.266577,8.364512e-03,18.638428,-237.748942,1601.657349,0.637,0.184,3.765
4348,4.348000,701146.236718,-1417299.213256,-716152.976539,8.367683e-03,18.035619,-238.018714,1601.356640,0.628,0.181,6.692
4349,4.349000,701153.737712,-1417305.512209,-716151.774496,8.369347e-03,17.489763,-238.246769,1601.032649,0.647,0.191,3.907
4350,4.350000,701162.006815,-1417312.275448,-716150.268633,8.371433e-03,16.961980,-238.394047,1600.645957,0.607,0.238,3.683
4351,4.351000,701169.816388,-1417319.440287,-716149.623899,8.372325e-03,16.385516,-238.634848,1600.241107,0.604,0.161,38.356
4352,4.352000,701179.309939,-1417326.945074,-716147.635135,8.375079e-03,15.906231,-238.859720,1599.746420,0.654,0.219,4.114
4353,4.353000,701189.248830,-1417334.735604,-716145.486773,8.378054e-03,15.414128,-239.136202,1599.326075,0.617,0.205,4.019
4354,4.354000,701198.509009,-1417342.761958,-716144.252948,8.379762e-03,14.840323,-239.338058,1598.885969,0.635,0.175,3.792
4355,4.355000,701207.999724,-1417350.982056,-716142.982332,8.381522e-03,14.249234,-239.579732,1598.497965,0.634,0.222,4.128
4356,4.356000,701220.200844,-1417359.361431,-716139.160587,8.386813e-03,13.690963,-239.793615,1598.043039,1.695,0.236,3.838
4357,4.357000,701233.355879,-1417367.874936,-716134.519058,8.393240e-03,13.127717,-239.999531,1597.627451,0.619,0.188,3.832
4358,4.358000,701246.952243,-1417376.510900,-716129.558657,8.400109e-03,12.563538,-240.187163,1597.195897,0.631,0.166,3.796
4359,4.359000,701258.916645,-1417385.260726,-716126.344081,8.404560e-03,12.091869,-240.356407,1596.797174,0.632,0.166,3.757
4360,4.360000,701272.272542,-1417394.123545,-716121.851003,8.410781e-03,11.613581,-240.656480,1596.341873,0.649,0.189,3.783
4361,4.361000,701285.535534,-1417403.112490,-716117.576956,8.416700e-03,11.107627,-240.934665,1595.870673,0.628,0.144,3.705
4362,4.362000,701300.338935,-1417412.248523,-716111.909588,8.424547e-03,10.523401,-241.316563,1595.409197,0.634,0.178,3.803
4363,4.363000,701315.008797,-1417421.546684,-716106.537887,8.431985e-03,9.877847,-241.677230,1594.952148,0.626,0.146,3.709
4364,4.364000,701328.704828,-1417431.008867,-716102.304040,8.437847e-03,9.167192,-242.050836,1594.566869,0.627,0.153,5.353
4365,4.365000,701342.543771,-1417440.637883,-716098.094112,8.443677e-03,8.502937,-242.418963,1594.148103,0.629,0.166,3.730
4366,4.366000,701354.985955,-1417450.436788,-716095.450833,8.447337e-03,7.836952,-242.797485,1593.646804,0.656,0.155,3.886
4367,4.367000,701368.741866,-1417460.413612,-716091.671747,8.452570e-03,7.179965,-243.130554,1593.132674,0.638,0.154,3.738
4368,4.368000,701383.227107,-1417470.561922,-716087.334815,8.458575e-03,6.601756,-243.434479,1592.645040,0.670,0.250,3.981
4369,4.369000,701396.454578,-1417480.872999,-716084.418420,8.462613e-03,5.957676,-243.724229,1592.055847,0.669,0.191,4.026
4370,4.370000,701410.261672,-1417491.350988,-716081.089316,8.467223e-03,5.283387,-243.975389,1591.526787,0.630,0.142,3.714
4371,4.371000,701424.452588,-1417501.989279,-716077.536692,8.472142e-03,4.622894,-244.167056,1590.960567,0.672,0.159,3.944
4372,4.372000,701437.435711,-1417512.790941,-716075.355231,8.475163e-03,3.941415,-244.301903,1590.363236,0.675,0.167,3.977
4373,4.373000,701450.934387,-1417523.756981,-716072.822593,8.478669e-03,3.265680,-244.447082,1589.813472,0.660,0.145,3.904
4374,4.374000,701464.730839,-1417534.884696,-716070.153857,8.482365e-03,2.529180,-244.553897,1589.272190,0.669,0.184,4.648
4375,4.375000,701478.677632,-1417546.179476,-716067.501845,8.486037e-03,1.771372,-244.672870,1588.675971,0.668,0.176,4.022
4376,4.376000,701492.559457,-1417557.632978,-716065.073521,8.489399e-03,0.992758,-244.774992,1588.094959,0.635,0.212,5.469
4377,4.377000,701506.217420,-1417569.237615,-716063.020195,8.492242e-03,0.269995,-244.854555,1587.528172,0.635,0.160,3.784
4378,4.378000,701519.393720,-1417580.989144,-716061.595424,8.494215e-03,-0.505119,-244.907863,1586.913851,0.663,0.154,3.986
4379,4.379000,701534.060432,-1417592.879547,-716058.819115,8.498060e-03,-1.290739,-245.019597,1586.259588,0.665,0.170,3.952
4380,4.380000,701547.230913,-1417604.903518,-716057.672605,8.499647e-03,-2.117195,-245.064758,1585.662865,0.660,0.143,3.892
4381,4.381000,701559.635568,-1417617.039851,-716057.404284,8.500019e-03,-2.832596,-245.048382,1584.958334,0.662,0.154,3.969
4382,4.382000,701572.211843,-1417629.278528,-716057.066686,8.500486e-03,-3.521481,-245.059812,1584.197166,0.661,0.146,3.975
4383,4.383000,701585.251832,-1417641.596251,-716056.344419,8.501486e-03,-4.216436,-245.014323,1583.455337,0.662,0.145,3.960
4384,4.384000,701597.251641,-1417653.973235,-716056.721594,8.500964e-03,-4.937720,-244.994797,1582.810031,0.665,0.169,3.928
4385,4.385000,701608.780003,-1417666.399464,-716057.619461,8.499721e-03,-5.668696,-244.963703,1582.166195,0.660,0.145,3.898
4386,4.386000,701621.271616,-1417678.863898,-716057.592282,8.499758e-03,-6.445576,-244.984914,1581.603255,0.657,0.149,16.140
4387,4.387000,701634.643704,-1417691.365406,-716056.721702,8.500964e-03,-7.262873,-245.037567,1581.016064,0.660,0.158,3.926
4388,4.388000,701647.014051,-1417703.894741,-716056.880691,8.500744e-03,-7.996391,-245.149687,1580.441063,0.656,0.161,3.922
4389,4.389000,701659.732268,-1417716.451091,-716056.718823,8.500968e-03,-8.754343,-245.258909,1579.886603,1.485,0.161,3.955
4390,4.390000,701673.434747,-1417729.033165,-716055.598418,8.502519e-03,-9.556578,-245.374339,1579.340552,0.671,0.162,3.901
4391,4.391000,701689.071360,-1417741.638535,-716052.567175,8.506716e-03,-10.334377,-245.462526,1578.810188,0.653,0.170,3.802
4392,4.392000,701705.710551,-1417754.273733,-716048.563182,8.512261e-03,-11.067214,-245.555451,1578.298061,0.632,0.142,3.721
4393,4.393000,701721.593573,-1417766.957461,-716045.363887,8.516691e-03,-11.788713,-245.634411,1577.791966,4.540,0.301,4.070
4394,4.394000,701736.398834,-1417779.713486,-716043.314651,8.519528e-03,-12.542321,-245.706470,1577.277734,0.644,0.158,3.940
4395,4.395000,701752.851867,-1417792.562391,-716039.710524,8.524519e-03,-13.297849,-245.801085,1576.776424,0.634,0.162,3.692
4396,4.396000,701770.267794,-1417805.520874,-716035.253081,8.530691e-03,-13.966957,-245.909263,1576.277863,0.624,0.136,3.677
4397,4.397000,701788.796742,-1417818.608190,-716029.811448,8.538225e-03,-14.649529,-245.997629,1575.842075,0.656,0.161,10.881
4398,4.398000,701807.722061,-1417831.830062,-716024.108001,8.546123e-03,-15.285968,-246.115738,1575.383225,0.663,0.164,3.906
4399,4.399000,701826.483623,-1417845.174654,-716018.691031,8.553624e-03,-15.967529,-246.200693,1574.866489,0.632,0.160,3.785
4400,4.400000,701846.120029,-1417858.620113,-716012.500084,8.562196e-03,-16.599263,-246.318013,1574.492609,0.663,0.146,3.881
4401,4.401000,701865.723159,-1417872.130941,-716006.407782,8.570632e-03,-17.232260,-246.540319,1574.080791,0.658,0.147,3.883
4402,4.402000,701885.468018,-1417885.670221,-716000.202203,8.579224e-03,-17.965890,-246.774060,1573.695047,0.661,0.156,4.162
4403,4.403000,701907.098222,-1417899.199848,-715992.101626,8.590441e-03,-18.718729,-247.075513,1573.411095,0.668,0.155,3.967
4404,4.404000,701927.847992,-1417912.691213,-715984.843221,8.600491e-03,-19.429974,-247.324844,1573.009328,0.660,0.142,3.895
4405,4.405000,701947.586314,-1417926.122220,-715978.535907,8.609225e-03,-20.137223,-247.486964,1572.595391,0.630,0.147,3.765
4406,4.406000,701966.409749,-1417939.464403,-715973.054653,8.616815e-03,-20.884008,-247.671689,1572.251663,0.718,0.306,3.963
4407,4.407000,701984.886026,-1417952.687421,-715967.801395,8.624089e-03,-21.701430,-247.859672,1571.815223,0.627,0.148,3.724
4408,4.408000,702001.845485,-1417965.763636,-715963.918151,8.629466e-03,-22.414327,-248.035787,1571.444615,0.655,0.141,3.873
4409,4.409000,702018.459537,-1417978.670967,-715960.211430,8.634598e-03,-23.161834,-248.279397,1571.068579,1.103,0.169,3.983
4410,4.410000,702036.131505,-1417991.386866,-715955.255361,8.641461e-03,-23.948682,-248.568072,1570.721727,0.670,0.166,8.402
4411,4.411000,702052.823530,-1418003.910116,-715951.086586,8.647233e-03,-24.770111,-248.957941,1570.412290,0.662,0.148,3.934
4412,4.412000,702069.046104,-1418016.239483,-715947.193378,8.652624e-03,-25.546281,-249.331006,1570.151968,0.659,0.147,3.881
4413,4.413000,702085.463428,-1418028.399571,-715942.936143,8.658519e-03,-26.314333,-249.681949,1569.924834,0.635,0.165,3.955
4414,4.414000,702100.334620,-1418040.430839,-715940.096219,8.662451e-03,-27.128670,-250.003842,1569.826943,0.667,0.149,3.933
4415,4.415000,702115.688061,-1418052.389823,-715936.701762,8.667151e-03,-27.873299,-250.341157,1569.717211,0.667,0.164,3.920
4416,4.416000,702130.019727,-1418064.340631,-715934.320904,8.670448e-03,-28.622223,-250.712873,1569.561755,0.628,0.139,9.168
4417,4.417000,702143.995672,-1418076.356483,-715932.360811,8.673162e-03,-29.391886,-251.039757,1569.417344,0.656,0.159,3.934
4418,4.418000,702159.022269,-1418088.515146,-715929.492877,8.677133e-03,-30.118753,-251.378806,1569.258464,0.673,0.157,3.929
4419,4.419000,702174.188305,-1418100.886553,-715926.698248,8.681003e-03,-30.860597,-251.759726,1569.050698,0.662,0.159,3.964
4420,4.420000,702188.492487,-1418113.531127,-715925.038640,8.683301e-03,-31.622578,-252.193103,1568.783671,0.664,0.150,3.906
4421,4.421000,702202.692855,-1418126.490012,-715923.797156,8.685020e-03,-32.432237,-252.586669,1568.512097,0.667,0.165,3.945
4422,4.422000,702216.976239,-1418139.806143,-715922.829904,8.686359e-03,-33.118277,-252.903265,1568.289979,0.664,0.183,3.964
4423,4.423000,702231.428428,-1418153.502071,-715922.073642,8.687406e-03,-33.770898,-253.222559,1568.040608,0.654,0.170,3.864
4424,4.424000,702247.076034,-1418167.598294,-715920.522260,8.689554e-03,-34.457373,-253.518318,1567.742726,0.655,0.146,3.881
4425,4.425000,702263.293328,-1418182.092008,-715918.798679,8.691941e-03,-35.131721,-253.815099,1567.404738,0.663,0.171,3.976
4426,4.426000,702280.782482,-1418196.969875,-715916.187394,8.695557e-03,-35.921033,-254.106817,1567.023387,0.658,0.135,3.902
4427,4.427000,702298.077133,-1418212.213239,-715914.136106,8.698397e-03,-36.686165,-254.388847,1566.637171,0.661,0.153,3.938
4428,4.428000,702314.691677,-1418227.784440,-715913.092764,8.699842e-03,-37.563227,-254.681323,1566.192499,1.008,0.405,6.016
4429,4.429000,702331.987867,-1418243.628078,-715911.640211,8.701853e-03,-38.369058,-255.058748,1565.730081,0.668,0.179,3.884
4430,4.430000,702349.489938,-1418259.675891,-715910.185953,8.703867e-03,-39.137688,-255.428867,1565.317672,1.034,0.550,4.013
4431,4.431000,702367.980048,-1418275.843479,-715907.863432,8.707083e-03,-39.871352,-255.822434,1564.970184,0.637,0.164,3.707
4432,4.432000,702385.551652,-1418292.055528,-715906.503876,8.708965e-03,-40.577556,-256.230857,1564.650742,0.662,0.154,3.983
4433,4.433000,702404.070204,-1418308.224252,-715904.154047,8.712219e-03,-41.215007,-256.620006,1564.350626,0.661,0.169,3.948
4434,4.434000,702422.438554,-1418324.283128,-715901.844574,8.715417e-03,-41.894581,-256.987183,1564.067035,0.664,0.161,8.715
4435,4.435000,702439.003687,-1418340.173827,-715901.170139,8.716351e-03,-42.623844,-257.329660,1563.713828,0.635,0.165,5.677
4436,4.436000,702456.323107,-1418355.845066,-715899.521959,8.718633e-03,-43.461276,-257.667723,1563.292879,0.666,0.167,4.009
4437,4.437000,702473.021358,-1418371.265732,-715898.244374,8.720402e-03,-44.324356,-258.003834,1562.887607,0.663,0.166,3.945
4438,4.438000,702489.236197,-1418386.424739,-715897.188543,8.721864e-03,-45.112188,-258.401706,1562.470868,0.622,0.135,3.709
4439,4.439000,702505.597724,-1418401.323057,-715895.725333,8.723890e-03,-45.864975,-258.870014,1561.955613,0.667,0.159,3.981
4440,4.440000,702520.742099,-1418415.949045,-715895.206946,8.724608e-03,-46.606239,-259.396925,1561.492916,0.960,0.330,7.579
4441,4.441000,702535.230332,-1418430.297600,-715895.067268,8.724801e-03,-47.323550,-259.827678,1560.972577,0.633,0.155,3.743
4442,4.442000,702549.404465,-1418444.356058,-715894.951593,8.724961e-03,-47.998532,-260.267118,1560.413588,0.629,0.158,4.137
4443,4.443000,702563.249817,-1418458.103652,-715894.853835,8.725097e-03,-48.694940,-260.678925,1559.927141,0.660,0.145,3.900
4444,4.444000,702576.539628,-1418471.520834,-715894.981206,8.724920e-03,-49.373726,-261.088567,1559.438997,0.665,0.164,3.923
4445,4.445000,702588.598944,-1418484.589989,-715895.991045,8.723522e-03,-49.998583,-261.535731,1559.002825,0.659,0.142,3.882
4446,4.446000,702602.737975,-1418497.290539,-715894.552564,8.725514e-03,-50.605290,-261.841632,1558.592099,0.628,0.146,3.700
4447,4.447000,702615.499935,-1418509.603111,-715894.103176,8.726136e-03,-51.158915,-262.193135,1558.169258,0.661,0.141,5.136
4448,4.448000,702628.986273,-1418521.504234,-715892.517961,8.728331e-03,-51.683291,-262.589450,1557.724745,0.666,0.166,5.441
4449,4.449000,702643.378775,-1418532.974897,-715889.596122,8.732377e-03,-52.242006,-263.066981,1557.268049,0.633,0.144,3.747
4450,4.450000,702656.171714,-1418544.007378,-715887.835664,8.734814e-03,-52.818638,-263.578585,1556.820912,0.671,0.166,3.940
4451,4.451000,702669.692986,-1418554.607013,-715884.914027,8.738860e-03,-53.414366,-264.029275,1556.349597,0.639,0.152,3.882
4452,4.452000,702682.957551,-1418564.783250,-715881.825699,8.743136e-03,-54.008388,-264.453936,1555.864497,0.671,0.156,4.011
4453,4.453000,702694.710179,-1418574.549625,-715879.839446,8.745887e-03,-54.698275,-264.832307,1555.347687,0.660,0.144,3.937
4454,4.454000,702704.878691,-1418583.923503,-715879.044812,8.746987e-03,-55.312139,-265.144597,1554.845355,0.660,0.146,3.892
4455,4.455000,702715.802784,-1418592.925189,-715877.122404,8.749649e-03,-55.926717,-265.377938,1554.287322,0.668,0.156,3.980
4456,4.456000,702726.161416,-1418601.568312,-715875.406896,8.752024e-03,-56.558619,-265.604038,1553.706548,0.632,0.146,3.935
4457,4.457000,702735.378142,-1418609.866218,-715874.488076,8.753296e-03,-57.138228,-265.880240,1553.090217,0.663,0.150,3.914
4458,4.458000,702744.006667,-1418617.827279,-715873.820612,8.754221e-03,-57.693052,-266.154220,1552.490448,0.630,0.152,3.820
4459,4.459000,702751.853423,-1418625.441532,-715873.588109,8.754543e-03,-58.254881,-266.453728,1551.905074,1.368,1.122,4.227
4460,4.460000,702758.280517,-1418632.698588,-715874.418071,8.753393e-03,-58.830748,-266.715509,1551.259206,0.632,0.151,3.691
4461,4.461000,702762.932680,-1418639.580105,-715876.647425,8.750306e-03,-59.361429,-267.026705,1550.591799,0.661,0.153,3.903
4462,4.462000,702766.229360,-1418646.058334,-715879.828974,8.745901e-03,-59.918258,-267.350346,1549.970897,0.671,1.331,7.911
4463,4.463000,702770.050249,-1418652.110049,-715882.059800,8.742812e-03,-60.412288,-267.714213,1549.309604,0.672,0.192,3.943
4464,4.464000,702775.144617,-1418657.719266,-715882.574649,8.742099e-03,-60.897954,-268.021253,1548.653896,0.672,0.211,3.992
4465,4.465000,702780.144615,-1418662.866446,-715882.721831,8.741895e-03,-61.391785,-268.414983,1548.069195,0.841,1.841,5.602
4466,4.466000,702785.588907,-1418667.525821,-715881.936914,8.742982e-03,-61.919551,-268.815570,1547.467907,0.629,0.156,3.756
4467,4.467000,702789.922272,-1418671.676345,-715881.754073,8.743235e-03,-62.481326,-269.229087,1546.866287,0.634,0.168,3.697
4468,4.468000,702793.927967,-1418675.298108,-715881.370141,8.743767e-03,-63.143627,-269.650450,1546.345754,0.629,0.131,3.707
4469,4.469000,702798.670211,-1418678.377659,-715879.707448,8.746069e-03,-63.817123,-270.066136,1545.786273,0.655,0.138,5.294
4470,4.470000,702801.640312,-1418680.920271,-715879.279960,8.746661e-03,-64.515304,-270.539215,1545.306115,0.654,0.194,9.175
4471,4.471000,702804.225136,-1418682.944847,-715878.719711,8.747437e-03,-65.217591,-271.051870,1544.779816,0.667,0.160,4.025
4472,4.472000,702806.650355,-1418684.483798,-715877.833442,8.748664e-03,-65.892041,-271.625198,1544.294953,0.626,0.167,3.719
4473,4.473000,702809.745813,-1418685.590261,-715875.844448,8.751418e-03,-66.631898,-272.230127,1543.774243,0.675,0.147,3.887
4474,4.474000,702813.120926,-1418686.320014,-715873.199087,8.755081e-03,-67.328685,-272.791943,1543.215835,0.628,0.147,3.765
4475,4.475000,702817.305434,-1418686.732391,-715869.426958,8.760304e-03,-68.023812,-273.361991,1542.690063,0.664,0.169,7.244
4476,4.476000,702819.112725,-1418686.873233,-715867.760508,8.762612e-03,-68.720746,-273.888572,1542.154616,0.668,0.165,3.946
4477,4.477000,702821.263129,-1418686.776952,-715865.513823,8.765723e-03,-69.441508,-274.398758,1541.581008,0.632,0.147,3.700
4478,4.478000,702823.893948,-1418686.453297,-715862.559349,8.769814e-03,-70.189554,-274.823189,1540.997400,0.663,0.153,3.984
4479,4.479000,702824.885101,-1418685.897276,-715861.012175,8.771956e-03,-70.957839,-275.155495,1540.402392,0.664,0.146,3.940
4480,4.480000,702824.014259,-1418685.078774,-715861.064516,8.771884e-03,-71.685459,-275.416428,1539.749783,0.659,0.143,3.892
4481,4.481000,702823.046642,-1418683.962830,-715860.916188,8.772089e-03,-72.429791,-275.618676,1539.097225,0.662,0.142,3.884
4482,4.482000,702822.504976,-1418682.506324,-715860.001348,8.773356e-03,-73.111928,-275.826148,1538.408441,0.630,0.146,3.684
4483,4.483000,702820.226250,-1418680.666967,-715860.440717,8.772747e-03,-73.784066,-276.072274,1537.636261,0.632,0.164,5.649
4484,4.484000,702817.941305,-1418678.402836,-715860.461532,8.772718e-03,-74.467579,-276.166337,1536.880906,1.210,0.375,4.651
4485,4.485000,702814.850160,-1418675.683450,-715860.833290,8.772204e-03,-75.039541,-276.256474,1536.192226,0.633,0.166,3.685
4486,4.486000,702811.193561,-1418672.495687,-715861.302126,8.771555e-03,-75.584943,-276.366473,1535.425547,0.628,0.154,3.706
4487,4.487000,702806.433862,-1418668.850449,-715862.416587,8.770011e-03,-76.089946,-276.479889,1534.651245,0.662,0.148,3.866
4488,4.488000,702802.228644,-1418664.770819,-715862.542176,8.769837e-03,-76.535715,-276.595321,1533.901218,0.670,0.162,3.987
4489,4.489000,702797.311558,-1418660.299025,-715862.987468,8.769221e-03,-76.917787,-276.697777,1533.136371,2.184,0.158,4.039
4490,4.490000,702792.167452,-1418655.489770,-715863.322317,8.768757e-03,-77.215326,-276.762285,1532.361993,0.651,0.173,5.827
4491,4.491000,702786.723090,-1418650.399327,-715863.676237,8.768267e-03,-77.586253,-276.839295,1531.628362,0.635,0.140,3.687
4492,4.492000,702781.749637,-1418645.089911,-715863.340274,8.768732e-03,-78.000075,-276.928551,1530.840010,0.663,0.150,3.754
4493,4.493000,702776.345217,-1418639.616017,-715863.270800,8.768829e-03,-78.438313,-277.032747,1530.026215,0.629,0.151,3.672
4494,4.494000,702769.710376,-1418634.021694,-715864.311318,8.767388e-03,-78.856320,-277.135520,1529.179852,0.627,0.143,3.663
4495,4.495000,702761.546429,-1418628.346523,-715866.800094,8.763942e-03,-79.340663,-277.268251,1528.356649,0.630,0.153,3.722
4496,4.496000,702753.926422,-1418622.627705,-715868.701283,8.761309e-03,-79.811560,-277.471361,1527.561292,0.659,0.141,3.860
4497,4.497000,702746.280171,-1418616.887291,-715870.607120,8.758670e-03,-80.277545,-277.625002,1526.795107,0.694,0.195,3.954
4498,4.498000,702738.418108,-1418611.132633,-715872.714525,8.755752e-03,-80.774573,-277.827810,1525.982570,0.662,0.138,3.856
4499,4.499000,702730.152755,-1418605.366016,-715875.213261,8.752292e-03,-81.306465,-278.036118,1525.205399,4.139,0.446,11.056
4500,4.500000,702722.555245,-1418599.588964,-715877.033719,8.749772e-03,-81.773620,-278.276687,1524.400641,0.637,0.165,3.699
4501,4.501000,702714.823839,-1418593.794165,-715878.970326,8.747090e-03,-82.213669,-278.546684,1523.530826,0.663,0.161,3.886
4502,4.502000,702707.726941,-1418587.980729,-715880.253788,8.745313e-03,-82.616075,-278.833194,1522.677724,0.669,0.173,3.947
4503,4.503000,702700.473481,-1418582.142657,-715881.669176,8.743353e-03,-83.065030,-279.074499,1521.810819,1.017,0.385,4.147
4504,4.504000,702692.991115,-1418576.281506,-715883.290391,8.741108e-03,-83.609488,-279.336095,1520.912940,0.667,0.180,3.902
4505,4.505000,702685.786370,-1418570.405771,-715884.619400,8.739268e-03,-84.198165,-279.684844,1520.071068,0.668,0.173,3.886
4506,4.506000,702677.891881,-1418564.515751,-715886.623870,8.736492e-03,-84.801352,-279.998093,1519.177949,0.659,0.141,3.860
4507,4.507000,702670.063831,-1418558.621399,-715888.557568,8.733815e-03,-85.422615,-280.279490,1518.314391,0.626,0.150,3.666
4508,4.508000,702662.150311,-1418552.732135,-715890.581824,8.731012e-03,-86.084638,-280.517625,1517.551026,0.660,0.142,3.880
4509,4.509000,702652.683091,-1418546.866673,-715894.183582,8.726025e-03,-86.691185,-280.801276,1516.863580,0.658,0.142,8.198
4510,4.510000,702643.493116,-1418541.024365,-715897.531249,8.721389e-03,-87.286955,-281.017163,1516.224205,0.667,0.155,3.796
4511,4.511000,702634.257163,-1418535.201081,-715900.943918,8.716664e-03,-87.803453,-281.288546,1515.526793,0.628,0.137,3.700
4512,4.512000,702624.903747,-1418529.395285,-715904.491538,8.711752e-03,-88.413188,-281.558917,1514.778553,0.662,0.147,3.892
4513,4.513000,702615.946468,-1418523.589500,-715907.643032,8.707388e-03,-88.960702,-281.807178,1514.119951,0.673,0.199,3.953
4514,4.514000,702605.786295,-1418517.768291,-715911.981997,8.701380e-03,-89.487102,-282.034965,1513.404128,0.678,0.195,3.948
4515,4.515000,702596.812028,-1418511.917072,-715915.105044,8.697055e-03,-90.082182,-282.188709,1512.678430,0.629,0.139,3.809
4516,4.516000,702587.184735,-1418506.028773,-715918.844038,8.691878e-03,-90.707953,-282.383454,1511.964679,0.672,0.156,3.856
4517,4.517000,702578.166442,-1418500.085533,-715921.919091,8.687620e-03,-91.307033,-282.520456,1511.283020,0.662,0.142,3.754
4518,4.518000,702567.376234,-1418494.083986,-715926.707751,8.680990e-03,-91.827131,-282.592636,1510.597135,0.663,0.143,3.868
4519,4.519000,702555.456239,-1418488.035055,-715932.578816,8.672860e-03,-92.277692,-282.686892,1509.985542,0.671,0.172,4.022
4520,4.520000,702543.702619,-1418481.955166,-715938.252547,8.665004e-03,-92.699904,-282.760332,1509.420359,0.667,0.179,3.961
4521,4.521000,702530.413936,-1418475.857476,-715945.443540,8.655047e-03,-93.043767,-282.770265,1508.913303,0.671,0.148,3.921
4522,4.522000,702516.822910,-1418469.760971,-715952.938060,8.644669e-03,-93.449331,-282.755175,1508.349592,0.628,0.136,3.711
4523,4.523000,702504.364430,-1418463.674083,-715959.309653,8.635847e-03,-93.893084,-282.728954,1507.785709,0.664,0.155,3.897
4524,4.524000,702493.807511,-1418457.608950,-715963.801439,8.629627e-03,-94.393916,-282.735016,1507.245307,0.632,0.140,3.681
4525,4.525000,702484.381915,-1418451.557991,-715967.176076,8.624955e-03,-94.894251,-282.742654,1506.793702,0.632,0.140,3.719
4526,4.526000,702473.722666,-1418445.506818,-715971.784152,8.618574e-03,-95.380587,-282.764010,1506.238464,0.663,0.140,3.870
4527,4.527000,702463.884349,-1418439.423496,-715975.539148,8.613374e-03,-95.958753,-282.810053,1505.642199,0.675,0.170,3.954
4528,4.528000,702453.110902,-1418433.260447,-715980.149545,8.606991e-03,-96.534470,-282.874114,1505.103867,0.629,0.144,3.666
4529,4.529000,702444.565717,-1418426.952719,-715982.387001,8.603892e-03,-97.119771,-282.942916,1504.702788,0.656,0.139,3.849
4530,4.530000,702436.382316,-1418420.427507,-715984.045191,8.601596e-03,-97.689463,-283.062271,1504.319939,0.659,0.143,3.853
4531,4.531000,702427.590696,-1418413.608240,-715986.017544,8.598865e-03,-98.306265,-283.159435,1503.990043,0.669,2.795,6.809
4532,4.532000,702418.887777,-1418406.418854,-715987.531077,8.596770e-03,-98.896540,-283.284063,1503.561844,0.635,0.168,3.745
4533,4.533000,702409.303873,-1418398.787921,-715989.484049,8.594065e-03,-99.444542,-283.360902,1503.079690,0.630,0.161,3.743
4534,4.534000,702399.240444,-1418390.650887,-715991.410443,8.591398e-03,-100.008192,-283.362649,1502.557451,0.627,0.135,3.784
4535,4.535000,702388.200596,-1418381.960749,-715993.760153,8.588144e-03,-100.611057,-283.417590,1502.000212,0.664,0.183,3.950
4536,4.536000,702375.993202,-1418372.687186,-715996.693985,8.584082e-03,-101.109805,-283.463296,1501.549886,0.640,0.153,4.074
4537,4.537000,702365.328380,-1418362.819126,-715997.490746,8.582979e-03,-101.643074,-283.499670,1501.088464,0.667,0.152,3.949
4538,4.538000,702353.166110,-1418352.363242,-715999.197132,8.580616e-03,-102.174448,-283.527782,1500.596211,0.662,0.157,4.250
4539,4.539000,702341.427250,-1418341.333149,-715999.905899,8.579635e-03,-102.755247,-283.546338,1500.068278,0.666,0.154,3.884
4540,4.540000,702329.037463,-1418329.756056,-716000.718593,8.578509e-03,-103.336813,-283.589826,1499.569574,0.636,0.154,3.730
4541,4.541000,702316.493908,-1418317.668936,-716001.175027,8.577877e-03,-103.905155,-283.581934,1499.065536,0.629,0.148,3.675
4542,4.542000,702303.852497,-1418305.123083,-716001.270586,8.577745e-03,-104.477234,-283.643700,1498.573919,0.644,0.169,3.756
4543,4.543000,702292.029462,-1418292.170075,-716000.140612,8.579310e-03,-104.989414,-283.706322,1498.015788,0.677,0.178,3.974
4544,4.544000,702280.011053,-1418278.868938,-715998.857886,8.581086e-03,-105.579323,-283.781751,1497.437737,0.635,0.159,5.510
4545,4.545000,702267.465792,-1418265.287477,-715997.821685,8.582521e-03,-106.101679,-283.859486,1496.864620,0.665,0.153,3.874
4546,4.546000,702257.717379,-1418251.483376,-715993.765998,8.588136e-03,-106.646708,-283.925919,1496.301373,0.664,0.161,3.953
4547,4.547000,702245.883459,-1418237.513287,-715991.629829,8.591094e-03,-107.234412,-284.103446,1495.688148,0.635,0.187,3.775
4548,4.548000,702235.938859,-1418223.428473,-715987.489614,8.596827e-03,-107.789194,-284.227582,1495.159965,0.669,0.143,3.837
4549,4.549000,702225.495171,-1418209.272408,-715983.777237,8.601967e-03,-108.354940,-284.373342,1494.607718,0.638,0.170,3.777
4550,4.550000,702214.114526,-1418195.080116,-715980.965590,8.605861e-03,-108.838971,-284.454673,1494.071323,0.665,0.158,3.940
4551,4.551000,702202.310658,-1418180.892278,-715978.581621,8.609162e-03,-109.314805,-284.621035,1493.430216,0.664,0.169,3.949
4552,4.552000,702190.325087,-1418166.745575,-715976.420488,8.612154e-03,-109.847074,-284.730120,1492.831484,0.630,0.159,3.720
4553,4.553000,702178.380260,-1418152.680224,-715974.299963,8.615090e-03,-110.370123,-284.856301,1492.193936,0.629,0.150,27.870
4554,4.554000,702165.526383,-1418138.729611,-715973.203228,8.616609e-03,-110.882054,-285.116649,1491.569501,0.663,0.154,3.790
4555,4.555000,702151.842384,-1418124.931085,-715973.088701,8.616768e-03,-111.429528,-285.334072,1490.965788,0.627,0.145,3.720
4556,4.556000,702141.280806,-1418111.316073,-715970.035267,8.620995e-03,-112.031709,-285.547742,1490.322677,0.627,0.161,3.715
4557,4.557000,702130.430301,-1418097.912737,-715967.482435,8.624530e-03,-112.620022,-285.758091,1489.681141,0.627,0.150,3.705
4558,4.558000,702118.994290,-1418084.740255,-715965.745965,8.626935e-03,-113.166811,-285.902933,1489.079788,0.674,0.167,3.981
4559,4.559000,702107.166518,-1418071.813310,-715964.646792,8.628457e-03,-113.787545,-286.101595,1488.538245,0.662,0.143,3.889
4560,4.560000,702095.573052,-1418059.146041,-715963.572989,8.629944e-03,-114.407479,-286.283118,1488.033970,0.636,0.140,3.731
4561,4.561000,702084.661945,-1418046.745617,-715962.083672,8.632006e-03,-115.038411,-286.436932,1487.600348,0.668,0.173,3.942
4562,4.562000,702075.055832,-1418034.625328,-715959.569496,8.635487e-03,-115.656478,-286.552408,1487.190245,0.630,0.147,3.679
4563,4.563000,702065.164535,-1418022.794883,-715957.630348,8.638172e-03,-116.197046,-286.718992,1486.720763,0.659,0.137,3.857
4564,4.564000,702054.913161,-1418011.271136,-715956.357976,8.639934e-03,-116.750609,-286.957810,1486.258941,0.659,0.329,17.773
4565,4.565000,702044.928055,-1418000.065012,-715955.136957,8.641625e-03,-117.268485,-287.247640,1485.727077,0.625,0.156,3.861
4566,4.566000,702034.580649,-1417989.180692,-715954.600043,8.642368e-03,-117.768269,-287.650778,1485.096026,0.634,0.158,3.759
4567,4.567000,702023.860234,-1417978.642339,-715954.782105,8.642116e-03,-118.295323,-288.053274,1484.442146,2.993,2.019,5.879
4568,4.568000,702013.046890,-1417968.468595,-715955.421705,8.641230e-03,-118.890153,-288.439851,1483.731104,0.666,0.151,3.970
4569,4.569000,702003.223987,-1417958.683138,-715955.459151,8.641179e-03,-119.397764,-288.883318,1483.041769,0.682,0.258,3.988
4570,4.570000,701993.682863,-1417949.304191,-715955.621328,8.640954e-03,-119.899538,-289.257221,1482.408113,0.635,0.195,3.776
4571,4.571000,701982.998155,-1417940.355786,-715957.357631,8.638550e-03,-120.362596,-289.699766,1481.728370,0.669,0.155,3.923
4572,4.572000,701973.941371,-1417931.847134,-715957.905763,8.637791e-03,-120.795437,-290.079288,1481.086082,0.666,0.141,3.884
4573,4.573000,701965.975656,-1417923.793983,-715957.818327,8.637912e-03,-121.233222,-290.520481,1480.367711,0.669,0.162,3.879
4574,4.574000,701958.820040,-1417916.190449,-715957.370410,8.638532e-03,-121.732050,-290.932405,1479.722701,0.673,0.167,3.775
4575,4.575000,701952.626849,-1417909.041537,-715956.414688,8.639855e-03,-122.125440,-291.327338,1479.078858,0.672,0.169,3.982
4576,4.576000,701947.131769,-1417902.347597,-715955.215828,8.641515e-03,-122.527683,-291.694388,1478.382883,0.635,0.223,6.577
4577,4.577000,701941.865462,-1417896.102027,-715954.236565,8.642871e-03,-122.982033,-292.107075,1477.788311,0.667,0.158,3.833
4578,4.578000,701937.504388,-1417890.292939,-715952.788551,8.644876e-03,-123.294696,-292.487305,1477.134176,0.628,0.143,3.876
4579,4.579000,701934.620282,-1417884.905218,-715950.284935,8.648343e-03,-123.657445,-292.915942,1476.482215,0.637,0.145,3.671
4580,4.580000,701932.988271,-1417879.920380,-715946.932110,8.652986e-03,-123.998782,-293.362112,1475.834010,0.664,0.197,3.751
4581,4.581000,701932.604347,-1417875.317116,-715942.712769,8.658828e-03,-124.443393,-293.844431,1475.213362,0.663,0.153,3.878
4582,4.582000,701932.857867,-1417871.057491,-715938.199625,8.665077e-03,-124.829030,-294.328959,1474.532180,0.643,0.194,4.074
4583,4.583000,701933.767302,-1417867.114412,-715933.347110,8.671796e-03,-125.312912,-294.784236,1473.847195,0.668,0.187,3.961
4584,4.584000,701934.366260,-1417863.457836,-715929.091576,8.677689e-03,-125.814493,-295.237449,1473.155956,0.667,0.172,3.920
4585,4.585000,701935.082745,-1417860.062562,-715924.979817,8.683382e-03,-126.297042,-295.670635,1472.407229,0.660,0.139,3.788
4586,4.586000,701934.098153,-1417856.905123,-715922.806970,8.686391e-03,-126.851844,-296.129447,1471.591970,0.628,0.182,3.672
4587,4.587000,701932.737895,-1417853.978931,-715921.241035,8.688559e-03,-127.402519,-296.636176,1470.723703,0.621,0.134,3.673
4588,4.588000,701930.502047,-1417851.278968,-715920.776920,8.689202e-03,-127.950447,-297.141313,1469.860461,0.621,0.125,3.655
4589,4.589000,701928.225782,-1417848.803924,-715920.578142,8.689477e-03,-128.487872,-297.607497,1468.979208,0.666,0.173,3.853
4590,4.590000,701925.721078,-1417846.532854,-715920.811776,8.689154e-03,-129.025717,-298.009156,1468.074114,0.664,0.207,4.534
4591,4.591000,701924.634635,-1417844.440896,-715919.806261,8.690546e-03,-129.592598,-298.432237,1467.211579,0.667,0.245,3.938
4592,4.592000,701922.285319,-1417842.505362,-715920.220043,8.689973e-03,-130.139802,-298.867335,1466.377121,0.650,0.199,4.937
4593,4.593000,701920.599672,-1417840.709116,-715920.109444,8.690126e-03,-130.711396,-299.325846,1465.536645,0.666,0.165,3.910
4594,4.594000,701918.856263,-1417839.034846,-715920.178583,8.690030e-03,-131.350585,-299.773208,1464.747253,0.629,0.184,3.682
4595,4.595000,701919.462417,-1417837.469490,-715918.007073,8.693037e-03,-132.008373,-300.170195,1463.975336,0.632,0.222,11.192
4596,4.596000,701919.449618,-1417836.017580,-715916.567961,8.695030e-03,-132.667261,-300.528792,1463.246383,0.629,0.152,3.702
4597,4.597000,701919.455684,-1417834.679904,-715915.224219,8.696890e-03,-133.267221,-300.932174,1462.579216,0.639,0.232,3.870
4598,4.598000,701920.133051,-1417833.463063,-715913.330012,8.699513e-03,-133.853383,-301.367531,1461.932567,0.634,0.148,3.688
4599,4.599000,701920.651737,-1417832.378936,-715911.727199,8.701733e-03,-134.471437,-301.789224,1461.296359,0.629,0.142,3.720
4600,4.600000,701921.892371,-1417831.425082,-715909.532711,8.704771e-03,-135.044286,-302.205902,1460.753090,0.671,0.816,3.999
4601,4.601000,701922.511631,-1417830.607036,-715908.095405,8.706761e-03,-135.665481,-302.690650,1460.194842,0.670,0.175,3.886
4602,4.602000,701922.581959,-1417829.928077,-715907.346118,8.707799e-03,-136.274745,-303.191848,1459.571151,0.626,0.141,3.678
4603,4.603000,701922.519014,-1417829.380967,-715906.861954,8.708469e-03,-136.945733,-303.751136,1458.954289,0.632,0.160,3.829
4604,4.604000,701922.457393,-1417828.961733,-715906.504341,8.708965e-03,-137.583008,-304.336505,1458.344067,1.225,0.394,8.398
4605,4.605000,701924.629820,-1417828.657849,-715904.028028,8.712393e-03,-138.231903,-304.890814,1457.754377,1.108,0.162,3.739
4606,4.606000,701927.632377,-1417828.450614,-715900.818237,8.716838e-03,-138.869229,-305.534412,1457.167789,0.667,0.150,3.974
4607,4.607000,701931.220399,-1417828.317650,-715897.097251,8.721990e-03,-139.512873,-306.128941,1456.579003,0.666,0.164,3.774
4608,4.608000,701934.282300,-1417828.240633,-715893.958333,8.726337e-03,-140.172949,-306.737586,1455.994291,0.666,0.157,3.981
4609,4.609000,701937.869638,-1417828.201947,-715890.332309,8.731357e-03,-140.927348,-307.359908,1455.435322,0.663,0.160,3.913
4610,4.610000,701941.670538,-1417828.185605,-715886.515067,8.736643e-03,-141.651777,-308.014431,1454.884310,0.636,0.153,3.737
4611,4.611000,701945.166907,-1417828.199917,-715883.033010,8.741465e-03,-142.389444,-308.623828,1454.383400,0.629,0.141,3.678
4612,4.612000,701949.075843,-1417828.252742,-715879.176899,8.746804e-03,-143.129694,-309.212382,1453.794453,0.668,0.172,5.868
4613,4.613000,701952.706322,-1417828.372326,-715875.666004,8.751665e-03,-143.896855,-309.828711,1453.253916,0.669,0.209,3.889
4614,4.614000,701955.908111,-1417828.580598,-715872.672487,8.755810e-03,-144.556454,-310.369659,1452.592599,0.639,0.144,3.875
4615,4.615000,701958.189748,-1417828.899435,-715870.709687,8.758528e-03,-145.290367,-310.918979,1451.930517,0.669,0.170,3.744
4616,4.616000,701959.386611,-1417829.351087,-715869.964476,8.759560e-03,-146.007819,-311.465827,1451.293573,0.660,0.153,3.866
4617,4.617000,701960.867485,-1417829.955904,-715869.088419,8.760773e-03,-146.772592,-312.049930,1450.693832,0.625,0.129,3.791
4618,4.618000,701962.970756,-1417830.739978,-715867.769222,8.762600e-03,-147.517977,-312.745525,1450.192413,0.659,0.158,3.688
4619,4.619000,701964.246732,-1417831.730852,-715867.484119,8.762995e-03,-148.327409,-313.459467,1449.757522,0.665,0.157,3.936
4620,4.620000,701968.131258,-1417832.945494,-715864.814237,8.766691e-03,-149.091286,-314.110472,1449.309548,0.628,0.128,3.673
4621,4.621000,701972.825333,-1417834.408299,-715861.582966,8.771166e-03,-149.811365,-314.822435,1448.851039,0.659,0.149,3.851
4622,4.622000,701979.012600,-1417836.132269,-715857.119669,8.777346e-03,-150.567090,-315.459954,1448.398892,1.229,0.548,3.997
4623,4.623000,701985.387826,-1417838.128461,-715852.740635,8.783409e-03,-151.387828,-316.074742,1447.954574,0.659,0.201,11.448
4624,4.624000,701991.560445,-1417840.400373,-715848.839928,8.788810e-03,-152.189002,-316.732309,1447.466390,0.637,0.167,5.045
4625,4.625000,701997.716114,-1417842.946158,-715845.230044,8.793809e-03,-152.974268,-317.384173,1446.984279,0.637,0.166,5.725
4626,4.626000,702003.718819,-1417845.766306,-715842.047487,8.798216e-03,-153.779538,-317.960875,1446.505260,0.638,0.173,3.714
4627,4.627000,702011.772822,-1417848.863284,-715837.090463,8.805080e-03,-154.577360,-318.514497,1446.034346,0.663,0.154,3.873
4628,4.628000,702019.370334,-1417852.256757,-715832.886423,8.810901e-03,-155.378402,-319.015709,1445.497156,0.640,0.148,3.707
4629,4.629000,702026.325480,-1417855.959567,-715829.634087,8.815404e-03,-156.247301,-319.481086,1445.004486,0.658,0.147,3.874
4630,4.630000,702034.926969,-1417859.991149,-715825.064180,8.821732e-03,-157.109586,-320.007121,1444.529015,0.657,0.150,3.901
4631,4.631000,702043.655093,-1417864.372212,-715820.717119,8.827751e-03,-157.935546,-320.568363,1444.046600,0.664,0.152,3.845
4632,4.632000,702052.010803,-1417869.128947,-715817.118144,8.832735e-03,-158.711888,-321.135569,1443.519727,0.658,0.134,3.802
4633,4.633000,702061.988669,-1417874.286621,-715812.297951,8.839409e-03,-159.498649,-321.656170,1443.014966,0.657,0.135,3.860
4634,4.634000,702072.638880,-1417879.860212,-715807.221332,8.846438e-03,-160.265858,-322.134367,1442.495338,0.667,0.165,3.993
4635,4.635000,702083.440834,-1417885.860755,-715802.419921,8.853087e-03,-160.973023,-322.631437,1441.923903,0.691,0.173,3.969
4636,4.636000,702094.880739,-1417892.294094,-715797.413354,8.860019e-03,-161.718149,-323.060308,1441.350805,0.642,0.178,15.158
4637,4.637000,702105.875302,-1417899.163383,-715793.288081,8.865731e-03,-162.511970,-323.446885,1440.791104,0.679,0.177,3.983
4638,4.638000,702117.496105,-1417906.463293,-715788.967189,8.871714e-03,-163.296606,-323.849484,1440.317660,0.668,0.227,3.803
4639,4.639000,702128.087880,-1417914.181353,-715786.093473,8.875693e-03,-164.111743,-324.287203,1439.921455,0.627,0.164,3.707
4640,4.640000,702139.745636,-1417922.293796,-715782.548160,8.880602e-03,-164.877651,-324.699707,1439.477218,0.657,0.143,3.741
4641,4.641000,702152.816002,-1417930.762719,-715777.946717,8.886974e-03,-165.692030,-325.209919,1439.054963,0.660,0.141,7.212
4642,4.642000,702167.005111,-1417939.560455,-715772.555344,8.894439e-03,-166.479431,-325.731650,1438.666886,0.665,0.172,3.824
4643,4.643000,702181.967153,-1417948.653503,-715766.686350,8.902566e-03,-167.293737,-326.214482,1438.299072,0.664,0.158,3.910
4644,4.644000,702197.530535,-1417957.991559,-715760.461024,8.911186e-03,-168.123858,-326.627848,1437.898537,0.628,0.147,3.715
4645,4.645000,702212.255675,-1417967.523599,-715755.267924,8.918376e-03,-168.931924,-327.118758,1437.428370,0.625,0.138,11.094
4646,4.646000,702227.354892,-1417977.199577,-715749.844685,8.925886e-03,-169.701944,-327.595782,1437.008254,0.665,0.181,3.983
4647,4.647000,702242.299727,-1417986.966215,-715744.666488,8.933056e-03,-170.520258,-327.983705,1436.541265,0.655,0.164,3.860
4648,4.648000,702257.145427,-1417996.772728,-715739.627302,8.940033e-03,-171.350800,-328.407958,1436.101069,0.633,0.168,3.920
4649,4.649000,702272.347242,-1418006.565249,-715734.218008,8.947524e-03,-172.147727,-328.809606,1435.715613,0.644,0.148,3.705
4650,4.650000,702287.005243,-1418016.294353,-715729.289110,8.954348e-03,-172.964404,-329.250816,1435.357846,0.626,0.127,12.671
4651,4.651000,702301.251167,-1418025.916095,-715724.664929,8.960751e-03,-173.828400,-329.775539,1434.887549,0.650,0.160,3.844
4652,4.652000,702312.964818,-1418035.393706,-715722.428887,8.963848e-03,-174.547057,-330.225848,1434.427886,0.687,0.166,3.776
4653,4.653000,702322.620517,-1418044.688711,-715722.068194,8.964347e-03,-175.289052,-330.637987,1433.985735,0.628,0.160,3.738
4654,4.654000,702332.000959,-1418053.777847,-715721.776887,8.964750e-03,-176.109644,-331.025194,1433.515740,0.629,0.136,3.702
4655,4.655000,702340.160072,-1418062.641134,-715722.481062,8.963775e-03,-176.891354,-331.384504,1433.021091,0.626,0.139,3.681
4656,4.656000,702349.416701,-1418071.262961,-715721.846260,8.964654e-03,-177.584491,-331.800117,1432.522399,0.629,0.148,3.688
4657,4.657000,702357.559529,-1418079.635525,-715722.075996,8.964336e-03,-178.251169,-332.299973,1431.997982,0.636,0.187,3.788
4658,4.658000,702364.728556,-1418087.755217,-715723.026662,8.963020e-03,-178.919528,-332.779852,1431.494244,0.633,0.166,3.772
4659,4.659000,702371.453631,-1418095.631239,-715724.177609,8.961426e-03,-179.565014,-333.266466,1430.987077,0.627,0.144,3.701
4660,4.660000,702378.308163,-1418103.273536,-715724.965372,8.960335e-03,-180.223975,-333.755594,1430.493838,0.630,0.153,3.724
4661,4.661000,702384.441382,-1418110.684977,-715726.243595,8.958565e-03,-180.920039,-334.201986,1430.006066,0.626,0.133,3.661
4662,4.662000,702391.284604,-1418117.880761,-715726.596157,8.958077e-03,-181.605586,-334.688026,1429.512229,0.624,0.454,9.501
4663,4.663000,702399.933465,-1418124.869789,-715724.936324,8.960376e-03,-182.381953,-335.175217,1429.087423,0.631,0.162,3.758
4664,4.664000,702408.878245,-1418131.665231,-715722.786985,8.963352e-03,-183.250711,-335.653469,1428.611446,0.629,0.146,3.753
4665,4.665000,702418.539666,-1418138.275726,-715719.736061,8.967576e-03,-184.182009,-335.964424,1428.003111,0.627,0.135,4.045
4666,4.666000,702427.768652,-1418144.708118,-715716.939466,8.971449e-03,-185.092093,-336.238509,1427.441472,0.638,0.205,3.811
4667,4.667000,702436.615020,-1418150.970545,-715714.355525,8.975026e-03,-185.967437,-336.498524,1426.865003,0.629,0.151,3.717
4668,4.668000,702446.571954,-1418157.074441,-715710.502488,8.980362e-03,-186.797703,-336.717314,1426.299706,0.652,0.168,3.674
4669,4.669000,702457.315532,-1418163.041263,-715705.725732,8.986976e-03,-187.703367,-336.958948,1425.755123,1.066,0.379,12.239
4670,4.670000,702468.192154,-1418168.893625,-715700.701471,8.993933e-03,-188.580741,-337.217261,1425.177571,0.744,0.209,3.884
4671,4.671000,702476.869380,-1418174.661303,-715697.791923,8.997961e-03,-189.445309,-337.491681,1424.584694,0.650,0.209,4.301
4672,4.672000,702483.969321,-1418180.384269,-715696.414948,8.999868e-03,-190.380948,-337.668675,1424.003984,0.667,0.166,3.753
4673,4.673000,702492.132248,-1418186.109830,-715693.977581,9.003243e-03,-191.385224,-337.908384,1423.354357,0.658,0.265,5.191
4674,4.674000,702497.556360,-1418191.887391,-715694.331031,9.002754e-03,-192.387522,-338.138559,1422.660702,0.631,0.159,3.757
4675,4.675000,702504.230610,-1418197.780353,-715693.549743,9.003835e-03,-193.448488,-338.358789,1421.980469,0.627,0.161,7.227
4676,4.676000,702509.304953,-1418203.838266,-715694.533313,9.002474e-03,-194.504187,-338.597768,1421.351358,0.632,0.312,5.244
4677,4.677000,702514.811624,-1418210.114987,-715695.303362,9.001407e-03,-195.517506,-338.807514,1420.671051,0.650,0.236,3.805
4678,4.678000,702521.988721,-1418216.660032,-715694.671311,9.002282e-03,-196.440575,-339.090844,1420.036739,0.630,0.151,3.677
4679,4.679000,702530.092377,-1418223.508684,-715693.416307,9.004020e-03,-197.321795,-339.307090,1419.415435,0.643,0.202,3.802
4680,4.680000,702539.667619,-1418230.688752,-715691.021133,9.007337e-03,-198.250539,-339.466072,1418.776331,0.629,0.139,3.671
4681,4.681000,702548.957015,-1418238.231565,-715689.274549,9.009755e-03,-199.100864,-339.692421,1418.147435,0.627,0.144,3.663
4682,4.682000,702558.792146,-1418246.154970,-715687.362825,9.012402e-03,-199.959283,-339.947579,1417.493320,0.629,0.142,3.646
4683,4.683000,702567.379692,-1418254.474025,-715687.094333,9.012774e-03,-200.793208,-340.150696,1416.899276,0.630,0.160,3.746
4684,4.684000,702575.049827,-1418263.196003,-715688.146177,9.011318e-03,-201.618141,-340.432368,1416.342296,0.626,0.152,3.691
4685,4.685000,702582.895203,-1418272.321589,-715689.426386,9.009545e-03,-202.464709,-340.687585,1415.749450,0.657,0.133,3.684
4686,4.686000,702590.011469,-1418281.847644,-715691.836175,9.006208e-03,-203.330681,-340.865066,1415.191598,0.629,0.162,3.789
4687,4.687000,702597.599730,-1418291.772177,-715694.172447,9.002973e-03,-204.183507,-341.087686,1414.615027,0.628,0.138,3.668
4688,4.688000,702606.225810,-1418302.080931,-715695.855121,9.000643e-03,-205.100218,-341.281640,1413.985075,0.629,0.160,3.665
4689,4.689000,702615.878723,-1418312.756710,-715696.877987,8.999227e-03,-206.071626,-341.418526,1413.310030,0.621,0.138,3.661
4690,4.690000,702625.215515,-1418323.772909,-715698.557395,8.996902e-03,-206.930647,-341.525016,1412.589623,0.631,0.182,3.761
4691,4.691000,702635.922270,-1418335.096289,-715699.174019,8.996048e-03,-207.774518,-341.612615,1411.869982,0.630,0.169,3.789
4692,4.692000,702645.709657,-1418346.687472,-715700.977815,8.993550e-03,-208.580883,-341.722059,1411.134396,0.652,0.190,3.753
4693,4.693000,702657.385034,-1418358.508255,-715701.123221,8.993349e-03,-209.394207,-341.857712,1410.382822,0.622,0.129,3.671
4694,4.694000,702669.273868,-1418370.520971,-715701.247102,8.993177e-03,-210.209887,-342.017692,1409.630318,0.884,0.161,5.422
4695,4.695000,702680.087659,-1418382.686432,-715702.598773,8.991306e-03,-211.026015,-342.180672,1408.907034,0.630,0.167,3.816
4696,4.696000,702692.009611,-1418394.970268,-715702.960657,8.990804e-03,-211.972837,-342.289517,1408.202788,0.632,0.164,9.976
4697,4.697000,702703.028705,-1418407.340842,-715704.312137,8.988933e-03,-212.979454,-342.430338,1407.504566,0.639,0.169,3.739
4698,4.698000,702714.920611,-1418419.767305,-715704.846694,8.988193e-03,-214.009893,-342.562580,1406.788418,0.628,0.183,3.677
4699,4.699000,702725.976062,-1418432.231662,-715706.255600,8.986242e-03,-215.030672,-342.672084,1406.120574,0.626,0.156,3.705
4700,4.700000,702738.222560,-1418444.717966,-715706.495405,8.985910e-03,-216.008051,-342.769881,1405.454894,0.658,0.134,3.854
4701,4.701000,702750.773304,-1418457.215450,-715706.442146,8.985984e-03,-216.983165,-342.983921,1404.767943,0.670,0.158,3.945
4702,4.702000,702761.436853,-1418469.736803,-715708.299949,8.983411e-03,-217.989936,-343.113350,1404.048169,0.663,0.165,3.968
4703,4.703000,702772.532605,-1418482.290430,-715709.757825,8.981393e-03,-218.940973,-343.205246,1403.385051,0.664,0.142,8.359
4704,4.704000,702783.893037,-1418494.885602,-715710.992565,8.979683e-03,-219.804489,-343.231786,1402.703405,0.668,0.159,3.948
4705,4.705000,702795.566013,-1418507.527200,-715711.961187,8.978342e-03,-220.702963,-343.290600,1402.020865,0.636,0.146,3.716
4706,4.706000,702809.617075,-1418520.205223,-715710.588148,8.980243e-03,-221.611466,-343.357336,1401.416967,0.639,0.158,3.809
4707,4.707000,702821.472134,-1418532.912712,-715711.440579,8.979063e-03,-222.552407,-343.439202,1400.875097,0.666,0.163,3.877
4708,4.708000,702833.205257,-1418545.636641,-715712.431385,8.977691e-03,-223.449154,-343.541097,1400.271080,0.667,0.167,23.102
4709,4.709000,702844.679926,-1418558.359909,-715713.679983,8.975962e-03,-224.277881,-343.669004,1399.723815,0.665,0.160,3.877
4710,4.710000,702855.622179,-1418571.068954,-715715.446775,8.973515e-03,-225.018712,-343.763239,1399.199101,0.635,0.158,3.842
4711,4.711000,702866.334636,-1418583.735891,-715717.401254,8.970809e-03,-225.754599,-343.847121,1398.722016,0.645,0.191,3.738
4712,4.712000,702875.862704,-1418596.335967,-715720.473263,8.966555e-03,-226.473743,-343.905171,1398.205245,0.663,0.151,3.856
4713,4.713000,702886.967311,-1418608.844667,-715721.877356,8.964611e-03,-227.172288,-343.963687,1397.708670,0.662,0.154,3.849
4714,4.714000,702899.469038,-1418621.240179,-715721.771142,8.964758e-03,-227.890537,-343.982838,1397.199267,0.623,0.145,3.655
4715,4.715000,702911.663222,-1418633.504679,-715721.841457,8.964661e-03,-228.659650,-343.989401,1396.747706,0.648,0.163,5.117
4716,4.716000,702920.781611,-1418645.638017,-715724.856406,8.960486e-03,-229.465185,-343.978042,1396.358089,0.689,0.186,7.214
4717,4.717000,702931.053229,-1418657.645309,-715726.592080,8.958083e-03,-230.267032,-343.971688,1396.000020,0.634,0.152,4.288
4718,4.718000,702942.083804,-1418669.541197,-715727.457394,8.956885e-03,-230.991414,-343.947777,1395.529939,0.640,0.207,6.767
4719,4.719000,702953.520061,-1418681.354722,-715727.834661,8.956362e-03,-231.643985,-343.910137,1395.041616,0.642,0.173,3.747
4720,4.720000,702963.383135,-1418693.118422,-715729.735287,8.953731e-03,-232.333182,-343.943062,1394.473955,0.630,0.142,3.720
4721,4.721000,702973.438703,-1418704.865477,-715731.426774,8.951388e-03,-233.082773,-343.935332,1393.886448,0.629,0.170,3.679
4722,4.722000,702983.576870,-1418716.621900,-715733.045029,8.949148e-03,-233.866538,-343.851978,1393.275266,0.667,0.161,3.925
4723,4.723000,702994.509457,-1418728.419541,-715733.910084,8.947950e-03,-234.672482,-343.757307,1392.723026,0.665,0.161,6.692
4724,4.724000,703003.585359,-1418740.269472,-715736.684113,8.944109e-03,-235.459501,-343.634875,1392.198085,0.667,0.189,5.719
4725,4.725000,703011.776765,-1418752.178664,-715740.401899,8.938961e-03,-236.255429,-343.591846,1391.553757,0.633,0.162,6.585
4726,4.726000,703020.495209,-1418764.134360,-715743.639151,8.934478e-03,-237.082527,-343.641662,1390.938988,0.630,0.163,3.686
4727,4.727000,703029.433532,-1418776.121150,-715746.687619,8.930257e-03,-237.832274,-343.722611,1390.441609,0.633,0.161,3.768
4728,4.728000,703036.536616,-1418788.116213,-715751.579597,8.923484e-03,-238.511774,-343.770669,1389.879629,0.627,0.172,3.691
4729,4.729000,703042.638208,-1418800.084260,-715757.446052,8.915360e-03,-239.184041,-343.781514,1389.414278,1.571,0.350,9.272
4730,4.730000,703048.177438,-1418811.985358,-715763.807920,8.906551e-03,-239.823543,-343.816093,1388.937411,0.667,0.166,3.868
4731,4.731000,703053.849666,-1418823.773911,-715769.924246,8.898082e-03,-240.528029,-343.893024,1388.471252,0.637,0.175,3.672
4732,4.732000,703059.490493,-1418835.419282,-715775.928789,8.889768e-03,-241.295992,-343.945127,1387.958127,0.677,0.184,4.075
4733,4.733000,703064.099299,-1418846.888354,-715782.789056,8.880269e-03,-242.072268,-343.999526,1387.385991,0.673,0.175,3.909
4734,4.734000,703068.183072,-1418858.153075,-715789.970003,8.870326e-03,-242.838060,-344.034114,1386.799665,0.638,0.173,3.722
4735,4.735000,703073.263566,-1418869.203663,-715795.940097,8.862059e-03,-243.563683,-344.057376,1386.197314,0.631,0.158,3.655
4736,4.736000,703078.289018,-1418880.040067,-715801.751050,8.854013e-03,-244.246041,-344.100042,1385.603234,0.664,0.170,3.880
4737,4.737000,703082.953323,-1418890.659750,-715807.706427,8.845767e-03,-244.940049,-344.139960,1384.998090,0.652,0.156,3.652
4738,4.738000,703085.008952,-1418901.057461,-715816.048509,8.834216e-03,-245.573450,-344.237327,1384.352153,0.631,0.138,3.643
4739,4.739000,703086.312608,-1418911.230321,-715824.917713,8.821935e-03,-246.191918,-344.274239,1383.726387,0.635,0.172,3.761
4740,4.740000,703089.395742,-1418921.171711,-715831.775968,8.812438e-03,-246.832725,-344.309643,1383.054490,0.633,0.145,3.688
4741,4.741000,703092.455507,-1418930.874928,-715838.419421,8.803239e-03,-247.459719,-344.365000,1382.304982,0.677,0.179,3.883
4742,4.742000,703095.482329,-1418940.342289,-715844.859960,8.794321e-03,-248.175912,-344.574547,1381.584349,0.666,0.168,3.815
4743,4.743000,703098.089035,-1418949.563917,-715851.474882,8.785162e-03,-248.920000,-344.766654,1380.919365,0.632,0.138,3.638
4744,4.744000,703101.121663,-1418958.535551,-715857.413887,8.776938e-03,-249.704262,-344.880186,1380.230829,0.635,0.159,3.766
4745,4.745000,703104.306668,-1418967.259204,-715862.952536,8.769269e-03,-250.474402,-344.948823,1379.595190,0.629,0.138,3.656
4746,4.746000,703107.478013,-1418975.755384,-715868.277371,8.761896e-03,-251.269363,-345.099577,1378.936728,0.659,0.156,3.801
4747,4.747000,703110.039641,-1418984.041541,-715874.001901,8.753970e-03,-252.049508,-345.192732,1378.285292,0.666,0.173,3.934
4748,4.748000,703112.648265,-1418992.141960,-715879.493695,8.746365e-03,-252.779156,-345.251753,1377.564621,0.632,0.163,3.639
4749,4.749000,703116.779860,-1419000.093672,-715883.313813,8.741076e-03,-253.573141,-345.275358,1376.830100,0.640,0.171,3.899
4750,4.750000,703121.965803,-1419007.942339,-715885.976536,8.737389e-03,-254.408145,-345.317795,1376.122461,0.636,0.183,3.733
4751,4.751000,703126.141115,-1419015.729187,-715889.588072,8.732388e-03,-255.294266,-345.299551,1375.418020,0.660,0.144,3.830
4752,4.752000,703129.932677,-1419023.493660,-715893.560983,8.726887e-03,-256.187722,-345.268858,1374.687147,0.663,0.164,3.886
4753,4.753000,703133.429988,-1419031.264121,-715897.834133,8.720970e-03,-257.061582,-345.210619,1373.991353,0.629,0.162,3.722
4754,4.754000,703136.730209,-1419039.058956,-715902.328747,8.714746e-03,-257.971741,-345.173177,1373.370263,0.626,0.235,3.768
4755,4.755000,703140.664391,-1419046.895941,-715906.231549,8.709342e-03,-258.758692,-345.204050,1372.696016,0.628,0.161,3.760
4756,4.756000,703143.510880,-1419054.797118,-715911.286238,8.702343e-03,-259.557255,-345.135421,1372.091378,0.628,0.135,3.625
4757,4.757000,703144.389964,-1419062.782854,-715918.392890,8.692503e-03,-260.336974,-345.040404,1371.454605,0.629,0.156,3.670
4758,4.758000,703146.601090,-1419070.861214,-715924.260124,8.684379e-03,-261.071396,-344.989178,1370.867877,0.631,0.151,3.724
4759,4.759000,703148.762258,-1419079.052831,-715930.290573,8.676029e-03,-261.788592,-344.915735,1370.284124,0.629,0.149,4.263
4760,4.760000,703152.036081,-1419087.366135,-715935.330053,8.669051e-03,-262.552341,-344.885350,1369.731962,0.668,0.179,3.879
4761,4.761000,703155.183402,-1419095.807777,-715940.624375,8.661720e-03,-263.289354,-344.842859,1369.168963,0.716,0.313,5.816
4762,4.762000,703159.558926,-1419104.375179,-715944.816252,8.655915e-03,-263.893904,-344.854768,1368.612216,0.635,0.166,3.671
4763,4.763000,703163.807676,-1419113.064553,-715949.256877,8.649767e-03,-264.571882,-344.873647,1368.022471,0.632,0.169,3.714
4764,4.764000,703169.048386,-1419121.867092,-715952.818706,8.644835e-03,-265.193184,-344.909983,1367.371563,0.671,0.156,3.914
4765,4.765000,703173.653471,-1419130.775577,-715957.122106,8.638876e-03,-265.786724,-344.974873,1366.772446,0.637,0.169,7.879
4766,4.766000,703178.880826,-1419139.773847,-715960.893021,8.633654e-03,-266.378136,-344.991626,1366.126863,1.063,0.364,10.575
4767,4.767000,703184.251859,-1419148.860509,-715964.608650,8.628510e-03,-266.987744,-345.001817,1365.477031,0.643,0.202,3.728
4768,4.768000,703189.836514,-1419158.015073,-715968.178558,8.623566e-03,-267.601927,-345.162345,1364.840257,0.634,0.146,3.651
4769,4.769000,703194.325000,-1419167.217037,-715972.892037,8.617040e-03,-268.205854,-345.333753,1364.258141,0.631,0.134,3.632
4770,4.770000,703197.689019,-1419176.437344,-715978.748325,8.608931e-03,-268.888575,-345.592521,1363.645495,0.667,0.158,3.887
4771,4.771000,703200.482489,-1419185.655114,-715985.172625,8.600035e-03,-269.534564,-345.788491,1363.045552,0.631,0.147,3.657
4772,4.772000,703205.608177,-1419194.853713,-715989.245536,8.594396e-03,-270.258805,-346.111842,1362.328337,0.633,0.160,3.684
4773,4.773000,703211.644042,-1419204.015434,-715992.371393,8.590067e-03,-271.061816,-346.360218,1361.640070,0.669,0.168,3.911
4774,4.774000,703218.334873,-1419213.141190,-715994.806316,8.586696e-03,-271.817216,-346.517124,1360.962100,0.664,0.165,3.855
4775,4.775000,703225.248052,-1419222.232178,-715996.984125,8.583680e-03,-272.639929,-346.719008,1360.339900,0.628,0.142,3.626
4776,4.776000,703233.312338,-1419231.311879,-715997.999540,8.582274e-03,-273.517648,-346.919988,1359.725917,0.629,0.150,3.632
4777,4.777000,703240.884647,-1419240.415355,-715999.530708,8.580154e-03,-274.321136,-347.147122,1359.057723,0.640,0.157,3.750
4778,4.778000,703248.240161,-1419249.575816,-716001.335655,8.577655e-03,-275.134906,-347.368017,1358.457193,0.631,0.162,4.614
4779,4.779000,703255.702369,-1419258.833101,-716003.130732,8.575169e-03,-275.916105,-347.558637,1357.836238,0.668,0.180,5.769
4780,4.780000,703263.990773,-1419268.228526,-716004.237752,8.573636e-03,-276.714272,-347.721404,1357.273610,0.669,0.189,4.461
4781,4.781000,703272.628744,-1419277.803577,-716005.174833,8.572339e-03,-277.437002,-347.772437,1356.776235,0.689,0.197,15.622
4782,4.782000,703280.905365,-1419287.588399,-716006.683034,8.570251e-03,-278.205713,-347.910949,1356.235024,0.636,0.159,3.807
4783,4.783000,703289.446495,-1419297.604823,-716008.158328,8.568208e-03,-278.938006,-348.087604,1355.669890,0.634,0.183,3.708
4784,4.784000,703296.644923,-1419307.881573,-716011.236650,8.563945e-03,-279.724280,-348.338138,1355.155129,0.631,0.148,3.719
4785,4.785000,703303.658340,-1419318.441012,-716014.782672,8.559035e-03,-280.619092,-348.603700,1354.677201,0.661,0.138,3.849
4786,4.786000,703311.462937,-1419329.306899,-716017.843962,8.554796e-03,-281.494148,-348.868043,1354.197749,0.660,0.149,7.146
4787,4.787000,703320.002602,-1419340.502749,-716020.500147,8.551119e-03,-282.392209,-349.100628,1353.739218,0.805,0.174,3.843
4788,4.788000,703329.053156,-1419352.059898,-716023.006741,8.547648e-03,-283.280499,-349.341809,1353.261629,0.631,0.212,3.708
4789,4.789000,703338.278762,-1419364.008174,-716025.729412,8.543878e-03,-284.112126,-349.656275,1352.743220,4.316,0.886,16.821
4790,4.790000,703349.469138,-1419376.373788,-716026.904650,8.542250e-03,-285.058885,-349.960502,1352.279002,0.666,0.165,7.562
4791,4.791000,703361.360579,-1419389.174392,-716027.813813,8.540992e-03,-285.971057,-350.305216,1351.900146,0.638,0.160,3.723
4792,4.792000,703373.622164,-1419402.422122,-716028.799958,8.539626e-03,-286.858229,-350.694119,1351.622798,0.668,0.170,3.929
4793,4.793000,703385.359665,-1419416.123165,-716030.763501,8.536907e-03,-287.839636,-351.008763,1351.341013,0.653,0.243,3.841
4794,4.794000,703398.873157,-1419430.290798,-716031.417641,8.536001e-03,-288.838455,-351.337033,1351.040396,0.662,0.159,3.924
4795,4.795000,703414.305159,-1419444.930643,-716030.625484,8.537098e-03,-289.828397,-351.677872,1350.736572,0.627,0.141,3.626
4796,4.796000,703430.782064,-1419460.048734,-716029.266671,8.538980e-03,-290.784370,-352.005020,1350.426141,0.657,0.138,3.814
4797,4.797000,703447.467602,-1419475.653986,-716028.186384,8.540476e-03,-291.689444,-352.330134,1350.201486,0.656,0.142,7.246
4798,4.798000,703463.794599,-1419491.747379,-716027.952781,8.540799e-03,-292.546791,-352.620802,1349.976519,0.637,0.172,3.690
4799,4.799000,703478.711747,-1419508.334725,-716029.622978,8.538486e-03,-293.495180,-352.906077,1349.833829,0.655,0.158,3.830
4800,4.800000,703494.987489,-1419525.411039,-716030.423550,8.537378e-03,-294.358700,-353.189667,1349.682991,0.620,0.132,3.587
4801,4.801000,703511.365594,-1419542.975400,-716031.609806,8.535735e-03,-295.253200,-353.398985,1349.515643,0.661,0.165,3.853
4802,4.802000,703528.726831,-1419561.027344,-716032.300513,8.534779e-03,-296.131340,-353.630469,1349.319143,0.627,0.150,3.772
4803,4.803000,703548.359915,-1419579.559626,-716031.199711,8.536303e-03,-296.960555,-353.829683,1349.114570,0.678,0.153,3.702
4804,4.804000,703569.035632,-1419598.574344,-716029.538712,8.538603e-03,-297.781996,-354.036448,1348.924334,0.651,0.191,3.692
4805,4.805000,703589.940499,-1419618.073838,-716028.133339,8.540549e-03,-298.572292,-354.247433,1348.790221,0.644,0.142,3.636
4806,4.806000,703610.896863,-1419638.056660,-716027.159797,8.541897e-03,-299.419081,-354.486840,1348.627757,0.629,0.159,3.636
4807,4.807000,703632.389915,-1419658.534959,-716026.145044,8.543302e-03,-300.262788,-354.665354,1348.428909,0.632,0.163,11.748
4808,4.808000,703653.585638,-1419679.520580,-716025.934942,8.543593e-03,-301.081959,-354.750052,1348.261574,0.626,0.164,3.716
4809,4.809000,703675.134941,-1419701.019322,-716025.884380,8.543663e-03,-301.924619,-354.816296,1348.072989,0.630,0.184,6.450
4810,4.810000,703697.933094,-1419723.048729,-716025.115635,8.544728e-03,-302.747960,-354.938146,1347.932361,0.636,0.185,3.723
4811,4.811000,703721.658505,-1419745.612767,-716023.954262,8.546336e-03,-303.550978,-355.006794,1347.751669,0.660,0.159,3.873
4812,4.812000,703745.389169,-1419768.716931,-716023.327763,8.547203e-03,-304.384902,-355.083932,1347.579273,0.629,0.152,3.615
4813,4.813000,703770.492098,-1419792.352946,-716021.860848,8.549234e-03,-305.252270,-355.145324,1347.367887,0.666,0.172,3.834
4814,4.814000,703796.726427,-1419816.500132,-716019.773706,8.552124e-03,-306.122022,-355.175625,1347.175335,0.631,0.197,3.733
4815,4.815000,703821.708613,-1419841.120362,-716019.411749,8.552626e-03,-306.994210,-355.276557,1347.043676,0.625,0.136,3.617
4816,4.816000,703847.248579,-1419866.164400,-716018.915821,8.553312e-03,-307.888416,-355.423422,1346.889236,0.625,0.135,3.604
4817,4.817000,703873.665733,-1419891.576496,-716017.910763,8.554704e-03,-308.853576,-355.462308,1346.733200,0.658,0.145,3.778
4818,4.818000,703901.817697,-1419917.293703,-716015.476006,8.558075e-03,-309.851236,-355.504541,1346.609871,0.640,0.149,3.680
4819,4.819000,703930.102042,-1419943.256519,-716013.154477,8.561290e-03,-310.902144,-355.489401,1346.493549,0.623,0.143,3.606
4820,4.820000,703958.119554,-1419969.416475,-716011.296920,8.563862e-03,-311.915233,-355.418529,1346.483472,0.654,0.136,3.786
4821,4.821000,703984.798392,-1419995.730360,-716010.931968,8.564367e-03,-312.933138,-355.328289,1346.509463,0.660,0.153,3.798
4822,4.822000,704012.524168,-1420022.177349,-716009.653181,8.566138e-03,-313.942561,-355.261821,1346.578499,1.368,0.188,6.915
4823,4.823000,704041.950663,-1420048.748386,-716006.797724,8.570092e-03,-314.947576,-355.185462,1346.529433,0.739,0.467,10.955
4824,4.824000,704072.717926,-1420075.445451,-716002.727524,8.575728e-03,-316.014198,-355.044863,1346.413653,0.631,0.164,3.667
4825,4.825000,704104.685363,-1420102.273655,-715997.588292,8.582844e-03,-317.083625,-354.831614,1346.175104,0.635,0.172,3.673
4826,4.826000,704136.503024,-1420129.239496,-715992.736472,8.589562e-03,-318.184266,-354.665647,1345.971562,0.628,0.146,3.694
4827,4.827000,704167.958171,-1420156.348767,-715988.390596,8.595580e-03,-319.264631,-354.441911,1345.755061,0.635,0.207,3.710
4828,4.828000,704198.925294,-1420183.614808,-715984.689514,8.600704e-03,-320.376219,-354.187288,1345.517083,0.629,0.141,3.654
4829,4.829000,704232.289470,-1420211.040118,-715978.750647,8.608928e-03,-321.564142,-353.937830,1345.300918,5.855,0.708,9.116
4830,4.830000,704265.615047,-1420238.627605,-715973.012558,8.616873e-03,-322.807433,-353.736550,1344.996236,0.637,0.276,10.920
4831,4.831000,704298.610481,-1420266.381454,-715967.770973,8.624131e-03,-323.885010,-353.521577,1344.701506,0.634,0.163,3.672
4832,4.832000,704330.997230,-1420294.299251,-715963.302021,8.630319e-03,-325.000819,-353.308367,1344.389295,0.627,0.153,3.702
4833,4.833000,704362.546555,-1420322.386382,-715959.839826,8.635113e-03,-326.246606,-353.075552,1344.041127,0.677,0.216,6.255
4834,4.834000,704393.786983,-1420350.648577,-715956.861593,8.639237e-03,-327.489424,-352.812409,1343.756647,0.633,0.193,3.942
4835,4.835000,704426.034800,-1420379.087729,-715953.052929,8.644510e-03,-328.714394,-352.597053,1343.369297,0.646,0.171,7.214
4836,4.836000,704459.904166,-1420407.716666,-715947.812500,8.651767e-03,-329.972139,-352.368465,1342.913542,0.639,0.232,3.697
4837,4.837000,704493.294368,-1420436.547002,-715943.252634,8.658080e-03,-331.203370,-352.155540,1342.446910,0.663,0.160,6.501
4838,4.838000,704525.557481,-1420465.597327,-715940.039845,8.662529e-03,-332.406701,-351.947723,1342.063214,0.631,0.156,8.354
4839,4.839000,704558.547734,-1420494.886443,-715936.338709,8.667654e-03,-333.622993,-351.805577,1341.720503,0.629,0.155,3.680
4840,4.840000,704591.407201,-1420524.434072,-715933.026871,8.672240e-03,-334.783255,-351.605164,1341.324755,0.633,0.163,3.692
4841,4.841000,704624.715083,-1420554.276024,-715929.560941,8.677039e-03,-335.951353,-351.446839,1340.868068,0.627,0.151,3.786
4842,4.842000,704657.634483,-1420584.455238,-715926.820755,8.680833e-03,-337.112338,-351.221994,1340.444682,0.657,0.134,3.784
4843,4.843000,704692.056940,-1420615.003141,-715922.946201,8.686198e-03,-338.322609,-351.029661,1340.006607,0.666,0.184,3.863
4844,4.844000,704725.004874,-1420645.944146,-715920.939272,8.688977e-03,-339.467046,-350.872094,1339.558498,0.666,0.166,3.809
4845,4.845000,704757.350114,-1420677.291762,-715919.941649,8.690358e-03,-340.623267,-350.709698,1339.127435,0.634,0.182,3.857
4846,4.846000,704789.191689,-1420709.056087,-715919.864399,8.690465e-03,-341.793014,-350.500143,1338.743809,0.643,0.164,3.673
4847,4.847000,704822.858082,-1420741.235674,-715918.377593,8.692524e-03,-342.890070,-350.243503,1338.358789,0.668,0.165,3.876
4848,4.848000,704857.949239,-1420773.811508,-715915.862269,8.696007e-03,-343.908936,-349.962787,1338.025369,0.666,0.160,3.824
4849,4.849000,704894.085224,-1420806.756446,-715912.671222,8.700426e-03,-345.037036,-349.638942,1337.648724,0.626,0.152,3.579
4850,4.850000,704931.250032,-1420840.025960,-715908.775927,8.705819e-03,-346.051213,-349.279193,1337.261202,0.659,0.136,3.782
4851,4.851000,704968.385559,-1420873.568268,-715905.182709,8.710795e-03,-347.024986,-348.866293,1336.954362,0.664,0.166,3.877
4852,4.852000,705006.521866,-1420907.334108,-715900.812243,8.716846e-03,-347.984544,-348.539207,1336.608282,0.628,0.149,3.604
4853,4.853000,705045.473338,-1420941.279275,-715895.805938,8.723778e-03,-348.930978,-348.277284,1336.255087,0.661,0.144,3.771
4854,4.854000,705084.915482,-1420975.367296,-715890.451814,8.731192e-03,-349.971555,-347.981872,1335.934768,0.658,0.148,3.781
4855,4.855000,705126.331219,-1421009.569291,-715883.238072,8.741181e-03,-350.974684,-347.650227,1335.564213,2.192,0.337,10.737
4856,4.856000,705167.304142,-1421043.859877,-715876.555735,8.750433e-03,-351.935456,-347.357267,1335.188999,0.662,0.164,3.818
4857,4.857000,705206.961014,-1421078.221408,-715871.260394,8.757766e-03,-352.934037,-347.012083,1334.805045,0.628,0.156,3.635
4858,4.858000,705246.532291,-1421112.649047,-715866.116756,8.764888e-03,-353.925728,-346.778260,1334.432845,0.664,0.224,3.804
4859,4.859000,705285.624456,-1421147.156891,-715861.532435,8.771236e-03,-354.921471,-346.492803,1334.017800,0.632,0.166,3.685
4860,4.860000,705324.234097,-1421181.756381,-715857.522284,8.776788e-03,-355.864657,-346.198033,1333.615468,0.659,0.141,3.628
4861,4.861000,705363.612476,-1421216.454255,-715852.841779,8.783269e-03,-356.715865,-345.909155,1333.249043,0.654,0.138,3.709
4862,4.862000,705402.943478,-1421251.264098,-715848.320620,8.789530e-03,-357.556343,-345.572770,1332.964983,0.670,0.168,3.840
4863,4.863000,705441.995181,-1421286.194662,-715844.199481,8.795236e-03,-358.453198,-345.292805,1332.679708,0.659,0.142,4.656
4864,4.864000,705480.785880,-1421321.264047,-715840.478167,8.800389e-03,-359.429610,-345.036284,1332.406696,0.630,0.147,3.650
4865,4.865000,705519.122132,-1421356.483668,-715837.361536,8.804704e-03,-360.366292,-344.733188,1332.097201,0.659,0.141,3.777
4866,4.866000,705558.228165,-1421391.872049,-715833.643885,8.809852e-03,-361.372703,-344.446878,1331.823412,0.625,0.139,3.603
4867,4.867000,705597.740747,-1421427.458628,-715829.717881,8.815288e-03,-362.374242,-344.137234,1331.580639,0.661,0.160,3.861
4868,4.868000,705638.007510,-1421463.268528,-715825.261018,8.821459e-03,-363.307471,-343.905311,1331.398723,0.665,0.190,3.822
4869,4.869000,705677.716433,-1421499.333765,-715821.617332,8.826505e-03,-364.270018,-343.689323,1331.184591,0.630,0.158,3.660
4870,4.870000,705717.915068,-1421535.679567,-715817.764499,8.831840e-03,-365.181817,-343.456045,1331.010922,0.666,0.153,3.880
4871,4.871000,705757.392237,-1421572.329530,-715814.937293,8.835754e-03,-366.040880,-343.255569,1330.861443,0.657,0.152,3.874
4872,4.872000,705797.290099,-1421609.314468,-715812.024370,8.839788e-03,-366.945275,-343.001731,1330.657193,2.308,0.366,4.174
4873,4.873000,705837.895125,-1421646.659741,-715808.764616,8.844301e-03,-367.886294,-342.668025,1330.441419,1.192,2.627,5.797
4874,4.874000,705876.884149,-1421684.397760,-715807.513611,8.846034e-03,-368.807003,-342.402206,1330.257798,0.638,0.221,4.704
4875,4.875000,705915.830593,-1421722.567044,-715806.736451,8.847110e-03,-369.620419,-342.114295,1330.031405,0.664,0.167,3.840
4876,4.876000,705955.181612,-1421761.212173,-715806.030561,8.848087e-03,-370.385802,-341.906569,1329.841488,0.627,0.141,3.605
4877,4.877000,705995.217086,-1421800.382200,-715805.165114,8.849286e-03,-371.200180,-341.736439,1329.696934,0.665,0.186,7.208
4878,4.878000,706035.659528,-1421840.125051,-715804.465523,8.850254e-03,-372.000830,-341.518708,1329.516916,0.625,0.157,3.670
4879,4.879000,706077.508865,-1421880.496530,-715802.987666,8.852301e-03,-372.749614,-341.166954,1329.350963,1.853,0.205,3.736
4880,4.880000,706121.091441,-1421921.537172,-715800.445731,8.855820e-03,-373.486447,-340.854164,1329.249478,0.665,0.179,3.922
4881,4.881000,706164.230992,-1421963.284994,-715799.054002,8.857747e-03,-374.270178,-340.562961,1329.031850,1.004,0.360,4.590
4882,4.882000,706207.079170,-1422005.751234,-715798.672064,8.858276e-03,-375.047819,-340.259906,1328.834203,0.639,0.168,3.674
4883,4.883000,706250.000401,-1422048.941602,-715798.941200,8.857904e-03,-375.817145,-339.960281,1328.653245,0.634,0.188,3.656
4884,4.884000,706293.673333,-1422092.832062,-715799.158729,8.857602e-03,-376.546239,-339.588090,1328.439888,0.625,0.154,3.594
4885,4.885000,706340.351934,-1422137.392106,-715797.040171,8.860536e-03,-377.373257,-339.237922,1328.250905,0.625,0.138,7.477
4886,4.886000,706387.697073,-1422182.580801,-715794.883728,8.863522e-03,-378.275086,-338.751743,1328.104225,0.660,0.156,3.796
4887,4.887000,706435.864703,-1422228.346130,-715792.481428,8.866848e-03,-379.177503,-338.231717,1327.888316,0.638,0.164,3.692
4888,4.888000,706485.256494,-1422274.636193,-715789.379699,8.871143e-03,-380.123442,-337.721170,1327.728812,0.629,0.212,3.714
4889,4.889000,706535.487781,-1422321.392657,-715785.904875,8.875954e-03,-381.147142,-337.249810,1327.510018,2.073,0.313,9.449
4890,4.890000,706585.737347,-1422368.552332,-715782.814986,8.880233e-03,-382.187946,-336.778709,1327.241286,0.633,0.167,8.624
4891,4.891000,706636.350792,-1422416.054125,-715779.703332,8.884542e-03,-383.225177,-336.349681,1326.924040,0.661,0.150,3.816
4892,4.892000,706685.870065,-1422463.836344,-715777.966279,8.886947e-03,-384.349223,-335.909469,1326.590276,0.681,0.212,3.908
4893,4.893000,706735.661594,-1422511.841514,-715776.179921,8.889420e-03,-385.462903,-335.477915,1326.321541,0.638,0.161,3.713
4894,4.894000,706787.031589,-1422560.006981,-715772.975392,8.893858e-03,-386.587976,-335.075729,1326.108136,0.635,0.194,10.730
4895,4.895000,706837.602001,-1422608.261527,-715770.659526,8.897064e-03,-387.655976,-334.730643,1325.906911,0.672,0.189,3.917
4896,4.896000,706887.893583,-1422656.539058,-715768.645475,8.899853e-03,-388.769585,-334.387545,1325.641902,0.637,0.286,7.492
4897,4.897000,706938.149186,-1422704.778006,-715766.628820,8.902645e-03,-389.941624,-334.072558,1325.341232,0.668,0.182,3.995
4898,4.898000,706989.825413,-1422752.924687,-715763.099275,8.907533e-03,-391.067255,-333.751978,1325.118461,0.636,0.155,3.681
4899,4.899000,707040.730264,-1422800.935953,-715760.205689,8.911539e-03,-392.261033,-333.486138,1324.894579,0.666,0.161,3.909
4900,4.900000,707091.844896,-1422848.779022,-715756.934126,8.916069e-03,-393.395188,-333.355651,1324.710575,0.671,0.185,3.821
4901,4.901000,707142.798362,-1422896.431927,-715753.633565,8.920639e-03,-394.512604,-333.247260,1324.538088,0.628,0.142,3.633
4902,4.902000,707192.598930,-1422943.887747,-715751.288817,8.923886e-03,-395.642475,-333.125237,1324.325380,1.406,0.391,9.901
4903,4.903000,707241.797098,-1422991.148171,-715749.351073,8.926569e-03,-396.825412,-332.979410,1324.107882,0.640,0.179,5.782
4904,4.904000,707290.760570,-1423038.231516,-715747.470946,8.929173e-03,-398.031701,-332.800358,1323.831339,0.680,0.184,7.801
4905,4.905000,707339.037547,-1423085.169215,-715746.131668,8.931027e-03,-399.167663,-332.592394,1323.554024,0.658,0.155,3.842
4906,4.906000,707386.808487,-1423132.004409,-715745.195923,8.932323e-03,-400.379693,-332.306356,1323.384707,0.637,0.151,3.711
4907,4.907000,707434.398531,-1423178.784095,-715744.385564,8.933445e-03,-401.684249,-332.009196,1323.214768,0.633,0.171,3.712
4908,4.908000,707482.301637,-1423225.577180,-715743.275543,8.934982e-03,-402.985004,-331.715456,1323.081024,0.666,0.153,3.700
4909,4.909000,707531.984504,-1423272.450359,-715740.465854,8.938872e-03,-404.254489,-331.443754,1322.861899,0.658,0.146,3.819
4910,4.910000,707582.226673,-1423319.479606,-715737.252933,8.943321e-03,-405.503481,-331.178877,1322.558859,0.663,0.158,3.825
4911,4.911000,707632.169717,-1423366.756268,-715734.586550,8.947013e-03,-406.771567,-330.871014,1322.272708,0.647,0.227,3.704
4912,4.912000,707683.808529,-1423414.371825,-715730.563296,8.952584e-03,-408.081103,-330.649741,1322.077118,0.674,0.203,3.909
4913,4.913000,707737.049051,-1423462.410619,-715725.361568,8.959787e-03,-409.456116,-330.528271,1321.804976,3.331,0.336,6.548
4914,4.914000,707790.222600,-1423510.946372,-715720.723772,8.966209e-03,-410.862417,-330.385191,1321.508505,0.667,0.157,3.728
4915,4.915000,707842.663660,-1423560.037883,-715717.374223,8.970847e-03,-412.224059,-330.253747,1321.240261,0.637,0.150,3.648
4916,4.916000,707895.894880,-1423609.731056,-715713.836176,8.975746e-03,-413.584900,-330.142717,1320.982718,0.663,0.150,3.682
4917,4.917000,707950.353942,-1423660.059496,-715709.705554,8.981465e-03,-414.930891,-330.111294,1320.733108,0.656,0.148,6.418
4918,4.918000,708005.835897,-1423711.034475,-715705.198578,8.987706e-03,-416.218366,-330.070496,1320.442295,0.663,0.161,3.903
4919,4.919000,708059.651872,-1423762.657490,-715703.005617,8.990742e-03,-417.580588,-330.090767,1320.235236,0.666,0.161,3.816
4920,4.920000,708113.814560,-1423814.912344,-715701.097784,8.993384e-03,-419.020638,-330.143163,1319.998505,0.657,0.145,3.815
4921,4.921000,708168.438812,-1423867.785455,-715699.346643,8.995809e-03,-420.389914,-330.168059,1319.813945,0.665,0.163,3.893
4922,4.922000,708223.433590,-1423921.249309,-715697.815719,8.997929e-03,-421.756595,-330.213957,1319.577164,0.631,0.148,3.694
4923,4.923000,708279.705085,-1423975.274151,-715695.569066,9.001039e-03,-423.047970,-330.218064,1319.358197,1.116,0.747,4.386
4924,4.924000,708336.589572,-1424029.824571,-715693.234999,9.004271e-03,-424.325184,-330.277079,1319.161872,0.639,0.164,3.629
4925,4.925000,708394.940646,-1424084.865978,-715689.925332,9.008854e-03,-425.568638,-330.343416,1318.897709,0.660,0.149,3.794
4926,4.926000,708454.421767,-1424140.367373,-715685.945607,9.014365e-03,-426.731059,-330.318785,1318.602056,0.670,0.155,3.881
4927,4.927000,708513.332555,-1424196.286617,-715682.954062,9.018507e-03,-427.963478,-330.199167,1318.276537,0.672,0.166,3.885
4928,4.928000,708573.071071,-1424252.585311,-715679.514240,9.023270e-03,-429.182757,-330.163789,1317.992061,0.643,0.177,5.418
4929,4.929000,708632.166003,-1424309.223194,-715677.057192,9.026672e-03,-430.353815,-330.051246,1317.750177,0.638,0.212,3.673
4930,4.930000,708693.565622,-1424366.159646,-715672.594024,9.032852e-03,-431.581456,-329.865405,1317.490169,0.641,0.159,3.683
4931,4.931000,708757.253840,-1424423.352405,-715666.098565,9.041846e-03,-432.857963,-329.798585,1317.259653,0.660,0.142,3.644
4932,4.932000,708821.593489,-1424480.765056,-715659.171566,9.051438e-03,-434.191383,-329.739550,1316.986715,0.669,0.176,3.884
4933,4.933000,708883.835400,-1424538.365817,-715654.530417,9.057864e-03,-435.450673,-329.681341,1316.627707,0.664,0.156,3.811
4934,4.934000,708946.868479,-1424596.097013,-715649.228534,9.065206e-03,-436.650893,-329.578694,1316.287395,0.661,0.144,3.800
4935,4.935000,709008.976910,-1424653.910353,-715644.933443,9.071153e-03,-437.827256,-329.538458,1316.050103,0.665,0.163,3.883
4936,4.936000,709072.958000,-1424711.759245,-715638.801245,9.079644e-03,-439.015272,-329.467497,1315.810779,0.665,0.162,3.905
4937,4.937000,709137.295081,-1424769.588062,-715632.292982,9.088656e-03,-440.238880,-329.448534,1315.637907,0.630,0.172,3.693
4938,4.938000,709201.491840,-1424827.336759,-715625.844919,9.097584e-03,-441.451669,-329.444067,1315.417504,0.665,0.170,5.917
4939,4.939000,709265.855798,-1424884.946000,-715619.090203,9.106937e-03,-442.757054,-329.421092,1315.300582,0.629,0.157,3.704
4940,4.940000,709329.248354,-1424942.368010,-715613.119656,9.115204e-03,-444.123785,-329.407152,1315.106945,0.658,0.150,5.199
4941,4.941000,709391.501497,-1424999.561640,-715608.060143,9.122210e-03,-445.492631,-329.411647,1314.879286,0.630,0.169,3.653
4942,4.942000,709453.261023,-1425056.503860,-715603.242837,9.128880e-03,-446.850961,-329.449111,1314.654163,0.663,0.169,3.866
4943,4.943000,709513.779701,-1425113.176845,-715599.397143,9.134205e-03,-448.190413,-329.441878,1314.501550,0.656,0.144,3.815
4944,4.944000,709575.680299,-1425169.588042,-715593.907743,9.141806e-03,-449.492806,-329.428108,1314.354764,0.674,0.163,3.723
4945,4.945000,709636.079335,-1425225.761904,-715589.682569,9.147657e-03,-450.884542,-329.434029,1314.275429,0.629,0.157,3.727
4946,4.946000,709697.736142,-1425281.736951,-715584.000809,9.155524e-03,-452.290353,-329.525566,1314.115357,0.627,0.146,3.633
4947,4.947000,709757.663259,-1425337.555404,-715579.892145,9.161213e-03,-453.633749,-329.512179,1313.922607,0.672,0.139,3.803
4948,4.948000,709817.022588,-1425393.257551,-715576.234962,9.166277e-03,-454.925481,-329.533719,1313.735003,0.645,0.188,3.731
4949,4.949000,709874.892116,-1425448.896497,-715574.004381,9.169366e-03,-456.238253,-329.582025,1313.563173,0.645,0.149,3.710
4950,4.950000,709932.759301,-1425504.517878,-715571.758576,9.172475e-03,-457.617078,-329.621375,1313.361916,0.626,0.142,3.629
4951,4.951000,709989.465072,-1425560.179975,-715570.714903,9.173921e-03,-458.949881,-329.676442,1313.143313,0.638,0.182,3.716
4952,4.952000,710044.759359,-1425615.933084,-715571.173725,9.173285e-03,-460.252105,-329.762215,1312.868113,0.848,0.309,3.885
4953,4.953000,710101.225102,-1425671.833299,-715570.608197,9.174068e-03,-461.627698,-329.762353,1312.554932,1.315,0.191,3.888
4954,4.954000,710158.422523,-1425727.918779,-715569.496256,9.175608e-03,-463.018472,-329.788604,1312.248650,0.640,0.167,3.707
4955,4.955000,710216.140001,-1425784.223782,-715568.083781,9.177564e-03,-464.384574,-329.701315,1311.897558,0.637,0.174,3.724
4956,4.956000,710274.151995,-1425840.780504,-715566.628509,9.179579e-03,-465.683299,-329.569112,1311.602809,0.631,0.147,3.647
4957,4.957000,710332.376414,-1425897.609857,-715565.233444,9.181511e-03,-467.078506,-329.428482,1311.281617,0.636,0.155,11.934
4958,4.958000,710391.383767,-1425954.729085,-715563.345318,9.184125e-03,-468.475078,-329.394431,1310.869296,0.640,0.163,3.711
4959,4.959000,710451.416429,-1426012.154158,-715560.737729,9.187736e-03,-469.847951,-329.362534,1310.487691,0.629,0.144,3.665
4960,4.960000,710509.573975,-1426069.891575,-715560.317599,9.188317e-03,-471.157213,-329.291820,1310.111117,0.630,0.148,3.632
4961,4.961000,710568.762201,-1426127.947377,-715559.185176,9.189885e-03,-472.522090,-329.225781,1309.774022,0.638,0.172,3.750
4962,4.962000,710627.783814,-1426186.313647,-715558.529833,9.190793e-03,-473.886280,-329.151775,1309.381128,0.628,0.146,3.647
4963,4.963000,710687.922371,-1426244.986345,-715557.063973,9.192823e-03,-475.227789,-329.089468,1308.968446,0.629,0.135,3.624
4964,4.964000,710748.294006,-1426303.966954,-715555.672948,9.194749e-03,-476.556268,-329.031999,1308.531583,0.636,0.164,3.693
4965,4.965000,710809.762102,-1426363.255817,-715553.493715,9.197766e-03,-477.873527,-328.886957,1308.082210,0.630,0.157,3.692
4966,4.966000,710873.464516,-1426422.862180,-715549.397665,9.203438e-03,-479.223263,-328.751225,1307.636938,0.630,0.143,3.627
4967,4.967000,710937.293542,-1426482.792953,-715545.499412,9.208836e-03,-480.555835,-328.642521,1307.167159,0.666,0.157,7.301
4968,4.968000,711002.270950,-1426543.051963,-715540.781014,9.215369e-03,-481.911361,-328.507186,1306.638166,0.666,0.160,5.504
4969,4.969000,711068.039807,-1426603.646344,-715535.606536,9.222534e-03,-483.329814,-328.399140,1306.114182,0.662,0.167,3.832
4970,4.970000,711134.773206,-1426664.592412,-715529.819206,9.230547e-03,-484.763060,-328.286808,1305.569752,0.891,0.446,9.591
4971,4.971000,711198.708154,-1426725.895237,-715527.187082,9.234192e-03,-486.202885,-328.182142,1305.068773,0.669,0.169,3.891
4972,4.972000,711263.420735,-1426787.547797,-715524.127062,9.238429e-03,-487.547322,-328.139620,1304.630320,0.666,0.152,3.895
4973,4.973000,711328.712312,-1426849.549646,-715520.837334,9.242984e-03,-488.859379,-328.145691,1304.155979,0.630,0.156,3.621
4974,4.974000,711393.738510,-1426911.885798,-715518.147289,9.246709e-03,-490.272070,-328.204618,1303.675290,0.663,0.157,3.828
4975,4.975000,711458.318811,-1426974.532690,-715516.213879,9.249386e-03,-491.670074,-328.289540,1303.259389,0.665,0.170,3.708
4976,4.976000,711523.146298,-1427037.474641,-715514.328343,9.251997e-03,-493.035485,-328.396727,1302.814041,0.668,0.144,3.823
4977,4.977000,711587.701752,-1427100.694417,-715512.992666,9.253847e-03,-494.452807,-328.566144,1302.358031,0.633,0.162,3.805
4978,4.978000,711652.529700,-1427164.165349,-715511.635650,9.255726e-03,-495.876078,-328.629723,1301.797703,0.640,0.181,3.903
4979,4.979000,711716.458744,-1427227.865397,-715511.406654,9.256043e-03,-497.260562,-328.723696,1301.171233,1.027,0.465,10.636
4980,4.980000,711780.926109,-1427291.769396,-715510.843287,9.256823e-03,-498.658549,-328.969675,1300.519409,0.636,0.171,3.671
4981,4.981000,711845.272224,-1427355.866844,-715510.594619,9.257167e-03,-500.030808,-329.185773,1299.903697,0.671,0.166,3.864
4982,4.982000,711909.360463,-1427420.148598,-715510.788135,9.256899e-03,-501.506107,-329.346088,1299.299234,0.664,0.154,3.886
4983,4.983000,711974.364848,-1427484.606852,-715510.242003,9.257655e-03,-502.884104,-329.506568,1298.706530,0.632,0.166,3.671
4984,4.984000,712039.430711,-1427549.233962,-715509.803251,9.258263e-03,-504.250240,-329.618139,1298.138580,0.671,0.167,3.908
4985,4.985000,712103.457940,-1427614.025512,-715510.567572,9.257205e-03,-505.612739,-329.745830,1297.589304,0.664,0.155,3.809
4986,4.986000,712167.695359,-1427678.979338,-715511.283979,9.256213e-03,-506.979173,-329.807530,1297.007393,0.626,0.127,3.600
4987,4.987000,712232.228113,-1427744.086026,-715511.857913,9.255418e-03,-508.388418,-329.878341,1296.295943,0.661,0.156,3.784
4988,4.988000,712297.816352,-1427809.335913,-715511.519560,9.255886e-03,-509.781968,-329.970516,1295.607146,0.659,0.156,3.797
4989,4.989000,712363.565343,-1427874.715999,-715511.150655,9.256397e-03,-511.172904,-330.100654,1294.969813,0.661,0.154,3.793
4990,4.990000,712428.871178,-1427940.217595,-715511.346417,9.256126e-03,-512.568886,-330.162590,1294.321845,0.659,0.142,6.708
4991,4.991000,712495.411144,-1428005.824684,-715510.413540,9.257418e-03,-514.027337,-330.224991,1293.633971,0.629,0.194,3.627
4992,4.992000,712561.993255,-1428071.531649,-715509.538395,9.258630e-03,-515.534029,-330.305347,1292.851052,0.667,0.165,3.780
4993,4.993000,712630.886462,-1428137.332191,-715506.445729,9.262912e-03,-517.007358,-330.458295,1292.051538,0.664,0.157,3.820
4994,4.994000,712699.798443,-1428203.212581,-715503.414138,9.267110e-03,-518.436063,-330.588268,1291.229885,0.628,0.142,3.607
4995,4.995000,712766.524342,-1428269.163950,-715502.639607,9.268182e-03,-519.816280,-330.622163,1290.354376,0.668,0.146,3.679
4996,4.996000,712833.927310,-1428335.167494,-715501.240184,9.270120e-03,-521.259660,-330.644301,1289.485457,0.670,0.188,3.948
4997,4.997000,712900.464623,-1428401.192064,-715500.727441,9.270830e-03,-522.686719,-330.659279,1288.569444,0.660,0.166,3.808
4998,4.998000,712967.508001,-1428467.201822,-715499.693820,9.272261e-03,-523.987824,-330.699743,1287.581358,0.667,0.167,4.801
4999,4.999000,713035.792725,-1428533.174964,-715497.382240,9.275462e-03,-525.247405,-330.795392,1286.634645,0.648,0.183,4.093
5000,5.000000,713104.646652,-1428599.086344,-715494.439692,9.279536e-03,-526.519123,-330.941329,1285.720273,0.669,0.202,5.702
