step,time,kinetic_energy,potential_energy,total_energy,energy_drift,px,py,pz,tree_build_ms,force_ms,integrate_ms
1,0.001000,294202590.630088,0.000000,294202590.630088,0.000000e+00,18428.167787,-28869.624740,-4931.321479,20.721,3.428,0.043
2,0.002000,294202590.630104,0.000000,294202590.630104,5.125711e-14,18428.167789,-28869.624742,-4931.321483,2.804,0.468,0.041
3,0.003000,294202590.630118,0.000000,294202590.630118,1.021090e-13,18428.167791,-28869.624745,-4931.321488,1.782,0.462,0.043
4,0.004000,294202590.630134,0.000000,294202590.630134,1.533661e-13,18428.167793,-28869.624748,-4931.321492,1.762,0.332,0.035
5,0.005000,294202590.630142,0.000000,294202590.630142,1.813246e-13,18428.167795,-28869.624752,-4931.321495,1.684,0.370,0.034
6,0.006000,294202590.630142,0.000000,294202590.630142,1.825401e-13,18428.167796,-28869.624758,-4931.321497,1.664,0.420,0.034
7,0.007000,294202590.630143,0.000000,294202590.630143,1.859843e-13,18428.167797,-28869.624764,-4931.321498,1.973,0.387,0.041
8,0.008000,294202590.630144,0.000000,294202590.630144,1.888207e-13,18428.167798,-28869.624769,-4931.321499,2.103,0.652,0.040
9,0.009000,294202590.630145,0.000000,294202590.630145,1.908466e-13,18428.167799,-28869.624775,-4931.321501,1.637,0.448,0.042
10,0.010000,294202590.630145,0.000000,294202590.630145,1.936830e-13,18428.167800,-28869.624781,-4931.321502,1.920,0.519,0.039
11,0.011000,294202590.630146,0.000000,294202590.630146,1.959116e-13,18428.167801,-28869.624787,-4931.321504,1.828,0.369,0.038
12,0.012000,294202590.630147,0.000000,294202590.630147,1.985453e-13,18428.167802,-28869.624793,-4931.321505,1.838,0.368,0.045
13,0.013000,294202590.630148,0.000000,294202590.630148,2.013817e-13,18428.167803,-28869.624799,-4931.321506,2.242,0.430,0.041
14,0.014000,294202590.630149,0.000000,294202590.630149,2.042181e-13,18428.167804,-28869.624805,-4931.321508,2.775,0.838,0.035
15,0.015000,294202590.630149,0.000000,294202590.630149,2.060414e-13,18428.167805,-28869.624811,-4931.321509,1.712,0.508,0.041
16,0.016000,294202590.630150,0.000000,294202590.630150,2.086752e-13,18428.167806,-28869.624817,-4931.321511,1.761,0.420,0.035
17,0.017000,294202590.630151,0.000000,294202590.630151,2.123219e-13,18428.167807,-28869.624822,-4931.321512,2.233,1.320,0.126
18,0.018000,294202590.630152,0.000000,294202590.630152,2.155635e-13,18428.167808,-28869.624828,-4931.321514,2.521,0.399,0.047
19,0.019000,294202590.630153,0.000000,294202590.630153,2.177921e-13,18428.167809,-28869.624834,-4931.321515,2.265,0.421,0.034
20,0.020000,294202590.630153,0.000000,294202590.630153,2.198180e-13,18428.167810,-28869.624840,-4931.321517,2.389,0.570,0.036
21,0.021000,294202590.630154,0.000000,294202590.630154,2.226544e-13,18428.167811,-28869.624846,-4931.321518,2.377,0.470,0.043
22,0.022000,294202590.630155,0.000000,294202590.630155,2.252882e-13,18428.167812,-28869.624852,-4931.321520,1.984,0.426,0.037
23,0.023000,294202590.630156,0.000000,294202590.630156,2.279219e-13,18428.167813,-28869.624858,-4931.321521,1.674,0.550,0.033
24,0.024000,294202590.630156,0.000000,294202590.630156,2.305557e-13,18428.167814,-28869.624864,-4931.321522,1.955,0.386,0.034
25,0.025000,294202590.630157,0.000000,294202590.630157,2.325817e-13,18428.167815,-28869.624870,-4931.321524,1.986,0.484,0.043
26,0.026000,294202590.630158,0.000000,294202590.630158,2.356206e-13,18428.167816,-28869.624876,-4931.321525,1.691,0.501,0.037
27,0.027000,294202590.630159,0.000000,294202590.630159,2.384570e-13,18428.167817,-28869.624881,-4931.321527,1.797,0.517,0.043
28,0.028000,294202590.630159,0.000000,294202590.630159,2.408882e-13,18428.167818,-28869.624887,-4931.321528,1.867,0.357,0.038
29,0.029000,294202590.630160,0.000000,294202590.630160,2.435219e-13,18428.167819,-28869.624893,-4931.321530,1.857,0.483,0.037
30,0.030000,294202590.630161,0.000000,294202590.630161,2.459531e-13,18428.167820,-28869.624899,-4931.321531,1.743,0.381,0.038
31,0.031000,294202590.630162,0.000000,294202590.630162,2.487895e-13,18428.167821,-28869.624905,-4931.321533,1.946,0.488,0.038
32,0.032000,294202590.630162,0.000000,294202590.630162,2.512206e-13,18428.167822,-28869.624911,-4931.321534,2.336,0.533,0.039
33,0.033000,294202590.630163,0.000000,294202590.630163,2.544622e-13,18428.167823,-28869.624917,-4931.321536,3.105,0.928,0.041
34,0.034000,294202590.630164,0.000000,294202590.630164,2.568934e-13,18428.167824,-28869.624923,-4931.321537,2.713,0.468,0.056
35,0.035000,294202590.630165,0.000000,294202590.630165,2.593245e-13,18428.167825,-28869.624929,-4931.321538,1.940,0.373,0.047
36,0.036000,294202590.630165,0.000000,294202590.630165,2.617557e-13,18428.167826,-28869.624935,-4931.321540,1.680,0.388,0.035
37,0.037000,294202590.630166,0.000000,294202590.630166,2.645920e-13,18428.167827,-28869.624941,-4931.321541,1.764,0.459,0.049
38,0.038000,294202590.630167,0.000000,294202590.630167,2.676310e-13,18428.167828,-28869.624947,-4931.321543,1.790,0.497,0.033
39,0.039000,294202590.630168,0.000000,294202590.630168,2.706700e-13,18428.167829,-28869.624953,-4931.321544,1.826,0.397,0.046
40,0.040000,294202590.630169,0.000000,294202590.630169,2.731011e-13,18428.167830,-28869.624959,-4931.321546,1.580,0.356,0.037
41,0.041000,294202590.630170,0.000000,294202590.630170,2.763427e-13,18428.167831,-28869.624964,-4931.321547,2.183,0.492,0.036
42,0.042000,294202590.630170,0.000000,294202590.630170,2.783687e-13,18428.167832,-28869.624970,-4931.321549,1.866,0.594,0.047
43,0.043000,294202590.630171,0.000000,294202590.630171,2.816102e-13,18428.167833,-28869.624976,-4931.321550,1.723,0.447,0.038
44,0.044000,294202590.630172,0.000000,294202590.630172,2.836362e-13,18428.167834,-28869.624982,-4931.321552,1.697,0.865,0.050
45,0.045000,294202590.630173,0.000000,294202590.630173,2.864726e-13,18428.167835,-28869.624988,-4931.321553,2.039,0.470,0.042
46,0.046000,294202590.630174,0.000000,294202590.630174,2.893089e-13,18428.167836,-28869.624994,-4931.321555,3.798,0.762,0.065
47,0.047000,294202590.630174,0.000000,294202590.630174,2.919427e-13,18428.167837,-28869.625000,-4931.321556,1.724,0.431,0.040
48,0.048000,294202590.630175,0.000000,294202590.630175,2.941713e-13,18428.167838,-28869.625006,-4931.321558,1.979,0.389,0.041
49,0.049000,294202590.630176,0.000000,294202590.630176,2.974128e-13,18428.167839,-28869.625012,-4931.321559,1.751,0.627,0.035
50,0.050000,294202590.630177,0.000000,294202590.630177,2.996414e-13,18428.167840,-28869.625018,-4931.321561,1.749,0.426,0.033
51,0.051000,294202590.630177,0.000000,294202590.630177,3.020725e-13,18428.167841,-28869.625024,-4931.321562,1.853,0.392,0.118
52,0.052000,294202590.630178,0.000000,294202590.630178,3.045037e-13,18428.167842,-28869.625030,-4931.321564,1.893,0.649,0.039
53,0.053000,294202590.630179,0.000000,294202590.630179,3.079479e-13,18428.167843,-28869.625036,-4931.321565,3.225,0.708,0.059
54,0.054000,294202590.630180,0.000000,294202590.630180,3.107842e-13,18428.167844,-28869.625042,-4931.321567,1.959,0.375,0.043
55,0.055000,294202590.630180,0.000000,294202590.630180,3.128102e-13,18428.167845,-28869.625048,-4931.321568,1.822,0.562,0.065
56,0.056000,294202590.630181,0.000000,294202590.630181,3.154440e-13,18428.167846,-28869.625054,-4931.321569,2.496,0.376,0.035
57,0.057000,294202590.630182,0.000000,294202590.630182,3.184829e-13,18428.167847,-28869.625060,-4931.321571,1.945,0.385,0.034
58,0.058000,294202590.630183,0.000000,294202590.630183,3.215219e-13,18428.167848,-28869.625066,-4931.321572,2.209,0.477,0.036
59,0.059000,294202590.630184,0.000000,294202590.630184,3.245608e-13,18428.167849,-28869.625071,-4931.321574,1.981,0.426,0.040
60,0.060000,294202590.630185,0.000000,294202590.630185,3.265868e-13,18428.167850,-28869.625077,-4931.321575,2.448,0.558,0.051
61,0.061000,294202590.630185,0.000000,294202590.630185,3.294232e-13,18428.167851,-28869.625083,-4931.321577,1.938,0.607,0.037
62,0.062000,294202590.630186,0.000000,294202590.630186,3.326647e-13,18428.167852,-28869.625089,-4931.321578,1.736,0.439,0.036
63,0.063000,294202590.630187,0.000000,294202590.630187,3.357037e-13,18428.167853,-28869.625095,-4931.321580,1.756,0.682,0.040
64,0.064000,294202590.630188,0.000000,294202590.630188,3.383375e-13,18428.167854,-28869.625101,-4931.321581,1.687,0.419,0.042
65,0.065000,294202590.630189,0.000000,294202590.630189,3.409712e-13,18428.167855,-28869.625107,-4931.321583,2.288,1.130,0.042
66,0.066000,294202590.630190,0.000000,294202590.630190,3.440102e-13,18428.167856,-28869.625113,-4931.321585,1.776,0.592,0.044
67,0.067000,294202590.630190,0.000000,294202590.630190,3.464413e-13,18428.167857,-28869.625119,-4931.321586,2.316,0.512,0.056
68,0.068000,294202590.630191,0.000000,294202590.630191,3.490751e-13,18428.167858,-28869.625125,-4931.321588,1.856,0.478,0.035
69,0.069000,294202590.630192,0.000000,294202590.630192,3.519115e-13,18428.167859,-28869.625131,-4931.321589,2.217,0.454,0.080
70,0.070000,294202590.630193,0.000000,294202590.630193,3.547478e-13,18428.167860,-28869.625137,-4931.321591,2.101,0.376,0.041
71,0.071000,294202590.630194,0.000000,294202590.630194,3.573816e-13,18428.167861,-28869.625143,-4931.321593,1.878,0.342,0.036
72,0.072000,294202590.630195,0.000000,294202590.630195,3.608258e-13,18428.167862,-28869.625149,-4931.321594,2.084,0.426,0.041
73,0.073000,294202590.630195,0.000000,294202590.630195,3.630543e-13,18428.167863,-28869.625155,-4931.321596,1.780,0.491,0.042
74,0.074000,294202590.630196,0.000000,294202590.630196,3.662959e-13,18428.167864,-28869.625161,-4931.321597,1.829,0.804,0.047
75,0.075000,294202590.630197,0.000000,294202590.630197,3.691322e-13,18428.167865,-28869.625167,-4931.321599,2.597,0.437,0.054
76,0.076000,294202590.630198,0.000000,294202590.630198,3.709556e-13,18428.167866,-28869.625173,-4931.321601,2.414,0.475,0.078
77,0.077000,294202590.630198,0.000000,294202590.630198,3.737920e-13,18428.167867,-28869.625179,-4931.321602,2.097,0.625,0.064
78,0.078000,294202590.630199,0.000000,294202590.630199,3.756154e-13,18428.167868,-28869.625185,-4931.321604,1.660,0.736,0.060
79,0.079000,294202590.630200,0.000000,294202590.630200,3.782491e-13,18428.167869,-28869.625191,-4931.321605,1.706,0.545,0.034
80,0.080000,294202590.630201,0.000000,294202590.630201,3.808829e-13,18428.167870,-28869.625197,-4931.321607,1.910,0.397,0.040
81,0.081000,294202590.630201,0.000000,294202590.630201,3.839218e-13,18428.167871,-28869.625203,-4931.321609,2.133,0.727,0.035
82,0.082000,294202590.630202,0.000000,294202590.630202,3.869608e-13,18428.167872,-28869.625209,-4931.321610,2.238,0.462,0.041
83,0.083000,294202590.630203,0.000000,294202590.630203,3.899998e-13,18428.167874,-28869.625215,-4931.321612,1.887,0.412,0.037
84,0.084000,294202590.630204,0.000000,294202590.630204,3.926335e-13,18428.167875,-28869.625221,-4931.321613,1.614,0.373,0.056
85,0.085000,294202590.630205,0.000000,294202590.630205,3.960777e-13,18428.167876,-28869.625227,-4931.321615,1.887,0.453,0.031
86,0.086000,294202590.630206,0.000000,294202590.630206,3.985089e-13,18428.167877,-28869.625233,-4931.321617,2.103,0.471,0.056
87,0.087000,294202590.630207,0.000000,294202590.630207,4.013452e-13,18428.167878,-28869.625239,-4931.321618,1.789,0.626,0.040
88,0.088000,294202590.630207,0.000000,294202590.630207,4.041816e-13,18428.167879,-28869.625245,-4931.321620,1.744,0.331,0.036
89,0.089000,294202590.630208,0.000000,294202590.630208,4.066127e-13,18428.167879,-28869.625251,-4931.321622,1.903,0.397,0.047
90,0.090000,294202590.630209,0.000000,294202590.630209,4.100569e-13,18428.167880,-28869.625257,-4931.321623,1.793,0.384,0.035
91,0.091000,294202590.630210,0.000000,294202590.630210,4.124881e-13,18428.167881,-28869.625263,-4931.321625,1.821,0.467,0.038
92,0.092000,294202590.630211,0.000000,294202590.630211,4.149192e-13,18428.167882,-28869.625269,-4931.321627,1.736,0.403,0.043
93,0.093000,294202590.630211,0.000000,294202590.630211,4.175530e-13,18428.167883,-28869.625275,-4931.321629,2.224,0.507,0.129
94,0.094000,294202590.630212,0.000000,294202590.630212,4.201868e-13,18428.167884,-28869.625282,-4931.321630,1.920,0.406,0.048
95,0.095000,294202590.630213,0.000000,294202590.630213,4.228205e-13,18428.167885,-28869.625288,-4931.321632,2.370,0.655,0.047
96,0.096000,294202590.630214,0.000000,294202590.630214,4.258595e-13,18428.167886,-28869.625294,-4931.321634,1.998,0.612,0.042
97,0.097000,294202590.630215,0.000000,294202590.630215,4.286958e-13,18428.167887,-28869.625300,-4931.321635,4.680,0.677,0.039
98,0.098000,294202590.630215,0.000000,294202590.630215,4.313296e-13,18428.167888,-28869.625306,-4931.321637,1.897,0.558,0.034
99,0.099000,294202590.630216,0.000000,294202590.630216,4.339634e-13,18428.167889,-28869.625312,-4931.321639,1.854,0.421,0.033
100,0.100000,294202590.630217,0.000000,294202590.630217,4.372049e-13,18428.167890,-28869.625318,-4931.321640,1.917,0.403,0.043
101,0.101000,294202590.630218,0.000000,294202590.630218,4.396361e-13,18428.167891,-28869.625324,-4931.321642,1.794,0.399,0.054
102,0.102000,294202590.630219,0.000000,294202590.630219,4.426751e-13,18428.167892,-28869.625330,-4931.321644,1.858,0.410,0.032
103,0.103000,294202590.630219,0.000000,294202590.630219,4.451062e-13,18428.167893,-28869.625336,-4931.321645,1.767,0.429,0.038
104,0.104000,294202590.630220,0.000000,294202590.630220,4.481452e-13,18428.167894,-28869.625342,-4931.321647,1.664,0.417,0.052
105,0.105000,294202590.630221,0.000000,294202590.630221,4.509815e-13,18428.167895,-28869.625349,-4931.321649,2.452,0.539,0.033
106,0.106000,294202590.630222,0.000000,294202590.630222,4.534127e-13,18428.167896,-28869.625355,-4931.321650,1.781,0.448,0.033
107,0.107000,294202590.630223,0.000000,294202590.630223,4.564517e-13,18428.167897,-28869.625361,-4931.321652,1.728,0.377,0.032
108,0.108000,294202590.630224,0.000000,294202590.630224,4.594906e-13,18428.167898,-28869.625367,-4931.321654,1.742,0.474,0.040
109,0.109000,294202590.630224,0.000000,294202590.630224,4.617192e-13,18428.167899,-28869.625373,-4931.321655,2.001,0.631,0.035
110,0.110000,294202590.630225,0.000000,294202590.630225,4.651634e-13,18428.167900,-28869.625379,-4931.321657,1.938,0.520,0.041
111,0.111000,294202590.630226,0.000000,294202590.630226,4.677971e-13,18428.167901,-28869.625385,-4931.321658,1.993,0.407,0.045
112,0.112000,294202590.630227,0.000000,294202590.630227,4.698231e-13,18428.167902,-28869.625391,-4931.321660,2.194,0.525,0.041
113,0.113000,294202590.630228,0.000000,294202590.630228,4.732672e-13,18428.167903,-28869.625398,-4931.321662,1.831,0.389,0.044
114,0.114000,294202590.630228,0.000000,294202590.630228,4.756984e-13,18428.167904,-28869.625404,-4931.321664,1.679,0.377,0.038
115,0.115000,294202590.630229,0.000000,294202590.630229,4.791426e-13,18428.167904,-28869.625410,-4931.321665,1.780,0.392,0.032
116,0.116000,294202590.630230,0.000000,294202590.630230,4.817763e-13,18428.167905,-28869.625416,-4931.321667,1.687,0.410,0.084
117,0.117000,294202590.630231,0.000000,294202590.630231,4.846127e-13,18428.167906,-28869.625422,-4931.321669,1.944,0.459,0.037
118,0.118000,294202590.630232,0.000000,294202590.630232,4.874491e-13,18428.167907,-28869.625428,-4931.321670,2.107,0.500,0.040
119,0.119000,294202590.630233,0.000000,294202590.630233,4.904880e-13,18428.167908,-28869.625434,-4931.321672,1.992,0.815,0.036
120,0.120000,294202590.630234,0.000000,294202590.630234,4.933244e-13,18428.167909,-28869.625440,-4931.321674,1.886,0.622,0.042
121,0.121000,294202590.630234,0.000000,294202590.630234,4.957555e-13,18428.167910,-28869.625446,-4931.321675,2.189,0.485,0.055
122,0.122000,294202590.630235,0.000000,294202590.630235,4.983893e-13,18428.167911,-28869.625453,-4931.321677,2.220,0.487,0.044
123,0.123000,294202590.630236,0.000000,294202590.630236,5.016309e-13,18428.167912,-28869.625459,-4931.321679,1.725,0.419,0.032
124,0.124000,294202590.630237,0.000000,294202590.630237,5.046698e-13,18428.167913,-28869.625465,-4931.321680,1.829,0.477,0.036
125,0.125000,294202590.630238,0.000000,294202590.630238,5.071010e-13,18428.167914,-28869.625471,-4931.321682,1.879,0.379,0.038
126,0.126000,294202590.630238,0.000000,294202590.630238,5.097348e-13,18428.167915,-28869.625477,-4931.321684,2.218,0.732,0.031
127,0.127000,294202590.630239,0.000000,294202590.630239,5.115581e-13,18428.167916,-28869.625483,-4931.321685,1.717,0.406,0.042
128,0.128000,294202590.630240,0.000000,294202590.630240,5.147997e-13,18428.167917,-28869.625489,-4931.321687,1.752,0.349,0.041
129,0.129000,294202590.630239,0.000000,294202590.630239,5.105451e-13,18428.167918,-28869.625495,-4931.321689,1.758,0.469,0.034
130,0.130000,294202590.630235,0.000000,294202590.630235,4.996049e-13,18428.167919,-28869.625500,-4931.321690,2.329,0.480,0.033
131,0.131000,294202590.630232,0.000000,294202590.630232,4.878543e-13,18428.167920,-28869.625505,-4931.321692,2.850,0.530,0.036
132,0.132000,294202590.630229,0.000000,294202590.630229,4.763062e-13,18428.167921,-28869.625510,-4931.321694,1.859,1.559,0.038
133,0.133000,294202590.630225,0.000000,294202590.630225,4.651634e-13,18428.167922,-28869.625516,-4931.321695,1.837,0.374,0.038
134,0.134000,294202590.630222,0.000000,294202590.630222,4.532101e-13,18428.167923,-28869.625521,-4931.321697,1.819,0.604,0.035
135,0.135000,294202590.630219,0.000000,294202590.630219,4.422699e-13,18428.167924,-28869.625526,-4931.321699,1.811,0.476,0.041
136,0.136000,294202590.630215,0.000000,294202590.630215,4.311270e-13,18428.167925,-28869.625531,-4931.321700,1.751,0.405,0.033
137,0.137000,294202590.630212,0.000000,294202590.630212,4.199842e-13,18428.167926,-28869.625536,-4931.321702,1.684,0.370,0.040
138,0.138000,294202590.630209,0.000000,294202590.630209,4.088413e-13,18428.167927,-28869.625541,-4931.321704,1.746,0.399,0.034
139,0.139000,294202590.630205,0.000000,294202590.630205,3.972933e-13,18428.167928,-28869.625546,-4931.321705,1.998,0.499,0.034
140,0.140000,294202590.630202,0.000000,294202590.630202,3.861504e-13,18428.167929,-28869.625552,-4931.321707,2.107,0.804,0.044
141,0.141000,294202590.630199,0.000000,294202590.630199,3.754128e-13,18428.167930,-28869.625557,-4931.321709,1.877,0.420,0.037
142,0.142000,294202590.630195,0.000000,294202590.630195,3.630543e-13,18428.167931,-28869.625562,-4931.321710,2.099,0.450,0.051
143,0.143000,294202590.630192,0.000000,294202590.630192,3.519115e-13,18428.167931,-28869.625567,-4931.321712,2.037,0.609,0.035
144,0.144000,294202590.630189,0.000000,294202590.630189,3.405660e-13,18428.167932,-28869.625572,-4931.321714,1.705,0.379,0.034
145,0.145000,294202590.630186,0.000000,294202590.630186,3.302336e-13,18428.167933,-28869.625578,-4931.321715,1.891,0.552,0.043
146,0.146000,294202590.630182,0.000000,294202590.630182,3.188881e-13,18428.167934,-28869.625583,-4931.321717,1.691,0.356,0.052
147,0.147000,294202590.630179,0.000000,294202590.630179,3.069349e-13,18428.167935,-28869.625588,-4931.321719,1.740,0.867,0.042
148,0.148000,294202590.630176,0.000000,294202590.630176,2.959946e-13,18428.167936,-28869.625593,-4931.321721,1.943,0.392,0.051
149,0.149000,294202590.630172,0.000000,294202590.630172,2.846492e-13,18428.167937,-28869.625598,-4931.321722,1.899,0.711,0.030
150,0.150000,294202590.630169,0.000000,294202590.630169,2.735063e-13,18428.167938,-28869.625604,-4931.321724,1.677,0.365,0.069
151,0.151000,294202590.630166,0.000000,294202590.630166,2.623635e-13,18428.167939,-28869.625609,-4931.321726,1.710,0.556,0.041
152,0.152000,294202590.630162,0.000000,294202590.630162,2.502076e-13,18428.167940,-28869.625614,-4931.321727,1.709,0.576,0.033
153,0.153000,294202590.630159,0.000000,294202590.630159,2.394700e-13,18428.167941,-28869.625619,-4931.321729,2.226,0.521,0.030
154,0.154000,294202590.630156,0.000000,294202590.630156,2.279219e-13,18428.167942,-28869.625624,-4931.321731,2.016,0.435,0.031
155,0.155000,294202590.630152,0.000000,294202590.630152,2.163739e-13,18428.167943,-28869.625630,-4931.321732,1.772,0.387,0.035
156,0.156000,294202590.630149,0.000000,294202590.630149,2.052310e-13,18428.167944,-28869.625635,-4931.321734,1.738,0.393,0.030
157,0.157000,294202590.630145,0.000000,294202590.630145,1.934804e-13,18428.167945,-28869.625640,-4931.321736,1.833,0.440,0.030
158,0.158000,294202590.630142,0.000000,294202590.630142,1.823376e-13,18428.167946,-28869.625645,-4931.321737,1.666,0.364,0.033
159,0.159000,294202590.630139,0.000000,294202590.630139,1.707895e-13,18428.167947,-28869.625650,-4931.321739,1.858,0.406,0.039
160,0.160000,294202590.630135,0.000000,294202590.630135,1.594441e-13,18428.167948,-28869.625656,-4931.321741,1.710,0.407,0.030
161,0.161000,294202590.630132,0.000000,294202590.630132,1.485038e-13,18428.167949,-28869.625661,-4931.321743,1.761,0.412,0.046
162,0.162000,294202590.630129,0.000000,294202590.630129,1.377662e-13,18428.167950,-28869.625666,-4931.321744,2.086,0.457,0.040
163,0.163000,294202590.630125,0.000000,294202590.630125,1.256103e-13,18428.167951,-28869.625671,-4931.321746,1.748,0.493,0.036
164,0.164000,294202590.630122,0.000000,294202590.630122,1.146701e-13,18428.167952,-28869.625677,-4931.321748,2.266,0.571,0.151
165,0.165000,294202590.630119,0.000000,294202590.630119,1.031220e-13,18428.167953,-28869.625682,-4931.321749,1.797,0.396,0.041
166,0.166000,294202590.630116,0.000000,294202590.630116,9.197917e-14,18428.167954,-28869.625687,-4931.321751,1.750,0.400,0.046
167,0.167000,294202590.630112,0.000000,294202590.630112,8.043112e-14,18428.167955,-28869.625692,-4931.321753,1.541,0.505,0.034
168,0.168000,294202590.630109,0.000000,294202590.630109,6.969346e-14,18428.167956,-28869.625698,-4931.321754,1.876,0.356,0.034
169,0.169000,294202590.630106,0.000000,294202590.630106,5.834802e-14,18428.167957,-28869.625703,-4931.321756,1.756,0.400,0.103
170,0.170000,294202590.630102,0.000000,294202590.630102,4.761036e-14,18428.167958,-28869.625708,-4931.321758,1.798,0.440,0.034
171,0.171000,294202590.630099,0.000000,294202590.630099,3.626491e-14,18428.167959,-28869.625713,-4931.321759,2.062,0.781,0.035
172,0.172000,294202590.630096,0.000000,294202590.630096,2.451427e-14,18428.167960,-28869.625719,-4931.321761,1.776,0.386,0.044
173,0.173000,294202590.630093,0.000000,294202590.630093,1.377662e-14,18428.167961,-28869.625724,-4931.321763,1.805,0.439,0.034
174,0.174000,294202590.630089,0.000000,294202590.630089,3.038959e-15,18428.167962,-28869.625729,-4931.321764,1.996,0.429,0.035
175,0.175000,294202590.630086,0.000000,294202590.630086,8.306489e-15,18428.167963,-28869.625735,-4931.321766,1.879,0.391,0.048
176,0.176000,294202590.630083,0.000000,294202590.630083,1.985453e-14,18428.167964,-28869.625740,-4931.321767,1.812,0.412,0.029
177,0.177000,294202590.630079,0.000000,294202590.630079,3.119998e-14,18428.167965,-28869.625745,-4931.321769,1.936,0.376,0.035
178,0.178000,294202590.630076,0.000000,294202590.630076,4.274803e-14,18428.167966,-28869.625751,-4931.321771,1.882,0.519,0.039
179,0.179000,294202590.630073,0.000000,294202590.630073,5.389088e-14,18428.167967,-28869.625756,-4931.321773,1.803,0.434,0.038
180,0.180000,294202590.630069,0.000000,294202590.630069,6.483113e-14,18428.167968,-28869.625762,-4931.321774,1.665,0.353,0.041
181,0.181000,294202590.630066,0.000000,294202590.630066,7.597398e-14,18428.167969,-28869.625767,-4931.321776,1.752,0.421,0.031
182,0.182000,294202590.630063,0.000000,294202590.630063,8.792722e-14,18428.167970,-28869.625773,-4931.321778,1.719,0.368,0.036
183,0.183000,294202590.630059,0.000000,294202590.630059,9.866488e-14,18428.167971,-28869.625778,-4931.321779,1.971,0.340,0.034
184,0.184000,294202590.630056,0.000000,294202590.630056,1.098077e-13,18428.167973,-28869.625783,-4931.321781,1.789,0.382,0.030
185,0.185000,294202590.630053,0.000000,294202590.630053,1.207480e-13,18428.167974,-28869.625789,-4931.321783,1.878,0.371,0.043
186,0.186000,294202590.630050,0.000000,294202590.630050,1.314856e-13,18428.167975,-28869.625794,-4931.321784,1.752,0.418,0.034
187,0.187000,294202590.630047,0.000000,294202590.630047,1.420207e-13,18428.167976,-28869.625800,-4931.321786,2.256,0.454,0.036
188,0.188000,294202590.630043,0.000000,294202590.630043,1.537713e-13,18428.167977,-28869.625805,-4931.321788,1.673,0.370,0.036
189,0.189000,294202590.630040,0.000000,294202590.630040,1.641038e-13,18428.167978,-28869.625811,-4931.321789,3.093,0.625,0.038
190,0.190000,294202590.630037,0.000000,294202590.630037,1.760570e-13,18428.167979,-28869.625816,-4931.321791,1.747,0.386,0.036
191,0.191000,294202590.630033,0.000000,294202590.630033,1.867947e-13,18428.167980,-28869.625822,-4931.321793,1.896,0.378,0.038
192,0.192000,294202590.630030,0.000000,294202590.630030,1.977349e-13,18428.167981,-28869.625828,-4931.321794,1.592,0.412,0.036
193,0.193000,294202590.630027,0.000000,294202590.630027,2.094856e-13,18428.167982,-28869.625833,-4931.321796,1.799,0.439,0.042
194,0.194000,294202590.630024,0.000000,294202590.630024,2.200206e-13,18428.167983,-28869.625839,-4931.321798,1.957,0.488,0.036
195,0.195000,294202590.630020,0.000000,294202590.630020,2.319739e-13,18428.167984,-28869.625844,-4931.321799,2.216,0.529,0.036
196,0.196000,294202590.630017,0.000000,294202590.630017,2.429141e-13,18428.167985,-28869.625850,-4931.321801,1.791,0.657,0.041
197,0.197000,294202590.630014,0.000000,294202590.630014,2.542596e-13,18428.167986,-28869.625856,-4931.321803,1.793,0.407,0.039
198,0.198000,294202590.630011,0.000000,294202590.630011,2.647946e-13,18428.167987,-28869.625861,-4931.321804,1.921,0.403,0.032
199,0.199000,294202590.630007,0.000000,294202590.630007,2.763427e-13,18428.167988,-28869.625867,-4931.321806,1.854,0.477,0.048
200,0.200000,294202590.630004,0.000000,294202590.630004,2.876881e-13,18428.167989,-28869.625872,-4931.321808,1.802,0.348,0.036
201,0.201000,294202590.630000,0.000000,294202590.630000,2.990336e-13,18428.167990,-28869.625878,-4931.321809,1.751,0.463,0.039
202,0.202000,294202590.629997,0.000000,294202590.629997,3.095686e-13,18428.167991,-28869.625884,-4931.321811,1.821,0.371,0.038
203,0.203000,294202590.629994,0.000000,294202590.629994,3.215219e-13,18428.167992,-28869.625889,-4931.321813,2.096,0.412,0.036
204,0.204000,294202590.629991,0.000000,294202590.629991,3.326647e-13,18428.167993,-28869.625895,-4931.321814,1.806,0.344,0.039
205,0.205000,294202590.629987,0.000000,294202590.629987,3.440102e-13,18428.167994,-28869.625900,-4931.321816,1.722,0.395,0.032
206,0.206000,294202590.629984,0.000000,294202590.629984,3.545452e-13,18428.167995,-28869.625906,-4931.321818,1.731,0.497,0.039
207,0.207000,294202590.629980,0.000000,294202590.629980,3.671063e-13,18428.167997,-28869.625912,-4931.321819,1.873,0.533,0.038
208,0.208000,294202590.629977,0.000000,294202590.629977,3.780465e-13,18428.167998,-28869.625918,-4931.321821,1.694,0.345,0.034
209,0.209000,294202590.629974,0.000000,294202590.629974,3.883790e-13,18428.167999,-28869.625923,-4931.321823,1.664,0.416,0.036
210,0.210000,294202590.629971,0.000000,294202590.629971,3.995218e-13,18428.168000,-28869.625929,-4931.321824,1.794,0.355,0.039
211,0.211000,294202590.629968,0.000000,294202590.629968,4.106647e-13,18428.168001,-28869.625935,-4931.321826,1.714,0.366,0.052
212,0.212000,294202590.629964,0.000000,294202590.629964,4.224153e-13,18428.168002,-28869.625940,-4931.321828,2.792,0.464,0.040
213,0.213000,294202590.629961,0.000000,294202590.629961,4.331530e-13,18428.168003,-28869.625946,-4931.321829,2.250,0.933,0.059
214,0.214000,294202590.629958,0.000000,294202590.629958,4.440932e-13,18428.168004,-28869.625952,-4931.321831,1.944,0.407,0.034
215,0.215000,294202590.629955,0.000000,294202590.629955,4.552361e-13,18428.168005,-28869.625958,-4931.321833,1.927,0.497,0.036
216,0.216000,294202590.629951,0.000000,294202590.629951,4.667841e-13,18428.168006,-28869.625963,-4931.321834,2.208,0.516,0.039
217,0.217000,294202590.629948,0.000000,294202590.629948,4.777244e-13,18428.168007,-28869.625969,-4931.321836,1.823,0.448,0.042
218,0.218000,294202590.629945,0.000000,294202590.629945,4.890698e-13,18428.168008,-28869.625975,-4931.321837,1.978,0.423,0.036
219,0.219000,294202590.629941,0.000000,294202590.629941,4.996049e-13,18428.168009,-28869.625981,-4931.321839,1.868,1.131,0.029
220,0.220000,294202590.629938,0.000000,294202590.629938,5.107477e-13,18428.168010,-28869.625986,-4931.321841,1.831,0.368,0.035
221,0.221000,294202590.629882,0.000000,294202590.629882,7.017970e-13,18428.168009,-28869.625992,-4931.321842,1.656,0.924,0.037
222,0.222000,294202590.629773,0.000000,294202590.629773,1.072145e-12,18428.168007,-28869.625998,-4931.321844,1.980,0.372,0.030
223,0.223000,294202590.629664,0.000000,294202590.629664,1.442695e-12,18428.168004,-28869.626004,-4931.321846,1.820,0.438,0.036
224,0.224000,294202590.629555,0.000000,294202590.629555,1.813246e-12,18428.168001,-28869.626009,-4931.321847,1.858,0.393,0.036
225,0.225000,294202590.629446,0.000000,294202590.629446,2.183593e-12,18428.167998,-28869.626015,-4931.321849,2.284,0.434,0.053
226,0.226000,294202590.629337,0.000000,294202590.629337,2.553739e-12,18428.167996,-28869.626021,-4931.321850,1.732,0.458,0.042
227,0.227000,294202590.629228,0.000000,294202590.629228,2.924492e-12,18428.167993,-28869.626027,-4931.321852,1.847,0.396,0.031
228,0.228000,294202590.629119,0.000000,294202590.629119,3.295042e-12,18428.167990,-28869.626032,-4931.321853,1.754,0.409,0.027
229,0.229000,294202590.629010,0.000000,294202590.629010,3.666200e-12,18428.167987,-28869.626038,-4931.321855,1.770,0.471,0.035
230,0.230000,294202590.628901,0.000000,294202590.628901,4.036751e-12,18428.167985,-28869.626044,-4931.321857,1.728,0.366,0.035
231,0.231000,294202590.628792,0.000000,294202590.628792,4.406491e-12,18428.167982,-28869.626050,-4931.321858,1.788,0.528,0.038
232,0.232000,294202590.628683,0.000000,294202590.628683,4.776433e-12,18428.167979,-28869.626056,-4931.321860,1.801,0.343,0.032
233,0.233000,294202590.628574,0.000000,294202590.628574,5.146579e-12,18428.167976,-28869.626062,-4931.321861,1.790,0.468,0.027
234,0.234000,294202590.628465,0.000000,294202590.628465,5.516521e-12,18428.167974,-28869.626068,-4931.321863,1.963,0.499,0.044
235,0.235000,294202590.628356,0.000000,294202590.628356,5.887477e-12,18428.167971,-28869.626073,-4931.321865,1.883,0.355,0.045
236,0.236000,294202590.628247,0.000000,294202590.628247,6.257622e-12,18428.167968,-28869.626079,-4931.321866,1.640,0.361,0.038
237,0.237000,294202590.628138,0.000000,294202590.628138,6.627970e-12,18428.167965,-28869.626085,-4931.321868,2.764,0.633,0.032
238,0.238000,294202590.628030,0.000000,294202590.628030,6.997913e-12,18428.167962,-28869.626091,-4931.321870,1.903,0.434,0.067
239,0.239000,294202590.627921,0.000000,294202590.627921,7.368666e-12,18428.167960,-28869.626097,-4931.321871,1.987,0.397,0.037
240,0.240000,294202590.627811,0.000000,294202590.627811,7.739621e-12,18428.167957,-28869.626103,-4931.321873,1.780,0.584,0.036
241,0.241000,294202590.627703,0.000000,294202590.627703,8.109767e-12,18428.167954,-28869.626109,-4931.321874,1.863,0.662,0.043
242,0.242000,294202590.627594,0.000000,294202590.627594,8.480114e-12,18428.167951,-28869.626115,-4931.321876,1.913,0.423,0.038
243,0.243000,294202590.627485,0.000000,294202590.627485,8.850462e-12,18428.167949,-28869.626121,-4931.321878,1.660,0.479,0.037
244,0.244000,294202590.627378,0.000000,294202590.627378,9.212909e-12,18428.167946,-28869.626127,-4931.321879,1.851,0.396,0.033
245,0.245000,294202590.627274,0.000000,294202590.627274,9.567454e-12,18428.167945,-28869.626133,-4931.321881,1.801,0.716,0.035
246,0.246000,294202590.627169,0.000000,294202590.627169,9.921594e-12,18428.167943,-28869.626140,-4931.321882,1.834,0.390,0.047
247,0.247000,294202590.627066,0.000000,294202590.627066,1.027452e-11,18428.167941,-28869.626146,-4931.321884,2.029,0.426,0.032
248,0.248000,294202590.626962,0.000000,294202590.626962,1.062562e-11,18428.167939,-28869.626152,-4931.321885,1.670,0.587,0.028
249,0.249000,294202590.626859,0.000000,294202590.626859,1.097672e-11,18428.167937,-28869.626158,-4931.321886,1.875,0.376,0.037
250,0.250000,294202590.626756,0.000000,294202590.626756,1.132823e-11,18428.167936,-28869.626164,-4931.321887,2.011,0.388,0.045
251,0.251000,294202590.626652,0.000000,294202590.626652,1.167953e-11,18428.167934,-28869.626170,-4931.321888,2.019,0.432,0.036
252,0.252000,294202590.626549,0.000000,294202590.626549,1.203063e-11,18428.167932,-28869.626176,-4931.321889,1.873,0.609,0.035
253,0.253000,294202590.626446,0.000000,294202590.626446,1.238173e-11,18428.167930,-28869.626182,-4931.321890,1.697,0.407,0.033
254,0.254000,294202590.626343,0.000000,294202590.626343,1.273243e-11,18428.167928,-28869.626188,-4931.321891,1.790,0.622,0.029
255,0.255000,294202590.626239,0.000000,294202590.626239,1.308333e-11,18428.167927,-28869.626194,-4931.321893,1.820,0.383,0.042
256,0.256000,294202590.626136,0.000000,294202590.626136,1.343443e-11,18428.167925,-28869.626200,-4931.321894,1.674,0.378,0.031
257,0.257000,294202590.626033,0.000000,294202590.626033,1.378573e-11,18428.167923,-28869.626206,-4931.321895,1.874,0.328,0.034
258,0.258000,294202590.625930,0.000000,294202590.625930,1.413602e-11,18428.167921,-28869.626213,-4931.321896,2.001,0.382,0.032
259,0.259000,294202590.625826,0.000000,294202590.625826,1.448733e-11,18428.167919,-28869.626219,-4931.321897,1.970,0.709,0.032
260,0.260000,294202590.625723,0.000000,294202590.625723,1.483883e-11,18428.167918,-28869.626225,-4931.321898,2.022,0.417,0.034
261,0.261000,294202590.625619,0.000000,294202590.625619,1.519034e-11,18428.167916,-28869.626231,-4931.321899,1.751,0.538,0.039
262,0.262000,294202590.625516,0.000000,294202590.625516,1.554083e-11,18428.167914,-28869.626237,-4931.321901,1.919,0.389,0.027
263,0.263000,294202590.625413,0.000000,294202590.625413,1.589173e-11,18428.167912,-28869.626243,-4931.321902,1.728,0.372,0.036
264,0.264000,294202590.625310,0.000000,294202590.625310,1.624263e-11,18428.167910,-28869.626249,-4931.321903,1.636,0.353,0.050
265,0.265000,294202590.625206,0.000000,294202590.625206,1.659393e-11,18428.167909,-28869.626255,-4931.321904,1.778,0.354,0.029
266,0.266000,294202590.625103,0.000000,294202590.625103,1.694463e-11,18428.167907,-28869.626262,-4931.321905,1.859,0.526,0.036
267,0.267000,294202590.625000,0.000000,294202590.625000,1.729573e-11,18428.167905,-28869.626268,-4931.321906,1.842,0.496,0.028
268,0.268000,294202590.624897,0.000000,294202590.624897,1.764643e-11,18428.167903,-28869.626274,-4931.321907,1.876,0.691,0.034
269,0.269000,294202590.624793,0.000000,294202590.624793,1.799793e-11,18428.167901,-28869.626280,-4931.321908,1.723,0.382,0.032
270,0.270000,294202590.624690,0.000000,294202590.624690,1.834822e-11,18428.167899,-28869.626286,-4931.321910,1.757,0.458,0.036
271,0.271000,294202590.624587,0.000000,294202590.624587,1.869932e-11,18428.167898,-28869.626292,-4931.321911,1.745,0.549,0.033
272,0.272000,294202590.624484,0.000000,294202590.624484,1.905002e-11,18428.167896,-28869.626299,-4931.321912,1.714,0.374,0.036
273,0.273000,294202590.624381,0.000000,294202590.624381,1.940112e-11,18428.167894,-28869.626305,-4931.321913,1.720,0.443,0.031
274,0.274000,294202590.624277,0.000000,294202590.624277,1.975283e-11,18428.167892,-28869.626311,-4931.321914,1.780,0.386,0.069
275,0.275000,294202590.624174,0.000000,294202590.624174,2.010393e-11,18428.167890,-28869.626318,-4931.321915,1.816,0.391,0.029
276,0.276000,294202590.624071,0.000000,294202590.624071,2.045442e-11,18428.167888,-28869.626324,-4931.321917,2.308,0.519,0.033
277,0.277000,294202590.623968,0.000000,294202590.623968,2.080512e-11,18428.167887,-28869.626330,-4931.321918,2.263,0.464,0.040
278,0.278000,294202590.623864,0.000000,294202590.623864,2.115602e-11,18428.167885,-28869.626336,-4931.321919,2.236,0.406,0.035
279,0.279000,294202590.623761,0.000000,294202590.623761,2.150692e-11,18428.167883,-28869.626343,-4931.321920,1.776,0.391,0.038
280,0.280000,294202590.623658,0.000000,294202590.623658,2.185842e-11,18428.167881,-28869.626349,-4931.321921,1.859,0.355,0.034
281,0.281000,294202590.623555,0.000000,294202590.623555,2.220892e-11,18428.167879,-28869.626355,-4931.321922,1.693,0.444,0.040
282,0.282000,294202590.623451,0.000000,294202590.623451,2.256002e-11,18428.167877,-28869.626362,-4931.321923,1.956,0.398,0.040
283,0.283000,294202590.623348,0.000000,294202590.623348,2.291112e-11,18428.167875,-28869.626368,-4931.321924,1.664,0.411,0.036
284,0.284000,294202590.623245,0.000000,294202590.623245,2.326181e-11,18428.167874,-28869.626375,-4931.321925,1.670,0.330,0.030
285,0.285000,294202590.623141,0.000000,294202590.623141,2.361292e-11,18428.167872,-28869.626381,-4931.321927,1.668,0.410,0.031
286,0.286000,294202590.623038,0.000000,294202590.623038,2.396381e-11,18428.167870,-28869.626387,-4931.321928,1.915,0.400,0.037
287,0.287000,294202590.622935,0.000000,294202590.622935,2.431431e-11,18428.167868,-28869.626394,-4931.321929,1.853,1.023,0.043
288,0.288000,294202590.622832,0.000000,294202590.622832,2.466561e-11,18428.167866,-28869.626400,-4931.321930,1.849,0.370,0.036
289,0.289000,294202590.622729,0.000000,294202590.622729,2.501631e-11,18428.167864,-28869.626406,-4931.321931,2.399,0.413,0.035
290,0.290000,294202590.622625,0.000000,294202590.622625,2.536741e-11,18428.167862,-28869.626413,-4931.321933,1.701,0.344,0.034
291,0.291000,294202590.622519,0.000000,294202590.622519,2.573006e-11,18428.167860,-28869.626419,-4931.321933,1.670,0.370,0.039
292,0.292000,294202590.622408,0.000000,294202590.622408,2.610628e-11,18428.167859,-28869.626426,-4931.321934,1.622,0.459,0.047
293,0.293000,294202590.622298,0.000000,294202590.622298,2.648027e-11,18428.167857,-28869.626432,-4931.321934,1.949,0.518,0.039
294,0.294000,294202590.622188,0.000000,294202590.622188,2.685407e-11,18428.167855,-28869.626439,-4931.321934,1.812,0.389,0.037
295,0.295000,294202590.622078,0.000000,294202590.622078,2.722826e-11,18428.167853,-28869.626445,-4931.321934,1.699,0.374,0.035
296,0.296000,294202590.621968,0.000000,294202590.621968,2.760266e-11,18428.167851,-28869.626452,-4931.321935,1.891,0.542,0.031
297,0.297000,294202590.621857,0.000000,294202590.621857,2.797787e-11,18428.167849,-28869.626458,-4931.321935,2.006,0.390,0.040
298,0.298000,294202590.621747,0.000000,294202590.621747,2.835248e-11,18428.167847,-28869.626465,-4931.321935,1.695,0.415,0.032
299,0.299000,294202590.621637,0.000000,294202590.621637,2.872647e-11,18428.167845,-28869.626471,-4931.321936,1.656,0.368,0.036
300,0.300000,294202590.621527,0.000000,294202590.621527,2.910047e-11,18428.167844,-28869.626478,-4931.321936,1.885,0.927,0.030
301,0.301000,294202590.621417,0.000000,294202590.621417,2.947568e-11,18428.167842,-28869.626484,-4931.321936,2.220,0.430,0.039
302,0.302000,294202590.621306,0.000000,294202590.621306,2.985008e-11,18428.167840,-28869.626491,-4931.321936,1.799,0.540,0.038
303,0.303000,294202590.621196,0.000000,294202590.621196,3.022448e-11,18428.167838,-28869.626497,-4931.321937,1.756,0.579,0.035
304,0.304000,294202590.621086,0.000000,294202590.621086,3.059827e-11,18428.167836,-28869.626504,-4931.321937,2.018,0.518,0.043
305,0.305000,294202590.620976,0.000000,294202590.620976,3.097307e-11,18428.167834,-28869.626510,-4931.321937,1.730,0.364,0.036
306,0.306000,294202590.620866,0.000000,294202590.620866,3.134808e-11,18428.167832,-28869.626517,-4931.321938,1.857,0.375,0.040
307,0.307000,294202590.620756,0.000000,294202590.620756,3.172228e-11,18428.167831,-28869.626523,-4931.321938,3.121,0.545,0.041
308,0.308000,294202590.620645,0.000000,294202590.620645,3.209728e-11,18428.167829,-28869.626530,-4931.321938,1.768,0.485,0.041
309,0.309000,294202590.620535,0.000000,294202590.620535,3.247310e-11,18428.167827,-28869.626536,-4931.321939,1.755,0.575,0.044
310,0.310000,294202590.620425,0.000000,294202590.620425,3.284750e-11,18428.167825,-28869.626543,-4931.321939,1.975,0.549,0.056
311,0.311000,294202590.620314,0.000000,294202590.620314,3.322190e-11,18428.167823,-28869.626549,-4931.321939,1.727,0.548,0.039
312,0.312000,294202590.620204,0.000000,294202590.620204,3.359590e-11,18428.167821,-28869.626556,-4931.321940,2.360,0.491,0.187
313,0.313000,294202590.620094,0.000000,294202590.620094,3.397030e-11,18428.167819,-28869.626562,-4931.321940,2.026,0.435,0.031
314,0.314000,294202590.619984,0.000000,294202590.619984,3.434571e-11,18428.167818,-28869.626569,-4931.321940,2.512,0.571,0.038
315,0.315000,294202590.619874,0.000000,294202590.619874,3.472031e-11,18428.167816,-28869.626576,-4931.321940,1.752,0.452,0.039
316,0.316000,294202590.619764,0.000000,294202590.619764,3.509451e-11,18428.167814,-28869.626582,-4931.321941,1.714,0.519,0.030
317,0.317000,294202590.619653,0.000000,294202590.619653,3.546891e-11,18428.167812,-28869.626589,-4931.321941,1.653,0.402,0.037
318,0.318000,294202590.619543,0.000000,294202590.619543,3.584311e-11,18428.167810,-28869.626595,-4931.321941,1.841,0.418,0.033
319,0.319000,294202590.619433,0.000000,294202590.619433,3.621690e-11,18428.167808,-28869.626602,-4931.321942,1.786,0.470,0.036
320,0.320000,294202590.619323,0.000000,294202590.619323,3.659109e-11,18428.167806,-28869.626609,-4931.321942,2.033,0.414,0.061
321,0.321000,294202590.619213,0.000000,294202590.619213,3.696509e-11,18428.167805,-28869.626616,-4931.321943,1.779,0.416,0.034
322,0.322000,294202590.619103,0.000000,294202590.619103,3.733848e-11,18428.167803,-28869.626622,-4931.321943,1.758,0.427,0.036
323,0.323000,294202590.618993,0.000000,294202590.618993,3.771288e-11,18428.167801,-28869.626629,-4931.321943,1.972,0.425,0.048
324,0.324000,294202590.618883,0.000000,294202590.618883,3.808647e-11,18428.167799,-28869.626636,-4931.321944,2.050,0.551,0.038
325,0.325000,294202590.618773,0.000000,294202590.618773,3.846066e-11,18428.167797,-28869.626642,-4931.321944,1.957,0.672,0.031
326,0.326000,294202590.618663,0.000000,294202590.618663,3.883445e-11,18428.167795,-28869.626649,-4931.321944,1.727,0.408,0.040
327,0.327000,294202590.618553,0.000000,294202590.618553,3.920845e-11,18428.167794,-28869.626656,-4931.321945,1.764,0.592,0.037
328,0.328000,294202590.618443,0.000000,294202590.618443,3.958305e-11,18428.167792,-28869.626663,-4931.321945,2.399,0.443,0.040
329,0.329000,294202590.618333,0.000000,294202590.618333,3.995705e-11,18428.167790,-28869.626669,-4931.321945,2.566,1.162,0.045
330,0.330000,294202590.618223,0.000000,294202590.618223,4.033043e-11,18428.167788,-28869.626676,-4931.321946,5.555,1.004,0.058
331,0.331000,294202590.618113,0.000000,294202590.618113,4.070483e-11,18428.167786,-28869.626683,-4931.321946,1.894,0.402,0.038
332,0.332000,294202590.618003,0.000000,294202590.618003,4.107822e-11,18428.167785,-28869.626689,-4931.321946,1.697,0.471,0.037
333,0.333000,294202590.617893,0.000000,294202590.617893,4.145221e-11,18428.167783,-28869.626696,-4931.321947,1.933,0.410,0.039
334,0.334000,294202590.617783,0.000000,294202590.617783,4.182621e-11,18428.167781,-28869.626703,-4931.321947,1.710,0.384,0.037
335,0.335000,294202590.617673,0.000000,294202590.617673,4.219980e-11,18428.167779,-28869.626710,-4931.321948,2.163,0.530,0.037
336,0.336000,294202590.617563,0.000000,294202590.617563,4.257400e-11,18428.167777,-28869.626716,-4931.321948,1.989,0.480,0.033
337,0.337000,294202590.617453,0.000000,294202590.617453,4.294779e-11,18428.167775,-28869.626723,-4931.321948,1.647,0.387,0.034
338,0.338000,294202590.617343,0.000000,294202590.617343,4.332239e-11,18428.167774,-28869.626730,-4931.321949,2.022,0.457,0.073
339,0.339000,294202590.617233,0.000000,294202590.617233,4.369618e-11,18428.167772,-28869.626736,-4931.321949,1.691,0.396,0.034
340,0.340000,294202590.617123,0.000000,294202590.617123,4.406896e-11,18428.167770,-28869.626743,-4931.321949,1.817,0.621,0.043
341,0.341000,294202590.617013,0.000000,294202590.617013,4.444336e-11,18428.167768,-28869.626750,-4931.321950,1.675,0.623,0.035
342,0.342000,294202590.616903,0.000000,294202590.616903,4.481715e-11,18428.167766,-28869.626757,-4931.321950,1.720,0.435,0.036
343,0.343000,294202590.616793,0.000000,294202590.616793,4.519054e-11,18428.167764,-28869.626763,-4931.321951,1.769,0.369,0.042
344,0.344000,294202590.616684,0.000000,294202590.616684,4.556251e-11,18428.167763,-28869.626770,-4931.321951,2.268,0.462,0.043
345,0.345000,294202590.616575,0.000000,294202590.616575,4.593367e-11,18428.167761,-28869.626777,-4931.321951,1.732,0.371,0.035
346,0.346000,294202590.616466,0.000000,294202590.616466,4.630442e-11,18428.167759,-28869.626784,-4931.321950,1.812,0.558,0.033
347,0.347000,294202590.616356,0.000000,294202590.616356,4.667558e-11,18428.167757,-28869.626791,-4931.321950,2.059,0.415,0.037
348,0.348000,294202590.616248,0.000000,294202590.616248,4.704532e-11,18428.167755,-28869.626797,-4931.321950,2.027,0.394,0.046
349,0.349000,294202590.616139,0.000000,294202590.616139,4.741566e-11,18428.167754,-28869.626804,-4931.321950,2.086,0.690,0.039
350,0.350000,294202590.616030,0.000000,294202590.616030,4.778622e-11,18428.167752,-28869.626811,-4931.321950,1.852,0.436,0.036
351,0.351000,294202590.615921,0.000000,294202590.615921,4.815677e-11,18428.167750,-28869.626818,-4931.321950,1.676,0.403,0.033
352,0.352000,294202590.615812,0.000000,294202590.615812,4.852752e-11,18428.167748,-28869.626825,-4931.321950,1.770,0.405,0.032
353,0.353000,294202590.615703,0.000000,294202590.615703,4.889726e-11,18428.167746,-28869.626831,-4931.321950,1.972,0.424,0.041
354,0.354000,294202590.615594,0.000000,294202590.615594,4.926720e-11,18428.167744,-28869.626838,-4931.321950,2.307,0.426,0.047
355,0.355000,294202590.615485,0.000000,294202590.615485,4.963755e-11,18428.167743,-28869.626845,-4931.321950,2.596,0.898,0.046
356,0.356000,294202590.615376,0.000000,294202590.615376,5.000810e-11,18428.167741,-28869.626852,-4931.321950,3.450,0.590,0.041
357,0.357000,294202590.615267,0.000000,294202590.615267,5.037824e-11,18428.167739,-28869.626859,-4931.321950,1.905,0.503,0.034
358,0.358000,294202590.615158,0.000000,294202590.615158,5.074900e-11,18428.167738,-28869.626865,-4931.321950,1.809,0.372,0.067
359,0.359000,294202590.615049,0.000000,294202590.615049,5.111894e-11,18428.167736,-28869.626872,-4931.321949,1.498,0.396,0.041
360,0.360000,294202590.614940,0.000000,294202590.614940,5.148909e-11,18428.167734,-28869.626879,-4931.321949,1.746,0.329,0.036
361,0.361000,294202590.614831,0.000000,294202590.614831,5.186024e-11,18428.167732,-28869.626886,-4931.321949,1.790,0.409,0.044
362,0.362000,294202590.614722,0.000000,294202590.614722,5.223019e-11,18428.167731,-28869.626893,-4931.321949,1.927,0.393,0.030
363,0.363000,294202590.614613,0.000000,294202590.614613,5.260053e-11,18428.167729,-28869.626900,-4931.321949,1.671,0.363,0.037
364,0.364000,294202590.614504,0.000000,294202590.614504,5.297048e-11,18428.167727,-28869.626906,-4931.321949,1.647,0.403,0.034
365,0.365000,294202590.614396,0.000000,294202590.614396,5.334022e-11,18428.167725,-28869.626913,-4931.321949,1.672,0.435,0.041
366,0.366000,294202590.614287,0.000000,294202590.614287,5.370996e-11,18428.167724,-28869.626920,-4931.321949,1.856,0.403,0.041
367,0.367000,294202590.614178,0.000000,294202590.614178,5.408071e-11,18428.167722,-28869.626927,-4931.321949,2.080,0.414,0.032
368,0.368000,294202590.614069,0.000000,294202590.614069,5.445126e-11,18428.167720,-28869.626934,-4931.321949,1.771,0.391,0.035
369,0.369000,294202590.613960,0.000000,294202590.613960,5.482060e-11,18428.167718,-28869.626941,-4931.321949,1.658,0.477,0.034
370,0.370000,294202590.613851,0.000000,294202590.613851,5.519135e-11,18428.167717,-28869.626948,-4931.321949,1.962,0.461,0.030
371,0.371000,294202590.613742,0.000000,294202590.613742,5.556230e-11,18428.167715,-28869.626955,-4931.321949,1.733,0.409,0.032
372,0.372000,294202590.613633,0.000000,294202590.613633,5.593285e-11,18428.167713,-28869.626961,-4931.321949,1.676,0.431,0.031
373,0.373000,294202590.613524,0.000000,294202590.613524,5.630199e-11,18428.167711,-28869.626968,-4931.321949,1.827,0.346,0.042
374,0.374000,294202590.613415,0.000000,294202590.613415,5.667173e-11,18428.167710,-28869.626975,-4931.321949,1.815,0.506,0.033
375,0.375000,294202590.613306,0.000000,294202590.613306,5.704248e-11,18428.167708,-28869.626982,-4931.321949,1.806,0.763,0.033
376,0.376000,294202590.613198,0.000000,294202590.613198,5.741242e-11,18428.167706,-28869.626989,-4931.321949,1.678,0.459,0.031
377,0.377000,294202590.613089,0.000000,294202590.613089,5.778297e-11,18428.167704,-28869.626996,-4931.321949,1.792,0.434,0.032
378,0.378000,294202590.612980,0.000000,294202590.612980,5.815332e-11,18428.167703,-28869.627003,-4931.321949,1.800,0.418,0.036
379,0.379000,294202590.612871,0.000000,294202590.612871,5.852286e-11,18428.167701,-28869.627010,-4931.321949,1.984,0.723,0.038
380,0.380000,294202590.612762,0.000000,294202590.612762,5.889361e-11,18428.167699,-28869.627017,-4931.321949,1.740,0.401,0.042
381,0.381000,294202590.612653,0.000000,294202590.612653,5.926355e-11,18428.167697,-28869.627024,-4931.321949,1.945,0.411,0.041
382,0.382000,294202590.612544,0.000000,294202590.612544,5.963410e-11,18428.167696,-28869.627031,-4931.321949,1.794,0.452,0.035
383,0.383000,294202590.612435,0.000000,294202590.612435,6.000425e-11,18428.167694,-28869.627038,-4931.321949,2.056,0.627,0.030
384,0.384000,294202590.612326,0.000000,294202590.612326,6.037439e-11,18428.167692,-28869.627045,-4931.321949,2.222,0.479,0.035
385,0.385000,294202590.612217,0.000000,294202590.612217,6.074373e-11,18428.167690,-28869.627052,-4931.321949,1.742,0.370,0.046
386,0.386000,294202590.612106,0.000000,294202590.612106,6.112157e-11,18428.167688,-28869.627059,-4931.321949,1.740,0.411,0.039
387,0.387000,294202590.611993,0.000000,294202590.611993,6.150691e-11,18428.167687,-28869.627065,-4931.321949,1.627,0.397,0.045
388,0.388000,294202590.611879,0.000000,294202590.611879,6.189266e-11,18428.167685,-28869.627071,-4931.321949,1.733,0.429,0.037
389,0.389000,294202590.611766,0.000000,294202590.611766,6.227719e-11,18428.167683,-28869.627077,-4931.321949,1.995,0.381,0.035
390,0.390000,294202590.611651,0.000000,294202590.611651,6.266942e-11,18428.167681,-28869.627083,-4931.321949,1.715,0.412,0.031
391,0.391000,294202590.611534,0.000000,294202590.611534,6.306691e-11,18428.167678,-28869.627089,-4931.321949,1.670,0.557,0.031
392,0.392000,294202590.611416,0.000000,294202590.611416,6.346643e-11,18428.167675,-28869.627095,-4931.321949,2.009,0.625,0.036
393,0.393000,294202590.611300,0.000000,294202590.611300,6.386312e-11,18428.167673,-28869.627101,-4931.321949,1.932,0.432,0.033
394,0.394000,294202590.611182,0.000000,294202590.611182,6.426183e-11,18428.167670,-28869.627108,-4931.321949,1.806,0.513,0.037
395,0.395000,294202590.611065,0.000000,294202590.611065,6.466014e-11,18428.167667,-28869.627114,-4931.321949,1.845,0.412,0.027
396,0.396000,294202590.610948,0.000000,294202590.610948,6.505925e-11,18428.167664,-28869.627120,-4931.321949,2.047,0.392,0.029
397,0.397000,294202590.610831,0.000000,294202590.610831,6.545776e-11,18428.167662,-28869.627126,-4931.321949,1.805,0.416,0.041
398,0.398000,294202590.610714,0.000000,294202590.610714,6.585546e-11,18428.167659,-28869.627132,-4931.321949,1.666,0.440,0.036
399,0.399000,294202590.610596,0.000000,294202590.610596,6.625438e-11,18428.167656,-28869.627139,-4931.321950,1.739,0.406,0.042
400,0.400000,294202590.610479,0.000000,294202590.610479,6.665268e-11,18428.167653,-28869.627145,-4931.321950,1.937,0.544,0.030
401,0.401000,294202590.610362,0.000000,294202590.610362,6.705058e-11,18428.167651,-28869.627151,-4931.321950,1.855,0.387,0.038
402,0.402000,294202590.610245,0.000000,294202590.610245,6.744929e-11,18428.167648,-28869.627157,-4931.321950,1.739,0.333,0.041
403,0.403000,294202590.610128,0.000000,294202590.610128,6.784699e-11,18428.167645,-28869.627163,-4931.321950,1.841,0.409,0.034
404,0.404000,294202590.610011,0.000000,294202590.610011,6.824530e-11,18428.167642,-28869.627170,-4931.321951,1.903,0.356,0.036
405,0.405000,294202590.609893,0.000000,294202590.609893,6.864361e-11,18428.167640,-28869.627176,-4931.321951,1.728,0.478,0.029
406,0.406000,294202590.609776,0.000000,294202590.609776,6.904191e-11,18428.167637,-28869.627182,-4931.321951,1.733,0.355,0.066
407,0.407000,294202590.609659,0.000000,294202590.609659,6.944103e-11,18428.167634,-28869.627188,-4931.321951,1.673,0.463,0.026
408,0.408000,294202590.609541,0.000000,294202590.609541,6.983974e-11,18428.167631,-28869.627195,-4931.321951,1.757,0.896,0.035
409,0.409000,294202590.609424,0.000000,294202590.609424,7.023764e-11,18428.167629,-28869.627201,-4931.321952,1.897,0.517,0.035
410,0.410000,294202590.609307,0.000000,294202590.609307,7.063514e-11,18428.167626,-28869.627207,-4931.321952,2.611,0.503,0.032
411,0.411000,294202590.609190,0.000000,294202590.609190,7.103425e-11,18428.167623,-28869.627213,-4931.321952,2.061,0.622,0.051
412,0.412000,294202590.609073,0.000000,294202590.609073,7.143337e-11,18428.167621,-28869.627220,-4931.321952,2.538,0.609,0.040
413,0.413000,294202590.608955,0.000000,294202590.608955,7.183147e-11,18428.167618,-28869.627226,-4931.321953,1.752,0.468,0.036
414,0.414000,294202590.608838,0.000000,294202590.608838,7.222937e-11,18428.167615,-28869.627232,-4931.321953,3.229,0.539,0.607
415,0.415000,294202590.608721,0.000000,294202590.608721,7.262829e-11,18428.167612,-28869.627238,-4931.321953,2.069,0.541,0.037
416,0.416000,294202590.608604,0.000000,294202590.608604,7.302720e-11,18428.167610,-28869.627245,-4931.321953,1.714,0.554,0.054
417,0.417000,294202590.608486,0.000000,294202590.608486,7.342551e-11,18428.167607,-28869.627251,-4931.321954,1.601,0.437,0.034
418,0.418000,294202590.608369,0.000000,294202590.608369,7.382402e-11,18428.167604,-28869.627257,-4931.321954,1.637,0.382,0.049
419,0.419000,294202590.608252,0.000000,294202590.608252,7.422212e-11,18428.167601,-28869.627264,-4931.321954,1.994,0.575,0.035
420,0.420000,294202590.608135,0.000000,294202590.608135,7.462043e-11,18428.167599,-28869.627270,-4931.321955,1.747,0.439,0.032
421,0.421000,294202590.608018,0.000000,294202590.608018,7.501833e-11,18428.167596,-28869.627276,-4931.321955,1.605,0.390,0.039
422,0.422000,294202590.607901,0.000000,294202590.607901,7.541684e-11,18428.167593,-28869.627283,-4931.321955,1.933,0.358,0.032
423,0.423000,294202590.607783,0.000000,294202590.607783,7.581494e-11,18428.167590,-28869.627289,-4931.321956,1.955,0.400,0.036
424,0.424000,294202590.607666,0.000000,294202590.607666,7.621325e-11,18428.167588,-28869.627295,-4931.321956,2.504,0.844,0.045
425,0.425000,294202590.607549,0.000000,294202590.607549,7.661176e-11,18428.167585,-28869.627301,-4931.321956,1.626,0.470,0.034
426,0.426000,294202590.607432,0.000000,294202590.607432,7.700986e-11,18428.167582,-28869.627308,-4931.321957,1.768,0.468,0.045
427,0.427000,294202590.607315,0.000000,294202590.607315,7.740796e-11,18428.167579,-28869.627314,-4931.321957,1.794,0.344,0.049
428,0.428000,294202590.607198,0.000000,294202590.607198,7.780607e-11,18428.167577,-28869.627320,-4931.321957,1.819,0.455,0.038
429,0.429000,294202590.607081,0.000000,294202590.607081,7.820397e-11,18428.167574,-28869.627327,-4931.321958,1.633,0.360,0.033
430,0.430000,294202590.606964,0.000000,294202590.606964,7.860207e-11,18428.167571,-28869.627333,-4931.321958,1.799,0.577,0.038
431,0.431000,294202590.606846,0.000000,294202590.606846,7.899997e-11,18428.167568,-28869.627339,-4931.321959,1.794,0.359,0.038
432,0.432000,294202590.606782,0.000000,294202590.606782,7.921837e-11,18428.167568,-28869.627345,-4931.321959,2.216,0.399,0.037
433,0.433000,294202590.606771,0.000000,294202590.606771,7.925727e-11,18428.167569,-28869.627352,-4931.321960,1.713,0.367,0.035
434,0.434000,294202590.606760,0.000000,294202590.606760,7.929536e-11,18428.167570,-28869.627358,-4931.321960,2.353,0.529,0.040
435,0.435000,294202590.606748,0.000000,294202590.606748,7.933507e-11,18428.167571,-28869.627364,-4931.321960,1.840,0.700,0.039
436,0.436000,294202590.606736,0.000000,294202590.606736,7.937397e-11,18428.167572,-28869.627371,-4931.321961,1.891,0.789,0.030
437,0.437000,294202590.606725,0.000000,294202590.606725,7.941347e-11,18428.167573,-28869.627377,-4931.321961,1.818,0.525,0.043
438,0.438000,294202590.606714,0.000000,294202590.606714,7.945177e-11,18428.167574,-28869.627383,-4931.321962,1.890,0.528,0.039
439,0.439000,294202590.606702,0.000000,294202590.606702,7.949006e-11,18428.167575,-28869.627390,-4931.321962,1.857,0.534,0.036
440,0.440000,294202590.606691,0.000000,294202590.606691,7.952875e-11,18428.167576,-28869.627396,-4931.321963,1.720,0.403,0.086
441,0.441000,294202590.606679,0.000000,294202590.606679,7.956846e-11,18428.167577,-28869.627402,-4931.321963,2.319,0.819,0.038
442,0.442000,294202590.606668,0.000000,294202590.606668,7.960554e-11,18428.167578,-28869.627409,-4931.321964,2.326,0.447,0.047
443,0.443000,294202590.606657,0.000000,294202590.606657,7.964504e-11,18428.167579,-28869.627415,-4931.321964,2.099,0.449,0.037
444,0.444000,294202590.606646,0.000000,294202590.606646,7.968293e-11,18428.167580,-28869.627421,-4931.321965,2.026,0.459,0.055
445,0.445000,294202590.606634,0.000000,294202590.606634,7.972183e-11,18428.167581,-28869.627428,-4931.321965,2.292,0.436,0.039
446,0.446000,294202590.606623,0.000000,294202590.606623,7.976032e-11,18428.167583,-28869.627434,-4931.321966,1.843,0.407,0.036
447,0.447000,294202590.606611,0.000000,294202590.606611,7.979942e-11,18428.167584,-28869.627441,-4931.321966,1.859,0.396,0.042
448,0.448000,294202590.606600,0.000000,294202590.606600,7.983792e-11,18428.167585,-28869.627447,-4931.321967,2.153,0.671,0.043
449,0.449000,294202590.606588,0.000000,294202590.606588,7.987762e-11,18428.167586,-28869.627453,-4931.321967,1.724,0.636,0.034
450,0.450000,294202590.606576,0.000000,294202590.606576,7.991774e-11,18428.167587,-28869.627460,-4931.321968,1.944,0.419,0.051
451,0.451000,294202590.606566,0.000000,294202590.606566,7.995380e-11,18428.167588,-28869.627466,-4931.321968,1.898,0.459,0.204
452,0.452000,294202590.606555,0.000000,294202590.606555,7.998905e-11,18428.167589,-28869.627473,-4931.321968,1.885,0.435,0.041
453,0.453000,294202590.606545,0.000000,294202590.606545,8.002390e-11,18428.167590,-28869.627479,-4931.321968,1.660,0.458,0.035
454,0.454000,294202590.606535,0.000000,294202590.606535,8.005956e-11,18428.167591,-28869.627486,-4931.321968,1.733,0.460,0.042
455,0.455000,294202590.606524,0.000000,294202590.606524,8.009562e-11,18428.167592,-28869.627492,-4931.321968,1.725,0.392,0.131
456,0.456000,294202590.606514,0.000000,294202590.606514,8.013107e-11,18428.167593,-28869.627498,-4931.321968,2.209,0.873,0.049
457,0.457000,294202590.606503,0.000000,294202590.606503,8.016653e-11,18428.167594,-28869.627505,-4931.321968,1.777,0.446,0.060
458,0.458000,294202590.606493,0.000000,294202590.606493,8.020138e-11,18428.167595,-28869.627511,-4931.321968,1.840,0.465,0.049
459,0.459000,294202590.606483,0.000000,294202590.606483,8.023683e-11,18428.167597,-28869.627518,-4931.321968,1.924,0.551,0.072
460,0.460000,294202590.606472,0.000000,294202590.606472,8.027188e-11,18428.167598,-28869.627524,-4931.321969,1.724,0.590,0.048
461,0.461000,294202590.606462,0.000000,294202590.606462,8.030774e-11,18428.167599,-28869.627531,-4931.321969,2.065,0.487,0.044
462,0.462000,294202590.606451,0.000000,294202590.606451,8.034259e-11,18428.167600,-28869.627538,-4931.321969,1.867,0.394,0.072
463,0.463000,294202590.606441,0.000000,294202590.606441,8.037743e-11,18428.167601,-28869.627544,-4931.321969,1.914,0.436,0.043
464,0.464000,294202590.606431,0.000000,294202590.606431,8.041248e-11,18428.167602,-28869.627551,-4931.321969,2.039,0.578,0.035
465,0.465000,294202590.606421,0.000000,294202590.606421,8.044773e-11,18428.167603,-28869.627558,-4931.321969,2.689,0.830,0.042
466,0.466000,294202590.606410,0.000000,294202590.606410,8.048217e-11,18428.167604,-28869.627564,-4931.321969,1.748,0.448,0.037
467,0.467000,294202590.606400,0.000000,294202590.606400,8.051844e-11,18428.167605,-28869.627571,-4931.321969,2.635,0.492,0.056
468,0.468000,294202590.606389,0.000000,294202590.606389,8.055430e-11,18428.167606,-28869.627578,-4931.321970,2.159,0.507,0.046
469,0.469000,294202590.606378,0.000000,294202590.606378,8.059077e-11,18428.167607,-28869.627585,-4931.321970,2.219,0.516,0.040
470,0.470000,294202590.606368,0.000000,294202590.606368,8.062460e-11,18428.167608,-28869.627591,-4931.321970,2.665,0.534,0.061
471,0.471000,294202590.606358,0.000000,294202590.606358,8.065965e-11,18428.167610,-28869.627598,-4931.321970,2.036,0.381,0.040
472,0.472000,294202590.606348,0.000000,294202590.606348,8.069490e-11,18428.167611,-28869.627605,-4931.321970,1.968,0.557,0.047
473,0.473000,294202590.606337,0.000000,294202590.606337,8.073036e-11,18428.167612,-28869.627611,-4931.321971,1.764,0.501,0.038
474,0.474000,294202590.606327,0.000000,294202590.606327,8.076561e-11,18428.167613,-28869.627618,-4931.321971,2.174,0.431,0.065
475,0.475000,294202590.606317,0.000000,294202590.606317,8.080066e-11,18428.167614,-28869.627625,-4931.321971,1.845,0.389,0.034
476,0.476000,294202590.606306,0.000000,294202590.606306,8.083571e-11,18428.167615,-28869.627632,-4931.321971,1.939,0.451,0.036
477,0.477000,294202590.606296,0.000000,294202590.606296,8.087055e-11,18428.167616,-28869.627639,-4931.321971,1.719,0.555,0.033
478,0.478000,294202590.606286,0.000000,294202590.606286,8.090601e-11,18428.167617,-28869.627645,-4931.321972,1.669,0.390,0.031
479,0.479000,294202590.606275,0.000000,294202590.606275,8.094065e-11,18428.167618,-28869.627652,-4931.321972,1.609,0.392,0.043
480,0.480000,294202590.606265,0.000000,294202590.606265,8.097631e-11,18428.167619,-28869.627659,-4931.321972,1.903,0.412,0.050
481,0.481000,294202590.606255,0.000000,294202590.606255,8.101176e-11,18428.167620,-28869.627666,-4931.321972,1.802,0.417,0.044
482,0.482000,294202590.606244,0.000000,294202590.606244,8.104762e-11,18428.167621,-28869.627673,-4931.321973,2.109,0.402,0.044
483,0.483000,294202590.606234,0.000000,294202590.606234,8.108186e-11,18428.167622,-28869.627679,-4931.321973,2.284,0.571,0.033
484,0.484000,294202590.606224,0.000000,294202590.606224,8.111630e-11,18428.167623,-28869.627686,-4931.321973,2.647,0.410,0.051
485,0.485000,294202590.606216,0.000000,294202590.606216,8.114284e-11,18428.167624,-28869.627693,-4931.321974,2.125,0.460,0.043
486,0.486000,294202590.606210,0.000000,294202590.606210,8.116290e-11,18428.167625,-28869.627700,-4931.321975,2.123,0.409,0.038
487,0.487000,294202590.606205,0.000000,294202590.606205,8.118195e-11,18428.167626,-28869.627707,-4931.321976,1.874,0.360,0.039
488,0.488000,294202590.606199,0.000000,294202590.606199,8.120058e-11,18428.167627,-28869.627714,-4931.321977,2.534,0.413,0.037
489,0.489000,294202590.606193,0.000000,294202590.606193,8.121943e-11,18428.167628,-28869.627721,-4931.321979,1.919,1.208,0.035
490,0.490000,294202590.606188,0.000000,294202590.606188,8.123847e-11,18428.167629,-28869.627728,-4931.321980,1.796,0.475,0.037
491,0.491000,294202590.606182,0.000000,294202590.606182,8.125873e-11,18428.167629,-28869.627735,-4931.321981,1.714,0.572,0.035
492,0.492000,294202590.606177,0.000000,294202590.606177,8.127696e-11,18428.167630,-28869.627742,-4931.321982,1.923,0.410,0.043
493,0.493000,294202590.606171,0.000000,294202590.606171,8.129601e-11,18428.167631,-28869.627749,-4931.321983,1.816,0.508,0.036
494,0.494000,294202590.606165,0.000000,294202590.606165,8.131586e-11,18428.167632,-28869.627756,-4931.321985,1.786,0.530,0.031
495,0.495000,294202590.606160,0.000000,294202590.606160,8.133389e-11,18428.167633,-28869.627763,-4931.321986,1.897,0.504,0.037
496,0.496000,294202590.606154,0.000000,294202590.606154,8.135314e-11,18428.167634,-28869.627770,-4931.321987,2.126,0.397,0.035
497,0.497000,294202590.606149,0.000000,294202590.606149,8.137097e-11,18428.167635,-28869.627777,-4931.321989,1.926,0.436,0.039
498,0.498000,294202590.606143,0.000000,294202590.606143,8.139042e-11,18428.167636,-28869.627784,-4931.321990,1.810,0.553,0.030
499,0.499000,294202590.606138,0.000000,294202590.606138,8.140885e-11,18428.167637,-28869.627791,-4931.321991,1.899,0.424,0.046
500,0.500000,294202590.606132,0.000000,294202590.606132,8.142810e-11,18428.167638,-28869.627798,-4931.321992,2.605,0.415,0.043
501,0.501000,294202590.606127,0.000000,294202590.606127,8.144694e-11,18428.167639,-28869.627805,-4931.321994,1.885,0.443,0.033
502,0.502000,294202590.606121,0.000000,294202590.606121,8.146639e-11,18428.167640,-28869.627812,-4931.321995,1.797,0.404,0.041
503,0.503000,294202590.606115,0.000000,294202590.606115,8.148604e-11,18428.167641,-28869.627819,-4931.321996,2.094,0.488,0.036
504,0.504000,294202590.606110,0.000000,294202590.606110,8.150468e-11,18428.167642,-28869.627826,-4931.321998,2.658,0.691,0.039
505,0.505000,294202590.606104,0.000000,294202590.606104,8.152393e-11,18428.167643,-28869.627833,-4931.321999,1.915,0.515,0.036
506,0.506000,294202590.606099,0.000000,294202590.606099,8.154196e-11,18428.167644,-28869.627840,-4931.322001,2.179,0.456,0.042
507,0.507000,294202590.606093,0.000000,294202590.606093,8.156101e-11,18428.167646,-28869.627847,-4931.322002,1.669,0.386,0.034
508,0.508000,294202590.606088,0.000000,294202590.606088,8.157944e-11,18428.167647,-28869.627854,-4931.322003,1.895,0.859,0.045
509,0.509000,294202590.606082,0.000000,294202590.606082,8.159869e-11,18428.167648,-28869.627861,-4931.322005,1.780,0.438,0.040
510,0.510000,294202590.606076,0.000000,294202590.606076,8.161753e-11,18428.167649,-28869.627869,-4931.322006,1.978,0.594,0.036
511,0.511000,294202590.606071,0.000000,294202590.606071,8.163576e-11,18428.167650,-28869.627876,-4931.322008,1.941,0.687,0.039
512,0.512000,294202590.606065,0.000000,294202590.606065,8.165481e-11,18428.167651,-28869.627883,-4931.322009,1.746,0.588,0.044
513,0.513000,294202590.606060,0.000000,294202590.606060,8.167345e-11,18428.167652,-28869.627890,-4931.322011,2.022,0.748,0.038
514,0.514000,294202590.606054,0.000000,294202590.606054,8.169269e-11,18428.167653,-28869.627897,-4931.322012,1.662,0.414,0.037
515,0.515000,294202590.606049,0.000000,294202590.606049,8.171194e-11,18428.167654,-28869.627904,-4931.322013,1.832,0.412,0.086
516,0.516000,294202590.606043,0.000000,294202590.606043,8.173058e-11,18428.167655,-28869.627911,-4931.322015,1.837,0.589,0.032
517,0.517000,294202590.606038,0.000000,294202590.606038,8.174902e-11,18428.167656,-28869.627918,-4931.322016,2.299,0.448,0.043
518,0.518000,294202590.606032,0.000000,294202590.606032,8.176786e-11,18428.167657,-28869.627926,-4931.322018,3.505,0.432,0.054
519,0.519000,294202590.606027,0.000000,294202590.606027,8.178629e-11,18428.167658,-28869.627933,-4931.322019,1.659,0.350,0.035
520,0.520000,294202590.606021,0.000000,294202590.606021,8.180534e-11,18428.167659,-28869.627940,-4931.322021,2.613,0.388,0.030
521,0.521000,294202590.606016,0.000000,294202590.606016,8.182398e-11,18428.167660,-28869.627948,-4931.322022,1.735,0.345,0.039
522,0.522000,294202590.606010,0.000000,294202590.606010,8.184181e-11,18428.167661,-28869.627955,-4931.322024,1.988,0.505,0.045
523,0.523000,294202590.606005,0.000000,294202590.606005,8.186146e-11,18428.167662,-28869.627962,-4931.322025,2.114,0.475,0.036
524,0.524000,294202590.605999,0.000000,294202590.605999,8.187929e-11,18428.167663,-28869.627969,-4931.322027,2.550,0.456,0.141
525,0.525000,294202590.605994,0.000000,294202590.605994,8.189711e-11,18428.167665,-28869.627977,-4931.322028,1.907,0.507,0.038
526,0.526000,294202590.605988,0.000000,294202590.605988,8.191636e-11,18428.167666,-28869.627984,-4931.322030,1.743,0.777,0.035
527,0.527000,294202590.605983,0.000000,294202590.605983,8.193459e-11,18428.167667,-28869.627991,-4931.322031,1.728,0.611,0.036
528,0.528000,294202590.605977,0.000000,294202590.605977,8.195445e-11,18428.167668,-28869.627998,-4931.322033,1.882,0.359,0.040
529,0.529000,294202590.605972,0.000000,294202590.605972,8.197248e-11,18428.167669,-28869.628006,-4931.322034,2.292,0.894,0.039
530,0.530000,294202590.605966,0.000000,294202590.605966,8.199132e-11,18428.167670,-28869.628013,-4931.322036,1.931,0.389,0.034
531,0.531000,294202590.605961,0.000000,294202590.605961,8.201016e-11,18428.167671,-28869.628020,-4931.322038,1.655,0.480,0.033
532,0.532000,294202590.605955,0.000000,294202590.605955,8.202860e-11,18428.167672,-28869.628028,-4931.322039,1.729,0.420,0.036
533,0.533000,294202590.605950,0.000000,294202590.605950,8.204623e-11,18428.167673,-28869.628035,-4931.322041,1.681,0.402,0.040
534,0.534000,294202590.605944,0.000000,294202590.605944,8.206608e-11,18428.167674,-28869.628042,-4931.322042,1.668,0.410,0.041
535,0.535000,294202590.605939,0.000000,294202590.605939,8.208472e-11,18428.167675,-28869.628049,-4931.322044,1.722,0.606,0.034
536,0.536000,294202590.605934,0.000000,294202590.605934,8.210235e-11,18428.167676,-28869.628057,-4931.322046,1.803,0.426,0.032
537,0.537000,294202590.605928,0.000000,294202590.605928,8.212139e-11,18428.167677,-28869.628064,-4931.322047,1.850,0.677,0.032
538,0.538000,294202590.605923,0.000000,294202590.605923,8.213902e-11,18428.167678,-28869.628071,-4931.322049,1.807,0.489,0.038
539,0.539000,294202590.605917,0.000000,294202590.605917,8.215928e-11,18428.167679,-28869.628079,-4931.322050,1.860,0.485,0.042
540,0.540000,294202590.605912,0.000000,294202590.605912,8.217731e-11,18428.167681,-28869.628086,-4931.322052,1.842,0.508,0.059
541,0.541000,294202590.605906,0.000000,294202590.605906,8.219534e-11,18428.167682,-28869.628093,-4931.322054,1.651,0.445,0.037
542,0.542000,294202590.605901,0.000000,294202590.605901,8.221499e-11,18428.167683,-28869.628101,-4931.322055,1.705,0.337,0.046
543,0.543000,294202590.605895,0.000000,294202590.605895,8.223383e-11,18428.167684,-28869.628108,-4931.322057,1.729,0.414,0.031
544,0.544000,294202590.605890,0.000000,294202590.605890,8.225186e-11,18428.167685,-28869.628115,-4931.322059,1.924,0.544,0.068
545,0.545000,294202590.605884,0.000000,294202590.605884,8.226989e-11,18428.167686,-28869.628122,-4931.322060,2.043,0.432,0.037
546,0.546000,294202590.605879,0.000000,294202590.605879,8.228833e-11,18428.167687,-28869.628130,-4931.322062,1.727,0.555,0.038
547,0.547000,294202590.605874,0.000000,294202590.605874,8.230656e-11,18428.167688,-28869.628137,-4931.322064,1.825,0.400,0.032
548,0.548000,294202590.605868,0.000000,294202590.605868,8.232419e-11,18428.167689,-28869.628144,-4931.322066,1.753,0.404,0.031
549,0.549000,294202590.605863,0.000000,294202590.605863,8.234303e-11,18428.167690,-28869.628151,-4931.322067,1.847,0.370,0.040
550,0.550000,294202590.605857,0.000000,294202590.605857,8.236167e-11,18428.167691,-28869.628159,-4931.322069,1.902,0.417,0.035
551,0.551000,294202590.605852,0.000000,294202590.605852,8.237970e-11,18428.167692,-28869.628166,-4931.322071,1.733,0.369,0.034
552,0.552000,294202590.605847,0.000000,294202590.605847,8.239834e-11,18428.167693,-28869.628173,-4931.322073,2.018,0.396,0.066
553,0.553000,294202590.605841,0.000000,294202590.605841,8.241657e-11,18428.167695,-28869.628180,-4931.322074,2.026,0.541,0.059
554,0.554000,294202590.605836,0.000000,294202590.605836,8.243521e-11,18428.167696,-28869.628188,-4931.322076,3.071,0.515,0.035
555,0.555000,294202590.605831,0.000000,294202590.605831,8.245284e-11,18428.167697,-28869.628195,-4931.322078,1.846,0.428,0.033
556,0.556000,294202590.605825,0.000000,294202590.605825,8.247209e-11,18428.167698,-28869.628202,-4931.322080,1.644,0.394,0.036
557,0.557000,294202590.605820,0.000000,294202590.605820,8.248951e-11,18428.167699,-28869.628210,-4931.322082,1.966,0.353,0.035
558,0.558000,294202590.605815,0.000000,294202590.605815,8.250734e-11,18428.167700,-28869.628217,-4931.322083,1.717,0.772,0.053
559,0.559000,294202590.605809,0.000000,294202590.605809,8.252658e-11,18428.167701,-28869.628224,-4931.322085,1.641,0.435,0.033
560,0.560000,294202590.605803,0.000000,294202590.605803,8.254563e-11,18428.167702,-28869.628231,-4931.322087,1.844,0.398,0.038
561,0.561000,294202590.605797,0.000000,294202590.605797,8.256609e-11,18428.167703,-28869.628238,-4931.322089,1.863,0.510,0.030
562,0.562000,294202590.605792,0.000000,294202590.605792,8.258453e-11,18428.167704,-28869.628245,-4931.322091,2.195,0.405,0.035
563,0.563000,294202590.605786,0.000000,294202590.605786,8.260479e-11,18428.167705,-28869.628252,-4931.322092,1.735,0.387,0.035
564,0.564000,294202590.605780,0.000000,294202590.605780,8.262464e-11,18428.167707,-28869.628259,-4931.322094,1.728,0.401,0.045
565,0.565000,294202590.605774,0.000000,294202590.605774,8.264409e-11,18428.167708,-28869.628266,-4931.322096,1.757,0.426,0.037
566,0.566000,294202590.605769,0.000000,294202590.605769,8.266334e-11,18428.167709,-28869.628274,-4931.322098,1.657,0.624,0.035
567,0.567000,294202590.605763,0.000000,294202590.605763,8.268258e-11,18428.167710,-28869.628281,-4931.322100,1.985,0.396,0.037
568,0.568000,294202590.605757,0.000000,294202590.605757,8.270244e-11,18428.167711,-28869.628288,-4931.322102,1.748,0.434,0.037
569,0.569000,294202590.605751,0.000000,294202590.605751,8.272209e-11,18428.167712,-28869.628295,-4931.322104,1.971,0.465,0.045
570,0.570000,294202590.605746,0.000000,294202590.605746,8.274154e-11,18428.167713,-28869.628302,-4931.322106,1.833,0.362,0.050
571,0.571000,294202590.605740,0.000000,294202590.605740,8.276160e-11,18428.167714,-28869.628309,-4931.322108,2.146,0.768,0.038
572,0.572000,294202590.605734,0.000000,294202590.605734,8.278003e-11,18428.167715,-28869.628316,-4931.322110,1.877,0.423,0.030
573,0.573000,294202590.605729,0.000000,294202590.605729,8.279928e-11,18428.167716,-28869.628323,-4931.322112,2.199,0.803,0.037
574,0.574000,294202590.605723,0.000000,294202590.605723,8.281832e-11,18428.167717,-28869.628330,-4931.322114,1.905,0.436,0.039
575,0.575000,294202590.605717,0.000000,294202590.605717,8.283737e-11,18428.167718,-28869.628337,-4931.322116,1.675,0.515,0.041
576,0.576000,294202590.605712,0.000000,294202590.605712,8.285763e-11,18428.167719,-28869.628344,-4931.322118,1.918,0.511,0.034
577,0.577000,294202590.605706,0.000000,294202590.605706,8.287667e-11,18428.167720,-28869.628351,-4931.322120,1.797,0.494,0.039
578,0.578000,294202590.605700,0.000000,294202590.605700,8.289551e-11,18428.167721,-28869.628358,-4931.322122,1.998,0.418,0.039
579,0.579000,294202590.605695,0.000000,294202590.605695,8.291537e-11,18428.167722,-28869.628365,-4931.322124,1.812,0.417,0.037
580,0.580000,294202590.605689,0.000000,294202590.605689,8.293401e-11,18428.167724,-28869.628372,-4931.322126,1.715,0.419,0.036
581,0.581000,294202590.605683,0.000000,294202590.605683,8.295346e-11,18428.167725,-28869.628379,-4931.322128,1.602,0.565,0.033
582,0.582000,294202590.605678,0.000000,294202590.605678,8.297189e-11,18428.167726,-28869.628386,-4931.322130,1.723,0.464,0.062
583,0.583000,294202590.605672,0.000000,294202590.605672,8.299215e-11,18428.167727,-28869.628394,-4931.322132,1.884,0.470,0.039
584,0.584000,294202590.605667,0.000000,294202590.605667,8.301039e-11,18428.167728,-28869.628401,-4931.322134,1.694,0.370,0.037
585,0.585000,294202590.605661,0.000000,294202590.605661,8.303044e-11,18428.167729,-28869.628408,-4931.322136,2.099,0.555,0.036
586,0.586000,294202590.605655,0.000000,294202590.605655,8.304969e-11,18428.167730,-28869.628415,-4931.322138,1.950,0.443,0.036
587,0.587000,294202590.605650,0.000000,294202590.605650,8.306833e-11,18428.167731,-28869.628422,-4931.322140,1.796,0.370,0.089
588,0.588000,294202590.605644,0.000000,294202590.605644,8.308656e-11,18428.167732,-28869.628429,-4931.322143,1.902,0.958,0.036
589,0.589000,294202590.605638,0.000000,294202590.605638,8.310642e-11,18428.167733,-28869.628437,-4931.322145,1.941,0.507,0.082
590,0.590000,294202590.605633,0.000000,294202590.605633,8.312546e-11,18428.167734,-28869.628444,-4931.322147,1.825,0.488,0.047
591,0.591000,294202590.605627,0.000000,294202590.605627,8.314390e-11,18428.167735,-28869.628451,-4931.322149,1.795,0.499,0.038
592,0.592000,294202590.605622,0.000000,294202590.605622,8.316335e-11,18428.167736,-28869.628459,-4931.322151,1.774,0.470,0.039
593,0.593000,294202590.605616,0.000000,294202590.605616,8.318138e-11,18428.167737,-28869.628466,-4931.322153,1.707,0.374,0.026
594,0.594000,294202590.605611,0.000000,294202590.605611,8.319941e-11,18428.167738,-28869.628473,-4931.322155,1.745,0.371,0.043
595,0.595000,294202590.605606,0.000000,294202590.605606,8.321704e-11,18428.167739,-28869.628480,-4931.322158,1.665,0.461,0.039
596,0.596000,294202590.605600,0.000000,294202590.605600,8.323507e-11,18428.167740,-28869.628487,-4931.322160,2.237,0.566,0.034
597,0.597000,294202590.605595,0.000000,294202590.605595,8.325269e-11,18428.167741,-28869.628494,-4931.322162,1.652,0.340,0.037
598,0.598000,294202590.605590,0.000000,294202590.605590,8.326931e-11,18428.167742,-28869.628502,-4931.322164,2.220,0.933,0.034
599,0.599000,294202590.605585,0.000000,294202590.605585,8.328632e-11,18428.167743,-28869.628509,-4931.322166,1.885,0.512,0.034
600,0.600000,294202590.605580,0.000000,294202590.605580,8.330496e-11,18428.167744,-28869.628516,-4931.322168,2.356,0.577,0.040
601,0.601000,294202590.605575,0.000000,294202590.605575,8.332198e-11,18428.167745,-28869.628523,-4931.322171,2.213,0.614,0.032
602,0.602000,294202590.605569,0.000000,294202590.605569,8.334042e-11,18428.167747,-28869.628530,-4931.322173,1.675,0.648,0.033
603,0.603000,294202590.605564,0.000000,294202590.605564,8.335744e-11,18428.167748,-28869.628538,-4931.322175,1.829,0.395,0.047
604,0.604000,294202590.605560,0.000000,294202590.605560,8.337324e-11,18428.167749,-28869.628545,-4931.322177,1.828,0.380,0.041
605,0.605000,294202590.605555,0.000000,294202590.605555,8.339046e-11,18428.167750,-28869.628552,-4931.322180,1.680,0.460,0.032
606,0.606000,294202590.605548,0.000000,294202590.605548,8.341437e-11,18428.167750,-28869.628559,-4931.322182,1.905,0.465,0.099
607,0.607000,294202590.605538,0.000000,294202590.605538,8.344577e-11,18428.167750,-28869.628567,-4931.322184,1.916,0.546,0.047
608,0.608000,294202590.605529,0.000000,294202590.605529,8.347697e-11,18428.167750,-28869.628574,-4931.322187,2.321,0.417,0.040
609,0.609000,294202590.605520,0.000000,294202590.605520,8.350715e-11,18428.167751,-28869.628581,-4931.322189,1.766,0.478,0.035
610,0.610000,294202590.605513,0.000000,294202590.605513,8.353228e-11,18428.167749,-28869.628586,-4931.322194,2.013,0.486,0.049
611,0.611000,294202590.605507,0.000000,294202590.605507,8.355112e-11,18428.167745,-28869.628589,-4931.322201,1.800,0.438,0.033
612,0.612000,294202590.605501,0.000000,294202590.605501,8.357178e-11,18428.167741,-28869.628591,-4931.322208,2.117,0.651,0.038
613,0.613000,294202590.605495,0.000000,294202590.605495,8.359225e-11,18428.167737,-28869.628594,-4931.322214,1.871,0.435,0.042
614,0.614000,294202590.605490,0.000000,294202590.605490,8.361210e-11,18428.167733,-28869.628596,-4931.322221,1.697,0.395,0.096
615,0.615000,294202590.605484,0.000000,294202590.605484,8.363114e-11,18428.167729,-28869.628598,-4931.322228,1.848,0.413,0.031
616,0.616000,294202590.605478,0.000000,294202590.605478,8.365100e-11,18428.167725,-28869.628601,-4931.322235,1.894,0.656,0.037
617,0.617000,294202590.605472,0.000000,294202590.605472,8.367025e-11,18428.167721,-28869.628603,-4931.322242,1.886,0.336,0.038
618,0.618000,294202590.605467,0.000000,294202590.605467,8.368929e-11,18428.167717,-28869.628606,-4931.322249,1.800,0.469,0.116
619,0.619000,294202590.605461,0.000000,294202590.605461,8.370894e-11,18428.167713,-28869.628608,-4931.322256,1.680,0.380,0.030
620,0.620000,294202590.605455,0.000000,294202590.605455,8.372839e-11,18428.167709,-28869.628611,-4931.322263,1.812,0.404,0.042
621,0.621000,294202590.605450,0.000000,294202590.605450,8.374764e-11,18428.167705,-28869.628613,-4931.322270,1.824,0.477,0.035
622,0.622000,294202590.605444,0.000000,294202590.605444,8.376810e-11,18428.167701,-28869.628615,-4931.322277,1.987,0.510,0.042
623,0.623000,294202590.605438,0.000000,294202590.605438,8.378633e-11,18428.167697,-28869.628618,-4931.322284,1.639,0.446,0.038
624,0.624000,294202590.605432,0.000000,294202590.605432,8.380680e-11,18428.167693,-28869.628620,-4931.322291,1.843,0.524,0.033
625,0.625000,294202590.605427,0.000000,294202590.605427,8.382625e-11,18428.167689,-28869.628623,-4931.322298,1.871,0.450,0.044
626,0.626000,294202590.605421,0.000000,294202590.605421,8.384630e-11,18428.167685,-28869.628625,-4931.322305,1.818,0.334,0.067
627,0.627000,294202590.605415,0.000000,294202590.605415,8.386575e-11,18428.167681,-28869.628628,-4931.322312,1.899,0.373,0.032
628,0.628000,294202590.605410,0.000000,294202590.605410,8.388338e-11,18428.167677,-28869.628630,-4931.322319,1.753,1.067,0.052
629,0.629000,294202590.605404,0.000000,294202590.605404,8.390344e-11,18428.167673,-28869.628632,-4931.322326,1.921,0.681,0.074
630,0.630000,294202590.605398,0.000000,294202590.605398,8.392187e-11,18428.167669,-28869.628635,-4931.322333,1.872,0.503,0.052
631,0.631000,294202590.605393,0.000000,294202590.605393,8.394132e-11,18428.167665,-28869.628637,-4931.322340,1.750,0.487,0.031
632,0.632000,294202590.605387,0.000000,294202590.605387,8.396118e-11,18428.167661,-28869.628639,-4931.322347,1.785,0.458,0.037
633,0.633000,294202590.605381,0.000000,294202590.605381,8.398083e-11,18428.167657,-28869.628642,-4931.322354,1.839,0.511,0.035
634,0.634000,294202590.605376,0.000000,294202590.605376,8.399845e-11,18428.167653,-28869.628644,-4931.322361,1.841,0.425,0.032
635,0.635000,294202590.605370,0.000000,294202590.605370,8.401709e-11,18428.167649,-28869.628647,-4931.322368,1.831,0.380,0.034
636,0.636000,294202590.605366,0.000000,294202590.605366,8.403269e-11,18428.167645,-28869.628649,-4931.322375,2.503,0.622,0.047
637,0.637000,294202590.605361,0.000000,294202590.605361,8.404789e-11,18428.167641,-28869.628651,-4931.322381,2.207,0.670,0.044
638,0.638000,294202590.605357,0.000000,294202590.605357,8.406369e-11,18428.167637,-28869.628654,-4931.322388,1.914,0.438,0.039
639,0.639000,294202590.605352,0.000000,294202590.605352,8.407969e-11,18428.167633,-28869.628656,-4931.322395,1.729,0.423,0.035
640,0.640000,294202590.605347,0.000000,294202590.605347,8.409550e-11,18428.167629,-28869.628658,-4931.322402,2.064,0.397,0.043
641,0.641000,294202590.605343,0.000000,294202590.605343,8.411069e-11,18428.167625,-28869.628661,-4931.322408,1.722,0.380,0.040
642,0.642000,294202590.605338,0.000000,294202590.605338,8.412609e-11,18428.167621,-28869.628663,-4931.322415,2.078,0.405,0.038
643,0.643000,294202590.605334,0.000000,294202590.605334,8.413926e-11,18428.167617,-28869.628665,-4931.322422,1.645,0.449,0.039
644,0.644000,294202590.605331,0.000000,294202590.605331,8.414959e-11,18428.167613,-28869.628668,-4931.322429,1.778,0.388,0.036
645,0.645000,294202590.605328,0.000000,294202590.605328,8.416094e-11,18428.167609,-28869.628670,-4931.322436,1.742,0.393,0.030
646,0.646000,294202590.605325,0.000000,294202590.605325,8.417269e-11,18428.167605,-28869.628672,-4931.322444,1.653,0.375,0.051
647,0.647000,294202590.605321,0.000000,294202590.605321,8.418383e-11,18428.167601,-28869.628675,-4931.322451,2.037,0.439,0.036
648,0.648000,294202590.605318,0.000000,294202590.605318,8.419355e-11,18428.167597,-28869.628677,-4931.322459,1.866,0.484,0.043
649,0.649000,294202590.605316,0.000000,294202590.605316,8.420368e-11,18428.167593,-28869.628679,-4931.322466,1.864,0.514,0.048
650,0.650000,294202590.605313,0.000000,294202590.605313,8.421280e-11,18428.167589,-28869.628682,-4931.322474,2.471,0.540,0.038
651,0.651000,294202590.605310,0.000000,294202590.605310,8.422273e-11,18428.167585,-28869.628684,-4931.322482,2.146,0.484,0.035
652,0.652000,294202590.605307,0.000000,294202590.605307,8.423124e-11,18428.167581,-28869.628686,-4931.322489,1.804,0.588,0.037
653,0.653000,294202590.605304,0.000000,294202590.605304,8.424157e-11,18428.167577,-28869.628689,-4931.322497,1.737,0.445,0.035
654,0.654000,294202590.605302,0.000000,294202590.605302,8.425089e-11,18428.167573,-28869.628691,-4931.322505,1.851,0.392,0.037
655,0.655000,294202590.605299,0.000000,294202590.605299,8.426021e-11,18428.167569,-28869.628693,-4931.322512,2.004,0.415,0.033
656,0.656000,294202590.605296,0.000000,294202590.605296,8.426912e-11,18428.167565,-28869.628696,-4931.322520,1.817,0.508,0.035
657,0.657000,294202590.605293,0.000000,294202590.605293,8.428006e-11,18428.167561,-28869.628698,-4931.322528,1.629,0.363,0.035
658,0.658000,294202590.605290,0.000000,294202590.605290,8.428959e-11,18428.167557,-28869.628700,-4931.322535,1.607,0.451,0.038
659,0.659000,294202590.605287,0.000000,294202590.605287,8.430012e-11,18428.167553,-28869.628702,-4931.322543,2.010,0.451,0.038
660,0.660000,294202590.605284,0.000000,294202590.605284,8.431025e-11,18428.167549,-28869.628705,-4931.322550,2.002,0.494,0.028
661,0.661000,294202590.605281,0.000000,294202590.605281,8.431937e-11,18428.167545,-28869.628707,-4931.322558,2.427,0.463,0.034
662,0.662000,294202590.605279,0.000000,294202590.605279,8.432848e-11,18428.167541,-28869.628709,-4931.322566,1.747,0.424,0.034
663,0.663000,294202590.605276,0.000000,294202590.605276,8.433801e-11,18428.167536,-28869.628712,-4931.322574,1.631,0.362,0.034
664,0.664000,294202590.605273,0.000000,294202590.605273,8.434672e-11,18428.167532,-28869.628714,-4931.322582,1.812,0.433,0.035
665,0.665000,294202590.605271,0.000000,294202590.605271,8.435523e-11,18428.167528,-28869.628717,-4931.322589,1.667,0.609,0.029
666,0.666000,294202590.605268,0.000000,294202590.605268,8.436495e-11,18428.167524,-28869.628719,-4931.322597,1.904,0.454,0.032
667,0.667000,294202590.605265,0.000000,294202590.605265,8.437508e-11,18428.167520,-28869.628722,-4931.322605,1.703,0.565,0.034
668,0.668000,294202590.605263,0.000000,294202590.605263,8.438298e-11,18428.167516,-28869.628724,-4931.322613,1.732,0.434,0.034
669,0.669000,294202590.605260,0.000000,294202590.605260,8.439210e-11,18428.167512,-28869.628726,-4931.322621,1.878,0.371,0.032
670,0.670000,294202590.605257,0.000000,294202590.605257,8.440101e-11,18428.167508,-28869.628729,-4931.322629,2.089,0.390,0.038
671,0.671000,294202590.605255,0.000000,294202590.605255,8.440952e-11,18428.167503,-28869.628731,-4931.322637,1.930,0.552,0.039
672,0.672000,294202590.605253,0.000000,294202590.605253,8.441763e-11,18428.167499,-28869.628733,-4931.322645,1.981,0.396,0.035
673,0.673000,294202590.605250,0.000000,294202590.605250,8.442776e-11,18428.167495,-28869.628736,-4931.322654,1.972,0.412,0.031
674,0.674000,294202590.605247,0.000000,294202590.605247,8.443708e-11,18428.167491,-28869.628738,-4931.322662,2.003,0.463,0.050
675,0.675000,294202590.605244,0.000000,294202590.605244,8.444579e-11,18428.167487,-28869.628740,-4931.322670,2.012,0.513,0.034
676,0.676000,294202590.605242,0.000000,294202590.605242,8.445389e-11,18428.167482,-28869.628743,-4931.322678,1.985,0.581,0.036
677,0.677000,294202590.605239,0.000000,294202590.605239,8.446321e-11,18428.167478,-28869.628745,-4931.322686,1.845,0.764,0.058
678,0.678000,294202590.605237,0.000000,294202590.605237,8.447132e-11,18428.167474,-28869.628748,-4931.322694,2.068,0.506,0.037
679,0.679000,294202590.605234,0.000000,294202590.605234,8.448104e-11,18428.167470,-28869.628750,-4931.322702,2.089,0.728,0.039
680,0.680000,294202590.605231,0.000000,294202590.605231,8.448995e-11,18428.167465,-28869.628752,-4931.322710,1.964,0.739,0.035
681,0.681000,294202590.605229,0.000000,294202590.605229,8.449786e-11,18428.167461,-28869.628755,-4931.322718,1.851,0.423,0.053
682,0.682000,294202590.605226,0.000000,294202590.605226,8.450799e-11,18428.167457,-28869.628757,-4931.322726,1.737,0.468,0.050
683,0.683000,294202590.605223,0.000000,294202590.605223,8.451649e-11,18428.167453,-28869.628759,-4931.322734,1.859,0.486,0.033
684,0.684000,294202590.605221,0.000000,294202590.605221,8.452480e-11,18428.167448,-28869.628762,-4931.322742,1.788,0.471,0.035
685,0.685000,294202590.605218,0.000000,294202590.605218,8.453534e-11,18428.167444,-28869.628764,-4931.322751,1.911,0.472,0.033
686,0.686000,294202590.605216,0.000000,294202590.605216,8.454344e-11,18428.167440,-28869.628766,-4931.322759,2.138,0.471,0.034
687,0.687000,294202590.605213,0.000000,294202590.605213,8.455154e-11,18428.167436,-28869.628769,-4931.322767,1.934,0.534,0.032
688,0.688000,294202590.605211,0.000000,294202590.605211,8.455924e-11,18428.167431,-28869.628771,-4931.322776,3.026,0.804,0.045
689,0.689000,294202590.605209,0.000000,294202590.605209,8.456694e-11,18428.167427,-28869.628773,-4931.322784,1.757,0.456,0.041
690,0.690000,294202590.605207,0.000000,294202590.605207,8.457363e-11,18428.167423,-28869.628775,-4931.322793,1.899,0.517,0.040
691,0.691000,294202590.605204,0.000000,294202590.605204,8.458193e-11,18428.167419,-28869.628777,-4931.322801,1.662,0.416,0.031
692,0.692000,294202590.605202,0.000000,294202590.605202,8.458983e-11,18428.167415,-28869.628780,-4931.322810,1.827,0.415,0.032
693,0.693000,294202590.605200,0.000000,294202590.605200,8.459753e-11,18428.167410,-28869.628782,-4931.322819,2.020,0.492,0.030
694,0.694000,294202590.605197,0.000000,294202590.605197,8.460483e-11,18428.167406,-28869.628784,-4931.322827,1.643,0.411,0.040
695,0.695000,294202590.605195,0.000000,294202590.605195,8.461334e-11,18428.167402,-28869.628786,-4931.322836,1.587,0.403,0.035
696,0.696000,294202590.605192,0.000000,294202590.605192,8.462205e-11,18428.167398,-28869.628789,-4931.322844,1.897,0.416,0.034
697,0.697000,294202590.605190,0.000000,294202590.605190,8.462954e-11,18428.167393,-28869.628791,-4931.322853,2.120,0.578,0.042
698,0.698000,294202590.605188,0.000000,294202590.605188,8.463785e-11,18428.167389,-28869.628794,-4931.322862,1.710,0.351,0.031
699,0.699000,294202590.605185,0.000000,294202590.605185,8.464595e-11,18428.167385,-28869.628796,-4931.322870,1.953,0.550,0.066
700,0.700000,294202590.605183,0.000000,294202590.605183,8.465406e-11,18428.167380,-28869.628798,-4931.322879,1.993,0.404,0.037
701,0.701000,294202590.605181,0.000000,294202590.605181,8.466155e-11,18428.167376,-28869.628801,-4931.322888,1.984,0.798,0.034
702,0.702000,294202590.605178,0.000000,294202590.605178,8.466966e-11,18428.167372,-28869.628803,-4931.322896,1.989,0.547,0.047
703,0.703000,294202590.605179,0.000000,294202590.605179,8.466621e-11,18428.167369,-28869.628803,-4931.322901,1.720,0.436,0.036
704,0.704000,294202590.605183,0.000000,294202590.605183,8.465345e-11,18428.167370,-28869.628800,-4931.322902,1.712,0.329,0.053
705,0.705000,294202590.605187,0.000000,294202590.605187,8.464089e-11,18428.167370,-28869.628796,-4931.322902,1.662,0.401,0.029
706,0.706000,294202590.605191,0.000000,294202590.605191,8.462691e-11,18428.167370,-28869.628793,-4931.322903,1.758,0.368,0.030
707,0.707000,294202590.605195,0.000000,294202590.605195,8.461415e-11,18428.167370,-28869.628790,-4931.322903,1.728,0.365,0.030
708,0.708000,294202590.605199,0.000000,294202590.605199,8.460098e-11,18428.167370,-28869.628787,-4931.322904,2.018,0.616,0.044
709,0.709000,294202590.605202,0.000000,294202590.605202,8.458821e-11,18428.167370,-28869.628783,-4931.322904,1.836,0.421,0.038
710,0.710000,294202590.605206,0.000000,294202590.605206,8.457505e-11,18428.167370,-28869.628780,-4931.322905,1.786,0.465,0.035
711,0.711000,294202590.605210,0.000000,294202590.605210,8.456269e-11,18428.167370,-28869.628777,-4931.322905,1.984,0.414,0.033
712,0.712000,294202590.605214,0.000000,294202590.605214,8.454952e-11,18428.167370,-28869.628774,-4931.322906,1.924,0.497,0.036
713,0.713000,294202590.605218,0.000000,294202590.605218,8.453655e-11,18428.167370,-28869.628770,-4931.322906,2.418,0.437,0.034
714,0.714000,294202590.605221,0.000000,294202590.605221,8.452338e-11,18428.167371,-28869.628767,-4931.322907,2.574,0.801,0.055
715,0.715000,294202590.605226,0.000000,294202590.605226,8.450961e-11,18428.167371,-28869.628764,-4931.322907,1.777,0.472,0.037
716,0.716000,294202590.605229,0.000000,294202590.605229,8.449684e-11,18428.167371,-28869.628760,-4931.322908,1.893,0.460,0.037
717,0.717000,294202590.605233,0.000000,294202590.605233,8.448347e-11,18428.167371,-28869.628757,-4931.322908,1.758,0.628,0.039
718,0.718000,294202590.605237,0.000000,294202590.605237,8.447111e-11,18428.167371,-28869.628754,-4931.322909,1.994,0.535,0.039
719,0.719000,294202590.605241,0.000000,294202590.605241,8.445734e-11,18428.167371,-28869.628750,-4931.322909,1.865,0.391,0.077
720,0.720000,294202590.605245,0.000000,294202590.605245,8.444417e-11,18428.167371,-28869.628747,-4931.322909,1.803,0.429,0.034
721,0.721000,294202590.605249,0.000000,294202590.605249,8.443120e-11,18428.167371,-28869.628743,-4931.322910,1.956,0.474,0.044
722,0.722000,294202590.605252,0.000000,294202590.605252,8.441844e-11,18428.167371,-28869.628740,-4931.322910,1.919,0.418,0.032
723,0.723000,294202590.605256,0.000000,294202590.605256,8.440486e-11,18428.167371,-28869.628737,-4931.322911,1.936,0.590,0.040
724,0.724000,294202590.605260,0.000000,294202590.605260,8.439250e-11,18428.167371,-28869.628733,-4931.322911,1.730,0.377,0.031
725,0.725000,294202590.605264,0.000000,294202590.605264,8.437934e-11,18428.167371,-28869.628730,-4931.322911,1.718,0.623,0.042
726,0.726000,294202590.605268,0.000000,294202590.605268,8.436637e-11,18428.167371,-28869.628727,-4931.322912,1.891,0.525,0.049
727,0.727000,294202590.605271,0.000000,294202590.605271,8.435462e-11,18428.167371,-28869.628723,-4931.322912,2.048,0.731,0.042
728,0.728000,294202590.605275,0.000000,294202590.605275,8.434165e-11,18428.167371,-28869.628720,-4931.322912,1.983,0.539,0.036
729,0.729000,294202590.605278,0.000000,294202590.605278,8.432990e-11,18428.167371,-28869.628716,-4931.322912,2.887,0.614,0.043
730,0.730000,294202590.605282,0.000000,294202590.605282,8.431694e-11,18428.167371,-28869.628713,-4931.322913,2.389,0.465,0.365
731,0.731000,294202590.605286,0.000000,294202590.605286,8.430417e-11,18428.167371,-28869.628710,-4931.322913,2.109,0.646,0.056
732,0.732000,294202590.605290,0.000000,294202590.605290,8.429121e-11,18428.167371,-28869.628706,-4931.322913,2.620,0.661,0.050
733,0.733000,294202590.605294,0.000000,294202590.605294,8.427844e-11,18428.167371,-28869.628703,-4931.322914,2.611,0.535,0.069
734,0.734000,294202590.605297,0.000000,294202590.605297,8.426548e-11,18428.167371,-28869.628699,-4931.322914,1.996,0.428,0.058
735,0.735000,294202590.605301,0.000000,294202590.605301,8.425211e-11,18428.167371,-28869.628696,-4931.322914,1.787,0.356,0.049
736,0.736000,294202590.605305,0.000000,294202590.605305,8.423894e-11,18428.167371,-28869.628692,-4931.322915,1.762,0.468,0.033
737,0.737000,294202590.605309,0.000000,294202590.605309,8.422617e-11,18428.167371,-28869.628689,-4931.322915,2.583,0.536,0.044
738,0.738000,294202590.605312,0.000000,294202590.605312,8.421442e-11,18428.167371,-28869.628686,-4931.322915,3.997,0.943,0.041
739,0.739000,294202590.605316,0.000000,294202590.605316,8.420065e-11,18428.167370,-28869.628682,-4931.322915,1.803,0.489,0.065
740,0.740000,294202590.605320,0.000000,294202590.605320,8.418829e-11,18428.167370,-28869.628679,-4931.322916,1.695,0.524,0.043
741,0.741000,294202590.605324,0.000000,294202590.605324,8.417573e-11,18428.167370,-28869.628675,-4931.322916,1.498,0.331,0.031
742,0.742000,294202590.605328,0.000000,294202590.605328,8.416256e-11,18428.167370,-28869.628672,-4931.322916,1.854,0.424,0.035
743,0.743000,294202590.605331,0.000000,294202590.605331,8.415040e-11,18428.167370,-28869.628668,-4931.322916,2.273,0.543,0.055
744,0.744000,294202590.605335,0.000000,294202590.605335,8.413744e-11,18428.167370,-28869.628665,-4931.322916,1.730,0.807,0.039
745,0.745000,294202590.605339,0.000000,294202590.605339,8.412508e-11,18428.167370,-28869.628661,-4931.322917,2.203,0.406,0.039
746,0.746000,294202590.605342,0.000000,294202590.605342,8.411252e-11,18428.167370,-28869.628658,-4931.322917,1.824,0.416,0.042
747,0.747000,294202590.605346,0.000000,294202590.605346,8.409955e-11,18428.167370,-28869.628655,-4931.322917,1.898,0.348,0.072
748,0.748000,294202590.605350,0.000000,294202590.605350,8.408679e-11,18428.167370,-28869.628651,-4931.322917,2.057,0.354,0.031
749,0.749000,294202590.605354,0.000000,294202590.605354,8.407422e-11,18428.167369,-28869.628648,-4931.322917,1.922,0.413,0.036
750,0.750000,294202590.605357,0.000000,294202590.605357,8.406146e-11,18428.167369,-28869.628644,-4931.322917,1.786,0.371,0.031
751,0.751000,294202590.605361,0.000000,294202590.605361,8.404809e-11,18428.167369,-28869.628640,-4931.322918,1.625,0.397,0.032
752,0.752000,294202590.605365,0.000000,294202590.605365,8.403573e-11,18428.167369,-28869.628637,-4931.322918,1.610,0.555,0.034
753,0.753000,294202590.605369,0.000000,294202590.605369,8.402337e-11,18428.167369,-28869.628633,-4931.322918,1.640,0.379,0.038
754,0.754000,294202590.605373,0.000000,294202590.605373,8.400919e-11,18428.167369,-28869.628630,-4931.322918,1.790,0.403,0.031
755,0.755000,294202590.605376,0.000000,294202590.605376,8.399825e-11,18428.167369,-28869.628626,-4931.322918,1.801,0.473,0.030
756,0.756000,294202590.605380,0.000000,294202590.605380,8.398488e-11,18428.167369,-28869.628623,-4931.322918,1.785,0.493,0.034
757,0.757000,294202590.605384,0.000000,294202590.605384,8.397212e-11,18428.167369,-28869.628619,-4931.322918,1.721,0.577,0.040
758,0.758000,294202590.605388,0.000000,294202590.605388,8.395895e-11,18428.167368,-28869.628615,-4931.322918,1.890,0.449,0.034
759,0.759000,294202590.605391,0.000000,294202590.605391,8.394740e-11,18428.167368,-28869.628612,-4931.322918,2.090,0.384,0.033
760,0.760000,294202590.605395,0.000000,294202590.605395,8.393443e-11,18428.167368,-28869.628608,-4931.322918,1.602,0.495,0.035
761,0.761000,294202590.605399,0.000000,294202590.605399,8.392106e-11,18428.167368,-28869.628604,-4931.322918,1.751,0.503,0.037
762,0.762000,294202590.605402,0.000000,294202590.605402,8.390870e-11,18428.167368,-28869.628600,-4931.322918,1.792,0.573,0.035
763,0.763000,294202590.605406,0.000000,294202590.605406,8.389533e-11,18428.167367,-28869.628597,-4931.322918,1.668,0.399,0.031
764,0.764000,294202590.605410,0.000000,294202590.605410,8.388358e-11,18428.167367,-28869.628593,-4931.322918,1.636,0.512,0.042
765,0.765000,294202590.605414,0.000000,294202590.605414,8.387001e-11,18428.167367,-28869.628589,-4931.322918,1.690,0.455,0.052
766,0.766000,294202590.605418,0.000000,294202590.605418,8.385643e-11,18428.167367,-28869.628585,-4931.322918,1.720,0.461,0.046
767,0.767000,294202590.605421,0.000000,294202590.605421,8.384387e-11,18428.167367,-28869.628581,-4931.322918,1.653,0.485,0.049
768,0.768000,294202590.605425,0.000000,294202590.605425,8.383009e-11,18428.167366,-28869.628578,-4931.322918,1.731,0.364,0.035
769,0.769000,294202590.605429,0.000000,294202590.605429,8.381652e-11,18428.167366,-28869.628574,-4931.322918,1.707,0.413,0.031
770,0.770000,294202590.605433,0.000000,294202590.605433,8.380274e-11,18428.167366,-28869.628570,-4931.322918,1.733,0.609,0.029
771,0.771000,294202590.605437,0.000000,294202590.605437,8.378917e-11,18428.167366,-28869.628566,-4931.322918,1.746,0.525,0.037
772,0.772000,294202590.605441,0.000000,294202590.605441,8.377620e-11,18428.167366,-28869.628562,-4931.322918,1.824,0.357,0.039
773,0.773000,294202590.605445,0.000000,294202590.605445,8.376344e-11,18428.167365,-28869.628559,-4931.322918,2.007,0.419,0.033
774,0.774000,294202590.605449,0.000000,294202590.605449,8.375047e-11,18428.167365,-28869.628555,-4931.322918,2.058,0.535,0.033
775,0.775000,294202590.605453,0.000000,294202590.605453,8.373710e-11,18428.167365,-28869.628551,-4931.322918,1.873,0.443,0.039
776,0.776000,294202590.605457,0.000000,294202590.605457,8.372373e-11,18428.167365,-28869.628548,-4931.322918,1.946,0.456,0.033
777,0.777000,294202590.605461,0.000000,294202590.605461,8.371077e-11,18428.167364,-28869.628544,-4931.322918,1.628,0.505,0.031
778,0.778000,294202590.605465,0.000000,294202590.605465,8.369598e-11,18428.167364,-28869.628540,-4931.322918,1.716,0.637,0.081
779,0.779000,294202590.605469,0.000000,294202590.605469,8.368260e-11,18428.167364,-28869.628536,-4931.322918,1.983,0.386,0.031
780,0.780000,294202590.605472,0.000000,294202590.605472,8.367106e-11,18428.167364,-28869.628533,-4931.322918,2.102,0.757,0.050
781,0.781000,294202590.605476,0.000000,294202590.605476,8.365829e-11,18428.167363,-28869.628529,-4931.322918,1.884,0.409,0.043
782,0.782000,294202590.605480,0.000000,294202590.605480,8.364492e-11,18428.167363,-28869.628525,-4931.322918,2.254,0.394,0.043
783,0.783000,294202590.605484,0.000000,294202590.605484,8.363155e-11,18428.167363,-28869.628521,-4931.322918,1.844,0.473,0.061
784,0.784000,294202590.605487,0.000000,294202590.605487,8.361919e-11,18428.167362,-28869.628517,-4931.322918,2.000,0.706,0.039
785,0.785000,294202590.605492,0.000000,294202590.605492,8.360481e-11,18428.167362,-28869.628514,-4931.322918,1.825,0.514,0.036
786,0.786000,294202590.605496,0.000000,294202590.605496,8.359164e-11,18428.167362,-28869.628510,-4931.322917,1.915,0.635,0.031
787,0.787000,294202590.605500,0.000000,294202590.605500,8.357725e-11,18428.167361,-28869.628506,-4931.322917,2.178,0.466,0.032
788,0.788000,294202590.605503,0.000000,294202590.605503,8.356652e-11,18428.167361,-28869.628502,-4931.322917,2.189,0.906,0.031
789,0.789000,294202590.605507,0.000000,294202590.605507,8.355314e-11,18428.167361,-28869.628499,-4931.322917,2.064,0.463,0.054
790,0.790000,294202590.605511,0.000000,294202590.605511,8.353937e-11,18428.167360,-28869.628495,-4931.322917,1.773,0.420,0.040
791,0.791000,294202590.605515,0.000000,294202590.605515,8.352681e-11,18428.167360,-28869.628491,-4931.322917,1.634,0.382,0.031
792,0.792000,294202590.605518,0.000000,294202590.605518,8.351425e-11,18428.167360,-28869.628487,-4931.322917,1.822,0.421,0.028
793,0.793000,294202590.605522,0.000000,294202590.605522,8.350168e-11,18428.167359,-28869.628483,-4931.322917,1.767,0.381,0.044
794,0.794000,294202590.605526,0.000000,294202590.605526,8.348811e-11,18428.167359,-28869.628480,-4931.322917,1.805,0.338,0.035
795,0.795000,294202590.605530,0.000000,294202590.605530,8.347352e-11,18428.167358,-28869.628476,-4931.322917,1.838,0.403,0.039
796,0.796000,294202590.605534,0.000000,294202590.605534,8.346117e-11,18428.167358,-28869.628472,-4931.322917,1.729,0.586,0.042
797,0.797000,294202590.605537,0.000000,294202590.605537,8.344941e-11,18428.167357,-28869.628468,-4931.322916,1.904,0.436,0.039
798,0.798000,294202590.605541,0.000000,294202590.605541,8.343564e-11,18428.167357,-28869.628464,-4931.322916,1.687,0.395,0.034
799,0.799000,294202590.605545,0.000000,294202590.605545,8.342227e-11,18428.167356,-28869.628461,-4931.322916,2.004,0.567,0.032
800,0.800000,294202590.605549,0.000000,294202590.605549,8.340971e-11,18428.167356,-28869.628457,-4931.322916,1.893,0.525,0.037
801,0.801000,294202590.605553,0.000000,294202590.605553,8.339613e-11,18428.167355,-28869.628453,-4931.322916,1.696,0.516,0.045
802,0.802000,294202590.605557,0.000000,294202590.605557,8.338256e-11,18428.167355,-28869.628449,-4931.322915,1.917,0.458,0.033
803,0.803000,294202590.605561,0.000000,294202590.605561,8.337040e-11,18428.167354,-28869.628446,-4931.322915,1.529,0.365,0.033
804,0.804000,294202590.605564,0.000000,294202590.605564,8.335744e-11,18428.167354,-28869.628442,-4931.322915,1.746,0.349,0.042
805,0.805000,294202590.605568,0.000000,294202590.605568,8.334609e-11,18428.167353,-28869.628438,-4931.322915,1.772,0.406,0.039
806,0.806000,294202590.605572,0.000000,294202590.605572,8.333272e-11,18428.167353,-28869.628434,-4931.322915,1.767,0.594,0.032
807,0.807000,294202590.605576,0.000000,294202590.605576,8.331995e-11,18428.167352,-28869.628431,-4931.322915,1.810,0.584,0.033
808,0.808000,294202590.605579,0.000000,294202590.605579,8.330719e-11,18428.167352,-28869.628427,-4931.322914,1.680,0.349,0.034
809,0.809000,294202590.605583,0.000000,294202590.605583,8.329524e-11,18428.167351,-28869.628423,-4931.322914,1.914,0.498,0.034
810,0.810000,294202590.605586,0.000000,294202590.605586,8.328268e-11,18428.167351,-28869.628419,-4931.322914,1.536,0.345,0.029
811,0.811000,294202590.605591,0.000000,294202590.605591,8.326890e-11,18428.167351,-28869.628415,-4931.322914,1.603,0.359,0.034
812,0.812000,294202590.605594,0.000000,294202590.605594,8.325553e-11,18428.167350,-28869.628412,-4931.322914,1.564,0.315,0.031
813,0.813000,294202590.605598,0.000000,294202590.605598,8.324256e-11,18428.167350,-28869.628408,-4931.322913,1.876,0.399,0.031
814,0.814000,294202590.605602,0.000000,294202590.605602,8.322980e-11,18428.167350,-28869.628404,-4931.322913,1.679,0.409,0.041
815,0.815000,294202590.605606,0.000000,294202590.605606,8.321623e-11,18428.167349,-28869.628400,-4931.322913,1.749,0.525,0.051
816,0.816000,294202590.605610,0.000000,294202590.605610,8.320285e-11,18428.167349,-28869.628396,-4931.322913,1.569,1.012,0.032
817,0.817000,294202590.605614,0.000000,294202590.605614,8.318989e-11,18428.167348,-28869.628392,-4931.322913,1.986,0.442,0.037
818,0.818000,294202590.605618,0.000000,294202590.605618,8.317712e-11,18428.167348,-28869.628388,-4931.322912,1.801,0.369,0.031
819,0.819000,294202590.605622,0.000000,294202590.605622,8.316335e-11,18428.167348,-28869.628384,-4931.322912,2.143,0.640,0.033
820,0.820000,294202590.605625,0.000000,294202590.605625,8.315058e-11,18428.167347,-28869.628381,-4931.322912,1.814,0.329,0.035
821,0.821000,294202590.605629,0.000000,294202590.605629,8.313883e-11,18428.167347,-28869.628377,-4931.322911,1.570,0.338,0.029
822,0.822000,294202590.605633,0.000000,294202590.605633,8.312607e-11,18428.167347,-28869.628373,-4931.322911,1.836,0.406,0.046
823,0.823000,294202590.605636,0.000000,294202590.605636,8.311351e-11,18428.167346,-28869.628369,-4931.322911,1.595,0.390,0.042
824,0.824000,294202590.605640,0.000000,294202590.605640,8.309993e-11,18428.167346,-28869.628365,-4931.322911,1.531,0.395,0.027
825,0.825000,294202590.605644,0.000000,294202590.605644,8.308798e-11,18428.167346,-28869.628361,-4931.322910,1.598,0.426,0.029
826,0.826000,294202590.605648,0.000000,294202590.605648,8.307461e-11,18428.167345,-28869.628357,-4931.322910,1.582,0.450,0.040
827,0.827000,294202590.605652,0.000000,294202590.605652,8.306124e-11,18428.167345,-28869.628353,-4931.322910,1.744,0.373,0.033
828,0.828000,294202590.605656,0.000000,294202590.605656,8.304726e-11,18428.167344,-28869.628349,-4931.322910,1.516,0.430,0.027
829,0.829000,294202590.605660,0.000000,294202590.605660,8.303429e-11,18428.167344,-28869.628345,-4931.322910,1.697,0.369,0.033
830,0.830000,294202590.605663,0.000000,294202590.605663,8.302173e-11,18428.167344,-28869.628341,-4931.322910,1.674,0.383,0.040
831,0.831000,294202590.605667,0.000000,294202590.605667,8.300796e-11,18428.167343,-28869.628337,-4931.322909,1.811,0.542,0.039
832,0.832000,294202590.605671,0.000000,294202590.605671,8.299499e-11,18428.167343,-28869.628333,-4931.322909,1.523,0.422,0.045
833,0.833000,294202590.605675,0.000000,294202590.605675,8.298243e-11,18428.167342,-28869.628329,-4931.322909,1.555,0.371,0.031
834,0.834000,294202590.605678,0.000000,294202590.605678,8.297007e-11,18428.167342,-28869.628325,-4931.322909,1.800,0.537,0.033
835,0.835000,294202590.605683,0.000000,294202590.605683,8.295609e-11,18428.167341,-28869.628321,-4931.322909,1.930,0.399,0.037
836,0.836000,294202590.605686,0.000000,294202590.605686,8.294454e-11,18428.167341,-28869.628317,-4931.322908,1.911,0.387,0.037
837,0.837000,294202590.605690,0.000000,294202590.605690,8.293137e-11,18428.167340,-28869.628313,-4931.322908,1.684,0.370,0.033
838,0.838000,294202590.605875,0.000000,294202590.605875,8.230130e-11,18428.167326,-28869.628299,-4931.322896,1.641,0.480,0.031
839,0.839000,294202590.606244,0.000000,294202590.606244,8.104621e-11,18428.167297,-28869.628276,-4931.322872,1.553,0.399,0.028
840,0.840000,294202590.606612,0.000000,294202590.606612,7.979618e-11,18428.167269,-28869.628253,-4931.322848,1.682,0.382,0.036
841,0.841000,294202590.606980,0.000000,294202590.606980,7.854616e-11,18428.167241,-28869.628231,-4931.322824,1.778,0.394,0.029
842,0.842000,294202590.607348,0.000000,294202590.607348,7.729451e-11,18428.167213,-28869.628208,-4931.322800,1.615,0.597,0.031
843,0.843000,294202590.607715,0.000000,294202590.607715,7.604631e-11,18428.167186,-28869.628186,-4931.322776,1.870,0.543,0.056
844,0.844000,294202590.608083,0.000000,294202590.608083,7.479730e-11,18428.167158,-28869.628163,-4931.322753,1.615,0.330,0.034
845,0.845000,294202590.608449,0.000000,294202590.608449,7.355294e-11,18428.167130,-28869.628141,-4931.322730,1.751,0.402,0.037
846,0.846000,294202590.608636,0.000000,294202590.608636,7.291861e-11,18428.167106,-28869.628119,-4931.322708,1.681,0.382,0.031
847,0.847000,294202590.608643,0.000000,294202590.608643,7.289349e-11,18428.167086,-28869.628096,-4931.322685,1.736,0.450,0.031
848,0.848000,294202590.608650,0.000000,294202590.608650,7.287100e-11,18428.167067,-28869.628074,-4931.322662,1.953,0.325,0.035
849,0.849000,294202590.608657,0.000000,294202590.608657,7.284487e-11,18428.167047,-28869.628052,-4931.322640,1.515,0.335,0.033
850,0.850000,294202590.608664,0.000000,294202590.608664,7.282319e-11,18428.167027,-28869.628030,-4931.322617,1.700,0.348,0.031
851,0.851000,294202590.608671,0.000000,294202590.608671,7.279888e-11,18428.167008,-28869.628008,-4931.322595,1.657,0.416,0.033
852,0.852000,294202590.608678,0.000000,294202590.608678,7.277598e-11,18428.166988,-28869.627986,-4931.322573,1.679,0.350,0.033
853,0.853000,294202590.608684,0.000000,294202590.608684,7.275248e-11,18428.166969,-28869.627964,-4931.322551,1.575,0.449,0.033
854,0.854000,294202590.608691,0.000000,294202590.608691,7.272918e-11,18428.166949,-28869.627942,-4931.322529,1.637,0.445,0.031
855,0.855000,294202590.608698,0.000000,294202590.608698,7.270649e-11,18428.166930,-28869.627921,-4931.322508,1.590,0.388,0.032
856,0.856000,294202590.608704,0.000000,294202590.608704,7.268562e-11,18428.166911,-28869.627899,-4931.322486,1.603,0.373,0.033
857,0.857000,294202590.608711,0.000000,294202590.608711,7.266253e-11,18428.166892,-28869.627877,-4931.322464,1.768,0.470,0.038
858,0.858000,294202590.608717,0.000000,294202590.608717,7.264085e-11,18428.166873,-28869.627856,-4931.322443,1.699,0.418,0.032
859,0.859000,294202590.608724,0.000000,294202590.608724,7.261877e-11,18428.166854,-28869.627835,-4931.322422,1.787,0.511,0.030
860,0.860000,294202590.608730,0.000000,294202590.608730,7.259790e-11,18428.166836,-28869.627814,-4931.322401,1.585,0.324,0.035
861,0.861000,294202590.608736,0.000000,294202590.608736,7.257642e-11,18428.166817,-28869.627793,-4931.322380,1.688,0.394,0.027
862,0.862000,294202590.608742,0.000000,294202590.608742,7.255596e-11,18428.166798,-28869.627773,-4931.322359,1.509,0.415,0.027
863,0.863000,294202590.608748,0.000000,294202590.608748,7.253550e-11,18428.166780,-28869.627752,-4931.322338,1.794,0.432,0.029
864,0.864000,294202590.608755,0.000000,294202590.608755,7.251382e-11,18428.166761,-28869.627732,-4931.322318,1.802,0.491,0.042
865,0.865000,294202590.608762,0.000000,294202590.608762,7.249032e-11,18428.166743,-28869.627712,-4931.322297,1.754,0.417,0.035
866,0.866000,294202590.608768,0.000000,294202590.608768,7.246824e-11,18428.166724,-28869.627692,-4931.322277,1.622,0.348,0.032
867,0.867000,294202590.608774,0.000000,294202590.608774,7.244696e-11,18428.166706,-28869.627672,-4931.322256,1.715,0.380,0.029
868,0.868000,294202590.608780,0.000000,294202590.608780,7.242914e-11,18428.166683,-28869.627654,-4931.322238,1.644,0.637,0.025
869,0.869000,294202590.608784,0.000000,294202590.608784,7.241374e-11,18428.166658,-28869.627637,-4931.322223,1.619,0.483,0.040
870,0.870000,294202590.608788,0.000000,294202590.608788,7.239915e-11,18428.166632,-28869.627621,-4931.322207,1.591,0.339,0.037
871,0.871000,294202590.608793,0.000000,294202590.608793,7.238294e-11,18428.166606,-28869.627605,-4931.322191,1.809,0.355,0.031
872,0.872000,294202590.608798,0.000000,294202590.608798,7.236714e-11,18428.166580,-28869.627588,-4931.322176,1.887,0.403,0.044
873,0.873000,294202590.608802,0.000000,294202590.608802,7.235316e-11,18428.166554,-28869.627572,-4931.322161,1.640,0.433,0.032
874,0.874000,294202590.608806,0.000000,294202590.608806,7.233797e-11,18428.166529,-28869.627556,-4931.322145,1.567,0.473,0.030
875,0.875000,294202590.608744,0.000000,294202590.608744,7.254928e-11,18428.166509,-28869.627536,-4931.322127,1.646,0.446,0.029
876,0.876000,294202590.608614,0.000000,294202590.608614,7.299094e-11,18428.166495,-28869.627513,-4931.322104,1.806,0.460,0.034
877,0.877000,294202590.608484,0.000000,294202590.608484,7.343382e-11,18428.166480,-28869.627489,-4931.322082,1.625,0.391,0.034
878,0.878000,294202590.608354,0.000000,294202590.608354,7.387649e-11,18428.166466,-28869.627465,-4931.322059,1.605,0.512,0.034
879,0.879000,294202590.608223,0.000000,294202590.608223,7.432018e-11,18428.166451,-28869.627442,-4931.322037,1.689,0.381,0.035
880,0.880000,294202590.608108,0.000000,294202590.608108,7.471322e-11,18428.166437,-28869.627418,-4931.322016,1.828,0.331,0.039
881,0.881000,294202590.607993,0.000000,294202590.607993,7.510403e-11,18428.166424,-28869.627395,-4931.321996,1.833,0.437,0.032
882,0.882000,294202590.607865,0.000000,294202590.607865,7.553880e-11,18428.166411,-28869.627372,-4931.321977,1.635,0.408,0.032
883,0.883000,294202590.607738,0.000000,294202590.607738,7.596912e-11,18428.166399,-28869.627349,-4931.321957,1.619,0.363,0.044
884,0.884000,294202590.607623,0.000000,294202590.607623,7.635993e-11,18428.166387,-28869.627326,-4931.321937,1.570,0.374,0.074
885,0.885000,294202590.607522,0.000000,294202590.607522,7.670353e-11,18428.166377,-28869.627303,-4931.321917,2.000,0.647,0.034
886,0.886000,294202590.607421,0.000000,294202590.607421,7.704876e-11,18428.166366,-28869.627281,-4931.321898,1.796,0.780,0.039
887,0.887000,294202590.607322,0.000000,294202590.607322,7.738244e-11,18428.166356,-28869.627258,-4931.321878,1.528,0.452,0.038
888,0.888000,294202590.607228,0.000000,294202590.607228,7.770396e-11,18428.166347,-28869.627235,-4931.321858,1.632,0.433,0.040
889,0.889000,294202590.607133,0.000000,294202590.607133,7.802548e-11,18428.166337,-28869.627213,-4931.321839,1.568,0.440,0.033
890,0.890000,294202590.607038,0.000000,294202590.607038,7.834923e-11,18428.166328,-28869.627190,-4931.321820,1.601,0.351,0.054
891,0.891000,294202590.606943,0.000000,294202590.606943,7.867298e-11,18428.166319,-28869.627168,-4931.321801,1.457,0.385,0.026
892,0.892000,294202590.606848,0.000000,294202590.606848,7.899491e-11,18428.166309,-28869.627146,-4931.321783,1.426,0.381,0.028
893,0.893000,294202590.606753,0.000000,294202590.606753,7.931684e-11,18428.166300,-28869.627124,-4931.321764,1.325,0.370,0.021
894,0.894000,294202590.606659,0.000000,294202590.606659,7.963856e-11,18428.166291,-28869.627103,-4931.321746,1.609,0.373,0.044
895,0.895000,294202590.606564,0.000000,294202590.606564,7.996150e-11,18428.166281,-28869.627081,-4931.321728,1.407,0.311,0.031
896,0.896000,294202590.606469,0.000000,294202590.606469,8.028363e-11,18428.166272,-28869.627059,-4931.321710,1.522,0.355,0.034
897,0.897000,294202590.606374,0.000000,294202590.606374,8.060475e-11,18428.166263,-28869.627038,-4931.321692,1.446,0.352,0.029
898,0.898000,294202590.606278,0.000000,294202590.606278,8.093093e-11,18428.166255,-28869.627016,-4931.321674,1.358,0.305,0.025
899,0.899000,294202590.606182,0.000000,294202590.606182,8.125914e-11,18428.166246,-28869.626995,-4931.321657,1.444,0.352,0.028
900,0.900000,294202590.606085,0.000000,294202590.606085,8.158734e-11,18428.166237,-28869.626974,-4931.321640,1.334,0.294,0.027
901,0.901000,294202590.605989,0.000000,294202590.605989,8.191434e-11,18428.166229,-28869.626953,-4931.321622,1.494,0.335,0.027
902,0.902000,294202590.605893,0.000000,294202590.605893,8.224112e-11,18428.166220,-28869.626933,-4931.321606,1.315,0.294,0.026
903,0.903000,294202590.605797,0.000000,294202590.605797,8.256832e-11,18428.166212,-28869.626912,-4931.321589,1.403,0.369,0.031
904,0.904000,294202590.605700,0.000000,294202590.605700,8.289734e-11,18428.166204,-28869.626891,-4931.321572,1.233,0.273,0.023
905,0.905000,294202590.605604,0.000000,294202590.605604,8.322230e-11,18428.166195,-28869.626871,-4931.321555,1.303,0.280,0.026
906,0.906000,294202590.605508,0.000000,294202590.605508,8.354828e-11,18428.166187,-28869.626851,-4931.321539,1.345,0.275,0.022
907,0.907000,294202590.605412,0.000000,294202590.605412,8.387487e-11,18428.166178,-28869.626831,-4931.321522,1.272,0.296,0.022
908,0.908000,294202590.605316,0.000000,294202590.605316,8.420085e-11,18428.166170,-28869.626811,-4931.321506,1.240,0.289,0.020
909,0.909000,294202590.605219,0.000000,294202590.605219,8.453027e-11,18428.166162,-28869.626791,-4931.321490,1.432,0.320,0.028
910,0.910000,294202590.605123,0.000000,294202590.605123,8.485787e-11,18428.166154,-28869.626771,-4931.321474,1.226,0.258,0.019
911,0.911000,294202590.605027,0.000000,294202590.605027,8.518405e-11,18428.166146,-28869.626752,-4931.321458,1.323,0.332,0.023
912,0.912000,294202590.604929,0.000000,294202590.604929,8.551874e-11,18428.166137,-28869.626733,-4931.321442,1.254,0.276,0.023
913,0.913000,294202590.604828,0.000000,294202590.604828,8.586134e-11,18428.166129,-28869.626714,-4931.321426,1.479,0.357,0.026
914,0.914000,294202590.604726,0.000000,294202590.604726,8.620595e-11,18428.166121,-28869.626696,-4931.321411,1.322,0.287,0.021
915,0.915000,294202590.604626,0.000000,294202590.604626,8.654814e-11,18428.166114,-28869.626678,-4931.321395,1.370,0.360,0.028
916,0.916000,294202590.604525,0.000000,294202590.604525,8.689154e-11,18428.166106,-28869.626660,-4931.321379,1.215,0.263,0.021
917,0.917000,294202590.604424,0.000000,294202590.604424,8.723555e-11,18428.166098,-28869.626641,-4931.321364,1.405,0.357,0.029
918,0.918000,294202590.604322,0.000000,294202590.604322,8.757916e-11,18428.166090,-28869.626623,-4931.321349,1.241,0.308,0.020
919,0.919000,294202590.604221,0.000000,294202590.604221,8.792398e-11,18428.166082,-28869.626605,-4931.321334,1.564,0.346,0.025
920,0.920000,294202590.604120,0.000000,294202590.604120,8.826637e-11,18428.166075,-28869.626588,-4931.321319,1.298,0.292,0.023
921,0.921000,294202590.604019,0.000000,294202590.604019,8.861058e-11,18428.166067,-28869.626570,-4931.321304,1.379,0.312,0.023
922,0.922000,294202590.603918,0.000000,294202590.603918,8.895419e-11,18428.166059,-28869.626553,-4931.321289,1.263,0.286,0.023
923,0.923000,294202590.603817,0.000000,294202590.603817,8.929799e-11,18428.166052,-28869.626535,-4931.321274,1.395,0.309,0.025
924,0.924000,294202590.603716,0.000000,294202590.603716,8.964119e-11,18428.166044,-28869.626518,-4931.321260,1.525,0.332,0.025
925,0.925000,294202590.603615,0.000000,294202590.603615,8.998318e-11,18428.166037,-28869.626501,-4931.321245,1.400,0.333,0.031
926,0.926000,294202590.603514,0.000000,294202590.603514,9.032557e-11,18428.166030,-28869.626484,-4931.321231,1.424,0.336,0.022
927,0.927000,294202590.603414,0.000000,294202590.603414,9.066755e-11,18428.166022,-28869.626467,-4931.321217,1.475,0.347,0.024
928,0.928000,294202590.603313,0.000000,294202590.603313,9.101116e-11,18428.166015,-28869.626450,-4931.321203,1.290,0.313,0.025
929,0.929000,294202590.603199,0.000000,294202590.603199,9.139751e-11,18428.166008,-28869.626434,-4931.321189,1.413,0.346,0.031
930,0.930000,294202590.603072,0.000000,294202590.603072,9.182945e-11,18428.166003,-28869.626417,-4931.321175,1.468,0.355,0.026
931,0.931000,294202590.602945,0.000000,294202590.602945,9.225997e-11,18428.165998,-28869.626400,-4931.321162,1.367,0.349,0.029
932,0.932000,294202590.602818,0.000000,294202590.602818,9.269150e-11,18428.165992,-28869.626384,-4931.321148,1.252,0.281,0.021
933,0.933000,294202590.602692,0.000000,294202590.602692,9.312181e-11,18428.165987,-28869.626367,-4931.321134,1.359,0.299,0.025
934,0.934000,294202590.602565,0.000000,294202590.602565,9.355294e-11,18428.165981,-28869.626351,-4931.321121,1.268,0.284,0.022
935,0.935000,294202590.602438,0.000000,294202590.602438,9.398407e-11,18428.165976,-28869.626335,-4931.321107,1.379,0.286,0.025
936,0.936000,294202590.602311,0.000000,294202590.602311,9.441682e-11,18428.165971,-28869.626319,-4931.321094,1.556,0.320,0.023
937,0.937000,294202590.602184,0.000000,294202590.602184,9.484794e-11,18428.165965,-28869.626303,-4931.321081,1.363,0.288,0.022
938,0.938000,294202590.602057,0.000000,294202590.602057,9.528089e-11,18428.165960,-28869.626287,-4931.321067,1.335,0.301,0.023
939,0.939000,294202590.601930,0.000000,294202590.601930,9.571060e-11,18428.165954,-28869.626271,-4931.321054,1.339,0.288,0.026
940,0.940000,294202590.601803,0.000000,294202590.601803,9.614274e-11,18428.165949,-28869.626255,-4931.321041,1.468,0.340,0.032
941,0.941000,294202590.601676,0.000000,294202590.601676,9.657407e-11,18428.165944,-28869.626239,-4931.321028,1.318,0.300,0.028
942,0.942000,294202590.601550,0.000000,294202590.601550,9.700358e-11,18428.165938,-28869.626224,-4931.321015,1.530,0.378,0.030
943,0.943000,294202590.601425,0.000000,294202590.601425,9.742660e-11,18428.165933,-28869.626209,-4931.321002,1.311,0.293,0.023
944,0.944000,294202590.601303,0.000000,294202590.601303,9.784091e-11,18428.165928,-28869.626194,-4931.320989,1.314,0.360,0.023
945,0.945000,294202590.601181,0.000000,294202590.601181,9.825806e-11,18428.165922,-28869.626180,-4931.320977,1.247,0.308,0.021
946,0.946000,294202590.601057,0.000000,294202590.601057,9.867683e-11,18428.165918,-28869.626166,-4931.320964,1.457,0.319,0.021
947,0.947000,294202590.600934,0.000000,294202590.600934,9.909661e-11,18428.165913,-28869.626152,-4931.320951,1.359,0.336,0.023
948,0.948000,294202590.600803,0.000000,294202590.600803,9.954151e-11,18428.165908,-28869.626138,-4931.320938,1.583,0.334,0.029
949,0.949000,294202590.600664,0.000000,294202590.600664,1.000158e-10,18428.165903,-28869.626126,-4931.320926,1.228,0.306,0.024
950,0.950000,294202590.600524,0.000000,294202590.600524,1.004891e-10,18428.165898,-28869.626114,-4931.320913,1.482,0.321,0.026
951,0.951000,294202590.600386,0.000000,294202590.600386,1.009603e-10,18428.165894,-28869.626102,-4931.320901,1.259,0.273,0.020
952,0.952000,294202590.600247,0.000000,294202590.600247,1.014324e-10,18428.165889,-28869.626090,-4931.320888,1.313,0.296,0.029
953,0.953000,294202590.600108,0.000000,294202590.600108,1.019048e-10,18428.165884,-28869.626078,-4931.320876,1.325,0.293,0.026
954,0.954000,294202590.599969,0.000000,294202590.599969,1.023773e-10,18428.165879,-28869.626066,-4931.320863,1.298,0.273,0.024
955,0.955000,294202590.599829,0.000000,294202590.599829,1.028522e-10,18428.165874,-28869.626054,-4931.320851,1.320,0.286,0.024
956,0.956000,294202590.599690,0.000000,294202590.599690,1.033250e-10,18428.165870,-28869.626042,-4931.320839,1.394,0.323,0.030
957,0.957000,294202590.599551,0.000000,294202590.599551,1.037961e-10,18428.165865,-28869.626031,-4931.320827,1.329,0.298,0.025
958,0.958000,294202590.599412,0.000000,294202590.599412,1.042703e-10,18428.165860,-28869.626019,-4931.320815,1.612,0.366,0.032
959,0.959000,294202590.599272,0.000000,294202590.599272,1.047448e-10,18428.165855,-28869.626007,-4931.320803,1.409,0.303,0.029
960,0.960000,294202590.599133,0.000000,294202590.599133,1.052185e-10,18428.165851,-28869.625996,-4931.320792,1.437,0.407,0.025
961,0.961000,294202590.598993,0.000000,294202590.598993,1.056924e-10,18428.165846,-28869.625985,-4931.320780,1.426,0.402,0.031
962,0.962000,294202590.598854,0.000000,294202590.598854,1.061658e-10,18428.165841,-28869.625973,-4931.320769,1.485,0.309,0.028
963,0.963000,294202590.598715,0.000000,294202590.598715,1.066399e-10,18428.165837,-28869.625962,-4931.320758,1.322,0.301,0.027
964,0.964000,294202590.598576,0.000000,294202590.598576,1.071112e-10,18428.165832,-28869.625951,-4931.320747,1.418,0.362,0.029
965,0.965000,294202590.598437,0.000000,294202590.598437,1.075840e-10,18428.165828,-28869.625940,-4931.320736,1.308,0.332,0.024
966,0.966000,294202590.598312,0.000000,294202590.598312,1.080095e-10,18428.165823,-28869.625928,-4931.320726,1.353,0.292,0.026
967,0.967000,294202590.598201,0.000000,294202590.598201,1.083861e-10,18428.165819,-28869.625917,-4931.320717,1.259,0.277,0.023
968,0.968000,294202590.598090,0.000000,294202590.598090,1.087631e-10,18428.165815,-28869.625906,-4931.320708,1.292,0.295,0.023
969,0.969000,294202590.597979,0.000000,294202590.597979,1.091396e-10,18428.165810,-28869.625895,-4931.320699,1.336,0.339,0.022
970,0.970000,294202590.597868,0.000000,294202590.597868,1.095166e-10,18428.165806,-28869.625885,-4931.320690,1.276,0.287,0.022
971,0.971000,294202590.597758,0.000000,294202590.597758,1.098930e-10,18428.165802,-28869.625874,-4931.320681,1.226,0.273,0.023
972,0.972000,294202590.597647,0.000000,294202590.597647,1.102690e-10,18428.165798,-28869.625863,-4931.320673,1.310,0.280,0.023
973,0.973000,294202590.597536,0.000000,294202590.597536,1.106471e-10,18428.165793,-28869.625853,-4931.320664,1.278,0.298,0.020
974,0.974000,294202590.597424,0.000000,294202590.597424,1.110280e-10,18428.165789,-28869.625843,-4931.320656,1.267,0.270,0.021
975,0.975000,294202590.597312,0.000000,294202590.597312,1.114080e-10,18428.165785,-28869.625833,-4931.320648,1.588,0.341,0.025
976,0.976000,294202590.597200,0.000000,294202590.597200,1.117887e-10,18428.165781,-28869.625824,-4931.320640,1.229,0.267,0.022
977,0.977000,294202590.597088,0.000000,294202590.597088,1.121678e-10,18428.165777,-28869.625814,-4931.320632,1.467,0.310,0.023
978,0.978000,294202590.596977,0.000000,294202590.596977,1.125458e-10,18428.165773,-28869.625804,-4931.320624,1.397,0.311,0.026
979,0.979000,294202590.596866,0.000000,294202590.596866,1.129251e-10,18428.165770,-28869.625795,-4931.320616,1.450,0.300,0.023
980,0.980000,294202590.596754,0.000000,294202590.596754,1.133054e-10,18428.165766,-28869.625786,-4931.320608,1.276,0.272,0.022
981,0.981000,294202590.596642,0.000000,294202590.596642,1.136840e-10,18428.165762,-28869.625776,-4931.320601,1.476,0.364,0.024
982,0.982000,294202590.596531,0.000000,294202590.596531,1.140631e-10,18428.165759,-28869.625767,-4931.320593,1.266,0.277,0.021
983,0.983000,294202590.596420,0.000000,294202590.596420,1.144409e-10,18428.165755,-28869.625758,-4931.320585,1.398,0.325,0.024
984,0.984000,294202590.596308,0.000000,294202590.596308,1.148204e-10,18428.165752,-28869.625749,-4931.320578,1.190,0.245,0.020
985,0.985000,294202590.596196,0.000000,294202590.596196,1.152017e-10,18428.165748,-28869.625740,-4931.320570,1.258,0.326,0.022
986,0.986000,294202590.596085,0.000000,294202590.596085,1.155799e-10,18428.165744,-28869.625731,-4931.320563,1.236,0.266,0.020
987,0.987000,294202590.595973,0.000000,294202590.595973,1.159584e-10,18428.165741,-28869.625722,-4931.320555,1.269,0.291,0.021
988,0.988000,294202590.595862,0.000000,294202590.595862,1.163366e-10,18428.165737,-28869.625713,-4931.320548,1.211,0.256,0.019
989,0.989000,294202590.595750,0.000000,294202590.595750,1.167161e-10,18428.165733,-28869.625704,-4931.320540,1.318,0.341,0.025
990,0.990000,294202590.595639,0.000000,294202590.595639,1.170941e-10,18428.165729,-28869.625696,-4931.320533,1.184,0.264,0.019
991,0.991000,294202590.595528,0.000000,294202590.595528,1.174728e-10,18428.165726,-28869.625687,-4931.320526,1.430,0.364,0.022
992,0.992000,294202590.595416,0.000000,294202590.595416,1.178533e-10,18428.165722,-28869.625679,-4931.320519,1.229,0.263,0.021
993,0.993000,294202590.595305,0.000000,294202590.595305,1.182299e-10,18428.165718,-28869.625671,-4931.320511,1.345,0.346,0.023
994,0.994000,294202590.595194,0.000000,294202590.595194,1.186065e-10,18428.165715,-28869.625664,-4931.320504,1.468,0.331,0.029
995,0.995000,294202590.595083,0.000000,294202590.595083,1.189852e-10,18428.165711,-28869.625656,-4931.320497,1.553,0.364,0.029
996,0.996000,294202590.594971,0.000000,294202590.594971,1.193640e-10,18428.165708,-28869.625648,-4931.320490,1.349,0.325,0.026
997,0.997000,294202590.594861,0.000000,294202590.594861,1.197401e-10,18428.165704,-28869.625640,-4931.320483,1.731,0.371,0.032
998,0.998000,294202590.594750,0.000000,294202590.594750,1.201177e-10,18428.165700,-28869.625633,-4931.320475,1.281,0.281,0.023
999,0.999000,294202590.594688,0.000000,294202590.594688,1.203262e-10,18428.165695,-28869.625625,-4931.320468,1.440,0.348,0.026
1000,1.000000,294202590.594676,0.000000,294202590.594676,1.203673e-10,18428.165687,-28869.625618,-4931.320462,1.404,0.308,0.026
