step,time,kinetic_energy,potential_energy,total_energy,energy_drift,px,py,pz,tree_build_ms,force_ms,integrate_ms
1,0.001000,744233.620609,-1466418.560572,-722184.939962,0.000000e+00,-1140.158513,589.379291,581.147682,81.409,6.253,0.051
2,0.002000,744233.620613,-1466390.126260,-722156.505647,3.937262e-05,-1140.158511,589.379295,581.147487,6.100,13.735,0.066
3,0.003000,744233.620618,-1466347.192210,-722113.571593,9.882284e-05,-1140.158509,589.379299,581.147293,11.594,78.150,0.100
4,0.004000,744233.620622,-1466289.767569,-722056.146947,1.783380e-04,-1140.158507,589.379302,581.147099,1.066,0.259,2.319
5,0.005000,744233.620626,-1466217.866832,-721984.246207,2.778980e-04,-1140.158505,589.379306,581.146905,1.323,14.765,0.058
6,0.006000,744233.620630,-1466131.508875,-721897.888245,3.974767e-04,-1140.158503,589.379310,581.146710,47.952,0.301,0.054
7,0.007000,744233.620634,-1466030.717591,-721797.096956,5.370411e-04,-1140.158500,589.379313,581.146516,0.926,0.235,0.050
8,0.008000,744233.620638,-1465915.524516,-721681.903878,6.965475e-04,-1140.158498,589.379317,581.146322,12.883,3.278,0.043
9,0.009000,744233.620643,-1465785.972149,-721552.351506,8.759369e-04,-1140.158496,589.379321,581.146127,0.984,0.247,0.049
10,0.010000,744233.620647,-1465642.115900,-721408.495253,1.075133e-03,-1140.158494,589.379325,581.145933,0.922,0.327,0.041
11,0.011000,744233.620651,-1465484.022984,-721250.402333,1.294042e-03,-1140.158492,589.379328,581.145739,0.931,0.169,0.044
12,0.012000,744233.620655,-1465311.768239,-721078.147584,1.532561e-03,-1140.158490,589.379332,581.145544,0.899,0.175,0.051
13,0.013000,744233.620660,-1465125.427177,-720891.806518,1.790585e-03,-1140.158488,589.379336,581.145350,0.918,0.180,0.042
14,0.014000,744233.620665,-1464925.069222,-720691.448558,2.068018e-03,-1140.158486,589.379340,581.145156,0.932,13.463,0.040
15,0.015000,744233.620671,-1464710.752147,-720477.131476,2.364780e-03,-1140.158483,589.379344,581.144962,1.053,33.745,0.053
16,0.016000,744233.620677,-1464482.519425,-720248.898748,2.680811e-03,-1140.158481,589.379347,581.144768,0.914,0.169,0.052
17,0.017000,744233.620682,-1464240.399749,-720006.779067,3.016071e-03,-1140.158479,589.379351,581.144575,0.911,0.186,0.044
18,0.018000,744233.620688,-1463984.408546,-719750.787857,3.370538e-03,-1140.158477,589.379355,581.144381,0.890,8.487,0.042
19,0.019000,744233.620695,-1463714.550443,-719480.929748,3.744207e-03,-1140.158475,589.379359,581.144186,0.878,17.262,0.042
20,0.020000,744233.620701,-1463430.823000,-719197.202299,4.137081e-03,-1140.158473,589.379363,581.143992,0.904,0.167,0.043
21,0.021000,744233.620707,-1463133.221251,-718899.600544,4.549166e-03,-1140.158471,589.379367,581.143798,1.769,5.577,0.117
22,0.022000,744233.620713,-1462821.742938,-718588.122225,4.980466e-03,-1140.158468,589.379371,581.143604,0.884,0.183,0.041
23,0.023000,744233.620720,-1462496.392787,-718262.772067,5.430974e-03,-1140.158466,589.379375,581.143410,2.808,0.253,0.129
24,0.024000,744233.620726,-1462157.185603,-717923.564877,5.900670e-03,-1140.158464,589.379379,581.143216,0.898,74.709,0.037
25,0.025000,744233.620732,-1461804.146901,-717570.526169,6.389518e-03,-1140.158462,589.379382,581.143022,0.955,12.981,0.052
26,0.026000,744233.620739,-1461437.311975,-717203.691236,6.897470e-03,-1140.158459,589.379386,581.142828,0.884,0.427,0.042
27,0.027000,744233.620745,-1461056.724164,-716823.103419,7.424465e-03,-1140.158457,589.379390,581.142634,47.625,1.375,0.046
28,0.028000,744233.620751,-1460662.433777,-716428.813025,7.970433e-03,-1140.158455,589.379394,581.142440,0.926,13.016,0.038
29,0.029000,744233.620757,-1460254.497864,-716020.877106,8.535297e-03,-1140.158453,589.379398,581.142246,2.905,0.589,0.083
30,0.030000,744233.620764,-1459832.980702,-715599.359938,9.118966e-03,-1140.158450,589.379402,581.142051,1.031,2.791,0.049
31,0.031000,744233.620770,-1459397.953995,-715164.333225,9.721342e-03,-1140.158448,589.379406,581.141857,1.360,0.508,0.048
32,0.032000,744233.620776,-1458949.496679,-714715.875902,1.034231e-02,-1140.158446,589.379410,581.141663,1.045,0.342,0.052
33,0.033000,744233.620783,-1458487.694886,-714254.074103,1.098177e-02,-1140.158443,589.379414,581.141469,2.214,0.669,0.143
34,0.034000,744233.620789,-1458012.641110,-713779.020321,1.163957e-02,-1140.158441,589.379418,581.141275,6.778,13.276,0.348
35,0.035000,744233.620795,-1457524.433189,-713290.812394,1.231558e-02,-1140.158439,589.379422,581.141081,5.083,19.440,0.139
36,0.036000,744233.620802,-1457023.172074,-712789.551272,1.300967e-02,-1140.158437,589.379426,581.140887,1.173,2.005,0.056
37,0.037000,744233.620808,-1456508.959212,-712275.338404,1.372170e-02,-1140.158434,589.379430,581.140693,6.530,2.416,0.060
38,0.038000,744233.620814,-1455981.893211,-711748.272397,1.445152e-02,-1140.158432,589.379434,581.140499,2.628,0.651,0.049
39,0.039000,744233.620820,-1455442.067756,-711208.446936,1.519901e-02,-1140.158430,589.379438,581.140305,7.166,0.820,0.052
40,0.040000,744233.620827,-1454889.571645,-710655.950818,1.596404e-02,-1140.158428,589.379442,581.140111,2.498,2.099,0.111
41,0.041000,744233.620833,-1454324.490667,-710090.869834,1.674650e-02,-1140.158425,589.379446,581.139917,1.915,0.279,0.119
42,0.042000,744233.620839,-1453746.911349,-709513.290510,1.754627e-02,-1140.158423,589.379450,581.139722,0.947,1.273,0.047
43,0.043000,744233.620846,-1453156.924437,-708923.303591,1.836321e-02,-1140.158421,589.379454,581.139528,1.002,0.598,0.046
44,0.044000,744233.620852,-1452554.626539,-708321.005687,1.919721e-02,-1140.158419,589.379457,581.139334,0.924,15.593,0.044
45,0.045000,744233.620858,-1451940.119238,-707706.498380,2.004811e-02,-1140.158416,589.379461,581.139140,1.571,1.050,0.046
46,0.046000,744233.620865,-1451313.506123,-707079.885258,2.091577e-02,-1140.158414,589.379465,581.138946,0.931,0.401,0.046
47,0.047000,744233.620871,-1450674.888829,-706441.267958,2.180006e-02,-1140.158412,589.379469,581.138752,0.981,38.641,0.053
48,0.048000,744233.620877,-1450024.363978,-705790.743101,2.270083e-02,-1140.158409,589.379473,581.138558,1.803,0.667,0.048
49,0.049000,744233.620884,-1449362.021995,-705128.401112,2.361797e-02,-1140.158407,589.379477,581.138364,1.808,35.634,0.056
50,0.050000,744233.620890,-1448687.947976,-704454.327086,2.455135e-02,-1140.158405,589.379481,581.138170,0.885,0.593,0.038
51,0.051000,744233.620896,-1448002.223798,-703768.602902,2.550086e-02,-1140.158402,589.379486,581.137976,1.670,9.510,0.054
52,0.052000,744233.620903,-1447304.930867,-703071.309964,2.646639e-02,-1140.158400,589.379490,581.137782,1.284,1.207,0.049
53,0.053000,744233.620909,-1446596.153168,-702362.532259,2.744783e-02,-1140.158398,589.379494,581.137588,0.995,0.190,0.052
54,0.054000,744233.620915,-1445875.980708,-701642.359792,2.844504e-02,-1140.158396,589.379498,581.137394,1.989,1.537,0.186
55,0.055000,744233.620922,-1445144.511647,-700910.890725,2.945790e-02,-1140.158393,589.379502,581.137200,2.249,0.335,0.047
56,0.056000,744233.620928,-1444401.854141,-700168.233213,3.048624e-02,-1140.158391,589.379506,581.137007,1.471,2.064,0.186
57,0.057000,744233.620934,-1443648.125535,-699414.504601,3.152992e-02,-1140.158389,589.379510,581.136813,1.115,1.339,0.049
58,0.058000,744233.620941,-1442883.449302,-698649.828361,3.258876e-02,-1140.158386,589.379514,581.136619,0.942,0.266,0.041
59,0.059000,744233.620947,-1442107.949677,-697874.328730,3.366258e-02,-1140.158384,589.379519,581.136425,1.770,0.387,0.051
60,0.060000,744233.620953,-1441321.745497,-697088.124544,3.475123e-02,-1140.158382,589.379523,581.136231,1.430,20.721,0.051
61,0.061000,744233.620960,-1440524.945455,-696291.324496,3.585455e-02,-1140.158379,589.379527,581.136037,1.568,5.647,0.552
62,0.062000,744233.620966,-1439717.645131,-695484.024165,3.697241e-02,-1140.158377,589.379531,581.135843,29.722,3.073,0.041
63,0.063000,744233.620972,-1438899.926987,-694666.306015,3.810469e-02,-1140.158375,589.379535,581.135649,0.913,25.632,0.032
64,0.064000,744233.620979,-1438071.862238,-693838.241260,3.925130e-02,-1140.158373,589.379540,581.135455,1.050,3.704,0.043
65,0.065000,744233.620985,-1437233.515013,-692999.894028,4.041215e-02,-1140.158370,589.379544,581.135261,0.930,18.752,0.276
66,0.066000,744233.620991,-1436384.946708,-692151.325717,4.158715e-02,-1140.158368,589.379548,581.135068,1.779,0.609,0.055
67,0.067000,744233.620998,-1435526.219691,-691292.598693,4.277622e-02,-1140.158366,589.379552,581.134874,0.919,0.175,0.042
68,0.068000,744233.621004,-1434657.399111,-690423.778107,4.397926e-02,-1140.158363,589.379556,581.134680,0.947,0.269,0.049
69,0.069000,744233.621010,-1433778.552979,-689544.931969,4.519619e-02,-1140.158361,589.379560,581.134486,1.004,8.111,0.045
70,0.070000,744233.621017,-1432889.750173,-688656.129157,4.642690e-02,-1140.158359,589.379565,581.134292,67.802,18.060,0.038
71,0.071000,744233.621023,-1431991.058470,-687757.437447,4.767131e-02,-1140.158356,589.379569,581.134098,31.616,0.733,1.587
72,0.072000,744233.621029,-1431082.543990,-686848.922961,4.892932e-02,-1140.158354,589.379573,581.133904,0.958,0.276,0.107
73,0.073000,744233.621036,-1430164.272365,-685930.651329,5.020084e-02,-1140.158352,589.379577,581.133710,2.144,3.096,0.099
74,0.074000,744233.621042,-1429236.311904,-685002.690862,5.148577e-02,-1140.158349,589.379581,581.133517,1.726,0.346,0.048
75,0.075000,744233.621048,-1428298.737519,-684065.116471,5.278402e-02,-1140.158347,589.379585,581.133323,5.525,0.391,0.125
76,0.076000,744233.621055,-1427351.634043,-683118.012989,5.409546e-02,-1140.158345,589.379590,581.133129,39.369,1.163,0.037
77,0.077000,744233.621061,-1426395.098561,-682161.477500,5.541996e-02,-1140.158343,589.379594,581.132935,3.239,15.104,0.057
78,0.078000,744233.621067,-1425429.241100,-681195.620032,5.675737e-02,-1140.158340,589.379598,581.132741,0.909,13.967,0.044
79,0.079000,744233.621074,-1424454.182905,-680220.561831,5.810752e-02,-1140.158338,589.379602,581.132547,1.196,0.593,0.043
80,0.080000,744233.621080,-1423470.054300,-679236.433220,5.947023e-02,-1140.158336,589.379607,581.132354,2.076,0.544,0.112
81,0.081000,744233.621086,-1422476.991660,-678243.370574,6.084531e-02,-1140.158333,589.379611,581.132160,4.861,135.221,0.070
82,0.082000,744233.621093,-1421475.135320,-677241.514227,6.223257e-02,-1140.158331,589.379615,581.131966,1.341,0.527,0.071
83,0.083000,744233.621100,-1420464.627121,-676231.006021,6.363181e-02,-1140.158328,589.379619,581.131772,1.958,10.917,0.113
84,0.084000,744233.621107,-1419445.608263,-675211.987157,6.504283e-02,-1140.158326,589.379624,581.131579,2.708,0.624,0.048
85,0.085000,744233.621113,-1418418.217371,-674184.596258,6.646545e-02,-1140.158323,589.379628,581.131385,3.293,2.948,0.043
86,0.086000,744233.621120,-1417382.588118,-673148.966998,6.789947e-02,-1140.158321,589.379632,581.131191,0.938,26.488,0.042
87,0.087000,744233.621127,-1416338.847331,-672105.226204,6.934472e-02,-1140.158318,589.379637,581.130997,1.007,0.465,0.048
88,0.088000,744233.621134,-1415287.113479,-671053.492345,7.080104e-02,-1140.158315,589.379641,581.130803,2.109,22.631,0.326
89,0.089000,744233.621141,-1414227.495704,-669993.874563,7.226828e-02,-1140.158313,589.379645,581.130610,1.246,0.964,0.073
90,0.090000,744233.621147,-1413160.093312,-668926.472165,7.374630e-02,-1140.158310,589.379650,581.130416,1.810,0.904,0.155
91,0.091000,744233.621153,-1412084.995597,-667851.374444,7.523497e-02,-1140.158308,589.379654,581.130222,0.910,0.175,4.311
92,0.092000,744233.621158,-1411002.282313,-666768.661155,7.673419e-02,-1140.158305,589.379658,581.130029,0.936,0.181,0.041
93,0.093000,744233.621164,-1409912.024573,-665678.403409,7.824386e-02,-1140.158303,589.379663,581.129836,1.546,0.993,0.044
94,0.094000,744233.621169,-1408814.286275,-664580.665106,7.976388e-02,-1140.158300,589.379667,581.129642,1.145,0.365,0.043
95,0.095000,744233.621174,-1407709.127062,-663475.505888,8.129418e-02,-1140.158298,589.379672,581.129449,10.397,15.909,0.043
96,0.096000,744233.621180,-1406596.604723,-662362.983543,8.283468e-02,-1140.158295,589.379676,581.129255,1.681,0.373,0.071
97,0.097000,744233.621186,-1405476.778662,-661243.157476,8.438529e-02,-1140.158293,589.379680,581.129062,2.195,7.599,0.067
98,0.098000,744233.621193,-1404349.712795,-660116.091602,8.594592e-02,-1140.158290,589.379685,581.128868,1.169,0.383,0.045
99,0.099000,744233.621200,-1403215.477211,-658981.856012,8.751648e-02,-1140.158287,589.379689,581.128674,1.513,0.674,0.045
100,0.100000,744233.621206,-1402074.149043,-657840.527837,8.909686e-02,-1140.158285,589.379693,581.128480,0.971,36.886,0.041
101,0.101000,744233.621213,-1400925.811777,-656692.190564,9.068695e-02,-1140.158282,589.379698,581.128287,0.979,0.455,0.048
102,0.102000,744233.621220,-1399770.553670,-655536.932451,9.228662e-02,-1140.158280,589.379702,581.128093,2.396,7.081,0.050
103,0.103000,744233.621226,-1398608.466347,-654374.845120,9.389575e-02,-1140.158277,589.379707,581.127899,2.198,21.385,0.054
104,0.104000,744233.621233,-1397439.643518,-653206.022285,9.551420e-02,-1140.158275,589.379711,581.127705,2.275,5.446,0.047
105,0.105000,744233.621239,-1396264.180626,-652030.559386,9.714185e-02,-1140.158272,589.379715,581.127511,20.955,6.486,0.042
106,0.106000,744233.621246,-1395082.174625,-650848.553378,9.877856e-02,-1140.158270,589.379720,581.127318,2.559,0.486,27.787
107,0.107000,744233.621254,-1393893.724460,-649660.103207,1.004242e-01,-1140.158267,589.379724,581.127124,17.034,6.658,0.038
108,0.108000,744233.621262,-1392698.931216,-648465.309955,1.020786e-01,-1140.158265,589.379729,581.126931,2.141,8.909,0.051
109,0.109000,744233.621270,-1391497.898266,-647264.276996,1.037417e-01,-1140.158262,589.379733,581.126737,4.807,18.512,0.117
110,0.110000,744233.621278,-1390290.730694,-646057.109416,1.054132e-01,-1140.158260,589.379738,581.126544,1.337,0.410,0.042
111,0.111000,744233.621286,-1389077.534808,-644843.913521,1.070931e-01,-1140.158257,589.379742,581.126351,1.335,0.377,0.058
112,0.112000,744233.621295,-1387858.416708,-643624.795413,1.087812e-01,-1140.158254,589.379747,581.126158,1.325,0.584,0.052
113,0.113000,744233.621303,-1386633.481140,-642399.859837,1.104774e-01,-1140.158252,589.379751,581.125964,0.956,0.215,0.040
114,0.114000,744233.621311,-1385402.830007,-641169.208696,1.121814e-01,-1140.158249,589.379756,581.125771,31.029,1.697,0.281
115,0.115000,744233.621319,-1384166.561864,-639932.940545,1.138933e-01,-1140.158247,589.379760,581.125578,15.424,1.180,0.047
116,0.116000,744233.621327,-1382924.771579,-638691.150252,1.156128e-01,-1140.158244,589.379765,581.125385,26.987,38.568,0.041
117,0.117000,744233.621335,-1381677.550821,-637443.929486,1.173398e-01,-1140.158242,589.379769,581.125192,1.523,0.624,0.047
118,0.118000,744233.621343,-1380424.988749,-636191.367406,1.190742e-01,-1140.158239,589.379774,581.124999,0.926,11.368,0.046
119,0.119000,744233.621351,-1379167.172564,-634933.551213,1.208159e-01,-1140.158237,589.379778,581.124806,0.950,0.271,0.038
120,0.120000,744233.621359,-1377904.187900,-633670.566540,1.225647e-01,-1140.158234,589.379782,581.124613,1.345,23.958,0.042
121,0.121000,744233.621368,-1376636.118971,-632402.497604,1.243206e-01,-1140.158232,589.379787,581.124420,12.269,77.478,0.068
122,0.122000,744233.621376,-1375363.048814,-631129.427438,1.260834e-01,-1140.158229,589.379791,581.124227,1.987,0.532,0.147
123,0.123000,744233.621384,-1374085.059794,-629851.438410,1.278530e-01,-1140.158226,589.379796,581.124034,2.356,1.441,0.375
124,0.124000,744233.621394,-1372802.233959,-628568.612566,1.296293e-01,-1140.158224,589.379800,581.123842,17.867,16.207,0.045
125,0.125000,744233.621403,-1371514.654267,-627281.032864,1.314122e-01,-1140.158221,589.379805,581.123649,0.997,0.352,0.057
126,0.126000,744233.621412,-1370222.404709,-625988.783297,1.332016e-01,-1140.158219,589.379809,581.123457,2.444,1.311,0.046
127,0.127000,744233.621421,-1368925.570660,-624691.949238,1.349973e-01,-1140.158216,589.379814,581.123264,1.831,0.748,0.084
128,0.128000,744233.621430,-1367624.238286,-623390.616856,1.367992e-01,-1140.158214,589.379819,581.123072,1.904,0.245,0.123
129,0.129000,744233.621440,-1366318.493571,-622084.872131,1.386072e-01,-1140.158211,589.379823,581.122880,2.434,1.298,0.051
130,0.130000,744233.621449,-1365008.421169,-620774.799720,1.404213e-01,-1140.158209,589.379828,581.122687,4.636,4.051,0.053
131,0.131000,744233.621458,-1363694.103027,-619460.481569,1.422412e-01,-1140.158206,589.379832,581.122495,3.502,12.023,0.133
132,0.132000,744233.621467,-1362375.617694,-618141.996226,1.440669e-01,-1140.158204,589.379837,581.122302,1.265,5.219,0.050
133,0.133000,744233.621477,-1361053.039890,-616819.418413,1.458983e-01,-1140.158201,589.379842,581.122110,1.864,1.504,0.075
134,0.134000,744233.621486,-1359726.440970,-615492.819485,1.477352e-01,-1140.158198,589.379846,581.121918,1.779,1.118,0.047
135,0.135000,744233.621495,-1358395.889159,-614162.267664,1.495776e-01,-1140.158196,589.379851,581.121725,2.076,2.847,0.072
136,0.136000,744233.621504,-1357061.450354,-612827.828850,1.514254e-01,-1140.158193,589.379855,581.121533,17.961,33.922,0.205
137,0.137000,744233.621514,-1355723.188846,-611489.567333,1.532784e-01,-1140.158191,589.379860,581.121340,7.401,9.707,0.045
138,0.138000,744233.621523,-1354381.167847,-610147.546324,1.551367e-01,-1140.158188,589.379865,581.121148,1.611,0.464,0.048
139,0.139000,744233.621532,-1353035.449879,-608801.828347,1.570001e-01,-1140.158186,589.379869,581.120955,1.042,0.237,0.045
140,0.140000,744233.621541,-1351686.097096,-607452.475555,1.588685e-01,-1140.158183,589.379874,581.120763,2.741,1.554,0.044
141,0.141000,744233.621550,-1350333.171382,-606099.549832,1.607419e-01,-1140.158181,589.379878,581.120571,1.629,2.030,0.045
142,0.142000,744233.621559,-1348976.734656,-604743.113096,1.626202e-01,-1140.158178,589.379883,581.120378,1.242,0.373,0.047
143,0.143000,744233.621568,-1347616.849261,-603383.227693,1.645032e-01,-1140.158176,589.379887,581.120186,67.483,1.334,0.052
144,0.144000,744233.621578,-1346253.578212,-602019.956634,1.663909e-01,-1140.158173,589.379891,581.119993,1.922,1.010,5.944
145,0.145000,744233.621588,-1344886.985029,-600653.363441,1.682832e-01,-1140.158170,589.379896,581.119800,1.048,0.981,0.059
146,0.146000,744233.621599,-1343517.133587,-599283.511988,1.701800e-01,-1140.158168,589.379900,581.119608,1.150,0.272,0.056
147,0.147000,744233.621610,-1342144.088010,-597910.466401,1.720812e-01,-1140.158165,589.379905,581.119415,4.348,14.070,0.065
148,0.148000,744233.621620,-1340767.912585,-596534.290965,1.739868e-01,-1140.158163,589.379909,581.119222,1.653,17.137,0.059
149,0.149000,744233.621631,-1339388.672854,-595155.051223,1.758966e-01,-1140.158160,589.379913,581.119029,1.113,26.841,0.065
150,0.150000,744233.621641,-1338006.436743,-593772.815101,1.778106e-01,-1140.158158,589.379918,581.118837,0.963,0.649,0.055
151,0.151000,744233.621652,-1336621.276110,-592387.654458,1.797286e-01,-1140.158155,589.379922,581.118644,1.106,12.541,0.055
152,0.152000,744233.621662,-1335233.267524,-590999.645862,1.816506e-01,-1140.158153,589.379927,581.118451,1.259,0.451,0.049
153,0.153000,744233.621673,-1333842.492282,-589608.870609,1.835763e-01,-1140.158150,589.379931,581.118259,1.991,2.877,0.121
154,0.154000,744233.621684,-1332449.035738,-588215.414054,1.855058e-01,-1140.158148,589.379935,581.118066,1.056,13.847,0.056
155,0.155000,744233.621694,-1331052.985791,-586819.364097,1.874389e-01,-1140.158145,589.379940,581.117873,5.118,2.143,0.052
156,0.156000,744233.621705,-1329654.430857,-585420.809153,1.893755e-01,-1140.158142,589.379944,581.117681,2.064,0.680,0.052
157,0.157000,744233.621715,-1328253.458061,-584019.836346,1.913154e-01,-1140.158140,589.379949,581.117488,0.963,60.756,0.048
158,0.158000,744233.621726,-1326850.151582,-582616.529856,1.932585e-01,-1140.158137,589.379953,581.117295,4.080,7.460,0.134
159,0.159000,744233.621736,-1325444.591643,-581210.969907,1.952048e-01,-1140.158135,589.379958,581.117103,2.261,0.470,0.051
160,0.160000,744233.621747,-1324036.854454,-579803.232707,1.971541e-01,-1140.158132,589.379962,581.116910,1.325,37.117,0.064
161,0.161000,744233.621757,-1322627.012571,-578393.390814,1.991063e-01,-1140.158130,589.379966,581.116717,1.089,0.598,0.060
162,0.162000,744233.621768,-1321215.135795,-576981.514027,2.010613e-01,-1140.158127,589.379971,581.116525,3.277,0.483,0.139
163,0.163000,744233.621779,-1319801.291791,-575567.670012,2.030190e-01,-1140.158125,589.379975,581.116332,1.013,0.321,0.056
164,0.164000,744233.621789,-1318385.546550,-574151.924760,2.049794e-01,-1140.158122,589.379980,581.116139,1.860,9.913,0.118
165,0.165000,744233.621800,-1316967.964259,-572734.342459,2.069423e-01,-1140.158120,589.379984,581.115947,2.822,0.879,0.050
166,0.166000,744233.621810,-1315548.606171,-571314.984361,2.089076e-01,-1140.158117,589.379989,581.115754,4.682,0.549,0.119
167,0.167000,744233.621821,-1314127.530333,-569893.908512,2.108754e-01,-1140.158115,589.379993,581.115562,5.851,6.766,0.166
168,0.168000,744233.621832,-1312704.790141,-568471.168309,2.128454e-01,-1140.158112,589.379998,581.115369,0.992,7.806,0.050
169,0.169000,744233.621842,-1311280.434783,-567046.812941,2.148177e-01,-1140.158109,589.380002,581.115177,1.111,0.212,0.055
170,0.170000,744233.621853,-1309854.509283,-565620.887430,2.167922e-01,-1140.158107,589.380007,581.114984,0.956,10.566,0.048
171,0.171000,744233.621864,-1308427.055908,-564193.434044,2.187688e-01,-1140.158104,589.380012,581.114792,1.200,7.516,0.049
172,0.172000,744233.621874,-1306998.115597,-562764.493723,2.207474e-01,-1140.158102,589.380016,581.114599,0.977,0.878,0.045
173,0.173000,744233.621885,-1305567.729606,-561334.107721,2.227280e-01,-1140.158099,589.380021,581.114406,2.389,17.542,0.367
174,0.174000,744233.621896,-1304135.940464,-559902.318569,2.247106e-01,-1140.158097,589.380025,581.114214,0.945,0.592,0.053
175,0.175000,744233.621906,-1302702.792750,-558469.170844,2.266951e-01,-1140.158094,589.380030,581.114021,1.194,0.408,0.049
176,0.176000,744233.621917,-1301268.332927,-557034.711010,2.286814e-01,-1140.158092,589.380034,581.113829,1.365,2.964,0.079
177,0.177000,744233.621928,-1299832.608789,-555598.986861,2.306694e-01,-1140.158089,589.380039,581.113636,1.032,2.188,0.055
178,0.178000,744233.621938,-1298395.668717,-554162.046779,2.326591e-01,-1140.158087,589.380043,581.113444,0.989,4.057,0.047
179,0.179000,744233.621949,-1296957.561245,-552723.939295,2.346504e-01,-1140.158084,589.380048,581.113251,2.063,0.904,0.052
180,0.180000,744233.621960,-1295518.334220,-551284.712260,2.366433e-01,-1140.158082,589.380053,581.113059,24.702,4.131,0.095
181,0.181000,744233.621971,-1294078.034898,-549844.412927,2.386377e-01,-1140.158079,589.380057,581.112866,1.229,21.857,0.052
182,0.182000,744233.621982,-1292636.710065,-548403.088083,2.406334e-01,-1140.158077,589.380062,581.112674,1.969,0.222,0.048
183,0.183000,744233.621993,-1291194.406203,-546960.784210,2.426306e-01,-1140.158075,589.380066,581.112482,1.161,0.439,0.050
184,0.184000,744233.622003,-1289751.170325,-545517.548321,2.446290e-01,-1140.158072,589.380071,581.112289,1.429,0.406,0.048
185,0.185000,744233.622014,-1288307.049781,-544073.427767,2.466287e-01,-1140.158070,589.380076,581.112097,3.463,0.478,0.045
186,0.186000,744233.622025,-1286862.092415,-542628.470390,2.486295e-01,-1140.158068,589.380080,581.111904,16.813,0.455,0.048
187,0.187000,744233.622036,-1285416.346473,-541182.724437,2.506314e-01,-1140.158065,589.380085,581.111712,1.182,0.765,0.042
188,0.188000,744233.622047,-1283969.860698,-539736.238652,2.526343e-01,-1140.158063,589.380089,581.111520,3.715,6.884,0.128
189,0.189000,744233.622057,-1282522.684041,-538289.061984,2.546382e-01,-1140.158061,589.380094,581.111327,36.790,2.166,0.103
190,0.190000,744233.622068,-1281074.866250,-536841.244182,2.566430e-01,-1140.158058,589.380098,581.111135,2.988,7.831,0.045
191,0.191000,744233.622079,-1279626.457853,-535392.835774,2.586486e-01,-1140.158056,589.380103,581.110942,1.258,0.888,0.043
192,0.192000,744233.622090,-1278177.510300,-533943.888210,2.606549e-01,-1140.158054,589.380108,581.110750,1.024,0.927,0.047
193,0.193000,744233.622101,-1276728.075674,-532494.453574,2.626619e-01,-1140.158051,589.380112,581.110558,6.669,15.343,0.135
194,0.194000,744233.622111,-1275278.206236,-531044.584125,2.646695e-01,-1140.158049,589.380117,581.110365,10.424,4.575,0.047
195,0.195000,744233.622122,-1273827.953612,-529594.331490,2.666777e-01,-1140.158047,589.380122,581.110173,1.124,8.225,0.046
196,0.196000,744233.622133,-1272377.367723,-528143.745590,2.686863e-01,-1140.158044,589.380126,581.109980,0.942,0.671,0.054
197,0.197000,744233.622143,-1270926.496104,-526692.873961,2.706953e-01,-1140.158042,589.380131,581.109788,1.677,1.036,0.053
198,0.198000,744233.622152,-1269475.383340,-525241.761187,2.727046e-01,-1140.158039,589.380136,581.109596,1.058,0.383,0.044
199,0.199000,744233.622161,-1268024.070618,-523790.448457,2.747142e-01,-1140.158037,589.380140,581.109404,4.087,1.631,0.045
200,0.200000,744233.622171,-1266572.595674,-522338.973503,2.767241e-01,-1140.158035,589.380145,581.109212,1.601,19.283,0.048
201,0.201000,744233.622180,-1265120.993001,-520887.370821,2.787341e-01,-1140.158032,589.380150,581.109020,13.352,1.678,0.079
202,0.202000,744233.622189,-1263669.294211,-519435.672022,2.807442e-01,-1140.158030,589.380155,581.108829,1.128,0.349,0.056
203,0.203000,744233.622198,-1262217.528367,-517983.906169,2.827545e-01,-1140.158028,589.380159,581.108637,1.116,0.284,0.064
204,0.204000,744233.622207,-1260765.723128,-516532.100920,2.847648e-01,-1140.158025,589.380164,581.108445,0.961,5.824,0.052
205,0.205000,744233.622217,-1259313.905378,-515080.283161,2.867751e-01,-1140.158023,589.380169,581.108253,1.368,0.568,0.043
206,0.206000,744233.622226,-1257862.102391,-513628.480165,2.887854e-01,-1140.158020,589.380173,581.108061,0.957,0.429,0.044
207,0.207000,744233.622237,-1256410.342677,-512176.720440,2.907956e-01,-1140.158018,589.380178,581.107868,0.909,0.974,0.040
208,0.208000,744233.622247,-1254958.656700,-510725.034453,2.928058e-01,-1140.158016,589.380183,581.107676,1.772,0.435,0.046
209,0.209000,744233.622257,-1253507.077172,-509273.454914,2.948157e-01,-1140.158013,589.380188,581.107483,2.119,1.038,0.050
210,0.210000,744233.622268,-1252055.638793,-507822.016526,2.968255e-01,-1140.158011,589.380192,581.107291,2.219,12.005,0.054
211,0.211000,744233.622278,-1250604.377687,-506370.755409,2.988351e-01,-1140.158008,589.380197,581.107099,1.279,32.151,0.055
212,0.212000,744233.622288,-1249153.331089,-504919.708801,3.008443e-01,-1140.158006,589.380202,581.106906,2.084,20.989,0.046
213,0.213000,744233.622298,-1247702.537348,-503468.915049,3.028532e-01,-1140.158004,589.380206,581.106714,1.053,0.208,0.098
214,0.214000,744233.622309,-1246252.035722,-502018.413413,3.048617e-01,-1140.158001,589.380211,581.106522,2.635,8.520,0.124
215,0.215000,744233.622319,-1244801.867096,-500568.244777,3.068697e-01,-1140.157999,589.380216,581.106329,1.163,9.800,0.078
216,0.216000,744233.622329,-1243352.073982,-499118.451653,3.088772e-01,-1140.157996,589.380221,581.106137,0.989,15.088,0.210
217,0.217000,744233.622340,-1241902.700508,-497669.078168,3.108842e-01,-1140.157994,589.380225,581.105945,1.230,6.566,0.053
218,0.218000,744233.622350,-1240453.791885,-496220.169535,3.128904e-01,-1140.157991,589.380230,581.105752,1.225,0.260,0.054
219,0.219000,744233.622360,-1239005.393470,-494771.771110,3.148960e-01,-1140.157989,589.380235,581.105560,11.279,1.034,0.046
220,0.220000,744233.622371,-1237557.549582,-493323.927212,3.169008e-01,-1140.157987,589.380239,581.105368,16.865,7.843,0.051
221,0.221000,744233.622381,-1236110.302661,-491876.680280,3.189048e-01,-1140.157984,589.380244,581.105175,4.121,13.814,0.110
222,0.222000,744233.622391,-1234663.692604,-490430.070213,3.209079e-01,-1140.157982,589.380249,581.104983,2.414,2.764,0.051
223,0.223000,744233.622402,-1233217.756255,-488984.133853,3.229101e-01,-1140.157979,589.380254,581.104791,50.813,8.955,0.047
224,0.224000,744233.622412,-1231772.527408,-487538.904996,3.249113e-01,-1140.157977,589.380259,581.104598,1.155,0.348,0.058
225,0.225000,744233.622422,-1230328.036608,-486094.414185,3.269114e-01,-1140.157974,589.380263,581.104406,1.741,1.264,0.051
226,0.226000,744233.622432,-1228884.311197,-484650.688765,3.289106e-01,-1140.157972,589.380268,581.104214,2.281,2.764,0.046
227,0.227000,744233.622443,-1227441.375222,-483207.752780,3.309086e-01,-1140.157970,589.380273,581.104021,1.032,0.384,0.097
228,0.228000,744233.622453,-1225999.249525,-481765.627072,3.329055e-01,-1140.157967,589.380278,581.103829,2.039,0.405,0.047
229,0.229000,744233.622463,-1224557.951576,-480324.329113,3.349012e-01,-1140.157965,589.380282,581.103636,23.737,30.802,9.372
230,0.230000,744233.622474,-1223117.496301,-478883.873828,3.368958e-01,-1140.157962,589.380287,581.103444,1.920,5.157,0.128
231,0.231000,744233.622484,-1221677.896238,-477444.273754,3.388892e-01,-1140.157960,589.380292,581.103252,2.070,0.573,0.102
232,0.232000,744233.622494,-1220239.162382,-476005.539887,3.408814e-01,-1140.157957,589.380297,581.103060,1.059,22.352,0.040
233,0.233000,744233.622504,-1218801.305181,-474567.682677,3.428724e-01,-1140.157955,589.380302,581.102867,2.139,0.674,0.046
234,0.234000,744233.622515,-1217364.335217,-473130.712702,3.448621e-01,-1140.157953,589.380306,581.102675,1.074,0.684,0.055
235,0.235000,744233.622525,-1215928.264254,-471694.641729,3.468506e-01,-1140.157950,589.380311,581.102483,1.078,0.377,0.056
236,0.236000,744233.622535,-1214493.105402,-470259.482867,3.488379e-01,-1140.157948,589.380316,581.102290,1.093,0.288,0.135
237,0.237000,744233.622545,-1213058.873801,-468825.251256,3.508238e-01,-1140.157945,589.380321,581.102098,1.207,0.396,0.047
238,0.238000,744233.622556,-1211625.586430,-467391.963874,3.528085e-01,-1140.157943,589.380326,581.101906,10.687,6.832,1.157
239,0.239000,744233.622566,-1210193.262195,-465959.639629,3.547918e-01,-1140.157940,589.380331,581.101714,1.032,0.279,0.044
240,0.240000,744233.622576,-1208761.921684,-464528.299108,3.567738e-01,-1140.157938,589.380336,581.101521,1.036,0.261,0.055
241,0.241000,744233.622586,-1207331.586362,-463097.963776,3.587543e-01,-1140.157936,589.380340,581.101329,2.234,1.170,0.045
242,0.242000,744233.622597,-1205902.278246,-461668.655649,3.607335e-01,-1140.157933,589.380345,581.101137,0.923,36.794,0.037
243,0.243000,744233.622607,-1204474.019236,-460240.396629,3.627112e-01,-1140.157931,589.380350,581.100945,1.244,0.271,0.052
244,0.244000,744233.622617,-1203046.830501,-458813.207883,3.646874e-01,-1140.157928,589.380355,581.100752,1.062,0.213,0.046
245,0.245000,744233.622627,-1201620.732051,-457387.109423,3.666621e-01,-1140.157926,589.380360,581.100560,0.960,0.179,0.046
246,0.246000,744233.622638,-1200195.742454,-455962.119816,3.686352e-01,-1140.157923,589.380365,581.100368,0.960,0.218,0.049
247,0.247000,744233.622648,-1198771.878624,-454538.255976,3.706068e-01,-1140.157921,589.380370,581.100175,4.087,5.567,0.046
248,0.248000,744233.622658,-1197349.156119,-453115.533461,3.725769e-01,-1140.157919,589.380375,581.099983,4.880,3.393,0.326
249,0.249000,744233.622669,-1195927.589203,-451693.966534,3.745453e-01,-1140.157916,589.380380,581.099791,1.985,1.807,0.058
250,0.250000,744233.622679,-1194507.191549,-450273.568870,3.765121e-01,-1140.157914,589.380385,581.099599,2.031,4.500,0.131
251,0.251000,744233.622689,-1193087.976587,-448854.353898,3.784773e-01,-1140.157911,589.380390,581.099406,2.075,16.720,0.044
252,0.252000,744233.622700,-1191669.958152,-447436.335452,3.804408e-01,-1140.157909,589.380395,581.099214,15.039,6.845,0.194
253,0.253000,744233.622710,-1190253.150857,-446019.528147,3.824026e-01,-1140.157906,589.380400,581.099022,0.968,1.027,0.041
254,0.254000,744233.622721,-1188837.570719,-444603.947998,3.843628e-01,-1140.157904,589.380405,581.098829,9.428,40.122,0.132
255,0.255000,744233.622733,-1187423.235040,-443189.612307,3.863212e-01,-1140.157901,589.380410,581.098636,0.935,40.734,0.038
256,0.256000,744233.622745,-1186010.162949,-441776.540203,3.882778e-01,-1140.157899,589.380415,581.098444,1.328,0.972,0.057
257,0.257000,744233.622757,-1184598.374873,-440364.752116,3.902327e-01,-1140.157897,589.380420,581.098251,1.028,0.623,0.050
258,0.258000,744233.622769,-1183187.892326,-438954.269557,3.921858e-01,-1140.157894,589.380425,581.098058,1.213,5.327,0.043
259,0.259000,744233.622782,-1181778.736960,-437545.114178,3.941370e-01,-1140.157892,589.380430,581.097866,2.432,0.755,0.058
260,0.260000,744233.622796,-1180370.929737,-436137.306940,3.960864e-01,-1140.157889,589.380435,581.097673,3.698,1.160,0.057
261,0.261000,744233.622810,-1178964.490146,-434730.867336,3.980339e-01,-1140.157887,589.380440,581.097481,1.102,4.309,0.054
262,0.262000,744233.622824,-1177559.435592,-433325.812768,3.999794e-01,-1140.157884,589.380445,581.097289,0.959,1.714,0.041
263,0.263000,744233.622838,-1176155.781142,-431922.158304,4.019231e-01,-1140.157882,589.380450,581.097097,13.171,32.434,0.191
264,0.264000,744233.622852,-1174753.539687,-430519.916834,4.038647e-01,-1140.157880,589.380455,581.096905,1.400,0.930,0.050
265,0.265000,744233.622866,-1173352.722432,-429119.099565,4.058044e-01,-1140.157877,589.380460,581.096712,0.977,0.178,0.047
266,0.266000,744233.622880,-1171953.339448,-427719.716567,4.077421e-01,-1140.157875,589.380465,581.096520,1.034,2.330,0.052
267,0.267000,744233.622894,-1170555.400797,-426321.777902,4.096778e-01,-1140.157872,589.380470,581.096328,0.936,0.182,0.042
268,0.268000,744233.622909,-1169158.917081,-424925.294172,4.116115e-01,-1140.157870,589.380476,581.096136,1.891,0.202,0.104
269,0.269000,744233.622923,-1167763.900340,-423530.277418,4.135432e-01,-1140.157867,589.380481,581.095944,1.075,0.211,0.046
270,0.270000,744233.622937,-1166370.364245,-422136.741309,4.154728e-01,-1140.157865,589.380486,581.095751,1.036,0.287,0.066
271,0.271000,744233.622951,-1164978.324079,-420744.701128,4.174003e-01,-1140.157863,589.380491,581.095559,7.287,0.309,0.102
272,0.272000,744233.622965,-1163587.796208,-419354.173243,4.193258e-01,-1140.157860,589.380496,581.095367,2.863,13.890,0.113
273,0.273000,744233.622979,-1162198.797483,-417965.174504,4.212491e-01,-1140.157858,589.380501,581.095175,0.998,0.801,0.053
274,0.274000,744233.622993,-1160811.344153,-416577.721160,4.231703e-01,-1140.157855,589.380506,581.094983,1.858,2.553,0.136
275,0.275000,744233.623008,-1159425.451223,-415191.828214,4.250893e-01,-1140.157853,589.380511,581.094791,0.923,34.896,0.041
276,0.276000,744233.623024,-1158041.131724,-413807.508701,4.270062e-01,-1140.157850,589.380516,581.094599,1.674,0.536,0.132
277,0.277000,744233.623039,-1156658.396529,-412424.773490,4.289208e-01,-1140.157848,589.380521,581.094408,1.354,39.552,0.043
278,0.278000,744233.623054,-1155277.254343,-411043.631289,4.308333e-01,-1140.157845,589.380526,581.094216,0.973,2.460,0.044
279,0.279000,744233.623069,-1153897.712065,-409664.088996,4.327435e-01,-1140.157843,589.380531,581.094024,9.367,0.619,0.043
280,0.280000,744233.623084,-1152519.775418,-408286.152334,4.346515e-01,-1140.157841,589.380536,581.093832,1.478,0.590,0.048
281,0.281000,744233.623099,-1151143.449763,-406909.826663,4.365573e-01,-1140.157838,589.380541,581.093641,23.628,0.947,0.132
282,0.282000,744233.623116,-1149768.740758,-405535.117643,4.384608e-01,-1140.157835,589.380546,581.093449,1.152,0.185,0.119
283,0.283000,744233.623133,-1148395.655030,-404162.031897,4.403621e-01,-1140.157833,589.380551,581.093256,1.155,0.470,0.048
284,0.284000,744233.623150,-1147024.200733,-402790.577584,4.422612e-01,-1140.157830,589.380556,581.093064,1.036,2.138,0.047
285,0.285000,744233.623167,-1145654.387570,-401420.764403,4.441579e-01,-1140.157827,589.380561,581.092872,1.696,0.544,0.049
286,0.286000,744233.623184,-1144286.226710,-400052.603526,4.460524e-01,-1140.157825,589.380566,581.092680,3.903,18.119,0.045
287,0.287000,744233.623201,-1142919.730614,-398686.107413,4.479446e-01,-1140.157822,589.380572,581.092488,0.957,0.443,0.046
288,0.288000,744233.623218,-1141554.912546,-397321.289328,4.498344e-01,-1140.157820,589.380577,581.092295,2.275,14.921,0.143
289,0.289000,744233.623235,-1140191.785926,-395958.162691,4.517219e-01,-1140.157817,589.380582,581.092103,1.038,0.262,0.046
290,0.290000,744233.623252,-1138830.363889,-394596.740637,4.536071e-01,-1140.157814,589.380587,581.091911,1.066,0.217,0.048
291,0.291000,744233.623269,-1137470.658784,-393237.035516,4.554898e-01,-1140.157812,589.380592,581.091719,1.353,1.035,0.078
292,0.292000,744233.623286,-1136112.681588,-391879.058302,4.573702e-01,-1140.157809,589.380597,581.091527,0.964,0.934,0.040
293,0.293000,744233.623303,-1134756.441576,-390522.818273,4.592482e-01,-1140.157807,589.380602,581.091334,0.960,31.342,0.045
294,0.294000,744233.623320,-1133401.946088,-389168.322768,4.611237e-01,-1140.157804,589.380608,581.091142,22.846,1.946,0.044
295,0.295000,744233.623337,-1132049.200354,-387815.577017,4.629969e-01,-1140.157801,589.380613,581.090950,48.969,0.226,0.069
296,0.296000,744233.623354,-1130698.207357,-386464.584003,4.648676e-01,-1140.157799,589.380618,581.090758,31.558,3.739,0.040
297,0.297000,744233.623371,-1129348.967892,-385115.344521,4.667358e-01,-1140.157796,589.380623,581.090566,1.167,1.097,0.061
298,0.298000,744233.623388,-1128001.480615,-383767.857227,4.686017e-01,-1140.157793,589.380628,581.090373,1.037,0.211,0.119
299,0.299000,744233.623405,-1126655.742388,-382422.118983,4.704651e-01,-1140.157791,589.380633,581.090181,1.104,0.384,0.062
300,0.300000,744233.623422,-1125311.748588,-381078.125166,4.723261e-01,-1140.157788,589.380638,581.089989,1.097,1.933,0.052
301,0.301000,744233.623439,-1123969.493481,-379735.870042,4.741847e-01,-1140.157785,589.380644,581.089797,1.008,0.240,0.047
302,0.302000,744233.623456,-1122628.970836,-378395.347380,4.760409e-01,-1140.157783,589.380649,581.089605,1.194,0.240,0.055
303,0.303000,744233.623473,-1121290.174644,-377056.551171,4.778947e-01,-1140.157780,589.380654,581.089413,0.990,0.183,0.050
304,0.304000,744233.623490,-1119953.099483,-375719.475993,4.797462e-01,-1140.157778,589.380659,581.089221,0.941,0.176,0.044
305,0.305000,744233.623507,-1118617.741413,-374384.117906,4.815952e-01,-1140.157775,589.380664,581.089029,0.919,0.174,0.045
306,0.306000,744233.623524,-1117284.098457,-373050.474933,4.834419e-01,-1140.157772,589.380670,581.088837,1.926,0.443,0.047
307,0.307000,744233.623541,-1115952.170801,-371718.547260,4.852862e-01,-1140.157770,589.380675,581.088645,1.450,0.643,0.046
308,0.308000,744233.623559,-1114621.960671,-370388.337113,4.871281e-01,-1140.157767,589.380680,581.088454,0.950,0.806,0.042
309,0.309000,744233.623577,-1113293.472052,-369059.848474,4.889677e-01,-1140.157764,589.380685,581.088262,1.130,17.978,0.044
310,0.310000,744233.623596,-1111966.710460,-367733.086864,4.908048e-01,-1140.157762,589.380690,581.088071,2.386,0.842,0.057
311,0.311000,744233.623614,-1110641.682601,-366408.058987,4.926396e-01,-1140.157759,589.380696,581.087880,2.075,80.391,0.091
312,0.312000,744233.623633,-1109318.396097,-365084.772464,4.944719e-01,-1140.157756,589.380701,581.087689,2.652,1.050,0.051
313,0.313000,744233.623651,-1107996.859578,-363763.235927,4.963018e-01,-1140.157754,589.380706,581.087498,1.215,0.292,0.062
314,0.314000,744233.623670,-1106677.082704,-362443.459034,4.981293e-01,-1140.157751,589.380711,581.087307,0.952,0.182,0.051
315,0.315000,744233.623688,-1105359.076296,-361125.452608,4.999543e-01,-1140.157748,589.380716,581.087116,3.818,120.681,0.090
316,0.316000,744233.623708,-1104042.852325,-359809.228617,5.017769e-01,-1140.157746,589.380722,581.086925,1.025,2.822,0.063
317,0.317000,744233.623728,-1102728.424302,-358494.800574,5.035970e-01,-1140.157744,589.380727,581.086734,19.609,66.711,0.061
318,0.318000,744233.623748,-1101415.806849,-357182.183100,5.054145e-01,-1140.157742,589.380732,581.086543,1.281,16.597,0.095
319,0.319000,744233.623769,-1100105.015818,-355871.392049,5.072296e-01,-1140.157739,589.380737,581.086352,70.673,62.298,0.124
320,0.320000,744233.623789,-1098796.067898,-354562.444110,5.090420e-01,-1140.157737,589.380743,581.086161,1.568,8.679,0.194
321,0.321000,744233.623809,-1097488.980150,-353255.356341,5.108519e-01,-1140.157735,589.380748,581.085970,1.407,18.991,0.061
322,0.322000,744233.623830,-1096183.769418,-351950.145588,5.126593e-01,-1140.157733,589.380753,581.085779,7.142,47.371,0.061
323,0.323000,744233.623850,-1094880.452163,-350646.828313,5.144639e-01,-1140.157731,589.380758,581.085588,1.310,1.665,0.055
324,0.324000,744233.623870,-1093579.043826,-349345.419956,5.162660e-01,-1140.157728,589.380764,581.085397,0.989,16.471,0.049
325,0.325000,744233.623890,-1092279.558545,-348045.934655,5.180654e-01,-1140.157726,589.380769,581.085206,0.986,0.446,0.061
326,0.326000,744233.623911,-1090982.009062,-346748.385151,5.198621e-01,-1140.157724,589.380774,581.085015,1.961,0.838,0.062
327,0.327000,744233.623931,-1089686.406725,-345452.782794,5.216561e-01,-1140.157722,589.380779,581.084824,1.021,0.617,0.045
328,0.328000,744233.623951,-1088392.761504,-344159.137553,5.234474e-01,-1140.157720,589.380785,581.084633,2.782,5.801,0.096
329,0.329000,744233.623972,-1087101.082098,-342867.458127,5.252359e-01,-1140.157717,589.380790,581.084442,4.904,18.257,0.060
330,0.330000,744233.623992,-1085811.376342,-341577.752350,5.270218e-01,-1140.157715,589.380795,581.084251,1.225,0.232,0.045
331,0.331000,744233.624012,-1084523.651250,-340290.027238,5.288049e-01,-1140.157713,589.380801,581.084060,1.077,0.342,0.060
332,0.332000,744233.624033,-1083237.913323,-339004.289291,5.305852e-01,-1140.157711,589.380806,581.083869,1.266,0.511,0.052
333,0.333000,744233.624053,-1081954.168683,-337720.544630,5.323628e-01,-1140.157709,589.380811,581.083678,0.959,0.659,0.045
334,0.334000,744233.624073,-1080672.423330,-336438.799257,5.341376e-01,-1140.157706,589.380817,581.083488,1.146,0.647,0.051
335,0.335000,744233.624093,-1079392.683344,-335159.059250,5.359097e-01,-1140.157704,589.380822,581.083297,2.415,10.402,0.326
336,0.336000,744233.624114,-1078114.954775,-333881.330661,5.376789e-01,-1140.157702,589.380827,581.083106,2.215,9.050,0.049
337,0.337000,744233.624134,-1076839.243898,-332605.619764,5.394454e-01,-1140.157700,589.380833,581.082915,1.034,1.709,0.068
338,0.338000,744233.624154,-1075565.557160,-331331.933006,5.412090e-01,-1140.157698,589.380838,581.082724,1.048,0.388,0.051
339,0.339000,744233.624177,-1074293.901040,-330060.276863,5.429699e-01,-1140.157695,589.380843,581.082533,1.491,0.565,0.091
340,0.340000,744233.624204,-1073024.282128,-328790.657924,5.447279e-01,-1140.157693,589.380849,581.082341,1.185,0.248,0.053
341,0.341000,744233.624230,-1071756.706838,-327523.082608,5.464831e-01,-1140.157691,589.380854,581.082149,1.015,6.240,0.048
342,0.342000,744233.624256,-1070491.181374,-326257.557118,5.482354e-01,-1140.157689,589.380860,581.081958,1.334,0.533,0.061
343,0.343000,744233.624282,-1069227.711534,-324994.087251,5.499850e-01,-1140.157687,589.380865,581.081766,3.255,2.376,0.053
344,0.344000,744233.624308,-1067966.302627,-323732.678318,5.517316e-01,-1140.157685,589.380871,581.081574,4.896,2.035,0.122
345,0.345000,744233.624335,-1066706.959376,-322473.335041,5.534754e-01,-1140.157682,589.380876,581.081382,2.720,1.286,0.123
346,0.346000,744233.624361,-1065449.685706,-321216.061345,5.552163e-01,-1140.157680,589.380882,581.081191,31.045,14.555,0.055
347,0.347000,744233.624387,-1064194.484603,-319960.860216,5.569544e-01,-1140.157678,589.380887,581.080999,2.112,0.705,0.072
348,0.348000,744233.624413,-1062941.358238,-318707.733824,5.586896e-01,-1140.157676,589.380893,581.080807,1.393,0.214,0.044
349,0.349000,744233.624440,-1061690.307479,-317456.683039,5.604219e-01,-1140.157674,589.380898,581.080615,1.137,116.844,0.058
350,0.350000,744233.624466,-1060441.332244,-316207.707778,5.621513e-01,-1140.157671,589.380903,581.080423,1.442,0.420,0.067
351,0.351000,744233.624492,-1059194.431082,-314960.806590,5.638779e-01,-1140.157669,589.380909,581.080232,2.451,12.015,0.055
352,0.352000,744233.624518,-1057949.601312,-313715.976793,5.656016e-01,-1140.157667,589.380914,581.080040,0.978,0.190,0.039
353,0.353000,744233.624545,-1056706.838979,-312473.214435,5.673224e-01,-1140.157665,589.380920,581.079848,1.005,0.218,0.050
354,0.354000,744233.624571,-1055466.139142,-311232.514571,5.690404e-01,-1140.157663,589.380925,581.079656,0.967,0.213,0.049
355,0.355000,744233.624597,-1054227.495683,-309993.871086,5.707556e-01,-1140.157660,589.380931,581.079465,1.061,0.228,0.056
356,0.356000,744233.624623,-1052990.901908,-308757.277285,5.724679e-01,-1140.157658,589.380936,581.079273,0.964,0.224,0.050
357,0.357000,744233.624650,-1051756.350672,-307522.726023,5.741773e-01,-1140.157656,589.380942,581.079081,1.032,0.251,0.053
358,0.358000,744233.624676,-1050523.834702,-306290.210026,5.758840e-01,-1140.157654,589.380947,581.078889,1.782,1.365,0.048
359,0.359000,744233.624702,-1049293.347131,-305059.722429,5.775878e-01,-1140.157652,589.380953,581.078698,1.089,22.231,0.063
360,0.360000,744233.624728,-1048064.881721,-303831.256993,5.792888e-01,-1140.157650,589.380958,581.078506,1.289,0.304,0.052
361,0.361000,744233.624755,-1046838.433168,-302604.808413,5.809871e-01,-1140.157647,589.380964,581.078314,0.979,21.318,0.050
362,0.362000,744233.624781,-1045613.997192,-301380.372411,5.826826e-01,-1140.157645,589.380969,581.078122,5.239,11.419,0.049
363,0.363000,744233.624808,-1044391.570909,-300157.946101,5.843752e-01,-1140.157643,589.380975,581.077931,1.068,0.294,0.054
364,0.364000,744233.624836,-1043171.152549,-298937.527713,5.860651e-01,-1140.157641,589.380981,581.077739,1.025,3.856,0.047
365,0.365000,744233.624864,-1041952.741689,-297719.116825,5.877522e-01,-1140.157639,589.380986,581.077548,0.965,0.245,0.052
366,0.366000,744233.624892,-1040736.338919,-296502.714027,5.894366e-01,-1140.157637,589.380992,581.077357,1.178,1.074,0.053
367,0.367000,744233.624920,-1039521.945873,-295288.320953,5.911181e-01,-1140.157634,589.380997,581.077166,4.718,1.765,0.052
368,0.368000,744233.624948,-1038309.564740,-294075.939792,5.927969e-01,-1140.157632,589.381003,581.076974,0.960,0.189,0.045
369,0.369000,744233.624976,-1037099.198280,-292865.573304,5.944729e-01,-1140.157630,589.381008,581.076783,0.998,0.325,0.044
370,0.370000,744233.625004,-1035890.849382,-291657.224377,5.961461e-01,-1140.157628,589.381014,581.076592,1.055,14.094,0.060
371,0.371000,744233.625033,-1034684.520860,-290450.895827,5.978165e-01,-1140.157626,589.381020,581.076400,1.211,0.506,0.050
372,0.372000,744233.625061,-1033480.215086,-289246.590025,5.994840e-01,-1140.157624,589.381025,581.076209,1.261,1.949,0.052
373,0.373000,744233.625089,-1032277.933884,-288044.308795,6.011488e-01,-1140.157621,589.381031,581.076018,1.134,0.274,0.050
374,0.374000,744233.625117,-1031077.678229,-286844.053112,6.028108e-01,-1140.157619,589.381036,581.075827,6.223,0.218,0.049
375,0.375000,744233.625145,-1029879.448469,-285645.823324,6.044700e-01,-1140.157617,589.381042,581.075635,9.490,63.955,0.051
376,0.376000,744233.625173,-1028683.244028,-284449.618856,6.061263e-01,-1140.157615,589.381048,581.075444,0.957,0.885,0.044
377,0.377000,744233.625201,-1027489.063720,-283255.438519,6.077799e-01,-1140.157613,589.381053,581.075253,2.754,4.739,0.055
378,0.378000,744233.625229,-1026296.905749,-282063.280520,6.094307e-01,-1140.157611,589.381059,581.075061,1.030,4.708,0.046
379,0.379000,744233.625257,-1025106.767995,-280873.142738,6.110786e-01,-1140.157608,589.381064,581.074870,2.694,0.629,0.046
380,0.380000,744233.625285,-1023918.647968,-279685.022683,6.127238e-01,-1140.157606,589.381070,581.074679,38.502,5.193,0.043
381,0.381000,744233.625313,-1022732.543082,-278498.917769,6.143662e-01,-1140.157604,589.381076,581.074488,3.578,0.465,0.050
382,0.382000,744233.625341,-1021548.450607,-277314.825266,6.160058e-01,-1140.157602,589.381081,581.074296,35.096,32.724,0.041
383,0.383000,744233.625369,-1020366.367825,-276132.742456,6.176426e-01,-1140.157600,589.381087,581.074105,12.138,0.574,0.050
384,0.384000,744233.625397,-1019186.292278,-274952.666881,6.192767e-01,-1140.157598,589.381093,581.073914,4.673,8.894,0.046
385,0.385000,744233.625425,-1018008.221509,-273774.596083,6.209079e-01,-1140.157595,589.381098,581.073722,0.963,2.006,0.047
386,0.386000,744233.625453,-1016832.153114,-272598.527661,6.225364e-01,-1140.157593,589.381104,581.073531,1.396,0.281,0.044
387,0.387000,744233.625482,-1015658.084734,-271424.459252,6.241621e-01,-1140.157591,589.381110,581.073340,0.943,0.189,0.048
388,0.388000,744233.625510,-1014486.013953,-270252.388443,6.257851e-01,-1140.157589,589.381116,581.073149,31.353,2.580,0.046
389,0.389000,744233.625538,-1013315.938054,-269082.312516,6.274053e-01,-1140.157587,589.381121,581.072958,1.380,2.504,0.051
390,0.390000,744233.625567,-1012147.853829,-267914.228262,6.290227e-01,-1140.157585,589.381127,581.072767,1.335,2.173,0.048
391,0.391000,744233.625595,-1010981.757582,-266748.131988,6.306374e-01,-1140.157582,589.381133,581.072576,2.381,0.720,0.109
392,0.392000,744233.625623,-1009817.645050,-265584.019427,6.322493e-01,-1140.157580,589.381138,581.072385,1.813,0.699,0.104
393,0.393000,744233.625652,-1008655.511318,-264421.885666,6.338585e-01,-1140.157578,589.381144,581.072195,0.988,10.406,0.048
394,0.394000,744233.625681,-1007495.351066,-263261.725385,6.354649e-01,-1140.157576,589.381150,581.072004,0.948,0.343,0.378
395,0.395000,744233.625710,-1006337.158538,-262103.532829,6.370687e-01,-1140.157574,589.381155,581.071813,3.750,0.277,0.049
396,0.396000,744233.625738,-1005180.927901,-260947.302162,6.386697e-01,-1140.157572,589.381161,581.071622,1.925,0.200,0.059
397,0.397000,744233.625767,-1004026.653538,-259793.027771,6.402680e-01,-1140.157569,589.381167,581.071432,1.361,0.426,0.129
398,0.398000,744233.625797,-1002874.330236,-258640.704439,6.418636e-01,-1140.157567,589.381172,581.071241,1.151,0.277,0.097
399,0.399000,744233.625828,-1001723.953397,-257490.327569,6.434565e-01,-1140.157565,589.381178,581.071051,0.957,12.345,0.050
400,0.400000,744233.625861,-1000575.519272,-256341.893411,6.450467e-01,-1140.157563,589.381184,581.070860,0.969,0.247,0.044
401,0.401000,744233.625893,-999429.025115,-255195.399222,6.466343e-01,-1140.157561,589.381190,581.070669,1.276,23.226,0.048
402,0.402000,744233.625925,-998284.469175,-254050.843250,6.482191e-01,-1140.157559,589.381195,581.070478,0.972,0.238,0.048
403,0.403000,744233.625958,-997141.850759,-252908.224801,6.498013e-01,-1140.157556,589.381201,581.070288,1.260,0.245,0.123
404,0.404000,744233.625990,-996001.170219,-251767.544229,6.513808e-01,-1140.157554,589.381207,581.070097,2.045,9.064,0.105
405,0.405000,744233.626022,-994862.428690,-250628.802668,6.529576e-01,-1140.157552,589.381212,581.069906,2.082,26.614,0.050
406,0.406000,744233.626055,-993725.628142,-249492.002088,6.545317e-01,-1140.157550,589.381218,581.069715,21.002,4.827,0.084
407,0.407000,744233.626087,-992590.771036,-248357.144949,6.561031e-01,-1140.157548,589.381224,581.069525,0.994,13.099,0.051
408,0.408000,744233.626119,-991457.860289,-247224.234170,6.576719e-01,-1140.157546,589.381230,581.069334,2.221,0.276,0.059
409,0.409000,744233.626152,-990326.898902,-246093.272750,6.592379e-01,-1140.157543,589.381235,581.069143,0.972,17.888,0.061
410,0.410000,744233.626184,-989197.889656,-244964.263472,6.608012e-01,-1140.157541,589.381241,581.068952,12.071,0.318,0.059
411,0.411000,744233.626216,-988070.835052,-243837.208835,6.623618e-01,-1140.157539,589.381247,581.068762,0.976,0.230,0.054
412,0.412000,744233.626249,-986945.736841,-242712.110592,6.639197e-01,-1140.157537,589.381253,581.068571,0.936,16.111,0.037
413,0.413000,744233.626281,-985822.596096,-241588.969815,6.654749e-01,-1140.157535,589.381259,581.068380,0.955,0.188,0.055
414,0.414000,744233.626313,-984701.412980,-240467.786666,6.670274e-01,-1140.157532,589.381264,581.068190,1.123,0.570,0.046
415,0.415000,744233.626346,-983582.186736,-239348.560390,6.685772e-01,-1140.157530,589.381270,581.067999,0.920,0.457,0.060
416,0.416000,744233.626378,-982464.915652,-238231.289274,6.701243e-01,-1140.157528,589.381276,581.067808,12.971,3.634,0.046
417,0.417000,744233.626410,-981349.597267,-237115.970856,6.716686e-01,-1140.157526,589.381282,581.067617,0.978,0.201,0.050
418,0.418000,744233.626443,-980236.228567,-236002.602124,6.732103e-01,-1140.157524,589.381287,581.067427,1.052,0.219,0.062
419,0.419000,744233.626475,-979124.806149,-234891.179674,6.747493e-01,-1140.157521,589.381293,581.067236,0.972,0.188,0.048
420,0.420000,744233.626507,-978015.326533,-233781.700026,6.762856e-01,-1140.157519,589.381299,581.067045,0.947,0.183,0.050
421,0.421000,744233.626540,-976907.786585,-232674.160045,6.778191e-01,-1140.157517,589.381305,581.066855,0.942,0.220,0.049
422,0.422000,744233.626572,-975802.183552,-231568.556980,6.793501e-01,-1140.157515,589.381310,581.066664,2.312,70.598,0.083
423,0.423000,744233.626605,-974698.515409,-230464.888804,6.808783e-01,-1140.157512,589.381316,581.066474,1.328,0.215,0.044
424,0.424000,744233.626637,-973596.780891,-229363.154254,6.824039e-01,-1140.157510,589.381322,581.066283,0.976,1.266,0.049
425,0.425000,744233.626669,-972496.979536,-228263.352867,6.839267e-01,-1140.157508,589.381328,581.066093,0.923,0.248,0.051
426,0.426000,744233.626702,-971399.111393,-227165.484691,6.854469e-01,-1140.157506,589.381333,581.065902,1.051,0.295,0.058
427,0.427000,744233.626734,-970303.176777,-226069.550043,6.869645e-01,-1140.157504,589.381339,581.065712,0.998,0.301,0.045
428,0.428000,744233.626766,-969209.176065,-224975.549299,6.884793e-01,-1140.157501,589.381345,581.065521,1.088,0.244,0.059
429,0.429000,744233.626799,-968117.109394,-223883.482595,6.899915e-01,-1140.157499,589.381351,581.065331,0.907,0.167,0.040
430,0.430000,744233.626831,-967026.976318,-222793.349487,6.915010e-01,-1140.157497,589.381357,581.065140,1.066,6.638,0.047
431,0.431000,744233.626864,-965938.775725,-221705.148861,6.930078e-01,-1140.157495,589.381362,581.064950,0.915,0.379,0.053
432,0.432000,744233.626896,-964852.505744,-220618.878848,6.945119e-01,-1140.157493,589.381368,581.064759,1.279,0.415,0.058
433,0.433000,744233.626928,-963768.163733,-219534.536805,6.960134e-01,-1140.157490,589.381374,581.064569,0.919,0.206,0.045
434,0.434000,744233.626961,-962685.746378,-218452.119417,6.975122e-01,-1140.157488,589.381380,581.064378,0.941,0.391,0.044
435,0.435000,744233.626993,-961605.249871,-217371.622878,6.990084e-01,-1140.157486,589.381386,581.064188,0.941,0.201,0.042
436,0.436000,744233.627025,-960526.670151,-216293.043126,7.005019e-01,-1140.157484,589.381392,581.063997,1.020,0.188,0.043
437,0.437000,744233.627061,-959450.002902,-215216.375841,7.019927e-01,-1140.157481,589.381398,581.063806,0.927,1.566,0.045
438,0.438000,744233.627099,-958375.243912,-214141.616813,7.034809e-01,-1140.157479,589.381404,581.063615,1.076,0.991,0.053
439,0.439000,744233.627138,-957302.388975,-213068.761838,7.049665e-01,-1140.157477,589.381410,581.063423,0.968,0.197,0.049
440,0.440000,744233.627176,-956231.434007,-211997.806831,7.064494e-01,-1140.157475,589.381416,581.063232,1.073,0.440,0.053
441,0.441000,744233.627214,-955162.375183,-210928.747968,7.079297e-01,-1140.157473,589.381422,581.063041,1.120,0.256,0.138
442,0.442000,744233.627253,-954095.208929,-209861.581676,7.094074e-01,-1140.157470,589.381427,581.062849,3.632,0.963,0.047
443,0.443000,744233.627291,-953029.931987,-208796.304695,7.108825e-01,-1140.157468,589.381433,581.062658,1.059,1.151,0.049
444,0.444000,744233.627330,-951966.541377,-207732.914048,7.123550e-01,-1140.157466,589.381439,581.062467,1.042,0.205,0.046
445,0.445000,744233.627368,-950905.034659,-206671.407291,7.138248e-01,-1140.157464,589.381445,581.062275,1.207,0.247,0.037
446,0.446000,744233.627406,-949845.409898,-205611.782492,7.152921e-01,-1140.157461,589.381451,581.062084,0.958,0.181,0.049
447,0.447000,744233.627445,-948787.665734,-204554.038290,7.167567e-01,-1140.157459,589.381457,581.061893,1.101,0.224,0.067
448,0.448000,744233.627483,-947731.801460,-203498.173977,7.182188e-01,-1140.157457,589.381463,581.061702,0.988,0.260,0.050
449,0.449000,744233.627522,-946677.816917,-202444.189396,7.196782e-01,-1140.157455,589.381469,581.061510,0.977,0.466,0.041
450,0.450000,744233.627560,-945625.712495,-201392.084935,7.211350e-01,-1140.157453,589.381475,581.061319,2.109,1.258,0.050
451,0.451000,744233.627598,-944575.488843,-200341.861245,7.225893e-01,-1140.157450,589.381482,581.061128,1.153,0.220,0.070
452,0.452000,744233.627637,-943527.146871,-199293.519234,7.240409e-01,-1140.157448,589.381488,581.060937,0.938,0.192,0.047
453,0.453000,744233.627675,-942480.687454,-198247.059779,7.254899e-01,-1140.157446,589.381494,581.060745,0.947,0.200,0.042
454,0.454000,744233.627714,-941436.111482,-197202.483768,7.269363e-01,-1140.157444,589.381500,581.060554,0.972,0.170,0.045
455,0.455000,744233.627752,-940393.419656,-196159.791904,7.283801e-01,-1140.157441,589.381506,581.060363,1.066,0.227,0.037
456,0.456000,744233.627791,-939352.612539,-195118.984749,7.298213e-01,-1140.157439,589.381512,581.060172,3.610,0.929,0.266
457,0.457000,744233.627829,-938313.690547,-194080.062718,7.312599e-01,-1140.157437,589.381518,581.059980,1.480,0.916,0.065
458,0.458000,744233.627867,-937276.654029,-193043.026161,7.326959e-01,-1140.157435,589.381525,581.059789,1.672,0.498,0.051
459,0.459000,744233.627906,-936241.503313,-192007.875407,7.341292e-01,-1140.157432,589.381531,581.059598,0.931,0.332,0.068
460,0.460000,744233.627944,-935208.238804,-190974.610860,7.355600e-01,-1140.157430,589.381537,581.059407,0.950,11.977,0.051
461,0.461000,744233.627983,-934176.860810,-189943.232828,7.369881e-01,-1140.157428,589.381543,581.059215,0.965,0.527,0.054
462,0.462000,744233.628021,-933147.369619,-188913.741598,7.384136e-01,-1140.157426,589.381550,581.059024,1.029,0.278,0.051
463,0.463000,744233.628059,-932119.765299,-187886.137239,7.398365e-01,-1140.157423,589.381556,581.058833,0.920,0.369,0.041
464,0.464000,744233.628098,-931094.047740,-186860.419642,7.412568e-01,-1140.157421,589.381562,581.058642,0.949,0.198,0.050
465,0.465000,744233.628136,-930070.216380,-185836.588244,7.426745e-01,-1140.157419,589.381569,581.058450,1.202,0.817,0.046
466,0.466000,744233.628175,-929048.270040,-184814.641866,7.440896e-01,-1140.157417,589.381575,581.058259,1.045,0.216,0.041
467,0.467000,744233.628213,-928028.206983,-183794.578770,7.455021e-01,-1140.157415,589.381581,581.058068,0.986,3.390,0.041
468,0.468000,744233.628251,-927010.024583,-182776.396332,7.469119e-01,-1140.157412,589.381587,581.057877,0.980,0.183,0.046
469,0.469000,744233.628290,-925993.719411,-181760.091121,7.483192e-01,-1140.157410,589.381594,581.057685,1.179,0.257,0.057
470,0.470000,744233.628328,-924979.287132,-180745.658803,7.497239e-01,-1140.157408,589.381600,581.057494,0.979,0.193,0.055
471,0.471000,744233.628366,-923966.722470,-179733.094104,7.511259e-01,-1140.157406,589.381606,581.057303,0.949,0.183,0.048
472,0.472000,744233.628405,-922956.019185,-178722.390780,7.525255e-01,-1140.157403,589.381613,581.057112,0.984,0.181,0.039
473,0.473000,744233.628443,-921947.170180,-177713.541737,7.539224e-01,-1140.157401,589.381619,581.056920,0.907,0.379,0.048
474,0.474000,744233.628482,-920940.167411,-176706.538929,7.553168e-01,-1140.157399,589.381625,581.056729,1.134,0.183,0.048
475,0.475000,744233.628520,-919935.002023,-175701.373503,7.567086e-01,-1140.157397,589.381632,581.056538,1.050,0.217,0.041
476,0.476000,744233.628558,-918931.664460,-174698.035902,7.580979e-01,-1140.157394,589.381638,581.056347,1.102,0.326,0.048
477,0.477000,744233.628597,-917930.144396,-173696.515799,7.594847e-01,-1140.157392,589.381645,581.056156,1.215,0.523,0.049
478,0.478000,744233.628635,-916930.431147,-172696.802512,7.608690e-01,-1140.157390,589.381651,581.055964,0.957,0.502,0.037
479,0.479000,744233.628674,-915932.513684,-171698.885010,7.622508e-01,-1140.157388,589.381657,581.055773,0.945,0.178,0.044
480,0.480000,744233.628712,-914936.380881,-170702.752170,7.636301e-01,-1140.157385,589.381664,581.055582,1.098,0.220,0.039
481,0.481000,744233.628750,-913942.021809,-169708.393059,7.650070e-01,-1140.157383,589.381670,581.055391,0.935,0.189,0.053
482,0.482000,744233.628789,-912949.425926,-168715.797138,7.663815e-01,-1140.157381,589.381676,581.055200,0.938,0.169,0.044
483,0.483000,744233.628827,-911958.583324,-167724.954497,7.677535e-01,-1140.157378,589.381683,581.055009,1.022,0.211,0.046
484,0.484000,744233.628865,-910969.484973,-166735.856107,7.691231e-01,-1140.157376,589.381689,581.054818,1.096,0.450,0.042
485,0.485000,744233.628904,-909982.122960,-165748.494056,7.704902e-01,-1140.157374,589.381695,581.054627,0.971,0.190,0.047
486,0.486000,744233.628942,-908996.490422,-164762.861480,7.718550e-01,-1140.157372,589.381702,581.054435,1.064,0.210,0.047
487,0.487000,744233.628980,-908012.581613,-163778.952632,7.732174e-01,-1140.157369,589.381708,581.054244,1.035,0.747,0.041
488,0.488000,744233.629019,-907030.391888,-162796.762869,7.745775e-01,-1140.157367,589.381715,581.054053,1.069,0.214,0.043
489,0.489000,744233.629057,-906049.917358,-161816.288301,7.759351e-01,-1140.157365,589.381721,581.053862,1.055,8.418,0.051
490,0.490000,744233.629095,-905071.154802,-160837.525707,7.772904e-01,-1140.157362,589.381727,581.053671,1.053,0.214,0.050
491,0.491000,744233.629134,-904094.101367,-159860.472233,7.786433e-01,-1140.157360,589.381734,581.053480,1.389,0.480,0.051
492,0.492000,744233.629172,-903118.754313,-158885.125141,7.799939e-01,-1140.157358,589.381740,581.053289,0.934,0.524,0.103
493,0.493000,744233.629211,-902145.110876,-157911.481665,7.813420e-01,-1140.157355,589.381746,581.053099,0.994,0.413,0.049
494,0.494000,744233.629251,-901173.167992,-156939.538741,7.826879e-01,-1140.157353,589.381753,581.052908,1.037,8.083,0.044
495,0.495000,744233.629291,-900202.922241,-155969.292950,7.840314e-01,-1140.157351,589.381759,581.052718,0.935,0.763,0.047
496,0.496000,744233.629331,-899234.369912,-155000.740581,7.853725e-01,-1140.157349,589.381765,581.052527,0.921,0.368,0.060
497,0.497000,744233.629372,-898267.507001,-154033.877629,7.867113e-01,-1140.157346,589.381772,581.052337,1.026,0.354,0.053
498,0.498000,744233.629414,-897302.329158,-153068.699744,7.880478e-01,-1140.157344,589.381778,581.052147,1.020,0.732,0.042
499,0.499000,744233.629456,-896338.831870,-152105.202415,7.893819e-01,-1140.157342,589.381784,581.051957,0.973,0.194,0.047
500,0.500000,744233.629498,-895377.010574,-151143.381076,7.907137e-01,-1140.157339,589.381791,581.051767,0.947,0.414,0.046
501,0.501000,744233.629539,-894416.860511,-150183.230972,7.920433e-01,-1140.157337,589.381797,581.051577,0.947,0.179,0.044
502,0.502000,744233.629581,-893458.377310,-149224.747729,7.933705e-01,-1140.157335,589.381804,581.051387,1.089,1.060,0.064
503,0.503000,744233.629623,-892501.556567,-148267.926944,7.946953e-01,-1140.157332,589.381810,581.051197,1.038,0.215,0.037
504,0.504000,744233.629665,-891546.394271,-147312.764607,7.960179e-01,-1140.157330,589.381816,581.051007,0.996,0.376,0.042
505,0.505000,744233.629706,-890592.886711,-146359.257005,7.973383e-01,-1140.157328,589.381823,581.050817,0.944,0.223,0.047
506,0.506000,744233.629748,-889641.030608,-145407.400859,7.986563e-01,-1140.157326,589.381829,581.050627,1.220,0.210,0.059
507,0.507000,744233.629790,-888690.823071,-144457.193281,7.999720e-01,-1140.157323,589.381835,581.050437,0.953,5.052,0.044
508,0.508000,744233.629832,-887742.261645,-143508.631813,8.012855e-01,-1140.157321,589.381842,581.050247,0.927,0.168,0.043
509,0.509000,744233.629874,-886795.344207,-142561.714333,8.025967e-01,-1140.157319,589.381848,581.050057,0.924,0.200,0.046
510,0.510000,744233.629917,-885850.068981,-141616.439064,8.039056e-01,-1140.157316,589.381854,581.049867,0.930,0.554,0.045
511,0.511000,744233.629959,-884906.434369,-140672.804410,8.052122e-01,-1140.157314,589.381861,581.049678,0.927,0.175,0.047
512,0.512000,744233.630002,-883964.439157,-139730.809155,8.065166e-01,-1140.157312,589.381867,581.049488,5.823,10.242,0.306
513,0.513000,744233.630045,-883024.082302,-138790.452257,8.078187e-01,-1140.157309,589.381874,581.049299,1.767,0.840,0.049
514,0.514000,744233.630088,-882085.363249,-137851.733161,8.091185e-01,-1140.157307,589.381880,581.049109,0.973,4.955,0.049
515,0.515000,744233.630130,-881148.281853,-136914.651723,8.104161e-01,-1140.157305,589.381886,581.048920,0.999,0.238,0.051
516,0.516000,744233.630172,-880212.838749,-135979.208577,8.117114e-01,-1140.157302,589.381893,581.048731,1.132,0.473,0.051
517,0.517000,744233.630215,-879279.035315,-135045.405100,8.130044e-01,-1140.157300,589.381899,581.048542,0.971,0.398,0.046
518,0.518000,744233.630257,-878346.873794,-134113.243537,8.142952e-01,-1140.157298,589.381905,581.048352,0.967,1.261,0.048
519,0.519000,744233.630299,-877416.357206,-133182.726907,8.155836e-01,-1140.157295,589.381912,581.048163,0.924,0.617,0.043
520,0.520000,744233.630342,-876487.489243,-132253.858902,8.168698e-01,-1140.157293,589.381918,581.047974,1.009,0.227,0.056
521,0.521000,744233.630384,-875560.273939,-131326.643555,8.181537e-01,-1140.157291,589.381925,581.047785,0.926,0.177,0.042
522,0.522000,744233.630427,-874634.715401,-130401.084975,8.194353e-01,-1140.157289,589.381931,581.047595,1.243,8.901,0.053
523,0.523000,744233.630469,-873710.817588,-129477.187119,8.207146e-01,-1140.157286,589.381937,581.047406,1.035,0.211,0.044
524,0.524000,744233.630511,-872788.584045,-128554.953534,8.219916e-01,-1140.157284,589.381944,581.047217,1.022,0.179,0.053
525,0.525000,744233.630554,-871868.017764,-127634.387210,8.232663e-01,-1140.157282,589.381950,581.047028,0.929,0.443,0.040
526,0.526000,744233.630596,-870949.121087,-126715.490491,8.245387e-01,-1140.157279,589.381957,581.046839,1.074,0.367,0.049
527,0.527000,744233.630638,-870031.895721,-125798.265083,8.258088e-01,-1140.157277,589.381963,581.046650,0.963,0.187,0.033
528,0.528000,744233.630681,-869116.342640,-124882.711959,8.270765e-01,-1140.157275,589.381969,581.046461,1.970,3.437,0.151
529,0.529000,744233.630723,-868202.462200,-123968.831477,8.283420e-01,-1140.157272,589.381976,581.046272,0.959,20.115,0.048
530,0.530000,744233.630765,-867290.254074,-123056.623308,8.296051e-01,-1140.157270,589.381982,581.046083,1.285,0.233,0.039
531,0.531000,744233.630808,-866379.717423,-122146.086615,8.308659e-01,-1140.157268,589.381989,581.045894,0.942,0.184,0.043
532,0.532000,744233.630852,-865470.850768,-121237.219916,8.321244e-01,-1140.157265,589.381995,581.045705,1.008,0.216,0.053
533,0.533000,744233.630895,-864563.652230,-120330.021335,8.333806e-01,-1140.157263,589.382001,581.045516,1.059,0.251,0.054
534,0.534000,744233.630938,-863658.119348,-119424.488410,8.346345e-01,-1140.157261,589.382008,581.045328,1.006,0.654,0.049
535,0.535000,744233.630982,-862754.249369,-118520.618387,8.358861e-01,-1140.157258,589.382014,581.045139,0.981,0.832,0.050
536,0.536000,744233.631026,-861852.039084,-117618.408058,8.371353e-01,-1140.157256,589.382021,581.044951,0.998,0.234,0.047
537,0.537000,744233.631070,-860951.485052,-116717.853982,8.383823e-01,-1140.157254,589.382027,581.044763,0.954,0.183,0.045
538,0.538000,744233.631115,-860052.583710,-115818.952595,8.396270e-01,-1140.157252,589.382033,581.044575,0.966,0.386,0.052
539,0.539000,744233.631159,-859155.331353,-114921.700194,8.408694e-01,-1140.157249,589.382040,581.044387,1.287,1.013,0.050
540,0.540000,744233.631204,-858259.724306,-114026.093102,8.421096e-01,-1140.157247,589.382046,581.044199,0.965,0.183,0.041
541,0.541000,744233.631248,-857365.759049,-113132.127801,8.433474e-01,-1140.157244,589.382053,581.044011,0.949,0.197,0.037
542,0.542000,744233.631291,-856473.432277,-112239.800986,8.445830e-01,-1140.157242,589.382059,581.043823,1.041,3.770,0.053
543,0.543000,744233.631335,-855582.740767,-111349.109432,8.458164e-01,-1140.157239,589.382065,581.043635,0.991,0.189,0.059
544,0.544000,744233.631378,-854693.681523,-110460.050145,8.470474e-01,-1140.157236,589.382072,581.043447,1.378,0.235,0.064
545,0.545000,744233.631422,-853806.251708,-109572.620286,8.482762e-01,-1140.157233,589.382078,581.043259,1.063,0.210,0.043
546,0.546000,744233.631465,-852920.448635,-108686.817171,8.495028e-01,-1140.157230,589.382084,581.043071,1.237,0.387,0.052
547,0.547000,744233.631508,-852036.269645,-107802.638137,8.507271e-01,-1140.157228,589.382091,581.042883,1.072,0.210,0.043
548,0.548000,744233.631552,-851153.712079,-106920.080527,8.519492e-01,-1140.157225,589.382097,581.042695,1.098,0.764,0.042
549,0.549000,744233.631595,-850272.773190,-106039.141595,8.531690e-01,-1140.157222,589.382103,581.042507,1.015,0.186,0.061
550,0.550000,744233.631638,-849393.450094,-105159.818456,8.543866e-01,-1140.157219,589.382110,581.042319,0.931,0.747,0.040
551,0.551000,744233.631682,-848515.739735,-104282.108053,8.556019e-01,-1140.157216,589.382116,581.042131,1.196,0.204,0.059
552,0.552000,744233.631724,-847639.638786,-103406.007061,8.568151e-01,-1140.157214,589.382123,581.041943,0.952,0.181,0.048
553,0.553000,744233.631765,-846765.143554,-102531.511789,8.580260e-01,-1140.157211,589.382129,581.041756,0.942,0.764,0.046
554,0.554000,744233.631807,-845892.250131,-101658.618324,8.592346e-01,-1140.157208,589.382135,581.041568,0.963,0.181,0.100
555,0.555000,744233.631848,-845020.954168,-100787.322319,8.604411e-01,-1140.157205,589.382142,581.041381,2.756,1.387,0.113
556,0.556000,744233.631890,-844151.250998,-99917.619108,8.616454e-01,-1140.157202,589.382148,581.041193,1.052,5.763,0.048
557,0.557000,744233.631931,-843283.135624,-99049.503692,8.628475e-01,-1140.157200,589.382154,581.041006,1.217,0.203,0.058
558,0.558000,744233.631973,-842416.602837,-98182.970864,8.640473e-01,-1140.157197,589.382161,581.040819,12.658,0.237,0.046
559,0.559000,744233.632015,-841551.647123,-97318.015108,8.652450e-01,-1140.157194,589.382167,581.040631,0.932,0.885,0.048
560,0.560000,744233.632056,-840688.262773,-96454.630717,8.664405e-01,-1140.157191,589.382174,581.040444,0.996,0.197,0.043
561,0.561000,744233.632098,-839826.443998,-95592.811901,8.676339e-01,-1140.157188,589.382180,581.040257,0.973,6.966,0.045
562,0.562000,744233.632139,-838966.184936,-94732.552796,8.688251e-01,-1140.157186,589.382186,581.040070,0.927,1.456,0.041
563,0.563000,744233.632181,-838107.479802,-93873.847621,8.700141e-01,-1140.157183,589.382193,581.039883,0.986,0.286,0.043
564,0.564000,744233.632223,-837250.322830,-93016.690607,8.712010e-01,-1140.157180,589.382199,581.039695,1.006,0.194,0.052
565,0.565000,744233.632264,-836394.708501,-92161.076236,8.723858e-01,-1140.157177,589.382206,581.039508,2.718,6.453,0.051
566,0.566000,744233.632306,-835540.631311,-91306.999005,8.735684e-01,-1140.157174,589.382212,581.039321,1.001,0.199,0.045
567,0.567000,744233.632348,-834688.085961,-90454.453613,8.747489e-01,-1140.157172,589.382219,581.039134,2.052,0.469,0.137
568,0.568000,744233.632390,-833837.067371,-89603.434981,8.759273e-01,-1140.157169,589.382225,581.038947,0.952,0.173,0.046
569,0.569000,744233.632434,-832987.570546,-88753.938112,8.771036e-01,-1140.157166,589.382232,581.038759,1.178,0.218,0.060
570,0.570000,744233.632478,-832139.590558,-87905.958080,8.782778e-01,-1140.157163,589.382238,581.038571,0.971,0.178,0.045
571,0.571000,744233.632521,-831293.122579,-87059.490058,8.794499e-01,-1140.157160,589.382245,581.038384,1.041,0.200,0.051
572,0.572000,744233.632565,-830448.161728,-86214.529164,8.806199e-01,-1140.157158,589.382252,581.038196,1.165,1.585,0.048
573,0.573000,744233.632608,-829604.703130,-85371.070522,8.817878e-01,-1140.157155,589.382258,581.038008,1.001,29.918,0.040
574,0.574000,744233.632652,-828762.741867,-84529.109215,8.829537e-01,-1140.157152,589.382265,581.037821,0.971,0.237,0.046
575,0.575000,744233.632695,-827922.273006,-83688.640311,8.841174e-01,-1140.157149,589.382271,581.037633,1.011,0.274,0.045
576,0.576000,744233.632739,-827083.291579,-82849.658840,8.852792e-01,-1140.157146,589.382278,581.037446,1.045,2.544,0.041
577,0.577000,744233.632782,-826245.792730,-82012.159948,8.864388e-01,-1140.157144,589.382285,581.037258,0.940,0.192,0.048
578,0.578000,744233.632826,-825409.771661,-81176.138835,8.875965e-01,-1140.157141,589.382291,581.037070,1.021,0.211,0.052
579,0.579000,744233.632870,-824575.223745,-80341.590875,8.887521e-01,-1140.157138,589.382298,581.036883,1.167,0.206,0.051
580,0.580000,744233.632913,-823742.144475,-79508.511561,8.899056e-01,-1140.157135,589.382304,581.036695,0.934,0.989,0.050
581,0.581000,744233.632957,-822910.529607,-78676.896650,8.910571e-01,-1140.157132,589.382311,581.036508,0.970,0.228,0.049
582,0.582000,744233.633001,-822080.375204,-77846.742203,8.922066e-01,-1140.157130,589.382318,581.036320,1.062,0.207,0.043
583,0.583000,744233.633044,-821251.677498,-77018.044454,8.933541e-01,-1140.157127,589.382324,581.036133,0.937,8.800,0.046
584,0.584000,744233.633088,-820424.432891,-76190.799803,8.944996e-01,-1140.157124,589.382331,581.035946,0.932,0.175,0.043
585,0.585000,744233.633132,-819598.638066,-75365.004934,8.956431e-01,-1140.157121,589.382338,581.035758,1.177,0.203,0.061
586,0.586000,744233.633175,-818774.289930,-74540.656754,8.967845e-01,-1140.157118,589.382344,581.035571,1.073,54.198,0.057
587,0.587000,744233.633219,-817951.385437,-73717.752217,8.979240e-01,-1140.157116,589.382351,581.035383,0.968,0.182,0.046
588,0.588000,744233.633263,-817129.921760,-72896.288497,8.990615e-01,-1140.157113,589.382357,581.035196,0.967,0.171,0.040
589,0.589000,744233.633307,-816309.896145,-72076.262838,9.001969e-01,-1140.157110,589.382364,581.035009,1.118,0.176,0.048
590,0.590000,744233.633351,-815491.305834,-71257.672483,9.013304e-01,-1140.157107,589.382371,581.034822,0.951,0.182,0.044
591,0.591000,744233.633396,-814674.148146,-70440.514749,9.024619e-01,-1140.157105,589.382377,581.034635,1.654,0.902,0.050
592,0.592000,744233.633442,-813858.420440,-69624.786998,9.035915e-01,-1140.157102,589.382384,581.034448,2.068,0.269,0.046
593,0.593000,744233.633487,-813044.119932,-68810.486445,9.047190e-01,-1140.157099,589.382391,581.034261,1.123,5.691,0.055
594,0.594000,744233.633532,-812231.243790,-67997.610257,9.058446e-01,-1140.157096,589.382397,581.034074,1.951,0.908,0.041
595,0.595000,744233.633578,-811419.789084,-67186.155507,9.069682e-01,-1140.157093,589.382404,581.033887,0.971,0.192,0.048
596,0.596000,744233.633623,-810609.752679,-66376.119056,9.080899e-01,-1140.157090,589.382411,581.033700,2.902,1.412,0.055
597,0.597000,744233.633668,-809801.131375,-65567.497707,9.092095e-01,-1140.157087,589.382417,581.033514,0.994,0.218,0.049
598,0.598000,744233.633713,-808993.921824,-64760.288111,9.103273e-01,-1140.157084,589.382424,581.033327,1.027,1.371,0.045
599,0.599000,744233.633759,-808188.120470,-63954.486712,9.114431e-01,-1140.157082,589.382430,581.033140,1.971,6.078,1.263
600,0.600000,744233.633804,-807383.723702,-63150.089898,9.125569e-01,-1140.157079,589.382437,581.032953,1.806,0.719,0.055
601,0.601000,744233.633849,-806580.727806,-62347.093957,9.136688e-01,-1140.157076,589.382444,581.032766,1.099,0.225,0.043
602,0.602000,744233.633894,-805779.129031,-61545.495137,9.147788e-01,-1140.157073,589.382450,581.032580,0.940,32.832,0.040
603,0.603000,744233.633939,-804978.923545,-60745.289606,9.158868e-01,-1140.157070,589.382457,581.032393,1.030,0.210,0.046
604,0.604000,744233.633985,-804180.107448,-59946.473463,9.169929e-01,-1140.157067,589.382464,581.032206,1.214,0.185,0.055
605,0.605000,744233.634030,-803382.676795,-59149.042765,9.180971e-01,-1140.157064,589.382470,581.032020,1.024,0.214,0.036
606,0.606000,744233.634075,-802586.627618,-58352.993543,9.191994e-01,-1140.157061,589.382477,581.031833,0.949,0.762,0.045
607,0.607000,744233.634121,-801791.955787,-57558.321667,9.202997e-01,-1140.157058,589.382484,581.031646,1.182,0.224,0.042
608,0.608000,744233.634166,-800998.657274,-56765.023107,9.213982e-01,-1140.157055,589.382490,581.031460,1.072,0.207,0.051
609,0.609000,744233.634211,-800206.727849,-55973.093638,9.224948e-01,-1140.157053,589.382497,581.031273,1.179,0.270,0.045
610,0.610000,744233.634257,-799416.163393,-55182.529136,9.235895e-01,-1140.157050,589.382503,581.031087,0.973,0.191,0.049
611,0.611000,744233.634302,-798626.959797,-54393.325495,9.246823e-01,-1140.157047,589.382510,581.030900,1.021,19.164,0.045
612,0.612000,744233.634348,-797839.113141,-53605.478793,9.257732e-01,-1140.157044,589.382517,581.030714,1.053,0.169,0.062
613,0.613000,744233.634393,-797052.619666,-52818.985273,9.268622e-01,-1140.157042,589.382523,581.030527,5.158,0.524,0.039
614,0.614000,744233.634439,-796267.475961,-52033.841522,9.279494e-01,-1140.157039,589.382530,581.030341,1.124,0.224,0.050
615,0.615000,744233.634484,-795483.678852,-51250.044368,9.290347e-01,-1140.157037,589.382537,581.030154,1.396,0.269,0.051
616,0.616000,744233.634530,-794701.225648,-50467.591118,9.301182e-01,-1140.157034,589.382543,581.029968,1.401,1.277,0.051
617,0.617000,744233.634575,-793920.113967,-49686.479392,9.311998e-01,-1140.157031,589.382550,581.029781,1.181,0.306,0.060
618,0.618000,744233.634621,-793140.341765,-48906.707144,9.322795e-01,-1140.157029,589.382557,581.029595,0.974,0.192,0.050
619,0.619000,744233.634666,-792361.907270,-48128.272604,9.333574e-01,-1140.157026,589.382563,581.029408,0.917,6.855,0.044
620,0.620000,744233.634712,-791584.808970,-47351.174257,9.344335e-01,-1140.157023,589.382570,581.029222,0.958,0.589,0.044
621,0.621000,744233.634759,-790809.045391,-46575.410632,9.355076e-01,-1140.157021,589.382577,581.029036,1.048,9.695,0.049
622,0.622000,744233.634807,-790034.615008,-45800.980200,9.365800e-01,-1140.157018,589.382583,581.028850,21.249,7.118,0.069
623,0.623000,744233.634856,-789261.516168,-45027.881312,9.376505e-01,-1140.157016,589.382590,581.028665,3.096,0.777,0.048
624,0.624000,744233.634905,-788489.746971,-44256.112066,9.387191e-01,-1140.157013,589.382596,581.028480,0.979,0.190,0.058
625,0.625000,744233.634954,-787719.305200,-43485.670246,9.397860e-01,-1140.157010,589.382603,581.028294,0.980,0.193,0.048
626,0.626000,744233.635003,-786950.188231,-42716.553228,9.408509e-01,-1140.157008,589.382610,581.028109,1.453,0.381,0.045
627,0.627000,744233.635052,-786182.393125,-41948.758074,9.419141e-01,-1140.157005,589.382616,581.027923,1.841,0.552,0.049
628,0.628000,744233.635100,-785415.916601,-41182.281501,9.429754e-01,-1140.157003,589.382623,581.027738,1.120,0.599,0.054
629,0.629000,744233.635149,-784650.755132,-40417.119983,9.440349e-01,-1140.157000,589.382630,581.027553,1.149,0.255,0.052
630,0.630000,744233.635198,-783886.905044,-39653.269846,9.450926e-01,-1140.156997,589.382637,581.027367,0.969,0.312,0.051
631,0.631000,744233.635248,-783124.362794,-38890.727546,9.461485e-01,-1140.156995,589.382643,581.027182,0.954,0.229,0.047
632,0.632000,744233.635299,-782363.124899,-38129.489600,9.472026e-01,-1140.156992,589.382650,581.026996,1.075,0.219,0.050
633,0.633000,744233.635349,-781603.188183,-37369.552833,9.482549e-01,-1140.156989,589.382657,581.026810,1.440,0.436,0.051
634,0.634000,744233.635400,-780844.549884,-36610.914485,9.493053e-01,-1140.156987,589.382664,581.026624,0.994,0.200,0.052
635,0.635000,744233.635450,-780087.207710,-35853.572259,9.503540e-01,-1140.156984,589.382671,581.026438,2.394,0.701,0.118
636,0.636000,744233.635501,-779331.159766,-35097.524265,9.514009e-01,-1140.156982,589.382678,581.026252,1.041,0.254,0.046
637,0.637000,744233.635551,-778576.404654,-34342.769103,9.524460e-01,-1140.156979,589.382685,581.026066,0.956,0.381,0.047
638,0.638000,744233.635602,-777822.941282,-33589.305679,9.534893e-01,-1140.156976,589.382691,581.025881,0.946,0.187,0.047
639,0.639000,744233.635653,-777070.768900,-32837.133248,9.545309e-01,-1140.156974,589.382698,581.025695,37.946,0.343,0.168
640,0.640000,744233.635703,-776319.886920,-32086.251217,9.555706e-01,-1140.156971,589.382705,581.025509,0.970,1.186,0.044
641,0.641000,744233.635754,-775570.294938,-31336.659184,9.566085e-01,-1140.156968,589.382712,581.025323,0.943,0.178,0.040
642,0.642000,744233.635804,-774821.992530,-30588.356726,9.576447e-01,-1140.156966,589.382719,581.025137,0.994,0.187,0.048
643,0.643000,744233.635855,-774074.979242,-29841.343387,9.586791e-01,-1140.156963,589.382726,581.024952,8.595,1.581,0.053
644,0.644000,744233.635906,-773329.254608,-29095.618702,9.597117e-01,-1140.156961,589.382733,581.024766,0.952,0.180,0.041
645,0.645000,744233.635956,-772584.817940,-28351.181984,9.607425e-01,-1140.156958,589.382740,581.024580,0.972,0.183,0.040
646,0.646000,744233.636007,-771841.668354,-27608.032347,9.617715e-01,-1140.156955,589.382747,581.024394,0.974,0.213,0.044
647,0.647000,744233.636057,-771099.804794,-26866.168737,9.627988e-01,-1140.156952,589.382754,581.024209,0.991,0.186,0.044
648,0.648000,744233.636108,-770359.225960,-26125.589853,9.638242e-01,-1140.156950,589.382761,581.024023,1.189,0.950,0.051
649,0.649000,744233.636158,-769619.930207,-25386.294049,9.648479e-01,-1140.156947,589.382767,581.023837,0.966,0.644,0.046
650,0.650000,744233.636209,-768881.915666,-24648.279457,9.658699e-01,-1140.156944,589.382774,581.023651,1.138,1.171,0.046
651,0.651000,744233.636260,-768145.180118,-23911.543858,9.668900e-01,-1140.156942,589.382781,581.023466,1.003,1.734,0.051
652,0.652000,744233.636312,-767409.721066,-23176.084754,9.679084e-01,-1140.156939,589.382788,581.023279,0.993,0.183,0.049
653,0.653000,744233.636364,-766675.535668,-22441.899304,9.689250e-01,-1140.156936,589.382795,581.023093,1.015,0.191,0.044
654,0.654000,744233.636416,-765942.620816,-21708.984400,9.699399e-01,-1140.156934,589.382802,581.022907,1.103,0.439,0.061
655,0.655000,744233.636467,-765210.973073,-20977.336605,9.709530e-01,-1140.156931,589.382809,581.022721,0.999,0.190,0.049
656,0.656000,744233.636519,-764480.588725,-20246.952206,9.719643e-01,-1140.156928,589.382816,581.022535,0.987,9.060,0.046
657,0.657000,744233.636571,-763751.463833,-19517.827262,9.729739e-01,-1140.156926,589.382823,581.022349,0.974,0.185,0.047
658,0.658000,744233.636623,-763023.594235,-18789.957612,9.739818e-01,-1140.156923,589.382829,581.022163,0.993,0.742,0.044
659,0.659000,744233.636675,-762296.975594,-18063.338920,9.749879e-01,-1140.156920,589.382836,581.021976,1.060,2.180,0.036
660,0.660000,744233.636726,-761571.603521,-17337.966795,9.759923e-01,-1140.156918,589.382843,581.021790,0.999,0.194,0.043
661,0.661000,744233.636778,-760847.473610,-16613.836832,9.769950e-01,-1140.156915,589.382850,581.021604,0.995,0.202,0.038
662,0.662000,744233.636830,-760124.581535,-15890.944705,9.779960e-01,-1140.156912,589.382857,581.021418,1.076,0.220,0.048
663,0.663000,744233.636882,-759402.923161,-15169.286280,9.789953e-01,-1140.156910,589.382864,581.021232,0.982,0.410,0.042
664,0.664000,744233.636933,-758682.494564,-14448.857630,9.799929e-01,-1140.156907,589.382871,581.021046,1.127,0.551,0.211
665,0.665000,744233.636985,-757963.292190,-13729.655205,9.809887e-01,-1140.156904,589.382878,581.020860,0.977,25.941,0.043
666,0.666000,744233.637037,-757245.312798,-13011.675761,9.819829e-01,-1140.156901,589.382885,581.020675,0.943,0.191,0.038
667,0.667000,744233.637089,-756528.553492,-12294.916403,9.829754e-01,-1140.156899,589.382891,581.020489,0.980,0.197,0.036
668,0.668000,744233.637141,-755813.011611,-11579.374470,9.839662e-01,-1140.156896,589.382898,581.020303,0.983,0.181,0.045
669,0.669000,744233.637193,-755098.684894,-10865.047702,9.849553e-01,-1140.156893,589.382905,581.020117,0.944,0.175,0.046
670,0.670000,744233.637244,-754385.571275,-10151.934030,9.859428e-01,-1140.156891,589.382912,581.019931,1.070,1.985,0.050
671,0.671000,744233.637296,-753673.668861,-9440.031565,9.869285e-01,-1140.156888,589.382919,581.019745,0.964,6.298,0.050
672,0.672000,744233.637348,-752962.975898,-8729.338550,9.879126e-01,-1140.156885,589.382926,581.019559,1.100,0.219,0.042
673,0.673000,744233.637400,-752253.490781,-8019.853381,9.888950e-01,-1140.156883,589.382933,581.019373,4.746,0.538,0.054
674,0.674000,744233.637452,-751545.211886,-7311.574434,9.898758e-01,-1140.156880,589.382940,581.019187,1.271,22.101,0.068
675,0.675000,744233.637504,-750838.137721,-6604.500218,9.908548e-01,-1140.156877,589.382947,581.019001,0.940,0.178,0.052
676,0.676000,744233.637555,-750132.266621,-5898.629066,9.918322e-01,-1140.156875,589.382954,581.018815,0.975,0.176,0.045
677,0.677000,744233.637607,-749427.597034,-5193.959427,9.928080e-01,-1140.156872,589.382960,581.018629,1.052,0.199,0.037
678,0.678000,744233.637659,-748724.127145,-4490.489486,9.937821e-01,-1140.156869,589.382967,581.018443,3.251,0.684,0.134
679,0.679000,744233.637711,-748021.855114,-3788.217403,9.947545e-01,-1140.156867,589.382974,581.018258,0.970,0.502,0.046
680,0.680000,744233.637763,-747320.778953,-3087.141190,9.957253e-01,-1140.156864,589.382981,581.018072,0.958,0.448,0.048
681,0.681000,744233.637815,-746620.896601,-2387.258787,9.966944e-01,-1140.156861,589.382988,581.017886,1.094,0.227,0.046
682,0.682000,744233.637866,-745922.205885,-1688.568019,9.976619e-01,-1140.156858,589.382995,581.017700,1.000,1.487,0.056
683,0.683000,744233.637918,-745224.704518,-991.066600,9.986277e-01,-1140.156856,589.383002,581.017514,1.049,12.226,0.110
684,0.684000,744233.637970,-744528.390197,-294.752226,9.995919e-01,-1140.156853,589.383009,581.017328,1.065,0.249,0.111
685,0.685000,744233.638022,-743833.260579,400.377443,1.000554e+00,-1140.156850,589.383016,581.017143,1.094,0.213,0.053
686,0.686000,744233.638074,-743139.313316,1094.324757,1.001515e+00,-1140.156848,589.383023,581.016957,0.990,0.189,0.041
687,0.687000,744233.638126,-742446.546134,1787.091991,1.002475e+00,-1140.156845,589.383030,581.016771,1.193,0.195,0.061
688,0.688000,744233.638177,-741754.956727,2478.681450,1.003432e+00,-1140.156842,589.383037,581.016585,1.038,21.956,0.050
689,0.689000,744233.638229,-741064.542991,3169.095238,1.004388e+00,-1140.156840,589.383044,581.016400,0.999,0.204,0.089
690,0.690000,744233.638281,-740375.302745,3858.335536,1.005343e+00,-1140.156837,589.383051,581.016214,0.974,30.938,0.054
691,0.691000,744233.638333,-739687.234074,4546.404260,1.006295e+00,-1140.156834,589.383058,581.016028,1.019,20.877,0.047
692,0.692000,744233.638385,-739000.335060,5233.303325,1.007246e+00,-1140.156832,589.383065,581.015842,1.064,0.229,0.052
693,0.693000,744233.638437,-738314.603885,5919.034552,1.008196e+00,-1140.156829,589.383072,581.015657,1.281,0.249,0.061
694,0.694000,744233.638489,-737630.038778,6603.599711,1.009144e+00,-1140.156826,589.383079,581.015471,1.016,0.231,0.053
695,0.695000,744233.638541,-736946.638034,7287.000506,1.010090e+00,-1140.156823,589.383086,581.015285,1.205,0.512,0.035
696,0.696000,744233.638593,-736264.399899,7969.238694,1.011035e+00,-1140.156821,589.383093,581.015100,1.012,0.234,0.052
697,0.697000,744233.638645,-735583.322633,8650.316011,1.011978e+00,-1140.156818,589.383100,581.014914,1.168,0.185,0.054
698,0.698000,744233.638697,-734903.404436,9330.234261,1.012919e+00,-1140.156815,589.383107,581.014728,1.081,0.210,0.054
699,0.699000,744233.638749,-734224.643408,10008.995341,1.013859e+00,-1140.156813,589.383114,581.014543,0.950,0.344,0.041
700,0.700000,744233.638800,-733547.037540,10686.601260,1.014798e+00,-1140.156810,589.383122,581.014357,1.843,8.449,0.047
701,0.701000,744233.638852,-732870.584716,11363.054137,1.015734e+00,-1140.156808,589.383129,581.014171,1.209,0.270,0.037
702,0.702000,744233.638904,-732195.282457,12038.356447,1.016669e+00,-1140.156805,589.383136,581.013986,0.990,12.881,0.050
703,0.703000,744233.638956,-731521.128269,12712.510687,1.017603e+00,-1140.156802,589.383143,581.013800,1.066,0.739,0.054
704,0.704000,744233.639008,-730848.119398,13385.519610,1.018535e+00,-1140.156800,589.383150,581.013614,1.105,0.219,0.036
705,0.705000,744233.639060,-730176.252899,14057.386161,1.019465e+00,-1140.156797,589.383157,581.013429,1.009,0.188,0.041
706,0.706000,744233.639112,-729505.525617,14728.113495,1.020394e+00,-1140.156794,589.383164,581.013243,1.095,3.083,0.050
707,0.707000,744233.639164,-728835.934253,15397.704911,1.021321e+00,-1140.156792,589.383172,581.013058,1.035,5.815,0.042
708,0.708000,744233.639216,-728167.475239,16066.163977,1.022247e+00,-1140.156789,589.383179,581.012872,0.960,0.507,0.045
709,0.709000,744233.639268,-727500.144926,16733.494342,1.023171e+00,-1140.156786,589.383186,581.012687,4.663,2.064,0.121
710,0.710000,744233.639320,-726833.939563,17399.699757,1.024093e+00,-1140.156784,589.383193,581.012502,1.050,0.211,0.046
711,0.711000,744233.639372,-726168.855299,18064.784073,1.025014e+00,-1140.156781,589.383200,581.012316,0.999,0.291,0.042
712,0.712000,744233.639423,-725504.888342,18728.751081,1.025933e+00,-1140.156779,589.383207,581.012131,1.192,4.690,0.050
713,0.713000,744233.639475,-724842.034786,19391.604689,1.026851e+00,-1140.156776,589.383215,581.011945,0.968,0.192,0.048
714,0.714000,744233.639527,-724180.290842,20053.348686,1.027768e+00,-1140.156773,589.383222,581.011760,1.298,0.778,0.054
715,0.715000,744233.639579,-723519.652725,20713.986854,1.028682e+00,-1140.156771,589.383229,581.011574,2.621,5.783,0.126
716,0.716000,744233.639631,-722860.116746,21373.522885,1.029596e+00,-1140.156768,589.383236,581.011389,1.014,10.282,0.046
717,0.717000,744233.639683,-722201.679308,22031.960375,1.030507e+00,-1140.156765,589.383243,581.011203,0.957,24.071,0.044
718,0.718000,744233.639735,-721544.336896,22689.302838,1.031418e+00,-1140.156763,589.383251,581.011018,1.207,6.767,0.049
719,0.719000,744233.639787,-720888.086180,23345.553607,1.032326e+00,-1140.156760,589.383258,581.010833,1.025,0.230,0.056
720,0.720000,744233.639839,-720232.923826,24000.716013,1.033233e+00,-1140.156757,589.383265,581.010647,0.986,0.208,0.063
721,0.721000,744233.639891,-719578.846626,24654.793265,1.034139e+00,-1140.156755,589.383272,581.010462,1.178,0.239,1.022
722,0.722000,744233.639943,-718925.851498,25307.788444,1.035043e+00,-1140.156752,589.383280,581.010276,1.134,0.238,0.053
723,0.723000,744233.639996,-718273.935379,25959.704617,1.035946e+00,-1140.156749,589.383287,581.010091,1.098,0.302,0.050
724,0.724000,744233.640049,-717623.095372,26610.544676,1.036847e+00,-1140.156746,589.383294,581.009907,1.176,0.485,0.053
725,0.725000,744233.640099,-716973.328587,27260.311512,1.037747e+00,-1140.156743,589.383301,581.009722,1.106,0.225,0.052
726,0.726000,744233.640150,-716324.632321,27909.007828,1.038645e+00,-1140.156739,589.383309,581.009538,0.969,0.186,0.046
727,0.727000,744233.640200,-715677.003932,28556.636268,1.039542e+00,-1140.156735,589.383316,581.009353,1.010,0.185,0.045
728,0.728000,744233.640251,-715030.440817,29203.199434,1.040437e+00,-1140.156732,589.383323,581.009169,1.012,0.176,0.050
729,0.729000,744233.640302,-714384.940505,29848.699796,1.041331e+00,-1140.156728,589.383330,581.008985,0.958,0.174,0.043
730,0.730000,744233.640352,-713740.500586,30493.139766,1.042223e+00,-1140.156724,589.383338,581.008800,0.978,0.190,0.050
731,0.731000,744233.640403,-713097.118739,31136.521664,1.043114e+00,-1140.156721,589.383345,581.008616,0.946,0.197,0.046
732,0.732000,744233.640453,-712454.792667,31778.847787,1.044004e+00,-1140.156717,589.383352,581.008431,0.949,0.201,0.052
733,0.733000,744233.640504,-711813.520174,32420.120330,1.044892e+00,-1140.156714,589.383359,581.008247,0.980,2.450,0.053
734,0.734000,744233.640555,-711173.299091,33060.341463,1.045778e+00,-1140.156710,589.383367,581.008062,1.177,0.221,0.063
735,0.735000,744233.640605,-710534.127259,33699.513347,1.046663e+00,-1140.156706,589.383374,581.007878,1.035,0.200,0.058
736,0.736000,744233.640656,-709896.002478,34337.638178,1.047547e+00,-1140.156703,589.383381,581.007693,0.963,0.638,0.049
737,0.737000,744233.640706,-709258.922605,34974.718101,1.048429e+00,-1140.156699,589.383389,581.007509,1.021,0.206,0.056
738,0.738000,744233.640757,-708622.885400,35610.755356,1.049310e+00,-1140.156695,589.383396,581.007324,0.960,12.292,0.049
739,0.739000,744233.640807,-707987.888546,36245.752261,1.050189e+00,-1140.156692,589.383403,581.007140,0.958,0.815,0.046
740,0.740000,744233.640858,-707353.929689,36879.711168,1.051067e+00,-1140.156688,589.383411,581.006956,0.959,1.159,0.050
741,0.741000,744233.640908,-706721.006387,37512.634521,1.051943e+00,-1140.156685,589.383418,581.006771,1.060,0.221,0.045
742,0.742000,744233.640958,-706089.116146,38144.524813,1.052818e+00,-1140.156681,589.383426,581.006587,1.116,0.249,0.057
743,0.743000,744233.641009,-705458.256311,38775.384698,1.053692e+00,-1140.156678,589.383433,581.006402,0.927,7.615,0.039
744,0.744000,744233.641059,-704828.424222,39405.216838,1.054564e+00,-1140.156674,589.383440,581.006218,1.123,0.223,0.043
745,0.745000,744233.641110,-704199.617048,40034.024061,1.055435e+00,-1140.156671,589.383448,581.006034,1.047,0.201,0.045
746,0.746000,744233.641160,-703571.831922,40661.809238,1.056304e+00,-1140.156667,589.383455,581.005849,1.179,0.197,0.049
747,0.747000,744233.641210,-702945.065855,41288.575355,1.057172e+00,-1140.156664,589.383462,581.005665,0.973,3.311,0.057
748,0.748000,744233.641261,-702319.315875,41914.325386,1.058038e+00,-1140.156660,589.383470,581.005481,1.288,4.598,0.054
749,0.749000,744233.641312,-701694.578858,42539.062455,1.058903e+00,-1140.156657,589.383477,581.005296,2.599,0.976,0.045
750,0.750000,744233.641364,-701070.851728,43162.789636,1.059767e+00,-1140.156653,589.383484,581.005111,0.948,0.235,0.051
751,0.751000,744233.641417,-700448.131360,43785.510056,1.060629e+00,-1140.156650,589.383492,581.004926,1.183,0.254,0.040
752,0.752000,744233.641470,-699826.414610,44407.226860,1.061490e+00,-1140.156646,589.383499,581.004741,0.952,0.305,0.047
753,0.753000,744233.641523,-699205.698442,45027.943081,1.062350e+00,-1140.156643,589.383506,581.004555,1.118,2.155,0.057
754,0.754000,744233.641576,-698585.979841,45647.661735,1.063208e+00,-1140.156639,589.383514,581.004370,0.960,0.538,0.044
755,0.755000,744233.641630,-697967.255814,46266.385815,1.064064e+00,-1140.156636,589.383521,581.004185,0.939,0.179,0.045
756,0.756000,744233.641683,-697349.523420,46884.118263,1.064920e+00,-1140.156632,589.383529,581.003999,0.962,0.960,0.046
757,0.757000,744233.641736,-696732.779711,47500.862025,1.065774e+00,-1140.156629,589.383536,581.003814,1.051,0.215,0.049
758,0.758000,744233.641789,-696117.021805,48116.619985,1.066626e+00,-1140.156625,589.383543,581.003629,0.974,6.033,0.053
759,0.759000,744233.641843,-695502.246943,48731.394900,1.067478e+00,-1140.156622,589.383551,581.003444,1.148,0.396,0.061
760,0.760000,744233.641896,-694888.452364,49345.189532,1.068328e+00,-1140.156618,589.383558,581.003258,1.056,1.588,0.050
761,0.761000,744233.641949,-694275.635355,49958.006594,1.069176e+00,-1140.156615,589.383566,581.003073,0.940,2.216,0.040
762,0.762000,744233.642002,-693663.793334,50569.848668,1.070023e+00,-1140.156611,589.383573,581.002888,1.139,20.690,0.043
763,0.763000,744233.642056,-693052.923917,51180.718139,1.070869e+00,-1140.156608,589.383580,581.002703,1.100,0.214,0.048
764,0.764000,744233.642109,-692443.024790,51790.617319,1.071714e+00,-1140.156604,589.383588,581.002517,1.006,0.188,0.049
765,0.765000,744233.642162,-691834.093925,52399.548237,1.072557e+00,-1140.156601,589.383595,581.002332,1.199,17.384,0.065
766,0.766000,744233.642216,-691226.129443,53007.512773,1.073399e+00,-1140.156597,589.383602,581.002147,1.071,0.850,0.051
767,0.767000,744233.642269,-690619.129759,53614.512510,1.074239e+00,-1140.156594,589.383610,581.001962,1.703,2.368,0.061
768,0.768000,744233.642323,-690013.093408,54220.548914,1.075078e+00,-1140.156590,589.383617,581.001777,0.951,0.188,0.042
769,0.769000,744233.642376,-689408.019108,54825.623268,1.075916e+00,-1140.156587,589.383625,581.001593,1.049,0.217,0.044
770,0.770000,744233.642430,-688803.905736,55429.736694,1.076753e+00,-1140.156583,589.383632,581.001408,1.035,4.173,0.040
771,0.771000,744233.642483,-688200.752267,56032.890216,1.077588e+00,-1140.156580,589.383639,581.001223,1.140,0.189,0.046
772,0.772000,744233.642537,-687598.557795,56635.084742,1.078422e+00,-1140.156576,589.383647,581.001038,1.144,0.767,0.054
773,0.773000,744233.642590,-686997.321419,57236.321171,1.079254e+00,-1140.156572,589.383654,581.000853,1.092,0.185,0.109
774,0.774000,744233.642644,-686397.042270,57836.600373,1.080086e+00,-1140.156569,589.383662,581.000668,0.944,0.180,0.042
775,0.775000,744233.642697,-685797.719497,58435.923201,1.080915e+00,-1140.156565,589.383669,581.000484,1.037,2.282,0.039
776,0.776000,744233.642750,-685199.352264,59034.290487,1.081744e+00,-1140.156562,589.383676,581.000299,0.989,2.587,0.050
777,0.777000,744233.642804,-684601.939681,59631.703123,1.082571e+00,-1140.156558,589.383684,581.000115,0.990,2.559,0.045
778,0.778000,744233.642858,-684005.480903,60228.161955,1.083397e+00,-1140.156555,589.383691,580.999930,1.134,0.191,0.065
779,0.779000,744233.642911,-683409.975027,60823.667884,1.084222e+00,-1140.156551,589.383699,580.999746,1.000,1.840,0.047
780,0.780000,744233.642965,-682815.421218,61418.221747,1.085045e+00,-1140.156547,589.383706,580.999561,0.964,0.279,0.050
781,0.781000,744233.643019,-682221.818592,62011.824427,1.085867e+00,-1140.156544,589.383713,580.999377,1.008,0.180,0.054
782,0.782000,744233.643072,-681629.166281,62604.476791,1.086688e+00,-1140.156540,589.383721,580.999192,0.991,0.191,0.050
783,0.783000,744233.643126,-681037.463392,63196.179734,1.087507e+00,-1140.156537,589.383728,580.999008,0.968,0.179,0.043
784,0.784000,744233.643180,-680446.709045,63786.934134,1.088325e+00,-1140.156533,589.383735,580.998823,1.191,0.926,0.054
785,0.785000,744233.643233,-679856.902319,64376.740915,1.089142e+00,-1140.156530,589.383743,580.998639,0.944,0.178,0.037
786,0.786000,744233.643287,-679268.042297,64965.600990,1.089957e+00,-1140.156526,589.383750,580.998455,1.142,0.184,0.043
787,0.787000,744233.643341,-678680.128051,65553.515289,1.090771e+00,-1140.156522,589.383758,580.998270,0.980,0.400,0.040
788,0.788000,744233.643394,-678093.158591,66140.484803,1.091584e+00,-1140.156519,589.383765,580.998086,1.061,2.195,0.052
789,0.789000,744233.643448,-677507.132956,66726.510492,1.092395e+00,-1140.156515,589.383772,580.997902,0.964,0.422,0.042
790,0.790000,744233.643501,-676922.050124,67311.593377,1.093205e+00,-1140.156511,589.383780,580.997717,1.006,0.181,0.041
791,0.791000,744233.643555,-676337.909030,67895.734525,1.094014e+00,-1140.156508,589.383787,580.997533,0.959,14.146,0.048
792,0.792000,744233.643609,-675754.708636,68478.934973,1.094822e+00,-1140.156504,589.383795,580.997348,1.224,0.518,0.041
793,0.793000,744233.643662,-675172.447862,69061.195800,1.095628e+00,-1140.156500,589.383802,580.997164,1.065,0.810,0.057
794,0.794000,744233.643716,-674591.125586,69642.518130,1.096433e+00,-1140.156496,589.383809,580.996980,1.002,0.206,0.035
795,0.795000,744233.643769,-674010.740683,70222.903086,1.097237e+00,-1140.156493,589.383817,580.996795,1.184,0.248,0.042
796,0.796000,744233.643823,-673431.291963,70802.351860,1.098039e+00,-1140.156489,589.383824,580.996611,1.130,0.217,0.050
797,0.797000,744233.643877,-672852.778157,71380.865720,1.098840e+00,-1140.156485,589.383832,580.996427,1.025,0.479,0.053
798,0.798000,744233.643930,-672275.197963,71958.445967,1.099640e+00,-1140.156482,589.383839,580.996242,0.971,0.451,0.048
799,0.799000,744233.643984,-671698.549961,72535.094023,1.100438e+00,-1140.156478,589.383846,580.996058,0.982,2.784,0.045
800,0.800000,744233.644037,-671122.832650,73110.811387,1.101236e+00,-1140.156474,589.383854,580.995874,1.045,0.196,0.044
801,0.801000,744233.644091,-670548.044395,73685.599696,1.102031e+00,-1140.156471,589.383861,580.995690,0.927,0.498,0.046
802,0.802000,744233.644144,-669974.183453,74259.460690,1.102826e+00,-1140.156467,589.383869,580.995506,8.836,4.821,0.120
803,0.803000,744233.644197,-669401.247994,74832.396203,1.103619e+00,-1140.156463,589.383876,580.995322,1.029,0.382,0.047
804,0.804000,744233.644250,-668829.236037,75404.408213,1.104411e+00,-1140.156459,589.383883,580.995138,1.245,0.232,0.048
805,0.805000,744233.644303,-668258.145574,75975.498729,1.105202e+00,-1140.156456,589.383891,580.994954,2.612,1.770,0.154
806,0.806000,744233.644356,-667687.974423,76545.669933,1.105992e+00,-1140.156452,589.383898,580.994770,0.981,9.534,0.049
807,0.807000,744233.644409,-667118.720421,77114.923988,1.106780e+00,-1140.156448,589.383906,580.994586,0.956,5.530,0.053
808,0.808000,744233.644462,-666550.381340,77683.263122,1.107567e+00,-1140.156445,589.383913,580.994402,1.017,5.244,0.053
809,0.809000,744233.644515,-665982.954913,78250.689602,1.108353e+00,-1140.156441,589.383920,580.994218,1.077,0.236,0.035
810,0.810000,744233.644568,-665416.438856,78817.205712,1.109137e+00,-1140.156437,589.383928,580.994034,0.968,0.206,0.038
811,0.811000,744233.644621,-664850.830888,79382.813733,1.109920e+00,-1140.156434,589.383935,580.993850,1.048,1.244,0.046
812,0.812000,744233.644674,-664286.128721,79947.515954,1.110702e+00,-1140.156430,589.383943,580.993666,0.957,0.313,0.049
813,0.813000,744233.644728,-663722.330049,80511.314678,1.111483e+00,-1140.156426,589.383950,580.993483,1.056,0.221,0.049
814,0.814000,744233.644781,-663159.432533,81074.212247,1.112262e+00,-1140.156422,589.383957,580.993299,0.972,0.210,0.047
815,0.815000,744233.644834,-662597.433726,81636.211108,1.113041e+00,-1140.156419,589.383965,580.993115,0.972,0.185,0.050
816,0.816000,744233.644887,-662036.331107,82197.313780,1.113818e+00,-1140.156415,589.383972,580.992931,3.992,0.193,0.044
817,0.817000,744233.644940,-661476.122060,82757.522880,1.114593e+00,-1140.156411,589.383980,580.992747,33.559,7.659,0.061
818,0.818000,744233.644993,-660916.803726,83316.841267,1.115368e+00,-1140.156407,589.383987,580.992563,0.960,0.219,0.049
819,0.819000,744233.645046,-660358.373196,83875.271850,1.116141e+00,-1140.156404,589.383995,580.992379,1.059,0.214,0.054
820,0.820000,744233.645099,-659800.827342,84432.817757,1.116913e+00,-1140.156400,589.384002,580.992195,1.165,0.242,0.040
821,0.821000,744233.645152,-659244.162893,84989.482260,1.117684e+00,-1140.156396,589.384010,580.992012,1.161,0.259,0.055
822,0.822000,744233.645205,-658688.376430,85545.268775,1.118453e+00,-1140.156392,589.384017,580.991828,1.039,1.170,0.053
823,0.823000,744233.645259,-658133.464506,86100.180753,1.119222e+00,-1140.156389,589.384025,580.991644,11.289,6.305,0.112
824,0.824000,744233.645312,-657579.423610,86654.221702,1.119989e+00,-1140.156385,589.384032,580.991461,0.961,0.747,0.043
825,0.825000,744233.645365,-657026.250284,87207.395081,1.120755e+00,-1140.156381,589.384040,580.991277,1.039,0.402,0.056
826,0.826000,744233.645418,-656473.941189,87759.704229,1.121520e+00,-1140.156377,589.384047,580.991094,1.294,0.209,0.053
827,0.827000,744233.645472,-655922.493142,88311.152330,1.122283e+00,-1140.156373,589.384055,580.990910,0.961,0.210,0.051
828,0.828000,744233.645525,-655371.903134,88861.742391,1.123046e+00,-1140.156369,589.384062,580.990727,0.934,0.804,0.047
829,0.829000,744233.645578,-654822.168410,89411.477168,1.123807e+00,-1140.156366,589.384070,580.990543,0.949,0.631,0.043
830,0.830000,744233.645631,-654273.286515,89960.359117,1.124567e+00,-1140.156362,589.384077,580.990360,1.019,0.205,0.044
831,0.831000,744233.645685,-653725.255188,90508.390497,1.125326e+00,-1140.156358,589.384085,580.990176,1.091,0.239,0.052
832,0.832000,744233.645738,-653178.072480,91055.573258,1.126083e+00,-1140.156354,589.384092,580.989993,1.216,0.235,0.043
833,0.833000,744233.645791,-652631.736640,91601.909151,1.126840e+00,-1140.156350,589.384100,580.989809,1.091,0.207,0.048
834,0.834000,744233.645844,-652086.246129,92147.399716,1.127595e+00,-1140.156346,589.384107,580.989626,0.928,0.177,0.047
835,0.835000,744233.645898,-651541.599482,92692.046416,1.128349e+00,-1140.156343,589.384115,580.989443,1.073,0.211,0.046
836,0.836000,744233.645951,-650997.795451,93235.850500,1.129102e+00,-1140.156339,589.384122,580.989259,0.988,12.000,0.069
837,0.837000,744233.646005,-650454.832748,93778.813257,1.129854e+00,-1140.156335,589.384130,580.989076,1.089,0.209,0.043
838,0.838000,744233.646059,-649912.710165,94320.935893,1.130605e+00,-1140.156331,589.384138,580.988893,1.104,0.427,0.106
839,0.839000,744233.646112,-649371.426471,94862.219641,1.131354e+00,-1140.156327,589.384146,580.988709,0.983,0.200,0.057
840,0.840000,744233.646166,-648830.980412,95402.665754,1.132103e+00,-1140.156323,589.384153,580.988526,0.981,0.196,0.061
841,0.841000,744233.646219,-648291.370659,95942.275561,1.132850e+00,-1140.156319,589.384161,580.988342,0.952,0.469,0.044
842,0.842000,744233.646273,-647752.595853,96481.050420,1.133596e+00,-1140.156315,589.384169,580.988159,0.980,1.575,0.051
843,0.843000,744233.646327,-647214.654496,97018.991830,1.134341e+00,-1140.156312,589.384177,580.987976,1.149,11.594,0.065
844,0.844000,744233.646380,-646677.545090,97556.101290,1.135085e+00,-1140.156308,589.384184,580.987792,1.054,0.533,0.042
845,0.845000,744233.646434,-646141.265994,98092.380440,1.135827e+00,-1140.156304,589.384192,580.987609,0.964,0.209,0.049
846,0.846000,744233.646488,-645605.815523,98627.830964,1.136569e+00,-1140.156300,589.384200,580.987426,1.011,0.237,0.050
847,0.847000,744233.646541,-645071.191908,99162.454633,1.137309e+00,-1140.156296,589.384208,580.987243,1.295,0.449,0.047
848,0.848000,744233.646595,-644537.393327,99696.253268,1.138048e+00,-1140.156292,589.384215,580.987059,1.161,0.314,0.070
849,0.849000,744233.646649,-644004.417927,100229.228722,1.138786e+00,-1140.156288,589.384223,580.986876,0.984,1.521,0.052
850,0.850000,744233.646702,-643472.263815,100761.382887,1.139523e+00,-1140.156285,589.384231,580.986693,1.047,0.813,0.050
851,0.851000,744233.646756,-642940.929073,101292.717683,1.140259e+00,-1140.156281,589.384239,580.986510,0.958,0.180,0.043
852,0.852000,744233.646811,-642410.411757,101823.235054,1.140993e+00,-1140.156277,589.384246,580.986327,0.968,0.186,0.047
853,0.853000,744233.646865,-641880.709919,102352.936946,1.141727e+00,-1140.156273,589.384254,580.986144,0.986,4.523,0.046
854,0.854000,744233.646919,-641351.821639,102881.825280,1.142459e+00,-1140.156269,589.384262,580.985961,0.963,0.174,0.055
855,0.855000,744233.646973,-640823.744985,103409.901988,1.143190e+00,-1140.156265,589.384270,580.985778,0.954,0.213,0.044
856,0.856000,744233.647027,-640296.478048,103937.168979,1.143920e+00,-1140.156261,589.384278,580.985595,1.037,0.568,0.047
857,0.857000,744233.647082,-639770.018890,104463.628191,1.144649e+00,-1140.156257,589.384285,580.985412,3.095,0.979,0.099
858,0.858000,744233.647136,-639244.365614,104989.281521,1.145377e+00,-1140.156254,589.384293,580.985229,0.946,2.751,0.044
859,0.859000,744233.647190,-638719.516351,105514.130839,1.146104e+00,-1140.156250,589.384301,580.985046,0.948,0.180,0.085
860,0.860000,744233.647244,-638195.469253,106038.177991,1.146830e+00,-1140.156246,589.384309,580.984863,0.945,0.396,0.050
861,0.861000,744233.647298,-637672.222500,106561.424798,1.147554e+00,-1140.156242,589.384317,580.984680,0.955,0.184,0.037
862,0.862000,744233.647352,-637149.774293,107083.873060,1.148278e+00,-1140.156238,589.384325,580.984497,1.064,0.207,0.055
863,0.863000,744233.647407,-636628.122847,107605.524559,1.149000e+00,-1140.156234,589.384332,580.984315,0.946,0.416,0.045
864,0.864000,744233.647461,-636107.266469,108126.380992,1.149721e+00,-1140.156230,589.384340,580.984132,1.092,0.202,0.052
865,0.865000,744233.647515,-635587.203464,108646.444051,1.150441e+00,-1140.156227,589.384348,580.983949,0.970,0.175,0.051
866,0.866000,744233.647569,-635067.932218,109165.715351,1.151160e+00,-1140.156223,589.384356,580.983766,2.533,0.485,0.049
867,0.867000,744233.647624,-634549.451148,109684.196476,1.151878e+00,-1140.156219,589.384364,580.983583,4.074,1.640,0.058
868,0.868000,744233.647678,-634031.758703,110201.888975,1.152595e+00,-1140.156215,589.384371,580.983401,2.201,0.627,0.109
869,0.869000,744233.647732,-633514.853385,110718.794347,1.153311e+00,-1140.156211,589.384379,580.983218,1.094,12.426,0.071
870,0.870000,744233.647787,-632998.733802,111234.913984,1.154026e+00,-1140.156207,589.384387,580.983035,1.055,16.108,0.043
871,0.871000,744233.647841,-632483.398532,111750.249309,1.154739e+00,-1140.156203,589.384395,580.982853,1.134,0.213,0.052
872,0.872000,744233.647895,-631968.846226,112264.801669,1.155452e+00,-1140.156199,589.384403,580.982670,1.125,1.397,0.067
873,0.873000,744233.647949,-631455.075578,112778.572371,1.156163e+00,-1140.156196,589.384411,580.982487,2.976,0.584,0.064
874,0.874000,744233.648004,-630942.085271,113291.562733,1.156873e+00,-1140.156192,589.384418,580.982304,2.044,0.245,0.116
875,0.875000,744233.648058,-630429.874006,113803.774052,1.157583e+00,-1140.156188,589.384426,580.982122,3.518,2.165,0.043
876,0.876000,744233.648112,-629918.440507,114315.207605,1.158291e+00,-1140.156184,589.384434,580.981939,1.014,0.219,0.048
877,0.877000,744233.648166,-629407.783433,114825.864733,1.158998e+00,-1140.156180,589.384442,580.981756,0.984,1.447,0.048
878,0.878000,744233.648221,-628897.901475,115335.746746,1.159704e+00,-1140.156176,589.384450,580.981574,1.085,2.050,0.041
879,0.879000,744233.648275,-628388.793244,115844.855031,1.160409e+00,-1140.156172,589.384457,580.981391,16.801,7.597,0.047
880,0.880000,744233.648329,-627880.457346,116353.190983,1.161113e+00,-1140.156168,589.384465,580.981208,1.105,23.249,0.037
881,0.881000,744233.648383,-627372.892354,116860.756029,1.161816e+00,-1140.156165,589.384473,580.981025,1.095,0.276,0.047
882,0.882000,744233.648438,-626866.096867,117367.551571,1.162517e+00,-1140.156161,589.384481,580.980843,1.072,0.232,0.043
883,0.883000,744233.648492,-626360.069431,117873.579061,1.163218e+00,-1140.156157,589.384489,580.980660,1.005,0.193,0.060
884,0.884000,744233.648546,-625854.808608,118378.839938,1.163918e+00,-1140.156153,589.384497,580.980477,4.109,1.292,0.045
885,0.885000,744233.648600,-625350.312977,118883.335623,1.164616e+00,-1140.156149,589.384505,580.980295,0.952,0.191,0.049
886,0.886000,744233.648655,-624846.581145,119387.067509,1.165314e+00,-1140.156145,589.384513,580.980112,1.216,0.226,0.048
887,0.887000,744233.648709,-624343.611731,119890.036978,1.166010e+00,-1140.156141,589.384520,580.979930,2.189,5.542,0.060
888,0.888000,744233.648763,-623841.403388,120392.245375,1.166706e+00,-1140.156137,589.384528,580.979747,1.054,24.696,0.035
889,0.889000,744233.648817,-623339.954758,120893.694060,1.167400e+00,-1140.156133,589.384536,580.979564,0.955,0.385,0.046
890,0.890000,744233.648872,-622839.264510,121394.384362,1.168093e+00,-1140.156129,589.384544,580.979382,1.125,0.307,0.052
891,0.891000,744233.648926,-622339.331317,121894.317609,1.168785e+00,-1140.156125,589.384552,580.979199,1.120,0.539,0.053
892,0.892000,744233.648980,-621840.153876,122393.495104,1.169477e+00,-1140.156122,589.384559,580.979017,0.971,0.767,0.043
893,0.893000,744233.649034,-621341.730886,122891.918149,1.170167e+00,-1140.156118,589.384567,580.978834,1.033,0.516,0.055
894,0.894000,744233.649089,-620844.060971,123389.588118,1.170856e+00,-1140.156114,589.384575,580.978652,1.098,0.828,0.048
895,0.895000,744233.649143,-620347.142824,123886.506319,1.171544e+00,-1140.156110,589.384583,580.978469,3.498,0.498,0.101
896,0.896000,744233.649197,-619850.975089,124382.674108,1.172231e+00,-1140.156106,589.384591,580.978287,1.035,12.941,0.060
897,0.897000,744233.649251,-619355.556431,124878.092820,1.172917e+00,-1140.156102,589.384599,580.978104,0.947,0.185,0.038
898,0.898000,744233.649305,-618860.885549,125372.763757,1.173602e+00,-1140.156098,589.384606,580.977921,1.091,0.263,0.049
899,0.899000,744233.649360,-618366.961080,125866.688279,1.174286e+00,-1140.156094,589.384614,580.977739,2.160,0.243,0.049
900,0.900000,744233.649414,-617873.781714,126359.867699,1.174969e+00,-1140.156090,589.384622,580.977556,1.159,0.233,0.060
901,0.901000,744233.649468,-617381.346137,126852.303331,1.175651e+00,-1140.156086,589.384630,580.977374,1.067,0.306,0.056
902,0.902000,744233.649522,-616889.653030,127343.996493,1.176332e+00,-1140.156083,589.384638,580.977191,0.992,0.323,0.045
903,0.903000,744233.649576,-616398.701149,127834.948427,1.177011e+00,-1140.156079,589.384646,580.977009,6.213,1.815,0.202
904,0.904000,744233.649631,-615908.489236,128325.160395,1.177690e+00,-1140.156075,589.384653,580.976826,2.470,0.628,0.055
905,0.905000,744233.649685,-615419.016028,128814.633657,1.178368e+00,-1140.156071,589.384661,580.976644,1.131,0.264,0.050
906,0.906000,744233.649739,-614930.280237,129303.369502,1.179045e+00,-1140.156067,589.384669,580.976461,0.968,20.727,0.039
907,0.907000,744233.649793,-614442.280628,129791.369165,1.179720e+00,-1140.156063,589.384677,580.976279,1.068,0.209,0.113
908,0.908000,744233.649848,-613955.015907,130278.633941,1.180395e+00,-1140.156059,589.384685,580.976096,1.005,0.217,0.041
909,0.909000,744233.649902,-613468.484788,130765.165114,1.181069e+00,-1140.156055,589.384692,580.975914,1.046,0.224,0.051
910,0.910000,744233.649956,-612982.685907,131250.964049,1.181741e+00,-1140.156051,589.384700,580.975731,1.047,0.254,0.056
911,0.911000,744233.650010,-612497.617892,131736.032118,1.182413e+00,-1140.156047,589.384708,580.975549,0.965,0.738,0.046
912,0.912000,744233.650064,-612013.279240,132220.370825,1.183084e+00,-1140.156043,589.384716,580.975366,1.030,0.191,0.043
913,0.913000,744233.650118,-611529.668461,132703.981658,1.183753e+00,-1140.156039,589.384724,580.975184,1.020,0.223,0.051
914,0.914000,744233.650172,-611046.783892,133186.866280,1.184422e+00,-1140.156035,589.384732,580.975001,2.567,12.460,0.056
915,0.915000,744233.650226,-610564.623827,133669.026399,1.185090e+00,-1140.156031,589.384739,580.974818,1.424,0.296,0.065
916,0.916000,744233.650280,-610083.186472,134150.463807,1.185756e+00,-1140.156028,589.384747,580.974635,0.971,0.207,0.044
917,0.917000,744233.650333,-609602.469867,134631.180466,1.186422e+00,-1140.156024,589.384755,580.974453,1.058,0.209,0.053
918,0.918000,744233.650387,-609122.471981,135111.178406,1.187087e+00,-1140.156020,589.384763,580.974270,0.951,0.415,0.045
919,0.919000,744233.650441,-608643.190621,135590.459820,1.187750e+00,-1140.156016,589.384771,580.974087,1.271,31.506,0.053
920,0.920000,744233.650495,-608164.623561,136069.026933,1.188413e+00,-1140.156012,589.384779,580.973905,1.232,0.401,0.052
921,0.921000,744233.650548,-607686.768414,136546.882134,1.189075e+00,-1140.156008,589.384786,580.973722,1.744,2.819,0.114
922,0.922000,744233.650602,-607209.622703,137024.027899,1.189735e+00,-1140.156004,589.384794,580.973540,1.032,0.202,0.044
923,0.923000,744233.650656,-606733.183877,137500.466779,1.190395e+00,-1140.156000,589.384802,580.973357,1.093,0.471,0.046
924,0.924000,744233.650710,-606257.449325,137976.201385,1.191054e+00,-1140.155996,589.384810,580.973174,0.973,0.232,0.047
925,0.925000,744233.650764,-605782.416338,138451.234426,1.191712e+00,-1140.155992,589.384818,580.972992,1.060,0.217,0.045
926,0.926000,744233.650818,-605308.082213,138925.568605,1.192368e+00,-1140.155988,589.384826,580.972809,1.062,20.980,0.050
927,0.927000,744233.650872,-604834.444158,139399.206714,1.193024e+00,-1140.155984,589.384834,580.972627,1.212,0.264,0.040
928,0.928000,744233.650927,-604361.499390,139872.151537,1.193679e+00,-1140.155980,589.384842,580.972445,0.996,12.943,0.044
929,0.929000,744233.650982,-603889.245098,140344.405884,1.194333e+00,-1140.155976,589.384849,580.972263,1.063,0.246,0.057
930,0.930000,744233.651038,-603417.678504,140815.972534,1.194986e+00,-1140.155972,589.384857,580.972080,2.673,0.740,0.098
931,0.931000,744233.651093,-602946.796850,141286.854243,1.195638e+00,-1140.155968,589.384865,580.971898,2.890,0.314,0.062
932,0.932000,744233.651148,-602476.597436,141757.053712,1.196289e+00,-1140.155964,589.384873,580.971716,1.258,0.403,0.071
933,0.933000,744233.651203,-602007.077639,142226.573564,1.196939e+00,-1140.155960,589.384881,580.971534,2.666,0.240,0.050
934,0.934000,744233.651259,-601538.234879,142695.416380,1.197588e+00,-1140.155956,589.384889,580.971352,1.081,1.139,0.055
935,0.935000,744233.651314,-601070.066705,143163.584609,1.198237e+00,-1140.155952,589.384897,580.971170,0.999,0.191,0.061
936,0.936000,744233.651369,-600602.570809,143631.080560,1.198884e+00,-1140.155948,589.384905,580.970988,1.086,5.616,0.048
937,0.937000,744233.651424,-600135.744983,144097.906441,1.199530e+00,-1140.155944,589.384913,580.970806,1.204,0.188,0.060
938,0.938000,744233.651479,-599669.587167,144564.064312,1.200176e+00,-1140.155940,589.384920,580.970624,0.994,1.249,0.048
939,0.939000,744233.651535,-599204.095476,145029.556059,1.200821e+00,-1140.155936,589.384928,580.970442,1.094,2.800,0.058
940,0.940000,744233.651590,-598739.268208,145494.383382,1.201464e+00,-1140.155932,589.384936,580.970260,1.023,0.226,0.157
941,0.941000,744233.651645,-598275.103800,145958.547845,1.202107e+00,-1140.155928,589.384944,580.970078,1.055,0.254,0.052
942,0.942000,744233.651700,-597811.600881,146422.050819,1.202749e+00,-1140.155924,589.384952,580.969896,1.315,1.988,0.063
943,0.943000,744233.651756,-597348.758283,146884.893473,1.203390e+00,-1140.155920,589.384960,580.969714,1.014,1.948,0.044
944,0.944000,744233.651811,-596886.574938,147347.076873,1.204030e+00,-1140.155915,589.384968,580.969532,1.210,0.199,0.047
945,0.945000,744233.651867,-596425.049915,147808.601952,1.204669e+00,-1140.155911,589.384976,580.969350,1.254,0.221,0.044
946,0.946000,744233.651922,-595964.182411,148269.469511,1.205307e+00,-1140.155907,589.384983,580.969168,0.962,3.592,0.044
947,0.947000,744233.651977,-595503.971649,148729.680329,1.205944e+00,-1140.155903,589.384991,580.968986,1.104,0.221,0.043
948,0.948000,744233.652033,-595044.416962,149189.235070,1.206580e+00,-1140.155899,589.384999,580.968804,1.186,2.215,0.040
949,0.949000,744233.652088,-594585.517613,149648.134475,1.207216e+00,-1140.155895,589.385007,580.968623,1.582,0.287,0.055
950,0.950000,744233.652144,-594127.272836,150106.379307,1.207850e+00,-1140.155891,589.385015,580.968441,1.190,0.250,0.054
951,0.951000,744233.652199,-593669.681808,150563.970391,1.208484e+00,-1140.155887,589.385023,580.968259,1.100,18.506,0.047
952,0.952000,744233.652255,-593212.743609,151020.908645,1.209117e+00,-1140.155883,589.385031,580.968077,1.187,0.265,0.042
953,0.953000,744233.652310,-592756.457254,151477.195056,1.209748e+00,-1140.155879,589.385039,580.967896,0.966,0.207,0.039
954,0.954000,744233.652365,-592300.821629,151932.830737,1.210379e+00,-1140.155875,589.385046,580.967714,3.248,0.867,0.039
955,0.955000,744233.652421,-591845.835507,152387.816914,1.211009e+00,-1140.155871,589.385054,580.967532,0.968,0.184,0.039
956,0.956000,744233.652476,-591391.497629,152842.154847,1.211639e+00,-1140.155867,589.385062,580.967351,0.986,1.214,0.042
957,0.957000,744233.652532,-590937.806674,153295.845857,1.212267e+00,-1140.155863,589.385070,580.967169,0.970,9.650,0.048
958,0.958000,744233.652587,-590484.761256,153748.891331,1.212894e+00,-1140.155859,589.385078,580.966988,1.030,0.602,0.067
959,0.959000,744233.652643,-590032.360034,154201.292608,1.213521e+00,-1140.155855,589.385086,580.966807,1.068,0.273,0.064
960,0.960000,744233.652698,-589580.601669,154653.051029,1.214146e+00,-1140.155851,589.385094,580.966625,1.232,0.198,0.048
961,0.961000,744233.652754,-589129.484870,155104.167884,1.214771e+00,-1140.155846,589.385102,580.966444,3.402,0.487,0.114
962,0.962000,744233.652810,-588679.008439,155554.644371,1.215394e+00,-1140.155842,589.385110,580.966263,1.226,0.257,0.045
963,0.963000,744233.652865,-588229.171226,156004.481639,1.216017e+00,-1140.155838,589.385118,580.966081,1.078,3.221,0.039
964,0.964000,744233.652921,-587779.972240,156453.680680,1.216639e+00,-1140.155834,589.385126,580.965900,1.057,0.214,0.050
965,0.965000,744233.652976,-587331.410522,156902.242454,1.217260e+00,-1140.155830,589.385134,580.965719,1.163,0.809,0.049
966,0.966000,744233.653032,-586883.485220,157350.167812,1.217881e+00,-1140.155826,589.385142,580.965537,0.927,9.234,0.035
967,0.967000,744233.653087,-586436.195580,157797.457507,1.218500e+00,-1140.155822,589.385149,580.965356,1.020,0.558,0.044
968,0.968000,744233.653143,-585989.540920,158244.112223,1.219119e+00,-1140.155818,589.385157,580.965175,1.079,0.338,0.042
969,0.969000,744233.653199,-585543.520630,158690.132568,1.219736e+00,-1140.155814,589.385165,580.964994,1.065,0.201,0.044
970,0.970000,744233.653254,-585098.134107,159135.519147,1.220353e+00,-1140.155809,589.385173,580.964812,0.990,0.186,0.048
971,0.971000,744233.653310,-584653.380779,159580.272531,1.220969e+00,-1140.155805,589.385181,580.964631,0.959,0.183,0.046
972,0.972000,744233.653365,-584209.260062,160024.393303,1.221584e+00,-1140.155801,589.385189,580.964450,1.033,0.195,0.049
973,0.973000,744233.653421,-583765.771367,160467.882054,1.222198e+00,-1140.155797,589.385197,580.964268,1.273,1.007,0.053
974,0.974000,744233.653476,-583322.914005,160910.739471,1.222811e+00,-1140.155793,589.385205,580.964087,0.996,17.705,0.048
975,0.975000,744233.653532,-582880.687252,161352.966280,1.223423e+00,-1140.155789,589.385213,580.963906,1.071,0.258,0.054
976,0.976000,744233.653588,-582439.090306,161794.563281,1.224035e+00,-1140.155785,589.385221,580.963724,1.095,0.296,0.047
977,0.977000,744233.653643,-581998.122274,162235.531369,1.224645e+00,-1140.155781,589.385229,580.963543,0.996,2.235,0.044
978,0.978000,744233.653699,-581557.782127,162675.871572,1.225255e+00,-1140.155777,589.385237,580.963362,1.052,0.486,0.045
979,0.979000,744233.653754,-581118.068692,163115.585063,1.225864e+00,-1140.155773,589.385245,580.963181,0.962,0.181,0.047
980,0.980000,744233.653810,-580678.980724,163554.673086,1.226472e+00,-1140.155768,589.385253,580.962999,1.217,0.187,0.056
981,0.981000,744233.653865,-580240.516815,163993.137050,1.227079e+00,-1140.155764,589.385261,580.962818,1.056,0.436,0.059
982,0.982000,744233.653921,-579802.675470,164430.978451,1.227685e+00,-1140.155760,589.385269,580.962637,1.158,0.210,0.077
983,0.983000,744233.653976,-579365.455041,164868.198935,1.228291e+00,-1140.155756,589.385277,580.962455,1.062,0.230,0.053
984,0.984000,744233.654032,-578928.853866,165304.800166,1.228895e+00,-1140.155752,589.385285,580.962274,1.931,0.213,0.058
985,0.985000,744233.654087,-578492.870178,165740.783909,1.229499e+00,-1140.155748,589.385293,580.962093,1.012,0.236,0.056
986,0.986000,744233.654143,-578057.502198,166176.151945,1.230102e+00,-1140.155744,589.385301,580.961912,1.129,0.699,0.047
987,0.987000,744233.654199,-577622.748171,166610.906027,1.230704e+00,-1140.155740,589.385309,580.961730,1.057,0.200,0.055
988,0.988000,744233.654254,-577188.606376,167045.047878,1.231305e+00,-1140.155735,589.385317,580.961549,1.399,0.257,0.045
989,0.989000,744233.654310,-576755.075179,167478.579131,1.231905e+00,-1140.155731,589.385325,580.961368,1.137,0.183,0.041
990,0.990000,744233.654365,-576322.153079,167911.501287,1.232505e+00,-1140.155727,589.385333,580.961187,1.163,0.190,0.044
991,0.991000,744233.654421,-575889.838668,168343.815753,1.233103e+00,-1140.155723,589.385341,580.961005,1.051,0.219,0.042
992,0.992000,744233.654476,-575458.130740,168775.523737,1.233701e+00,-1140.155719,589.385349,580.960824,0.992,0.183,0.049
993,0.993000,744233.654532,-575027.028243,169206.626289,1.234298e+00,-1140.155715,589.385357,580.960643,1.027,0.184,0.052
994,0.994000,744233.654587,-574596.530261,169637.124327,1.234894e+00,-1140.155711,589.385365,580.960462,0.978,0.228,0.047
995,0.995000,744233.654643,-574166.636040,170067.018603,1.235490e+00,-1140.155707,589.385373,580.960281,1.079,0.261,0.046
996,0.996000,744233.654698,-573737.344897,170496.309802,1.236084e+00,-1140.155702,589.385382,580.960099,1.062,0.197,0.050
997,0.997000,744233.654754,-573308.656357,170924.998397,1.236678e+00,-1140.155698,589.385390,580.959918,1.154,0.194,0.052
998,0.998000,744233.654809,-572880.569892,171353.084916,1.237270e+00,-1140.155694,589.385398,580.959738,1.184,0.195,0.055
999,0.999000,744233.654864,-572453.085086,171780.569778,1.237862e+00,-1140.155690,589.385406,580.959557,1.098,0.209,0.053
1000,1.000000,744233.654919,-572026.201540,172207.453378,1.238453e+00,-1140.155686,589.385414,580.959376,1.076,0.249,0.073
1001,1.001000,744233.654974,-571599.918871,172633.736103,1.239044e+00,-1140.155682,589.385422,580.959195,1.019,0.834,0.052
1002,1.002000,744233.655029,-571174.236639,173059.418390,1.239633e+00,-1140.155678,589.385430,580.959014,0.950,1.960,0.047
1003,1.003000,744233.655084,-570749.154394,173484.500690,1.240222e+00,-1140.155673,589.385438,580.958834,0.995,0.192,0.043
1004,1.004000,744233.655139,-570324.671677,173908.983461,1.240809e+00,-1140.155669,589.385446,580.958653,0.990,0.227,0.056
1005,1.005000,744233.655194,-569900.787971,174332.867223,1.241396e+00,-1140.155665,589.385454,580.958473,1.006,0.802,0.053
1006,1.006000,744233.655249,-569477.502686,174756.152563,1.241983e+00,-1140.155661,589.385462,580.958292,1.172,1.905,0.078
1007,1.007000,744233.655304,-569054.815239,175178.840065,1.242568e+00,-1140.155657,589.385470,580.958111,0.938,0.203,0.041
1008,1.008000,744233.655360,-568632.724882,175600.930477,1.243152e+00,-1140.155653,589.385479,580.957931,0.978,1.713,0.051
1009,1.009000,744233.655416,-568211.230877,176022.424538,1.243736e+00,-1140.155648,589.385487,580.957751,1.155,20.243,0.049
1010,1.010000,744233.655472,-567790.332433,176443.323039,1.244319e+00,-1140.155644,589.385495,580.957571,1.015,0.225,0.049
1011,1.011000,744233.655528,-567370.028634,176863.626895,1.244901e+00,-1140.155640,589.385503,580.957391,0.983,0.216,0.049
1012,1.012000,744233.655584,-566950.318537,177283.337048,1.245482e+00,-1140.155636,589.385511,580.957211,1.212,0.190,0.060
1013,1.013000,744233.655641,-566531.201103,177702.454537,1.246062e+00,-1140.155631,589.385519,580.957030,1.081,0.620,0.050
1014,1.014000,744233.655697,-566112.675227,178120.980470,1.246642e+00,-1140.155627,589.385527,580.956850,1.205,0.230,0.051
1015,1.015000,744233.655753,-565694.739749,178538.916004,1.247220e+00,-1140.155623,589.385535,580.956670,0.949,0.936,0.047
1016,1.016000,744233.655810,-565277.393425,178956.262385,1.247798e+00,-1140.155619,589.385543,580.956491,0.963,0.240,0.048
1017,1.017000,744233.655866,-564860.634960,179373.020906,1.248375e+00,-1140.155614,589.385551,580.956311,0.965,0.991,0.051
1018,1.018000,744233.655923,-564444.462939,179789.192984,1.248952e+00,-1140.155610,589.385559,580.956131,1.140,0.243,0.051
1019,1.019000,744233.655980,-564028.875974,180204.780005,1.249527e+00,-1140.155606,589.385568,580.955951,0.980,0.209,0.509
1020,1.020000,744233.656036,-563613.872587,180619.783449,1.250102e+00,-1140.155602,589.385576,580.955771,2.554,0.299,0.056
1021,1.021000,744233.656092,-563199.451237,181034.204856,1.250676e+00,-1140.155597,589.385584,580.955591,0.960,0.194,0.060
1022,1.022000,744233.656148,-562785.610395,181448.045753,1.251249e+00,-1140.155593,589.385592,580.955412,0.985,0.939,0.049
1023,1.023000,744233.656203,-562372.348485,181861.307718,1.251821e+00,-1140.155589,589.385600,580.955233,0.994,3.407,0.046
1024,1.024000,744233.656259,-561959.663927,182273.992331,1.252392e+00,-1140.155584,589.385608,580.955053,1.051,0.198,0.048
1025,1.025000,744233.656314,-561547.555131,182686.101183,1.252963e+00,-1140.155580,589.385616,580.954874,1.802,0.569,0.050
1026,1.026000,744233.656370,-561136.020524,183097.635846,1.253533e+00,-1140.155576,589.385625,580.954694,0.986,0.391,0.046
1027,1.027000,744233.656425,-560725.058513,183508.597913,1.254102e+00,-1140.155572,589.385633,580.954515,1.028,0.771,0.045
1028,1.028000,744233.656481,-560314.667531,183918.988950,1.254670e+00,-1140.155567,589.385641,580.954336,1.326,0.232,0.056
1029,1.029000,744233.656536,-559904.845993,184328.810544,1.255238e+00,-1140.155563,589.385649,580.954156,1.039,0.210,0.041
1030,1.030000,744233.656592,-559495.592342,184738.064250,1.255804e+00,-1140.155559,589.385657,580.953977,1.121,0.216,0.049
1031,1.031000,744233.656647,-559086.904975,185146.751672,1.256370e+00,-1140.155555,589.385665,580.953798,3.017,0.277,0.414
1032,1.032000,744233.656703,-558678.782307,185554.874396,1.256935e+00,-1140.155550,589.385673,580.953619,1.098,1.025,0.051
1033,1.033000,744233.656758,-558271.222718,185962.434041,1.257500e+00,-1140.155546,589.385681,580.953439,3.300,1.379,0.265
1034,1.034000,744233.656814,-557864.224530,186369.432283,1.258063e+00,-1140.155542,589.385690,580.953260,1.070,3.561,0.042
1035,1.035000,744233.656869,-557457.786074,186775.870795,1.258626e+00,-1140.155537,589.385698,580.953081,0.972,0.759,0.044
1036,1.036000,744233.656924,-557051.905674,187181.751250,1.259188e+00,-1140.155533,589.385706,580.952902,1.005,0.176,0.060
1037,1.037000,744233.656980,-556646.581633,187587.075346,1.259749e+00,-1140.155529,589.385714,580.952723,2.911,1.305,0.116
1038,1.038000,744233.657035,-556241.812279,187991.844756,1.260310e+00,-1140.155525,589.385722,580.952544,0.953,0.182,0.044
1039,1.039000,744233.657090,-555837.595953,188396.061138,1.260870e+00,-1140.155520,589.385730,580.952365,1.010,0.189,0.036
1040,1.040000,744233.657146,-555433.931110,188799.726036,1.261429e+00,-1140.155516,589.385739,580.952186,1.019,0.211,0.046
1041,1.041000,744233.657201,-555030.816322,189202.840879,1.261987e+00,-1140.155512,589.385747,580.952007,1.011,0.187,0.053
1042,1.042000,744233.657256,-554628.250321,189605.406935,1.262544e+00,-1140.155507,589.385755,580.951828,1.079,0.248,0.041
1043,1.043000,744233.657312,-554226.232029,190007.425282,1.263101e+00,-1140.155503,589.385763,580.951649,0.973,0.296,0.049
1044,1.044000,744233.657367,-553824.760549,190408.896818,1.263657e+00,-1140.155499,589.385771,580.951470,1.064,0.564,0.049
1045,1.045000,744233.657422,-553423.835224,190809.822198,1.264212e+00,-1140.155495,589.385779,580.951290,0.993,0.602,0.048
1046,1.046000,744233.657478,-553023.455621,191210.201857,1.264766e+00,-1140.155490,589.385787,580.951111,1.056,0.724,0.049
1047,1.047000,744233.657533,-552623.621449,191610.036084,1.265320e+00,-1140.155486,589.385796,580.950932,1.220,0.520,0.065
1048,1.048000,744233.657588,-552224.332588,192009.325000,1.265873e+00,-1140.155482,589.385804,580.950753,1.008,0.189,0.046
1049,1.049000,744233.657643,-551825.589017,192408.068626,1.266425e+00,-1140.155477,589.385812,580.950574,0.991,0.556,0.049
1050,1.050000,744233.657699,-551427.390772,192806.266927,1.266976e+00,-1140.155473,589.385820,580.950395,0.982,0.181,0.051
1051,1.051000,744233.657754,-551029.737881,193203.919873,1.267527e+00,-1140.155469,589.385829,580.950216,1.014,0.193,0.052
1052,1.052000,744233.657809,-550632.630358,193601.027451,1.268077e+00,-1140.155464,589.385837,580.950037,0.982,0.192,0.043
1053,1.053000,744233.657864,-550236.068126,193997.589738,1.268626e+00,-1140.155460,589.385845,580.949859,1.292,0.283,0.063
1054,1.054000,744233.657919,-549840.051034,194393.606885,1.269174e+00,-1140.155456,589.385853,580.949680,0.980,0.491,0.051
1055,1.055000,744233.657975,-549444.578776,194789.079198,1.269722e+00,-1140.155451,589.385862,580.949501,0.983,9.541,0.050
1056,1.056000,744233.658030,-549049.650959,195184.007071,1.270269e+00,-1140.155447,589.385870,580.949322,1.335,0.233,0.067
1057,1.057000,744233.658085,-548655.267062,195578.391023,1.270815e+00,-1140.155443,589.385878,580.949143,1.234,0.223,0.067
1058,1.058000,744233.658140,-548261.426448,195972.231692,1.271360e+00,-1140.155438,589.385886,580.948964,0.982,0.203,0.049
1059,1.059000,744233.658195,-547868.128393,196365.529802,1.271905e+00,-1140.155434,589.385894,580.948785,0.953,1.337,0.042
1060,1.060000,744233.658250,-547475.372129,196758.286121,1.272449e+00,-1140.155429,589.385903,580.948606,1.132,0.190,0.050
1061,1.061000,744233.658305,-547083.156755,197150.501550,1.272992e+00,-1140.155425,589.385911,580.948427,1.103,1.309,0.051
1062,1.062000,744233.658360,-546691.481399,197542.176961,1.273534e+00,-1140.155420,589.385919,580.948249,1.131,3.978,0.046
1063,1.063000,744233.658414,-546300.345114,197933.313300,1.274076e+00,-1140.155415,589.385927,580.948070,1.058,0.246,0.043
1064,1.064000,744233.658468,-545909.746924,198323.911544,1.274617e+00,-1140.155411,589.385935,580.947891,1.174,0.207,0.066
1065,1.065000,744233.658521,-545519.685817,198713.972704,1.275157e+00,-1140.155406,589.385944,580.947713,1.082,0.231,0.042
1066,1.066000,744233.658574,-545130.160715,199103.497859,1.275696e+00,-1140.155401,589.385952,580.947534,1.139,0.285,0.047
1067,1.067000,744233.658627,-544741.170504,199492.488123,1.276235e+00,-1140.155397,589.385960,580.947356,0.978,0.465,0.044
1068,1.068000,744233.658680,-544352.713963,199880.944718,1.276773e+00,-1140.155392,589.385968,580.947178,1.009,0.194,0.044
1069,1.069000,744233.658733,-543964.789836,200268.868898,1.277310e+00,-1140.155388,589.385976,580.947000,1.000,0.496,0.044
1070,1.070000,744233.658786,-543577.396715,200656.262071,1.277846e+00,-1140.155383,589.385984,580.946821,1.030,3.015,0.049
1071,1.071000,744233.658839,-543190.533123,201043.125716,1.278382e+00,-1140.155378,589.385992,580.946643,0.958,0.403,0.044
1072,1.072000,744233.658892,-542804.197540,201429.461352,1.278917e+00,-1140.155374,589.386000,580.946465,1.174,0.213,0.071
1073,1.073000,744233.658945,-542418.388289,201815.270656,1.279451e+00,-1140.155369,589.386008,580.946287,1.040,0.225,0.040
1074,1.074000,744233.658998,-542033.103689,202200.555309,1.279984e+00,-1140.155364,589.386016,580.946108,1.053,4.508,0.046
1075,1.075000,744233.659051,-541648.342005,202585.317045,1.280517e+00,-1140.155360,589.386025,580.945930,1.127,0.181,0.044
1076,1.076000,744233.659103,-541264.101461,202969.557642,1.281049e+00,-1140.155355,589.386033,580.945752,1.034,0.207,0.082
1077,1.077000,744233.659156,-540880.380316,203353.278841,1.281581e+00,-1140.155350,589.386041,580.945574,1.054,0.200,0.054
1078,1.078000,744233.659209,-540497.176813,203736.482397,1.282111e+00,-1140.155346,589.386049,580.945395,0.989,0.347,0.044
1079,1.079000,744233.659262,-540114.489240,204119.170023,1.282641e+00,-1140.155341,589.386057,580.945217,0.949,0.362,0.045
1080,1.080000,744233.659316,-539732.315927,204501.343389,1.283170e+00,-1140.155336,589.386065,580.945039,1.026,0.185,0.048
1081,1.081000,744233.659369,-539350.655277,204883.004092,1.283699e+00,-1140.155332,589.386073,580.944862,1.060,0.225,0.045
1082,1.082000,744233.659423,-538969.505740,205264.153683,1.284227e+00,-1140.155327,589.386081,580.944684,0.985,0.681,0.098
1083,1.083000,744233.659476,-538588.865791,205644.793685,1.284754e+00,-1140.155323,589.386089,580.944506,0.994,0.190,0.050
1084,1.084000,744233.659530,-538208.734002,206024.925528,1.285280e+00,-1140.155318,589.386097,580.944329,1.173,3.033,0.040
1085,1.085000,744233.659584,-537829.108936,206404.550648,1.285806e+00,-1140.155313,589.386106,580.944151,0.999,0.783,0.044
1086,1.086000,744233.659638,-537449.989240,206783.670398,1.286331e+00,-1140.155309,589.386114,580.943974,5.540,1.952,0.123
1087,1.087000,744233.659692,-537071.373575,207162.286117,1.286855e+00,-1140.155304,589.386122,580.943796,2.059,0.461,0.111
1088,1.088000,744233.659746,-536693.260619,207540.399127,1.287378e+00,-1140.155299,589.386130,580.943619,1.047,0.186,0.048
1089,1.089000,744233.659800,-536315.649087,207918.010713,1.287901e+00,-1140.155295,589.386138,580.943441,1.024,1.190,0.031
1090,1.090000,744233.659853,-535938.537709,208295.122145,1.288424e+00,-1140.155290,589.386146,580.943264,1.479,14.846,0.042
1091,1.091000,744233.659907,-535561.925262,208671.734645,1.288945e+00,-1140.155285,589.386154,580.943087,1.164,10.409,0.052
1092,1.092000,744233.659961,-535185.810545,209047.849416,1.289466e+00,-1140.155281,589.386162,580.942909,1.105,0.322,0.060
1093,1.093000,744233.660015,-534810.192404,209423.467611,1.289986e+00,-1140.155276,589.386170,580.942732,1.055,13.327,0.053
1094,1.094000,744233.660069,-534435.069736,209798.590332,1.290505e+00,-1140.155272,589.386178,580.942555,0.984,0.326,0.107
1095,1.095000,744233.660122,-534060.441438,210173.218685,1.291024e+00,-1140.155267,589.386187,580.942377,1.001,0.402,0.050
1096,1.096000,744233.660176,-533686.306490,210547.353686,1.291542e+00,-1140.155262,589.386195,580.942200,1.090,4.616,0.055
1097,1.097000,744233.660230,-533312.663874,210920.996356,1.292060e+00,-1140.155258,589.386203,580.942023,1.075,3.152,0.052
1098,1.098000,744233.660284,-532939.512587,211294.147697,1.292576e+00,-1140.155253,589.386211,580.941846,4.610,1.551,0.049
1099,1.099000,744233.660338,-532566.851672,211666.808666,1.293092e+00,-1140.155248,589.386219,580.941669,1.175,0.196,0.054
1100,1.100000,744233.660392,-532194.680198,212038.980194,1.293608e+00,-1140.155244,589.386227,580.941491,1.015,1.355,0.049
1101,1.101000,744233.660445,-531822.997230,212410.663215,1.294122e+00,-1140.155239,589.386236,580.941314,0.996,0.413,0.045
1102,1.102000,744233.660499,-531451.801861,212781.858639,1.294636e+00,-1140.155234,589.386244,580.941137,1.074,0.542,0.050
1103,1.103000,744233.660553,-531081.093183,213152.567370,1.295150e+00,-1140.155230,589.386252,580.940960,0.967,1.580,0.040
1104,1.104000,744233.660607,-530710.870339,213522.790268,1.295662e+00,-1140.155225,589.386260,580.940783,1.030,13.447,0.055
1105,1.105000,744233.660661,-530341.132462,213892.528199,1.296174e+00,-1140.155220,589.386268,580.940606,1.099,1.531,0.038
1106,1.106000,744233.660715,-529971.878687,214261.782027,1.296685e+00,-1140.155216,589.386277,580.940428,1.055,0.635,0.047
1107,1.107000,744233.660769,-529603.108271,214630.552497,1.297196e+00,-1140.155211,589.386285,580.940251,1.269,0.465,0.054
1108,1.108000,744233.660822,-529234.820449,214998.840374,1.297706e+00,-1140.155207,589.386293,580.940074,1.215,0.198,0.047
1109,1.109000,744233.660876,-528867.014477,215366.646399,1.298215e+00,-1140.155202,589.386301,580.939897,1.201,0.413,0.044
1110,1.110000,744233.660930,-528499.689695,215733.971235,1.298724e+00,-1140.155197,589.386310,580.939720,1.017,0.192,0.048
1111,1.111000,744233.660984,-528132.845436,216100.815548,1.299232e+00,-1140.155193,589.386318,580.939543,1.025,1.671,0.049
1112,1.112000,744233.661038,-527766.481117,216467.179920,1.299739e+00,-1140.155188,589.386326,580.939366,0.993,0.182,0.041
1113,1.113000,744233.661091,-527400.596220,216833.064871,1.300246e+00,-1140.155183,589.386334,580.939188,5.787,0.696,0.165
1114,1.114000,744233.661145,-527035.190221,217198.470923,1.300752e+00,-1140.155179,589.386342,580.939011,1.039,0.875,0.036
1115,1.115000,744233.661198,-526670.262665,217563.398533,1.301257e+00,-1140.155174,589.386350,580.938834,1.071,24.130,0.055
1116,1.116000,744233.661252,-526305.813182,217927.848070,1.301762e+00,-1140.155169,589.386358,580.938657,9.427,2.293,0.074
1117,1.117000,744233.661306,-525941.841345,218291.819960,1.302266e+00,-1140.155165,589.386366,580.938480,0.996,16.683,0.061
1118,1.118000,744233.661359,-525578.346817,218655.314542,1.302769e+00,-1140.155160,589.386374,580.938303,0.974,0.185,0.047
1119,1.119000,744233.661413,-525215.329264,219018.332149,1.303272e+00,-1140.155155,589.386382,580.938126,1.156,0.197,0.033
1120,1.120000,744233.661466,-524852.788344,219380.873122,1.303774e+00,-1140.155150,589.386390,580.937949,1.082,0.275,0.053
1121,1.121000,744233.661520,-524490.723739,219742.937781,1.304275e+00,-1140.155146,589.386398,580.937772,0.980,0.216,0.056
1122,1.122000,744233.661573,-524129.135140,220104.526433,1.304776e+00,-1140.155141,589.386406,580.937595,1.051,0.195,0.049
1123,1.123000,744233.661627,-523768.022199,220465.639428,1.305276e+00,-1140.155136,589.386414,580.937418,1.257,0.959,0.050
1124,1.124000,744233.661680,-523407.384559,220826.277121,1.305775e+00,-1140.155132,589.386422,580.937241,0.991,3.283,0.046
1125,1.125000,744233.661734,-523047.221872,221186.439862,1.306274e+00,-1140.155127,589.386430,580.937064,1.100,0.442,0.047
1126,1.126000,744233.661787,-522687.533722,221546.128065,1.306772e+00,-1140.155122,589.386438,580.936887,0.988,0.394,0.051
1127,1.127000,744233.661841,-522328.319688,221905.342153,1.307269e+00,-1140.155118,589.386446,580.936710,0.981,2.429,0.045
1128,1.128000,744233.661894,-521969.579289,222264.082605,1.307766e+00,-1140.155113,589.386454,580.936533,1.063,3.780,0.051
1129,1.129000,744233.661948,-521611.312020,222622.349928,1.308262e+00,-1140.155108,589.386462,580.936356,1.244,0.207,0.052
1130,1.130000,744233.662001,-521253.517376,222980.144625,1.308758e+00,-1140.155103,589.386470,580.936179,0.966,0.184,0.042
1131,1.131000,744233.662055,-520896.194797,223337.467257,1.309252e+00,-1140.155099,589.386478,580.936002,0.989,0.197,0.038
1132,1.132000,744233.662108,-520539.343678,223694.318430,1.309747e+00,-1140.155094,589.386486,580.935825,0.959,0.206,0.039
1133,1.133000,744233.662162,-520182.963367,224050.698795,1.310240e+00,-1140.155089,589.386494,580.935648,1.047,0.202,0.038
1134,1.134000,744233.662215,-519827.053204,224406.609012,1.310733e+00,-1140.155085,589.386502,580.935471,1.037,0.806,0.044
1135,1.135000,744233.662269,-519471.612481,224762.049788,1.311225e+00,-1140.155080,589.386510,580.935295,1.002,0.342,0.042
1136,1.136000,744233.662322,-519116.640463,225117.021859,1.311717e+00,-1140.155075,589.386518,580.935118,1.029,0.217,0.051
1137,1.137000,744233.662376,-518762.136398,225471.525978,1.312207e+00,-1140.155071,589.386526,580.934941,1.075,0.216,0.049
1138,1.138000,744233.662429,-518408.099489,225825.562940,1.312698e+00,-1140.155066,589.386534,580.934764,1.162,0.861,0.056
1139,1.139000,744233.662483,-518054.528941,226179.133541,1.313187e+00,-1140.155061,589.386542,580.934587,0.996,0.201,0.044
1140,1.140000,744233.662537,-517701.423903,226532.238634,1.313676e+00,-1140.155056,589.386550,580.934410,1.051,0.496,0.050
1141,1.141000,744233.662591,-517348.783510,226884.879080,1.314165e+00,-1140.155052,589.386558,580.934233,1.022,0.227,0.052
1142,1.142000,744233.662645,-516996.606905,227237.055740,1.314652e+00,-1140.155047,589.386566,580.934057,1.321,0.406,0.066
1143,1.143000,744233.662699,-516644.893192,227588.769507,1.315139e+00,-1140.155042,589.386574,580.933880,1.080,0.317,0.071
1144,1.144000,744233.662753,-516293.641443,227940.021310,1.315626e+00,-1140.155038,589.386582,580.933704,1.120,0.982,0.050
1145,1.145000,744233.662807,-515942.850718,228290.812088,1.316111e+00,-1140.155033,589.386590,580.933527,0.975,0.191,0.054
1146,1.146000,744233.662861,-515592.520068,228641.142792,1.316596e+00,-1140.155028,589.386598,580.933350,1.044,18.831,0.051
1147,1.147000,744233.662915,-515242.648520,228991.014395,1.317081e+00,-1140.155023,589.386606,580.933174,0.972,1.210,0.050
1148,1.148000,744233.662969,-514893.235114,229340.427855,1.317565e+00,-1140.155019,589.386614,580.932997,0.989,0.786,0.048
1149,1.149000,744233.663023,-514544.278827,229689.384195,1.318048e+00,-1140.155014,589.386622,580.932820,0.998,0.196,0.045
1150,1.150000,744233.663077,-514195.778651,230037.884426,1.318530e+00,-1140.155009,589.386630,580.932644,0.969,0.608,0.042
1151,1.151000,744233.663131,-513847.733532,230385.929599,1.319012e+00,-1140.155004,589.386638,580.932467,1.008,0.363,0.047
1152,1.152000,744233.663185,-513500.142428,230733.520757,1.319494e+00,-1140.154999,589.386646,580.932291,0.988,0.258,0.045
1153,1.153000,744233.663239,-513153.004307,231080.658932,1.319974e+00,-1140.154995,589.386654,580.932114,1.220,0.936,0.055
1154,1.154000,744233.663293,-512806.318050,231427.345243,1.320454e+00,-1140.154990,589.386662,580.931937,1.174,1.648,0.049
1155,1.155000,744233.663347,-512460.082574,231773.580773,1.320934e+00,-1140.154985,589.386670,580.931761,1.029,0.231,0.054
1156,1.156000,744233.663401,-512114.296721,232119.366679,1.321413e+00,-1140.154980,589.386678,580.931584,1.080,0.200,0.050
1157,1.157000,744233.663455,-511768.959382,232464.704073,1.321891e+00,-1140.154975,589.386686,580.931408,0.977,0.178,0.050
1158,1.158000,744233.663509,-511424.069369,232809.594140,1.322368e+00,-1140.154971,589.386694,580.931231,3.099,0.506,0.045
1159,1.159000,744233.663563,-511079.625502,233154.038061,1.322845e+00,-1140.154966,589.386702,580.931055,1.035,0.197,0.050
1160,1.160000,744233.663617,-510735.626587,233498.037031,1.323322e+00,-1140.154961,589.386710,580.930878,0.998,12.964,0.050
1161,1.161000,744233.663671,-510392.071391,233841.592281,1.323797e+00,-1140.154956,589.386718,580.930702,0.971,0.177,0.046
1162,1.162000,744233.663725,-510048.958663,234184.705063,1.324272e+00,-1140.154951,589.386726,580.930525,1.064,0.212,0.040
1163,1.163000,744233.663779,-509706.287150,234527.376628,1.324747e+00,-1140.154946,589.386734,580.930349,0.993,1.339,0.044
1164,1.164000,744233.663833,-509364.055620,234869.608212,1.325221e+00,-1140.154941,589.386742,580.930172,1.246,0.222,0.053
1165,1.165000,744233.663886,-509022.262810,235211.401077,1.325694e+00,-1140.154936,589.386750,580.929996,0.989,0.458,0.051
1166,1.166000,744233.663940,-508680.907416,235552.756524,1.326167e+00,-1140.154931,589.386758,580.929819,1.020,1.363,0.047
1167,1.167000,744233.663994,-508339.988254,235893.675740,1.326639e+00,-1140.154926,589.386766,580.929643,1.344,0.266,0.056
1168,1.168000,744233.664047,-507999.504100,236234.159947,1.327110e+00,-1140.154921,589.386774,580.929466,1.041,0.200,0.048
1169,1.169000,744233.664101,-507659.453791,236574.210310,1.327581e+00,-1140.154916,589.386782,580.929290,1.122,0.215,0.047
1170,1.170000,744233.664155,-507319.836201,236913.827954,1.328051e+00,-1140.154911,589.386790,580.929113,1.030,1.298,0.043
1171,1.171000,744233.664208,-506980.650260,237253.013948,1.328521e+00,-1140.154906,589.386798,580.928937,0.968,2.176,0.043
1172,1.172000,744233.664262,-506641.894956,237591.769306,1.328990e+00,-1140.154901,589.386806,580.928760,28.067,0.931,0.067
1173,1.173000,744233.664316,-506303.569349,237930.094967,1.329459e+00,-1140.154896,589.386814,580.928584,1.038,0.204,0.043
1174,1.174000,744233.664370,-505965.672608,238267.991762,1.329927e+00,-1140.154891,589.386822,580.928407,1.004,0.222,0.050
1175,1.175000,744233.664424,-505628.203916,238605.460508,1.330394e+00,-1140.154885,589.386830,580.928231,0.960,0.239,0.048
1176,1.176000,744233.664478,-505291.162594,238942.501884,1.330861e+00,-1140.154880,589.386837,580.928054,1.163,0.255,0.049
1177,1.177000,744233.664532,-504954.548002,239279.116530,1.331327e+00,-1140.154875,589.386845,580.927878,1.038,0.212,0.045
1178,1.178000,744233.664587,-504618.359579,239615.305008,1.331792e+00,-1140.154870,589.386853,580.927701,0.998,0.182,0.045
1179,1.179000,744233.664642,-504282.596829,239951.067813,1.332257e+00,-1140.154865,589.386861,580.927524,1.061,0.232,0.039
1180,1.180000,744233.664697,-503947.259328,240286.405370,1.332721e+00,-1140.154860,589.386868,580.927348,0.969,12.618,0.038
1181,1.181000,744233.664753,-503612.346682,240621.318070,1.333185e+00,-1140.154855,589.386876,580.927171,0.968,1.160,0.044
1182,1.182000,744233.664808,-503277.858570,240955.806238,1.333648e+00,-1140.154849,589.386884,580.926994,1.017,0.185,0.048
1183,1.183000,744233.664863,-502943.794684,241289.870179,1.334111e+00,-1140.154844,589.386892,580.926818,0.976,0.184,0.045
1184,1.184000,744233.664918,-502610.154698,241623.510220,1.334573e+00,-1140.154839,589.386900,580.926641,1.002,0.188,0.046
1185,1.185000,744233.664973,-502276.938344,241956.726630,1.335034e+00,-1140.154834,589.386907,580.926464,1.156,0.554,0.056
1186,1.186000,744233.665029,-501944.145342,242289.519687,1.335495e+00,-1140.154829,589.386915,580.926288,1.140,3.977,0.056
1187,1.187000,744233.665084,-501611.775420,242621.889663,1.335955e+00,-1140.154824,589.386923,580.926111,1.211,7.937,0.034
1188,1.188000,744233.665139,-501279.828266,242953.836873,1.336415e+00,-1140.154819,589.386931,580.925934,0.972,0.211,0.055
1189,1.189000,744233.665192,-500948.303555,243285.361637,1.336874e+00,-1140.154813,589.386938,580.925758,1.101,0.319,0.047
1190,1.190000,744233.665244,-500617.200962,243616.464282,1.337333e+00,-1140.154808,589.386946,580.925582,4.848,0.923,0.052
1191,1.191000,744233.665295,-500286.520079,243947.145216,1.337790e+00,-1140.154803,589.386954,580.925407,1.160,0.577,0.064
1192,1.192000,744233.665346,-499956.260523,244277.404823,1.338248e+00,-1140.154798,589.386962,580.925231,1.183,0.837,0.047
1193,1.193000,744233.665397,-499626.421840,244607.243558,1.338704e+00,-1140.154793,589.386970,580.925056,0.986,2.118,0.048
1194,1.194000,744233.665449,-499297.003540,244936.661909,1.339161e+00,-1140.154788,589.386977,580.924880,1.008,0.648,0.092
1195,1.195000,744233.665500,-498968.005073,245265.660427,1.339616e+00,-1140.154782,589.386985,580.924704,0.971,0.205,0.046
1196,1.196000,744233.665551,-498639.425827,245594.239725,1.340071e+00,-1140.154777,589.386993,580.924529,1.007,0.486,0.051
1197,1.197000,744233.665603,-498311.265177,245922.400425,1.340526e+00,-1140.154772,589.387001,580.924353,1.015,0.196,0.041
1198,1.198000,744233.665654,-497983.522381,246250.143273,1.340979e+00,-1140.154767,589.387008,580.924178,1.094,0.967,0.122
1199,1.199000,744233.665705,-497656.196675,246577.469030,1.341433e+00,-1140.154762,589.387016,580.924002,0.975,1.197,0.046
1200,1.200000,744233.665756,-497329.287241,246904.378515,1.341885e+00,-1140.154757,589.387024,580.923827,1.094,27.401,0.055
1201,1.201000,744233.665808,-497002.793187,247230.872621,1.342337e+00,-1140.154752,589.387032,580.923652,0.992,0.188,0.044
1202,1.202000,744233.665859,-496676.713562,247556.952297,1.342789e+00,-1140.154746,589.387040,580.923476,1.004,0.192,0.052
1203,1.203000,744233.665910,-496351.047374,247882.618536,1.343240e+00,-1140.154741,589.387048,580.923301,1.042,0.196,0.052
1204,1.204000,744233.665961,-496025.793585,248207.872377,1.343690e+00,-1140.154736,589.387055,580.923125,1.015,0.192,0.041
1205,1.205000,744233.666012,-495700.951084,248532.714929,1.344140e+00,-1140.154731,589.387063,580.922950,1.035,0.194,0.042
1206,1.206000,744233.666064,-495376.518740,248857.147324,1.344589e+00,-1140.154726,589.387071,580.922774,0.979,0.429,0.046
1207,1.207000,744233.666115,-495052.495397,249181.170718,1.345038e+00,-1140.154721,589.387079,580.922599,1.016,0.218,0.046
1208,1.208000,744233.666166,-494728.879880,249504.786286,1.345486e+00,-1140.154715,589.387086,580.922424,1.101,0.216,0.049
1209,1.209000,744233.666217,-494405.670987,249827.995231,1.345934e+00,-1140.154710,589.387094,580.922248,0.972,1.095,0.044
1210,1.210000,744233.666268,-494082.867522,250150.798746,1.346381e+00,-1140.154705,589.387102,580.922073,1.123,0.216,0.041
1211,1.211000,744233.666319,-493760.468349,250473.197971,1.346827e+00,-1140.154700,589.387110,580.921897,0.976,0.193,0.046
1212,1.212000,744233.666371,-493438.472277,250795.194093,1.347273e+00,-1140.154695,589.387117,580.921722,1.017,0.810,0.051
1213,1.213000,744233.666422,-493116.878180,251116.788242,1.347718e+00,-1140.154690,589.387125,580.921547,1.035,0.219,0.054
1214,1.214000,744233.666473,-492795.684928,251437.981545,1.348163e+00,-1140.154685,589.387133,580.921371,0.983,0.210,0.049
1215,1.215000,744233.666524,-492474.891425,251758.775099,1.348607e+00,-1140.154679,589.387141,580.921196,8.791,4.226,0.047
1216,1.216000,744233.666575,-492154.496614,252079.169961,1.349051e+00,-1140.154674,589.387148,580.921021,1.099,0.231,0.044
1217,1.217000,744233.666626,-491834.499447,252399.167179,1.349494e+00,-1140.154669,589.387156,580.920845,1.154,0.246,1.403
1218,1.218000,744233.666677,-491514.898898,252718.767779,1.349936e+00,-1140.154664,589.387164,580.920670,1.000,0.535,0.056
1219,1.219000,744233.666728,-491195.693894,253037.972834,1.350378e+00,-1140.154659,589.387172,580.920495,0.979,0.198,0.048
1220,1.220000,744233.666780,-490876.883434,253356.783346,1.350820e+00,-1140.154654,589.387180,580.920319,0.984,0.970,0.040
1221,1.221000,744233.666831,-490558.466502,253675.200329,1.351261e+00,-1140.154648,589.387187,580.920144,0.973,0.187,0.041
1222,1.222000,744233.666882,-490240.442067,253993.224815,1.351701e+00,-1140.154643,589.387195,580.919969,0.996,0.191,0.046
1223,1.223000,744233.666933,-489922.809127,254310.857806,1.352141e+00,-1140.154638,589.387203,580.919793,1.153,0.196,0.049
1224,1.224000,744233.666984,-489605.566675,254628.100309,1.352580e+00,-1140.154633,589.387211,580.919618,1.170,1.491,0.056
1225,1.225000,744233.667035,-489288.713762,254944.953273,1.353019e+00,-1140.154628,589.387219,580.919443,0.975,4.533,0.048
1226,1.226000,744233.667086,-488972.249494,255261.417592,1.353457e+00,-1140.154623,589.387226,580.919268,5.550,0.839,0.061
1227,1.227000,744233.667137,-488656.173017,255577.494121,1.353895e+00,-1140.154617,589.387234,580.919092,1.018,0.185,0.044
1228,1.228000,744233.667189,-488340.483540,255893.183649,1.354332e+00,-1140.154612,589.387242,580.918917,1.029,0.195,0.049
1229,1.229000,744233.667240,-488025.180366,256208.486874,1.354769e+00,-1140.154607,589.387250,580.918742,0.975,0.476,0.067
1230,1.230000,744233.667291,-487710.262894,256523.404397,1.355205e+00,-1140.154602,589.387258,580.918566,0.982,0.422,0.048
1231,1.231000,744233.667342,-487395.730604,256837.936738,1.355640e+00,-1140.154597,589.387265,580.918391,3.360,0.299,0.168
1232,1.232000,744233.667393,-487081.583055,257152.084339,1.356075e+00,-1140.154592,589.387273,580.918216,1.220,0.211,0.050
1233,1.233000,744233.667445,-486767.819870,257465.847574,1.356510e+00,-1140.154586,589.387281,580.918041,1.040,0.200,0.046
1234,1.234000,744233.667496,-486454.440736,257779.226760,1.356944e+00,-1140.154581,589.387289,580.917866,0.982,0.187,0.042
1235,1.235000,744233.667547,-486141.445348,258092.222199,1.357377e+00,-1140.154576,589.387297,580.917691,1.005,0.193,0.047
1236,1.236000,744233.667599,-485828.833462,258404.834136,1.357810e+00,-1140.154571,589.387304,580.917515,0.990,0.185,0.038
1237,1.237000,744233.667650,-485516.604807,258717.062843,1.358242e+00,-1140.154565,589.387312,580.917340,1.102,0.393,0.051
1238,1.238000,744233.667702,-485204.759117,259028.908585,1.358674e+00,-1140.154560,589.387320,580.917165,0.966,0.179,0.046
1239,1.239000,744233.667753,-484893.296063,259340.371691,1.359105e+00,-1140.154555,589.387328,580.916991,1.050,0.248,0.048
1240,1.240000,744233.667805,-484582.215304,259651.452501,1.359536e+00,-1140.154550,589.387336,580.916816,0.990,0.188,0.045
1241,1.241000,744233.667857,-484271.516468,259962.151389,1.359966e+00,-1140.154544,589.387343,580.916641,1.011,0.241,0.043
1242,1.242000,744233.667909,-483961.199108,260272.468800,1.360396e+00,-1140.154539,589.387351,580.916467,1.121,0.188,0.040
1243,1.243000,744233.667960,-483651.262712,260582.405248,1.360825e+00,-1140.154534,589.387359,580.916292,1.201,1.079,0.049
1244,1.244000,744233.668012,-483341.706739,260891.961273,1.361254e+00,-1140.154528,589.387367,580.916118,1.298,0.852,0.066
1245,1.245000,744233.668064,-483032.530600,261201.137464,1.361682e+00,-1140.154523,589.387375,580.915943,1.067,0.207,0.067
1246,1.246000,744233.668115,-482723.733695,261509.934420,1.362109e+00,-1140.154518,589.387382,580.915768,1.294,0.216,0.064
1247,1.247000,744233.668167,-482415.315334,261818.352834,1.362536e+00,-1140.154513,589.387390,580.915594,0.987,2.906,0.045
1248,1.248000,744233.668220,-482107.274824,262126.393395,1.362963e+00,-1140.154507,589.387398,580.915420,0.972,3.002,0.044
1249,1.249000,744233.668272,-481799.611445,262434.056827,1.363389e+00,-1140.154502,589.387406,580.915245,4.100,6.000,0.107
1250,1.250000,744233.668324,-481492.324455,262741.343869,1.363814e+00,-1140.154497,589.387414,580.915071,1.062,0.223,0.041
1251,1.251000,744233.668376,-481185.413066,263048.255310,1.364239e+00,-1140.154491,589.387421,580.914897,0.981,0.644,0.046
1252,1.252000,744233.668428,-480878.876542,263354.791886,1.364664e+00,-1140.154486,589.387429,580.914723,1.000,0.218,0.049
1253,1.253000,744233.668481,-480572.714073,263660.954408,1.365088e+00,-1140.154481,589.387437,580.914548,0.977,0.198,0.062
1254,1.254000,744233.668535,-480266.924868,263966.743666,1.365511e+00,-1140.154476,589.387445,580.914374,1.736,1.641,0.196
1255,1.255000,744233.668588,-479961.508156,264272.160432,1.365934e+00,-1140.154470,589.387453,580.914199,1.007,1.208,0.047
1256,1.256000,744233.668642,-479656.463154,264577.205488,1.366357e+00,-1140.154465,589.387461,580.914025,6.087,7.804,0.051
1257,1.257000,744233.668696,-479351.789087,264881.879608,1.366778e+00,-1140.154460,589.387468,580.913850,0.956,0.388,0.043
1258,1.258000,744233.668749,-479047.485168,265186.183582,1.367200e+00,-1140.154454,589.387476,580.913675,1.014,0.187,0.046
1259,1.259000,744233.668803,-478743.550641,265490.118162,1.367621e+00,-1140.154449,589.387484,580.913501,1.117,0.213,0.064
1260,1.260000,744233.668856,-478439.984733,265793.684123,1.368041e+00,-1140.154444,589.387492,580.913326,0.992,0.721,0.044
1261,1.261000,744233.668910,-478136.786694,266096.882216,1.368461e+00,-1140.154439,589.387500,580.913152,0.974,3.929,0.043
1262,1.262000,744233.668964,-477833.955760,266399.713204,1.368880e+00,-1140.154433,589.387507,580.912977,0.975,7.316,0.047
1263,1.263000,744233.669017,-477531.491192,266702.177825,1.369299e+00,-1140.154428,589.387515,580.912803,2.832,0.750,0.067
1264,1.264000,744233.669071,-477229.392263,267004.276808,1.369717e+00,-1140.154423,589.387523,580.912628,1.127,0.974,0.079
1265,1.265000,744233.669124,-476927.658220,267306.010905,1.370135e+00,-1140.154418,589.387531,580.912454,3.609,0.541,0.062
1266,1.266000,744233.669178,-476626.288342,267607.380836,1.370552e+00,-1140.154412,589.387539,580.912279,1.313,1.301,0.050
1267,1.267000,744233.669231,-476325.281903,267908.387328,1.370969e+00,-1140.154407,589.387546,580.912105,1.156,0.498,0.135
1268,1.268000,744233.669285,-476024.638200,268209.031085,1.371386e+00,-1140.154402,589.387554,580.911931,0.966,0.454,0.048
1269,1.269000,744233.669338,-475724.356530,268509.312808,1.371801e+00,-1140.154396,589.387562,580.911756,2.287,0.284,0.056
1270,1.270000,744233.669392,-475424.436208,268809.233184,1.372217e+00,-1140.154391,589.387570,580.911582,0.991,0.248,0.047
1271,1.271000,744233.669445,-475124.876566,269108.792879,1.372631e+00,-1140.154386,589.387578,580.911407,0.996,0.223,0.049
1272,1.272000,744233.669499,-474825.676940,269407.992559,1.373046e+00,-1140.154381,589.387585,580.911232,0.978,0.768,0.046
1273,1.273000,744233.669552,-474526.836726,269706.832826,1.373460e+00,-1140.154375,589.387593,580.911058,1.310,0.246,0.047
1274,1.274000,744233.669605,-474228.355250,270005.314355,1.373873e+00,-1140.154370,589.387601,580.910883,1.033,0.220,0.045
1275,1.275000,744233.669659,-473930.231904,270303.437755,1.374286e+00,-1140.154365,589.387609,580.910709,1.700,0.194,0.043
1276,1.276000,744233.669712,-473632.466066,270601.203646,1.374698e+00,-1140.154359,589.387617,580.910534,1.166,0.182,0.057
1277,1.277000,744233.669765,-473335.057129,270898.612636,1.375110e+00,-1140.154354,589.387625,580.910359,1.150,0.222,0.042
1278,1.278000,744233.669818,-473038.004483,271195.665335,1.375521e+00,-1140.154349,589.387632,580.910185,1.182,1.064,0.053
1279,1.279000,744233.669872,-472741.307488,271492.362384,1.375932e+00,-1140.154344,589.387640,580.910010,1.013,1.077,0.050
1280,1.280000,744233.669925,-472444.965532,271788.704393,1.376342e+00,-1140.154338,589.387648,580.909835,1.141,0.791,0.057
1281,1.281000,744233.669978,-472148.977978,272084.692001,1.376752e+00,-1140.154333,589.387656,580.909661,1.010,0.455,0.052
1282,1.282000,744233.670032,-471853.344161,272380.325871,1.377161e+00,-1140.154328,589.387664,580.909486,1.229,0.220,0.063
1283,1.283000,744233.670085,-471558.063430,272675.606655,1.377570e+00,-1140.154322,589.387671,580.909311,0.988,0.397,0.055
1284,1.284000,744233.670138,-471263.135088,272970.535050,1.377979e+00,-1140.154317,589.387679,580.909137,1.243,0.266,0.060
1285,1.285000,744233.670191,-470968.558429,273265.111762,1.378387e+00,-1140.154312,589.387687,580.908962,1.097,0.573,0.093
1286,1.286000,744233.670245,-470674.332690,273559.337555,1.378794e+00,-1140.154306,589.387695,580.908787,0.990,0.616,0.050
1287,1.287000,744233.670298,-470380.457141,273853.213157,1.379201e+00,-1140.154301,589.387702,580.908613,2.467,5.802,9.161
1288,1.288000,744233.670351,-470086.930977,274146.739374,1.379607e+00,-1140.154296,589.387710,580.908438,1.189,3.901,0.081
1289,1.289000,744233.670405,-469793.753439,274439.916965,1.380013e+00,-1140.154290,589.387718,580.908264,1.162,2.759,0.058
1290,1.290000,744233.670458,-469500.923717,274732.746741,1.380419e+00,-1140.154285,589.387726,580.908089,1.077,0.211,0.056
1291,1.291000,744233.670511,-469208.440964,275025.229547,1.380824e+00,-1140.154280,589.387734,580.907915,1.083,0.193,0.052
1292,1.292000,744233.670565,-468916.304334,275317.366230,1.381228e+00,-1140.154274,589.387741,580.907740,1.077,2.887,0.041
1293,1.293000,744233.670618,-468624.512971,275609.157647,1.381632e+00,-1140.154269,589.387749,580.907565,1.050,0.386,0.043
1294,1.294000,744233.670671,-468333.066018,275900.604653,1.382036e+00,-1140.154264,589.387757,580.907391,0.955,0.476,0.047
1295,1.295000,744233.670725,-468041.962629,276191.708096,1.382439e+00,-1140.154258,589.387765,580.907216,1.197,3.751,0.053
1296,1.296000,744233.670778,-467751.201926,276482.468851,1.382842e+00,-1140.154253,589.387772,580.907042,1.191,0.516,0.049
1297,1.297000,744233.670831,-467460.783063,276772.887768,1.383244e+00,-1140.154248,589.387780,580.906867,1.006,0.189,0.039
1298,1.298000,744233.670885,-467170.705220,277062.965664,1.383645e+00,-1140.154242,589.387788,580.906693,1.048,0.551,0.039
1299,1.299000,744233.670938,-466880.967552,277352.703386,1.384047e+00,-1140.154237,589.387795,580.906518,1.224,1.721,0.048
1300,1.300000,744233.670991,-466591.569262,277642.101729,1.384447e+00,-1140.154232,589.387803,580.906343,0.980,0.523,0.046
1301,1.301000,744233.671045,-466302.509607,277931.161437,1.384848e+00,-1140.154226,589.387811,580.906169,1.067,0.269,0.050
1302,1.302000,744233.671098,-466013.787824,278219.883274,1.385247e+00,-1140.154221,589.387819,580.905994,1.115,0.240,0.049
1303,1.303000,744233.671151,-465725.403195,278508.267957,1.385647e+00,-1140.154215,589.387826,580.905820,4.098,1.394,0.049
1304,1.304000,744233.671205,-465437.355050,278796.316154,1.386046e+00,-1140.154210,589.387834,580.905646,1.230,0.577,0.104
1305,1.305000,744233.671258,-465149.642744,279084.028514,1.386444e+00,-1140.154205,589.387842,580.905471,1.008,1.972,0.048
1306,1.306000,744233.671312,-464862.265669,279371.405643,1.386842e+00,-1140.154199,589.387849,580.905297,1.070,0.999,0.059
1307,1.307000,744233.671365,-464575.223255,279658.448110,1.387239e+00,-1140.154194,589.387857,580.905122,1.107,1.149,0.046
1308,1.308000,744233.671418,-464288.514974,279945.156444,1.387636e+00,-1140.154189,589.387865,580.904948,1.487,3.122,0.060
1309,1.309000,744233.671472,-464002.140318,280231.531154,1.388033e+00,-1140.154183,589.387873,580.904774,0.978,0.378,0.047
1310,1.310000,744233.671525,-463716.098821,280517.572704,1.388429e+00,-1140.154178,589.387880,580.904599,1.109,0.233,0.058
1311,1.311000,744233.671578,-463430.390077,280803.281501,1.388825e+00,-1140.154173,589.387888,580.904425,1.204,0.913,0.047
1312,1.312000,744233.671631,-463145.013693,281088.657939,1.389220e+00,-1140.154167,589.387896,580.904251,0.988,0.396,0.045
1313,1.313000,744233.671684,-462859.969326,281373.702358,1.389614e+00,-1140.154162,589.387903,580.904077,1.005,0.421,0.039
1314,1.314000,744233.671737,-462575.256636,281658.415101,1.390009e+00,-1140.154156,589.387911,580.903902,1.003,13.466,0.046
1315,1.315000,744233.671790,-462290.875348,281942.796443,1.390402e+00,-1140.154151,589.387919,580.903728,1.036,0.235,0.101
1316,1.316000,744233.671843,-462006.825202,282226.846642,1.390796e+00,-1140.154146,589.387927,580.903554,5.340,5.605,0.045
1317,1.317000,744233.671896,-461723.105962,282510.565934,1.391189e+00,-1140.154140,589.387935,580.903380,1.009,0.192,0.049
1318,1.318000,744233.671949,-461439.717437,282793.954512,1.391581e+00,-1140.154135,589.387943,580.903206,1.290,0.323,0.050
1319,1.319000,744233.672001,-461156.659443,283077.012559,1.391973e+00,-1140.154129,589.387950,580.903032,0.988,4.934,0.046
1320,1.320000,744233.672054,-460873.931809,283359.740245,1.392365e+00,-1140.154124,589.387958,580.902858,1.242,27.747,0.040
1321,1.321000,744233.672107,-460591.534388,283642.137718,1.392756e+00,-1140.154118,589.387966,580.902684,1.040,0.209,0.038
1322,1.322000,744233.672159,-460309.467005,283924.205154,1.393146e+00,-1140.154113,589.387974,580.902510,1.088,0.222,0.050
1323,1.323000,744233.672212,-460027.729533,284205.942679,1.393536e+00,-1140.154107,589.387982,580.902336,1.028,1.227,0.044
1324,1.324000,744233.672265,-459746.321800,284487.350465,1.393926e+00,-1140.154102,589.387990,580.902161,0.971,0.834,0.044
1325,1.325000,744233.672317,-459465.243663,284768.428654,1.394315e+00,-1140.154096,589.387998,580.901987,1.026,0.179,0.044
1326,1.326000,744233.672370,-459184.494947,285049.177423,1.394704e+00,-1140.154091,589.388006,580.901813,1.066,2.815,0.046
1327,1.327000,744233.672422,-458904.075460,285329.596962,1.395092e+00,-1140.154085,589.388014,580.901640,1.204,1.055,0.048
1328,1.328000,744233.672475,-458623.984976,285609.687499,1.395480e+00,-1140.154080,589.388022,580.901466,1.020,8.214,0.060
1329,1.329000,744233.672527,-458344.223287,285889.449240,1.395867e+00,-1140.154074,589.388030,580.901292,0.987,0.192,0.044
1330,1.330000,744233.672579,-458064.790128,286168.882451,1.396254e+00,-1140.154069,589.388038,580.901118,1.027,0.190,0.047
1331,1.331000,744233.672631,-457785.685214,286447.987417,1.396641e+00,-1140.154063,589.388046,580.900945,1.098,1.196,0.044
1332,1.332000,744233.672684,-457506.908207,286726.764476,1.397027e+00,-1140.154058,589.388054,580.900771,0.974,0.737,0.043
1333,1.333000,744233.672736,-457228.458768,287005.213968,1.397412e+00,-1140.154052,589.388062,580.900598,1.126,0.804,0.045
1334,1.334000,744233.672788,-456950.336501,287283.336287,1.397797e+00,-1140.154047,589.388070,580.900424,1.031,0.211,0.055
1335,1.335000,744233.672840,-456672.541008,287561.131832,1.398182e+00,-1140.154041,589.388078,580.900251,0.991,0.188,0.047
1336,1.336000,744233.672892,-456395.071815,287838.601077,1.398566e+00,-1140.154036,589.388086,580.900077,0.989,0.312,0.045
1337,1.337000,744233.672944,-456117.928446,288115.744498,1.398950e+00,-1140.154030,589.388094,580.899904,1.289,0.544,0.043
1338,1.338000,744233.672996,-455841.110398,288392.562598,1.399333e+00,-1140.154025,589.388102,580.899730,1.023,0.963,0.045
1339,1.339000,744233.673048,-455564.617118,288669.055930,1.399716e+00,-1140.154019,589.388110,580.899557,1.144,0.260,0.049
1340,1.340000,744233.673101,-455288.448034,288945.225067,1.400099e+00,-1140.154014,589.388118,580.899384,0.993,5.957,0.048
1341,1.341000,744233.673153,-455012.602539,289221.070614,1.400481e+00,-1140.154008,589.388126,580.899210,1.197,1.865,0.042
1342,1.342000,744233.673206,-454737.080009,289496.593196,1.400862e+00,-1140.154003,589.388134,580.899037,1.504,0.203,0.291
1343,1.343000,744233.673258,-454461.879792,289771.793466,1.401243e+00,-1140.153998,589.388142,580.898864,1.197,1.444,0.036
1344,1.344000,744233.673311,-454187.001242,290046.672069,1.401624e+00,-1140.153992,589.388150,580.898691,1.031,0.562,0.046
1345,1.345000,744233.673363,-453912.443643,290321.229720,1.402004e+00,-1140.153987,589.388158,580.898518,1.558,0.265,0.078
1346,1.346000,744233.673416,-453638.206277,290595.467138,1.402384e+00,-1140.153981,589.388166,580.898345,1.045,0.244,0.045
1347,1.347000,744233.673468,-453364.288442,290869.385027,1.402763e+00,-1140.153976,589.388174,580.898172,1.050,23.581,0.048
1348,1.348000,744233.673521,-453090.689411,291142.984110,1.403142e+00,-1140.153970,589.388182,580.897999,0.952,0.173,0.035
1349,1.349000,744233.673573,-452817.408451,291416.265123,1.403520e+00,-1140.153965,589.388190,580.897825,0.993,0.192,0.040
1350,1.350000,744233.673626,-452544.444853,291689.228773,1.403898e+00,-1140.153959,589.388198,580.897652,1.326,0.219,0.049
1351,1.351000,744233.673678,-452271.797901,291961.875777,1.404276e+00,-1140.153954,589.388206,580.897479,0.975,0.401,0.052
1352,1.352000,744233.673731,-451999.466886,292234.206845,1.404653e+00,-1140.153948,589.388214,580.897306,0.964,0.215,0.045
1353,1.353000,744233.673783,-451727.451158,292506.222625,1.405030e+00,-1140.153943,589.388222,580.897133,0.984,0.234,0.046
1354,1.354000,744233.673836,-451455.750087,292777.923749,1.405406e+00,-1140.153937,589.388230,580.896960,1.085,3.612,0.051
1355,1.355000,744233.673889,-451184.363059,293049.310830,1.405782e+00,-1140.153932,589.388238,580.896787,2.844,1.357,0.050
1356,1.356000,744233.673941,-450913.289517,293320.384424,1.406157e+00,-1140.153926,589.388246,580.896614,1.035,0.192,0.045
1357,1.357000,744233.673994,-450642.528929,293591.145064,1.406532e+00,-1140.153921,589.388254,580.896441,1.201,6.314,0.058
1358,1.358000,744233.674046,-450372.080783,293861.593263,1.406906e+00,-1140.153915,589.388262,580.896268,1.141,0.227,0.037
1359,1.359000,744233.674099,-450101.944635,294131.729464,1.407280e+00,-1140.153910,589.388270,580.896095,1.386,0.304,0.042
1360,1.360000,744233.674151,-449832.120031,294401.554120,1.407654e+00,-1140.153904,589.388278,580.895922,1.260,0.262,0.049
1361,1.361000,744233.674203,-449562.606564,294671.067639,1.408027e+00,-1140.153899,589.388286,580.895749,1.019,0.621,0.059
1362,1.362000,744233.674255,-449293.403887,294940.270369,1.408400e+00,-1140.153893,589.388294,580.895577,0.992,7.224,0.063
1363,1.363000,744233.674308,-449024.511617,295209.162690,1.408772e+00,-1140.153888,589.388302,580.895404,0.946,0.711,0.049
1364,1.364000,744233.674360,-448755.929414,295477.744947,1.409144e+00,-1140.153882,589.388310,580.895232,1.033,0.573,0.051
1365,1.365000,744233.674413,-448487.656915,295746.017498,1.409516e+00,-1140.153877,589.388318,580.895060,13.018,4.992,0.122
1366,1.366000,744233.674466,-448219.693761,296013.980705,1.409887e+00,-1140.153871,589.388326,580.894887,1.175,0.254,0.058
1367,1.367000,744233.674518,-447952.039581,296281.634937,1.410257e+00,-1140.153866,589.388334,580.894715,1.095,0.241,0.060
1368,1.368000,744233.674571,-447684.693992,296548.980579,1.410627e+00,-1140.153860,589.388342,580.894542,1.172,0.265,0.053
1369,1.369000,744233.674623,-447417.656607,296816.018017,1.410997e+00,-1140.153855,589.388350,580.894370,1.068,0.216,0.059
1370,1.370000,744233.674676,-447150.926982,297082.747693,1.411367e+00,-1140.153849,589.388358,580.894198,1.065,0.209,0.062
1371,1.371000,744233.674728,-446884.504711,297349.170017,1.411735e+00,-1140.153844,589.388366,580.894026,3.238,0.357,0.127
1372,1.372000,744233.674780,-446618.389354,297615.285426,1.412104e+00,-1140.153838,589.388373,580.893853,1.022,0.541,0.054
1373,1.373000,744233.674832,-446352.580433,297881.094399,1.412472e+00,-1140.153832,589.388381,580.893681,1.013,0.187,0.051
1374,1.374000,744233.674885,-446087.077480,298146.597405,1.412840e+00,-1140.153827,589.388389,580.893509,3.135,1.263,0.076
1375,1.375000,744233.674937,-445821.880017,298411.794920,1.413207e+00,-1140.153821,589.388397,580.893337,1.060,1.220,0.116
1376,1.376000,744233.674989,-445556.987549,298676.687440,1.413574e+00,-1140.153816,589.388405,580.893165,1.091,1.019,0.065
1377,1.377000,744233.675041,-445292.399579,298941.275463,1.413940e+00,-1140.153810,589.388413,580.892993,4.864,0.657,9.563
1378,1.378000,744233.675094,-445028.115609,299205.559485,1.414306e+00,-1140.153805,589.388421,580.892821,2.872,0.282,0.116
1379,1.379000,744233.675146,-444764.135126,299469.540020,1.414672e+00,-1140.153799,589.388429,580.892649,0.943,0.962,0.069
1380,1.380000,744233.675198,-444500.457617,299733.217582,1.415037e+00,-1140.153794,589.388437,580.892477,1.376,0.489,0.056
1381,1.381000,744233.675251,-444237.082573,299996.592677,1.415401e+00,-1140.153788,589.388445,580.892305,1.038,0.289,0.058
1382,1.382000,744233.675303,-443974.009483,300259.665820,1.415766e+00,-1140.153783,589.388453,580.892133,0.998,0.194,0.043
1383,1.383000,744233.675356,-443711.237813,300522.437542,1.416129e+00,-1140.153777,589.388461,580.891961,1.081,0.420,0.058
1384,1.384000,744233.675408,-443448.767045,300784.908363,1.416493e+00,-1140.153772,589.388469,580.891789,1.019,0.200,0.057
1385,1.385000,744233.675460,-443186.596623,301047.078837,1.416856e+00,-1140.153766,589.388477,580.891617,0.993,0.482,0.044
1386,1.386000,744233.675513,-442924.726035,301308.949478,1.417219e+00,-1140.153760,589.388485,580.891445,1.010,0.194,0.037
1387,1.387000,744233.675565,-442663.154743,301570.520822,1.417581e+00,-1140.153755,589.388493,580.891273,1.077,0.241,0.056
1388,1.388000,744233.675617,-442401.882172,301831.793445,1.417943e+00,-1140.153749,589.388501,580.891101,5.499,2.587,0.059
1389,1.389000,744233.675670,-442140.907773,302092.767896,1.418304e+00,-1140.153744,589.388509,580.890929,2.725,0.544,0.051
1390,1.390000,744233.675722,-441880.230980,302353.444742,1.418665e+00,-1140.153738,589.388517,580.890757,6.128,1.259,0.121
1391,1.391000,744233.675774,-441619.851229,302613.824545,1.419025e+00,-1140.153733,589.388525,580.890585,0.962,3.742,0.043
1392,1.392000,744233.675827,-441359.767985,302873.907842,1.419386e+00,-1140.153727,589.388534,580.890413,0.991,1.618,0.045
1393,1.393000,744233.675879,-441099.980642,303133.695237,1.419745e+00,-1140.153722,589.388542,580.890241,1.081,1.449,0.045
1394,1.394000,744233.675931,-440840.488642,303393.187289,1.420105e+00,-1140.153716,589.388550,580.890069,0.959,0.686,0.045
1395,1.395000,744233.675983,-440581.291429,303652.384554,1.420463e+00,-1140.153711,589.388558,580.889898,36.516,10.221,0.117
1396,1.396000,744233.676036,-440322.388461,303911.287575,1.420822e+00,-1140.153705,589.388566,580.889726,0.945,10.378,0.045
1397,1.397000,744233.676088,-440063.779216,304169.896872,1.421180e+00,-1140.153699,589.388574,580.889554,0.999,2.746,0.052
1398,1.398000,744233.676141,-439805.463163,304428.212978,1.421538e+00,-1140.153694,589.388582,580.889382,1.209,0.759,0.063
1399,1.399000,744233.676193,-439547.439794,304686.236399,1.421895e+00,-1140.153688,589.388590,580.889211,1.049,0.538,0.052
1400,1.400000,744233.676245,-439289.708616,304943.967629,1.422252e+00,-1140.153683,589.388598,580.889039,1.389,17.326,0.063
1401,1.401000,744233.676298,-439032.269160,305201.407138,1.422608e+00,-1140.153677,589.388606,580.888868,1.005,2.768,0.053
1402,1.402000,744233.676349,-438775.120950,305458.555399,1.422964e+00,-1140.153672,589.388614,580.888696,1.353,1.325,0.055
1403,1.403000,744233.676400,-438518.263520,305715.412879,1.423320e+00,-1140.153667,589.388623,580.888525,1.396,0.478,0.054
1404,1.404000,744233.676450,-438261.696440,305971.980010,1.423675e+00,-1140.153662,589.388631,580.888353,1.632,0.563,0.061
1405,1.405000,744233.676501,-438005.419254,306228.257247,1.424030e+00,-1140.153656,589.388639,580.888182,1.131,0.256,0.060
1406,1.406000,744233.676551,-437749.431530,306484.245021,1.424385e+00,-1140.153651,589.388647,580.888010,3.237,0.263,0.159
1407,1.407000,744233.676601,-437493.732832,306739.943769,1.424739e+00,-1140.153646,589.388655,580.887839,0.969,0.493,0.049
1408,1.408000,744233.676652,-437238.322695,306995.353957,1.425092e+00,-1140.153641,589.388663,580.887668,1.061,0.206,0.049
1409,1.409000,744233.676702,-436983.200659,307250.476043,1.425446e+00,-1140.153636,589.388671,580.887496,0.952,0.185,0.040
1410,1.410000,744233.676752,-436728.366239,307505.310513,1.425799e+00,-1140.153631,589.388679,580.887325,1.169,0.189,0.048
1411,1.411000,744233.676803,-436473.818908,307759.857894,1.426151e+00,-1140.153626,589.388687,580.887154,1.051,0.217,0.036
1412,1.412000,744233.676853,-436219.558138,308014.118715,1.426503e+00,-1140.153621,589.388695,580.886983,1.028,1.331,0.044
1413,1.413000,744233.676904,-435965.583359,308268.093545,1.426855e+00,-1140.153616,589.388703,580.886812,0.965,0.225,0.044
1414,1.414000,744233.676955,-435711.894001,308521.782953,1.427206e+00,-1140.153611,589.388711,580.886641,1.222,0.452,0.058
1415,1.415000,744233.677005,-435458.489465,308775.187540,1.427557e+00,-1140.153606,589.388719,580.886470,1.020,0.254,0.052
1416,1.416000,744233.677055,-435205.369103,309028.307952,1.427907e+00,-1140.153600,589.388727,580.886299,1.011,0.223,0.047
1417,1.417000,744233.677106,-434952.532294,309281.144812,1.428258e+00,-1140.153595,589.388735,580.886129,1.073,0.217,0.047
1418,1.418000,744233.677156,-434699.978398,309533.698758,1.428607e+00,-1140.153590,589.388743,580.885958,1.100,0.233,0.057
1419,1.419000,744233.677206,-434447.706740,309785.970466,1.428957e+00,-1140.153585,589.388751,580.885788,1.027,0.195,0.050
1420,1.420000,744233.677257,-434195.716673,310037.960584,1.429305e+00,-1140.153579,589.388759,580.885617,1.127,0.221,0.058
1421,1.421000,744233.677308,-433944.007518,310289.669790,1.429654e+00,-1140.153574,589.388767,580.885447,1.006,0.213,0.051
1422,1.422000,744233.677358,-433692.578629,310541.098729,1.430002e+00,-1140.153569,589.388775,580.885276,1.058,0.600,0.048
1423,1.423000,744233.677409,-433441.429359,310792.248050,1.430350e+00,-1140.153563,589.388783,580.885106,2.632,0.262,0.111
1424,1.424000,744233.677459,-433190.559054,311043.118406,1.430697e+00,-1140.153558,589.388791,580.884935,0.997,0.191,0.047
1425,1.425000,744233.677510,-432939.967098,311293.710412,1.431044e+00,-1140.153553,589.388799,580.884765,0.972,0.385,0.052
1426,1.426000,744233.677557,-432689.652869,311544.024688,1.431391e+00,-1140.153547,589.388807,580.884594,2.797,0.210,0.119
1427,1.427000,744233.677602,-432439.615772,311794.061830,1.431737e+00,-1140.153540,589.388815,580.884424,0.978,0.184,0.043
1428,1.428000,744233.677646,-432189.855211,312043.822435,1.432083e+00,-1140.153534,589.388823,580.884254,1.094,0.664,0.050
1429,1.429000,744233.677690,-431940.370584,312293.307106,1.432428e+00,-1140.153528,589.388831,580.884083,1.100,1.316,0.054
1430,1.430000,744233.677734,-431691.161350,312542.516384,1.432774e+00,-1140.153522,589.388839,580.883913,1.051,0.754,0.048
1431,1.431000,744233.677778,-431442.226938,312791.450840,1.433118e+00,-1140.153515,589.388847,580.883742,1.061,10.465,0.049
1432,1.432000,744233.677822,-431193.566822,313040.111001,1.433463e+00,-1140.153509,589.388855,580.883572,0.978,1.405,0.046
1433,1.433000,744233.677867,-430945.180448,313288.497418,1.433806e+00,-1140.153503,589.388863,580.883402,1.045,3.160,0.043
1434,1.434000,744233.677911,-430697.067311,313536.610599,1.434150e+00,-1140.153496,589.388871,580.883232,1.018,6.702,0.117
1435,1.435000,744233.677955,-430449.226907,313784.451048,1.434493e+00,-1140.153490,589.388879,580.883062,0.998,13.040,0.040
1436,1.436000,744233.677999,-430201.658738,314032.019261,1.434836e+00,-1140.153484,589.388887,580.882892,0.970,0.305,0.049
1437,1.437000,744233.678043,-429954.362325,314279.315718,1.435178e+00,-1140.153478,589.388895,580.882722,1.110,0.327,0.049
1438,1.438000,744233.678088,-429707.337181,314526.340907,1.435520e+00,-1140.153471,589.388903,580.882552,1.023,0.227,0.049
1439,1.439000,744233.678132,-429460.582876,314773.095256,1.435862e+00,-1140.153465,589.388911,580.882381,1.022,0.597,0.049
1440,1.440000,744233.678176,-429214.098929,315019.579247,1.436203e+00,-1140.153459,589.388919,580.882211,0.992,0.194,0.062
1441,1.441000,744233.678220,-428967.884895,315265.793325,1.436544e+00,-1140.153452,589.388927,580.882041,1.031,0.197,0.046
1442,1.442000,744233.678265,-428721.940324,315511.737940,1.436885e+00,-1140.153446,589.388935,580.881871,0.986,0.551,0.207
1443,1.443000,744233.678309,-428476.264764,315757.413545,1.437225e+00,-1140.153440,589.388943,580.881702,2.897,0.543,0.076
1444,1.444000,744233.678354,-428230.857760,316002.820594,1.437565e+00,-1140.153434,589.388951,580.881532,53.673,0.382,0.047
1445,1.445000,744233.678398,-427985.718854,316247.959544,1.437904e+00,-1140.153427,589.388959,580.881362,1.353,1.247,0.066
1446,1.446000,744233.678442,-427740.847590,316492.830851,1.438243e+00,-1140.153421,589.388967,580.881193,1.213,0.239,0.060
1447,1.447000,744233.678486,-427496.243492,316737.434994,1.438582e+00,-1140.153414,589.388975,580.881023,1.042,0.295,0.062
1448,1.448000,744233.678530,-427251.906065,316981.772465,1.438920e+00,-1140.153408,589.388983,580.880853,0.969,0.481,0.046
1449,1.449000,744233.678574,-427007.834837,317225.843737,1.439258e+00,-1140.153402,589.388991,580.880684,1.036,1.009,0.051
1450,1.450000,744233.678618,-426764.029277,317469.649341,1.439596e+00,-1140.153395,589.388999,580.880515,1.182,3.669,0.046
1451,1.451000,744233.678662,-426520.488891,317713.189770,1.439933e+00,-1140.153389,589.389007,580.880345,1.094,1.239,0.063
1452,1.452000,744233.678705,-426277.213137,317956.465569,1.440270e+00,-1140.153383,589.389015,580.880176,1.049,0.214,0.056
1453,1.453000,744233.678749,-426034.201476,318199.477274,1.440607e+00,-1140.153376,589.389023,580.880007,0.976,2.233,0.036
1454,1.454000,744233.678793,-425791.453378,318442.225415,1.440943e+00,-1140.153370,589.389031,580.879838,1.054,0.213,0.049
1455,1.455000,744233.678837,-425548.968272,318684.710564,1.441279e+00,-1140.153364,589.389039,580.879669,1.026,0.336,0.051
1456,1.456000,744233.678880,-425306.745639,318926.933241,1.441614e+00,-1140.153357,589.389047,580.879500,1.011,0.190,0.049
1457,1.457000,744233.678924,-425064.784925,319168.893999,1.441949e+00,-1140.153351,589.389055,580.879331,1.027,1.111,0.045
1458,1.458000,744233.678968,-424823.085585,319410.593382,1.442284e+00,-1140.153345,589.389063,580.879162,1.020,2.111,0.067
1459,1.459000,744233.679012,-424581.647073,319652.031939,1.442618e+00,-1140.153338,589.389071,580.878993,1.109,1.030,0.048
1460,1.460000,744233.679056,-424340.468872,319893.210184,1.442952e+00,-1140.153332,589.389079,580.878824,1.597,0.797,0.045
1461,1.461000,744233.679100,-424099.550488,320134.128612,1.443286e+00,-1140.153326,589.389087,580.878656,1.011,0.954,0.039
1462,1.462000,744233.679144,-423858.891424,320374.787720,1.443619e+00,-1140.153319,589.389095,580.878487,1.008,3.190,0.050
1463,1.463000,744233.679189,-423618.491223,320615.187966,1.443952e+00,-1140.153313,589.389103,580.878318,1.157,0.189,0.052
1464,1.464000,744233.679233,-423378.349446,320855.329787,1.444284e+00,-1140.153306,589.389111,580.878149,1.553,0.241,0.063
1465,1.465000,744233.679277,-423138.465684,321095.213592,1.444616e+00,-1140.153300,589.389119,580.877980,1.484,0.463,0.061
1466,1.466000,744233.679321,-422898.839555,321334.839766,1.444948e+00,-1140.153294,589.389127,580.877812,1.016,1.333,0.051
1467,1.467000,744233.679365,-422659.470690,321574.208675,1.445280e+00,-1140.153287,589.389135,580.877643,1.085,0.212,0.049
1468,1.468000,744233.679409,-422420.358778,321813.320631,1.445611e+00,-1140.153281,589.389143,580.877474,0.945,5.456,0.046
1469,1.469000,744233.679453,-422181.503530,322052.175923,1.445941e+00,-1140.153275,589.389151,580.877306,0.967,0.202,0.047
1470,1.470000,744233.679497,-421942.904687,322290.774810,1.446272e+00,-1140.153268,589.389159,580.877137,1.052,0.217,0.039
1471,1.471000,744233.679541,-421704.561995,322529.117546,1.446602e+00,-1140.153262,589.389167,580.876969,1.299,0.222,0.049
1472,1.472000,744233.679585,-421466.475243,322767.204342,1.446932e+00,-1140.153256,589.389175,580.876800,1.131,0.210,0.048
1473,1.473000,744233.679629,-421228.644232,323005.035397,1.447261e+00,-1140.153249,589.389183,580.876632,1.009,0.191,0.045
1474,1.474000,744233.679673,-420991.068789,323242.610884,1.447590e+00,-1140.153243,589.389191,580.876464,0.998,0.477,0.046
1475,1.475000,744233.679717,-420753.748723,323479.930994,1.447918e+00,-1140.153236,589.389199,580.876295,1.108,0.214,0.052
1476,1.476000,744233.679760,-420516.683877,323716.995884,1.448247e+00,-1140.153230,589.389207,580.876127,1.091,2.553,0.052
1477,1.477000,744233.679804,-420279.874096,323953.805708,1.448575e+00,-1140.153224,589.389216,580.875959,1.086,1.406,0.040
1478,1.478000,744233.679848,-420043.319230,324190.360618,1.448902e+00,-1140.153217,589.389224,580.875791,1.001,1.680,0.048
1479,1.479000,744233.679891,-419807.019138,324426.660753,1.449229e+00,-1140.153211,589.389232,580.875623,0.992,1.039,0.071
1480,1.480000,744233.679935,-419570.973650,324662.706285,1.449556e+00,-1140.153204,589.389240,580.875454,0.983,3.584,0.042
1481,1.481000,744233.679979,-419335.182619,324898.497360,1.449883e+00,-1140.153198,589.389248,580.875286,6.523,21.648,0.074
1482,1.482000,744233.680023,-419099.645862,325134.034160,1.450209e+00,-1140.153191,589.389256,580.875118,0.976,0.383,0.046
1483,1.483000,744233.680066,-418864.363201,325369.316866,1.450535e+00,-1140.153185,589.389264,580.874950,1.204,0.520,0.056
1484,1.484000,744233.680110,-418629.334434,325604.345676,1.450860e+00,-1140.153178,589.389272,580.874782,1.087,0.219,0.044
1485,1.485000,744233.680154,-418394.559339,325839.120815,1.451185e+00,-1140.153172,589.389280,580.874614,1.022,0.192,0.040
1486,1.486000,744233.680198,-418160.037715,326073.642483,1.451510e+00,-1140.153165,589.389288,580.874446,0.992,5.086,0.064
1487,1.487000,744233.680242,-417925.769322,326307.910920,1.451834e+00,-1140.153159,589.389296,580.874278,1.097,0.289,0.059
1488,1.488000,744233.680286,-417691.753909,326541.926377,1.452158e+00,-1140.153152,589.389304,580.874111,0.998,0.223,0.048
1489,1.489000,744233.680330,-417457.991210,326775.689120,1.452482e+00,-1140.153146,589.389312,580.873943,1.029,0.224,0.116
1490,1.490000,744233.680374,-417224.480961,327009.199413,1.452805e+00,-1140.153139,589.389320,580.873775,0.998,0.573,0.048
1491,1.491000,744233.680418,-416991.222882,327242.457536,1.453128e+00,-1140.153133,589.389328,580.873608,0.984,0.813,0.052
1492,1.492000,744233.680462,-416758.216676,327475.463786,1.453451e+00,-1140.153126,589.389336,580.873440,1.027,0.189,0.053
1493,1.493000,744233.680506,-416525.462028,327708.218478,1.453773e+00,-1140.153120,589.389344,580.873273,1.002,0.581,0.040
1494,1.494000,744233.680549,-416292.958630,327940.721919,1.454095e+00,-1140.153113,589.389352,580.873105,1.183,0.233,0.054
1495,1.495000,744233.680593,-416060.706178,328172.974416,1.454417e+00,-1140.153107,589.389360,580.872938,1.003,0.230,0.047
1496,1.496000,744233.680638,-415828.704317,328404.976321,1.454738e+00,-1140.153100,589.389368,580.872771,0.993,2.276,0.047
1497,1.497000,744233.680682,-415596.952733,328636.727949,1.455059e+00,-1140.153094,589.389376,580.872603,1.695,0.343,0.099
1498,1.498000,744233.680726,-415365.451069,328868.229657,1.455380e+00,-1140.153087,589.389384,580.872436,1.899,5.886,0.071
1499,1.499000,744233.680770,-415134.198997,329099.481773,1.455700e+00,-1140.153081,589.389392,580.872269,1.330,0.636,0.049
1500,1.500000,744233.680814,-414903.196195,329330.484619,1.456020e+00,-1140.153074,589.389400,580.872102,2.042,2.249,0.129
1501,1.501000,744233.680858,-414672.442300,329561.238558,1.456339e+00,-1140.153068,589.389408,580.871934,1.042,3.742,0.045
1502,1.502000,744233.680902,-414441.936987,329791.743915,1.456658e+00,-1140.153061,589.389416,580.871767,1.074,7.687,0.069
1503,1.503000,744233.680947,-414211.679892,330022.001055,1.456977e+00,-1140.153055,589.389424,580.871600,1.198,1.031,0.052
1504,1.504000,744233.680991,-413981.670693,330252.010298,1.457296e+00,-1140.153048,589.389432,580.871432,1.080,0.196,0.059
1505,1.505000,744233.681035,-413751.909034,330481.772001,1.457614e+00,-1140.153042,589.389440,580.871265,0.962,5.655,0.043
1506,1.506000,744233.681079,-413522.394583,330711.286496,1.457932e+00,-1140.153035,589.389448,580.871098,0.973,0.182,0.048
1507,1.507000,744233.681123,-413293.126997,330940.554126,1.458249e+00,-1140.153029,589.389456,580.870931,1.702,1.013,0.047
1508,1.508000,744233.681167,-413064.105944,331169.575223,1.458566e+00,-1140.153022,589.389464,580.870763,1.054,3.152,0.046
1509,1.509000,744233.681211,-412835.331091,331398.350120,1.458883e+00,-1140.153016,589.389472,580.870596,1.097,0.233,0.051
1510,1.510000,744233.681256,-412606.802081,331626.879175,1.459199e+00,-1140.153009,589.389480,580.870429,1.018,0.811,0.051
1511,1.511000,744233.681300,-412378.518614,331855.162686,1.459515e+00,-1140.153003,589.389488,580.870262,0.968,2.667,0.048
1512,1.512000,744233.681344,-412150.480330,332083.201014,1.459831e+00,-1140.152996,589.389496,580.870094,0.997,0.236,0.047
1513,1.513000,744233.681388,-411922.686906,332310.994481,1.460147e+00,-1140.152990,589.389504,580.869927,0.976,0.935,0.049
1514,1.514000,744233.681432,-411695.137993,332538.543439,1.460462e+00,-1140.152983,589.389512,580.869760,2.857,3.389,0.131
1515,1.515000,744233.681476,-411467.833272,332765.848204,1.460776e+00,-1140.152977,589.389520,580.869593,1.007,18.333,0.042
1516,1.516000,744233.681520,-411240.772404,332992.909116,1.461091e+00,-1140.152970,589.389528,580.869425,1.016,3.489,0.046
1517,1.517000,744233.681564,-411013.955049,333219.726515,1.461405e+00,-1140.152964,589.389536,580.869258,1.166,0.269,0.056
1518,1.518000,744233.681609,-410787.380875,333446.300734,1.461719e+00,-1140.152957,589.389544,580.869091,1.190,0.186,0.052
1519,1.519000,744233.681653,-410561.049551,333672.632103,1.462032e+00,-1140.152951,589.389552,580.868924,0.953,1.302,0.039
1520,1.520000,744233.681698,-410334.960707,333898.720991,1.462345e+00,-1140.152944,589.389560,580.868758,1.115,14.227,0.046
1521,1.521000,744233.681743,-410109.114019,334124.567724,1.462658e+00,-1140.152938,589.389568,580.868591,1.791,1.185,1.508
1522,1.522000,744233.681787,-409883.509121,334350.172666,1.462970e+00,-1140.152931,589.389576,580.868424,1.115,0.271,0.042
1523,1.523000,744233.681832,-409658.145665,334575.536166,1.463282e+00,-1140.152925,589.389584,580.868257,1.275,1.756,0.048
1524,1.524000,744233.681876,-409433.023288,334800.658588,1.463594e+00,-1140.152918,589.389592,580.868091,1.021,0.192,0.047
1525,1.525000,744233.681921,-409208.141625,335025.540296,1.463905e+00,-1140.152912,589.389600,580.867924,0.995,0.786,0.053
1526,1.526000,744233.681966,-408983.500296,335250.181670,1.464217e+00,-1140.152905,589.389608,580.867757,1.091,0.219,0.049
1527,1.527000,744233.682011,-408759.098937,335474.583074,1.464527e+00,-1140.152899,589.389616,580.867591,0.979,0.192,0.045
1528,1.528000,744233.682055,-408534.937150,335698.744906,1.464838e+00,-1140.152892,589.389624,580.867424,1.056,0.447,0.060
1529,1.529000,744233.682100,-408311.014537,335922.667563,1.465148e+00,-1140.152886,589.389632,580.867257,2.623,0.463,0.049
1530,1.530000,744233.682145,-408087.330727,336146.351417,1.465457e+00,-1140.152879,589.389640,580.867091,1.096,1.106,0.051
1531,1.531000,744233.682190,-407863.885284,336369.796905,1.465767e+00,-1140.152873,589.389648,580.866924,1.000,0.189,0.046
1532,1.532000,744233.682235,-407640.677801,336593.004433,1.466076e+00,-1140.152866,589.389656,580.866757,1.034,0.259,0.055
1533,1.533000,744233.682280,-407417.707863,336815.974417,1.466385e+00,-1140.152860,589.389664,580.866591,0.983,0.235,0.054
1534,1.534000,744233.682325,-407194.975053,337038.707272,1.466693e+00,-1140.152853,589.389672,580.866425,1.268,0.214,0.050
1535,1.535000,744233.682370,-406972.478957,337261.203413,1.467001e+00,-1140.152847,589.389680,580.866258,1.069,0.237,0.054
1536,1.536000,744233.682416,-406750.219144,337483.463271,1.467309e+00,-1140.152840,589.389688,580.866092,2.162,0.232,0.146
1537,1.537000,744233.682461,-406528.195200,337705.487261,1.467616e+00,-1140.152834,589.389696,580.865926,1.056,0.243,0.056
1538,1.538000,744233.682507,-406306.406678,337927.275829,1.467923e+00,-1140.152827,589.389704,580.865760,1.008,2.622,0.040
1539,1.539000,744233.682552,-406084.853182,338148.829371,1.468230e+00,-1140.152821,589.389712,580.865594,1.280,0.273,0.054
1540,1.540000,744233.682598,-405863.534286,338370.148312,1.468537e+00,-1140.152814,589.389720,580.865428,1.016,0.314,0.067
1541,1.541000,744233.682643,-405642.449566,338591.233077,1.468843e+00,-1140.152808,589.389728,580.865262,1.076,0.216,0.059
1542,1.542000,744233.682689,-405421.598638,338812.084051,1.469149e+00,-1140.152801,589.389735,580.865096,0.996,0.333,0.044
1543,1.543000,744233.682735,-405200.981074,339032.701661,1.469454e+00,-1140.152795,589.389743,580.864930,1.049,0.229,0.047
1544,1.544000,744233.682780,-404980.596475,339253.086305,1.469759e+00,-1140.152788,589.389752,580.864764,3.452,1.280,7.428
1545,1.545000,744233.682826,-404760.444420,339473.238406,1.470064e+00,-1140.152782,589.389760,580.864598,0.969,23.146,0.035
1546,1.546000,744233.682872,-404540.524514,339693.158357,1.470369e+00,-1140.152775,589.389768,580.864433,1.833,0.237,0.092
1547,1.547000,744233.682918,-404320.836362,339912.846555,1.470673e+00,-1140.152769,589.389776,580.864267,1.180,0.841,0.046
1548,1.548000,744233.682964,-404101.379542,340132.303421,1.470977e+00,-1140.152762,589.389784,580.864102,1.018,0.192,0.040
1549,1.549000,744233.683010,-403882.153655,340351.529355,1.471280e+00,-1140.152755,589.389792,580.863937,0.967,0.179,0.037
1550,1.550000,744233.683056,-403663.158301,340570.524755,1.471584e+00,-1140.152749,589.389800,580.863771,0.968,0.536,0.042
1551,1.551000,744233.683102,-403444.393035,340789.290066,1.471886e+00,-1140.152742,589.389808,580.863606,4.871,2.880,0.058
1552,1.552000,744233.683147,-403225.857451,341007.825696,1.472189e+00,-1140.152736,589.389816,580.863441,2.487,0.428,0.051
1553,1.553000,744233.683193,-403007.551106,341226.132088,1.472491e+00,-1140.152729,589.389824,580.863275,1.228,27.311,0.040
1554,1.554000,744233.683239,-402789.473547,341444.209693,1.472793e+00,-1140.152723,589.389832,580.863110,1.023,0.319,0.059
1555,1.555000,744233.683285,-402571.624321,341662.058964,1.473095e+00,-1140.152716,589.389840,580.862945,1.188,0.228,0.070
1556,1.556000,744233.683331,-402354.002962,341879.680369,1.473396e+00,-1140.152709,589.389848,580.862779,1.215,0.236,0.048
1557,1.557000,744233.683377,-402136.608993,342097.074385,1.473697e+00,-1140.152703,589.389856,580.862614,2.677,0.609,0.136
1558,1.558000,744233.683423,-401919.441923,342314.241500,1.473998e+00,-1140.152696,589.389864,580.862449,2.441,0.245,0.056
1559,1.559000,744233.683469,-401702.501256,342531.182213,1.474298e+00,-1140.152690,589.389872,580.862283,1.013,0.203,0.044
1560,1.560000,744233.683515,-401485.786483,342747.897032,1.474599e+00,-1140.152683,589.389880,580.862118,3.534,2.115,0.052
1561,1.561000,744233.683561,-401269.297096,342964.386466,1.474898e+00,-1140.152677,589.389888,580.861953,1.015,2.691,0.062
1562,1.562000,744233.683607,-401053.032559,343180.651048,1.475198e+00,-1140.152670,589.389896,580.861788,2.200,0.393,0.047
1563,1.563000,744233.683653,-400836.992361,343396.691292,1.475497e+00,-1140.152663,589.389904,580.861622,1.036,0.381,0.112
1564,1.564000,744233.683698,-400621.175994,343612.507705,1.475796e+00,-1140.152657,589.389912,580.861457,1.062,1.674,0.048
1565,1.565000,744233.683744,-400405.582896,343828.100848,1.476094e+00,-1140.152650,589.389920,580.861292,1.105,0.222,0.047
1566,1.566000,744233.683789,-400190.212551,344043.471238,1.476392e+00,-1140.152644,589.389928,580.861127,1.067,0.204,0.052
1567,1.567000,744233.683834,-399975.064436,344258.619398,1.476690e+00,-1140.152637,589.389936,580.860963,1.285,0.245,0.053
1568,1.568000,744233.683878,-399760.138024,344473.545854,1.476988e+00,-1140.152630,589.389944,580.860799,1.053,0.223,0.067
1569,1.569000,744233.683923,-399545.432808,344688.251115,1.477285e+00,-1140.152624,589.389952,580.860634,1.000,0.211,0.044
1570,1.570000,744233.683967,-399330.948264,344902.735703,1.477582e+00,-1140.152617,589.389960,580.860470,0.987,0.493,0.046
1571,1.571000,744233.684012,-399116.683922,345117.000090,1.477879e+00,-1140.152611,589.389968,580.860306,1.110,0.269,0.040
1572,1.572000,744233.684057,-398902.639256,345331.044801,1.478175e+00,-1140.152604,589.389976,580.860141,1.134,0.291,0.046
1573,1.573000,744233.684101,-398688.813808,345544.870294,1.478471e+00,-1140.152597,589.389984,580.859977,1.156,1.282,0.126
1574,1.574000,744233.684146,-398475.207104,345758.477042,1.478767e+00,-1140.152590,589.389992,580.859813,1.040,0.523,0.043
1575,1.575000,744233.684191,-398261.818693,345971.865497,1.479063e+00,-1140.152583,589.390000,580.859649,1.159,0.224,0.046
1576,1.576000,744233.684235,-398048.648125,346185.036111,1.479358e+00,-1140.152577,589.390008,580.859485,1.095,0.221,0.086
1577,1.577000,744233.684280,-397835.694992,346397.989288,1.479653e+00,-1140.152570,589.390016,580.859321,0.986,0.631,0.045
1578,1.578000,744233.684325,-397622.958875,346610.725450,1.479947e+00,-1140.152563,589.390024,580.859157,1.140,0.261,0.048
1579,1.579000,744233.684370,-397410.439388,346823.244982,1.480242e+00,-1140.152556,589.390032,580.858993,3.103,1.273,0.051
1580,1.580000,744233.684415,-397198.136150,347035.548265,1.480536e+00,-1140.152549,589.390040,580.858829,1.030,0.691,0.132
1581,1.581000,744233.684460,-396986.048783,347247.635677,1.480829e+00,-1140.152542,589.390048,580.858665,1.193,0.732,0.056
1582,1.582000,744233.684505,-396774.176944,347459.507562,1.481123e+00,-1140.152536,589.390056,580.858502,1.019,0.705,0.050
1583,1.583000,744233.684550,-396562.520290,347671.164261,1.481416e+00,-1140.152529,589.390064,580.858338,1.109,0.278,0.045
1584,1.584000,744233.684596,-396351.078509,347882.606087,1.481708e+00,-1140.152522,589.390072,580.858174,1.084,0.509,0.054
1585,1.585000,744233.684641,-396139.851289,348093.833352,1.482001e+00,-1140.152515,589.390080,580.858011,1.032,2.916,0.048
1586,1.586000,744233.684686,-395928.838321,348304.846365,1.482293e+00,-1140.152508,589.390088,580.857847,1.105,0.227,0.040
1587,1.587000,744233.684731,-395718.039308,348515.645423,1.482585e+00,-1140.152501,589.390096,580.857684,1.146,0.231,0.047
1588,1.588000,744233.684776,-395507.453965,348726.230811,1.482877e+00,-1140.152494,589.390104,580.857520,1.085,0.203,0.055
1589,1.589000,744233.684820,-395297.082016,348936.602804,1.483168e+00,-1140.152487,589.390112,580.857357,4.050,0.218,0.160
1590,1.590000,744233.684864,-395086.923175,349146.761689,1.483459e+00,-1140.152479,589.390120,580.857193,1.087,0.215,0.042
1591,1.591000,744233.684907,-394876.977165,349356.707743,1.483750e+00,-1140.152472,589.390127,580.857030,1.140,0.875,0.055
1592,1.592000,744233.684941,-394667.243727,349566.441214,1.484040e+00,-1140.152465,589.390136,580.856866,1.015,0.632,0.043
1593,1.593000,744233.684966,-394457.722564,349775.962401,1.484330e+00,-1140.152458,589.390145,580.856703,1.034,0.216,0.048
1594,1.594000,744233.684990,-394248.413427,349985.271563,1.484620e+00,-1140.152451,589.390155,580.856539,1.009,0.183,0.042
1595,1.595000,744233.685014,-394039.316019,350194.368996,1.484910e+00,-1140.152444,589.390164,580.856376,1.180,0.804,0.052
1596,1.596000,744233.685039,-393830.430083,350403.254956,1.485199e+00,-1140.152437,589.390174,580.856212,1.041,1.351,0.052
1597,1.597000,744233.685063,-393621.755351,350611.929713,1.485488e+00,-1140.152430,589.390183,580.856049,1.395,2.263,0.048
1598,1.598000,744233.685088,-393413.291529,350820.393559,1.485776e+00,-1140.152422,589.390193,580.855885,1.054,0.623,0.047
1599,1.599000,744233.685112,-393205.038354,351028.646758,1.486065e+00,-1140.152415,589.390202,580.855721,1.107,0.257,0.054
1600,1.600000,744233.685137,-392996.995563,351236.689574,1.486353e+00,-1140.152408,589.390212,580.855558,1.209,0.797,0.056
1601,1.601000,744233.685161,-392789.162913,351444.522248,1.486641e+00,-1140.152401,589.390221,580.855394,1.114,0.299,0.049
1602,1.602000,744233.685186,-392581.540126,351652.145059,1.486928e+00,-1140.152394,589.390230,580.855231,1.163,0.272,0.065
1603,1.603000,744233.685210,-392374.126971,351859.558239,1.487215e+00,-1140.152387,589.390240,580.855067,1.033,0.899,0.047
1604,1.604000,744233.685234,-392166.923204,352066.762031,1.487502e+00,-1140.152380,589.390249,580.854904,1.018,0.217,0.049
1605,1.605000,744233.685259,-391959.928613,352273.756646,1.487789e+00,-1140.152373,589.390259,580.854741,1.218,0.795,0.060
1606,1.606000,744233.685283,-391753.142979,352480.542304,1.488075e+00,-1140.152365,589.390268,580.854577,1.131,0.250,0.044
1607,1.607000,744233.685308,-391546.566090,352687.119218,1.488361e+00,-1140.152358,589.390277,580.854414,1.138,3.678,0.045
1608,1.608000,744233.685332,-391340.197769,352893.487563,1.488647e+00,-1140.152351,589.390287,580.854250,1.021,3.717,0.042
1609,1.609000,744233.685357,-391134.037831,353099.647525,1.488932e+00,-1140.152344,589.390296,580.854087,3.300,1.279,0.088
1610,1.610000,744233.685381,-390928.086121,353305.599260,1.489218e+00,-1140.152337,589.390305,580.853923,2.490,0.681,0.056
1611,1.611000,744233.685405,-390722.342481,353511.342924,1.489503e+00,-1140.152330,589.390315,580.853760,1.093,0.239,0.059
1612,1.612000,744233.685429,-390516.806756,353716.878673,1.489787e+00,-1140.152323,589.390324,580.853596,1.194,1.779,0.054
1613,1.613000,744233.685453,-390311.478805,353922.206648,1.490071e+00,-1140.152315,589.390333,580.853433,1.050,0.224,0.049
1614,1.614000,744233.685477,-390106.358509,354127.326969,1.490355e+00,-1140.152308,589.390342,580.853270,1.045,0.204,0.052
1615,1.615000,744233.685502,-389901.445733,354332.239769,1.490639e+00,-1140.152301,589.390351,580.853106,0.977,17.412,0.045
1616,1.616000,744233.685526,-389696.740372,354536.945154,1.490923e+00,-1140.152294,589.390361,580.852943,1.064,0.246,0.051
1617,1.617000,744233.685550,-389492.242285,354741.443265,1.491206e+00,-1140.152287,589.390370,580.852780,1.136,0.599,0.054
1618,1.618000,744233.685574,-389287.951338,354945.734236,1.491489e+00,-1140.152280,589.390379,580.852616,1.005,0.510,0.046
1619,1.619000,744233.685598,-389083.867414,355149.818184,1.491771e+00,-1140.152273,589.390388,580.852453,1.236,0.880,0.049
1620,1.620000,744233.685621,-388879.990375,355353.695245,1.492054e+00,-1140.152266,589.390397,580.852290,1.676,0.914,0.047
1621,1.621000,744233.685641,-388676.320095,355557.365546,1.492336e+00,-1140.152259,589.390405,580.852127,1.016,1.271,0.052
1622,1.622000,744233.685661,-388472.856434,355760.829227,1.492617e+00,-1140.152252,589.390414,580.851963,1.001,2.999,0.046
1623,1.623000,744233.685682,-388269.599237,355964.086444,1.492899e+00,-1140.152244,589.390422,580.851800,1.091,0.234,0.050
1624,1.624000,744233.685702,-388066.548360,356167.137342,1.493180e+00,-1140.152237,589.390430,580.851637,1.097,0.234,0.054
1625,1.625000,744233.685722,-387863.703636,356369.982086,1.493461e+00,-1140.152230,589.390438,580.851474,1.149,16.002,0.051
1626,1.626000,744233.685742,-387661.064876,356572.620866,1.493741e+00,-1140.152223,589.390447,580.851311,1.213,0.239,0.059
1627,1.627000,744233.685762,-387458.631900,356775.053862,1.494022e+00,-1140.152216,589.390455,580.851148,1.025,0.256,0.046
1628,1.628000,744233.685782,-387256.404496,356977.281286,1.494302e+00,-1140.152209,589.390463,580.850985,1.614,0.304,0.049
1629,1.629000,744233.685802,-387054.382472,357179.303330,1.494581e+00,-1140.152202,589.390472,580.850822,1.043,16.237,0.049
1630,1.630000,744233.685822,-386852.565586,357381.120236,1.494861e+00,-1140.152194,589.390480,580.850659,1.012,0.230,0.053
1631,1.631000,744233.685842,-386650.953609,357582.732232,1.495140e+00,-1140.152187,589.390488,580.850497,1.191,1.019,0.048
1632,1.632000,744233.685862,-386449.546299,357784.139563,1.495419e+00,-1140.152180,589.390496,580.850334,0.987,0.200,0.040
1633,1.633000,744233.685882,-386248.343376,357985.342506,1.495698e+00,-1140.152173,589.390505,580.850171,2.286,0.473,0.183
1634,1.634000,744233.685902,-386047.344539,358186.341363,1.495976e+00,-1140.152165,589.390513,580.850008,1.029,0.197,0.049
1635,1.635000,744233.685922,-385846.549487,358387.136435,1.496254e+00,-1140.152158,589.390521,580.849845,1.010,0.195,0.046
1636,1.636000,744233.685942,-385645.957915,358587.728028,1.496532e+00,-1140.152151,589.390530,580.849683,1.325,0.243,0.053
1637,1.637000,744233.685963,-385445.569469,358788.116494,1.496809e+00,-1140.152144,589.390538,580.849520,1.085,0.255,0.054
1638,1.638000,744233.685983,-385245.383784,358988.302199,1.497086e+00,-1140.152137,589.390546,580.849358,1.062,1.048,0.054
1639,1.639000,744233.686004,-385045.400475,359188.285529,1.497363e+00,-1140.152129,589.390554,580.849195,1.033,10.509,0.052
1640,1.640000,744233.686024,-384845.619161,359388.066864,1.497640e+00,-1140.152122,589.390563,580.849033,1.207,0.229,0.052
1641,1.641000,744233.686045,-384646.039411,359587.646634,1.497916e+00,-1140.152115,589.390571,580.848870,1.204,4.131,0.053
1642,1.642000,744233.686066,-384446.660805,359787.025261,1.498192e+00,-1140.152108,589.390579,580.848708,1.052,1.004,0.044
1643,1.643000,744233.686087,-384247.482898,359986.203189,1.498468e+00,-1140.152101,589.390587,580.848546,1.475,7.815,0.039
1644,1.644000,744233.686108,-384048.505246,360185.180862,1.498744e+00,-1140.152093,589.390596,580.848383,1.143,0.333,0.059
1645,1.645000,744233.686129,-383849.727381,360383.958748,1.499019e+00,-1140.152086,589.390604,580.848221,1.021,0.212,0.043
1646,1.646000,744233.686149,-383651.148853,360582.537296,1.499294e+00,-1140.152079,589.390612,580.848059,1.213,0.297,0.064
1647,1.647000,744233.686170,-383452.769186,360780.916984,1.499569e+00,-1140.152072,589.390621,580.847896,1.253,0.604,0.062
1648,1.648000,744233.686191,-383254.587902,360979.098289,1.499843e+00,-1140.152064,589.390629,580.847734,1.179,1.707,0.057
1649,1.649000,744233.686211,-383056.604550,361177.081661,1.500117e+00,-1140.152057,589.390637,580.847572,6.497,8.098,0.104
1650,1.650000,744233.686231,-382858.818670,361374.867562,1.500391e+00,-1140.152050,589.390645,580.847410,1.009,0.900,0.044
1651,1.651000,744233.686251,-382661.229810,361572.456442,1.500665e+00,-1140.152043,589.390653,580.847248,1.359,0.707,0.050
1652,1.652000,744233.686272,-382463.837560,361769.848711,1.500938e+00,-1140.152035,589.390661,580.847086,1.140,0.196,0.059
1653,1.653000,744233.686289,-382266.641500,361967.044789,1.501211e+00,-1140.152028,589.390669,580.846924,1.033,0.203,0.046
1654,1.654000,744233.686304,-382069.641235,362164.045069,1.501484e+00,-1140.152021,589.390676,580.846762,1.047,0.217,0.045
1655,1.655000,744233.686319,-381872.836410,362360.849908,1.501756e+00,-1140.152014,589.390683,580.846600,1.092,0.302,0.048
1656,1.656000,744233.686333,-381676.226677,362557.459656,1.502029e+00,-1140.152007,589.390690,580.846439,1.214,0.198,0.054
1657,1.657000,744233.686348,-381479.811703,362753.874645,1.502301e+00,-1140.151999,589.390697,580.846277,1.175,0.617,0.052
1658,1.658000,744233.686363,-381283.591188,362950.095175,1.502572e+00,-1140.151992,589.390704,580.846115,1.018,0.193,0.047
1659,1.659000,744233.686377,-381087.564849,363146.121528,1.502844e+00,-1140.151985,589.390711,580.845954,2.814,0.223,0.132
1660,1.660000,744233.686392,-380891.732402,363341.953990,1.503115e+00,-1140.151978,589.390718,580.845792,1.229,2.969,0.052
1661,1.661000,744233.686406,-380696.093610,363537.592797,1.503386e+00,-1140.151970,589.390725,580.845630,1.008,0.389,0.051
1662,1.662000,744233.686421,-380500.648221,363733.038200,1.503656e+00,-1140.151963,589.390732,580.845469,1.029,1.087,0.047
1663,1.663000,744233.686435,-380305.396006,363928.290429,1.503927e+00,-1140.151956,589.390739,580.845308,1.196,0.307,0.058
1664,1.664000,744233.686450,-380110.336745,364123.349704,1.504197e+00,-1140.151949,589.390746,580.845146,1.038,0.212,0.054
1665,1.665000,744233.686464,-379915.470227,364318.216238,1.504467e+00,-1140.151942,589.390752,580.844985,1.090,0.631,0.052
1666,1.666000,744233.686479,-379720.796249,364512.890230,1.504736e+00,-1140.151934,589.390759,580.844824,1.027,23.311,0.043
1667,1.667000,744233.686493,-379526.314612,364707.371882,1.505006e+00,-1140.151927,589.390766,580.844663,1.062,0.221,0.046
1668,1.668000,744233.686508,-379332.025112,364901.661396,1.505275e+00,-1140.151920,589.390773,580.844502,1.135,0.239,0.049
1669,1.669000,744233.686522,-379137.927567,365095.758955,1.505543e+00,-1140.151912,589.390780,580.844341,1.012,0.408,0.046
1670,1.670000,744233.686536,-378944.021775,365289.664761,1.505812e+00,-1140.151904,589.390787,580.844180,4.485,0.904,0.137
1671,1.671000,744233.686549,-378750.307564,365483.378985,1.506080e+00,-1140.151897,589.390794,580.844019,1.169,0.445,0.048
1672,1.672000,744233.686563,-378556.784746,365676.901817,1.506348e+00,-1140.151889,589.390801,580.843858,1.015,0.505,0.050
1673,1.673000,744233.686577,-378363.453152,365870.233425,1.506616e+00,-1140.151882,589.390808,580.843697,1.139,0.578,0.036
1674,1.674000,744233.686591,-378170.312594,366063.373997,1.506883e+00,-1140.151874,589.390815,580.843536,1.070,0.553,0.049
1675,1.675000,744233.686605,-377977.362927,366256.323678,1.507150e+00,-1140.151867,589.390823,580.843375,1.067,0.221,0.047
1676,1.676000,744233.686618,-377784.603975,366449.082643,1.507417e+00,-1140.151859,589.390830,580.843214,1.006,0.779,0.048
1677,1.677000,744233.686632,-377592.035589,366641.651043,1.507684e+00,-1140.151851,589.390837,580.843053,1.047,0.207,0.051
1678,1.678000,744233.686647,-377399.657604,366834.029042,1.507950e+00,-1140.151844,589.390844,580.842893,1.383,0.649,0.043
1679,1.679000,744233.686662,-377207.469876,367026.216786,1.508216e+00,-1140.151836,589.390851,580.842733,1.026,2.952,0.050
1680,1.680000,744233.686678,-377015.472246,367218.214432,1.508482e+00,-1140.151828,589.390858,580.842573,1.222,0.285,0.041
1681,1.681000,744233.686694,-376823.664544,367410.022151,1.508748e+00,-1140.151821,589.390865,580.842413,1.030,0.452,0.055
1682,1.682000,744233.686710,-376632.046619,367601.640091,1.509013e+00,-1140.151813,589.390872,580.842253,1.032,0.220,0.052
1683,1.683000,744233.686726,-376440.618321,367793.068405,1.509278e+00,-1140.151805,589.390879,580.842093,1.351,0.270,0.049
1684,1.684000,744233.686742,-376249.379484,367984.307259,1.509543e+00,-1140.151797,589.390886,580.841933,1.049,0.239,0.053
1685,1.685000,744233.686758,-376058.329963,368175.356796,1.509808e+00,-1140.151790,589.390894,580.841773,1.063,2.681,0.043
1686,1.686000,744233.686775,-375867.469581,368366.217194,1.510072e+00,-1140.151782,589.390901,580.841613,1.191,0.245,0.048
1687,1.687000,744233.686791,-375676.798191,368556.888600,1.510336e+00,-1140.151774,589.390908,580.841454,1.262,0.268,0.039
1688,1.688000,744233.686807,-375486.315632,368747.371175,1.510600e+00,-1140.151766,589.390915,580.841294,1.077,0.222,0.049
1689,1.689000,744233.686823,-375296.021734,368937.665089,1.510863e+00,-1140.151758,589.390922,580.841135,1.041,3.653,0.048
1690,1.690000,744233.686840,-375105.916333,369127.770507,1.511126e+00,-1140.151751,589.390929,580.840976,1.215,0.235,0.065
1691,1.691000,744233.686856,-374915.999275,369317.687580,1.511389e+00,-1140.151743,589.390936,580.840818,1.245,0.250,0.062
1692,1.692000,744233.686872,-374726.270408,369507.416463,1.511652e+00,-1140.151735,589.390943,580.840659,1.083,0.342,0.057
1693,1.693000,744233.686888,-374536.729570,369696.957317,1.511915e+00,-1140.151727,589.390950,580.840500,1.089,0.260,0.055
1694,1.694000,744233.689216,-374347.376605,369886.312612,1.512177e+00,-1140.151739,589.390672,580.840198,0.988,1.555,0.051
1695,1.695000,744233.693817,-374158.211337,370075.482480,1.512439e+00,-1140.151769,589.390111,580.839753,1.048,3.746,0.049
1696,1.696000,744233.698365,-373969.233642,370264.464723,1.512700e+00,-1140.151800,589.389552,580.839310,1.211,0.703,0.047
1697,1.697000,744233.702901,-373780.443366,370453.259534,1.512962e+00,-1140.151830,589.388996,580.838868,1.032,0.207,0.048
1698,1.698000,744233.707435,-373591.840350,370641.867085,1.513223e+00,-1140.151860,589.388441,580.838427,1.091,1.453,0.045
1699,1.699000,744233.711967,-373403.424446,370830.287521,1.513484e+00,-1140.151890,589.387887,580.837986,1.171,0.436,0.057
1700,1.700000,744233.716496,-373215.195497,371018.521000,1.513744e+00,-1140.151920,589.387334,580.837545,0.997,1.188,0.048
1701,1.701000,744233.721007,-373027.153355,371206.567653,1.514005e+00,-1140.151950,589.386783,580.837105,0.994,0.536,0.051
1702,1.702000,744233.725499,-372839.297868,371394.427631,1.514265e+00,-1140.151980,589.386235,580.836666,1.064,2.858,0.055
1703,1.703000,744233.729986,-372651.628867,371582.101120,1.514525e+00,-1140.152009,589.385686,580.836228,1.954,0.977,0.048
1704,1.704000,744233.734467,-372464.146202,371769.588265,1.514784e+00,-1140.152039,589.385139,580.835790,3.161,1.371,0.154
1705,1.705000,744233.738945,-372276.849703,371956.889241,1.515044e+00,-1140.152069,589.384594,580.835353,1.141,1.302,0.052
1706,1.706000,744233.743422,-372089.739201,372144.004221,1.515303e+00,-1140.152100,589.384051,580.834917,1.020,0.688,0.049
1707,1.707000,744233.747897,-371902.814526,372330.933371,1.515562e+00,-1140.152131,589.383509,580.834484,1.005,0.187,0.042
1708,1.708000,744233.752373,-371716.075499,372517.676874,1.515820e+00,-1140.152162,589.382968,580.834051,3.921,0.696,0.049
1709,1.709000,744233.756848,-371529.521934,372704.234914,1.516079e+00,-1140.152192,589.382426,580.833620,1.160,2.952,0.107
1710,1.710000,744233.761319,-371343.153617,372890.607703,1.516337e+00,-1140.152223,589.381886,580.833189,1.198,14.647,0.043
1711,1.711000,744233.765756,-371156.970360,373076.795396,1.516595e+00,-1140.152254,589.381348,580.832759,1.017,0.982,0.041
1712,1.712000,744233.770159,-370970.971932,373262.798227,1.516852e+00,-1140.152285,589.380813,580.832330,1.028,0.373,0.048
1713,1.713000,744233.774565,-370785.158128,373448.616437,1.517109e+00,-1140.152315,589.380278,580.831901,1.050,0.249,0.046
1714,1.714000,744233.778973,-370599.528710,373634.250264,1.517366e+00,-1140.152345,589.379744,580.831473,1.031,0.197,0.048
1715,1.715000,744233.783381,-370414.083433,373819.699949,1.517623e+00,-1140.152374,589.379212,580.831046,1.203,0.249,0.044
1716,1.716000,744233.787781,-370228.822055,374004.965727,1.517880e+00,-1140.152404,589.378681,580.830619,1.022,0.197,0.052
1717,1.717000,744233.792162,-370043.744318,374190.047844,1.518136e+00,-1140.152434,589.378152,580.830195,1.005,0.218,0.049
1718,1.718000,744233.796530,-369858.849982,374374.946548,1.518392e+00,-1140.152463,589.377624,580.829771,1.027,0.201,0.053
1719,1.719000,744233.800883,-369674.138743,374559.662140,1.518648e+00,-1140.152493,589.377097,580.829350,1.022,0.596,0.049
1720,1.720000,744233.805185,-369489.610339,374744.194846,1.518903e+00,-1140.152523,589.376574,580.828930,1.029,3.251,0.049
1721,1.721000,744233.807317,-369305.264497,374928.542820,1.519159e+00,-1140.152536,589.376311,580.828714,1.046,0.196,0.054
1722,1.722000,744233.807317,-369121.100914,375112.706402,1.519414e+00,-1140.152531,589.376305,580.828703,2.615,0.203,0.138
1723,1.723000,744233.807316,-368937.119303,375296.688014,1.519668e+00,-1140.152527,589.376300,580.828691,1.259,0.386,0.055
1724,1.724000,744233.807316,-368753.319352,375480.487964,1.519923e+00,-1140.152523,589.376295,580.828680,1.071,0.212,0.044
1725,1.725000,744233.807315,-368569.700763,375664.106553,1.520177e+00,-1140.152518,589.376290,580.828669,1.104,0.229,0.041
1726,1.726000,744233.807315,-368386.263195,375847.544120,1.520431e+00,-1140.152514,589.376285,580.828657,1.054,0.202,0.051
1727,1.727000,744233.807315,-368203.006330,376030.800984,1.520685e+00,-1140.152510,589.376280,580.828646,1.696,0.691,0.048
1728,1.728000,744233.807314,-368019.929829,376213.877485,1.520938e+00,-1140.152505,589.376275,580.828635,1.196,50.213,0.055
1729,1.729000,744233.807314,-367837.033369,376396.773945,1.521192e+00,-1140.152501,589.376270,580.828623,1.026,0.219,0.052
1730,1.730000,744233.807314,-367654.316596,376579.490718,1.521445e+00,-1140.152497,589.376265,580.828612,16.984,0.924,0.094
1731,1.731000,744233.807313,-367471.779155,376762.028158,1.521697e+00,-1140.152492,589.376260,580.828600,1.079,0.235,0.055
1732,1.732000,744233.807313,-367289.420690,376944.386623,1.521950e+00,-1140.152488,589.376255,580.828589,1.055,0.194,0.046
1733,1.733000,744233.807312,-367107.240816,377126.566497,1.522202e+00,-1140.152484,589.376250,580.828578,1.146,0.224,0.045
1734,1.734000,744233.807312,-366925.239189,377308.568122,1.522454e+00,-1140.152479,589.376245,580.828566,1.032,0.190,0.050
1735,1.735000,744233.807312,-366743.415403,377490.391909,1.522706e+00,-1140.152475,589.376240,580.828555,1.039,0.825,0.048
1736,1.736000,744233.807311,-366561.769095,377672.038217,1.522958e+00,-1140.152471,589.376235,580.828543,1.247,0.193,0.050
1737,1.737000,744233.807311,-366380.299867,377853.507443,1.523209e+00,-1140.152467,589.376230,580.828532,1.048,0.197,0.053
1738,1.738000,744233.807310,-366199.007316,378034.799994,1.523460e+00,-1140.152462,589.376225,580.828521,1.118,1.076,0.056
1739,1.739000,744233.807310,-366017.891022,378215.916288,1.523711e+00,-1140.152458,589.376220,580.828509,1.011,0.192,0.054
1740,1.740000,744233.807309,-365836.950579,378396.856730,1.523961e+00,-1140.152453,589.376215,580.828498,1.052,0.764,0.051
1741,1.741000,744233.807309,-365656.185567,378577.621741,1.524211e+00,-1140.152449,589.376210,580.828486,1.078,2.725,0.052
1742,1.742000,744233.807308,-365475.595562,378758.211746,1.524462e+00,-1140.152445,589.376205,580.828475,1.034,0.196,0.047
1743,1.743000,744233.807308,-365295.180131,378938.627177,1.524711e+00,-1140.152440,589.376200,580.828463,1.151,0.492,0.058
1744,1.744000,744233.807307,-365114.938835,379118.868472,1.524961e+00,-1140.152436,589.376195,580.828451,1.115,0.213,0.060
1745,1.745000,744233.807307,-364934.871240,379298.936066,1.525210e+00,-1140.152432,589.376190,580.828440,1.048,0.196,0.091
1746,1.746000,744233.807306,-364754.976923,379478.830383,1.525459e+00,-1140.152427,589.376185,580.828428,1.137,0.241,0.063
1747,1.747000,744233.807306,-364575.255435,379658.551871,1.525708e+00,-1140.152423,589.376180,580.828417,1.041,0.216,0.053
1748,1.748000,744233.807305,-364395.706325,379838.100980,1.525957e+00,-1140.152419,589.376175,580.828405,1.159,0.264,0.051
1749,1.749000,744233.807305,-364216.329155,380017.478149,1.526205e+00,-1140.152414,589.376170,580.828394,1.052,0.227,0.044
1750,1.750000,744233.807304,-364037.123477,380196.683827,1.526453e+00,-1140.152410,589.376165,580.828382,1.079,0.215,0.052
1751,1.751000,744233.807304,-363858.088864,380375.718440,1.526701e+00,-1140.152405,589.376160,580.828371,1.130,0.808,0.062
1752,1.752000,744233.807303,-363679.224860,380554.582443,1.526949e+00,-1140.152401,589.376154,580.828359,1.005,5.615,0.047
1753,1.753000,744233.807303,-363500.531055,380733.276248,1.527196e+00,-1140.152397,589.376149,580.828348,1.016,0.531,0.045
1754,1.754000,744233.807302,-363322.007020,380911.800282,1.527444e+00,-1140.152392,589.376144,580.828336,3.206,3.447,0.047
1755,1.755000,744233.807302,-363143.652326,381090.154975,1.527691e+00,-1140.152388,589.376139,580.828325,3.870,0.249,0.129
1756,1.756000,744233.807301,-362965.466547,381268.340754,1.527937e+00,-1140.152384,589.376134,580.828313,0.983,4.136,0.047
1757,1.757000,744233.807301,-362787.449295,381446.358006,1.528184e+00,-1140.152379,589.376129,580.828302,1.136,1.793,0.045
1758,1.758000,744233.807300,-362609.600158,381624.207142,1.528430e+00,-1140.152375,589.376124,580.828290,1.097,0.193,0.042
1759,1.759000,744233.807300,-362431.918747,381801.888553,1.528676e+00,-1140.152370,589.376119,580.828279,1.076,0.549,0.042
1760,1.760000,744233.807299,-362254.404656,381979.402643,1.528922e+00,-1140.152366,589.376114,580.828267,1.004,0.531,0.042
1761,1.761000,744233.807299,-362077.057502,382156.749797,1.529167e+00,-1140.152362,589.376109,580.828256,1.100,0.902,0.044
1762,1.762000,744233.807298,-361899.876916,382333.930382,1.529413e+00,-1140.152357,589.376104,580.828244,1.062,0.187,0.043
1763,1.763000,744233.807298,-361722.862506,382510.944792,1.529658e+00,-1140.152353,589.376099,580.828233,1.227,19.815,0.049
1764,1.764000,744233.807297,-361546.013916,382687.793382,1.529903e+00,-1140.152349,589.376094,580.828221,0.983,0.958,0.039
1765,1.765000,744233.807297,-361369.330793,382864.476504,1.530147e+00,-1140.152344,589.376089,580.828209,1.015,28.910,0.046
1766,1.766000,744233.807296,-361192.812740,383040.994556,1.530392e+00,-1140.152340,589.376084,580.828198,1.400,0.615,0.047
1767,1.767000,744233.807296,-361016.459411,383217.347885,1.530636e+00,-1140.152335,589.376079,580.828186,1.004,0.407,0.046
1768,1.768000,744233.807296,-360840.270437,383393.536858,1.530880e+00,-1140.152331,589.376074,580.828175,1.086,0.569,0.055
1769,1.769000,744233.807295,-360664.245451,383569.561844,1.531124e+00,-1140.152327,589.376069,580.828163,1.135,2.502,0.051
1770,1.770000,744233.807295,-360488.384077,383745.423218,1.531367e+00,-1140.152322,589.376064,580.828151,1.197,1.931,0.053
1771,1.771000,744233.807294,-360312.685969,383921.121325,1.531611e+00,-1140.152318,589.376059,580.828139,1.107,1.817,0.058
1772,1.772000,744233.807294,-360137.150760,384096.656533,1.531854e+00,-1140.152314,589.376054,580.828128,1.162,1.083,0.048
1773,1.773000,744233.807293,-359961.778092,384272.029201,1.532096e+00,-1140.152309,589.376049,580.828116,1.263,0.209,0.054
1774,1.774000,744233.807293,-359786.567594,384447.239699,1.532339e+00,-1140.152305,589.376044,580.828104,1.075,0.218,0.039
1775,1.775000,744233.807292,-359611.518908,384622.288384,1.532581e+00,-1140.152300,589.376039,580.828092,1.043,0.230,0.045
1776,1.776000,744233.807292,-359436.631659,384797.175632,1.532824e+00,-1140.152296,589.376034,580.828081,1.161,1.803,0.055
1777,1.777000,744233.807291,-359261.905494,384971.901797,1.533066e+00,-1140.152292,589.376029,580.828069,1.171,1.019,0.051
1778,1.778000,744233.807291,-359087.340064,385146.467227,1.533307e+00,-1140.152287,589.376024,580.828057,1.017,0.778,0.045
1779,1.779000,744233.807290,-358912.935027,385320.872263,1.533549e+00,-1140.152283,589.376019,580.828045,1.357,0.292,0.037
1780,1.780000,744233.807290,-358738.690043,385495.117246,1.533790e+00,-1140.152278,589.376014,580.828033,1.102,1.702,0.041
1781,1.781000,744233.807289,-358564.604792,385669.202497,1.534031e+00,-1140.152274,589.376009,580.828022,1.037,2.777,0.051
1782,1.782000,744233.807289,-358390.678950,385843.128338,1.534272e+00,-1140.152270,589.376004,580.828010,1.181,1.421,0.034
1783,1.783000,744233.807288,-358216.912218,386016.895070,1.534513e+00,-1140.152265,589.375999,580.827998,1.208,0.895,0.039
1784,1.784000,744233.807288,-358043.304309,386190.502979,1.534753e+00,-1140.152261,589.375994,580.827986,0.996,0.488,0.047
1785,1.785000,744233.807287,-357869.854950,386363.952337,1.534993e+00,-1140.152257,589.375989,580.827975,1.022,0.191,0.046
1786,1.786000,744233.807287,-357696.563888,386537.243398,1.535233e+00,-1140.152252,589.375984,580.827963,1.008,0.498,0.047
1787,1.787000,744233.807286,-357523.430864,386710.376423,1.535473e+00,-1140.152248,589.375979,580.827951,1.153,0.348,0.047
1788,1.788000,744233.807286,-357350.455677,386883.351609,1.535712e+00,-1140.152243,589.375974,580.827939,1.184,0.211,0.066
1789,1.789000,744233.807285,-357177.638101,387056.169185,1.535952e+00,-1140.152239,589.375969,580.827928,1.066,0.212,0.050
1790,1.790000,744233.807285,-357004.977957,387228.829328,1.536191e+00,-1140.152235,589.375963,580.827916,1.136,0.341,0.043
1791,1.791000,744233.807284,-356832.475055,387401.332230,1.536430e+00,-1140.152230,589.375958,580.827904,1.029,0.203,0.045
1792,1.792000,744233.807284,-356660.129250,387573.678034,1.536668e+00,-1140.152226,589.375953,580.827892,1.096,0.246,0.045
1793,1.793000,744233.807283,-356487.940380,387745.866903,1.536907e+00,-1140.152221,589.375948,580.827881,1.612,0.481,0.056
1794,1.794000,744233.807283,-356315.908312,387917.898971,1.537145e+00,-1140.152217,589.375943,580.827869,3.225,0.698,0.041
1795,1.795000,744233.807282,-356144.032912,388089.774370,1.537383e+00,-1140.152212,589.375938,580.827857,1.203,1.648,0.057
1796,1.796000,744233.807282,-355972.314081,388261.493200,1.537621e+00,-1140.152208,589.375934,580.827845,1.096,0.223,0.049
1797,1.797000,744233.807281,-355800.751710,388433.055571,1.537858e+00,-1140.152204,589.375929,580.827834,1.007,1.057,0.042
1798,1.798000,744233.807281,-355629.345715,388604.461566,1.538095e+00,-1140.152199,589.375924,580.827822,1.031,0.907,0.051
1799,1.799000,744233.807280,-355458.095996,388775.711285,1.538333e+00,-1140.152195,589.375919,580.827810,1.355,0.848,0.060
1800,1.800000,744233.807280,-355287.002470,388946.804810,1.538570e+00,-1140.152190,589.375914,580.827798,1.042,3.713,0.048
1801,1.801000,744233.807279,-355116.065062,389117.742218,1.538806e+00,-1140.152186,589.375909,580.827787,1.046,0.217,0.057
1802,1.802000,744233.807279,-354945.283694,389288.523585,1.539043e+00,-1140.152181,589.375904,580.827775,1.333,0.280,0.132
1803,1.803000,744233.807279,-354774.658296,389459.148983,1.539279e+00,-1140.152177,589.375899,580.827763,1.005,0.226,0.044
1804,1.804000,744233.807278,-354604.188802,389629.618476,1.539515e+00,-1140.152173,589.375894,580.827751,1.041,0.193,0.049
1805,1.805000,744233.807278,-354433.875136,389799.932141,1.539751e+00,-1140.152168,589.375889,580.827740,1.023,1.488,0.056
1806,1.806000,744233.807277,-354263.717243,389970.090034,1.539986e+00,-1140.152164,589.375884,580.827728,1.051,0.706,0.044
1807,1.807000,744233.807277,-354093.715036,390140.092241,1.540222e+00,-1140.152159,589.375879,580.827716,1.173,0.227,0.054
1808,1.808000,744233.807276,-353923.868464,390309.938812,1.540457e+00,-1140.152155,589.375874,580.827704,1.191,0.408,0.047
1809,1.809000,744233.807276,-353754.177467,390479.629809,1.540692e+00,-1140.152150,589.375869,580.827693,1.014,0.472,0.044
1810,1.810000,744233.807275,-353584.641973,390649.165302,1.540927e+00,-1140.152146,589.375864,580.827681,1.000,0.753,0.041
1811,1.811000,744233.807275,-353415.261932,390818.545343,1.541161e+00,-1140.152142,589.375859,580.827669,1.025,0.538,0.041
1812,1.812000,744233.807274,-353246.037286,390987.769988,1.541396e+00,-1140.152137,589.375854,580.827657,1.111,0.378,0.037
1813,1.813000,744233.807274,-353076.967988,391156.839286,1.541630e+00,-1140.152133,589.375849,580.827645,1.218,0.200,0.049
1814,1.814000,744233.807273,-352908.053984,391325.753289,1.541864e+00,-1140.152128,589.375844,580.827633,1.144,1.241,0.045
1815,1.815000,744233.807272,-352739.295244,391494.512028,1.542097e+00,-1140.152124,589.375839,580.827621,1.176,1.134,0.081
1816,1.816000,744233.807271,-352570.691714,391663.115557,1.542331e+00,-1140.152119,589.375834,580.827609,1.138,0.455,0.078
1817,1.817000,744233.807270,-352402.243351,391831.563919,1.542564e+00,-1140.152115,589.375829,580.827597,1.058,0.228,0.082
1818,1.818000,744233.807269,-352233.950129,391999.857141,1.542797e+00,-1140.152110,589.375825,580.827585,1.067,0.225,0.053
1819,1.819000,744233.807268,-352065.812001,392167.995268,1.543030e+00,-1140.152106,589.375820,580.827573,1.057,1.846,0.050
1820,1.820000,744233.807268,-351897.828949,392335.978318,1.543262e+00,-1140.152101,589.375815,580.827561,1.163,0.433,0.055
1821,1.821000,744233.807267,-351730.000961,392503.806306,1.543495e+00,-1140.152097,589.375810,580.827549,1.044,0.206,0.050
1822,1.822000,744233.807266,-351562.328008,392671.479258,1.543727e+00,-1140.152093,589.375805,580.827537,1.220,1.057,0.054
1823,1.823000,744233.807265,-351394.810067,392838.997198,1.543959e+00,-1140.152088,589.375800,580.827525,0.999,0.566,0.050
1824,1.824000,744233.807264,-351227.447087,393006.360177,1.544191e+00,-1140.152084,589.375795,580.827513,1.149,0.205,0.055
1825,1.825000,744233.807263,-351060.239061,393173.568202,1.544422e+00,-1140.152079,589.375790,580.827501,1.190,1.117,0.057
1826,1.826000,744233.807262,-350893.185950,393340.621313,1.544654e+00,-1140.152075,589.375785,580.827489,1.142,0.218,0.055
1827,1.827000,744233.807262,-350726.287710,393507.519551,1.544885e+00,-1140.152070,589.375780,580.827477,1.154,0.278,0.111
1828,1.828000,744233.807261,-350559.544315,393674.262946,1.545116e+00,-1140.152066,589.375775,580.827465,1.023,2.608,0.049
1829,1.829000,744233.807260,-350392.955697,393840.851563,1.545346e+00,-1140.152061,589.375770,580.827453,1.161,0.579,0.055
1830,1.830000,744233.807259,-350226.521782,394007.285478,1.545577e+00,-1140.152056,589.375765,580.827441,1.066,0.201,0.054
1831,1.831000,744233.807259,-350060.242492,394173.564767,1.545807e+00,-1140.152051,589.375760,580.827429,1.014,1.446,0.041
1832,1.832000,744233.807259,-349894.117742,394339.689516,1.546037e+00,-1140.152047,589.375755,580.827417,1.022,0.188,0.049
1833,1.833000,744233.807258,-349728.147401,394505.659857,1.546267e+00,-1140.152042,589.375750,580.827405,1.141,0.386,0.070
1834,1.834000,744233.807258,-349562.331337,394671.475921,1.546496e+00,-1140.152037,589.375745,580.827393,1.053,0.671,0.058
1835,1.835000,744233.807257,-349396.669399,394837.137858,1.546726e+00,-1140.152032,589.375741,580.827380,1.046,0.200,0.050
1836,1.836000,744233.807257,-349231.161392,395002.645864,1.546955e+00,-1140.152027,589.375736,580.827368,5.350,0.246,0.060
1837,1.837000,744233.807256,-349065.807104,395168.000152,1.547184e+00,-1140.152023,589.375731,580.827356,1.055,30.528,0.047
1838,1.838000,744233.807256,-348900.606295,395333.200960,1.547413e+00,-1140.152018,589.375726,580.827344,0.995,0.186,0.044
1839,1.839000,744233.807255,-348735.558726,395498.248529,1.547641e+00,-1140.152013,589.375721,580.827332,2.107,0.887,0.112
1840,1.840000,744233.807255,-348570.664084,395663.143170,1.547870e+00,-1140.152008,589.375716,580.827320,3.077,0.682,0.059
1841,1.841000,744233.807254,-348405.922033,395827.885221,1.548098e+00,-1140.152003,589.375711,580.827308,1.062,0.206,0.052
1842,1.842000,744233.807254,-348241.332230,395992.475024,1.548326e+00,-1140.151999,589.375706,580.827296,1.041,0.310,0.053
1843,1.843000,744233.807253,-348076.894285,396156.912968,1.548553e+00,-1140.151994,589.375701,580.827284,1.145,0.234,0.056
1844,1.844000,744233.807253,-347912.607804,396321.199449,1.548781e+00,-1140.151989,589.375696,580.827272,1.034,0.225,0.048
1845,1.845000,744233.807253,-347748.472338,396485.334915,1.549008e+00,-1140.151984,589.375691,580.827260,1.262,0.410,0.058
1846,1.846000,744233.807252,-347584.487445,396649.319807,1.549235e+00,-1140.151979,589.375686,580.827248,1.160,0.422,0.048
1847,1.847000,744233.807252,-347420.652664,396813.154588,1.549462e+00,-1140.151974,589.375681,580.827236,1.247,0.625,0.051
1848,1.848000,744233.807251,-347256.967500,396976.839751,1.549689e+00,-1140.151970,589.375676,580.827224,3.715,0.575,0.041
1849,1.849000,744233.807251,-347093.431478,397140.375772,1.549915e+00,-1140.151965,589.375671,580.827212,1.028,0.199,0.046
1850,1.850000,744233.807250,-346930.044111,397303.763139,1.550141e+00,-1140.151960,589.375666,580.827200,1.039,0.202,0.050
1851,1.851000,744233.807250,-346766.804924,397467.002326,1.550367e+00,-1140.151955,589.375661,580.827188,1.031,0.267,0.052
1852,1.852000,744233.807249,-346603.713459,397630.093790,1.550593e+00,-1140.151950,589.375657,580.827175,1.027,0.579,0.047
1853,1.853000,744233.807249,-346440.769287,397793.037961,1.550819e+00,-1140.151946,589.375652,580.827163,1.007,1.484,0.048
1854,1.854000,744233.807248,-346277.971998,397955.835250,1.551044e+00,-1140.151941,589.375647,580.827151,1.009,4.538,0.049
1855,1.855000,744233.807247,-346115.321208,398118.486040,1.551269e+00,-1140.151936,589.375642,580.827139,1.050,1.333,0.047
1856,1.856000,744233.807246,-345952.816601,398280.990645,1.551494e+00,-1140.151931,589.375637,580.827127,1.062,0.277,0.054
1857,1.857000,744233.807246,-345790.457883,398443.349362,1.551719e+00,-1140.151925,589.375632,580.827115,1.215,0.275,0.060
1858,1.858000,744233.807245,-345628.244799,398605.562446,1.551944e+00,-1140.151920,589.375627,580.827103,1.040,0.212,0.053
1859,1.859000,744233.807244,-345466.177150,398767.630094,1.552168e+00,-1140.151915,589.375622,580.827091,1.160,0.592,0.055
1860,1.860000,744233.807243,-345304.254776,398929.552467,1.552393e+00,-1140.151910,589.375617,580.827079,1.085,0.669,0.055
1861,1.861000,744233.807242,-345142.477570,399091.329672,1.552617e+00,-1140.151905,589.375612,580.827066,0.985,24.522,0.033
1862,1.862000,744233.807241,-344980.845438,399252.961804,1.552840e+00,-1140.151900,589.375607,580.827054,1.073,0.230,0.051
1863,1.863000,744233.807241,-344819.358311,399414.448930,1.553064e+00,-1140.151895,589.375602,580.827042,1.269,0.283,0.060
1864,1.864000,744233.807240,-344658.016168,399575.791072,1.553287e+00,-1140.151890,589.375597,580.827030,4.859,1.041,0.171
1865,1.865000,744233.807239,-344496.818994,399736.988245,1.553511e+00,-1140.151885,589.375592,580.827018,1.359,2.468,0.050
1866,1.866000,744233.807238,-344335.766795,399898.040444,1.553734e+00,-1140.151880,589.375587,580.827006,1.060,0.909,0.127
1867,1.867000,744233.807237,-344174.859547,400058.947691,1.553956e+00,-1140.151875,589.375582,580.826993,1.132,6.661,0.059
1868,1.868000,744233.807237,-344014.097261,400219.709976,1.554179e+00,-1140.151870,589.375577,580.826981,1.071,0.206,0.037
1869,1.869000,744233.807236,-343853.479930,400380.327306,1.554401e+00,-1140.151865,589.375572,580.826969,1.225,0.201,0.060
1870,1.870000,744233.807235,-343693.007529,400540.799706,1.554624e+00,-1140.151860,589.375567,580.826957,5.086,0.542,0.238
1871,1.871000,744233.807234,-343532.680055,400701.127179,1.554846e+00,-1140.151855,589.375562,580.826945,1.032,4.974,0.050
1872,1.872000,744233.807233,-343372.497449,400861.309784,1.555067e+00,-1140.151850,589.375557,580.826933,1.202,0.231,0.077
1873,1.873000,744233.807232,-343212.459665,401021.347567,1.555289e+00,-1140.151845,589.375552,580.826920,1.019,13.383,0.048
1874,1.874000,744233.807232,-343052.566631,401181.240601,1.555510e+00,-1140.151840,589.375548,580.826908,1.012,0.198,0.046
1875,1.875000,744233.807231,-342892.818289,401340.988941,1.555732e+00,-1140.151835,589.375543,580.826896,4.803,0.196,0.039
1876,1.876000,744233.807229,-342733.214520,401500.592710,1.555953e+00,-1140.151830,589.375538,580.826884,1.218,1.367,0.056
1877,1.877000,744233.807228,-342573.755226,401660.052003,1.556173e+00,-1140.151825,589.375533,580.826871,1.154,0.766,0.050
1878,1.878000,744233.807227,-342414.440290,401819.366937,1.556394e+00,-1140.151820,589.375528,580.826859,1.055,0.368,0.048
1879,1.879000,744233.807226,-342255.269580,401978.537646,1.556614e+00,-1140.151815,589.375523,580.826847,1.134,0.239,0.051
1880,1.880000,744233.807225,-342096.242951,402137.564274,1.556835e+00,-1140.151810,589.375518,580.826834,1.196,0.256,0.083
1881,1.881000,744233.807223,-341937.360262,402296.446961,1.557055e+00,-1140.151805,589.375513,580.826822,1.012,24.296,0.050
1882,1.882000,744233.807222,-341778.621340,402455.185882,1.557274e+00,-1140.151800,589.375508,580.826809,0.996,0.187,0.044
1883,1.883000,744233.807221,-341620.026014,402613.781207,1.557494e+00,-1140.151795,589.375503,580.826797,3.922,9.513,0.106
1884,1.884000,744233.807220,-341461.574117,402772.233103,1.557713e+00,-1140.151789,589.375498,580.826784,1.072,0.211,0.046
1885,1.885000,744233.807218,-341303.265458,402930.541760,1.557933e+00,-1140.151784,589.375493,580.826772,1.156,0.266,2.159
1886,1.886000,744233.807217,-341145.099848,403088.707369,1.558152e+00,-1140.151779,589.375488,580.826760,1.015,0.242,0.050
1887,1.887000,744233.807216,-340987.077088,403246.730128,1.558370e+00,-1140.151774,589.375483,580.826747,1.031,0.199,0.048
1888,1.888000,744233.807215,-340829.196976,403404.610238,1.558589e+00,-1140.151769,589.375478,580.826735,1.043,2.152,0.051
1889,1.889000,744233.807213,-340671.459301,403562.347912,1.558807e+00,-1140.151764,589.375473,580.826722,1.038,8.342,0.044
1890,1.890000,744233.807212,-340513.863839,403719.943373,1.559026e+00,-1140.151759,589.375468,580.826710,1.004,0.233,0.035
1891,1.891000,744233.807211,-340356.410376,403877.396835,1.559244e+00,-1140.151754,589.375463,580.826698,1.064,0.213,0.052
1892,1.892000,744233.807209,-340199.098693,404034.708517,1.559462e+00,-1140.151748,589.375458,580.826685,1.450,0.238,0.142
1893,1.893000,744233.807208,-340041.928571,404191.878638,1.559679e+00,-1140.151743,589.375453,580.826673,3.275,0.696,0.125
1894,1.894000,744233.807207,-339884.899770,404348.907437,1.559897e+00,-1140.151738,589.375448,580.826660,1.798,0.466,0.062
1895,1.895000,744233.807206,-339728.012070,404505.795136,1.560114e+00,-1140.151733,589.375444,580.826648,1.058,0.341,0.039
1896,1.896000,744233.807205,-339571.265234,404662.541971,1.560331e+00,-1140.151728,589.375439,580.826635,1.072,0.351,0.050
1897,1.897000,744233.807204,-339414.659023,404819.148181,1.560548e+00,-1140.151723,589.375434,580.826623,1.157,0.520,0.056
1898,1.898000,744233.807203,-339258.193200,404975.614003,1.560764e+00,-1140.151717,589.375429,580.826611,1.179,0.441,0.055
1899,1.899000,744233.807202,-339101.867538,405131.939664,1.560981e+00,-1140.151712,589.375425,580.826598,1.253,0.309,0.048
1900,1.900000,744233.807201,-338945.681796,405288.125405,1.561197e+00,-1140.151707,589.375420,580.826586,1.019,0.192,0.046
1901,1.901000,744233.807200,-338789.635727,405444.171473,1.561413e+00,-1140.151702,589.375415,580.826573,1.290,3.345,0.049
1902,1.902000,744233.807199,-338633.729105,405600.078095,1.561629e+00,-1140.151697,589.375411,580.826561,1.248,0.276,0.049
1903,1.903000,744233.807198,-338477.961686,405755.845512,1.561845e+00,-1140.151691,589.375406,580.826548,1.172,0.213,0.047
1904,1.904000,744233.807197,-338322.333252,405911.473945,1.562060e+00,-1140.151686,589.375401,580.826536,1.096,0.231,0.051
1905,1.905000,744233.807196,-338166.843561,406066.963635,1.562276e+00,-1140.151681,589.375396,580.826523,2.190,0.498,2.025
1906,1.906000,744233.807195,-338011.492413,406222.314782,1.562491e+00,-1140.151676,589.375392,580.826511,1.047,0.343,0.052
1907,1.907000,744233.807195,-337856.279589,406377.527606,1.562706e+00,-1140.151671,589.375387,580.826498,1.073,0.320,0.069
1908,1.908000,744233.807194,-337701.204872,406532.602322,1.562920e+00,-1140.151666,589.375382,580.826486,2.072,12.778,0.057
1909,1.909000,744233.807193,-337546.268064,406687.539129,1.563135e+00,-1140.151660,589.375378,580.826473,2.384,0.513,0.083
1910,1.910000,744233.807193,-337391.468953,406842.338240,1.563349e+00,-1140.151655,589.375373,580.826460,2.617,0.359,0.064
1911,1.911000,744233.807192,-337236.807337,406996.999855,1.563563e+00,-1140.151650,589.375368,580.826448,1.409,0.276,0.051
1912,1.912000,744233.807192,-337082.283032,407151.524160,1.563777e+00,-1140.151645,589.375363,580.826435,0.991,0.652,0.050
1913,1.913000,744233.807191,-336927.895858,407305.911333,1.563991e+00,-1140.151640,589.375359,580.826422,1.009,0.983,0.058
1914,1.914000,744233.807191,-336773.645653,407460.161537,1.564205e+00,-1140.151634,589.375354,580.826409,1.143,0.943,0.057
1915,1.915000,744233.807190,-336619.532241,407614.274949,1.564418e+00,-1140.151629,589.375349,580.826397,1.167,0.593,0.053
1916,1.916000,744233.807189,-336465.555472,407768.251717,1.564631e+00,-1140.151624,589.375345,580.826384,1.305,0.845,0.060
1917,1.917000,744233.807189,-336311.715179,407922.092010,1.564844e+00,-1140.151619,589.375340,580.826371,0.966,0.834,0.050
1918,1.918000,744233.807188,-336158.011231,408075.795957,1.565057e+00,-1140.151614,589.375335,580.826359,0.972,8.109,0.048
1919,1.919000,744233.807188,-336004.443476,408229.363711,1.565270e+00,-1140.151609,589.375331,580.826346,0.979,0.504,0.046
1920,1.920000,744233.807187,-335851.011804,408382.795383,1.565482e+00,-1140.151603,589.375326,580.826333,1.017,5.047,0.045
1921,1.921000,744233.807186,-335697.716073,408536.091113,1.565695e+00,-1140.151598,589.375321,580.826320,6.743,0.448,0.045
1922,1.922000,744233.807185,-335544.556161,408689.251024,1.565907e+00,-1140.151593,589.375317,580.826307,1.091,0.192,0.051
1923,1.923000,744233.807184,-335391.531968,408842.275216,1.566119e+00,-1140.151588,589.375312,580.826294,1.162,0.240,0.070
1924,1.924000,744233.807183,-335238.643380,408995.163803,1.566330e+00,-1140.151583,589.375307,580.826281,1.164,0.322,0.056
1925,1.925000,744233.807182,-335085.890300,409147.916881,1.566542e+00,-1140.151577,589.375302,580.826268,1.041,0.227,0.053
1926,1.926000,744233.807180,-334933.272637,409300.534544,1.566753e+00,-1140.151572,589.375298,580.826255,1.003,0.189,0.048
1927,1.927000,744233.807179,-334780.790296,409453.016883,1.566964e+00,-1140.151567,589.375293,580.826242,1.766,0.382,0.309
1928,1.928000,744233.807178,-334628.443182,409605.363996,1.567175e+00,-1140.151562,589.375288,580.826229,1.004,0.201,0.036
1929,1.929000,744233.807177,-334476.231220,409757.575958,1.567386e+00,-1140.151557,589.375284,580.826216,1.318,0.275,0.042
1930,1.930000,744233.807176,-334324.154315,409909.652861,1.567597e+00,-1140.151551,589.375279,580.826203,1.073,0.203,0.053
1931,1.931000,744233.807175,-334172.212380,410061.594795,1.567807e+00,-1140.151546,589.375274,580.826190,1.011,1.199,0.051
1932,1.932000,744233.807174,-334020.405351,410213.401824,1.568017e+00,-1140.151541,589.375270,580.826177,2.664,1.707,0.047
1933,1.933000,744233.807173,-333868.733147,410365.074026,1.568227e+00,-1140.151536,589.375265,580.826163,1.106,0.870,0.051
1934,1.934000,744233.807172,-333717.195675,410516.611497,1.568437e+00,-1140.151530,589.375260,580.826150,1.137,0.230,0.051
1935,1.935000,744233.807171,-333565.792856,410668.014315,1.568647e+00,-1140.151525,589.375256,580.826137,1.046,0.736,0.049
1936,1.936000,744233.807170,-333414.524610,410819.282560,1.568856e+00,-1140.151520,589.375251,580.826124,0.995,0.456,0.047
1937,1.937000,744233.807169,-333263.390853,410970.416316,1.569065e+00,-1140.151515,589.375246,580.826111,1.012,0.192,0.050
1938,1.938000,744233.807168,-333112.391490,411121.415678,1.569274e+00,-1140.151509,589.375241,580.826097,0.957,0.219,0.048
1939,1.939000,744233.807166,-332961.526434,411272.280732,1.569483e+00,-1140.151504,589.375237,580.826084,1.048,0.253,0.045
1940,1.940000,744233.807165,-332810.795581,411423.011583,1.569692e+00,-1140.151499,589.375232,580.826071,3.332,0.569,0.046
1941,1.941000,744233.807163,-332660.198832,411573.608331,1.569901e+00,-1140.151494,589.375227,580.826057,1.171,0.371,0.054
1942,1.942000,744233.807162,-332509.736077,411724.071086,1.570109e+00,-1140.151488,589.375223,580.826043,1.055,0.211,0.040
1943,1.943000,744233.807161,-332359.407206,411874.399956,1.570317e+00,-1140.151483,589.375218,580.826030,1.049,0.252,0.043
1944,1.944000,744233.807160,-332209.212090,412024.595070,1.570525e+00,-1140.151478,589.375213,580.826016,0.982,0.552,0.042
1945,1.945000,744233.807159,-332059.150622,412174.656538,1.570733e+00,-1140.151472,589.375209,580.826002,1.068,0.224,0.049
1946,1.946000,744233.807158,-331909.222673,412324.584484,1.570940e+00,-1140.151467,589.375204,580.825988,1.052,1.145,0.045
1947,1.947000,744233.807156,-331759.428106,412474.379050,1.571148e+00,-1140.151461,589.375199,580.825975,1.010,2.921,0.045
1948,1.948000,744233.807155,-331609.766773,412624.040382,1.571355e+00,-1140.151456,589.375194,580.825961,1.067,1.604,0.044
1949,1.949000,744233.807154,-331460.238533,412773.568621,1.571562e+00,-1140.151450,589.375190,580.825947,1.069,0.904,0.048
1950,1.950000,744233.807152,-331310.843241,412922.963911,1.571769e+00,-1140.151444,589.375185,580.825933,1.062,1.666,0.051
1951,1.951000,744233.807151,-331161.580732,413072.226419,1.571976e+00,-1140.151439,589.375180,580.825919,1.149,0.214,0.054
1952,1.952000,744233.807150,-331012.450840,413221.356310,1.572182e+00,-1140.151433,589.375176,580.825906,0.974,0.549,0.041
1953,1.953000,744233.807148,-330863.453400,413370.353748,1.572388e+00,-1140.151427,589.375171,580.825892,0.994,0.406,0.047
1954,1.954000,744233.807147,-330714.588226,413519.218921,1.572595e+00,-1140.151422,589.375166,580.825878,0.977,0.416,0.044
1955,1.955000,744233.807146,-330565.855147,413667.951998,1.572801e+00,-1140.151416,589.375162,580.825864,1.012,0.503,0.041
1956,1.956000,744233.807144,-330417.253978,413816.553166,1.573006e+00,-1140.151410,589.375157,580.825851,1.020,0.190,0.052
1957,1.957000,744233.807143,-330268.784540,413965.022602,1.573212e+00,-1140.151405,589.375152,580.825837,1.099,0.206,0.043
1958,1.958000,744233.807141,-330120.446635,414113.360506,1.573417e+00,-1140.151399,589.375147,580.825823,1.003,0.385,0.048
1959,1.959000,744233.807140,-329972.240061,414261.567079,1.573623e+00,-1140.151393,589.375143,580.825809,0.985,1.234,0.046
1960,1.960000,744233.807139,-329824.164623,414409.642516,1.573828e+00,-1140.151388,589.375138,580.825795,1.011,0.194,0.049
1961,1.961000,744233.807137,-329676.220104,414557.587033,1.574032e+00,-1140.151382,589.375133,580.825782,1.002,0.506,0.049
1962,1.962000,744233.807136,-329528.406317,414705.400819,1.574237e+00,-1140.151376,589.375129,580.825768,0.987,0.220,0.047
1963,1.963000,744233.807135,-329380.723047,414853.084089,1.574442e+00,-1140.151371,589.375124,580.825754,0.987,0.184,0.046
1964,1.964000,744233.808326,-329233.170089,415000.638237,1.574646e+00,-1140.151378,589.374986,580.825619,1.115,0.226,0.050
1965,1.965000,744233.810709,-329085.747228,415148.063481,1.574850e+00,-1140.151399,589.374715,580.825363,0.983,0.646,0.048
1966,1.966000,744233.813094,-328938.454234,415295.358860,1.575054e+00,-1140.151420,589.374445,580.825108,0.979,1.903,0.047
1967,1.967000,744233.815477,-328791.290904,415442.524573,1.575258e+00,-1140.151441,589.374176,580.824853,1.086,0.202,0.040
1968,1.968000,744233.817858,-328644.257006,415589.560851,1.575461e+00,-1140.151461,589.373907,580.824599,0.995,1.118,0.042
1969,1.969000,744233.820239,-328497.352318,415736.467920,1.575665e+00,-1140.151482,589.373639,580.824344,1.067,0.198,0.043
1970,1.970000,744233.822620,-328350.576599,415883.246021,1.575868e+00,-1140.151502,589.373371,580.824090,1.001,0.508,0.047
1971,1.971000,744233.825005,-328203.929622,416029.895383,1.576071e+00,-1140.151522,589.373103,580.823836,1.031,0.213,0.049
1972,1.972000,744233.827393,-328057.411152,416176.416240,1.576274e+00,-1140.151541,589.372835,580.823582,0.982,0.410,0.045
1973,1.973000,744233.829780,-327911.020945,416322.808835,1.576477e+00,-1140.151561,589.372568,580.823329,2.273,1.062,0.151
1974,1.974000,744233.832167,-327764.758758,416469.073409,1.576679e+00,-1140.151580,589.372302,580.823076,1.137,0.227,0.048
1975,1.975000,744233.834555,-327618.624348,416615.210206,1.576882e+00,-1140.151599,589.372037,580.822824,1.013,0.193,0.049
1976,1.976000,744233.836942,-327472.617465,416761.219477,1.577084e+00,-1140.151619,589.371771,580.822571,1.137,1.451,0.044
1977,1.977000,744233.839329,-327326.737867,416907.101463,1.577286e+00,-1140.151638,589.371506,580.822319,2.295,0.808,0.131
1978,1.978000,744233.841716,-327180.985285,417052.856431,1.577488e+00,-1140.151657,589.371241,580.822067,1.088,0.216,0.050
1979,1.979000,744233.844099,-327035.359477,417198.484621,1.577689e+00,-1140.151677,589.370976,580.821815,1.683,0.760,0.047
1980,1.980000,744233.846478,-326889.860188,417343.986289,1.577891e+00,-1140.151696,589.370713,580.821563,1.164,0.906,0.076
1981,1.981000,744233.848857,-326744.487154,417489.361703,1.578092e+00,-1140.151715,589.370450,580.821311,0.972,6.465,0.043
1982,1.982000,744233.851236,-326599.240100,417634.611136,1.578293e+00,-1140.151735,589.370187,580.821059,1.048,0.220,0.049
1983,1.983000,744233.853616,-326454.118774,417779.734842,1.578494e+00,-1140.151754,589.369925,580.820808,1.185,0.830,0.060
1984,1.984000,744233.855999,-326309.122907,417924.733091,1.578695e+00,-1140.151774,589.369662,580.820557,1.022,0.655,0.051
1985,1.985000,744233.858381,-326164.252251,418069.606131,1.578895e+00,-1140.151794,589.369400,580.820306,0.963,2.635,0.045
1986,1.986000,744233.860761,-326019.506557,418214.354204,1.579096e+00,-1140.151814,589.369139,580.820056,0.938,0.367,0.036
1987,1.987000,744233.863141,-325874.885572,418358.977569,1.579296e+00,-1140.151834,589.368877,580.819807,1.047,2.748,0.050
1988,1.988000,744233.865520,-325730.389039,418503.476481,1.579496e+00,-1140.151855,589.368616,580.819557,0.976,0.566,0.048
1989,1.989000,744233.867881,-325586.016724,418647.851157,1.579696e+00,-1140.151875,589.368357,580.819308,1.021,0.186,0.045
1990,1.990000,744233.870224,-325441.768378,418792.101846,1.579896e+00,-1140.151895,589.368099,580.819059,0.951,0.203,0.043
1991,1.991000,744233.872567,-325297.643778,418936.228788,1.580095e+00,-1140.151915,589.367842,580.818810,1.044,0.192,0.047
1992,1.992000,744233.874909,-325153.642680,419080.232229,1.580295e+00,-1140.151935,589.367584,580.818562,0.971,0.372,0.044
1993,1.993000,744233.877252,-325009.764860,419224.112391,1.580494e+00,-1140.151955,589.367327,580.818313,0.993,0.183,0.043
1994,1.994000,744233.879595,-324866.010114,419367.869481,1.580693e+00,-1140.151974,589.367069,580.818065,0.971,0.189,0.044
1995,1.995000,744233.881905,-324722.378225,419511.503680,1.580892e+00,-1140.151993,589.366814,580.817817,1.035,1.285,0.047
1996,1.996000,744233.884182,-324578.868998,419655.015184,1.581091e+00,-1140.152012,589.366562,580.817569,1.211,0.243,0.049
1997,1.997000,744233.886458,-324435.482248,419798.404210,1.581289e+00,-1140.152031,589.366309,580.817321,1.033,0.194,0.051
1998,1.998000,744233.888734,-324292.217772,419941.670962,1.581488e+00,-1140.152050,589.366057,580.817074,2.509,0.546,0.048
1999,1.999000,744233.891009,-324149.075407,420084.815603,1.581686e+00,-1140.152069,589.365805,580.816826,0.994,2.727,0.038
2000,2.000000,744233.893286,-324006.054976,420227.838310,1.581884e+00,-1140.152089,589.365554,580.816579,1.020,0.197,0.042
2001,2.001000,744233.895564,-323863.156325,420370.739238,1.582082e+00,-1140.152108,589.365302,580.816332,1.006,0.181,0.047
2002,2.002000,744233.897825,-323720.379306,420513.518519,1.582280e+00,-1140.152128,589.365053,580.816085,1.090,0.227,0.040
2003,2.003000,744233.900071,-323577.723767,420656.176304,1.582477e+00,-1140.152147,589.364805,580.815837,0.994,0.188,0.050
2004,2.004000,744233.902317,-323435.189582,420798.712736,1.582674e+00,-1140.152166,589.364558,580.815591,1.033,1.975,0.042
2005,2.005000,744233.904554,-323292.776603,420941.127951,1.582872e+00,-1140.152185,589.364311,580.815344,1.006,0.890,0.052
2006,2.006000,744233.906768,-323150.484705,421083.422063,1.583069e+00,-1140.152204,589.364065,580.815098,1.000,0.189,0.048
2007,2.007000,744233.908966,-323008.313774,421225.595193,1.583266e+00,-1140.152223,589.363820,580.814854,1.094,0.646,0.046
2008,2.008000,744233.911163,-322866.263696,421367.647467,1.583462e+00,-1140.152242,589.363575,580.814609,1.049,0.208,0.044
2009,2.009000,744233.913359,-322724.334364,421509.578995,1.583659e+00,-1140.152261,589.363331,580.814365,0.982,0.562,0.052
2010,2.010000,744233.915556,-322582.525662,421651.389893,1.583855e+00,-1140.152280,589.363087,580.814122,0.995,0.485,0.049
2011,2.011000,744233.917750,-322440.837490,421793.080260,1.584051e+00,-1140.152299,589.362844,580.813879,0.984,0.416,0.041
2012,2.012000,744233.919942,-322299.269753,421934.650189,1.584247e+00,-1140.152317,589.362602,580.813635,0.975,0.182,0.047
2013,2.013000,744233.922131,-322157.822352,422076.099779,1.584443e+00,-1140.152336,589.362361,580.813392,1.481,0.484,0.044
2014,2.014000,744233.924320,-322016.495186,422217.429134,1.584639e+00,-1140.152354,589.362121,580.813150,1.022,0.695,0.046
2015,2.015000,744233.926508,-321875.288166,422358.638343,1.584834e+00,-1140.152372,589.361881,580.812907,0.971,3.000,0.046
2016,2.016000,744233.928682,-321734.201189,422499.727493,1.585030e+00,-1140.152390,589.361643,580.812665,0.998,1.005,0.043
2017,2.017000,744233.930841,-321593.234164,422640.696677,1.585225e+00,-1140.152408,589.361405,580.812422,1.002,0.184,0.049
2018,2.018000,744233.932999,-321452.386987,422781.546012,1.585420e+00,-1140.152425,589.361168,580.812180,1.108,1.455,0.049
2019,2.019000,744233.935158,-321311.659558,422922.275600,1.585615e+00,-1140.152443,589.360931,580.811938,0.956,1.330,0.042
2020,2.020000,744233.937318,-321171.051777,423062.885541,1.585810e+00,-1140.152461,589.360694,580.811695,0.989,0.421,0.044
2021,2.021000,744233.939474,-321030.563536,423203.375938,1.586004e+00,-1140.152479,589.360458,580.811453,0.987,0.211,0.050
2022,2.022000,744233.941628,-320890.194727,423343.746901,1.586199e+00,-1140.152496,589.360222,580.811211,1.075,0.237,0.046
2023,2.023000,744233.943782,-320749.945240,423483.998542,1.586393e+00,-1140.152513,589.359987,580.810970,0.948,0.373,0.043
2024,2.024000,744233.945936,-320609.814954,423624.130982,1.586587e+00,-1140.152530,589.359752,580.810728,1.008,0.189,0.046
2025,2.025000,744233.948089,-320469.803761,423764.144329,1.586781e+00,-1140.152548,589.359517,580.810486,1.063,0.451,0.060
2026,2.026000,744233.950243,-320329.911528,423904.038715,1.586974e+00,-1140.152565,589.359283,580.810244,1.722,0.616,0.053
2027,2.027000,744233.952396,-320190.138132,424043.814264,1.587168e+00,-1140.152582,589.359049,580.810002,1.007,1.237,0.049
2028,2.028000,744233.954547,-320050.483444,424183.471103,1.587361e+00,-1140.152599,589.358815,580.809761,0.995,0.515,0.050
2029,2.029000,744233.956695,-319910.947330,424323.009365,1.587554e+00,-1140.152617,589.358582,580.809519,1.058,0.218,0.040
2030,2.030000,744233.958844,-319771.529651,424462.429192,1.587748e+00,-1140.152634,589.358349,580.809278,1.008,0.667,0.048
2031,2.031000,744233.960993,-319632.230272,424601.730721,1.587940e+00,-1140.152652,589.358117,580.809037,0.967,4.081,0.043
2032,2.032000,744233.963142,-319493.049056,424740.914085,1.588133e+00,-1140.152669,589.357885,580.808797,1.124,0.954,0.052
2033,2.033000,744233.965291,-319353.985854,424879.979437,1.588326e+00,-1140.152687,589.357653,580.808557,1.013,0.188,0.048
2034,2.034000,744233.967443,-319215.040529,425018.926913,1.588518e+00,-1140.152704,589.357422,580.808317,1.077,1.886,0.050
2035,2.035000,744233.969596,-319076.212941,425157.756655,1.588710e+00,-1140.152720,589.357191,580.808078,1.146,0.705,0.044
2036,2.036000,744233.971749,-318937.502925,425296.468823,1.588902e+00,-1140.152736,589.356962,580.807838,0.968,16.183,0.044
2037,2.037000,744233.973902,-318798.910350,425435.063552,1.589094e+00,-1140.152752,589.356733,580.807600,1.082,0.216,0.044
2038,2.038000,744233.976056,-318660.435080,425573.540976,1.589286e+00,-1140.152768,589.356506,580.807361,0.998,0.407,0.049
2039,2.039000,744233.978210,-318522.076979,425711.901231,1.589478e+00,-1140.152784,589.356278,580.807122,1.030,0.210,0.055
2040,2.040000,744233.980364,-318383.835890,425850.144474,1.589669e+00,-1140.152800,589.356051,580.806884,0.987,0.439,0.040
2041,2.041000,744233.982519,-318245.711689,425988.270830,1.589860e+00,-1140.152815,589.355823,580.806647,1.014,0.195,0.042
2042,2.042000,744233.984674,-318107.704236,426126.280438,1.590051e+00,-1140.152831,589.355596,580.806409,2.079,0.802,0.045
2043,2.043000,744233.986827,-317969.813392,426264.173435,1.590242e+00,-1140.152846,589.355369,580.806173,1.033,0.188,0.045
2044,2.044000,744233.988944,-317832.039026,426401.949918,1.590433e+00,-1140.152862,589.355145,580.805936,1.079,0.377,0.046
2045,2.045000,744233.991028,-317694.381005,426539.610022,1.590624e+00,-1140.152877,589.354923,580.805700,0.997,0.217,0.048
2046,2.046000,744233.993114,-317556.839195,426677.153919,1.590814e+00,-1140.152892,589.354702,580.805464,1.032,0.194,0.053
2047,2.047000,744233.995212,-317419.413463,426814.581749,1.591005e+00,-1140.152906,589.354481,580.805228,1.136,0.537,0.045
2048,2.048000,744233.997321,-317282.103683,426951.893638,1.591195e+00,-1140.152919,589.354259,580.804992,1.002,0.577,0.045
2049,2.049000,744233.999430,-317144.909729,427089.089701,1.591385e+00,-1140.152932,589.354039,580.804756,0.963,0.405,0.051
2050,2.050000,744234.001538,-317007.831462,427226.170076,1.591574e+00,-1140.152944,589.353819,580.804521,0.955,0.187,0.048
2051,2.051000,744234.003647,-316870.868772,427363.134875,1.591764e+00,-1140.152957,589.353599,580.804286,0.991,0.184,0.045
2052,2.052000,744234.005756,-316734.021516,427499.984240,1.591954e+00,-1140.152970,589.353379,580.804051,0.996,0.336,0.045
2053,2.053000,744234.007862,-316597.289559,427636.718303,1.592143e+00,-1140.152983,589.353160,580.803817,0.993,1.640,0.050
2054,2.054000,744234.009953,-316460.672762,427773.337190,1.592332e+00,-1140.152996,589.352940,580.803585,1.011,0.871,0.046
2055,2.055000,744234.012033,-316324.170994,427909.841038,1.592521e+00,-1140.153008,589.352721,580.803355,0.967,1.721,0.043
2056,2.056000,744234.014110,-316187.784110,428046.230000,1.592710e+00,-1140.153021,589.352502,580.803125,1.009,1.604,0.046
2057,2.057000,744234.016185,-316051.511964,428182.504220,1.592899e+00,-1140.153034,589.352283,580.802895,1.025,0.196,0.047
2058,2.058000,744234.018260,-315915.354405,428318.663855,1.593087e+00,-1140.153047,589.352065,580.802666,1.054,0.218,0.088
2059,2.059000,744234.020336,-315779.311281,428454.709054,1.593276e+00,-1140.153060,589.351847,580.802437,1.010,0.194,0.043
2060,2.060000,744234.022412,-315643.382455,428590.639957,1.593464e+00,-1140.153073,589.351629,580.802208,1.152,0.650,0.059
2061,2.061000,744234.024488,-315507.567768,428726.456721,1.593652e+00,-1140.153086,589.351411,580.801979,1.019,1.246,0.038
2062,2.062000,744234.026562,-315371.867059,428862.159503,1.593840e+00,-1140.153098,589.351193,580.801751,1.231,0.539,0.049
2063,2.063000,744234.028633,-315236.280170,428997.748463,1.594028e+00,-1140.153111,589.350976,580.801524,1.086,0.245,0.040
2064,2.064000,744234.030704,-315100.806933,429133.223771,1.594215e+00,-1140.153124,589.350758,580.801296,1.072,0.668,0.047
2065,2.065000,744234.032775,-314965.447197,429268.585578,1.594403e+00,-1140.153136,589.350541,580.801069,2.472,0.600,0.049
2066,2.066000,744234.034846,-314830.200788,429403.834058,1.594590e+00,-1140.153148,589.350324,580.800842,1.060,0.196,0.050
2067,2.067000,744234.036917,-314695.067545,429538.969372,1.594777e+00,-1140.153161,589.350107,580.800615,1.113,0.208,0.045
2068,2.068000,744234.038975,-314560.047295,429673.991680,1.594964e+00,-1140.153173,589.349891,580.800388,1.031,0.451,0.038
2069,2.069000,744234.041020,-314425.139879,429808.901142,1.595151e+00,-1140.153185,589.349676,580.800161,0.980,0.183,0.046
2070,2.070000,744234.043065,-314290.345137,429943.697928,1.595337e+00,-1140.153197,589.349461,580.799934,0.970,0.192,0.041
2071,2.071000,744234.045109,-314155.662908,430078.382201,1.595524e+00,-1140.153210,589.349246,580.799707,1.129,2.120,0.058
2072,2.072000,744234.047152,-314021.093026,430212.954127,1.595710e+00,-1140.153222,589.349032,580.799480,1.051,0.219,0.044
2073,2.073000,744234.049196,-313886.635343,430347.413853,1.595896e+00,-1140.153234,589.348818,580.799254,0.991,0.778,0.040
2074,2.074000,744234.051241,-313752.289694,430481.761547,1.596082e+00,-1140.153246,589.348604,580.799027,1.005,0.466,0.047
2075,2.075000,744234.053285,-313618.055935,430615.997350,1.596268e+00,-1140.153259,589.348389,580.798801,0.970,0.210,0.037
2076,2.076000,744234.055330,-313483.933933,430750.121397,1.596454e+00,-1140.153271,589.348175,580.798575,0.977,0.181,0.046
2077,2.077000,744234.057376,-313349.923539,430884.133837,1.596640e+00,-1140.153283,589.347961,580.798349,0.950,0.464,0.044
2078,2.078000,744234.059422,-313216.024613,431018.034809,1.596825e+00,-1140.153294,589.347747,580.798124,1.026,0.185,0.041
2079,2.079000,744234.061467,-313082.237024,431151.824444,1.597010e+00,-1140.153306,589.347532,580.797899,0.968,0.514,0.047
2080,2.080000,744234.063505,-312948.560653,431285.502852,1.597195e+00,-1140.153318,589.347319,580.797675,1.287,0.727,0.045
2081,2.081000,744234.065533,-312814.995382,431419.070151,1.597380e+00,-1140.153329,589.347108,580.797452,1.000,0.550,0.047
2082,2.082000,744234.067559,-312681.541089,431552.526470,1.597565e+00,-1140.153341,589.346898,580.797229,1.033,0.195,0.044
2083,2.083000,744234.069582,-312548.197681,431685.871900,1.597750e+00,-1140.153352,589.346688,580.797006,0.986,0.675,0.040
2084,2.084000,744234.071595,-312414.965046,431819.106549,1.597934e+00,-1140.153363,589.346479,580.796783,1.096,0.951,0.047
2085,2.085000,744234.073600,-312281.843087,431952.230512,1.598119e+00,-1140.153375,589.346271,580.796561,1.071,0.918,0.041
2086,2.086000,744234.075604,-312148.831707,432085.243897,1.598303e+00,-1140.153386,589.346063,580.796339,1.029,0.576,0.051
2087,2.087000,744234.077597,-312015.930814,432218.146783,1.598487e+00,-1140.153397,589.345856,580.796118,0.953,0.503,0.042
2088,2.088000,744234.079580,-311883.140337,432350.939244,1.598671e+00,-1140.153409,589.345650,580.795898,0.965,0.607,0.044
2089,2.089000,744234.081564,-311750.460204,432483.621361,1.598854e+00,-1140.153420,589.345443,580.795678,1.057,0.199,0.047
2090,2.090000,744234.083548,-311617.890348,432616.193200,1.599038e+00,-1140.153432,589.345237,580.795459,0.979,0.392,0.045
2091,2.091000,744234.085532,-311485.430685,432748.654846,1.599221e+00,-1140.153443,589.345031,580.795239,1.020,0.206,0.076
2092,2.092000,744234.087515,-311353.081158,432881.006357,1.599405e+00,-1140.153454,589.344825,580.795020,1.261,0.235,0.051
2093,2.093000,744234.089498,-311220.841696,433013.247802,1.599588e+00,-1140.153466,589.344620,580.794801,1.045,0.845,0.046
2094,2.094000,744234.091482,-311088.712250,433145.379232,1.599771e+00,-1140.153477,589.344414,580.794582,0.994,1.138,0.044
2095,2.095000,744234.093467,-310956.692759,433277.400708,1.599954e+00,-1140.153489,589.344209,580.794363,1.093,0.437,0.051
2096,2.096000,744234.095453,-310824.783173,433409.312280,1.600136e+00,-1140.153501,589.344004,580.794145,0.986,0.176,0.040
2097,2.097000,744234.097435,-310692.983442,433541.113993,1.600319e+00,-1140.153513,589.343800,580.793926,1.055,1.004,0.037
2098,2.098000,744234.099413,-310561.293509,433672.805904,1.600501e+00,-1140.153526,589.343597,580.793708,0.994,1.208,0.039
2099,2.099000,744234.101391,-310429.713328,433804.388063,1.600683e+00,-1140.153538,589.343394,580.793490,1.032,0.781,0.039
2100,2.100000,744234.103369,-310298.242846,433935.860523,1.600865e+00,-1140.153550,589.343192,580.793271,1.081,0.198,0.051
2101,2.101000,744234.105347,-310166.882031,434067.223316,1.601047e+00,-1140.153562,589.342989,580.793053,1.009,0.642,0.047
2102,2.102000,744234.107324,-310035.630820,434198.476505,1.601229e+00,-1140.153575,589.342787,580.792835,1.091,0.744,0.058
2103,2.103000,744234.109304,-309904.489157,434329.620148,1.601411e+00,-1140.153587,589.342585,580.792617,1.124,2.098,0.050
2104,2.104000,744234.111275,-309773.457000,434460.654275,1.601592e+00,-1140.153598,589.342385,580.792400,0.998,0.464,0.041
2105,2.105000,744234.113230,-309642.534302,434591.578928,1.601773e+00,-1140.153609,589.342186,580.792183,1.004,0.191,0.053
2106,2.106000,744234.115182,-309511.721005,434722.394176,1.601954e+00,-1140.153621,589.341987,580.791966,1.063,1.970,0.053
2107,2.107000,744234.117091,-309381.017059,434853.100032,1.602135e+00,-1140.153633,589.341791,580.791749,1.038,0.351,0.044
2108,2.108000,744234.118942,-309250.422408,434983.696534,1.602316e+00,-1140.153644,589.341598,580.791533,1.117,0.209,0.050
2109,2.109000,744234.120767,-309119.936993,435114.183774,1.602497e+00,-1140.153656,589.341405,580.791318,1.030,0.186,0.049
2110,2.110000,744234.122582,-308989.560758,435244.561824,1.602677e+00,-1140.153668,589.341214,580.791103,1.070,1.048,0.045
2111,2.111000,744234.124396,-308859.293635,435374.830761,1.602858e+00,-1140.153679,589.341023,580.790889,0.977,1.008,0.046
2112,2.112000,744234.126208,-308729.135560,435504.990648,1.603038e+00,-1140.153691,589.340833,580.790675,0.987,0.295,0.043
2113,2.113000,744234.128020,-308599.086472,435635.041549,1.603218e+00,-1140.153702,589.340642,580.790461,1.034,0.192,0.048
2114,2.114000,744234.129832,-308469.146303,435764.983529,1.603398e+00,-1140.153714,589.340452,580.790247,0.993,0.187,0.051
2115,2.115000,744234.131642,-308339.314978,435894.816664,1.603578e+00,-1140.153725,589.340262,580.790034,1.175,2.024,0.065
2116,2.116000,744234.133451,-308209.592425,436024.541027,1.603757e+00,-1140.153737,589.340072,580.789822,1.137,3.560,0.057
2117,2.117000,744234.135260,-308079.978561,436154.156700,1.603937e+00,-1140.153748,589.339883,580.789610,1.251,1.503,0.060
2118,2.118000,744234.137068,-307950.473310,436283.663758,1.604116e+00,-1140.153759,589.339694,580.789398,0.964,0.212,0.042
2119,2.119000,744234.138882,-307821.076577,436413.062305,1.604295e+00,-1140.153770,589.339505,580.789187,1.113,0.533,0.040
2120,2.120000,744234.140703,-307691.788278,436542.352424,1.604474e+00,-1140.153779,589.339317,580.788975,1.635,2.933,0.081
2121,2.121000,744234.142516,-307562.608310,436671.534206,1.604653e+00,-1140.153789,589.339129,580.788765,0.974,0.859,0.040
2122,2.122000,744234.144324,-307433.536576,436800.607748,1.604832e+00,-1140.153799,589.338943,580.788556,1.022,0.413,0.045
2123,2.123000,744234.146129,-307304.572978,436929.573151,1.605011e+00,-1140.153808,589.338757,580.788346,0.989,0.595,0.045
2124,2.124000,744234.147929,-307175.717420,437058.430509,1.605189e+00,-1140.153818,589.338572,580.788137,1.012,0.213,0.040
2125,2.125000,744234.149724,-307046.969795,437187.179928,1.605367e+00,-1140.153827,589.338387,580.787929,1.004,0.209,0.042
2126,2.126000,744234.151515,-306918.329991,437315.821524,1.605545e+00,-1140.153837,589.338204,580.787721,1.031,0.192,0.047
2127,2.127000,744234.153304,-306789.797878,437444.355426,1.605723e+00,-1140.153847,589.338020,580.787514,1.002,0.185,0.038
2128,2.128000,744234.155093,-306661.373341,437572.781752,1.605901e+00,-1140.153856,589.337836,580.787308,1.025,0.561,0.049
2129,2.129000,744234.156881,-306533.056262,437701.100619,1.606079e+00,-1140.153866,589.337653,580.787101,1.155,4.788,0.050
2130,2.130000,744234.158669,-306404.846499,437829.312171,1.606256e+00,-1140.153875,589.337470,580.786894,0.998,1.224,0.040
2131,2.131000,744234.160458,-306276.743939,437957.416518,1.606434e+00,-1140.153885,589.337286,580.786688,1.029,0.208,0.042
2132,2.132000,744234.162244,-306148.748443,438085.413801,1.606611e+00,-1140.153894,589.337103,580.786481,1.023,0.690,0.048
2133,2.133000,744234.164028,-306020.859879,438213.304149,1.606788e+00,-1140.153904,589.336921,580.786275,1.117,0.975,0.047
2134,2.134000,744234.165808,-305893.078100,438341.087708,1.606965e+00,-1140.153913,589.336740,580.786069,1.046,0.188,0.043
2135,2.135000,744234.167584,-305765.402967,438468.764618,1.607142e+00,-1140.153922,589.336559,580.785863,1.075,0.242,0.043
2136,2.136000,744234.169361,-305637.834331,438596.335030,1.607319e+00,-1140.153932,589.336378,580.785658,0.978,0.309,0.057
2137,2.137000,744234.171138,-305510.372030,438723.799108,1.607495e+00,-1140.153941,589.336198,580.785452,1.039,0.208,0.058
2138,2.138000,744234.172914,-305383.015916,438851.156998,1.607671e+00,-1140.153950,589.336018,580.785246,0.997,0.200,0.056
2139,2.139000,744234.174691,-305255.765824,438978.408867,1.607848e+00,-1140.153959,589.335837,580.785041,1.084,0.895,0.050
2140,2.140000,744234.176467,-305128.621596,439105.554871,1.608024e+00,-1140.153968,589.335657,580.784835,1.093,0.440,0.051
2141,2.141000,744234.178244,-305001.583064,439232.595179,1.608200e+00,-1140.153977,589.335477,580.784630,1.067,0.209,0.051
2142,2.142000,744234.180020,-304874.650054,439359.529966,1.608375e+00,-1140.153986,589.335297,580.784425,1.280,0.241,0.055
2143,2.143000,744234.181759,-304747.822388,439486.359371,1.608551e+00,-1140.153996,589.335119,580.784220,0.979,0.533,0.044
2144,2.144000,744234.183461,-304621.099894,439613.083567,1.608726e+00,-1140.154005,589.334944,580.784015,0.986,0.175,0.045
2145,2.145000,744234.185162,-304494.482394,439739.702768,1.608902e+00,-1140.154014,589.334768,580.783810,1.002,0.192,0.054
2146,2.146000,744234.186863,-304367.969685,439866.217178,1.609077e+00,-1140.154024,589.334593,580.783605,0.936,0.353,0.039
2147,2.147000,744234.188563,-304241.561586,439992.626977,1.609252e+00,-1140.154033,589.334419,580.783400,0.967,0.214,0.041
2148,2.148000,744234.190262,-304115.257907,440118.932355,1.609427e+00,-1140.154042,589.334244,580.783195,1.118,0.252,0.047
2149,2.149000,744234.191960,-303989.058441,440245.133520,1.609602e+00,-1140.154051,589.334070,580.782990,0.959,0.206,0.045
2150,2.150000,744234.193654,-303862.962997,440371.230658,1.609776e+00,-1140.154060,589.333897,580.782785,1.028,0.190,0.047
2151,2.151000,744234.195345,-303736.971369,440497.223976,1.609951e+00,-1140.154070,589.333723,580.782581,0.993,0.235,0.045
2152,2.152000,744234.197035,-303611.083356,440623.113679,1.610125e+00,-1140.154079,589.333550,580.782378,1.050,0.199,0.053
2153,2.153000,744234.198724,-303485.298749,440748.899976,1.610299e+00,-1140.154088,589.333377,580.782174,0.981,0.189,0.048
2154,2.154000,744234.200414,-303359.617342,440874.583072,1.610473e+00,-1140.154098,589.333204,580.781971,0.973,0.215,0.045
2155,2.155000,744234.202101,-303234.038918,441000.163183,1.610647e+00,-1140.154108,589.333031,580.781768,1.090,0.546,0.043
2156,2.156000,744234.203784,-303108.563267,441125.640516,1.610821e+00,-1140.154117,589.332859,580.781566,0.980,0.211,0.049
2157,2.157000,744234.205465,-302983.190183,441251.015282,1.610994e+00,-1140.154127,589.332687,580.781364,1.137,0.193,0.071
2158,2.158000,744234.207148,-302857.919448,441376.287700,1.611168e+00,-1140.154136,589.332515,580.781163,0.989,0.232,0.049
2159,2.159000,744234.208831,-302732.750859,441501.457972,1.611341e+00,-1140.154146,589.332343,580.780962,0.959,0.234,0.054
2160,2.160000,744234.210514,-302607.684207,441626.526306,1.611514e+00,-1140.154155,589.332171,580.780761,1.129,0.244,0.113
2161,2.161000,744234.212197,-302482.719282,441751.492915,1.611687e+00,-1140.154165,589.331999,580.780561,1.003,0.195,0.049
2162,2.162000,744234.213881,-302357.855887,441876.357994,1.611860e+00,-1140.154174,589.331828,580.780360,1.048,0.196,0.044
2163,2.163000,744234.215566,-302233.093836,442001.121730,1.612033e+00,-1140.154184,589.331657,580.780160,1.047,0.210,0.049
2164,2.164000,744234.217251,-302108.432913,442125.784337,1.612206e+00,-1140.154193,589.331486,580.779960,1.015,0.211,0.048
2165,2.165000,744234.218933,-301983.872937,442250.345996,1.612378e+00,-1140.154203,589.331315,580.779760,1.090,0.214,0.040
2166,2.166000,744234.220614,-301859.413716,442374.806898,1.612551e+00,-1140.154212,589.331145,580.779561,1.069,0.254,0.049
2167,2.167000,744234.222294,-301735.055097,442499.167197,1.612723e+00,-1140.154221,589.330975,580.779361,1.091,0.484,0.035
2168,2.168000,744234.223974,-301610.796908,442623.427067,1.612895e+00,-1140.154231,589.330805,580.779161,1.052,0.416,0.044
2169,2.169000,744234.225651,-301486.638961,442747.586690,1.613067e+00,-1140.154240,589.330635,580.778963,1.197,0.306,0.056
2170,2.170000,744234.227314,-301362.581130,442871.646183,1.613239e+00,-1140.154250,589.330465,580.778766,1.680,0.363,0.064
2171,2.171000,744234.228967,-301238.623244,442995.605723,1.613410e+00,-1140.154259,589.330296,580.778570,3.122,0.234,0.073
2172,2.172000,744234.230619,-301114.765170,443119.465449,1.613582e+00,-1140.154268,589.330126,580.778374,1.049,0.222,0.059
2173,2.173000,744234.232271,-300991.006783,443243.225488,1.613753e+00,-1140.154278,589.329957,580.778179,0.994,0.588,0.061
2174,2.174000,744234.233923,-300867.347953,443366.885970,1.613924e+00,-1140.154287,589.329788,580.777983,0.950,0.628,0.039
2175,2.175000,744234.235573,-300743.788565,443490.447008,1.614095e+00,-1140.154297,589.329620,580.777788,1.037,0.476,0.058
2176,2.176000,744234.237219,-300620.328502,443613.908717,1.614266e+00,-1140.154306,589.329453,580.777594,1.054,0.197,0.049
2177,2.177000,744234.238863,-300496.967665,443737.271198,1.614437e+00,-1140.154315,589.329286,580.777400,1.027,0.190,0.056
2178,2.178000,744234.240469,-300373.705936,443860.534533,1.614608e+00,-1140.154324,589.329121,580.777206,0.945,0.350,0.042
2179,2.179000,744234.242036,-300250.543231,443983.698806,1.614778e+00,-1140.154333,589.328958,580.777012,1.080,0.434,0.046
2180,2.180000,744234.243596,-300127.479448,444106.764149,1.614949e+00,-1140.154342,589.328795,580.776819,1.060,0.235,0.056
2181,2.181000,744234.245149,-300004.514483,444229.730665,1.615119e+00,-1140.154351,589.328632,580.776628,1.080,0.466,0.052
2182,2.182000,744234.246692,-299881.648248,444352.598444,1.615289e+00,-1140.154361,589.328470,580.776436,1.717,0.244,0.143
2183,2.183000,744234.248227,-299758.880641,444475.367586,1.615459e+00,-1140.154370,589.328309,580.776245,1.044,0.197,0.046
2184,2.184000,744234.249758,-299636.211553,444598.038205,1.615629e+00,-1140.154378,589.328148,580.776054,0.975,0.388,0.047
2185,2.185000,744234.251287,-299513.640874,444720.610413,1.615799e+00,-1140.154387,589.327988,580.775863,1.049,0.519,0.048
2186,2.186000,744234.252815,-299391.168497,444843.084318,1.615968e+00,-1140.154396,589.327828,580.775673,0.972,0.586,0.046
2187,2.187000,744234.254343,-299268.794307,444965.460036,1.616138e+00,-1140.154405,589.327668,580.775483,1.066,0.205,0.062
2188,2.188000,744234.255871,-299146.518177,445087.737695,1.616307e+00,-1140.154413,589.327507,580.775293,1.036,0.286,0.052
2189,2.189000,744234.257399,-299024.339965,445209.917434,1.616476e+00,-1140.154422,589.327347,580.775103,0.969,0.214,0.048
2190,2.190000,744234.258931,-298902.259524,445331.999406,1.616645e+00,-1140.154431,589.327188,580.774913,0.952,0.208,0.046
2191,2.191000,744234.260466,-298780.276696,445453.983770,1.616814e+00,-1140.154441,589.327028,580.774723,0.940,0.204,0.055
2192,2.192000,744234.262001,-298658.391317,445575.870684,1.616983e+00,-1140.154451,589.326868,580.774534,2.471,0.809,0.372
2193,2.193000,744234.263537,-298536.603215,445697.660322,1.617152e+00,-1140.154460,589.326709,580.774344,1.382,0.629,0.048
2194,2.194000,744234.265083,-298414.912183,445819.352901,1.617320e+00,-1140.154469,589.326550,580.774155,1.170,0.554,0.051
2195,2.195000,744234.266638,-298293.318036,445940.948602,1.617489e+00,-1140.154476,589.326391,580.773966,1.060,0.484,0.040
2196,2.196000,744234.268191,-298171.820573,446062.447618,1.617657e+00,-1140.154484,589.326233,580.773777,0.986,0.189,0.046
2197,2.197000,744234.269742,-298050.419596,446183.850146,1.617825e+00,-1140.154491,589.326075,580.773588,1.005,0.314,0.048
2198,2.198000,744234.271286,-297929.114875,446305.156411,1.617993e+00,-1140.154498,589.325917,580.773400,1.093,0.218,0.053
2199,2.199000,744234.272800,-297807.906202,446426.366598,1.618161e+00,-1140.154506,589.325760,580.773214,1.025,0.214,0.048
2200,2.200000,744234.274286,-297686.793366,446547.480921,1.618328e+00,-1140.154513,589.325605,580.773030,1.058,0.295,0.048
2201,2.201000,744234.275756,-297565.776154,446668.499603,1.618496e+00,-1140.154520,589.325449,580.772847,1.042,0.217,0.047
2202,2.202000,744234.277212,-297444.854356,446789.422857,1.618663e+00,-1140.154528,589.325293,580.772665,39.086,0.794,10.558
2203,2.203000,744234.278666,-297324.027771,446910.250895,1.618831e+00,-1140.154535,589.325138,580.772484,3.538,0.595,0.067
2204,2.204000,744234.280114,-297203.296211,447030.983902,1.618998e+00,-1140.154542,589.324984,580.772303,2.124,47.755,0.110
2205,2.205000,744234.281557,-297082.659494,447151.622063,1.619165e+00,-1140.154550,589.324831,580.772122,101.434,5.450,0.270
2206,2.206000,744234.283000,-296962.117465,447272.165536,1.619332e+00,-1140.154557,589.324678,580.771942,1.070,0.453,0.054
2207,2.207000,744234.284444,-296841.669970,447392.614474,1.619499e+00,-1140.154563,589.324525,580.771761,2.051,0.874,0.054
2208,2.208000,744234.285889,-296721.316882,447512.969007,1.619665e+00,-1140.154570,589.324372,580.771581,1.307,0.252,0.075
2209,2.209000,744234.287334,-296601.058084,447633.229250,1.619832e+00,-1140.154577,589.324219,580.771401,1.036,0.204,0.063
2210,2.210000,744234.288779,-296480.893473,447753.395305,1.619998e+00,-1140.154584,589.324067,580.771222,1.019,0.207,0.056
2211,2.211000,744234.290222,-296360.822961,447873.467262,1.620165e+00,-1140.154590,589.323915,580.771042,0.946,0.833,0.044
2212,2.212000,744234.291667,-296240.846479,447993.445188,1.620331e+00,-1140.154597,589.323763,580.770863,1.051,0.229,0.052
2213,2.213000,744234.293113,-296120.963964,448113.329149,1.620497e+00,-1140.154604,589.323611,580.770685,1.512,0.261,0.050
2214,2.214000,744234.294558,-296001.175375,448233.119183,1.620663e+00,-1140.154610,589.323460,580.770507,0.982,0.222,0.051
2215,2.215000,744234.296001,-295881.480674,448352.815327,1.620828e+00,-1140.154617,589.323309,580.770330,2.191,4.369,0.106
2216,2.216000,744234.297440,-295761.879825,448472.417615,1.620994e+00,-1140.154624,589.323158,580.770153,1.048,8.248,0.046
2217,2.217000,744234.298874,-295642.372799,448591.926075,1.621159e+00,-1140.154631,589.323007,580.769977,0.936,0.746,0.044
2218,2.218000,744234.300307,-295522.959579,448711.340729,1.621325e+00,-1140.154637,589.322857,580.769802,1.010,0.192,0.038
2219,2.219000,744234.301740,-295403.640148,448830.661592,1.621490e+00,-1140.154644,589.322706,580.769626,1.089,0.211,0.057
2220,2.220000,744234.303174,-295284.414491,448949.888683,1.621655e+00,-1140.154651,589.322555,580.769451,1.065,0.204,0.060
2221,2.221000,744234.304607,-295165.282593,449069.022013,1.621820e+00,-1140.154657,589.322405,580.769275,0.987,0.217,0.048
2222,2.222000,744234.306040,-295046.244435,449188.061605,1.621985e+00,-1140.154663,589.322255,580.769100,1.086,0.519,0.050
2223,2.223000,744234.307473,-294927.300001,449307.007472,1.622150e+00,-1140.154669,589.322105,580.768926,1.181,0.451,0.071
2224,2.224000,744234.308905,-294808.449268,449425.859636,1.622314e+00,-1140.154674,589.321956,580.768751,0.973,0.442,0.044
2225,2.225000,744234.310337,-294689.692204,449544.618133,1.622479e+00,-1140.154680,589.321807,580.768577,1.563,0.202,0.047
2226,2.226000,744234.311770,-294571.028787,449663.282982,1.622643e+00,-1140.154686,589.321658,580.768402,2.341,4.848,0.256
2227,2.227000,744234.313202,-294452.458990,449781.854212,1.622807e+00,-1140.154692,589.321510,580.768228,1.104,4.497,0.184
2228,2.228000,744234.314631,-294333.982789,449900.331842,1.622971e+00,-1140.154697,589.321362,580.768054,1.588,0.207,0.062
2229,2.229000,744234.316057,-294215.600137,450018.715920,1.623135e+00,-1140.154703,589.321214,580.767880,1.256,0.227,0.053
2230,2.230000,744234.317483,-294097.310998,450137.006485,1.623299e+00,-1140.154708,589.321067,580.767706,0.992,0.264,0.175
2231,2.231000,744234.318910,-293979.115346,450255.203564,1.623462e+00,-1140.154714,589.320919,580.767532,1.006,0.192,0.052
2232,2.232000,744234.320337,-293861.013128,450373.307209,1.623626e+00,-1140.154719,589.320772,580.767358,0.980,0.553,0.050
2233,2.233000,744234.321765,-293743.004299,450491.317466,1.623789e+00,-1140.154724,589.320624,580.767183,1.146,0.460,0.047
2234,2.234000,744234.323192,-293625.088805,450609.234387,1.623953e+00,-1140.154729,589.320477,580.767009,0.967,0.381,0.049
2235,2.235000,744234.324620,-293507.266607,450727.058013,1.624116e+00,-1140.154734,589.320330,580.766836,1.068,0.320,0.040
2236,2.236000,744234.326046,-293389.537639,450844.788407,1.624279e+00,-1140.154739,589.320182,580.766662,1.014,0.780,0.041
2237,2.237000,744234.327469,-293271.901860,450962.425608,1.624442e+00,-1140.154744,589.320035,580.766490,1.187,0.218,0.049
2238,2.238000,744234.328892,-293154.359200,451079.969692,1.624605e+00,-1140.154749,589.319888,580.766317,1.122,0.221,0.048
2239,2.239000,744234.330315,-293036.909607,451197.420708,1.624767e+00,-1140.154754,589.319741,580.766145,1.066,0.245,0.045
2240,2.240000,744234.331738,-292919.553017,451314.778722,1.624930e+00,-1140.154759,589.319595,580.765972,1.035,0.248,0.045
2241,2.241000,744234.333161,-292802.289368,451432.043793,1.625092e+00,-1140.154764,589.319448,580.765800,0.952,0.176,0.033
2242,2.242000,744234.334582,-292685.118587,451549.215995,1.625254e+00,-1140.154769,589.319303,580.765627,1.205,0.346,0.048
2243,2.243000,744234.336004,-292568.040604,451666.295400,1.625416e+00,-1140.154774,589.319157,580.765455,0.993,0.201,0.053
2244,2.244000,744234.337425,-292451.055349,451783.282076,1.625578e+00,-1140.154779,589.319012,580.765283,0.993,0.200,0.056
2245,2.245000,744234.338846,-292334.162756,451900.176090,1.625740e+00,-1140.154784,589.318867,580.765112,0.974,0.346,0.038
2246,2.246000,744234.340267,-292217.362746,452016.977520,1.625902e+00,-1140.154789,589.318722,580.764941,1.113,0.320,0.044
2247,2.247000,744234.341688,-292100.655245,452133.686442,1.626064e+00,-1140.154794,589.318577,580.764769,1.255,0.224,0.047
2248,2.248000,744234.343109,-291984.040172,452250.302937,1.626225e+00,-1140.154798,589.318433,580.764598,1.109,0.423,0.059
2249,2.249000,744234.344531,-291867.517445,452366.827085,1.626386e+00,-1140.154803,589.318288,580.764427,1.146,0.229,0.056
2250,2.250000,744234.345952,-291751.086986,452483.258966,1.626548e+00,-1140.154808,589.318144,580.764256,1.118,0.593,0.042
2251,2.251000,744234.347372,-291634.748712,452599.598660,1.626709e+00,-1140.154813,589.318001,580.764084,1.039,0.289,0.046
2252,2.252000,744234.348793,-291518.502538,452715.846255,1.626870e+00,-1140.154818,589.317857,580.763913,1.071,0.255,0.043
2253,2.253000,744234.350214,-291402.348375,452832.001839,1.627031e+00,-1140.154823,589.317713,580.763742,1.362,2.164,0.042
2254,2.254000,744234.351634,-291286.286132,452948.065503,1.627191e+00,-1140.154828,589.317570,580.763571,2.178,1.862,0.099
2255,2.255000,744234.353055,-291170.315720,453064.037334,1.627352e+00,-1140.154832,589.317426,580.763400,1.807,0.216,0.044
2256,2.256000,744234.354475,-291054.437055,453179.917421,1.627512e+00,-1140.154837,589.317283,580.763229,0.945,0.503,0.040
2257,2.257000,744234.355893,-290938.650027,453295.705865,1.627673e+00,-1140.154842,589.317140,580.763059,1.010,0.222,0.049
2258,2.258000,744234.357308,-290822.954544,453411.402763,1.627833e+00,-1140.154847,589.316997,580.762889,1.042,0.207,0.061
2259,2.259000,744234.358722,-290707.350517,453527.008205,1.627993e+00,-1140.154852,589.316854,580.762720,0.977,0.182,0.044
2260,2.260000,744234.360137,-290591.837846,453642.522290,1.628153e+00,-1140.154857,589.316712,580.762552,1.156,0.258,0.057
2261,2.261000,744234.361551,-290476.416415,453757.945136,1.628313e+00,-1140.154862,589.316569,580.762383,0.961,0.364,0.046
2262,2.262000,744234.362967,-290361.086132,453873.276835,1.628472e+00,-1140.154867,589.316427,580.762215,1.109,0.395,0.047
2263,2.263000,744234.364383,-290245.846902,453988.517481,1.628632e+00,-1140.154872,589.316285,580.762047,0.963,0.225,0.046
2264,2.264000,744234.365797,-290130.698613,454103.667184,1.628791e+00,-1140.154877,589.316144,580.761878,1.076,0.207,0.052
2265,2.265000,744234.367197,-290015.641156,454218.726041,1.628951e+00,-1140.154882,589.316003,580.761711,1.031,0.500,0.043
2266,2.266000,744234.368583,-289900.674431,454333.694152,1.629110e+00,-1140.154887,589.315862,580.761545,1.044,0.196,0.045
2267,2.267000,744234.369969,-289785.798324,454448.571646,1.629269e+00,-1140.154892,589.315722,580.761379,1.107,0.280,0.042
2268,2.268000,744234.371357,-289671.012725,454563.358631,1.629428e+00,-1140.154897,589.315581,580.761213,0.994,0.180,0.041
2269,2.269000,744234.372744,-289556.317517,454678.055227,1.629587e+00,-1140.154902,589.315441,580.761048,1.107,0.217,0.037
2270,2.270000,744234.374131,-289441.712594,454792.661537,1.629745e+00,-1140.154907,589.315300,580.760883,1.069,0.222,0.041
2271,2.271000,744234.375519,-289327.197836,454907.177683,1.629904e+00,-1140.154911,589.315160,580.760718,1.034,0.542,0.066
2272,2.272000,744234.376871,-289212.773137,455021.603734,1.630062e+00,-1140.154916,589.315021,580.760553,1.089,0.266,0.044
2273,2.273000,744234.378189,-289098.438362,455135.939827,1.630221e+00,-1140.154921,589.314885,580.760388,1.285,0.265,0.054
2274,2.274000,744234.379506,-288984.193419,455250.186087,1.630379e+00,-1140.154926,589.314748,580.760224,1.098,0.717,0.043
2275,2.275000,744234.380823,-288870.038177,455364.342646,1.630537e+00,-1140.154931,589.314612,580.760060,1.163,0.946,0.043
2276,2.276000,744234.382136,-288755.972513,455478.409622,1.630695e+00,-1140.154936,589.314476,580.759896,1.001,0.190,0.053
2277,2.277000,744234.383445,-288641.996308,455592.387137,1.630853e+00,-1140.154941,589.314340,580.759732,1.131,0.296,0.059
2278,2.278000,744234.384754,-288528.109438,455706.275316,1.631010e+00,-1140.154945,589.314205,580.759568,1.062,0.453,0.054
2279,2.279000,744234.386064,-288414.311778,455820.074287,1.631168e+00,-1140.154951,589.314070,580.759405,1.568,0.215,0.047
2280,2.280000,744234.387373,-288300.603209,455933.784164,1.631326e+00,-1140.154956,589.313936,580.759242,1.062,0.191,0.043
2281,2.281000,744234.388682,-288186.983601,456047.405081,1.631483e+00,-1140.154961,589.313802,580.759078,1.093,0.904,0.057
2282,2.282000,744234.389992,-288073.452833,456160.937159,1.631640e+00,-1140.154966,589.313669,580.758916,1.107,0.223,0.049
2283,2.283000,744234.391301,-287960.010774,456274.380527,1.631797e+00,-1140.154971,589.313535,580.758753,1.078,0.217,0.047
2284,2.284000,744234.392607,-287846.657298,456387.735309,1.631954e+00,-1140.154976,589.313402,580.758591,1.023,0.193,0.042
2285,2.285000,744234.393911,-287733.392270,456501.001641,1.632111e+00,-1140.154981,589.313269,580.758428,1.105,0.509,0.050
2286,2.286000,744234.395214,-287620.215561,456614.179653,1.632268e+00,-1140.154986,589.313137,580.758266,1.004,0.209,0.051
2287,2.287000,744234.396518,-287507.127048,456727.269470,1.632424e+00,-1140.154991,589.313004,580.758104,0.960,0.418,0.051
2288,2.288000,744234.397817,-287394.126587,456840.271230,1.632581e+00,-1140.154996,589.312872,580.757942,0.982,0.191,0.045
2289,2.289000,744234.399112,-287281.214047,456953.185065,1.632737e+00,-1140.155001,589.312740,580.757781,1.059,0.366,0.056
2290,2.290000,744234.400407,-287168.389293,457066.011114,1.632893e+00,-1140.155006,589.312609,580.757620,1.064,0.579,0.050
2291,2.291000,744234.401699,-287055.652195,457178.749504,1.633049e+00,-1140.155010,589.312477,580.757460,8.020,1.145,0.133
2292,2.292000,744234.402988,-286943.002619,457291.400368,1.633205e+00,-1140.155015,589.312346,580.757300,1.175,0.244,0.040
2293,2.293000,744234.404276,-286830.440429,457403.963846,1.633361e+00,-1140.155020,589.312215,580.757141,1.161,0.957,0.046
2294,2.294000,744234.405520,-286717.965481,457516.440039,1.633517e+00,-1140.155024,589.312085,580.756983,0.964,0.587,0.039
2295,2.295000,744234.406720,-286605.577644,457628.829076,1.633673e+00,-1140.155029,589.311958,580.756825,0.956,0.514,0.044
2296,2.296000,744234.407920,-286493.276772,457741.131148,1.633828e+00,-1140.155034,589.311832,580.756666,1.023,0.204,0.053
2297,2.297000,744234.409121,-286381.062727,457853.346394,1.633984e+00,-1140.155038,589.311705,580.756508,0.979,0.909,0.042
2298,2.298000,744234.410322,-286268.935378,457965.474945,1.634139e+00,-1140.155043,589.311580,580.756350,1.230,0.215,0.053
2299,2.299000,744234.411524,-286156.894572,458077.516952,1.634294e+00,-1140.155047,589.311455,580.756192,1.037,0.400,0.042
2300,2.300000,744234.412727,-286044.940175,458189.472551,1.634449e+00,-1140.155052,589.311330,580.756035,1.130,0.752,0.053
2301,2.301000,744234.413929,-285933.072033,458301.341896,1.634604e+00,-1140.155056,589.311205,580.755877,1.060,0.196,0.049
2302,2.302000,744234.415132,-285821.290014,458413.125118,1.634759e+00,-1140.155061,589.311080,580.755720,1.022,0.192,0.045
2303,2.303000,744234.416335,-285709.593957,458524.822377,1.634913e+00,-1140.155065,589.310955,580.755562,0.988,0.383,0.042
2304,2.304000,744234.417537,-285597.983719,458636.433818,1.635068e+00,-1140.155069,589.310831,580.755405,1.083,0.195,0.040
2305,2.305000,744234.418739,-285486.459148,458747.959591,1.635222e+00,-1140.155073,589.310707,580.755247,1.154,0.220,0.057
2306,2.306000,744234.419941,-285375.020087,458859.399853,1.635377e+00,-1140.155077,589.310584,580.755090,1.043,0.191,0.045
2307,2.307000,744234.421142,-285263.666384,458970.754759,1.635531e+00,-1140.155081,589.310461,580.754933,1.024,0.628,0.042
2308,2.308000,744234.422341,-285152.397881,459082.024460,1.635685e+00,-1140.155085,589.310338,580.754776,1.111,0.228,0.054
2309,2.309000,744234.423537,-285041.214420,459193.209117,1.635839e+00,-1140.155089,589.310215,580.754620,0.968,0.477,0.044
2310,2.310000,744234.424733,-284930.115831,459304.308902,1.635993e+00,-1140.155093,589.310092,580.754464,0.962,0.401,0.044
2311,2.311000,744234.425927,-284819.101955,459415.323972,1.636146e+00,-1140.155096,589.309969,580.754310,0.980,0.432,0.047
2312,2.312000,744234.427117,-284708.172616,459526.254501,1.636300e+00,-1140.155100,589.309846,580.754156,1.038,0.562,0.062
2313,2.313000,744234.428308,-284597.327651,459637.100656,1.636453e+00,-1140.155104,589.309724,580.754002,1.292,0.410,0.642
2314,2.314000,744234.429498,-284486.566879,459747.862619,1.636607e+00,-1140.155108,589.309601,580.753848,0.950,0.258,0.045
2315,2.315000,744234.430687,-284375.890123,459858.540564,1.636760e+00,-1140.155111,589.309479,580.753694,1.075,0.203,0.049
2316,2.316000,744234.431877,-284265.297198,459969.134679,1.636913e+00,-1140.155115,589.309357,580.753540,1.007,0.190,0.042
2317,2.317000,744234.433066,-284154.787917,460079.645150,1.637066e+00,-1140.155118,589.309235,580.753387,1.093,0.249,0.048
2318,2.318000,744234.434246,-284044.362084,460190.072162,1.637219e+00,-1140.155122,589.309113,580.753233,1.129,0.200,0.048
2319,2.319000,744234.435414,-283934.019510,460300.415904,1.637372e+00,-1140.155126,589.308993,580.753079,0.952,2.205,0.045
2320,2.320000,744234.436582,-283823.759985,460410.676597,1.637525e+00,-1140.155130,589.308873,580.752926,1.032,0.486,0.041
2321,2.321000,744234.437751,-283713.583311,460520.854440,1.637677e+00,-1140.155134,589.308752,580.752772,0.995,0.397,0.050
2322,2.322000,744234.438918,-283603.489277,460630.949641,1.637830e+00,-1140.155138,589.308632,580.752618,1.966,1.157,0.405
2323,2.323000,744234.440085,-283493.477658,460740.962427,1.637982e+00,-1140.155141,589.308513,580.752465,1.066,0.704,0.039
2324,2.324000,744234.441251,-283383.548248,460850.893003,1.638134e+00,-1140.155145,589.308393,580.752312,1.650,0.250,0.039
2325,2.325000,744234.442415,-283273.700804,460960.741611,1.638286e+00,-1140.155149,589.308273,580.752160,1.123,0.272,0.055
2326,2.326000,744234.443580,-283163.935104,461070.508476,1.638438e+00,-1140.155153,589.308153,580.752007,0.989,1.002,0.043
2327,2.327000,744234.444744,-283054.250919,461180.193825,1.638590e+00,-1140.155156,589.308034,580.751855,1.030,1.368,0.041
2328,2.328000,744234.445908,-282944.648006,461289.797902,1.638742e+00,-1140.155160,589.307916,580.751703,0.982,0.554,0.045
2329,2.329000,744234.447071,-282835.126120,461399.320951,1.638894e+00,-1140.155164,589.307798,580.751551,1.034,0.416,0.046
2330,2.330000,744234.448234,-282725.685002,461508.763232,1.639045e+00,-1140.155167,589.307681,580.751399,1.129,0.216,0.052
2331,2.331000,744234.449392,-282616.324412,461618.124981,1.639197e+00,-1140.155171,589.307565,580.751247,1.071,0.218,0.038
2332,2.332000,744234.450555,-282507.044098,461727.406458,1.639348e+00,-1140.155175,589.307449,580.751095,1.081,0.214,0.040
2333,2.333000,744234.451727,-282397.843805,461836.607922,1.639499e+00,-1140.155181,589.307334,580.750944,1.070,0.267,0.049
2334,2.334000,744234.452897,-282288.723294,461945.729603,1.639650e+00,-1140.155187,589.307220,580.750792,1.023,0.210,0.044
2335,2.335000,744234.454066,-282179.682303,462054.771763,1.639801e+00,-1140.155192,589.307106,580.750641,1.015,0.247,0.042
2336,2.336000,744234.455237,-282070.720587,462163.734650,1.639952e+00,-1140.155198,589.306991,580.750491,1.010,0.230,0.048
2337,2.337000,744234.456407,-281961.837892,462272.618515,1.640103e+00,-1140.155203,589.306877,580.750340,0.992,0.362,0.046
2338,2.338000,744234.457578,-281853.033991,462381.423587,1.640253e+00,-1140.155209,589.306763,580.750189,1.091,0.621,0.040
2339,2.339000,744234.458748,-281744.308650,462490.150098,1.640404e+00,-1140.155214,589.306649,580.750038,1.057,0.627,0.042
2340,2.340000,744234.459919,-281635.661641,462598.798278,1.640554e+00,-1140.155220,589.306536,580.749888,0.972,0.236,0.049
2341,2.341000,744234.461091,-281527.092759,462707.368332,1.640705e+00,-1140.155225,589.306422,580.749737,0.968,0.186,0.050
2342,2.342000,744234.462263,-281418.601798,462815.860465,1.640855e+00,-1140.155230,589.306309,580.749586,1.018,0.210,0.048
2343,2.343000,744234.463436,-281310.188567,462924.274869,1.641005e+00,-1140.155235,589.306196,580.749436,0.941,0.540,0.043
2344,2.344000,744234.464608,-281201.852891,463032.611717,1.641155e+00,-1140.155241,589.306083,580.749286,0.981,0.519,0.044
2345,2.345000,744234.465780,-281093.594612,463140.871169,1.641305e+00,-1140.155246,589.305971,580.749136,0.945,0.904,0.057
2346,2.346000,744234.466953,-280985.413583,463249.053370,1.641455e+00,-1140.155250,589.305859,580.748987,0.947,0.540,0.044
2347,2.347000,744234.468126,-280877.309675,463357.158452,1.641605e+00,-1140.155255,589.305746,580.748838,0.979,0.405,0.053
2348,2.348000,744234.469299,-280769.282771,463465.186528,1.641754e+00,-1140.155260,589.305634,580.748688,0.950,0.493,0.049
2349,2.349000,744234.470473,-280661.332784,463573.137688,1.641904e+00,-1140.155265,589.305522,580.748539,0.960,0.218,0.055
2350,2.350000,744234.471647,-280553.459634,463681.012013,1.642053e+00,-1140.155270,589.305410,580.748391,0.980,0.215,0.048
2351,2.351000,744234.472822,-280445.663252,463788.809569,1.642202e+00,-1140.155275,589.305297,580.748242,0.999,0.233,0.047
2352,2.352000,744234.473997,-280337.943602,463896.530395,1.642351e+00,-1140.155280,589.305185,580.748094,0.950,0.545,0.050
2353,2.353000,744234.475156,-280230.300648,464004.174508,1.642500e+00,-1140.155285,589.305075,580.747946,0.965,0.417,0.045
2354,2.354000,744234.476300,-280122.734361,464111.741939,1.642649e+00,-1140.155290,589.304965,580.747798,0.977,0.356,0.046
2355,2.355000,744234.477444,-280015.244733,464219.232711,1.642798e+00,-1140.155295,589.304855,580.747650,0.959,0.397,0.048
2356,2.356000,744234.478589,-279907.831766,464326.646823,1.642947e+00,-1140.155300,589.304746,580.747502,0.967,0.635,0.048
2357,2.357000,744234.479734,-279800.495460,464433.984274,1.643096e+00,-1140.155304,589.304636,580.747356,0.987,0.183,0.052
2358,2.358000,744234.480889,-279693.235835,464541.245053,1.643244e+00,-1140.155310,589.304527,580.747209,1.118,0.223,0.049
2359,2.359000,744234.482053,-279586.052910,464648.429144,1.643393e+00,-1140.155318,589.304418,580.747063,1.078,0.216,0.051
2360,2.360000,744234.483218,-279478.946708,464755.536511,1.643541e+00,-1140.155325,589.304309,580.746918,1.001,0.192,0.052
2361,2.361000,744234.484384,-279371.917258,464862.567126,1.643689e+00,-1140.155333,589.304201,580.746772,1.943,1.196,0.054
2362,2.362000,744234.485550,-279264.964590,464969.520959,1.643837e+00,-1140.155340,589.304092,580.746627,0.961,0.203,0.046
2363,2.363000,744234.486716,-279158.088734,465076.397982,1.643985e+00,-1140.155348,589.303984,580.746481,0.969,0.236,0.051
2364,2.364000,744234.487882,-279051.289707,465183.198175,1.644133e+00,-1140.155355,589.303876,580.746336,0.984,0.225,0.054
2365,2.365000,744234.489047,-278944.567536,465289.921511,1.644281e+00,-1140.155363,589.303768,580.746191,1.029,0.384,0.049
2366,2.366000,744234.490211,-278837.922244,465396.567967,1.644429e+00,-1140.155370,589.303660,580.746046,1.098,0.259,0.049
2367,2.367000,744234.491375,-278731.353851,465503.137523,1.644576e+00,-1140.155378,589.303552,580.745902,1.040,0.373,0.048
2368,2.368000,744234.492539,-278624.862366,465609.630173,1.644724e+00,-1140.155385,589.303444,580.745757,0.959,0.209,0.045
2369,2.369000,744234.493702,-278518.447805,465716.045897,1.644871e+00,-1140.155393,589.303337,580.745612,0.997,0.335,0.042
2370,2.370000,744234.494863,-278412.110178,465822.384685,1.645018e+00,-1140.155400,589.303230,580.745468,0.963,0.405,0.047
2371,2.371000,744234.496023,-278305.849475,465928.646547,1.645165e+00,-1140.155407,589.303123,580.745325,0.932,0.203,0.043
2372,2.372000,744234.497184,-278199.665698,466034.831486,1.645312e+00,-1140.155414,589.303017,580.745181,0.984,0.214,0.059
2373,2.373000,744234.498341,-278093.558826,466140.939516,1.645459e+00,-1140.155422,589.302911,580.745038,0.991,0.217,0.043
2374,2.374000,744234.499496,-277987.528855,466246.970641,1.645606e+00,-1140.155429,589.302805,580.744894,1.084,0.584,0.050
2375,2.375000,744234.500651,-277881.575762,466352.924889,1.645753e+00,-1140.155435,589.302700,580.744751,1.221,0.218,0.058
2376,2.376000,744234.501807,-277775.699527,466458.802280,1.645899e+00,-1140.155442,589.302594,580.744608,1.626,0.472,0.062
2377,2.377000,744234.502963,-277669.900115,466564.602848,1.646046e+00,-1140.155449,589.302489,580.744465,0.942,0.629,0.044
2378,2.378000,744234.504118,-277564.177490,466670.326628,1.646192e+00,-1140.155456,589.302384,580.744323,0.958,0.518,0.042
2379,2.379000,744234.505272,-277458.531628,466775.973644,1.646339e+00,-1140.155463,589.302279,580.744180,1.039,0.329,0.041
2380,2.380000,744234.506427,-277352.962473,466881.543954,1.646485e+00,-1140.155470,589.302174,580.744037,1.248,0.258,0.052
2381,2.381000,744234.507583,-277247.469982,466987.037601,1.646631e+00,-1140.155476,589.302069,580.743895,1.051,0.214,0.050
2382,2.382000,744234.508740,-277142.054108,467092.454632,1.646777e+00,-1140.155483,589.301964,580.743752,1.187,0.590,0.049
2383,2.383000,744234.509897,-277036.714799,467197.795098,1.646923e+00,-1140.155489,589.301859,580.743610,0.999,0.213,0.048
2384,2.384000,744234.511054,-276931.451988,467303.059066,1.647068e+00,-1140.155495,589.301755,580.743467,0.993,0.216,0.055
2385,2.385000,744234.512211,-276826.265636,467408.246575,1.647214e+00,-1140.155502,589.301650,580.743325,0.982,0.220,0.045
2386,2.386000,744234.513367,-276721.155677,467513.357690,1.647360e+00,-1140.155508,589.301546,580.743183,0.954,0.256,0.044
2387,2.387000,744234.514523,-276616.122053,467618.392470,1.647505e+00,-1140.155514,589.301442,580.743041,0.977,0.373,0.049
2388,2.388000,744234.515679,-276511.164709,467723.350970,1.647650e+00,-1140.155520,589.301338,580.742899,1.024,0.416,0.053
2389,2.389000,744234.516835,-276406.283571,467828.233264,1.647796e+00,-1140.155527,589.301234,580.742758,0.965,0.212,0.044
2390,2.390000,744234.517991,-276301.478587,467933.039404,1.647941e+00,-1140.155533,589.301131,580.742616,1.038,0.214,0.050
2391,2.391000,744234.519145,-276196.749706,468037.769438,1.648086e+00,-1140.155539,589.301027,580.742476,1.043,0.279,0.045
2392,2.392000,744234.520291,-276092.096866,468142.423425,1.648231e+00,-1140.155545,589.300924,580.742335,1.221,0.420,0.053
2393,2.393000,744234.521433,-275987.520014,468247.001419,1.648375e+00,-1140.155551,589.300821,580.742195,1.014,0.202,0.046
2394,2.394000,744234.522574,-275883.019106,468351.503468,1.648520e+00,-1140.155558,589.300720,580.742055,1.083,0.537,0.046
2395,2.395000,744234.523715,-275778.594103,468455.929612,1.648665e+00,-1140.155564,589.300618,580.741915,1.010,0.595,0.062
2396,2.396000,744234.524855,-275674.244959,468560.279895,1.648809e+00,-1140.155570,589.300517,580.741776,1.065,0.536,0.043
2397,2.397000,744234.525995,-275569.971639,468664.554356,1.648954e+00,-1140.155576,589.300416,580.741636,1.109,0.215,0.051
2398,2.398000,744234.527136,-275465.774124,468768.753012,1.649098e+00,-1140.155581,589.300315,580.741496,1.019,0.384,0.042
2399,2.399000,744234.528276,-275361.652382,468872.875894,1.649242e+00,-1140.155587,589.300214,580.741357,1.006,0.212,0.047
2400,2.400000,744234.529406,-275257.606386,468976.923020,1.649386e+00,-1140.155593,589.300114,580.741217,1.016,0.509,0.064
2401,2.401000,744234.530525,-275153.636131,469080.894394,1.649530e+00,-1140.155599,589.300015,580.741078,1.047,0.219,0.044
2402,2.402000,744234.531643,-275049.741603,469184.790040,1.649674e+00,-1140.155604,589.299916,580.740939,0.944,0.349,0.060
2403,2.403000,744234.532761,-274945.922803,469288.609958,1.649818e+00,-1140.155610,589.299817,580.740800,1.061,0.206,0.050
2404,2.404000,744234.533879,-274842.179730,469392.354149,1.649961e+00,-1140.155616,589.299718,580.740661,1.044,0.225,0.057
2405,2.405000,744234.534998,-274738.512388,469496.022610,1.650105e+00,-1140.155621,589.299619,580.740522,1.221,1.539,0.042
2406,2.406000,744234.536118,-274634.920789,469599.615329,1.650248e+00,-1140.155627,589.299521,580.740384,0.925,0.185,0.031
2407,2.407000,744234.537240,-274531.404944,469703.132296,1.650392e+00,-1140.155632,589.299422,580.740246,1.072,0.218,0.039
2408,2.408000,744234.538361,-274427.964865,469806.573496,1.650535e+00,-1140.155638,589.299324,580.740109,4.583,1.710,0.053
2409,2.409000,744234.539481,-274324.600576,469909.938905,1.650678e+00,-1140.155644,589.299226,580.739971,1.195,0.248,0.064
2410,2.410000,744234.540602,-274221.312090,470013.228511,1.650821e+00,-1140.155650,589.299129,580.739834,0.994,0.354,0.040
2411,2.411000,744234.541722,-274118.099426,470116.442296,1.650964e+00,-1140.155655,589.299031,580.739697,0.996,0.224,0.051
2412,2.412000,744234.542842,-274014.962599,470219.580242,1.651107e+00,-1140.155661,589.298933,580.739559,1.024,0.196,0.047
2413,2.413000,744234.543962,-273911.901639,470322.642323,1.651250e+00,-1140.155666,589.298836,580.739422,1.050,0.218,0.051
2414,2.414000,744234.545083,-273808.916563,470425.628519,1.651392e+00,-1140.155672,589.298739,580.739285,1.029,0.549,0.053
2415,2.415000,744234.546203,-273706.007391,470528.538812,1.651535e+00,-1140.155678,589.298642,580.739147,1.891,0.699,0.035
2416,2.416000,744234.547322,-273603.174127,470631.373195,1.651677e+00,-1140.155683,589.298545,580.739010,0.943,0.588,0.035
2417,2.417000,744234.548442,-273500.416781,470734.131660,1.651819e+00,-1140.155689,589.298449,580.738872,1.006,0.189,0.042
2418,2.418000,744234.549561,-273397.735379,470836.814182,1.651962e+00,-1140.155694,589.298352,580.738735,1.028,0.747,0.051
2419,2.419000,744234.550681,-273295.129917,470939.420764,1.652104e+00,-1140.155700,589.298256,580.738598,1.218,0.302,0.073
2420,2.420000,744234.551798,-273192.600394,471041.951404,1.652246e+00,-1140.155705,589.298160,580.738462,0.981,0.430,0.067
2421,2.421000,744234.552911,-273090.146802,471144.406109,1.652387e+00,-1140.155711,589.298064,580.738325,0.979,0.209,0.052
2422,2.422000,744234.554024,-272987.769139,471246.784885,1.652529e+00,-1140.155716,589.297969,580.738190,0.992,1.442,0.050
2423,2.423000,744234.555136,-272885.467382,471349.087754,1.652671e+00,-1140.155722,589.297874,580.738054,1.076,0.205,0.047
2424,2.424000,744234.556248,-272783.241523,471451.314725,1.652812e+00,-1140.155727,589.297779,580.737918,1.082,0.216,0.048
2425,2.425000,744234.557360,-272681.091540,471553.465821,1.652954e+00,-1140.155732,589.297683,580.737783,1.103,0.215,0.039
2426,2.426000,744234.558476,-272579.017397,471655.541079,1.653095e+00,-1140.155738,589.297588,580.737647,0.975,0.394,0.060
2427,2.427000,744234.559592,-272477.019060,471757.540532,1.653236e+00,-1140.155744,589.297493,580.737512,1.111,0.207,0.047
2428,2.428000,744234.560706,-272375.096484,471859.464222,1.653378e+00,-1140.155750,589.297398,580.737377,1.088,0.227,0.044
2429,2.429000,744234.561820,-272273.249626,471961.312195,1.653519e+00,-1140.155756,589.297303,580.737243,0.982,0.406,0.045
2430,2.430000,744234.562932,-272171.478425,472063.084508,1.653660e+00,-1140.155762,589.297209,580.737109,0.995,0.214,0.045
2431,2.431000,744234.564042,-272069.782837,472164.781205,1.653800e+00,-1140.155768,589.297115,580.736975,1.101,0.212,0.052
2432,2.432000,744234.565151,-271968.162790,472266.402361,1.653941e+00,-1140.155774,589.297021,580.736841,1.241,0.252,0.043
2433,2.433000,744234.566261,-271866.618215,472367.948045,1.654082e+00,-1140.155781,589.296927,580.736707,1.135,0.247,0.047
2434,2.434000,744234.567369,-271765.149024,472469.418345,1.654222e+00,-1140.155787,589.296833,580.736573,0.941,0.667,0.045
2435,2.435000,744234.568475,-271663.755145,472570.813330,1.654363e+00,-1140.155793,589.296740,580.736440,1.094,0.206,0.048
2436,2.436000,744234.569579,-271562.436478,472672.133100,1.654503e+00,-1140.155799,589.296647,580.736307,1.038,0.206,0.053
2437,2.437000,744234.570682,-271461.192928,472773.377754,1.654643e+00,-1140.155805,589.296553,580.736174,1.016,0.211,0.051
2438,2.438000,744234.571786,-271360.024398,472874.547387,1.654783e+00,-1140.155811,589.296460,580.736041,1.015,1.628,0.036
2439,2.439000,744234.572889,-271258.930776,472975.642113,1.654923e+00,-1140.155817,589.296368,580.735908,1.208,0.427,0.041
2440,2.440000,744234.573993,-271157.911951,473076.662043,1.655063e+00,-1140.155823,589.296275,580.735776,1.056,0.211,0.050
2441,2.441000,744234.575098,-271056.967797,473177.607301,1.655203e+00,-1140.155829,589.296183,580.735643,1.120,0.201,0.041
2442,2.442000,744234.576203,-270956.098195,473278.478008,1.655342e+00,-1140.155835,589.296091,580.735510,1.199,0.579,0.040
2443,2.443000,744234.577308,-270855.303011,473379.274297,1.655482e+00,-1140.155840,589.296000,580.735378,1.221,0.235,0.038
2444,2.444000,744234.578412,-270754.582119,473479.996293,1.655622e+00,-1140.155846,589.295908,580.735245,1.081,0.253,0.044
2445,2.445000,744234.579517,-270653.935385,473580.644132,1.655761e+00,-1140.155852,589.295817,580.735113,1.153,0.360,0.053
2446,2.446000,744234.580621,-270553.362650,473681.217971,1.655900e+00,-1140.155858,589.295725,580.734980,1.109,0.224,0.047
2447,2.447000,744234.581725,-270452.863777,473781.717948,1.656039e+00,-1140.155864,589.295634,580.734848,1.034,0.187,0.048
2448,2.448000,744234.582828,-270352.438614,473882.144213,1.656178e+00,-1140.155870,589.295543,580.734715,0.989,0.243,0.050
2449,2.449000,744234.583931,-270252.087009,473982.496921,1.656317e+00,-1140.155876,589.295453,580.734583,1.104,0.211,0.048
2450,2.450000,744234.585021,-270151.808817,474082.776205,1.656456e+00,-1140.155881,589.295362,580.734452,1.066,0.748,0.051
2451,2.451000,744234.586099,-270051.603883,474182.982216,1.656595e+00,-1140.155887,589.295271,580.734322,0.976,0.218,0.043
2452,2.452000,744234.587133,-269951.472054,474283.115079,1.656734e+00,-1140.155893,589.295183,580.734193,1.097,0.212,0.053
2453,2.453000,744234.588124,-269851.413181,474383.174943,1.656872e+00,-1140.155898,589.295096,580.734064,1.055,0.307,0.050
2454,2.454000,744234.589072,-269751.427116,474483.161956,1.657011e+00,-1140.155904,589.295011,580.733936,0.973,0.398,0.048
2455,2.455000,744234.589978,-269651.513709,474583.076269,1.657149e+00,-1140.155909,589.294928,580.733808,1.111,0.414,0.054
2456,2.456000,744234.590883,-269551.672808,474682.918075,1.657287e+00,-1140.155914,589.294846,580.733679,1.294,0.529,0.054
2457,2.457000,744234.591789,-269451.904276,474782.687513,1.657425e+00,-1140.155920,589.294764,580.733551,0.990,0.389,0.043
2458,2.458000,744234.592692,-269352.207979,474882.384714,1.657563e+00,-1140.155925,589.294681,580.733423,1.028,0.188,0.045
2459,2.459000,744234.593592,-269252.583793,474982.009799,1.657701e+00,-1140.155930,589.294599,580.733295,0.953,0.276,0.036
2460,2.460000,744234.594492,-269153.031592,475081.562900,1.657839e+00,-1140.155935,589.294517,580.733168,0.990,0.202,0.059
2461,2.461000,744234.595393,-269053.551258,475181.044135,1.657977e+00,-1140.155941,589.294435,580.733040,1.116,0.227,0.045
2462,2.462000,744234.596293,-268954.142682,475280.453610,1.658115e+00,-1140.155946,589.294353,580.732913,1.144,0.213,0.048
2463,2.463000,744234.597192,-268854.805769,475379.791423,1.658252e+00,-1140.155952,589.294271,580.732785,1.211,0.222,0.056
2464,2.464000,744234.598091,-268755.540410,475479.057682,1.658390e+00,-1140.155957,589.294189,580.732658,1.822,0.674,0.050
2465,2.465000,744234.598990,-268656.346533,475578.252457,1.658527e+00,-1140.155963,589.294108,580.732531,1.077,0.636,0.041
2466,2.466000,744234.599888,-268557.224058,475677.375830,1.658664e+00,-1140.155968,589.294027,580.732404,1.127,0.241,0.042
2467,2.467000,744234.600786,-268458.172916,475776.427869,1.658801e+00,-1140.155973,589.293946,580.732277,1.142,0.253,0.071
2468,2.468000,744234.601683,-268359.193034,475875.408649,1.658938e+00,-1140.155979,589.293865,580.732150,1.085,0.250,0.052
2469,2.469000,744234.602567,-268260.284360,475974.318207,1.659075e+00,-1140.155984,589.293785,580.732023,0.960,0.214,0.053
2470,2.470000,744234.603436,-268161.446838,476073.156598,1.659212e+00,-1140.155989,589.293706,580.731896,1.024,0.219,0.048
2471,2.471000,744234.604306,-268062.680427,476171.923879,1.659349e+00,-1140.155995,589.293628,580.731769,0.954,0.371,0.046
2472,2.472000,744234.605176,-267963.985081,476270.620095,1.659486e+00,-1140.156000,589.293549,580.731643,0.965,0.397,0.052
2473,2.473000,744234.606046,-267865.360758,476369.245288,1.659622e+00,-1140.156005,589.293470,580.731517,0.997,0.256,0.051
2474,2.474000,744234.606916,-267766.807424,476467.799492,1.659759e+00,-1140.156010,589.293392,580.731391,1.217,0.222,0.056
2475,2.475000,744234.607777,-267668.325043,476566.282734,1.659895e+00,-1140.156016,589.293313,580.731266,2.944,0.805,0.053
2476,2.476000,744234.608629,-267569.913596,476664.695034,1.660031e+00,-1140.156022,589.293235,580.731142,5.648,2.464,0.064
2477,2.477000,744234.609481,-267471.573054,476763.036427,1.660168e+00,-1140.156027,589.293156,580.731018,2.363,0.465,0.054
2478,2.478000,744234.610332,-267373.303385,476861.306947,1.660304e+00,-1140.156033,589.293078,580.730894,1.071,0.578,0.039
2479,2.479000,744234.611183,-267275.104563,476959.506619,1.660440e+00,-1140.156039,589.293001,580.730771,1.090,0.242,0.050
2480,2.480000,744234.612033,-267176.976561,477057.635472,1.660575e+00,-1140.156045,589.292923,580.730647,1.102,0.250,0.043
2481,2.481000,744234.612884,-267078.919360,477155.693524,1.660711e+00,-1140.156050,589.292845,580.730523,1.196,0.255,0.064
2482,2.482000,744234.613735,-266980.932922,477253.680813,1.660847e+00,-1140.156056,589.292767,580.730400,10.845,18.033,0.070
2483,2.483000,744234.614586,-266883.017219,477351.597367,1.660982e+00,-1140.156062,589.292689,580.730276,3.219,0.545,0.696
2484,2.484000,744234.615437,-266785.172225,477449.443212,1.661118e+00,-1140.156067,589.292611,580.730153,0.948,0.770,0.051
2485,2.485000,744234.616288,-266687.397909,477547.218379,1.661253e+00,-1140.156073,589.292533,580.730029,0.961,0.190,0.049
2486,2.486000,744234.617139,-266589.694236,477644.922903,1.661389e+00,-1140.156079,589.292456,580.729906,1.273,0.601,0.063
2487,2.487000,744234.617992,-266492.061172,477742.556820,1.661524e+00,-1140.156084,589.292378,580.729783,1.476,0.205,0.053
2488,2.488000,744234.618845,-266394.498674,477840.120170,1.661659e+00,-1140.156090,589.292301,580.729660,1.148,0.205,0.052
2489,2.489000,744234.619698,-266297.006704,477937.612994,1.661794e+00,-1140.156096,589.292224,580.729536,1.025,0.189,0.040
2490,2.490000,744234.620551,-266199.585224,478035.035328,1.661929e+00,-1140.156101,589.292148,580.729413,1.274,0.227,0.045
2491,2.491000,744234.621404,-266102.234193,478132.387211,1.662064e+00,-1140.156107,589.292071,580.729290,1.061,1.845,0.050
2492,2.492000,744234.622255,-266004.953563,478229.668692,1.662198e+00,-1140.156113,589.291995,580.729167,1.007,0.185,0.044
2493,2.493000,744234.623102,-265907.743290,478326.879812,1.662333e+00,-1140.156118,589.291919,580.729045,1.033,0.382,0.041
2494,2.494000,744234.623948,-265810.603330,478424.020618,1.662467e+00,-1140.156124,589.291843,580.728923,1.036,0.588,0.050
2495,2.495000,744234.624794,-265713.533633,478521.091162,1.662602e+00,-1140.156130,589.291767,580.728801,1.126,0.652,0.055
2496,2.496000,744234.625641,-265616.534143,478618.091498,1.662736e+00,-1140.156135,589.291691,580.728679,1.071,0.219,0.045
2497,2.497000,744234.626487,-265519.604810,478715.021676,1.662870e+00,-1140.156141,589.291615,580.728557,1.233,0.481,0.055
2498,2.498000,744234.627333,-265422.745589,478811.881744,1.663005e+00,-1140.156146,589.291539,580.728435,0.971,0.484,0.094
2499,2.499000,744234.628600,-265325.956410,478908.672190,1.663139e+00,-1140.156099,589.291426,580.728233,1.001,0.320,0.052
2500,2.500000,744234.630284,-265229.237220,479005.393064,1.663272e+00,-1140.155998,589.291275,580.727953,0.956,0.343,0.045
2501,2.501000,744234.631963,-265132.587964,479102.044000,1.663406e+00,-1140.155897,589.291125,580.727673,1.090,0.212,0.042
2502,2.502000,744234.633644,-265036.008586,479198.625058,1.663540e+00,-1140.155797,589.290975,580.727394,1.119,0.297,0.046
2503,2.503000,744234.634908,-264939.499031,479295.135877,1.663674e+00,-1140.155750,589.290862,580.727193,1.083,0.292,0.048
2504,2.504000,744234.635755,-264843.059240,479391.576515,1.663807e+00,-1140.155755,589.290787,580.727072,1.208,0.258,0.049
2505,2.505000,744234.636599,-264746.689157,479487.947442,1.663941e+00,-1140.155761,589.290711,580.726951,1.071,0.416,0.054
2506,2.506000,744234.637440,-264650.388729,479584.248711,1.664074e+00,-1140.155766,589.290636,580.726831,0.992,3.399,0.043
2507,2.507000,744234.638280,-264554.157895,479680.480385,1.664207e+00,-1140.155772,589.290560,580.726711,1.006,2.979,0.039
2508,2.508000,744234.639117,-264457.996594,479776.642523,1.664340e+00,-1140.155777,589.290485,580.726591,1.013,0.222,0.042
2509,2.509000,744234.639951,-264361.904774,479872.735177,1.664473e+00,-1140.155783,589.290410,580.726470,1.076,0.679,0.046
2510,2.510000,744234.640783,-264265.882364,479968.758419,1.664606e+00,-1140.155788,589.290336,580.726350,0.984,0.392,0.092
2511,2.511000,744234.641619,-264169.929317,480064.712302,1.664739e+00,-1140.155794,589.290262,580.726230,0.988,7.980,0.042
2512,2.512000,744234.642453,-264074.045574,480160.596878,1.664872e+00,-1140.155801,589.290187,580.726110,0.973,8.201,0.043
2513,2.513000,744234.643280,-263978.231066,480256.412214,1.665005e+00,-1140.155807,589.290114,580.725991,1.075,0.244,0.041
2514,2.514000,744234.644104,-263882.485730,480352.158374,1.665137e+00,-1140.155813,589.290041,580.725872,1.187,0.681,0.037
2515,2.515000,744234.644928,-263786.809510,480447.835418,1.665270e+00,-1140.155820,589.289968,580.725753,1.086,0.433,0.038
2516,2.516000,744234.645752,-263691.202337,480543.443415,1.665402e+00,-1140.155826,589.289895,580.725634,0.955,0.181,0.043
2517,2.517000,744234.646577,-263595.664148,480638.982429,1.665534e+00,-1140.155832,589.289822,580.725515,1.200,0.226,0.052
2518,2.518000,744234.647401,-263500.194864,480734.452537,1.665667e+00,-1140.155839,589.289749,580.725396,0.960,0.211,0.044
2519,2.519000,744234.648225,-263404.794428,480829.853798,1.665799e+00,-1140.155845,589.289676,580.725277,1.068,0.216,0.059
2520,2.520000,744234.649050,-263309.462769,480925.186281,1.665931e+00,-1140.155852,589.289604,580.725158,1.221,0.238,0.049
2521,2.521000,744234.649874,-263214.199802,481020.450073,1.666063e+00,-1140.155858,589.289531,580.725040,1.079,0.247,0.048
2522,2.522000,744234.650699,-263119.005467,481115.645232,1.666195e+00,-1140.155864,589.289458,580.724921,1.088,0.422,0.041
2523,2.523000,744234.651523,-263023.879675,481210.771848,1.666326e+00,-1140.155871,589.289385,580.724802,1.135,0.279,0.037
2524,2.524000,744234.652347,-262928.822350,481305.829997,1.666458e+00,-1140.155877,589.289313,580.724683,0.954,0.178,0.038
2525,2.525000,744234.653171,-262833.833411,481400.819760,1.666589e+00,-1140.155883,589.289240,580.724565,1.135,0.308,0.048
2526,2.526000,744234.653996,-262738.912777,481495.741219,1.666721e+00,-1140.155889,589.289167,580.724447,1.120,0.241,0.051
2527,2.527000,744234.654820,-262644.060346,481590.594474,1.666852e+00,-1140.155896,589.289095,580.724328,1.060,0.221,0.041
2528,2.528000,744234.655647,-262549.276030,481685.379617,1.666983e+00,-1140.155902,589.289022,580.724210,1.014,0.225,0.051
2529,2.529000,744234.656477,-262454.559739,481780.096738,1.667115e+00,-1140.155907,589.288950,580.724092,0.993,0.226,0.046
2530,2.530000,744234.657317,-262359.911374,481874.745943,1.667246e+00,-1140.155913,589.288877,580.723974,1.742,0.195,0.047
2531,2.531000,744234.658167,-262265.330837,481969.327330,1.667377e+00,-1140.155920,589.288805,580.723856,1.111,0.219,0.057
2532,2.532000,744234.659017,-262170.818031,482063.840986,1.667507e+00,-1140.155928,589.288732,580.723737,0.974,0.421,0.048
2533,2.533000,744234.659867,-262076.372862,482158.287005,1.667638e+00,-1140.155935,589.288660,580.723619,0.979,0.679,0.045
2534,2.534000,744234.660716,-261981.995222,482252.665494,1.667769e+00,-1140.155942,589.288588,580.723502,1.021,0.214,0.050
2535,2.535000,744234.661566,-261887.685005,482346.976562,1.667900e+00,-1140.155949,589.288516,580.723384,1.027,0.190,0.049
2536,2.536000,744234.662407,-261793.442099,482441.220308,1.668030e+00,-1140.155956,589.288445,580.723267,1.000,0.389,0.043
2537,2.537000,744234.663237,-261699.266397,482535.396840,1.668160e+00,-1140.155964,589.288373,580.723152,1.073,0.220,0.045
2538,2.538000,744234.664068,-261605.157797,482629.506271,1.668291e+00,-1140.155971,589.288301,580.723037,1.022,0.226,0.040
2539,2.539000,744234.664898,-261511.116182,482723.548716,1.668421e+00,-1140.155978,589.288230,580.722921,1.099,0.437,0.046
2540,2.540000,744234.665728,-261417.141444,482817.524284,1.668551e+00,-1140.155985,589.288158,580.722806,1.094,0.225,0.044
2541,2.541000,744234.666557,-261323.233474,482911.433084,1.668681e+00,-1140.155993,589.288087,580.722691,1.109,1.073,0.052
2542,2.542000,744234.667387,-261229.392161,483005.275226,1.668811e+00,-1140.156000,589.288016,580.722576,0.948,0.569,0.046
2543,2.543000,744234.668216,-261135.617399,483099.050817,1.668941e+00,-1140.156007,589.287945,580.722461,1.066,0.339,0.048
2544,2.544000,744234.669046,-261041.909075,483192.759972,1.669071e+00,-1140.156014,589.287874,580.722346,1.101,0.393,0.055
2545,2.545000,744234.669877,-260948.267081,483286.402796,1.669200e+00,-1140.156021,589.287803,580.722231,1.108,0.845,0.048
2546,2.546000,744234.670707,-260854.691306,483379.979401,1.669330e+00,-1140.156029,589.287732,580.722117,1.065,0.228,0.045
2547,2.547000,744234.671501,-260761.181648,483473.489852,1.669459e+00,-1140.156036,589.287663,580.722002,1.044,0.443,0.044
2548,2.548000,744234.672253,-260667.737984,483566.934270,1.669589e+00,-1140.156043,589.287595,580.721889,0.987,0.547,0.042
2549,2.549000,744234.673003,-260574.360216,483660.312787,1.669718e+00,-1140.156050,589.287528,580.721776,1.111,0.207,0.038
2550,2.550000,744234.673754,-260481.048241,483753.625513,1.669847e+00,-1140.156058,589.287461,580.721663,1.021,0.634,0.105
2551,2.551000,744234.674505,-260387.801958,483846.872547,1.669976e+00,-1140.156065,589.287394,580.721551,1.086,0.326,0.049
2552,2.552000,744234.675257,-260294.621266,483940.053991,1.670105e+00,-1140.156072,589.287327,580.721438,1.287,0.259,0.055
2553,2.553000,744234.676009,-260201.506066,484033.169943,1.670234e+00,-1140.156078,589.287260,580.721326,0.961,0.236,0.050
2554,2.554000,744234.676761,-260108.456261,484126.220501,1.670363e+00,-1140.156085,589.287193,580.721214,0.961,0.215,0.056
2555,2.555000,744234.677514,-260015.471754,484219.205761,1.670492e+00,-1140.156092,589.287126,580.721103,1.115,0.241,0.065
2556,2.556000,744234.678268,-259922.552455,484312.125813,1.670621e+00,-1140.156099,589.287059,580.720992,1.032,0.437,0.045
2557,2.557000,744234.679031,-259829.698279,484404.980752,1.670749e+00,-1140.156107,589.286992,580.720881,0.953,0.183,0.045
2558,2.558000,744234.679805,-259736.909127,484497.770678,1.670878e+00,-1140.156116,589.286925,580.720771,1.218,0.282,0.057
2559,2.559000,744234.680578,-259644.184918,484590.495660,1.671006e+00,-1140.156125,589.286859,580.720661,1.022,0.194,0.052
2560,2.560000,744234.681351,-259551.525573,484683.155778,1.671134e+00,-1140.156133,589.286793,580.720550,1.173,0.239,0.052
2561,2.561000,744234.682124,-259458.931008,484775.751116,1.671263e+00,-1140.156142,589.286727,580.720440,1.033,2.249,0.072
2562,2.562000,744234.682897,-259366.401148,484868.281749,1.671391e+00,-1140.156151,589.286661,580.720330,0.964,0.219,0.048
2563,2.563000,744234.683669,-259273.935919,484960.747751,1.671519e+00,-1140.156160,589.286595,580.720221,1.033,0.249,0.049
2564,2.564000,744234.684442,-259181.535242,485053.149200,1.671647e+00,-1140.156169,589.286529,580.720111,1.178,0.359,0.086
2565,2.565000,744234.685215,-259089.199042,485145.486173,1.671775e+00,-1140.156177,589.286463,580.720001,1.010,0.534,0.048
2566,2.566000,744234.685987,-258996.927255,485237.758733,1.671902e+00,-1140.156186,589.286397,580.719891,1.072,8.295,0.045
2567,2.567000,744234.686760,-258904.719798,485329.966962,1.672030e+00,-1140.156195,589.286331,580.719781,0.966,0.386,0.043
2568,2.568000,744234.687532,-258812.576623,485422.110909,1.672158e+00,-1140.156204,589.286265,580.719672,0.992,0.243,0.045
2569,2.569000,744234.688304,-258720.497648,485514.190656,1.672285e+00,-1140.156212,589.286199,580.719562,2.059,0.253,0.088
2570,2.570000,744234.689077,-258628.482810,485606.206266,1.672413e+00,-1140.156221,589.286134,580.719453,1.012,0.186,0.089
2571,2.571000,744234.689849,-258536.532045,485698.157804,1.672540e+00,-1140.156230,589.286068,580.719343,1.159,0.227,0.051
2572,2.572000,744234.690622,-258444.645289,485790.045333,1.672667e+00,-1140.156239,589.286002,580.719234,1.244,0.252,0.043
2573,2.573000,744234.691394,-258352.822484,485881.868910,1.672794e+00,-1140.156247,589.285936,580.719125,1.087,0.230,0.094
2574,2.574000,744234.692167,-258261.063574,485973.628593,1.672921e+00,-1140.156256,589.285871,580.719016,1.139,0.247,0.045
2575,2.575000,744234.692940,-258169.368492,486065.324447,1.673048e+00,-1140.156265,589.285805,580.718907,1.002,0.285,0.049
2576,2.576000,744234.693712,-258077.737176,486156.956536,1.673175e+00,-1140.156273,589.285740,580.718798,1.182,0.900,0.058
2577,2.577000,744234.694485,-257986.169573,486248.524913,1.673302e+00,-1140.156282,589.285674,580.718689,2.087,0.309,0.096
2578,2.578000,744234.695258,-257894.665613,486340.029645,1.673429e+00,-1140.156291,589.285609,580.718580,0.951,0.214,0.049
2579,2.579000,744234.696031,-257803.225242,486431.470789,1.673555e+00,-1140.156299,589.285544,580.718471,0.953,0.229,0.046
2580,2.580000,744234.696804,-257711.848401,486522.848402,1.673682e+00,-1140.156308,589.285479,580.718362,0.992,0.529,0.052
2581,2.581000,744234.697574,-257620.535034,486614.162540,1.673808e+00,-1140.156316,589.285413,580.718253,1.110,0.224,0.058
2582,2.582000,744234.698343,-257529.285086,486705.413256,1.673935e+00,-1140.156324,589.285348,580.718146,1.093,0.401,0.058
2583,2.583000,744234.699111,-257438.098493,486796.600618,1.674061e+00,-1140.156332,589.285283,580.718038,1.490,29.050,0.045
2584,2.584000,744234.699879,-257346.975204,486887.724676,1.674187e+00,-1140.156341,589.285218,580.717930,1.348,1.206,0.048
2585,2.585000,744234.700647,-257255.915157,486978.785491,1.674313e+00,-1140.156349,589.285153,580.717823,1.019,0.291,0.047
2586,2.586000,744234.701414,-257164.918292,487069.783122,1.674439e+00,-1140.156357,589.285089,580.717715,0.994,0.226,0.052
2587,2.587000,744234.702180,-257073.984552,487160.717627,1.674565e+00,-1140.156365,589.285025,580.717608,1.380,0.694,0.059
2588,2.588000,744234.702945,-256983.113876,487251.589069,1.674691e+00,-1140.156373,589.284960,580.717501,1.081,0.242,0.048
2589,2.589000,744234.703711,-256892.306207,487342.397504,1.674817e+00,-1140.156381,589.284896,580.717394,0.942,0.398,0.050
2590,2.590000,744234.704476,-256801.561483,487433.142993,1.674942e+00,-1140.156389,589.284832,580.717287,0.948,0.514,0.046
2591,2.591000,744234.705241,-256710.879643,487523.825598,1.675068e+00,-1140.156397,589.284768,580.717180,1.004,1.375,0.045
2592,2.592000,744234.706006,-256620.260626,487614.445380,1.675193e+00,-1140.156405,589.284704,580.717074,1.016,0.502,0.043
2593,2.593000,744234.706770,-256529.704373,487705.002398,1.675319e+00,-1140.156413,589.284640,580.716967,1.041,0.239,0.049
2594,2.594000,744234.707535,-256439.210821,487795.496714,1.675444e+00,-1140.156421,589.284576,580.716861,0.955,0.207,0.399
2595,2.595000,744234.708300,-256348.779905,487885.928395,1.675569e+00,-1140.156429,589.284512,580.716755,1.048,0.467,0.089
2596,2.596000,744234.709062,-256258.411569,487976.297493,1.675694e+00,-1140.156437,589.284448,580.716649,1.901,0.310,0.147
2597,2.597000,744234.709823,-256168.105744,488066.604079,1.675819e+00,-1140.156445,589.284384,580.716545,2.348,0.474,0.118
2598,2.598000,744234.710585,-256077.862370,488156.848215,1.675944e+00,-1140.156453,589.284320,580.716440,1.261,0.441,0.148
2599,2.599000,744234.711347,-255987.681384,488247.029963,1.676069e+00,-1140.156460,589.284257,580.716336,1.148,0.576,0.058
2600,2.600000,744234.712109,-255897.562722,488337.149387,1.676194e+00,-1140.156468,589.284193,580.716231,1.173,0.440,0.047
2601,2.601000,744234.712871,-255807.506320,488427.206551,1.676319e+00,-1140.156476,589.284129,580.716127,0.984,1.967,0.049
2602,2.602000,744234.713633,-255717.512104,488517.201529,1.676443e+00,-1140.156484,589.284066,580.716022,6.557,2.135,0.044
2603,2.603000,744234.714396,-255627.580026,488607.134369,1.676568e+00,-1140.156491,589.284002,580.715918,1.671,0.525,0.070
2604,2.604000,744234.715158,-255537.710006,488697.005152,1.676692e+00,-1140.156499,589.283939,580.715814,0.944,0.192,0.045
2605,2.605000,744234.715921,-255447.901981,488786.813939,1.676817e+00,-1140.156507,589.283876,580.715709,0.951,0.185,0.046
2606,2.606000,744234.716684,-255358.155883,488876.560800,1.676941e+00,-1140.156515,589.283812,580.715605,1.090,0.215,0.067
2607,2.607000,744234.717446,-255268.471643,488966.245804,1.677065e+00,-1140.156522,589.283749,580.715501,1.137,0.704,0.048
2608,2.608000,744234.718209,-255178.849195,489055.869015,1.677189e+00,-1140.156530,589.283685,580.715397,0.969,0.247,0.045
2609,2.609000,744234.718972,-255089.288471,489145.430501,1.677313e+00,-1140.156538,589.283622,580.715294,0.992,0.188,0.048
2610,2.610000,744234.719736,-254999.789396,489234.930340,1.677437e+00,-1140.156545,589.283559,580.715190,0.980,0.184,0.043
2611,2.611000,744234.720499,-254910.351910,489324.368589,1.677561e+00,-1140.156553,589.283496,580.715087,0.996,0.193,0.051
2612,2.612000,744234.721262,-254820.975941,489413.745321,1.677685e+00,-1140.156561,589.283433,580.714983,0.982,0.475,0.043
2613,2.613000,744234.722026,-254731.661418,489503.060608,1.677808e+00,-1140.156568,589.283371,580.714880,1.000,0.595,0.050
2614,2.614000,744234.722776,-254642.408277,489592.314499,1.677932e+00,-1140.156576,589.283309,580.714776,0.988,0.552,0.052
2615,2.615000,744234.723511,-254553.216445,489681.507066,1.678056e+00,-1140.156584,589.283248,580.714673,1.164,0.238,0.049
2616,2.616000,744234.724247,-254464.085854,489770.638393,1.678179e+00,-1140.156592,589.283188,580.714569,1.058,1.006,0.049
2617,2.617000,744234.724982,-254375.016421,489859.708562,1.678302e+00,-1140.156599,589.283127,580.714466,1.002,0.402,0.046
2618,2.618000,744234.725718,-254286.008092,489948.717626,1.678426e+00,-1140.156607,589.283067,580.714363,0.998,0.192,0.051
2619,2.619000,744234.726454,-254197.060788,490037.665666,1.678549e+00,-1140.156615,589.283006,580.714260,0.950,0.425,0.042
2620,2.620000,744234.727191,-254108.174435,490126.552755,1.678672e+00,-1140.156622,589.282946,580.714157,1.182,0.224,0.050
2621,2.621000,744234.727927,-254019.348961,490215.378966,1.678795e+00,-1140.156630,589.282886,580.714053,1.133,0.353,0.046
2622,2.622000,744234.728664,-253930.584285,490304.144379,1.678918e+00,-1140.156638,589.282826,580.713951,1.203,0.449,0.059
2623,2.623000,744234.729402,-253841.880343,490392.849059,1.679041e+00,-1140.156645,589.282766,580.713848,1.085,0.244,0.044
2624,2.624000,744234.730140,-253753.237064,490481.493076,1.679163e+00,-1140.156653,589.282705,580.713746,0.962,0.214,0.054
2625,2.625000,744234.730878,-253664.654377,490570.076501,1.679286e+00,-1140.156661,589.282645,580.713644,0.965,0.242,0.048
2626,2.626000,744234.731616,-253576.132212,490658.599404,1.679409e+00,-1140.156668,589.282585,580.713542,1.006,0.187,0.052
2627,2.627000,744234.732354,-253487.670499,490747.061855,1.679531e+00,-1140.156676,589.282525,580.713440,0.958,0.178,0.039
2628,2.628000,744234.733091,-253399.269161,490835.463930,1.679653e+00,-1140.156683,589.282465,580.713338,0.959,0.211,0.040
2629,2.629000,744234.733829,-253310.928124,490923.805705,1.679776e+00,-1140.156691,589.282405,580.713236,0.959,0.237,0.040
2630,2.630000,744234.734566,-253222.647327,491012.087239,1.679898e+00,-1140.156699,589.282345,580.713134,0.971,0.715,0.040
2631,2.631000,744234.735304,-253134.426698,491100.308606,1.680020e+00,-1140.156706,589.282285,580.713032,1.026,0.210,0.053
2632,2.632000,744234.736042,-253046.266163,491188.469879,1.680142e+00,-1140.156714,589.282226,580.712930,1.102,0.290,0.048
2633,2.633000,744234.736782,-252958.165653,491276.571129,1.680264e+00,-1140.156721,589.282166,580.712828,1.067,0.506,0.045
2634,2.634000,744234.737523,-252870.125102,491364.612421,1.680386e+00,-1140.156727,589.282107,580.712727,1.066,0.431,0.051
2635,2.635000,744234.738265,-252782.144446,491452.593819,1.680508e+00,-1140.156734,589.282047,580.712625,1.073,0.228,0.052
2636,2.636000,744234.739007,-252694.223620,491540.515387,1.680630e+00,-1140.156741,589.281988,580.712524,1.127,0.254,0.049
2637,2.637000,744234.739748,-252606.362555,491628.377193,1.680751e+00,-1140.156747,589.281928,580.712422,1.129,0.219,0.047
2638,2.638000,744234.740490,-252518.561188,491716.179302,1.680873e+00,-1140.156754,589.281869,580.712321,1.035,0.637,0.044
2639,2.639000,744234.741231,-252430.819460,491803.921772,1.680994e+00,-1140.156760,589.281810,580.712219,0.990,0.194,0.049
2640,2.640000,744234.741973,-252343.137309,491891.604664,1.681116e+00,-1140.156767,589.281751,580.712118,1.034,0.189,0.051
2641,2.641000,744234.742714,-252255.514676,491979.228038,1.681237e+00,-1140.156774,589.281692,580.712016,1.930,0.521,0.058
2642,2.642000,744234.743456,-252167.951499,492066.791957,1.681358e+00,-1140.156780,589.281633,580.711915,1.006,0.182,0.046
2643,2.643000,744234.744197,-252080.447720,492154.296477,1.681480e+00,-1140.156787,589.281574,580.711813,1.027,0.206,0.039
2644,2.644000,744234.744937,-251993.003291,492241.741646,1.681601e+00,-1140.156793,589.281516,580.711712,0.989,0.225,0.046
2645,2.645000,744234.745676,-251905.618154,492329.127522,1.681722e+00,-1140.156800,589.281458,580.711611,1.226,0.581,0.061
2646,2.646000,744234.746416,-251818.292260,492416.454157,1.681843e+00,-1140.156806,589.281400,580.711510,1.166,0.475,0.054
2647,2.647000,744234.747157,-251731.025560,492503.721597,1.681963e+00,-1140.156813,589.281343,580.711409,5.692,1.779,0.149
2648,2.648000,744234.747898,-251643.818003,492590.929895,1.682084e+00,-1140.156819,589.281285,580.711308,1.152,0.232,0.052
2649,2.649000,744234.748638,-251556.669548,492678.079090,1.682205e+00,-1140.156826,589.281228,580.711207,1.066,0.245,0.058
2650,2.650000,744234.749379,-251469.580147,492765.169232,1.682325e+00,-1140.156832,589.281170,580.711107,1.133,0.225,0.052
2651,2.651000,744234.750120,-251382.549760,492852.200360,1.682446e+00,-1140.156839,589.281113,580.711006,0.949,0.221,0.045
2652,2.652000,744234.750860,-251295.578348,492939.172512,1.682566e+00,-1140.156845,589.281055,580.710905,1.008,0.192,0.050
2653,2.653000,744234.751601,-251208.665866,493026.085735,1.682687e+00,-1140.156852,589.280998,580.710804,1.744,0.673,0.145
2654,2.654000,744234.752341,-251121.812283,493112.940059,1.682807e+00,-1140.156858,589.280940,580.710704,1.013,0.228,0.036
2655,2.655000,744234.753081,-251035.017570,493199.735511,1.682927e+00,-1140.156865,589.280883,580.710604,0.990,0.188,0.062
2656,2.656000,744234.753820,-250948.281679,493286.472141,1.683047e+00,-1140.156872,589.280826,580.710504,1.031,0.190,0.054
2657,2.657000,744234.754558,-250861.604586,493373.149972,1.683167e+00,-1140.156878,589.280769,580.710404,1.023,0.486,0.053
2658,2.658000,744234.755297,-250774.986252,493459.769045,1.683287e+00,-1140.156885,589.280711,580.710305,1.040,0.219,0.054
2659,2.659000,744234.756035,-250688.426647,493546.329388,1.683407e+00,-1140.156891,589.280655,580.710205,1.044,0.230,0.054
2660,2.660000,744234.756772,-250601.925751,493632.831021,1.683527e+00,-1140.156898,589.280598,580.710106,1.105,0.472,0.052
2661,2.661000,744234.757511,-250515.483530,493719.273981,1.683647e+00,-1140.156904,589.280542,580.710007,3.447,23.161,0.042
2662,2.662000,744234.758251,-250429.099960,493805.658291,1.683766e+00,-1140.156911,589.280485,580.709908,3.664,0.378,0.130
2663,2.663000,744234.758991,-250342.775004,493891.983987,1.683886e+00,-1140.156918,589.280429,580.709809,1.023,0.473,0.053
2664,2.664000,744234.759732,-250256.508634,493978.251098,1.684005e+00,-1140.156925,589.280373,580.709711,1.146,1.862,0.054
2665,2.665000,744234.760472,-250170.300818,494064.459654,1.684125e+00,-1140.156931,589.280317,580.709613,1.153,0.234,0.049
2666,2.666000,744234.761214,-250084.151533,494150.609681,1.684244e+00,-1140.156938,589.280261,580.709515,1.094,0.247,0.051
2667,2.667000,744234.761954,-249998.060740,494236.701214,1.684363e+00,-1140.156945,589.280205,580.709417,1.080,0.228,0.050
2668,2.668000,744234.762699,-249912.028427,494322.734271,1.684482e+00,-1140.156951,589.280149,580.709319,0.986,0.183,0.035
2669,2.669000,744234.763447,-249826.054546,494408.708901,1.684601e+00,-1140.156957,589.280093,580.709221,1.033,0.264,0.039
2670,2.670000,744234.764195,-249740.139077,494494.625118,1.684720e+00,-1140.156963,589.280037,580.709124,0.978,0.321,0.036
2671,2.671000,744234.764942,-249654.281990,494580.482952,1.684839e+00,-1140.156969,589.279981,580.709027,1.002,0.230,0.057
2672,2.672000,744234.765689,-249568.483243,494666.282446,1.684958e+00,-1140.156975,589.279925,580.708930,2.170,0.417,0.052
2673,2.673000,744234.766422,-249482.742810,494752.023611,1.685077e+00,-1140.156980,589.279870,580.708833,0.971,0.396,0.050
2674,2.674000,744234.767139,-249397.060652,494837.706487,1.685195e+00,-1140.156986,589.279816,580.708736,2.430,0.791,1.625
2675,2.675000,744234.767855,-249311.436738,494923.331117,1.685314e+00,-1140.156992,589.279762,580.708639,1.150,0.271,0.055
2676,2.676000,744234.768571,-249225.871028,495008.897543,1.685432e+00,-1140.156998,589.279709,580.708543,1.085,0.431,0.051
2677,2.677000,744234.769286,-249140.363483,495094.405804,1.685551e+00,-1140.157004,589.279656,580.708446,1.071,0.224,0.037
2678,2.678000,744234.770003,-249054.914065,495179.855938,1.685669e+00,-1140.157009,589.279603,580.708350,1.322,0.285,0.062
2679,2.679000,744234.770719,-248969.522728,495265.247990,1.685787e+00,-1140.157015,589.279549,580.708253,1.386,0.315,0.052
2680,2.680000,744234.771607,-248884.189418,495350.582189,1.685905e+00,-1140.157022,589.279458,580.708103,1.016,0.249,0.053
2681,2.681000,744234.772667,-248798.914099,495435.858568,1.686024e+00,-1140.157032,589.279329,580.707899,0.987,0.230,0.051
2682,2.682000,744234.773728,-248713.696724,495521.077003,1.686142e+00,-1140.157041,589.279199,580.707696,1.054,10.348,0.046
2683,2.683000,744234.774788,-248628.537242,495606.237547,1.686259e+00,-1140.157051,589.279070,580.707492,0.983,0.189,0.097
2684,2.684000,744234.775849,-248543.435605,495691.340244,1.686377e+00,-1140.157060,589.278940,580.707289,23.304,1.019,0.062
2685,2.685000,744234.776895,-248458.391753,495776.385142,1.686495e+00,-1140.157070,589.278811,580.707087,1.191,0.561,0.044
2686,2.686000,744234.777927,-248373.405636,495861.372291,1.686613e+00,-1140.157079,589.278681,580.706886,1.014,0.187,0.044
2687,2.687000,744234.778959,-248288.477195,495946.301764,1.686730e+00,-1140.157088,589.278553,580.706685,1.324,0.223,0.044
2688,2.688000,744234.779991,-248203.606378,496031.173612,1.686848e+00,-1140.157098,589.278424,580.706485,1.033,0.248,0.050
2689,2.689000,744234.781023,-248118.793121,496115.987901,1.686965e+00,-1140.157107,589.278295,580.706284,0.949,0.619,0.044
2690,2.690000,744234.782041,-248034.037364,496200.744677,1.687083e+00,-1140.157117,589.278167,580.706085,1.060,0.219,0.051
2691,2.691000,744234.783046,-247949.339036,496285.444010,1.687200e+00,-1140.157126,589.278038,580.705886,1.082,0.202,0.052
2692,2.692000,744234.784052,-247864.698074,496370.085978,1.687317e+00,-1140.157136,589.277910,580.705688,0.978,0.186,0.047
2693,2.693000,744234.785055,-247780.114435,496454.670621,1.687434e+00,-1140.157145,589.277781,580.705490,0.973,0.251,0.045
2694,2.694000,744234.786054,-247695.588032,496539.198022,1.687551e+00,-1140.157154,589.277653,580.705292,1.099,0.505,0.049
2695,2.695000,744234.787050,-247611.118799,496623.668251,1.687668e+00,-1140.157163,589.277525,580.705095,1.145,0.233,0.054
2696,2.696000,744234.788046,-247526.706666,496708.081380,1.687785e+00,-1140.157173,589.277398,580.704898,3.286,1.535,0.057
2697,2.697000,744234.789042,-247442.351560,496792.437482,1.687902e+00,-1140.157182,589.277270,580.704701,0.983,2.154,0.036
2698,2.698000,744234.790081,-247358.053404,496876.736677,1.688019e+00,-1140.157192,589.277142,580.704504,1.054,0.216,0.042
2699,2.699000,744234.791164,-247273.812136,496960.979028,1.688135e+00,-1140.157201,589.277011,580.704307,0.958,0.395,0.044
2700,2.700000,744234.792247,-247189.627672,497045.164575,1.688252e+00,-1140.157211,589.276880,580.704111,1.000,0.602,0.045
2701,2.701000,744234.793331,-247105.499941,497129.293389,1.688368e+00,-1140.157220,589.276750,580.703915,1.118,0.278,0.981
2702,2.702000,744234.794412,-247021.428865,497213.365547,1.688485e+00,-1140.157230,589.276620,580.703720,0.984,0.213,0.050
2703,2.703000,744234.795489,-246937.414373,497297.381115,1.688601e+00,-1140.157239,589.276491,580.703524,1.008,0.607,0.045
2704,2.704000,744234.796566,-246853.456376,497381.340190,1.688717e+00,-1140.157249,589.276362,580.703328,0.985,0.214,0.049
2705,2.705000,744234.797642,-246769.554811,497465.242832,1.688834e+00,-1140.157258,589.276233,580.703133,1.256,0.202,0.065
2706,2.706000,744234.798718,-246685.709588,497549.089130,1.688950e+00,-1140.157268,589.276104,580.702937,1.024,0.201,0.052
2707,2.707000,744234.799794,-246601.920645,497632.879149,1.689066e+00,-1140.157277,589.275976,580.702742,1.038,0.219,0.061
2708,2.708000,744234.800871,-246518.187896,497716.612975,1.689182e+00,-1140.157287,589.275848,580.702546,1.028,0.192,0.050
2709,2.709000,744234.801949,-246434.511268,497800.290681,1.689298e+00,-1140.157297,589.275719,580.702351,0.997,0.368,0.047
2710,2.710000,744234.803027,-246350.890685,497883.912342,1.689413e+00,-1140.157307,589.275591,580.702157,1.151,0.254,0.048
2711,2.711000,744234.804105,-246267.326072,497967.478033,1.689529e+00,-1140.157317,589.275463,580.701962,0.987,0.415,0.041
2712,2.712000,744234.805184,-246183.817354,498050.987829,1.689645e+00,-1140.157327,589.275334,580.701768,1.029,0.620,0.050
2713,2.713000,744234.806262,-246100.364457,498134.441805,1.689760e+00,-1140.157337,589.275206,580.701574,0.960,0.407,0.040
2714,2.714000,744234.807342,-246016.967303,498217.840039,1.689876e+00,-1140.157347,589.275078,580.701379,1.167,0.576,0.044
2715,2.715000,744234.808423,-245933.625822,498301.182600,1.689991e+00,-1140.157357,589.274949,580.701186,0.981,0.188,0.049
2716,2.716000,744234.809503,-245850.339943,498384.469561,1.690106e+00,-1140.157366,589.274821,580.700992,1.262,1.187,0.239
2717,2.717000,744234.810585,-245767.109590,498467.700995,1.690222e+00,-1140.157376,589.274693,580.700799,2.427,0.721,0.048
2718,2.718000,744234.811665,-245683.934704,498550.876962,1.690337e+00,-1140.157386,589.274565,580.700605,0.994,0.408,0.049
2719,2.719000,744234.812746,-245600.815219,498633.997527,1.690452e+00,-1140.157396,589.274437,580.700412,1.131,0.268,0.051
2720,2.720000,744234.813827,-245517.751064,498717.062763,1.690567e+00,-1140.157405,589.274309,580.700219,1.025,0.401,0.043
2721,2.721000,744234.814908,-245434.742171,498800.072737,1.690682e+00,-1140.157415,589.274181,580.700026,0.995,0.643,0.048
2722,2.722000,744234.815989,-245351.788484,498883.027505,1.690797e+00,-1140.157425,589.274053,580.699833,1.198,0.344,0.048
2723,2.723000,744234.817071,-245268.889932,498965.927139,1.690912e+00,-1140.157435,589.273925,580.699641,1.139,2.762,0.034
2724,2.724000,744234.818153,-245186.046460,499048.771693,1.691026e+00,-1140.157445,589.273797,580.699449,1.182,0.282,0.038
2725,2.725000,744234.819221,-245103.258009,499131.561213,1.691141e+00,-1140.157454,589.273669,580.699258,1.096,0.263,0.034
2726,2.726000,744234.820276,-245020.524513,499214.295764,1.691255e+00,-1140.157464,589.273542,580.699068,1.139,0.618,0.045
2727,2.727000,744234.821332,-244937.845914,499296.975418,1.691370e+00,-1140.157474,589.273414,580.698878,1.374,0.227,0.059
2728,2.728000,744234.822388,-244855.222173,499379.600215,1.691484e+00,-1140.157485,589.273287,580.698688,1.093,0.217,0.049
2729,2.729000,744234.823445,-244772.653237,499462.170208,1.691599e+00,-1140.157495,589.273159,580.698498,1.458,0.208,0.048
2730,2.730000,744234.824501,-244690.139055,499544.685447,1.691713e+00,-1140.157505,589.273032,580.698309,1.077,0.202,0.052
2731,2.731000,744234.825550,-244607.679567,499627.145983,1.691827e+00,-1140.157515,589.272906,580.698121,1.093,0.212,0.052
2732,2.732000,744234.826593,-244525.274722,499709.551871,1.691941e+00,-1140.157525,589.272779,580.697934,1.485,0.211,0.055
2733,2.733000,744234.827635,-244442.924475,499791.903161,1.692055e+00,-1140.157535,589.272652,580.697748,1.311,0.241,0.063
2734,2.734000,744234.828677,-244360.628776,499874.199901,1.692169e+00,-1140.157545,589.272525,580.697561,1.065,5.608,0.041
2735,2.735000,744234.829719,-244278.387583,499956.442136,1.692283e+00,-1140.157555,589.272398,580.697375,1.034,0.519,0.047
2736,2.736000,744234.830760,-244196.200847,500038.629913,1.692397e+00,-1140.157565,589.272271,580.697189,1.282,0.416,0.043
2737,2.737000,744234.831799,-244114.068531,500120.763268,1.692511e+00,-1140.157575,589.272145,580.697003,0.959,0.216,0.047
2738,2.738000,744234.832822,-244031.990592,500202.842230,1.692624e+00,-1140.157585,589.272020,580.696818,1.034,0.236,0.044
2739,2.739000,744234.833831,-243949.966991,500284.866840,1.692738e+00,-1140.157595,589.271896,580.696633,0.977,0.242,0.043
2740,2.740000,744234.834828,-243867.997685,500366.837143,1.692851e+00,-1140.157605,589.271773,580.696450,1.154,0.212,0.082
2741,2.741000,744234.835815,-243786.082634,500448.753181,1.692965e+00,-1140.157615,589.271649,580.696267,0.981,0.218,0.050
2742,2.742000,744234.836804,-243704.221801,500530.615003,1.693078e+00,-1140.157625,589.271526,580.696085,1.021,0.206,0.052
2743,2.743000,744234.837794,-243622.415146,500612.422647,1.693191e+00,-1140.157635,589.271403,580.695903,0.975,0.211,0.050
2744,2.744000,744234.838784,-243540.662638,500694.176147,1.693305e+00,-1140.157644,589.271281,580.695721,1.031,0.215,0.044
2745,2.745000,744234.839775,-243458.964232,500775.875543,1.693418e+00,-1140.157654,589.271158,580.695539,1.093,0.226,0.039
2746,2.746000,744234.840766,-243377.319895,500857.520872,1.693531e+00,-1140.157663,589.271035,580.695357,1.152,0.550,0.038
2747,2.747000,744234.841755,-243295.729594,500939.112162,1.693644e+00,-1140.157673,589.270913,580.695176,1.138,0.372,0.048
2748,2.748000,744234.842743,-243214.193286,501020.649456,1.693757e+00,-1140.157683,589.270792,580.694994,1.233,0.579,0.043
2749,2.749000,744234.843733,-243132.710946,501102.132787,1.693870e+00,-1140.157693,589.270670,580.694813,1.158,0.234,0.054
2750,2.750000,744234.844728,-243051.282535,501183.562192,1.693982e+00,-1140.157704,589.270549,580.694632,1.060,0.208,0.036
2751,2.751000,744234.845722,-242969.908021,501264.937701,1.694095e+00,-1140.157715,589.270428,580.694451,1.060,1.129,0.045
2752,2.752000,744234.846785,-242888.587364,501346.259420,1.694208e+00,-1140.157716,589.270300,580.694293,0.995,0.219,0.044
2753,2.753000,744234.847903,-242807.320527,501427.527376,1.694320e+00,-1140.157708,589.270165,580.694160,0.988,1.523,0.047
2754,2.754000,744234.849006,-242726.107480,501508.741527,1.694433e+00,-1140.157700,589.270031,580.694029,1.115,0.209,0.052
2755,2.755000,744234.850110,-242644.948178,501589.901931,1.694545e+00,-1140.157692,589.269897,580.693898,1.186,0.265,0.067
2756,2.756000,744234.851212,-242563.842602,501671.008610,1.694657e+00,-1140.157684,589.269762,580.693768,1.197,1.554,0.042
2757,2.757000,744234.852314,-242482.790709,501752.061605,1.694769e+00,-1140.157675,589.269628,580.693637,1.164,0.196,0.095
2758,2.758000,744234.853403,-242401.792466,501833.060938,1.694882e+00,-1140.157667,589.269495,580.693506,1.038,0.233,0.048
2759,2.759000,744234.854482,-242320.847834,501914.006648,1.694994e+00,-1140.157659,589.269364,580.693375,2.680,0.803,0.061
2760,2.760000,744234.855560,-242239.956779,501994.898782,1.695106e+00,-1140.157651,589.269232,580.693245,0.994,0.252,0.051
2761,2.761000,744234.856638,-242159.119262,502075.737376,1.695218e+00,-1140.157643,589.269100,580.693114,1.096,0.225,0.053
2762,2.762000,744234.857715,-242078.335246,502156.522469,1.695330e+00,-1140.157635,589.268969,580.692984,1.744,0.414,0.125
2763,2.763000,744234.858791,-241997.604698,502237.254093,1.695441e+00,-1140.157626,589.268838,580.692854,0.982,0.222,0.048
2764,2.764000,744234.859865,-241916.927581,502317.932285,1.695553e+00,-1140.157617,589.268707,580.692725,1.187,0.988,0.047
2765,2.765000,744234.860940,-241836.303855,502398.557085,1.695665e+00,-1140.157608,589.268576,580.692596,0.974,0.220,0.047
2766,2.766000,744234.862014,-241755.733489,502479.128525,1.695776e+00,-1140.157599,589.268445,580.692467,1.008,0.401,0.052
2767,2.767000,744234.863088,-241675.216445,502559.646643,1.695888e+00,-1140.157590,589.268315,580.692339,1.036,0.409,0.045
2768,2.768000,744234.864163,-241594.752681,502640.111481,1.695999e+00,-1140.157581,589.268184,580.692210,1.021,1.565,0.099
2769,2.769000,744234.865237,-241514.342153,502720.523084,1.696111e+00,-1140.157572,589.268053,580.692081,1.203,0.267,0.061
2770,2.770000,744234.866312,-241433.984820,502800.881492,1.696222e+00,-1140.157563,589.267922,580.691953,1.121,0.259,0.051
2771,2.771000,744234.867386,-241353.680645,502881.186741,1.696333e+00,-1140.157554,589.267791,580.691825,2.897,0.824,0.040
2772,2.772000,744234.868461,-241273.429589,502961.438872,1.696444e+00,-1140.157546,589.267660,580.691696,1.116,0.415,0.053
2773,2.773000,744234.869535,-241193.231603,503041.637932,1.696555e+00,-1140.157537,589.267529,580.691568,1.146,0.620,0.050
2774,2.774000,744234.870608,-241113.086650,503121.783959,1.696666e+00,-1140.157529,589.267399,580.691440,0.966,0.184,0.044
2775,2.775000,744234.871680,-241032.994679,503201.877001,1.696777e+00,-1140.157520,589.267270,580.691312,1.017,0.263,0.055
2776,2.776000,744234.872752,-240952.955652,503281.917100,1.696888e+00,-1140.157511,589.267140,580.691185,1.084,0.213,0.050
2777,2.777000,744234.873823,-240872.969521,503361.904302,1.696999e+00,-1140.157503,589.267011,580.691058,1.030,0.499,0.049
2778,2.778000,744234.874893,-240793.036244,503441.838649,1.697109e+00,-1140.157494,589.266881,580.690932,1.336,0.263,0.052
2779,2.779000,744234.875962,-240713.155772,503521.720190,1.697220e+00,-1140.157486,589.266752,580.690805,0.999,4.389,0.046
2780,2.780000,744234.877004,-240633.328057,503601.548948,1.697330e+00,-1140.157487,589.266629,580.690653,1.006,0.816,0.047
2781,2.781000,744234.878021,-240553.553047,503681.324974,1.697441e+00,-1140.157498,589.266513,580.690475,0.961,0.809,0.039
2782,2.782000,744234.879035,-240473.830687,503761.048348,1.697551e+00,-1140.157509,589.266396,580.690297,1.077,0.390,0.043
2783,2.783000,744234.880047,-240394.160930,503840.719117,1.697662e+00,-1140.157519,589.266280,580.690120,1.048,0.219,0.099
2784,2.784000,744234.881059,-240314.543725,503920.337334,1.697772e+00,-1140.157530,589.266163,580.689943,0.988,0.212,0.045
2785,2.785000,744234.882070,-240234.979013,503999.903057,1.697882e+00,-1140.157541,589.266048,580.689766,1.208,0.238,0.058
2786,2.786000,744234.883082,-240155.466744,504079.416337,1.697992e+00,-1140.157551,589.265932,580.689589,1.123,0.235,0.066
2787,2.787000,744234.884121,-240076.006855,504158.877266,1.698102e+00,-1140.157553,589.265810,580.689438,1.028,0.194,0.046
2788,2.788000,744234.885187,-239996.599289,504238.285899,1.698212e+00,-1140.157544,589.265683,580.689311,1.139,0.249,0.045
2789,2.789000,744234.886253,-239917.243986,504317.642268,1.698322e+00,-1140.157536,589.265557,580.689185,2.457,7.053,0.057
2790,2.790000,744234.887318,-239837.940886,504396.946433,1.698432e+00,-1140.157528,589.265430,580.689059,0.949,0.209,0.044
2791,2.791000,744234.888351,-239758.689920,504476.198431,1.698542e+00,-1140.157520,589.265306,580.688932,0.992,0.524,0.045
2792,2.792000,744234.889352,-239679.491022,504555.398331,1.698651e+00,-1140.157514,589.265184,580.688806,2.074,0.278,0.058
2793,2.793000,744234.890355,-239600.344127,504634.546228,1.698761e+00,-1140.157508,589.265062,580.688681,0.997,0.208,0.054
2794,2.794000,744234.891358,-239521.249169,504713.642189,1.698870e+00,-1140.157502,589.264940,580.688555,0.991,0.215,0.054
2795,2.795000,744234.892361,-239442.206071,504792.686290,1.698980e+00,-1140.157495,589.264818,580.688429,0.967,0.221,0.060
2796,2.796000,744234.893364,-239363.214767,504871.678597,1.699089e+00,-1140.157489,589.264697,580.688304,1.108,0.425,0.058
2797,2.797000,744234.894357,-239284.275180,504950.619177,1.699198e+00,-1140.157483,589.264576,580.688179,1.471,0.203,0.110
2798,2.798000,744234.895338,-239205.387234,505029.508105,1.699308e+00,-1140.157477,589.264455,580.688056,0.975,0.569,0.061
2799,2.799000,744234.896319,-239126.550860,505108.345459,1.699417e+00,-1140.157471,589.264334,580.687933,1.057,0.710,0.053
2800,2.800000,744234.897299,-239047.765970,505187.131329,1.699526e+00,-1140.157465,589.264214,580.687810,1.022,0.538,0.043
2801,2.801000,744234.898998,-238969.032485,505265.866513,1.699635e+00,-1140.157461,589.264141,580.687724,1.230,0.405,0.128
2802,2.802000,744234.901417,-238890.350324,505344.551093,1.699744e+00,-1140.157459,589.264117,580.687674,1.010,0.185,0.053
2803,2.803000,744234.903835,-238811.719404,505423.184431,1.699853e+00,-1140.157457,589.264092,580.687625,1.148,0.551,0.055
2804,2.804000,744234.906253,-238733.139640,505501.766613,1.699962e+00,-1140.157456,589.264068,580.687576,0.986,0.209,0.055
2805,2.805000,744234.908669,-238654.610950,505580.297720,1.700070e+00,-1140.157454,589.264044,580.687527,1.054,0.219,0.055
2806,2.806000,744234.911083,-238576.133247,505658.777836,1.700179e+00,-1140.157452,589.264020,580.687478,1.060,0.255,0.057
2807,2.807000,744234.913496,-238497.706446,505737.207050,1.700288e+00,-1140.157451,589.263997,580.687429,1.084,0.247,0.047
2808,2.808000,744234.915924,-238419.330468,505815.585456,1.700396e+00,-1140.157449,589.263973,580.687382,1.101,0.454,0.045
2809,2.809000,744234.918367,-238341.005225,505893.913141,1.700505e+00,-1140.157447,589.263950,580.687335,1.166,0.245,0.056
2810,2.810000,744234.920810,-238262.730640,505972.190170,1.700613e+00,-1140.157445,589.263926,580.687288,0.969,0.205,0.047
2811,2.811000,744234.923253,-238184.506637,506050.416616,1.700721e+00,-1140.157444,589.263903,580.687242,1.081,0.254,0.041
2812,2.812000,744234.925694,-238106.333124,506128.592569,1.700830e+00,-1140.157442,589.263880,580.687196,1.016,0.217,0.051
2813,2.813000,744234.928133,-238028.210028,506206.718104,1.700938e+00,-1140.157440,589.263857,580.687150,0.988,0.226,0.051
2814,2.814000,744234.930567,-237950.137279,506284.793288,1.701046e+00,-1140.157438,589.263833,580.687104,1.001,0.341,0.066
2815,2.815000,744234.932996,-237872.114801,506362.818194,1.701154e+00,-1140.157436,589.263810,580.687060,1.041,0.308,0.054
2816,2.816000,744234.935389,-237794.142526,506440.792863,1.701262e+00,-1140.157433,589.263788,580.687015,1.454,0.450,0.043
2817,2.817000,744234.937744,-237716.220387,506518.717357,1.701370e+00,-1140.157431,589.263768,580.686970,1.002,0.251,0.051
2818,2.818000,744234.940095,-237638.348323,506596.591772,1.701478e+00,-1140.157429,589.263747,580.686927,0.958,0.403,0.050
2819,2.819000,744234.942446,-237560.526276,506674.416170,1.701585e+00,-1140.157428,589.263727,580.686883,1.039,0.428,0.057
2820,2.820000,744234.944756,-237482.754192,506752.190565,1.701693e+00,-1140.157426,589.263709,580.686840,1.026,0.252,0.057
2821,2.821000,744234.947026,-237405.032020,506829.915007,1.701801e+00,-1140.157424,589.263693,580.686797,1.025,0.200,0.050
2822,2.822000,744234.949285,-237327.359708,506907.589577,1.701908e+00,-1140.157422,589.263678,580.686753,0.956,0.215,0.045
2823,2.823000,744234.951531,-237249.737217,506985.214314,1.702016e+00,-1140.157421,589.263664,580.686711,1.046,0.445,0.062
2824,2.824000,744234.953776,-237172.164500,507062.789276,1.702123e+00,-1140.157419,589.263650,580.686668,1.023,0.576,0.053
2825,2.825000,744234.956015,-237094.641519,507140.314495,1.702231e+00,-1140.157417,589.263637,580.686627,0.977,0.562,0.053
2826,2.826000,744234.958253,-237017.168237,507217.790016,1.702338e+00,-1140.157415,589.263623,580.686586,5.792,0.228,0.076
2827,2.827000,744234.960495,-236939.744617,507295.215878,1.702445e+00,-1140.157413,589.263610,580.686545,2.335,0.928,0.047
2828,2.828000,744234.962736,-236862.370629,507372.592107,1.702552e+00,-1140.157410,589.263598,580.686505,1.124,0.222,0.040
2829,2.829000,744234.964979,-236785.046231,507449.918748,1.702659e+00,-1140.157408,589.263585,580.686464,1.338,0.228,0.050
2830,2.830000,744234.967222,-236707.771398,507527.195824,1.702766e+00,-1140.157405,589.263572,580.686424,3.922,0.262,0.075
2831,2.831000,744234.969467,-236630.546102,507604.423365,1.702873e+00,-1140.157403,589.263559,580.686384,1.589,4.040,0.065
2832,2.832000,744234.971712,-236553.370308,507681.601405,1.702980e+00,-1140.157400,589.263547,580.686343,1.127,0.290,0.054
2833,2.833000,744234.973957,-236476.243993,507758.729964,1.703087e+00,-1140.157398,589.263534,580.686303,1.016,0.707,0.052
2834,2.834000,744234.976201,-236399.167132,507835.809069,1.703194e+00,-1140.157396,589.263521,580.686262,1.029,0.227,0.052
2835,2.835000,744234.978390,-236322.139693,507912.838696,1.703300e+00,-1140.157393,589.263506,580.686221,1.165,0.238,0.065
2836,2.836000,744234.980524,-236245.161651,507989.818872,1.703407e+00,-1140.157391,589.263489,580.686181,1.123,1.616,0.050
2837,2.837000,744234.982657,-236168.232974,508066.749683,1.703513e+00,-1140.157388,589.263472,580.686140,1.152,0.772,0.047
2838,2.838000,744234.984791,-236091.353638,508143.631153,1.703620e+00,-1140.157386,589.263455,580.686100,1.131,0.246,0.105
2839,2.839000,744234.986925,-236014.523613,508220.463311,1.703726e+00,-1140.157383,589.263438,580.686059,1.049,0.215,0.055
2840,2.840000,744234.989058,-235937.742864,508297.246194,1.703833e+00,-1140.157381,589.263421,580.686019,1.621,0.467,0.054
2841,2.841000,744234.991189,-235861.011366,508373.979823,1.703939e+00,-1140.157379,589.263405,580.685978,0.994,0.191,0.049
2842,2.842000,744234.993316,-235784.329083,508450.664233,1.704045e+00,-1140.157376,589.263388,580.685936,0.959,0.210,0.046
2843,2.843000,744234.995442,-235707.695985,508527.299457,1.704151e+00,-1140.157374,589.263371,580.685895,1.049,0.444,0.053
2844,2.844000,744234.997569,-235631.112040,508603.885529,1.704257e+00,-1140.157371,589.263354,580.685854,0.955,0.201,0.044
2845,2.845000,744234.999700,-235554.577210,508680.422490,1.704363e+00,-1140.157369,589.263337,580.685812,1.095,0.393,0.045
2846,2.846000,744235.001835,-235478.091465,508756.910370,1.704469e+00,-1140.157367,589.263320,580.685771,1.209,0.253,0.047
2847,2.847000,744235.003970,-235401.654758,508833.349211,1.704575e+00,-1140.157366,589.263302,580.685729,1.054,0.759,0.046
2848,2.848000,744235.006105,-235325.267055,508909.739050,1.704681e+00,-1140.157364,589.263286,580.685688,1.351,0.216,0.051
2849,2.849000,744235.008241,-235248.928312,508986.079929,1.704786e+00,-1140.157362,589.263269,580.685646,1.062,0.575,0.044
2850,2.850000,744235.010377,-235172.638491,509062.371886,1.704892e+00,-1140.157361,589.263252,580.685604,1.120,0.234,0.047
2851,2.851000,744235.012513,-235096.397549,509138.614964,1.704998e+00,-1140.157359,589.263235,580.685563,1.028,0.195,0.052
2852,2.852000,744235.014649,-235020.205444,509214.809205,1.705103e+00,-1140.157357,589.263218,580.685521,1.127,0.212,0.046
2853,2.853000,744235.016784,-234944.062137,509290.954647,1.705208e+00,-1140.157356,589.263201,580.685480,1.222,0.257,0.045
2854,2.854000,744235.018919,-234867.967583,509367.051336,1.705314e+00,-1140.157354,589.263184,580.685439,1.517,0.549,0.067
2855,2.855000,744235.021054,-234791.921734,509443.099319,1.705419e+00,-1140.157353,589.263167,580.685397,1.003,0.260,0.052
2856,2.856000,744235.023188,-234715.924549,509519.098639,1.705524e+00,-1140.157351,589.263151,580.685356,1.165,0.458,0.049
2857,2.857000,744235.025324,-234639.975980,509595.049344,1.705630e+00,-1140.157350,589.263134,580.685315,1.097,0.221,0.052
2858,2.858000,744235.027460,-234564.075984,509670.951476,1.705735e+00,-1140.157348,589.263117,580.685275,1.130,0.223,0.049
2859,2.859000,744235.029596,-234488.224512,509746.805084,1.705840e+00,-1140.157347,589.263100,580.685234,1.099,0.228,0.042
2860,2.860000,744235.031732,-234412.421517,509822.610215,1.705945e+00,-1140.157345,589.263084,580.685193,1.082,0.448,0.051
2861,2.861000,744235.033866,-234336.666955,509898.366911,1.706050e+00,-1140.157344,589.263067,580.685153,1.055,0.942,0.042
2862,2.862000,744235.036001,-234260.960772,509974.075228,1.706154e+00,-1140.157342,589.263051,580.685112,1.049,0.612,0.044
2863,2.863000,744235.038135,-234185.302928,510049.735207,1.706259e+00,-1140.157341,589.263035,580.685072,0.998,0.495,0.035
2864,2.864000,744235.040270,-234109.693369,510125.346901,1.706364e+00,-1140.157339,589.263019,580.685031,1.112,0.968,0.042
2865,2.865000,744235.042409,-234034.132051,510200.910358,1.706468e+00,-1140.157338,589.263003,580.684990,0.952,7.150,0.044
2866,2.866000,744235.044551,-233958.618920,510276.425631,1.706573e+00,-1140.157338,589.262987,580.684950,1.027,51.010,0.064
2867,2.867000,744235.046693,-233883.153930,510351.892763,1.706678e+00,-1140.157337,589.262971,580.684910,0.990,0.427,0.066
2868,2.868000,744235.048835,-233807.737038,510427.311797,1.706782e+00,-1140.157336,589.262955,580.684870,1.099,0.222,0.065
2869,2.869000,744235.050978,-233732.368193,510502.682784,1.706886e+00,-1140.157335,589.262939,580.684829,1.320,0.361,0.122
2870,2.870000,744235.053121,-233657.047345,510578.005775,1.706991e+00,-1140.157335,589.262923,580.684789,1.242,0.700,0.095
2871,2.871000,744235.055264,-233581.774450,510653.280814,1.707095e+00,-1140.157334,589.262907,580.684749,1.022,9.540,0.057
2872,2.872000,744235.057407,-233506.549459,510728.507949,1.707199e+00,-1140.157333,589.262891,580.684709,1.031,4.696,0.048
2873,2.873000,744235.059551,-233431.372326,510803.687225,1.707303e+00,-1140.157332,589.262875,580.684669,0.968,0.185,0.043
2874,2.874000,744235.061695,-233356.243008,510878.818687,1.707407e+00,-1140.157331,589.262858,580.684629,1.043,0.217,0.046
2875,2.875000,744235.063838,-233281.161456,510953.902382,1.707511e+00,-1140.157331,589.262842,580.684590,1.018,0.566,0.047
2876,2.876000,744235.065979,-233206.127622,511028.938358,1.707615e+00,-1140.157330,589.262826,580.684550,1.063,0.700,0.048
2877,2.877000,744235.068118,-233131.141459,511103.926659,1.707719e+00,-1140.157329,589.262811,580.684511,1.241,0.236,0.043
2878,2.878000,744235.070256,-233056.202927,511178.867329,1.707823e+00,-1140.157328,589.262796,580.684471,5.275,1.982,0.073
2879,2.879000,744235.072393,-232981.311980,511253.760413,1.707926e+00,-1140.157327,589.262780,580.684432,8.888,0.800,0.055
2880,2.880000,744235.074529,-232906.468570,511328.605959,1.708030e+00,-1140.157326,589.262765,580.684392,0.980,0.219,0.046
2881,2.881000,744235.076665,-232831.672662,511403.404004,1.708134e+00,-1140.157326,589.262750,580.684353,1.407,0.338,0.053
2882,2.882000,744235.078798,-232756.924213,511478.154585,1.708237e+00,-1140.157325,589.262735,580.684313,1.138,0.303,0.066
2883,2.883000,744235.080927,-232682.223180,511552.857747,1.708341e+00,-1140.157325,589.262721,580.684274,1.039,0.239,0.060
2884,2.884000,744235.083056,-232607.569522,511627.513534,1.708444e+00,-1140.157324,589.262707,580.684234,1.073,0.587,0.053
2885,2.885000,744235.085186,-232532.963208,511702.121978,1.708547e+00,-1140.157323,589.262692,580.684194,1.093,0.213,0.054
2886,2.886000,744235.087317,-232458.404200,511776.683117,1.708650e+00,-1140.157321,589.262678,580.684153,1.223,0.271,0.053
2887,2.887000,744235.089450,-232383.892454,511851.196996,1.708754e+00,-1140.157320,589.262664,580.684112,1.118,0.369,0.052
2888,2.888000,744235.091586,-232309.427936,511925.663650,1.708857e+00,-1140.157319,589.262649,580.684070,1.068,0.268,0.048
2889,2.889000,744235.093723,-232235.010616,512000.083107,1.708960e+00,-1140.157318,589.262635,580.684027,1.035,0.250,0.056
2890,2.890000,744235.095859,-232160.640461,512074.455398,1.709063e+00,-1140.157318,589.262621,580.683985,1.054,0.239,0.041
2891,2.891000,744235.097996,-232086.317435,512148.780561,1.709166e+00,-1140.157317,589.262606,580.683942,1.044,0.220,0.053
2892,2.892000,744235.100133,-232012.041513,512223.058620,1.709269e+00,-1140.157316,589.262592,580.683900,1.025,0.219,0.047
2893,2.893000,744235.102271,-231937.812663,512297.289608,1.709371e+00,-1140.157315,589.262578,580.683857,1.044,0.420,0.045
2894,2.894000,744235.104409,-231863.630848,512371.473561,1.709474e+00,-1140.157313,589.262563,580.683815,1.193,0.245,0.052
2895,2.895000,744235.106546,-231789.496046,512445.610501,1.709577e+00,-1140.157312,589.262549,580.683773,1.111,1.391,0.046
2896,2.896000,744235.108682,-231715.408234,512519.700448,1.709679e+00,-1140.157311,589.262534,580.683731,2.498,18.804,0.092
2897,2.897000,744235.110815,-231641.367382,512593.743433,1.709782e+00,-1140.157310,589.262520,580.683690,1.278,0.795,0.228
2898,2.898000,744235.112947,-231567.373460,512667.739487,1.709884e+00,-1140.157308,589.262505,580.683649,2.068,0.450,0.161
2899,2.899000,744235.115080,-231493.426451,512741.688630,1.709987e+00,-1140.157307,589.262491,580.683608,0.981,0.245,0.059
2900,2.900000,744235.117214,-231419.526323,512815.590891,1.710089e+00,-1140.157306,589.262477,580.683567,7.645,1.462,0.065
2901,2.901000,744235.119347,-231345.673056,512889.446291,1.710191e+00,-1140.157305,589.262463,580.683527,1.081,0.225,0.055
2902,2.902000,744235.121480,-231271.866632,512963.254848,1.710293e+00,-1140.157303,589.262450,580.683486,0.997,0.223,0.050
2903,2.903000,744235.123611,-231198.107031,513037.016581,1.710396e+00,-1140.157302,589.262437,580.683445,1.059,0.592,0.048
2904,2.904000,744235.125740,-231124.394224,513110.731516,1.710498e+00,-1140.157300,589.262423,580.683404,1.045,0.406,0.103
2905,2.905000,744235.127866,-231050.728185,513184.399682,1.710600e+00,-1140.157297,589.262410,580.683363,1.128,0.302,0.050
2906,2.906000,744235.129993,-230977.108897,513258.021096,1.710702e+00,-1140.157294,589.262397,580.683322,1.246,0.219,0.046
2907,2.907000,744235.132117,-230903.536334,513331.595782,1.710804e+00,-1140.157291,589.262383,580.683280,1.019,0.190,0.046
2908,2.908000,744235.134237,-230830.010492,513405.123745,1.710905e+00,-1140.157287,589.262370,580.683238,1.082,0.398,0.047
2909,2.909000,744235.136358,-230756.531329,513478.605029,1.711007e+00,-1140.157284,589.262357,580.683196,1.028,0.490,0.047
2910,2.910000,744235.138480,-230683.098829,513552.039651,1.711109e+00,-1140.157281,589.262343,580.683155,1.424,0.229,0.055
2911,2.911000,744235.140602,-230609.712969,513625.427633,1.711210e+00,-1140.157278,589.262330,580.683113,1.118,1.254,0.053
2912,2.912000,744235.142714,-230536.373726,513698.768988,1.711312e+00,-1140.157275,589.262317,580.683072,0.954,0.377,0.042
2913,2.913000,744235.144816,-230463.081071,513772.063745,1.711413e+00,-1140.157273,589.262303,580.683032,1.076,0.206,0.048
2914,2.914000,744235.146932,-230389.834980,513845.311952,1.711515e+00,-1140.157271,589.262290,580.682992,1.171,0.204,0.060
2915,2.915000,744235.149062,-230316.635426,513918.513636,1.711616e+00,-1140.157270,589.262277,580.682952,0.982,0.510,0.041
2916,2.916000,744235.151192,-230243.482374,513991.668818,1.711718e+00,-1140.157269,589.262263,580.682912,1.056,0.543,0.048
2917,2.917000,744235.153325,-230170.375791,514064.777533,1.711819e+00,-1140.157268,589.262250,580.682872,1.016,0.262,0.055
2918,2.918000,744235.155459,-230097.315656,514137.839803,1.711920e+00,-1140.157267,589.262236,580.682831,0.987,0.216,0.046
2919,2.919000,744235.157595,-230024.301927,514210.855668,1.712021e+00,-1140.157266,589.262223,580.682790,1.122,0.271,0.054
2920,2.920000,744235.159734,-229951.334570,514283.825164,1.712122e+00,-1140.157265,589.262209,580.682749,1.194,0.399,0.053
2921,2.921000,744235.161876,-229878.413549,514356.748327,1.712223e+00,-1140.157265,589.262196,580.682709,1.228,0.232,0.057
2922,2.922000,744235.164017,-229805.538827,514429.625190,1.712324e+00,-1140.157265,589.262183,580.682668,1.240,1.283,0.079
2923,2.923000,744235.166158,-229732.710361,514502.455797,1.712425e+00,-1140.157265,589.262169,580.682628,0.969,0.233,0.050
2924,2.924000,744235.168299,-229659.928102,514575.240196,1.712526e+00,-1140.157265,589.262156,580.682587,1.016,0.190,0.053
2925,2.925000,744235.170440,-229587.192012,514647.978428,1.712626e+00,-1140.157265,589.262142,580.682547,1.083,0.755,0.059
2926,2.926000,744235.172581,-229514.502036,514720.670545,1.712727e+00,-1140.157265,589.262129,580.682507,1.135,0.392,0.064
2927,2.927000,744235.174722,-229441.858123,514793.316599,1.712828e+00,-1140.157265,589.262115,580.682466,1.047,0.490,0.057
2928,2.928000,744235.176864,-229369.260215,514865.916649,1.712928e+00,-1140.157265,589.262102,580.682426,1.088,0.360,0.057
2929,2.929000,744235.179008,-229296.708260,514938.470748,1.713029e+00,-1140.157265,589.262088,580.682385,1.152,0.329,0.053
2930,2.930000,744235.181152,-229224.202196,515010.978956,1.713129e+00,-1140.157264,589.262075,580.682344,0.988,0.187,0.045
2931,2.931000,744235.183263,-229151.741959,515083.441304,1.713229e+00,-1140.157264,589.262063,580.682303,1.033,0.222,0.053
2932,2.932000,744235.185341,-229079.327488,515155.857852,1.713330e+00,-1140.157264,589.262053,580.682262,0.991,0.374,0.044
2933,2.933000,744235.187419,-229006.958715,515228.228703,1.713430e+00,-1140.157264,589.262043,580.682221,1.362,0.407,0.069
2934,2.934000,744235.189494,-228934.635574,515300.553920,1.713530e+00,-1140.157264,589.262034,580.682180,0.978,0.213,0.045
2935,2.935000,744235.191566,-228862.357989,515372.833577,1.713630e+00,-1140.157263,589.262024,580.682140,2.294,1.817,0.055
2936,2.936000,744235.193638,-228790.125883,515445.067755,1.713730e+00,-1140.157263,589.262014,580.682100,1.063,0.908,0.045
2937,2.937000,744235.195710,-228717.939185,515517.256525,1.713830e+00,-1140.157262,589.262004,580.682060,1.412,1.411,0.044
2938,2.938000,744235.197782,-228645.797806,515589.399976,1.713930e+00,-1140.157262,589.261994,580.682020,1.177,0.192,0.049
2939,2.939000,744235.199842,-228573.701677,515661.498165,1.714030e+00,-1140.157261,589.261985,580.681980,1.094,0.235,0.049
2940,2.940000,744235.201890,-228501.650713,515733.551177,1.714129e+00,-1140.157260,589.261975,580.681942,1.015,0.639,0.052
2941,2.941000,744235.203938,-228429.644832,515805.559105,1.714229e+00,-1140.157260,589.261965,580.681904,1.081,0.282,0.051
2942,2.942000,744235.205985,-228357.683950,515877.522035,1.714329e+00,-1140.157259,589.261956,580.681865,1.269,0.781,0.059
2943,2.943000,744235.208033,-228285.767979,515949.440053,1.714428e+00,-1140.157259,589.261946,580.681827,1.223,0.432,0.058
2944,2.944000,744235.210080,-228213.896836,516021.313244,1.714528e+00,-1140.157258,589.261936,580.681789,1.302,0.510,0.048
2945,2.945000,744235.212128,-228142.070431,516093.141697,1.714627e+00,-1140.157257,589.261927,580.681750,1.109,0.224,0.069
2946,2.946000,744235.214175,-228070.288688,516164.925488,1.714727e+00,-1140.157257,589.261917,580.681712,1.205,0.262,0.059
2947,2.947000,744235.216223,-227998.551518,516236.664705,1.714826e+00,-1140.157256,589.261907,580.681674,1.125,0.611,0.048
2948,2.948000,744235.218270,-227926.858836,516308.359435,1.714925e+00,-1140.157255,589.261897,580.681636,1.597,0.206,0.125
2949,2.949000,744235.220318,-227855.210559,516380.009759,1.715025e+00,-1140.157255,589.261888,580.681598,0.976,0.517,0.047
2950,2.950000,744235.222365,-227783.606610,516451.615755,1.715124e+00,-1140.157254,589.261878,580.681560,1.036,0.192,0.044
2951,2.951000,744235.224408,-227712.046905,516523.177503,1.715223e+00,-1140.157254,589.261869,580.681522,1.100,1.277,0.054
2952,2.952000,744235.226450,-227640.531364,516594.695086,1.715322e+00,-1140.157253,589.261860,580.681484,6.475,1.967,0.056
2953,2.953000,744235.228491,-227569.059910,516666.168580,1.715421e+00,-1140.157253,589.261852,580.681447,1.034,0.222,0.055
2954,2.954000,744235.230541,-227497.632475,516737.598067,1.715520e+00,-1140.157252,589.261843,580.681410,1.217,0.574,0.053
2955,2.955000,744235.232601,-227426.248976,516808.983625,1.715619e+00,-1140.157252,589.261834,580.681374,1.021,0.187,0.048
2956,2.956000,744235.234661,-227354.909354,516880.325306,1.715717e+00,-1140.157251,589.261825,580.681339,1.128,0.221,0.040
2957,2.957000,744235.236720,-227283.613539,516951.623181,1.715816e+00,-1140.157250,589.261817,580.681304,1.173,0.236,0.041
2958,2.958000,744235.238780,-227212.361461,517022.877318,1.715915e+00,-1140.157249,589.261808,580.681269,1.101,0.501,0.052
2959,2.959000,744235.240840,-227141.153060,517094.087779,1.716013e+00,-1140.157248,589.261799,580.681234,1.010,0.249,0.036
2960,2.960000,744235.242901,-227069.988275,517165.254625,1.716112e+00,-1140.157247,589.261791,580.681199,2.368,3.012,0.130
2961,2.961000,744235.244961,-226998.867048,517236.377913,1.716210e+00,-1140.157246,589.261782,580.681164,2.115,0.662,0.122
2962,2.962000,744235.247022,-226927.789321,517307.457702,1.716309e+00,-1140.157245,589.261773,580.681129,6.646,8.301,0.124
2963,2.963000,744235.249080,-226856.755037,517378.494043,1.716407e+00,-1140.157244,589.261765,580.681095,1.118,7.774,0.058
2964,2.964000,744235.251136,-226785.764143,517449.486993,1.716506e+00,-1140.157243,589.261757,580.681060,1.167,0.385,0.061
2965,2.965000,744235.253191,-226714.816587,517520.436604,1.716604e+00,-1140.157242,589.261749,580.681025,1.022,0.222,0.058
2966,2.966000,744235.255246,-226643.912310,517591.342936,1.716702e+00,-1140.157241,589.261742,580.680991,0.990,0.220,0.048
2967,2.967000,744235.257301,-226573.051268,517662.206033,1.716800e+00,-1140.157240,589.261735,580.680956,1.691,0.505,0.045
2968,2.968000,744235.259359,-226502.233405,517733.025954,1.716898e+00,-1140.157238,589.261727,580.680921,1.102,3.379,0.041
2969,2.969000,744235.261422,-226431.458674,517803.802748,1.716996e+00,-1140.157235,589.261720,580.680887,1.056,0.912,0.050
2970,2.970000,744235.263472,-226360.727019,517874.536453,1.717094e+00,-1140.157233,589.261713,580.680853,1.093,0.210,0.041
2971,2.971000,744235.265508,-226290.038395,517945.227113,1.717192e+00,-1140.157230,589.261705,580.680819,1.022,0.185,0.043
2972,2.972000,744235.267543,-226219.392742,518015.874801,1.717290e+00,-1140.157228,589.261698,580.680785,1.127,0.250,0.036
2973,2.973000,744235.269580,-226148.790001,518086.479579,1.717388e+00,-1140.157226,589.261690,580.680751,1.076,0.222,0.040
2974,2.974000,744235.271619,-226078.230124,518157.041495,1.717485e+00,-1140.157224,589.261682,580.680717,1.041,0.458,0.043
2975,2.975000,744235.273658,-226007.713057,518227.560602,1.717583e+00,-1140.157223,589.261675,580.680684,2.483,0.998,0.046
2976,2.976000,744235.275699,-225937.238737,518298.036962,1.717680e+00,-1140.157221,589.261667,580.680650,1.073,0.372,0.038
2977,2.977000,744235.277745,-225866.807122,518368.470623,1.717778e+00,-1140.157219,589.261659,580.680617,1.058,0.209,0.053
2978,2.978000,744235.279794,-225796.418148,518438.861646,1.717875e+00,-1140.157215,589.261652,580.680582,1.030,17.816,0.051
2979,2.979000,744235.281839,-225726.071757,518509.210082,1.717973e+00,-1140.157212,589.261645,580.680548,1.055,6.865,0.130
2980,2.980000,744235.283885,-225655.767889,518579.515995,1.718070e+00,-1140.157208,589.261638,580.680514,1.615,0.200,1.484
2981,2.981000,744235.285931,-225585.506484,518649.779447,1.718168e+00,-1140.157204,589.261632,580.680479,0.979,0.190,0.043
2982,2.982000,744235.287977,-225515.287487,518720.000489,1.718265e+00,-1140.157200,589.261625,580.680445,1.190,0.252,0.052
2983,2.983000,744235.290022,-225445.110846,518790.179177,1.718362e+00,-1140.157196,589.261619,580.680411,1.189,0.240,0.060
2984,2.984000,744235.292067,-225374.976512,518860.315555,1.718459e+00,-1140.157192,589.261613,580.680377,1.139,0.424,0.068
2985,2.985000,744235.294060,-225304.884429,518930.409631,1.718556e+00,-1140.157188,589.261609,580.680344,1.030,0.198,0.053
2986,2.986000,744235.296002,-225234.834546,519000.461455,1.718653e+00,-1140.157184,589.261609,580.680310,1.014,0.404,0.038
2987,2.987000,744235.297944,-225164.826812,519070.471132,1.718750e+00,-1140.157180,589.261608,580.680277,1.111,0.640,0.036
2988,2.988000,744235.299886,-225094.861173,519140.438714,1.718847e+00,-1140.157176,589.261608,580.680243,1.330,0.581,0.045
2989,2.989000,744235.301829,-225024.937599,519210.364230,1.718944e+00,-1140.157173,589.261608,580.680209,1.033,1.300,0.041
2990,2.990000,744235.303772,-224955.056042,519280.247730,1.719041e+00,-1140.157169,589.261607,580.680176,0.988,0.385,0.050
2991,2.991000,744235.305714,-224885.216451,519350.089263,1.719137e+00,-1140.157165,589.261607,580.680142,1.039,0.781,0.039
2992,2.992000,744235.307657,-224815.418792,519419.888865,1.719234e+00,-1140.157161,589.261607,580.680109,1.015,0.199,0.041
2993,2.993000,744235.309600,-224745.663026,519489.646574,1.719330e+00,-1140.157157,589.261606,580.680075,1.139,0.223,0.078
2994,2.994000,744235.311543,-224675.949126,519559.362417,1.719427e+00,-1140.157154,589.261606,580.680042,1.379,0.206,0.051
2995,2.995000,744235.313487,-224606.277055,519629.036432,1.719524e+00,-1140.157150,589.261606,580.680009,1.133,0.231,0.051
2996,2.996000,744235.315430,-224536.646786,519698.668644,1.719620e+00,-1140.157146,589.261605,580.679975,1.195,0.221,0.070
2997,2.997000,744235.317373,-224467.058297,519768.259076,1.719716e+00,-1140.157142,589.261605,580.679943,1.111,0.253,0.048
2998,2.998000,744235.319317,-224397.511564,519837.807753,1.719813e+00,-1140.157137,589.261604,580.679910,0.998,0.435,0.044
2999,2.999000,744235.321261,-224328.006563,519907.314698,1.719909e+00,-1140.157133,589.261603,580.679877,1.106,0.260,0.041
3000,3.000000,744235.323203,-224258.543271,519976.779931,1.720005e+00,-1140.157129,589.261603,580.679845,1.136,0.512,0.050
3001,3.001000,744235.325141,-224189.121675,520046.203466,1.720101e+00,-1140.157125,589.261602,580.679813,1.141,0.248,0.040
3002,3.002000,744235.327080,-224119.741762,520115.585318,1.720197e+00,-1140.157121,589.261602,580.679781,1.176,1.746,0.055
3003,3.003000,744235.329056,-224050.403514,520184.925543,1.720293e+00,-1140.157116,589.261601,580.679746,1.299,0.436,0.052
3004,3.004000,744235.331070,-223981.106916,520254.224154,1.720389e+00,-1140.157112,589.261600,580.679710,2.792,0.488,0.129
3005,3.005000,744235.333087,-223911.851960,520323.481127,1.720485e+00,-1140.157108,589.261600,580.679675,1.110,0.254,0.049
3006,3.006000,744235.335104,-223842.638625,520392.696480,1.720581e+00,-1140.157105,589.261599,580.679639,1.154,4.482,0.049
3007,3.007000,744235.337119,-223773.466907,520461.870212,1.720677e+00,-1140.157102,589.261599,580.679604,1.007,0.219,0.044
3008,3.008000,744235.339133,-223704.336789,520531.002343,1.720772e+00,-1140.157099,589.261598,580.679570,1.034,1.148,0.045
3009,3.009000,744235.341147,-223635.248266,520600.092881,1.720868e+00,-1140.157096,589.261597,580.679535,1.010,0.744,0.046
3010,3.010000,744235.343161,-223566.201331,520669.141830,1.720964e+00,-1140.157092,589.261597,580.679500,0.994,0.221,0.046
3011,3.011000,744235.345175,-223497.195966,520738.149210,1.721059e+00,-1140.157089,589.261597,580.679465,1.028,0.191,0.039
3012,3.012000,744235.347190,-223428.232167,520807.115023,1.721155e+00,-1140.157086,589.261596,580.679430,1.277,0.204,0.053
3013,3.013000,744235.349204,-223359.309923,520876.039281,1.721250e+00,-1140.157083,589.261596,580.679395,7.763,15.283,0.041
3014,3.014000,744235.351221,-223290.429223,520944.921998,1.721346e+00,-1140.157080,589.261595,580.679359,1.057,0.248,0.049
3015,3.015000,744235.353241,-223221.590054,521013.763187,1.721441e+00,-1140.157078,589.261595,580.679324,1.142,0.262,0.055
3016,3.016000,744235.355261,-223152.792407,521082.562854,1.721536e+00,-1140.157076,589.261594,580.679289,1.949,0.267,0.060
3017,3.017000,744235.357225,-223084.036270,521151.320955,1.721631e+00,-1140.157073,589.261592,580.679254,1.042,0.209,0.050
3018,3.018000,744235.359234,-223015.321633,521220.037602,1.721727e+00,-1140.157078,589.261588,580.679204,0.993,0.256,0.045
3019,3.019000,744235.361339,-222946.648477,521288.712861,1.721822e+00,-1140.157091,589.261584,580.679139,0.993,0.382,0.045
3020,3.020000,744235.363438,-222878.016801,521357.346637,1.721917e+00,-1140.157103,589.261580,580.679075,1.017,0.186,0.040
3021,3.021000,744235.365537,-222809.426589,521425.938947,1.722012e+00,-1140.157115,589.261576,580.679010,0.997,0.185,0.037
3022,3.022000,744235.367635,-222740.877835,521494.489800,1.722107e+00,-1140.157127,589.261573,580.678946,1.000,0.395,0.040
3023,3.023000,744235.369730,-222672.370514,521562.999216,1.722201e+00,-1140.157140,589.261570,580.678882,1.137,7.866,0.042
3024,3.024000,744235.371822,-222603.904619,521631.467203,1.722296e+00,-1140.157152,589.261567,580.678817,1.080,0.369,0.048
3025,3.025000,744235.373914,-222535.480134,521699.893780,1.722391e+00,-1140.157165,589.261564,580.678753,1.174,0.354,0.057
3026,3.026000,744235.376006,-222467.097041,521768.278965,1.722486e+00,-1140.157177,589.261561,580.678689,1.082,0.290,0.052
3027,3.027000,744235.378098,-222398.755336,521836.622762,1.722580e+00,-1140.157189,589.261558,580.678624,1.210,0.224,0.058
3028,3.028000,744235.380190,-222330.454987,521904.925203,1.722675e+00,-1140.157202,589.261554,580.678560,1.071,0.287,0.050
3029,3.029000,744235.382282,-222262.195981,521973.186301,1.722769e+00,-1140.157214,589.261551,580.678496,0.988,0.595,0.044
3030,3.030000,744235.384374,-222193.978299,522041.406075,1.722864e+00,-1140.157226,589.261548,580.678432,1.113,0.358,0.049
3031,3.031000,744235.386468,-222125.801928,522109.584540,1.722958e+00,-1140.157238,589.261545,580.678368,1.034,0.823,0.054
3032,3.032000,744235.388553,-222057.666848,522177.721706,1.723053e+00,-1140.157250,589.261542,580.678305,1.024,0.200,0.046
3033,3.033000,744235.390631,-221989.573038,522245.817593,1.723147e+00,-1140.157262,589.261541,580.678241,1.044,0.196,0.050
3034,3.034000,744235.392708,-221921.520482,522313.872225,1.723241e+00,-1140.157274,589.261540,580.678177,0.990,0.568,0.033
3035,3.035000,744235.394784,-221853.509150,522381.885634,1.723335e+00,-1140.157285,589.261538,580.678113,1.141,0.253,0.053
3036,3.036000,744235.396859,-221785.539026,522449.857833,1.723429e+00,-1140.157296,589.261537,580.678050,1.212,0.198,0.053
3037,3.037000,744235.398935,-221717.610087,522517.788848,1.723524e+00,-1140.157307,589.261536,580.677987,1.043,0.224,0.049
3038,3.038000,744235.401021,-221649.722298,522585.678722,1.723618e+00,-1140.157319,589.261535,580.677923,1.106,0.231,0.036
3039,3.039000,744235.403116,-221581.875640,522653.527476,1.723711e+00,-1140.157332,589.261533,580.677860,1.215,0.294,0.050
3040,3.040000,744235.405211,-221514.070087,522721.335124,1.723805e+00,-1140.157345,589.261532,580.677797,1.202,0.227,0.041
3041,3.041000,744235.407310,-221446.305609,522789.101701,1.723899e+00,-1140.157359,589.261531,580.677733,1.003,0.228,0.046
3042,3.042000,744235.409412,-221378.582178,522856.827234,1.723993e+00,-1140.157373,589.261530,580.677669,1.034,0.232,0.050
3043,3.043000,744235.411514,-221310.899762,522924.511752,1.724087e+00,-1140.157387,589.261529,580.677606,1.034,0.227,0.048
3044,3.044000,744235.413617,-221243.258329,522992.155289,1.724180e+00,-1140.157402,589.261528,580.677542,1.054,0.296,0.049
3045,3.045000,744235.415720,-221175.657853,523059.757868,1.724274e+00,-1140.157416,589.261526,580.677479,1.203,0.192,0.046
3046,3.046000,744235.417824,-221108.098296,523127.319528,1.724368e+00,-1140.157430,589.261525,580.677415,0.991,0.217,0.043
3047,3.047000,744235.419927,-221040.579616,523194.840311,1.724461e+00,-1140.157444,589.261524,580.677351,1.023,0.223,0.039
3048,3.048000,744235.422031,-220973.101787,523262.320244,1.724554e+00,-1140.157458,589.261523,580.677288,1.092,0.461,0.054
3049,3.049000,744235.424134,-220905.664769,523329.759365,1.724648e+00,-1140.157472,589.261522,580.677224,1.348,0.616,0.043
3050,3.050000,744235.426238,-220838.268528,523397.157710,1.724741e+00,-1140.157486,589.261522,580.677161,1.179,0.235,0.050
3051,3.051000,744235.428341,-220770.913020,523464.515321,1.724834e+00,-1140.157500,589.261521,580.677098,1.002,0.361,0.051
3052,3.052000,744235.430441,-220703.598209,523531.832233,1.724928e+00,-1140.157514,589.261520,580.677035,1.115,0.711,0.055
3053,3.053000,744235.432215,-220636.324046,523599.108169,1.725021e+00,-1140.157521,589.261562,580.677013,1.159,0.410,0.045
3054,3.054000,744235.433665,-220569.090492,523666.343174,1.725114e+00,-1140.157520,589.261646,580.677034,1.048,0.380,0.048
3055,3.055000,744235.435117,-220501.897493,523733.537623,1.725207e+00,-1140.157520,589.261730,580.677055,1.131,0.771,0.047
3056,3.056000,744235.436568,-220434.745014,523800.691554,1.725300e+00,-1140.157519,589.261814,580.677075,0.996,0.193,0.035
3057,3.057000,744235.438019,-220367.633006,523867.805013,1.725393e+00,-1140.157518,589.261898,580.677096,1.015,0.778,0.042
3058,3.058000,744235.439470,-220300.561420,523934.878050,1.725486e+00,-1140.157518,589.261982,580.677117,1.036,0.408,0.048
3059,3.059000,744235.440921,-220233.530211,524001.910710,1.725579e+00,-1140.157517,589.262066,580.677137,1.216,0.392,0.053
3060,3.060000,744235.442372,-220166.539321,524068.903051,1.725671e+00,-1140.157517,589.262150,580.677158,1.083,0.436,0.059
3061,3.061000,744235.443824,-220099.588705,524135.855118,1.725764e+00,-1140.157516,589.262234,580.677179,1.210,0.266,0.047
3062,3.062000,744235.445276,-220032.678313,524202.766963,1.725857e+00,-1140.157515,589.262318,580.677199,1.062,0.761,0.048
3063,3.063000,744235.446729,-219965.808094,524269.638636,1.725949e+00,-1140.157515,589.262402,580.677219,1.216,1.387,0.043
3064,3.064000,744235.448182,-219898.978003,524336.470179,1.726042e+00,-1140.157514,589.262486,580.677240,1.028,0.431,0.044
3065,3.065000,744235.449634,-219832.187977,524403.261658,1.726134e+00,-1140.157513,589.262570,580.677260,2.164,0.224,0.043
3066,3.066000,744235.451087,-219765.437969,524470.013118,1.726227e+00,-1140.157513,589.262654,580.677280,1.084,0.396,0.047
3067,3.067000,744235.452539,-219698.727928,524536.724611,1.726319e+00,-1140.157512,589.262738,580.677300,1.079,0.259,0.061
3068,3.068000,744235.453991,-219632.057799,524603.396193,1.726411e+00,-1140.157512,589.262821,580.677320,1.483,0.698,0.062
3069,3.069000,744235.455444,-219565.427535,524670.027908,1.726504e+00,-1140.157511,589.262905,580.677341,1.223,0.259,0.054
3070,3.070000,744235.456895,-219498.837075,524736.619821,1.726596e+00,-1140.157510,589.262989,580.677361,1.105,0.263,0.047
3071,3.071000,744235.458346,-219432.286379,524803.171967,1.726688e+00,-1140.157509,589.263073,580.677381,1.038,0.198,0.052
3072,3.072000,744235.459797,-219365.775401,524869.684396,1.726780e+00,-1140.157508,589.263157,580.677401,1.056,1.022,0.053
3073,3.073000,744235.461248,-219299.304089,524936.157159,1.726872e+00,-1140.157507,589.263240,580.677421,1.029,1.055,0.050
3074,3.074000,744235.462699,-219232.872392,525002.590307,1.726964e+00,-1140.157506,589.263324,580.677441,1.138,0.761,0.043
3075,3.075000,744235.464150,-219166.480268,525068.983882,1.727056e+00,-1140.157504,589.263408,580.677461,1.013,0.187,0.039
3076,3.076000,744235.465601,-219100.127666,525135.337935,1.727148e+00,-1140.157503,589.263491,580.677481,1.063,0.579,0.051
3077,3.077000,744235.467052,-219033.814543,525201.652509,1.727240e+00,-1140.157502,589.263575,580.677501,1.097,0.481,0.039
3078,3.078000,744235.468503,-218967.540865,525267.927638,1.727332e+00,-1140.157501,589.263659,580.677522,1.155,0.267,0.053
3079,3.079000,744235.469954,-218901.306585,525334.163370,1.727423e+00,-1140.157499,589.263742,580.677542,1.029,0.193,0.045
3080,3.080000,744235.471406,-218835.111664,525400.359742,1.727515e+00,-1140.157498,589.263826,580.677562,1.065,0.192,0.049
3081,3.081000,744235.472858,-218768.956058,525466.516800,1.727607e+00,-1140.157496,589.263910,580.677582,0.992,0.382,0.044
3082,3.082000,744235.474310,-218702.839732,525532.634578,1.727698e+00,-1140.157495,589.263994,580.677602,1.271,0.253,0.135
3083,3.083000,744235.475763,-218636.762657,525598.713105,1.727790e+00,-1140.157493,589.264077,580.677622,1.183,0.615,0.042
3084,3.084000,744235.477215,-218570.724789,525664.752426,1.727881e+00,-1140.157491,589.264161,580.677642,1.080,0.430,0.046
3085,3.085000,744235.478668,-218504.726098,525730.752570,1.727972e+00,-1140.157489,589.264245,580.677662,1.038,0.202,0.043
3086,3.086000,744235.480122,-218438.766557,525796.713565,1.728064e+00,-1140.157488,589.264329,580.677683,1.114,0.302,0.048
3087,3.087000,744235.481575,-218372.846122,525862.635453,1.728155e+00,-1140.157486,589.264413,580.677703,1.054,0.205,0.044
3088,3.088000,744235.483028,-218306.964773,525928.518254,1.728246e+00,-1140.157485,589.264497,580.677723,1.117,0.235,0.050
3089,3.089000,744235.484481,-218241.122471,525994.362009,1.728337e+00,-1140.157483,589.264580,580.677743,1.148,0.230,0.051
3090,3.090000,744235.485934,-218175.319188,526060.166746,1.728429e+00,-1140.157481,589.264664,580.677763,1.005,0.195,0.053
3091,3.091000,744235.487387,-218109.554888,526125.932498,1.728520e+00,-1140.157480,589.264748,580.677783,1.136,0.287,0.051
3092,3.092000,744235.488839,-218043.829547,526191.659292,1.728611e+00,-1140.157478,589.264831,580.677803,1.023,0.235,0.044
3093,3.093000,744235.490290,-217978.143133,526257.347157,1.728702e+00,-1140.157476,589.264915,580.677823,1.100,0.228,0.048
3094,3.094000,744235.491741,-217912.495621,526322.996120,1.728793e+00,-1140.157474,589.264998,580.677843,2.470,0.243,0.038
3095,3.095000,744235.493192,-217846.886971,526388.606221,1.728883e+00,-1140.157472,589.265081,580.677862,1.126,0.221,0.051
3096,3.096000,744235.494644,-217781.317156,526454.177489,1.728974e+00,-1140.157471,589.265165,580.677882,1.111,0.315,0.058
3097,3.097000,744235.496096,-217715.786140,526519.709956,1.729065e+00,-1140.157469,589.265248,580.677901,1.038,0.751,0.046
3098,3.098000,744235.497553,-217650.293889,526585.203664,1.729156e+00,-1140.157467,589.265331,580.677921,0.997,8.497,0.046
3099,3.099000,744235.499016,-217584.840371,526650.658646,1.729246e+00,-1140.157466,589.265414,580.677940,1.251,0.265,0.050
3100,3.100000,744235.500479,-217519.425552,526716.074926,1.729337e+00,-1140.157464,589.265496,580.677960,1.057,0.208,0.039
3101,3.101000,744235.501940,-217454.049393,526781.452547,1.729427e+00,-1140.157462,589.265578,580.677979,1.241,0.285,0.055
3102,3.102000,744235.503402,-217388.711866,526846.791536,1.729518e+00,-1140.157461,589.265660,580.677999,1.303,0.278,0.062
3103,3.103000,744235.504864,-217323.412924,526912.091940,1.729608e+00,-1140.157459,589.265743,580.678018,1.034,0.190,0.045
3104,3.104000,744235.506327,-217258.152528,526977.353799,1.729699e+00,-1140.157458,589.265825,580.678038,1.034,0.228,0.051
3105,3.105000,744235.507790,-217192.930642,527042.577148,1.729789e+00,-1140.157456,589.265907,580.678057,1.045,3.365,0.041
3106,3.106000,744235.509254,-217127.747214,527107.762040,1.729879e+00,-1140.157455,589.265989,580.678076,1.185,0.469,0.043
3107,3.107000,744235.510677,-217062.602203,527172.908473,1.729969e+00,-1140.157454,589.266070,580.678096,1.097,0.233,0.043
3108,3.108000,744235.512057,-216997.495564,527238.016493,1.730060e+00,-1140.157452,589.266148,580.678115,1.047,0.233,0.052
3109,3.109000,744235.513443,-216932.427249,527303.086195,1.730150e+00,-1140.157452,589.266226,580.678134,1.228,0.278,0.066
3110,3.110000,744235.514834,-216867.397207,527368.117627,1.730240e+00,-1140.157452,589.266304,580.678153,2.006,1.824,0.050
3111,3.111000,744235.516226,-216802.405399,527433.110827,1.730330e+00,-1140.157452,589.266383,580.678173,1.059,14.500,0.052
3112,3.112000,744235.517618,-216737.451766,527498.065852,1.730420e+00,-1140.157453,589.266461,580.678192,1.041,6.778,0.042
3113,3.113000,744235.519010,-216672.536260,527562.982750,1.730510e+00,-1140.157453,589.266539,580.678211,1.212,2.705,0.036
3114,3.114000,744235.520402,-216607.658824,527627.861578,1.730599e+00,-1140.157454,589.266617,580.678231,1.134,0.387,0.051
3115,3.115000,744235.521793,-216542.819406,527692.702387,1.730689e+00,-1140.157455,589.266695,580.678250,1.046,0.546,0.044
3116,3.116000,744235.523185,-216478.017951,527757.505234,1.730779e+00,-1140.157455,589.266773,580.678269,1.030,0.579,0.051
3117,3.117000,744235.524576,-216413.254400,527822.270175,1.730869e+00,-1140.157456,589.266851,580.678289,1.108,0.209,0.044
3118,3.118000,744235.525966,-216348.528701,527886.997265,1.730958e+00,-1140.157457,589.266929,580.678308,1.066,0.207,0.057
3119,3.119000,744235.527356,-216283.840800,527951.686556,1.731048e+00,-1140.157458,589.267007,580.678328,1.071,0.203,0.048
3120,3.120000,744235.528746,-216219.190638,528016.338108,1.731137e+00,-1140.157460,589.267085,580.678348,1.032,0.205,0.055
3121,3.121000,744235.530136,-216154.578162,528080.951975,1.731227e+00,-1140.157461,589.267163,580.678367,1.038,0.414,0.050
3122,3.122000,744235.531526,-216090.003318,528145.528209,1.731316e+00,-1140.157462,589.267241,580.678387,1.145,0.285,0.057
3123,3.123000,744235.532917,-216025.466045,528210.066871,1.731406e+00,-1140.157463,589.267319,580.678407,1.122,0.219,0.037
3124,3.124000,744235.534307,-215960.966293,528274.568014,1.731495e+00,-1140.157465,589.267397,580.678427,1.038,0.663,0.049
3125,3.125000,744235.535697,-215896.504004,528339.031693,1.731584e+00,-1140.157466,589.267475,580.678447,1.023,0.405,0.043
3126,3.126000,744235.537041,-215832.079125,528403.457916,1.731673e+00,-1140.157467,589.267551,580.678467,1.047,0.437,0.045
3127,3.127000,744235.538340,-215767.691605,528467.846735,1.731762e+00,-1140.157468,589.267625,580.678487,1.117,0.222,0.053
3128,3.128000,744235.539638,-215703.341380,528532.198258,1.731852e+00,-1140.157470,589.267699,580.678507,1.070,2.460,0.039
3129,3.129000,744235.540937,-215639.028406,528596.512531,1.731941e+00,-1140.157471,589.267774,580.678527,2.363,0.623,0.045
3130,3.130000,744235.542236,-215574.752628,528660.789608,1.732030e+00,-1140.157472,589.267848,580.678546,1.103,0.454,0.057
3131,3.131000,744235.543531,-215510.514002,528725.029530,1.732119e+00,-1140.157473,589.267922,580.678566,1.056,5.605,0.036
3132,3.132000,744235.544823,-215446.312473,528789.232350,1.732208e+00,-1140.157475,589.267996,580.678584,1.124,0.232,0.058
3133,3.133000,744235.546116,-215382.147997,528853.398119,1.732296e+00,-1140.157476,589.268070,580.678603,1.232,0.260,0.097
3134,3.134000,744235.547408,-215318.020528,528917.526880,1.732385e+00,-1140.157477,589.268145,580.678622,1.079,0.232,0.055
3135,3.135000,744235.548701,-215253.930020,528981.618681,1.732474e+00,-1140.157478,589.268219,580.678641,1.144,0.700,0.046
3136,3.136000,744235.549993,-215189.876416,529045.673577,1.732563e+00,-1140.157479,589.268293,580.678660,1.661,1.333,0.049
3137,3.137000,744235.551286,-215125.859681,529109.691605,1.732651e+00,-1140.157480,589.268367,580.678679,1.051,0.460,0.056
3138,3.138000,744235.552578,-215061.879772,529173.672807,1.732740e+00,-1140.157481,589.268441,580.678699,1.047,0.231,0.054
3139,3.139000,744235.553871,-214997.936643,529237.617228,1.732828e+00,-1140.157481,589.268515,580.678718,1.045,0.628,0.052
3140,3.140000,744235.555164,-214934.030256,529301.524908,1.732917e+00,-1140.157482,589.268589,580.678737,1.102,0.188,0.059
3141,3.141000,744235.556457,-214870.160572,529365.395885,1.733005e+00,-1140.157483,589.268663,580.678756,1.051,0.200,0.050
3142,3.142000,744235.557749,-214806.327553,529429.230197,1.733094e+00,-1140.157484,589.268737,580.678775,1.121,0.215,0.062
3143,3.143000,744235.559042,-214742.531158,529493.027884,1.733182e+00,-1140.157485,589.268811,580.678794,1.162,0.237,0.045
3144,3.144000,744235.560335,-214678.771357,529556.788978,1.733270e+00,-1140.157486,589.268885,580.678814,1.062,0.199,0.043
3145,3.145000,744235.561628,-214615.048099,529620.513529,1.733359e+00,-1140.157487,589.268958,580.678833,1.178,0.244,0.040
3146,3.146000,744235.562920,-214551.361359,529684.201561,1.733447e+00,-1140.157488,589.269032,580.678852,1.500,0.298,0.051
3147,3.147000,744235.564213,-214487.711105,529747.853108,1.733535e+00,-1140.157489,589.269106,580.678871,1.108,0.416,0.044
3148,3.148000,744235.565505,-214424.097303,529811.468202,1.733623e+00,-1140.157489,589.269180,580.678890,1.050,0.556,0.044
3149,3.149000,744235.566798,-214360.519920,529875.046878,1.733711e+00,-1140.157490,589.269254,580.678909,1.190,0.451,0.054
3150,3.150000,744235.568090,-214296.978932,529938.589158,1.733799e+00,-1140.157491,589.269327,580.678928,1.046,0.224,0.051
3151,3.151000,744235.569383,-214233.474299,530002.095084,1.733887e+00,-1140.157491,589.269401,580.678948,1.152,0.234,0.049
3152,3.152000,744235.570673,-214170.006000,530065.564673,1.733975e+00,-1140.157492,589.269475,580.678967,1.192,0.225,0.106
3153,3.153000,744235.571959,-214106.574005,530128.997954,1.734063e+00,-1140.157491,589.269549,580.678986,1.071,0.206,0.052
3154,3.154000,744235.573246,-214043.178287,530192.394959,1.734150e+00,-1140.157491,589.269623,580.679005,1.073,0.199,0.047
3155,3.155000,744235.574532,-213979.818825,530255.755707,1.734238e+00,-1140.157491,589.269698,580.679024,1.036,0.791,0.051
3156,3.156000,744235.575816,-213916.495586,530319.080230,1.734326e+00,-1140.157491,589.269771,580.679043,2.631,2.563,0.130
3157,3.157000,744235.577097,-213853.208557,530382.368540,1.734413e+00,-1140.157491,589.269845,580.679063,1.193,0.235,0.044
3158,3.158000,744235.578378,-213789.957714,530445.620664,1.734501e+00,-1140.157491,589.269918,580.679082,1.220,0.396,0.049
3159,3.159000,744235.579660,-213726.743036,530508.836624,1.734589e+00,-1140.157491,589.269991,580.679101,1.190,0.290,0.049
3160,3.160000,744235.580941,-213663.564500,530572.016441,1.734676e+00,-1140.157491,589.270064,580.679120,1.232,0.208,0.060
3161,3.161000,744235.582222,-213600.422096,530635.160126,1.734764e+00,-1140.157491,589.270137,580.679139,1.022,0.196,0.049
3162,3.162000,744235.583504,-213537.315803,530698.267701,1.734851e+00,-1140.157490,589.270211,580.679158,1.027,0.385,0.042
3163,3.163000,744235.584785,-213474.245606,530761.339179,1.734938e+00,-1140.157490,589.270284,580.679178,1.170,1.668,0.044
3164,3.164000,744235.586066,-213411.211493,530824.374573,1.735026e+00,-1140.157490,589.270357,580.679197,1.037,0.194,0.041
3165,3.165000,744235.587348,-213348.213449,530887.373899,1.735113e+00,-1140.157490,589.270430,580.679216,1.208,0.210,0.063
3166,3.166000,744235.588629,-213285.251461,530950.337168,1.735200e+00,-1140.157490,589.270503,580.679236,1.089,0.224,0.069
3167,3.167000,744235.589910,-213222.325517,531013.264393,1.735287e+00,-1140.157490,589.270576,580.679255,1.022,0.353,0.045
3168,3.168000,744235.591194,-213159.435609,531076.155585,1.735374e+00,-1140.157490,589.270649,580.679274,1.185,0.268,0.061
3169,3.169000,744235.592481,-213096.581729,531139.010753,1.735461e+00,-1140.157491,589.270722,580.679293,1.118,0.299,0.055
3170,3.170000,744235.593768,-213033.763861,531201.829907,1.735548e+00,-1140.157492,589.270795,580.679312,1.055,0.244,0.051
3171,3.171000,744235.595055,-212970.981999,531264.613055,1.735635e+00,-1140.157493,589.270868,580.679331,1.472,0.242,0.068
3172,3.172000,744235.596341,-212908.236136,531327.360206,1.735722e+00,-1140.157494,589.270941,580.679350,1.065,0.203,0.051
3173,3.173000,744235.597628,-212845.526258,531390.071370,1.735809e+00,-1140.157495,589.271014,580.679369,1.055,0.204,0.053
3174,3.174000,744235.598915,-212782.852356,531452.746559,1.735896e+00,-1140.157496,589.271086,580.679388,2.051,0.513,0.054
3175,3.175000,744235.600202,-212720.214430,531515.385772,1.735982e+00,-1140.157497,589.271159,580.679407,1.034,0.563,0.045
3176,3.176000,744235.601489,-212657.612467,531577.989022,1.736069e+00,-1140.157498,589.271232,580.679426,1.142,0.228,0.052
3177,3.177000,744235.602776,-212595.046462,531640.556314,1.736156e+00,-1140.157499,589.271305,580.679445,1.090,0.215,0.048
3178,3.178000,744235.604063,-212532.516405,531703.087658,1.736242e+00,-1140.157499,589.271378,580.679464,1.360,0.257,0.085
3179,3.179000,744235.605350,-212470.022281,531765.583070,1.736329e+00,-1140.157500,589.271450,580.679483,1.142,1.311,0.046
3180,3.180000,744235.606637,-212407.564088,531828.042549,1.736415e+00,-1140.157501,589.271523,580.679502,1.213,0.623,0.051
3181,3.181000,744235.607924,-212345.141815,531890.466109,1.736502e+00,-1140.157502,589.271595,580.679521,1.064,0.373,0.048
3182,3.182000,744235.609211,-212282.755449,531952.853761,1.736588e+00,-1140.157503,589.271667,580.679541,1.108,0.231,0.088
3183,3.183000,744235.610498,-212220.404989,532015.205509,1.736674e+00,-1140.157504,589.271740,580.679560,2.238,0.560,0.075
3184,3.184000,744235.611358,-212158.090415,532077.520944,1.736761e+00,-1140.157516,589.271793,580.679585,1.164,0.228,0.053
3185,3.185000,744235.611792,-212095.811717,532139.800075,1.736847e+00,-1140.157541,589.271828,580.679617,1.098,0.447,0.049
3186,3.186000,744235.612226,-212033.568874,532202.043352,1.736933e+00,-1140.157565,589.271863,580.679648,1.968,0.235,0.141
3187,3.187000,744235.612660,-211971.361870,532264.250790,1.737019e+00,-1140.157590,589.271897,580.679679,1.083,0.203,0.058
3188,3.188000,744235.613094,-211909.190686,532326.422409,1.737105e+00,-1140.157614,589.271932,580.679711,1.092,0.687,0.040
3189,3.189000,744235.613528,-211847.055304,532388.558224,1.737191e+00,-1140.157638,589.271966,580.679742,1.036,0.237,0.049
3190,3.190000,744235.613962,-211784.955704,532450.658258,1.737277e+00,-1140.157662,589.272001,580.679773,1.026,0.229,0.056
3191,3.191000,744235.614386,-211722.891873,532512.722513,1.737363e+00,-1140.157687,589.272035,580.679803,1.063,0.197,0.049
3192,3.192000,744235.614801,-211660.863785,532574.751016,1.737449e+00,-1140.157711,589.272070,580.679832,1.150,0.383,0.051
3193,3.193000,744235.615215,-211598.871413,532636.743802,1.737535e+00,-1140.157735,589.272104,580.679861,1.325,0.399,0.042
3194,3.194000,744235.615630,-211536.914730,532698.700900,1.737621e+00,-1140.157760,589.272138,580.679891,1.125,0.264,0.045
3195,3.195000,744235.616045,-211474.993713,532760.622332,1.737707e+00,-1140.157784,589.272172,580.679920,1.521,0.766,0.051
3196,3.196000,744235.616459,-211413.108332,532822.508127,1.737792e+00,-1140.157808,589.272206,580.679949,1.025,5.015,0.046
3197,3.197000,744235.616874,-211351.258566,532884.358308,1.737878e+00,-1140.157833,589.272240,580.679977,1.105,0.982,0.046
3198,3.198000,744235.617288,-211289.444382,532946.172905,1.737964e+00,-1140.157857,589.272274,580.680006,1.281,0.210,0.058
3199,3.199000,744235.617702,-211227.665750,533007.951952,1.738049e+00,-1140.157882,589.272307,580.680035,1.115,0.289,0.058
3200,3.200000,744235.618116,-211165.922638,533069.695478,1.738135e+00,-1140.157906,589.272341,580.680064,1.342,0.400,0.059
3201,3.201000,744235.618530,-211104.215024,533131.403506,1.738220e+00,-1140.157930,589.272375,580.680093,1.089,0.226,0.042
3202,3.202000,744235.618945,-211042.542875,533193.076070,1.738305e+00,-1140.157955,589.272409,580.680121,1.066,0.208,0.051
3203,3.203000,744235.619360,-210980.906145,533254.713215,1.738391e+00,-1140.157979,589.272444,580.680150,1.327,0.238,0.050
3204,3.204000,744235.619748,-210919.304813,533316.314935,1.738476e+00,-1140.158004,589.272477,580.680177,1.191,0.245,0.049
3205,3.205000,744235.620108,-210857.738845,533377.881263,1.738561e+00,-1140.158028,589.272509,580.680204,1.099,0.437,0.060
3206,3.206000,744235.620469,-210796.208203,533439.412266,1.738647e+00,-1140.158052,589.272541,580.680231,1.114,0.216,0.052
3207,3.207000,744235.620830,-210734.712862,533500.907968,1.738732e+00,-1140.158076,589.272573,580.680258,1.062,0.205,0.041
3208,3.208000,744235.621191,-210673.252785,533562.368405,1.738817e+00,-1140.158100,589.272606,580.680284,1.163,0.220,0.045
3209,3.209000,744235.621552,-210611.827940,533623.793611,1.738902e+00,-1140.158125,589.272638,580.680311,1.069,0.371,0.046
3210,3.210000,744235.621913,-210550.438298,533685.183614,1.738987e+00,-1140.158149,589.272670,580.680338,2.000,0.805,0.138
3211,3.211000,744235.622273,-210489.083824,533746.538449,1.739072e+00,-1140.158173,589.272702,580.680365,1.386,0.241,0.053
3212,3.212000,744235.622634,-210427.764488,533807.858146,1.739157e+00,-1140.158197,589.272734,580.680391,1.290,0.227,0.140
3213,3.213000,744235.622995,-210366.480261,533869.142734,1.739242e+00,-1140.158221,589.272767,580.680418,1.059,0.212,0.043
3214,3.214000,744235.623355,-210305.231108,533930.392248,1.739326e+00,-1140.158245,589.272798,580.680445,1.019,0.453,0.037
3215,3.215000,744235.623716,-210244.017010,533991.606707,1.739411e+00,-1140.158269,589.272830,580.680472,1.101,2.831,0.050
3216,3.216000,744235.624078,-210182.837932,534052.786146,1.739496e+00,-1140.158293,589.272862,580.680498,1.043,0.908,0.050
3217,3.217000,744235.624439,-210121.693852,534113.930587,1.739581e+00,-1140.158317,589.272894,580.680525,1.057,1.476,0.053
3218,3.218000,744235.624800,-210060.584744,534175.040056,1.739665e+00,-1140.158341,589.272926,580.680552,1.045,0.858,0.039
3219,3.219000,744235.625161,-209999.510574,534236.114587,1.739750e+00,-1140.158365,589.272957,580.680578,0.999,0.193,0.042
3220,3.220000,744235.625522,-209938.471325,534297.154197,1.739834e+00,-1140.158389,589.272989,580.680605,1.165,0.287,0.083
3221,3.221000,744235.625884,-209877.466978,534358.158906,1.739919e+00,-1140.158413,589.273020,580.680631,1.079,0.358,0.051
3222,3.222000,744235.626245,-209816.497504,534419.128741,1.740003e+00,-1140.158437,589.273052,580.680658,1.077,0.227,0.099
3223,3.223000,744235.626606,-209755.562880,534480.063726,1.740088e+00,-1140.158461,589.273083,580.680684,1.036,0.815,0.044
3224,3.224000,744235.626968,-209694.663089,534540.963879,1.740172e+00,-1140.158485,589.273115,580.680711,1.148,0.916,0.041
3225,3.225000,744235.627329,-209633.798109,534601.829220,1.740256e+00,-1140.158509,589.273146,580.680737,1.032,0.429,0.046
3226,3.226000,744235.627691,-209572.967923,534662.659768,1.740340e+00,-1140.158533,589.273177,580.680764,1.020,0.403,0.047
3227,3.227000,744235.628052,-209512.172505,534723.455546,1.740425e+00,-1140.158558,589.273208,580.680790,1.069,0.203,0.054
3228,3.228000,744235.628413,-209451.411842,534784.216571,1.740509e+00,-1140.158582,589.273239,580.680817,1.132,0.210,0.048
3229,3.229000,744235.628774,-209390.685917,534844.942857,1.740593e+00,-1140.158606,589.273270,580.680843,1.074,0.442,0.048
3230,3.230000,744235.629135,-209329.994712,534905.634423,1.740677e+00,-1140.158630,589.273301,580.680869,1.043,0.225,0.049
3231,3.231000,744235.629496,-209269.338206,534966.291289,1.740761e+00,-1140.158654,589.273332,580.680896,1.079,0.590,0.043
3232,3.232000,744235.629857,-209208.716387,535026.913469,1.740845e+00,-1140.158678,589.273364,580.680922,1.167,0.272,0.057
3233,3.233000,744235.630218,-209148.129237,535087.500980,1.740929e+00,-1140.158702,589.273395,580.680949,1.204,0.298,0.055
3234,3.234000,744235.630578,-209087.576732,535148.053846,1.741012e+00,-1140.158726,589.273425,580.680975,1.081,1.834,0.047
3235,3.235000,744235.630939,-209027.058864,535208.572075,1.741096e+00,-1140.158750,589.273456,580.681002,3.771,0.323,0.049
3236,3.236000,744235.631309,-208966.575610,535269.055698,1.741180e+00,-1140.158773,589.273487,580.681029,1.083,0.653,0.052
3237,3.237000,744235.631686,-208906.126952,535329.504735,1.741264e+00,-1140.158795,589.273517,580.681055,1.062,0.202,0.044
3238,3.238000,744235.632064,-208845.712876,535389.919189,1.741347e+00,-1140.158817,589.273547,580.681082,1.061,0.213,0.048
3239,3.239000,744235.632443,-208785.333363,535450.299080,1.741431e+00,-1140.158839,589.273577,580.681108,1.797,0.317,0.057
3240,3.240000,744235.632821,-208724.988395,535510.644426,1.741515e+00,-1140.158861,589.273608,580.681135,1.398,0.248,0.045
3241,3.241000,744235.633199,-208664.677952,535570.955247,1.741598e+00,-1140.158884,589.273638,580.681162,1.034,0.221,0.054
3242,3.242000,744235.633578,-208604.402017,535631.231560,1.741682e+00,-1140.158906,589.273668,580.681188,1.295,0.665,0.058
3243,3.243000,744235.633956,-208544.160574,535691.473382,1.741765e+00,-1140.158928,589.273698,580.681215,1.105,0.265,0.049
3244,3.244000,744235.634334,-208483.953600,535751.680734,1.741848e+00,-1140.158950,589.273728,580.681242,1.097,0.562,0.048
3245,3.245000,744235.634712,-208423.781078,535811.853634,1.741932e+00,-1140.158972,589.273758,580.681268,1.101,0.230,0.043
3246,3.246000,744235.635091,-208363.642986,535871.992105,1.742015e+00,-1140.158994,589.273788,580.681295,1.106,0.211,0.046
3247,3.247000,744235.635469,-208303.539300,535932.096169,1.742098e+00,-1140.159017,589.273818,580.681322,1.108,0.892,0.044
3248,3.248000,744235.635847,-208243.470006,535992.165842,1.742181e+00,-1140.159039,589.273848,580.681348,1.165,1.063,0.044
3249,3.249000,744235.636226,-208183.435079,536052.201147,1.742264e+00,-1140.159061,589.273878,580.681375,1.098,0.210,0.044
3250,3.250000,744235.636604,-208123.434500,536112.202105,1.742348e+00,-1140.159083,589.273908,580.681402,1.093,0.228,0.049
3251,3.251000,744235.636983,-208063.468242,536172.168741,1.742431e+00,-1140.159105,589.273938,580.681428,1.202,0.408,0.043
3252,3.252000,744235.637362,-208003.536283,536232.101079,1.742514e+00,-1140.159127,589.273969,580.681455,2.404,0.468,0.134
3253,3.253000,744235.637741,-207943.638602,536291.999138,1.742596e+00,-1140.159149,589.273999,580.681482,1.140,5.667,0.041
3254,3.254000,744235.638119,-207883.775170,536351.862949,1.742679e+00,-1140.159171,589.274029,580.681508,1.082,0.256,0.054
3255,3.255000,744235.638498,-207823.945963,536411.692535,1.742762e+00,-1140.159193,589.274058,580.681535,1.072,0.201,0.050
3256,3.256000,744235.638877,-207764.150957,536471.487920,1.742845e+00,-1140.159215,589.274088,580.681562,1.154,0.233,0.056
3257,3.257000,744235.639256,-207704.390127,536531.249129,1.742928e+00,-1140.159237,589.274118,580.681588,1.233,0.271,0.048
3258,3.258000,744235.639635,-207644.663438,536590.976196,1.743010e+00,-1140.159258,589.274147,580.681615,1.074,0.205,0.050
3259,3.259000,744235.640013,-207584.970871,536650.669143,1.743093e+00,-1140.159280,589.274177,580.681642,1.065,0.408,0.054
3260,3.260000,744235.640392,-207525.312391,536710.328001,1.743176e+00,-1140.159302,589.274207,580.681668,1.034,0.627,0.070
3261,3.261000,744235.640771,-207465.687971,536769.952800,1.743258e+00,-1140.159324,589.274236,580.681695,1.183,0.280,0.049
3262,3.262000,744235.641150,-207406.097575,536829.543575,1.743341e+00,-1140.159346,589.274266,580.681722,1.145,0.198,0.055
3263,3.263000,744235.641529,-207346.541179,536889.100349,1.743423e+00,-1140.159368,589.274296,580.681748,1.201,0.792,0.044
3264,3.264000,744235.641907,-207287.018753,536948.623154,1.743506e+00,-1140.159389,589.274325,580.681775,1.098,0.227,0.043
3265,3.265000,744235.642286,-207227.530264,537008.112022,1.743588e+00,-1140.159411,589.274355,580.681802,1.069,0.225,0.050
3266,3.266000,744235.642665,-207168.075684,537067.566982,1.743670e+00,-1140.159433,589.274385,580.681828,1.151,11.010,0.056
3267,3.267000,744235.643044,-207108.654975,537126.988069,1.743753e+00,-1140.159455,589.274414,580.681855,1.077,6.243,0.041
3268,3.268000,744235.643423,-207049.268110,537186.375313,1.743835e+00,-1140.159477,589.274444,580.681882,1.247,1.009,0.050
3269,3.269000,744235.643802,-206989.915053,537245.728749,1.743917e+00,-1140.159499,589.274474,580.681908,1.082,0.548,0.051
3270,3.270000,744235.644181,-206930.595763,537305.048418,1.743999e+00,-1140.159521,589.274503,580.681935,1.063,9.786,0.040
3271,3.271000,744235.644560,-206871.310212,537364.334348,1.744081e+00,-1140.159542,589.274533,580.681962,2.722,0.812,0.114
3272,3.272000,744235.644938,-206812.058363,537423.586575,1.744163e+00,-1140.159564,589.274562,580.681988,0.983,0.193,0.047
3273,3.273000,744235.645316,-206752.840182,537482.805134,1.744245e+00,-1140.159586,589.274592,580.682014,1.271,0.205,0.045
3274,3.274000,744235.645694,-206693.655628,537541.990066,1.744327e+00,-1140.159608,589.274621,580.682041,1.162,0.909,0.048
3275,3.275000,744235.646072,-206634.504667,537601.141405,1.744409e+00,-1140.159630,589.274651,580.682067,1.172,0.453,0.051
3276,3.276000,744235.646450,-206575.387264,537660.259186,1.744491e+00,-1140.159651,589.274680,580.682093,1.043,0.882,0.046
3277,3.277000,744235.646828,-206516.303379,537719.343449,1.744573e+00,-1140.159673,589.274709,580.682119,1.106,1.410,0.039
3278,3.278000,744235.647206,-206457.252972,537778.394234,1.744655e+00,-1140.159695,589.274738,580.682146,4.162,2.887,0.257
3279,3.279000,744235.647584,-206398.236003,537837.411581,1.744736e+00,-1140.159717,589.274767,580.682172,3.441,0.318,0.181
3280,3.280000,744235.647962,-206339.252441,537896.395521,1.744818e+00,-1140.159739,589.274796,580.682198,1.035,6.446,0.043
3281,3.281000,744235.648340,-206280.302247,537955.346093,1.744900e+00,-1140.159760,589.274825,580.682224,2.099,0.526,0.146
3282,3.282000,744235.648718,-206221.385377,538014.263340,1.744981e+00,-1140.159782,589.274854,580.682251,1.035,0.194,0.044
3283,3.283000,744235.649096,-206162.501798,538073.147298,1.745063e+00,-1140.159804,589.274884,580.682277,1.164,0.616,0.041
3284,3.284000,744235.649474,-206103.651467,538131.998006,1.745144e+00,-1140.159825,589.274912,580.682303,1.290,0.228,0.062
3285,3.285000,744235.649852,-206044.834347,538190.815505,1.745226e+00,-1140.159847,589.274941,580.682329,1.435,0.233,0.053
3286,3.286000,744235.650230,-205986.050399,538249.599831,1.745307e+00,-1140.159869,589.274970,580.682356,1.108,0.203,0.058
3287,3.287000,744235.650608,-205927.299584,538308.351024,1.745389e+00,-1140.159890,589.274998,580.682382,5.785,2.070,2.522
3288,3.288000,744235.650986,-205868.581863,538367.069123,1.745470e+00,-1140.159912,589.275027,580.682408,3.255,1.434,0.075
3289,3.289000,744235.651365,-205809.897193,538425.754172,1.745551e+00,-1140.159933,589.275056,580.682434,1.425,3.904,0.065
3290,3.290000,744235.651744,-205751.245542,538484.406202,1.745632e+00,-1140.159955,589.275084,580.682460,1.090,0.595,0.047
3291,3.291000,744235.652123,-205692.626881,538543.025242,1.745713e+00,-1140.159976,589.275112,580.682486,1.105,0.252,0.059
3292,3.292000,744235.652502,-205634.041160,538601.611342,1.745795e+00,-1140.159997,589.275141,580.682512,1.115,0.284,0.092
3293,3.293000,744235.652880,-205575.488344,538660.164536,1.745876e+00,-1140.160019,589.275169,580.682537,1.122,0.214,0.051
3294,3.294000,744235.653259,-205516.968398,538718.684861,1.745957e+00,-1140.160040,589.275197,580.682563,1.040,0.201,0.045
3295,3.295000,744235.653637,-205458.481286,538777.172351,1.746038e+00,-1140.160061,589.275225,580.682589,1.067,0.605,0.044
3296,3.296000,744235.654016,-205400.026968,538835.627048,1.746119e+00,-1140.160082,589.275253,580.682615,1.183,0.272,0.050
3297,3.297000,744235.654395,-205341.605411,538894.048984,1.746200e+00,-1140.160104,589.275281,580.682641,1.109,0.209,0.047
3298,3.298000,744235.654774,-205283.216586,538952.438188,1.746280e+00,-1140.160125,589.275309,580.682667,1.176,0.983,0.053
3299,3.299000,744235.655152,-205224.860445,539010.794707,1.746361e+00,-1140.160146,589.275337,580.682692,1.030,0.234,0.046
3300,3.300000,744235.655531,-205166.536960,539069.118570,1.746442e+00,-1140.160168,589.275364,580.682718,1.039,0.232,0.051
3301,3.301000,744235.655909,-205108.246104,539127.409805,1.746523e+00,-1140.160189,589.275391,580.682744,4.709,1.111,0.114
3302,3.302000,744235.656287,-205049.987842,539185.668445,1.746603e+00,-1140.160210,589.275419,580.682770,1.093,0.213,0.045
3303,3.303000,744235.656665,-204991.762146,539243.894519,1.746684e+00,-1140.160231,589.275446,580.682796,1.099,0.627,0.045
3304,3.304000,744235.657043,-204933.568977,539302.088066,1.746765e+00,-1140.160253,589.275473,580.682822,1.298,0.396,0.048
3305,3.305000,744235.657421,-204875.408317,539360.249104,1.746845e+00,-1140.160274,589.275500,580.682848,1.221,0.297,0.063
3306,3.306000,744235.657799,-204817.280127,539418.377672,1.746926e+00,-1140.160295,589.275528,580.682874,2.191,0.575,0.062
3307,3.307000,744235.658175,-204759.184387,539476.473788,1.747006e+00,-1140.160317,589.275555,580.682899,1.174,0.971,0.061
3308,3.308000,744235.658548,-204701.121068,539534.537480,1.747086e+00,-1140.160338,589.275582,580.682924,1.351,0.597,0.065
3309,3.309000,744235.658921,-204643.090143,539592.568778,1.747167e+00,-1140.160359,589.275609,580.682949,1.304,0.302,0.067
3310,3.310000,744235.659294,-204585.091588,539650.567706,1.747247e+00,-1140.160381,589.275636,580.682974,1.908,0.251,0.085
3311,3.311000,744235.659668,-204527.125375,539708.534293,1.747327e+00,-1140.160402,589.275663,580.682999,1.135,0.272,0.061
3312,3.312000,744235.660041,-204469.191488,539766.468553,1.747408e+00,-1140.160423,589.275690,580.683024,1.246,0.273,0.064
3313,3.313000,744235.660416,-204411.289899,539824.370517,1.747488e+00,-1140.160444,589.275717,580.683049,1.098,0.463,0.052
3314,3.314000,744235.660795,-204353.420595,539882.240200,1.747568e+00,-1140.160464,589.275743,580.683074,1.041,0.198,0.041
3315,3.315000,744235.661175,-204295.583542,539940.077633,1.747648e+00,-1140.160484,589.275770,580.683099,1.278,0.465,0.077
3316,3.316000,744235.661554,-204237.778719,539997.882835,1.747728e+00,-1140.160505,589.275797,580.683124,1.061,0.372,0.053
3317,3.317000,744235.661933,-204180.006114,540055.655820,1.747808e+00,-1140.160525,589.275824,580.683148,1.078,0.249,0.046
3318,3.318000,744235.662313,-204122.265701,540113.396612,1.747888e+00,-1140.160545,589.275851,580.683173,1.032,0.612,0.043
3319,3.319000,744235.662692,-204064.557464,540171.105229,1.747968e+00,-1140.160565,589.275877,580.683197,1.053,0.317,0.049
3320,3.320000,744235.663071,-204006.881383,540228.781688,1.748048e+00,-1140.160586,589.275904,580.683222,1.081,0.996,0.043
3321,3.321000,744235.663449,-203949.237444,540286.426005,1.748128e+00,-1140.160606,589.275931,580.683246,1.106,0.539,0.049
3322,3.322000,744235.663827,-203891.625626,540344.038201,1.748207e+00,-1140.160626,589.275957,580.683270,1.279,2.697,0.052
3323,3.323000,744235.664204,-203834.045910,540401.618294,1.748287e+00,-1140.160646,589.275984,580.683294,1.098,1.995,0.045
3324,3.324000,744235.664581,-203776.498277,540459.166305,1.748367e+00,-1140.160666,589.276011,580.683317,1.487,0.312,0.114
3325,3.325000,744235.664958,-203718.982714,540516.682244,1.748446e+00,-1140.160686,589.276037,580.683341,1.242,0.620,0.042
3326,3.326000,744235.665336,-203661.499199,540574.166137,1.748526e+00,-1140.160707,589.276064,580.683365,1.217,0.274,0.050
3327,3.327000,744235.665713,-203604.047710,540631.618002,1.748605e+00,-1140.160727,589.276090,580.683388,1.096,0.321,0.048
3328,3.328000,744235.666090,-203546.628238,540689.037852,1.748685e+00,-1140.160747,589.276117,580.683412,1.085,7.630,0.049
3329,3.329000,744235.666467,-203489.240763,540746.425704,1.748764e+00,-1140.160767,589.276144,580.683435,1.185,0.267,0.046
3330,3.330000,744235.666844,-203431.885271,540803.781573,1.748844e+00,-1140.160787,589.276170,580.683458,1.180,0.237,0.057
3331,3.331000,744235.667221,-203374.561737,540861.105484,1.748923e+00,-1140.160808,589.276197,580.683482,1.068,0.457,0.047
3332,3.332000,744235.667598,-203317.270147,540918.397450,1.749003e+00,-1140.160828,589.276224,580.683505,1.089,0.208,0.051
3333,3.333000,744235.667974,-203260.010482,540975.657492,1.749082e+00,-1140.160848,589.276250,580.683528,1.153,0.225,0.053
3334,3.334000,744235.668351,-203202.782722,541032.885630,1.749161e+00,-1140.160868,589.276277,580.683552,1.116,0.256,0.051
3335,3.335000,744235.668728,-203145.586853,541090.081875,1.749240e+00,-1140.160888,589.276304,580.683575,1.078,0.209,0.046
3336,3.336000,744235.669102,-203088.422850,541147.246252,1.749319e+00,-1140.160908,589.276330,580.683598,1.118,0.297,0.048
3337,3.337000,744235.669472,-203031.290697,541204.378774,1.749399e+00,-1140.160928,589.276357,580.683620,1.737,2.425,0.749
3338,3.338000,744235.669842,-202974.190367,541261.479475,1.749478e+00,-1140.160949,589.276384,580.683643,1.074,1.261,0.057
3339,3.339000,744235.670212,-202917.121841,541318.548371,1.749557e+00,-1140.160969,589.276410,580.683665,1.565,24.218,0.045
3340,3.340000,744235.670582,-202860.085095,541375.585487,1.749636e+00,-1140.160989,589.276437,580.683688,1.057,0.206,0.051
3341,3.341000,744235.670953,-202803.080108,541432.590844,1.749715e+00,-1140.161009,589.276464,580.683710,1.048,0.437,0.042
3342,3.342000,744235.671323,-202746.106862,541489.564461,1.749793e+00,-1140.161029,589.276490,580.683733,1.089,0.252,0.053
3343,3.343000,744235.671693,-202689.165330,541546.506363,1.749872e+00,-1140.161049,589.276517,580.683755,1.148,0.466,0.046
3344,3.344000,744235.672063,-202632.255487,541603.416576,1.749951e+00,-1140.161069,589.276544,580.683778,1.119,0.542,0.039
3345,3.345000,744235.672433,-202575.377310,541660.295123,1.750030e+00,-1140.161089,589.276570,580.683801,1.079,4.806,0.047
3346,3.346000,744235.672803,-202518.530774,541717.142030,1.750109e+00,-1140.161109,589.276597,580.683823,1.060,0.204,0.051
3347,3.347000,744235.673174,-202461.715844,541773.957330,1.750187e+00,-1140.161129,589.276623,580.683846,1.082,0.241,0.051
3348,3.348000,744235.673544,-202404.932503,541830.741041,1.750266e+00,-1140.161150,589.276650,580.683868,1.058,0.241,0.044
3349,3.349000,744235.673915,-202348.180720,541887.493195,1.750344e+00,-1140.161170,589.276676,580.683891,1.105,0.229,0.051
3350,3.350000,744235.674282,-202291.460467,541944.213815,1.750423e+00,-1140.161190,589.276702,580.683913,1.073,0.572,0.051
3351,3.351000,744235.674645,-202234.771720,542000.902925,1.750502e+00,-1140.161210,589.276729,580.683935,1.204,0.309,0.050
3352,3.352000,744235.675008,-202178.114444,542057.560565,1.750580e+00,-1140.161230,589.276756,580.683956,1.097,0.835,0.050
3353,3.353000,744235.675372,-202121.488608,542114.186764,1.750658e+00,-1140.161249,589.276783,580.683978,1.079,0.461,0.042
3354,3.354000,744235.675736,-202064.894187,542170.781549,1.750737e+00,-1140.161268,589.276810,580.684000,1.085,0.423,0.043
3355,3.355000,744235.676101,-202008.331148,542227.344952,1.750815e+00,-1140.161288,589.276837,580.684021,1.081,0.247,0.057
3356,3.356000,744235.676465,-201951.799461,542283.877004,1.750893e+00,-1140.161307,589.276863,580.684043,1.093,0.647,0.052
3357,3.357000,744235.676829,-201895.299093,542340.377737,1.750972e+00,-1140.161327,589.276889,580.684065,1.153,1.649,0.052
3358,3.358000,744235.677194,-201838.830010,542396.847184,1.751050e+00,-1140.161346,589.276916,580.684086,1.113,0.268,0.060
3359,3.359000,744235.677558,-201782.392181,542453.285378,1.751128e+00,-1140.161366,589.276942,580.684108,1.095,0.242,0.051
3360,3.360000,744235.677923,-201725.985570,542509.692354,1.751206e+00,-1140.161385,589.276969,580.684129,1.262,0.399,0.056
3361,3.361000,744235.678288,-201669.610149,542566.068138,1.751284e+00,-1140.161404,589.276995,580.684151,1.107,0.636,0.053
3362,3.362000,744235.678652,-201613.265879,542622.412773,1.751362e+00,-1140.161423,589.277021,580.684172,1.083,0.205,0.057
3363,3.363000,744235.679017,-201556.952728,542678.726289,1.751440e+00,-1140.161442,589.277048,580.684194,1.172,0.246,0.548
3364,3.364000,744235.679382,-201500.670662,542735.008720,1.751518e+00,-1140.161461,589.277074,580.684215,1.881,1.015,0.064
3365,3.365000,744235.679746,-201444.419650,542791.260097,1.751596e+00,-1140.161480,589.277100,580.684237,1.055,0.230,0.050
3366,3.366000,744235.680107,-201388.199649,542847.480458,1.751674e+00,-1140.161499,589.277126,580.684259,1.062,0.233,0.051
3367,3.367000,744235.680465,-201332.010631,542903.669834,1.751752e+00,-1140.161518,589.277151,580.684281,1.116,0.506,0.046
3368,3.368000,744235.680823,-201275.852566,542959.828257,1.751829e+00,-1140.161538,589.277176,580.684302,2.117,0.527,0.060
3369,3.369000,744235.681181,-201219.725418,543015.955763,1.751907e+00,-1140.161557,589.277201,580.684324,1.173,0.285,0.053
3370,3.370000,744235.681538,-201163.629146,543072.052392,1.751985e+00,-1140.161576,589.277226,580.684345,1.065,0.556,0.052
3371,3.371000,744235.681896,-201107.563724,543128.118171,1.752062e+00,-1140.161595,589.277251,580.684367,1.036,3.051,0.049
3372,3.372000,744235.682253,-201051.529114,543184.153139,1.752140e+00,-1140.161614,589.277276,580.684388,1.020,0.551,0.048
3373,3.373000,744235.682611,-200995.525282,543240.157329,1.752218e+00,-1140.161633,589.277301,580.684410,1.024,0.223,0.048
3374,3.374000,744235.682969,-200939.552191,543296.130777,1.752295e+00,-1140.161652,589.277326,580.684431,1.089,1.131,0.067
3375,3.375000,744235.683327,-200883.609816,543352.073511,1.752372e+00,-1140.161671,589.277350,580.684453,1.181,0.374,0.047
3376,3.376000,744235.683684,-200827.698122,543407.985563,1.752450e+00,-1140.161690,589.277375,580.684474,1.432,0.236,0.054
3377,3.377000,744235.684042,-200771.817081,543463.866961,1.752527e+00,-1140.161709,589.277400,580.684496,1.048,0.244,0.052
3378,3.378000,744235.684400,-200715.966658,543519.717742,1.752605e+00,-1140.161728,589.277424,580.684517,1.040,0.233,0.051
3379,3.379000,744235.684757,-200660.146819,543575.537938,1.752682e+00,-1140.161747,589.277449,580.684539,1.048,0.256,0.054
3380,3.380000,744235.685115,-200604.357536,543631.327579,1.752759e+00,-1140.161766,589.277474,580.684561,1.047,4.203,0.044
3381,3.381000,744235.685472,-200548.598775,543687.086697,1.752836e+00,-1140.161785,589.277498,580.684582,1.026,0.289,0.050
3382,3.382000,744235.685829,-200492.870511,543742.815318,1.752914e+00,-1140.161804,589.277522,580.684604,1.650,0.568,0.063
3383,3.383000,744235.686187,-200437.172716,543798.513471,1.752991e+00,-1140.161823,589.277547,580.684626,1.652,0.245,0.179
3384,3.384000,744235.686544,-200381.505360,543854.181184,1.753068e+00,-1140.161842,589.277571,580.684647,1.118,0.229,0.053
3385,3.385000,744235.686901,-200325.868414,543909.818487,1.753145e+00,-1140.161861,589.277596,580.684669,1.033,0.229,0.050
3386,3.386000,744235.687258,-200270.261859,543965.425399,1.753222e+00,-1140.161880,589.277620,580.684691,1.925,0.716,0.089
3387,3.387000,744235.687615,-200214.685655,544021.001960,1.753299e+00,-1140.161899,589.277644,580.684712,1.261,0.308,0.057
3388,3.388000,744235.687972,-200159.139789,544076.548183,1.753376e+00,-1140.161918,589.277668,580.684733,1.096,0.237,0.040
3389,3.389000,744235.688328,-200103.624233,544132.064095,1.753453e+00,-1140.161937,589.277692,580.684755,1.059,0.202,0.057
3390,3.390000,744235.688685,-200048.138967,544187.549718,1.753529e+00,-1140.161956,589.277716,580.684776,1.123,2.187,0.044
3391,3.391000,744235.689041,-199992.683960,544243.005081,1.753606e+00,-1140.161975,589.277740,580.684798,1.170,0.247,0.044
3392,3.392000,744235.689398,-199937.259198,544298.430200,1.753683e+00,-1140.161993,589.277765,580.684819,1.174,0.302,0.042
3393,3.393000,744235.689755,-199881.864655,544353.825099,1.753760e+00,-1140.162012,589.277789,580.684841,1.352,0.315,0.059
3394,3.394000,744235.690111,-199826.500304,544409.189807,1.753836e+00,-1140.162031,589.277813,580.684862,1.179,0.829,0.050
3395,3.395000,744235.690467,-199771.166125,544464.524343,1.753913e+00,-1140.162050,589.277837,580.684884,1.027,0.386,0.047
3396,3.396000,744235.690824,-199715.862094,544519.828729,1.753989e+00,-1140.162068,589.277861,580.684905,1.121,0.208,0.046
3397,3.397000,744235.691180,-199660.588193,544575.102987,1.754066e+00,-1140.162087,589.277884,580.684926,1.138,0.930,0.042
3398,3.398000,744235.691536,-199605.344403,544630.347133,1.754142e+00,-1140.162106,589.277908,580.684948,1.070,0.554,0.043
3399,3.399000,744235.691892,-199550.130707,544685.561185,1.754219e+00,-1140.162125,589.277932,580.684969,1.175,0.227,0.047
3400,3.400000,744235.692248,-199494.947080,544740.745168,1.754295e+00,-1140.162143,589.277956,580.684991,1.579,0.483,0.059
3401,3.401000,744235.692604,-199439.793507,544795.899098,1.754372e+00,-1140.162162,589.277980,580.685012,2.475,0.266,0.054
3402,3.402000,744235.692960,-199384.669966,544851.022995,1.754448e+00,-1140.162181,589.278004,580.685034,1.036,0.245,0.045
3403,3.403000,744235.693317,-199329.576441,544906.116875,1.754524e+00,-1140.162200,589.278028,580.685055,1.143,0.409,0.078
3404,3.404000,744235.693673,-199274.512918,544961.180755,1.754601e+00,-1140.162218,589.278051,580.685077,1.212,0.272,0.057
3405,3.405000,744235.694029,-199219.479375,545016.214655,1.754677e+00,-1140.162237,589.278075,580.685098,1.266,0.264,0.070
3406,3.406000,744235.694386,-199164.475792,545071.218593,1.754753e+00,-1140.162256,589.278099,580.685120,1.080,0.247,0.061
3407,3.407000,744235.694742,-199109.502158,545126.192584,1.754829e+00,-1140.162275,589.278123,580.685142,1.036,0.268,0.053
3408,3.408000,744235.695099,-199054.558450,545181.136649,1.754905e+00,-1140.162294,589.278146,580.685163,3.360,4.114,0.141
3409,3.409000,744235.695456,-198999.644655,545236.050800,1.754981e+00,-1140.162313,589.278170,580.685185,3.256,1.059,0.167
3410,3.410000,744235.695812,-198944.760746,545290.935067,1.755057e+00,-1140.162332,589.278193,580.685206,1.102,0.220,0.052
3411,3.411000,744235.696170,-198889.906713,545345.789457,1.755133e+00,-1140.162351,589.278217,580.685228,1.067,2.323,0.068
3412,3.412000,744235.696529,-198835.082542,545400.613986,1.755209e+00,-1140.162369,589.278241,580.685250,4.278,0.459,6.390
3413,3.413000,744235.696887,-198780.288218,545455.408669,1.755285e+00,-1140.162388,589.278264,580.685271,1.111,0.333,0.053
3414,3.414000,744235.697245,-198725.523721,545510.173524,1.755361e+00,-1140.162406,589.278287,580.685293,1.017,19.310,0.034
3415,3.415000,744235.697603,-198670.789032,545564.908571,1.755437e+00,-1140.162425,589.278311,580.685315,1.038,6.242,0.045
3416,3.416000,744235.697961,-198616.084133,545619.613829,1.755512e+00,-1140.162443,589.278334,580.685336,1.086,0.319,0.049
3417,3.417000,744235.698319,-198561.409006,545674.289313,1.755588e+00,-1140.162461,589.278357,580.685358,1.186,2.905,0.065
3418,3.418000,744235.698677,-198506.763637,545728.935040,1.755664e+00,-1140.162480,589.278380,580.685379,1.147,4.381,0.053
3419,3.419000,744235.699035,-198452.148007,545783.551027,1.755739e+00,-1140.162498,589.278403,580.685401,1.155,2.244,0.050
3420,3.420000,744235.699393,-198397.562099,545838.137294,1.755815e+00,-1140.162517,589.278426,580.685423,1.179,0.222,0.046
3421,3.421000,744235.699751,-198343.005898,545892.693853,1.755890e+00,-1140.162535,589.278449,580.685444,1.029,0.233,0.048
3422,3.422000,744235.700109,-198288.479381,545947.220728,1.755966e+00,-1140.162554,589.278472,580.685466,1.063,0.300,0.052
3423,3.423000,744235.700467,-198233.982534,546001.717932,1.756041e+00,-1140.162572,589.278495,580.685488,1.046,0.220,0.055
3424,3.424000,744235.700825,-198179.515336,546056.185489,1.756117e+00,-1140.162591,589.278518,580.685510,1.094,0.203,0.047
3425,3.425000,744235.701182,-198125.077767,546110.623416,1.756192e+00,-1140.162609,589.278541,580.685531,1.187,3.421,0.051
3426,3.426000,744235.701540,-198070.669811,546165.031729,1.756268e+00,-1140.162628,589.278565,580.685553,1.070,0.241,0.055
3427,3.427000,744235.701898,-198016.291452,546219.410446,1.756343e+00,-1140.162646,589.278588,580.685575,1.074,0.446,0.045
3428,3.428000,744235.702256,-197961.942667,546273.759589,1.756418e+00,-1140.162665,589.278611,580.685597,1.164,0.448,0.047
3429,3.429000,744235.702614,-197907.623436,546328.079178,1.756493e+00,-1140.162683,589.278634,580.685619,1.168,0.618,0.070
3430,3.430000,744235.702972,-197853.333742,546382.369230,1.756568e+00,-1140.162702,589.278657,580.685641,1.204,0.249,0.046
3431,3.431000,744235.703330,-197799.073570,546436.629760,1.756644e+00,-1140.162720,589.278680,580.685662,1.065,0.455,0.048
3432,3.432000,744235.703688,-197744.842891,546490.860797,1.756719e+00,-1140.162738,589.278702,580.685684,1.112,0.774,0.045
3433,3.433000,744235.704046,-197690.641688,546545.062358,1.756794e+00,-1140.162757,589.278725,580.685706,3.358,1.322,0.051
3434,3.434000,744235.704404,-197636.469940,546599.234463,1.756869e+00,-1140.162775,589.278748,580.685728,1.098,0.498,0.049
3435,3.435000,744235.704762,-197582.327625,546653.377137,1.756944e+00,-1140.162793,589.278771,580.685750,1.088,0.273,0.053
3436,3.436000,744235.705119,-197528.214720,546707.490400,1.757019e+00,-1140.162812,589.278794,580.685772,1.227,0.201,0.048
3437,3.437000,744235.705477,-197474.131210,546761.574268,1.757094e+00,-1140.162830,589.278817,580.685794,1.264,0.253,0.070
3438,3.438000,744235.705835,-197420.077064,546815.628771,1.757168e+00,-1140.162848,589.278840,580.685816,1.245,0.742,0.054
3439,3.439000,744235.706193,-197366.052269,546869.653924,1.757243e+00,-1140.162867,589.278863,580.685837,1.219,0.248,0.041
3440,3.440000,744235.706551,-197312.056801,546923.649750,1.757318e+00,-1140.162885,589.278886,580.685859,1.141,0.437,0.052
3441,3.441000,744235.706909,-197258.090640,546977.616269,1.757393e+00,-1140.162904,589.278909,580.685881,1.169,0.227,0.057
3442,3.442000,744235.707265,-197204.153758,547031.553506,1.757467e+00,-1140.162922,589.278932,580.685903,1.189,0.610,0.044
3443,3.443000,744235.707608,-197150.246137,547085.461471,1.757542e+00,-1140.162940,589.278955,580.685923,1.095,6.182,0.047
3444,3.444000,744235.707942,-197096.367756,547139.340186,1.757617e+00,-1140.162959,589.278977,580.685942,1.262,0.308,0.048
3445,3.445000,744235.708276,-197042.518588,547193.189688,1.757691e+00,-1140.162977,589.279000,580.685961,1.084,0.226,0.048
3446,3.446000,744235.708610,-196988.698609,547247.010000,1.757766e+00,-1140.162996,589.279023,580.685980,1.085,0.206,0.055
3447,3.447000,744235.708943,-196934.907794,547300.801149,1.757840e+00,-1140.163014,589.279045,580.685999,4.125,0.524,0.048
3448,3.448000,744235.709276,-196881.146123,547354.563153,1.757915e+00,-1140.163032,589.279068,580.686018,1.129,0.247,0.049
3449,3.449000,744235.709610,-196827.413568,547408.296042,1.757989e+00,-1140.163051,589.279091,580.686038,1.197,0.484,0.055
3450,3.450000,744235.709943,-196773.710109,547461.999835,1.758063e+00,-1140.163069,589.279113,580.686057,1.375,0.315,0.055
3451,3.451000,744235.710273,-196720.035715,547515.674558,1.758138e+00,-1140.163088,589.279136,580.686075,1.088,0.218,0.053
3452,3.452000,744235.710601,-196666.390373,547569.320227,1.758212e+00,-1140.163106,589.279158,580.686094,1.073,0.247,0.051
3453,3.453000,744235.710928,-196612.774054,547622.936874,1.758286e+00,-1140.163125,589.279181,580.686112,1.100,0.546,0.043
3454,3.454000,744235.711255,-196559.186733,547676.524522,1.758360e+00,-1140.163143,589.279203,580.686130,1.203,0.228,0.054
3455,3.455000,744235.711582,-196505.628388,547730.083194,1.758435e+00,-1140.163161,589.279226,580.686148,1.069,0.873,0.048
3456,3.456000,744235.711909,-196452.098991,547783.612918,1.758509e+00,-1140.163180,589.279248,580.686166,1.153,0.234,0.048
3457,3.457000,744235.712236,-196398.598522,547837.113715,1.758583e+00,-1140.163198,589.279271,580.686184,1.231,0.643,0.056
3458,3.458000,744235.712564,-196345.126951,547890.585613,1.758657e+00,-1140.163217,589.279293,580.686202,1.074,0.527,0.045
3459,3.459000,744235.712891,-196291.684255,547944.028636,1.758731e+00,-1140.163235,589.279316,580.686221,1.061,0.240,0.047
3460,3.460000,744235.713218,-196238.270412,547997.442806,1.758805e+00,-1140.163253,589.279338,580.686239,1.148,0.232,0.049
3461,3.461000,744235.713544,-196184.885394,548050.828150,1.758879e+00,-1140.163272,589.279361,580.686257,1.114,0.587,0.062
3462,3.462000,744235.713870,-196131.529175,548104.184695,1.758953e+00,-1140.163290,589.279384,580.686274,1.069,0.208,0.043
3463,3.463000,744235.714196,-196078.201727,548157.512469,1.759027e+00,-1140.163309,589.279406,580.686291,1.105,0.206,0.049
3464,3.464000,744235.714522,-196024.903026,548210.811496,1.759100e+00,-1140.163327,589.279429,580.686309,1.265,0.208,0.048
3465,3.465000,744235.714848,-195971.633058,548264.081790,1.759174e+00,-1140.163345,589.279451,580.686326,1.107,0.217,0.050
3466,3.466000,744235.715173,-195918.391788,548317.323385,1.759248e+00,-1140.163363,589.279474,580.686343,1.076,0.453,0.047
3467,3.467000,744235.715499,-195865.179194,548370.536305,1.759321e+00,-1140.163382,589.279496,580.686361,1.163,0.312,0.051
3468,3.468000,744235.715825,-195811.995251,548423.720574,1.759395e+00,-1140.163400,589.279519,580.686378,1.230,25.467,0.047
3469,3.469000,744235.716151,-195758.839934,548476.876216,1.759469e+00,-1140.163418,589.279541,580.686395,1.225,3.117,0.039
3470,3.470000,744235.716476,-195705.713214,548530.003263,1.759542e+00,-1140.163436,589.279563,580.686413,1.015,0.226,0.042
3471,3.471000,744235.716802,-195652.615075,548583.101727,1.759616e+00,-1140.163455,589.279586,580.686430,1.114,1.673,0.052
3472,3.472000,744235.717128,-195599.545488,548636.171640,1.759689e+00,-1140.163473,589.279608,580.686447,1.241,0.244,0.054
3473,3.473000,744235.717453,-195546.504434,548689.213019,1.759763e+00,-1140.163491,589.279630,580.686465,1.136,0.218,0.044
3474,3.474000,744235.717779,-195493.491885,548742.225894,1.759836e+00,-1140.163509,589.279652,580.686482,1.104,1.976,0.057
3475,3.475000,744235.718105,-195440.507816,548795.210289,1.759910e+00,-1140.163527,589.279675,580.686499,1.124,0.435,0.054
3476,3.476000,744235.718430,-195387.552209,548848.166221,1.759983e+00,-1140.163544,589.279697,580.686517,1.254,0.228,0.052
3477,3.477000,744235.718755,-195334.625032,548901.093723,1.760056e+00,-1140.163562,589.279719,580.686534,1.205,0.266,0.059
3478,3.478000,744235.719080,-195281.726265,548953.992816,1.760129e+00,-1140.163580,589.279741,580.686551,1.213,0.422,0.060
3479,3.479000,744235.719405,-195228.855885,549006.863521,1.760203e+00,-1140.163598,589.279764,580.686569,1.098,0.206,0.052
3480,3.480000,744235.719731,-195176.013863,549059.705868,1.760276e+00,-1140.163616,589.279786,580.686586,1.188,0.465,0.046
3481,3.481000,744235.720056,-195123.200179,549112.519877,1.760349e+00,-1140.163634,589.279808,580.686604,1.182,0.601,0.069
3482,3.482000,744235.720381,-195070.414816,549165.305565,1.760422e+00,-1140.163651,589.279830,580.686621,1.220,2.520,0.058
3483,3.483000,744235.720706,-195017.657747,549218.062960,1.760495e+00,-1140.163669,589.279852,580.686639,1.200,0.513,0.049
3484,3.484000,744235.721032,-194964.928944,549270.792087,1.760568e+00,-1140.163687,589.279874,580.686656,1.307,0.249,0.067
3485,3.485000,744235.721357,-194912.228392,549323.492965,1.760641e+00,-1140.163705,589.279896,580.686673,1.050,0.412,0.047
3486,3.486000,744235.721682,-194859.556059,549376.165623,1.760714e+00,-1140.163723,589.279918,580.686690,1.489,0.259,0.100
3487,3.487000,744235.722007,-194806.911933,549428.810074,1.760787e+00,-1140.163741,589.279941,580.686708,1.134,0.532,0.050
3488,3.488000,744235.722332,-194754.295992,549481.426340,1.760860e+00,-1140.163758,589.279963,580.686725,1.048,3.795,0.052
3489,3.489000,744235.722657,-194701.708217,549534.014440,1.760933e+00,-1140.163776,589.279985,580.686742,1.106,0.757,0.048
3490,3.490000,744235.722983,-194649.148581,549586.574402,1.761005e+00,-1140.163794,589.280007,580.686759,1.056,0.244,0.055
3491,3.491000,744235.723308,-194596.617063,549639.106245,1.761078e+00,-1140.163812,589.280029,580.686776,1.112,0.245,0.050
3492,3.492000,744235.723632,-194544.113645,549691.609987,1.761151e+00,-1140.163830,589.280050,580.686794,1.119,0.211,0.050
3493,3.493000,744235.723957,-194491.638303,549744.085654,1.761223e+00,-1140.163848,589.280072,580.686811,1.306,0.288,0.058
3494,3.494000,744235.724282,-194439.191015,549796.533267,1.761296e+00,-1140.163865,589.280094,580.686828,1.090,0.211,0.052
3495,3.495000,744235.724607,-194386.771769,549848.952838,1.761369e+00,-1140.163883,589.280115,580.686845,1.180,0.227,0.050
3496,3.496000,744235.724932,-194334.380546,549901.344386,1.761441e+00,-1140.163901,589.280137,580.686862,1.135,0.213,0.055
3497,3.497000,744235.725256,-194282.017318,549953.707938,1.761514e+00,-1140.163919,589.280158,580.686879,1.092,0.515,0.047
3498,3.498000,744235.725591,-194229.682068,550006.043523,1.761586e+00,-1140.163938,589.280180,580.686896,1.092,0.235,0.050
3499,3.499000,744235.725936,-194177.374780,550058.351156,1.761659e+00,-1140.163958,589.280201,580.686913,1.190,0.255,0.051
3500,3.500000,744235.726281,-194125.095437,550110.630844,1.761731e+00,-1140.163977,589.280222,580.686930,1.089,0.323,0.052
3501,3.501000,744235.726627,-194072.844012,550162.882615,1.761803e+00,-1140.163997,589.280244,580.686947,1.200,0.312,0.059
3502,3.502000,744235.726972,-194020.620489,550215.106483,1.761876e+00,-1140.164017,589.280265,580.686964,1.092,0.209,0.046
3503,3.503000,744235.727317,-193968.424861,550267.302456,1.761948e+00,-1140.164037,589.280287,580.686981,1.273,0.209,0.056
3504,3.504000,744235.727663,-193916.257096,550319.470566,1.762020e+00,-1140.164057,589.280308,580.686998,1.184,0.664,0.050
3505,3.505000,744235.728008,-193864.117181,550371.610827,1.762092e+00,-1140.164076,589.280329,580.687015,2.318,0.709,0.135
3506,3.506000,744235.728353,-193812.005100,550423.723253,1.762164e+00,-1140.164096,589.280350,580.687032,2.169,0.321,0.054
3507,3.507000,744235.728698,-193759.920841,550475.807857,1.762237e+00,-1140.164116,589.280371,580.687049,1.189,0.260,0.045
3508,3.508000,744235.729043,-193707.864386,550527.864657,1.762309e+00,-1140.164136,589.280392,580.687066,1.105,0.215,0.051
3509,3.509000,744235.729388,-193655.835712,550579.893676,1.762381e+00,-1140.164155,589.280412,580.687083,2.882,0.399,0.047
3510,3.510000,744235.729732,-193603.834805,550631.894927,1.762453e+00,-1140.164175,589.280433,580.687100,1.276,1.629,0.058
3511,3.511000,744235.730077,-193551.861651,550683.868426,1.762525e+00,-1140.164195,589.280454,580.687117,1.096,2.109,0.050
3512,3.512000,744235.730422,-193499.916234,550735.814188,1.762597e+00,-1140.164214,589.280475,580.687134,1.085,0.776,0.049
3513,3.513000,744235.730767,-193447.998534,550787.732233,1.762669e+00,-1140.164234,589.280496,580.687151,2.027,0.224,0.044
3514,3.514000,744235.731112,-193396.108539,550839.622573,1.762740e+00,-1140.164254,589.280516,580.687168,2.005,4.134,0.038
3515,3.515000,744235.731457,-193344.246227,550891.485230,1.762812e+00,-1140.164273,589.280537,580.687185,1.982,0.584,0.108
3516,3.516000,744235.731801,-193292.411585,550943.320217,1.762884e+00,-1140.164293,589.280558,580.687202,1.222,26.128,0.068
3517,3.517000,744235.732146,-193240.604596,550995.127550,1.762956e+00,-1140.164313,589.280578,580.687219,1.115,1.645,0.053
3518,3.518000,744235.732491,-193188.825246,551046.907244,1.763027e+00,-1140.164332,589.280599,580.687236,1.075,0.233,0.043
3519,3.519000,744235.732835,-193137.073526,551098.659309,1.763099e+00,-1140.164352,589.280619,580.687253,1.138,0.451,0.063
3520,3.520000,744235.733179,-193085.349417,551150.383763,1.763171e+00,-1140.164372,589.280639,580.687271,7.788,7.165,0.137
3521,3.521000,744235.733524,-193033.652905,551202.080618,1.763242e+00,-1140.164391,589.280660,580.687288,1.201,0.259,0.058
3522,3.522000,744235.733868,-192981.983973,551253.749895,1.763314e+00,-1140.164410,589.280680,580.687305,1.060,0.208,0.041
3523,3.523000,744235.734212,-192930.342606,551305.391606,1.763385e+00,-1140.164430,589.280700,580.687322,1.040,0.197,0.072
3524,3.524000,744235.734557,-192878.728791,551357.005766,1.763457e+00,-1140.164449,589.280721,580.687339,1.025,0.197,0.041
3525,3.525000,744235.734901,-192827.142517,551408.592384,1.763528e+00,-1140.164469,589.280741,580.687356,1.153,40.028,0.052
3526,3.526000,744235.735245,-192775.583765,551460.151480,1.763600e+00,-1140.164488,589.280761,580.687374,1.027,11.539,0.047
3527,3.527000,744235.735590,-192724.052520,551511.683070,1.763671e+00,-1140.164508,589.280782,580.687391,1.160,0.622,0.044
3528,3.528000,744235.735934,-192672.548768,551563.187166,1.763742e+00,-1140.164527,589.280802,580.687408,1.087,0.294,0.055
3529,3.529000,744235.736278,-192621.072497,551614.663781,1.763814e+00,-1140.164547,589.280822,580.687424,1.079,2.981,0.049
3530,3.530000,744235.736621,-192569.623693,551666.112929,1.763885e+00,-1140.164566,589.280842,580.687441,1.274,2.872,0.040
3531,3.531000,744235.736954,-192518.202345,551717.534610,1.763956e+00,-1140.164579,589.280854,580.687460,1.107,0.411,0.054
3532,3.532000,744235.737277,-192466.808433,551768.928844,1.764027e+00,-1140.164586,589.280856,580.687482,1.256,0.211,0.057
3533,3.533000,744235.737599,-192415.441943,551820.295657,1.764098e+00,-1140.164593,589.280858,580.687504,1.065,0.660,0.051
3534,3.534000,744235.737922,-192364.102858,551871.635064,1.764169e+00,-1140.164599,589.280860,580.687526,1.276,0.484,0.050
3535,3.535000,744235.738244,-192312.791172,551922.947072,1.764240e+00,-1140.164605,589.280863,580.687548,1.064,0.488,0.038
3536,3.536000,744235.738566,-192261.506870,551974.231696,1.764311e+00,-1140.164612,589.280865,580.687569,1.386,0.231,0.046
3537,3.537000,744235.738887,-192210.249933,552025.488954,1.764382e+00,-1140.164618,589.280867,580.687590,1.418,0.670,0.076
3538,3.538000,744235.739209,-192159.020346,552076.718863,1.764453e+00,-1140.164625,589.280869,580.687612,1.198,0.398,0.056
3539,3.539000,744235.739531,-192107.818089,552127.921441,1.764524e+00,-1140.164631,589.280871,580.687633,1.127,1.131,0.044
3540,3.540000,744235.739852,-192056.643154,552179.096698,1.764595e+00,-1140.164638,589.280873,580.687655,1.102,0.413,0.049
3541,3.541000,744235.740141,-192005.495525,552230.244616,1.764666e+00,-1140.164657,589.280873,580.687668,1.102,0.377,0.055
3542,3.542000,744235.740397,-191954.375180,552281.365216,1.764737e+00,-1140.164691,589.280871,580.687674,1.260,0.255,0.054
3543,3.543000,744235.740652,-191903.282114,552332.458537,1.764808e+00,-1140.164724,589.280868,580.687681,1.121,0.211,0.060
3544,3.544000,744235.740906,-191852.216305,552383.524601,1.764878e+00,-1140.164757,589.280866,580.687687,1.137,0.213,0.069
3545,3.545000,744235.741161,-191801.177737,552434.563424,1.764949e+00,-1140.164791,589.280864,580.687693,1.205,0.235,0.041
3546,3.546000,744235.741416,-191750.166391,552485.575025,1.765020e+00,-1140.164824,589.280862,580.687700,1.277,6.158,0.054
3547,3.547000,744235.741671,-191699.182255,552536.559416,1.765090e+00,-1140.164857,589.280860,580.687706,1.166,0.273,0.055
3548,3.548000,744235.741926,-191648.225308,552587.516618,1.765161e+00,-1140.164890,589.280858,580.687712,1.112,0.615,0.047
3549,3.549000,744235.742181,-191597.295544,552638.446637,1.765231e+00,-1140.164924,589.280856,580.687719,1.103,3.815,0.044
3550,3.550000,744235.742436,-191546.392928,552689.349508,1.765302e+00,-1140.164957,589.280853,580.687725,1.146,0.300,0.059
3551,3.551000,744235.742692,-191495.517453,552740.225239,1.765372e+00,-1140.164990,589.280851,580.687731,1.086,0.354,0.050
3552,3.552000,744235.742947,-191444.669103,552791.073844,1.765443e+00,-1140.165023,589.280849,580.687738,1.231,4.635,0.051
3553,3.553000,744235.743203,-191393.847860,552841.895342,1.765513e+00,-1140.165057,589.280847,580.687744,1.172,1.100,0.049
3554,3.554000,744235.743458,-191343.053704,552892.689754,1.765583e+00,-1140.165090,589.280845,580.687750,1.242,0.235,0.068
3555,3.555000,744235.743713,-191292.286613,552943.457100,1.765654e+00,-1140.165123,589.280843,580.687757,1.094,30.799,0.051
3556,3.556000,744235.743969,-191241.546572,552994.197397,1.765724e+00,-1140.165156,589.280841,580.687763,1.148,0.238,0.063
3557,3.557000,744235.744224,-191190.833568,553044.910656,1.765794e+00,-1140.165189,589.280839,580.687769,2.067,0.526,0.059
3558,3.558000,744235.744480,-191140.147576,553095.596904,1.765864e+00,-1140.165223,589.280837,580.687776,3.138,7.675,0.169
3559,3.559000,744235.744736,-191089.488577,553146.256159,1.765934e+00,-1140.165256,589.280835,580.687783,1.085,0.244,0.055
3560,3.560000,744235.744992,-191038.856551,553196.888441,1.766004e+00,-1140.165289,589.280833,580.687790,1.084,0.252,0.054
3561,3.561000,744235.745249,-190988.251484,553247.493765,1.766075e+00,-1140.165322,589.280831,580.687797,1.234,0.297,0.058
3562,3.562000,744235.745506,-190937.673353,553298.072153,1.766145e+00,-1140.165356,589.280829,580.687804,1.199,0.282,0.054
3563,3.563000,744235.745763,-190887.122141,553348.623623,1.766215e+00,-1140.165389,589.280826,580.687811,1.101,0.256,0.049
3564,3.564000,744235.746020,-190836.597826,553399.148195,1.766285e+00,-1140.165422,589.280824,580.687818,1.184,0.225,0.051
3565,3.565000,744235.746277,-190786.100388,553449.645889,1.766354e+00,-1140.165455,589.280822,580.687825,1.143,0.992,0.048
3566,3.566000,744235.746534,-190735.629812,553500.116722,1.766424e+00,-1140.165488,589.280820,580.687832,1.212,0.208,0.065
3567,3.567000,744235.746791,-190685.186071,553550.560720,1.766494e+00,-1140.165521,589.280818,580.687839,1.093,0.283,0.061
3568,3.568000,744235.747048,-190634.769144,553600.977904,1.766564e+00,-1140.165555,589.280815,580.687846,1.077,0.214,0.047
3569,3.569000,744235.747305,-190584.379012,553651.368293,1.766634e+00,-1140.165588,589.280813,580.687853,1.110,3.671,0.060
3570,3.570000,744235.747562,-190534.015656,553701.731906,1.766704e+00,-1140.165621,589.280811,580.687860,1.075,5.174,0.056
3571,3.571000,744235.747819,-190483.679049,553752.068770,1.766773e+00,-1140.165654,589.280809,580.687866,1.094,0.222,0.049
3572,3.572000,744235.748076,-190433.369175,553802.378901,1.766843e+00,-1140.165687,589.280807,580.687873,1.227,0.352,0.056
3573,3.573000,744235.748334,-190383.086008,553852.662326,1.766913e+00,-1140.165720,589.280804,580.687880,1.221,0.258,0.050
3574,3.574000,744235.748591,-190332.829524,553902.919067,1.766982e+00,-1140.165754,589.280802,580.687887,1.322,0.622,0.053
3575,3.575000,744235.748848,-190282.599703,553953.149144,1.767052e+00,-1140.165787,589.280800,580.687893,1.123,0.229,0.053
3576,3.576000,744235.749105,-190232.396528,554003.352578,1.767121e+00,-1140.165820,589.280798,580.687900,1.079,0.798,0.086
3577,3.577000,744235.749363,-190182.219972,554053.529391,1.767191e+00,-1140.165853,589.280795,580.687907,1.163,22.921,0.039
3578,3.578000,744235.749620,-190132.070012,554103.679608,1.767260e+00,-1140.165885,589.280793,580.687914,1.258,0.440,0.037
3579,3.579000,744235.749878,-190081.946633,554153.803245,1.767329e+00,-1140.165918,589.280791,580.687921,1.090,0.260,0.055
3580,3.580000,744235.750136,-190031.849806,554203.900330,1.767399e+00,-1140.165951,589.280789,580.687928,1.093,0.906,0.064
3581,3.581000,744235.750393,-189981.779505,554253.970888,1.767468e+00,-1140.165984,589.280786,580.687935,5.179,3.229,0.060
3582,3.582000,744235.750651,-189931.735714,554304.014937,1.767537e+00,-1140.166017,589.280784,580.687941,1.242,0.462,0.050
3583,3.583000,744235.750909,-189881.718407,554354.032502,1.767607e+00,-1140.166049,589.280782,580.687948,1.350,0.708,0.057
3584,3.584000,744235.751167,-189831.727562,554404.023604,1.767676e+00,-1140.166082,589.280780,580.687955,1.164,0.526,0.051
3585,3.585000,744235.751425,-189781.763156,554453.988269,1.767745e+00,-1140.166115,589.280778,580.687962,1.074,12.112,0.051
3586,3.586000,744235.751683,-189731.825167,554503.926516,1.767814e+00,-1140.166148,589.280776,580.687969,1.064,0.589,0.043
3587,3.587000,744235.751942,-189681.913570,554553.838372,1.767883e+00,-1140.166180,589.280774,580.687976,1.099,0.417,0.047
3588,3.588000,744235.752200,-189632.028344,554603.723856,1.767952e+00,-1140.166213,589.280772,580.687983,1.143,0.410,0.054
3589,3.589000,744235.752459,-189582.169464,554653.582995,1.768022e+00,-1140.166246,589.280769,580.687990,1.112,0.223,0.051
3590,3.590000,744235.752717,-189532.336904,554703.415813,1.768091e+00,-1140.166278,589.280767,580.687997,1.077,2.089,0.044
3591,3.591000,744235.752975,-189482.530639,554753.222336,1.768159e+00,-1140.166311,589.280765,580.688003,3.020,0.559,0.153
3592,3.592000,744235.753234,-189432.750649,554803.002585,1.768228e+00,-1140.166344,589.280763,580.688010,1.073,0.564,0.051
3593,3.593000,744235.753493,-189382.996911,554852.756582,1.768297e+00,-1140.166376,589.280761,580.688017,1.053,0.443,0.049
3594,3.594000,744235.753752,-189333.269399,554902.484353,1.768366e+00,-1140.166409,589.280759,580.688024,1.143,0.550,0.046
3595,3.595000,744235.754011,-189283.568086,554952.185925,1.768435e+00,-1140.166442,589.280757,580.688031,1.074,0.526,0.041
3596,3.596000,744235.754270,-189233.892958,555001.861312,1.768504e+00,-1140.166474,589.280755,580.688038,2.425,6.136,0.190
3597,3.597000,744235.754529,-189184.243983,555051.510546,1.768573e+00,-1140.166507,589.280753,580.688045,2.302,0.483,0.098
3598,3.598000,744235.754788,-189134.621144,555101.133644,1.768641e+00,-1140.166539,589.280751,580.688051,1.118,0.209,0.050
3599,3.599000,744235.755047,-189085.024416,555150.730631,1.768710e+00,-1140.166572,589.280749,580.688058,1.166,0.217,0.126
3600,3.600000,744235.755306,-189035.453769,555200.301536,1.768779e+00,-1140.166605,589.280747,580.688065,7.273,1.155,0.049
3601,3.601000,744235.755564,-188985.909189,555249.846375,1.768847e+00,-1140.166637,589.280745,580.688071,1.094,0.213,0.050
3602,3.602000,744235.755823,-188936.390645,555299.365177,1.768916e+00,-1140.166670,589.280743,580.688078,1.255,0.211,0.050
3603,3.603000,744235.756081,-188886.898113,555348.857968,1.768984e+00,-1140.166703,589.280741,580.688085,1.150,0.259,0.051
3604,3.604000,744235.756340,-188837.431568,555398.324772,1.769053e+00,-1140.166735,589.280739,580.688091,5.626,5.811,0.194
3605,3.605000,744235.756599,-188787.990988,555447.765610,1.769121e+00,-1140.166768,589.280737,580.688098,1.081,0.250,0.056
3606,3.606000,744235.756857,-188738.576350,555497.180508,1.769190e+00,-1140.166800,589.280735,580.688105,1.230,0.255,0.057
3607,3.607000,744235.757116,-188689.187623,555546.569492,1.769258e+00,-1140.166833,589.280733,580.688111,1.144,0.488,0.047
3608,3.608000,744235.757374,-188639.824787,555595.932587,1.769326e+00,-1140.166865,589.280731,580.688118,1.061,0.624,0.047
3609,3.609000,744235.757632,-188590.487813,555645.269819,1.769395e+00,-1140.166898,589.280729,580.688125,1.294,0.218,0.054
3610,3.610000,744235.757891,-188541.176680,555694.581211,1.769463e+00,-1140.166930,589.280727,580.688131,1.112,4.189,0.046
3611,3.611000,744235.758149,-188491.891360,555743.866789,1.769531e+00,-1140.166963,589.280725,580.688138,1.056,7.293,0.048
3612,3.612000,744235.758408,-188442.631831,555793.126577,1.769599e+00,-1140.166995,589.280723,580.688145,1.089,0.392,0.366
3613,3.613000,744235.758666,-188393.398064,555842.360602,1.769668e+00,-1140.167028,589.280721,580.688151,1.189,3.029,0.050
3614,3.614000,744235.758924,-188344.190038,555891.568886,1.769736e+00,-1140.167060,589.280719,580.688158,1.176,0.432,0.045
3615,3.615000,744235.759182,-188295.007725,555940.751457,1.769804e+00,-1140.167093,589.280717,580.688164,1.298,0.382,0.044
3616,3.616000,744235.759440,-188245.851102,555989.908338,1.769872e+00,-1140.167125,589.280715,580.688170,1.411,0.258,0.058
3617,3.617000,744235.759698,-188196.720141,556039.039557,1.769940e+00,-1140.167157,589.280713,580.688177,1.104,0.214,0.127
3618,3.618000,744235.759956,-188147.614812,556088.145145,1.770008e+00,-1140.167190,589.280711,580.688183,1.332,0.598,0.057
3619,3.619000,744235.760215,-188098.535095,556137.225120,1.770076e+00,-1140.167222,589.280709,580.688190,1.206,1.924,0.054
3620,3.620000,744235.760473,-188049.480962,556186.279511,1.770144e+00,-1140.167255,589.280706,580.688196,1.085,0.212,0.042
3621,3.621000,744235.760731,-188000.452391,556235.308339,1.770212e+00,-1140.167287,589.280704,580.688203,1.056,0.703,0.050
3622,3.622000,744235.760989,-187951.449352,556284.311636,1.770280e+00,-1140.167320,589.280702,580.688209,1.970,0.285,0.057
3623,3.623000,744235.761247,-187902.471820,556333.289427,1.770347e+00,-1140.167352,589.280700,580.688216,1.133,0.223,0.050
3624,3.624000,744235.761505,-187853.519770,556382.241735,1.770415e+00,-1140.167385,589.280698,580.688222,1.143,0.237,0.061
3625,3.625000,744235.761763,-187804.593169,556431.168594,1.770483e+00,-1140.167417,589.280696,580.688228,1.082,0.418,0.040
3626,3.626000,744235.762021,-187755.691998,556480.070023,1.770551e+00,-1140.167449,589.280694,580.688235,1.105,0.214,0.051
3627,3.627000,744235.762279,-187706.816233,556528.946046,1.770618e+00,-1140.167482,589.280692,580.688241,1.162,0.279,0.051
3628,3.628000,744235.762537,-187657.965840,556577.796697,1.770686e+00,-1140.167514,589.280690,580.688247,1.148,0.215,0.056
3629,3.629000,744235.762795,-187609.140794,556626.622001,1.770754e+00,-1140.167547,589.280688,580.688253,1.191,0.587,0.053
3630,3.630000,744235.763049,-187560.341068,556675.421981,1.770821e+00,-1140.167579,589.280686,580.688259,1.081,0.206,0.052
3631,3.631000,744235.763299,-187511.566632,556724.196667,1.770889e+00,-1140.167612,589.280684,580.688264,1.317,0.319,0.062
3632,3.632000,744235.763550,-187462.817456,556772.946095,1.770956e+00,-1140.167644,589.280682,580.688269,1.137,0.552,0.056
3633,3.633000,744235.763801,-187414.093513,556821.670288,1.771024e+00,-1140.167676,589.280679,580.688274,1.091,0.423,0.054
3634,3.634000,744235.764052,-187365.394777,556870.369275,1.771091e+00,-1140.167709,589.280677,580.688279,1.081,0.224,0.054
3635,3.635000,744235.764302,-187316.721220,556919.043082,1.771158e+00,-1140.167741,589.280675,580.688285,1.110,0.210,0.050
3636,3.636000,744235.764553,-187268.072819,556967.691735,1.771226e+00,-1140.167773,589.280673,580.688290,1.313,18.468,0.040
3637,3.637000,744235.764804,-187219.449537,557016.315267,1.771293e+00,-1140.167806,589.280671,580.688295,1.218,0.741,0.046
3638,3.638000,744235.765055,-187170.851350,557064.913705,1.771360e+00,-1140.167838,589.280668,580.688300,1.186,0.226,0.053
3639,3.639000,744235.765306,-187122.278230,557113.487076,1.771428e+00,-1140.167871,589.280666,580.688305,2.724,0.548,0.138
3640,3.640000,744235.765556,-187073.730149,557162.035407,1.771495e+00,-1140.167903,589.280664,580.688310,1.306,0.341,0.066
3641,3.641000,744235.765807,-187025.207081,557210.558727,1.771562e+00,-1140.167936,589.280662,580.688315,1.230,0.227,0.058
3642,3.642000,744235.766058,-186976.708995,557259.057063,1.771629e+00,-1140.167968,589.280660,580.688321,1.144,0.230,0.061
3643,3.643000,744235.766309,-186928.235861,557307.530448,1.771696e+00,-1140.168000,589.280657,580.688326,1.411,0.919,0.069
3644,3.644000,744235.766559,-186879.787652,557355.978907,1.771764e+00,-1140.168033,589.280655,580.688331,1.092,0.528,0.060
3645,3.645000,744235.766810,-186831.364344,557404.402466,1.771831e+00,-1140.168065,589.280652,580.688336,1.110,0.488,0.048
3646,3.646000,744235.767060,-186782.965906,557452.801154,1.771898e+00,-1140.168098,589.280650,580.688341,1.078,0.239,0.050
3647,3.647000,744235.767311,-186734.592317,557501.174993,1.771965e+00,-1140.168130,589.280647,580.688346,1.132,0.256,0.049
3648,3.648000,744235.767561,-186686.243539,557549.524021,1.772032e+00,-1140.168163,589.280645,580.688351,1.127,0.219,0.053
3649,3.649000,744235.767810,-186637.919553,557597.848257,1.772098e+00,-1140.168195,589.280642,580.688355,1.580,0.600,0.066
3650,3.650000,744235.768059,-186589.620327,557646.147732,1.772165e+00,-1140.168227,589.280640,580.688360,1.187,0.396,0.050
3651,3.651000,744235.768308,-186541.345835,557694.422473,1.772232e+00,-1140.168259,589.280637,580.688365,1.214,0.290,0.046
3652,3.652000,744235.768557,-186493.096050,557742.672507,1.772299e+00,-1140.168291,589.280635,580.688369,1.119,0.233,0.056
3653,3.653000,744235.768806,-186444.870945,557790.897862,1.772366e+00,-1140.168323,589.280632,580.688374,1.350,7.181,0.049
3654,3.654000,744235.769054,-186396.670493,557839.098561,1.772432e+00,-1140.168355,589.280630,580.688379,1.097,3.716,0.045
3655,3.655000,744235.769299,-186348.494674,557887.274626,1.772499e+00,-1140.168387,589.280627,580.688384,1.089,0.717,0.047
3656,3.656000,744235.769545,-186300.343459,557935.426086,1.772566e+00,-1140.168419,589.280625,580.688390,1.107,0.745,0.049
3657,3.657000,744235.769790,-186252.216826,557983.552965,1.772632e+00,-1140.168450,589.280622,580.688396,1.160,0.236,0.055
3658,3.658000,744235.770037,-186204.114745,558031.655291,1.772699e+00,-1140.168482,589.280619,580.688401,1.131,0.271,0.049
3659,3.659000,744235.770284,-186156.037195,558079.733089,1.772766e+00,-1140.168513,589.280617,580.688407,1.220,0.237,0.067
3660,3.660000,744235.770531,-186107.984149,558127.786381,1.772832e+00,-1140.168545,589.280614,580.688412,7.982,2.112,0.111
3661,3.661000,744235.770778,-186059.955585,558175.815193,1.772899e+00,-1140.168576,589.280612,580.688418,2.352,0.369,0.057
3662,3.662000,744235.771025,-186011.951476,558223.819549,1.772965e+00,-1140.168607,589.280609,580.688423,1.302,17.859,0.056
3663,3.663000,744235.771272,-185963.971805,558271.799467,1.773032e+00,-1140.168638,589.280606,580.688429,1.194,0.228,0.045
3664,3.664000,744235.771518,-185916.016550,558319.754968,1.773098e+00,-1140.168670,589.280604,580.688435,1.603,0.271,0.054
3665,3.665000,744235.771765,-185868.085687,558367.686078,1.773164e+00,-1140.168701,589.280601,580.688440,1.152,0.264,0.049
3666,3.666000,744235.772012,-185820.179190,558415.592822,1.773231e+00,-1140.168732,589.280598,580.688446,1.061,0.814,0.045
3667,3.667000,744235.772260,-185772.297041,558463.475218,1.773297e+00,-1140.168763,589.280596,580.688451,1.145,1.918,0.046
3668,3.668000,744235.772507,-185724.439220,558511.333287,1.773363e+00,-1140.168795,589.280593,580.688457,1.103,0.504,0.049
3669,3.669000,744235.772754,-185676.605706,558559.167049,1.773430e+00,-1140.168826,589.280591,580.688462,1.079,0.398,0.077
3670,3.670000,744235.773002,-185628.796480,558606.976521,1.773496e+00,-1140.168857,589.280588,580.688468,1.112,0.437,0.051
3671,3.671000,744235.773249,-185581.011529,558654.761720,1.773562e+00,-1140.168889,589.280586,580.688473,1.207,0.243,0.058
3672,3.672000,744235.773500,-185533.250825,558702.522675,1.773628e+00,-1140.168920,589.280583,580.688479,1.139,2.496,0.053
3673,3.673000,744235.773754,-185485.514350,558750.259405,1.773694e+00,-1140.168952,589.280581,580.688485,1.205,13.383,0.046
3674,3.674000,744235.774008,-185437.802087,558797.971921,1.773760e+00,-1140.168985,589.280578,580.688490,1.169,5.134,0.044
3675,3.675000,744235.774263,-185390.114021,558845.660242,1.773826e+00,-1140.169017,589.280576,580.688496,1.092,0.261,0.058
3676,3.676000,744235.774517,-185342.450129,558893.324388,1.773892e+00,-1140.169049,589.280573,580.688501,1.092,0.271,0.054
3677,3.677000,744235.774771,-185294.810404,558940.964367,1.773958e+00,-1140.169081,589.280571,580.688507,1.146,0.367,0.059
3678,3.678000,744235.775026,-185247.194826,558988.580200,1.774024e+00,-1140.169113,589.280569,580.688512,1.091,0.816,0.049
3679,3.679000,744235.775280,-185199.603377,559036.171903,1.774090e+00,-1140.169145,589.280566,580.688518,1.152,1.071,0.053
3680,3.680000,744235.775534,-185152.036042,559083.739492,1.774156e+00,-1140.169177,589.280564,580.688523,1.138,0.240,0.053
3681,3.681000,744235.775884,-185104.492806,559131.283078,1.774222e+00,-1140.169205,589.280561,580.688528,1.217,0.263,0.050
3682,3.682000,744235.776331,-185056.973656,559178.802675,1.774288e+00,-1140.169228,589.280559,580.688534,1.232,0.248,0.044
3683,3.683000,744235.776779,-185009.478580,559226.298199,1.774353e+00,-1140.169251,589.280556,580.688540,1.311,0.896,0.056
3684,3.684000,744235.777226,-184962.007560,559273.769665,1.774419e+00,-1140.169275,589.280554,580.688545,1.103,0.437,0.051
3685,3.685000,744235.777673,-184914.560588,559321.217085,1.774485e+00,-1140.169298,589.280552,580.688550,3.618,0.252,0.048
3686,3.686000,744235.778120,-184867.137646,559368.640474,1.774550e+00,-1140.169321,589.280549,580.688556,1.069,0.454,0.045
3687,3.687000,744235.778568,-184819.738721,559416.039847,1.774616e+00,-1140.169344,589.280547,580.688561,1.164,0.226,0.053
3688,3.688000,744235.779015,-184772.363807,559463.415208,1.774682e+00,-1140.169368,589.280544,580.688567,1.087,0.206,0.048
3689,3.689000,744235.779463,-184725.012884,559510.766579,1.774747e+00,-1140.169391,589.280542,580.688573,1.064,16.417,0.044
3690,3.690000,744235.779910,-184677.685939,559558.093972,1.774813e+00,-1140.169414,589.280540,580.688578,1.111,0.234,0.047
3691,3.691000,744235.780358,-184630.382966,559605.397392,1.774878e+00,-1140.169437,589.280538,580.688584,1.055,0.200,0.047
3692,3.692000,744235.780806,-184583.103952,559652.676854,1.774944e+00,-1140.169460,589.280535,580.688590,1.127,0.204,0.050
3693,3.693000,744235.781254,-184535.848885,559699.932368,1.775009e+00,-1140.169483,589.280533,580.688596,1.241,0.351,0.049
3694,3.694000,744235.781701,-184488.617754,559747.163948,1.775075e+00,-1140.169506,589.280530,580.688602,1.155,0.535,0.055
3695,3.695000,744235.782149,-184441.410546,559794.371603,1.775140e+00,-1140.169529,589.280528,580.688607,1.047,0.752,0.044
3696,3.696000,744235.782597,-184394.227254,559841.555342,1.775205e+00,-1140.169553,589.280525,580.688613,1.241,3.644,0.053
3697,3.697000,744235.783044,-184347.067865,559888.715180,1.775271e+00,-1140.169576,589.280523,580.688619,1.124,0.266,0.053
3698,3.698000,744235.783492,-184299.932367,559935.851125,1.775336e+00,-1140.169599,589.280521,580.688625,1.167,0.338,0.052
3699,3.699000,744235.783940,-184252.820754,559982.963186,1.775401e+00,-1140.169622,589.280518,580.688631,1.169,0.503,0.054
3700,3.700000,744235.784387,-184205.733012,560030.051375,1.775466e+00,-1140.169645,589.280516,580.688637,1.187,0.225,0.051
3701,3.701000,744235.784835,-184158.669130,560077.115705,1.775531e+00,-1140.169668,589.280513,580.688643,1.141,0.222,0.048
3702,3.702000,744235.785283,-184111.629104,560124.156179,1.775597e+00,-1140.169691,589.280511,580.688650,1.252,0.466,0.056
3703,3.703000,744235.785731,-184064.612917,560171.172813,1.775662e+00,-1140.169714,589.280508,580.688656,1.075,0.739,0.048
3704,3.704000,744235.786178,-184017.620562,560218.165616,1.775727e+00,-1140.169737,589.280506,580.688662,1.147,0.254,0.047
3705,3.705000,744235.786626,-183970.652031,560265.134595,1.775792e+00,-1140.169760,589.280503,580.688668,1.336,0.231,0.074
3706,3.706000,744235.787073,-183923.707308,560312.079765,1.775857e+00,-1140.169783,589.280501,580.688674,1.158,0.231,0.060
3707,3.707000,744235.787521,-183876.786383,560359.001137,1.775922e+00,-1140.169806,589.280498,580.688680,1.133,0.924,0.051
3708,3.708000,744235.787968,-183829.889246,560405.898722,1.775987e+00,-1140.169829,589.280496,580.688686,1.456,0.369,0.063
3709,3.709000,744235.788416,-183783.015885,560452.772531,1.776052e+00,-1140.169852,589.280493,580.688692,1.257,0.271,0.056
3710,3.710000,744235.788863,-183736.166287,560499.622576,1.776116e+00,-1140.169875,589.280490,580.688698,1.144,0.248,0.073
3711,3.711000,744235.789311,-183689.340444,560546.448867,1.776181e+00,-1140.169898,589.280488,580.688704,1.203,0.238,0.047
3712,3.712000,744235.789758,-183642.538346,560593.251412,1.776246e+00,-1140.169921,589.280485,580.688710,1.068,0.390,0.050
3713,3.713000,744235.790204,-183595.759977,560640.030227,1.776311e+00,-1140.169944,589.280483,580.688716,1.208,0.246,0.054
3714,3.714000,744235.790650,-183549.005330,560686.785320,1.776376e+00,-1140.169966,589.280480,580.688723,1.158,0.253,0.058
3715,3.715000,744235.791095,-183502.274391,560733.516704,1.776440e+00,-1140.169989,589.280478,580.688729,1.247,0.541,0.041
3716,3.716000,744235.791540,-183455.567149,560780.224392,1.776505e+00,-1140.170011,589.280476,580.688735,1.090,7.884,0.115
3717,3.717000,744235.791985,-183408.883589,560826.908396,1.776570e+00,-1140.170033,589.280473,580.688742,1.890,15.268,0.126
3718,3.718000,744235.792429,-183362.223703,560873.568726,1.776634e+00,-1140.170055,589.280471,580.688748,1.106,0.221,0.051
3719,3.719000,744235.792873,-183315.587472,560920.205401,1.776699e+00,-1140.170078,589.280468,580.688755,1.074,0.229,0.045
3720,3.720000,744235.793317,-183268.974890,560966.818426,1.776763e+00,-1140.170100,589.280466,580.688762,1.300,0.663,0.065
3721,3.721000,744235.793761,-183222.385942,561013.407818,1.776828e+00,-1140.170122,589.280464,580.688768,1.040,0.198,0.045
3722,3.722000,744235.794205,-183175.820619,561059.973586,1.776892e+00,-1140.170144,589.280461,580.688775,1.018,0.424,0.048
3723,3.723000,744235.794648,-183129.278903,561106.515745,1.776957e+00,-1140.170166,589.280459,580.688782,1.130,0.223,0.060
3724,3.724000,744235.795092,-183082.760782,561153.034309,1.777021e+00,-1140.170188,589.280456,580.688788,1.436,0.521,0.055
3725,3.725000,744235.795535,-183036.266244,561199.529291,1.777086e+00,-1140.170210,589.280454,580.688795,1.120,0.260,0.058
3726,3.726000,744235.795977,-182989.795274,561246.000703,1.777150e+00,-1140.170232,589.280451,580.688802,1.106,0.213,0.055
3727,3.727000,744235.796492,-182943.347856,561292.448636,1.777214e+00,-1140.170245,589.280458,580.688825,1.260,2.682,0.060
3728,3.728000,744235.797080,-182896.923978,561338.873102,1.777279e+00,-1140.170251,589.280473,580.688864,5.194,0.517,0.052
3729,3.729000,744235.797668,-182850.523627,561385.274041,1.777343e+00,-1140.170257,589.280489,580.688903,2.235,0.542,0.138
3730,3.730000,744235.798256,-182804.146782,561431.651474,1.777407e+00,-1140.170263,589.280504,580.688942,1.211,0.298,0.057
3731,3.731000,744235.798844,-182757.793435,561478.005409,1.777471e+00,-1140.170269,589.280520,580.688982,1.768,0.682,0.052
3732,3.732000,744235.799432,-182711.463568,561524.335864,1.777535e+00,-1140.170276,589.280535,580.689021,1.289,1.885,0.122
3733,3.733000,744235.800020,-182665.157169,561570.642851,1.777599e+00,-1140.170282,589.280550,580.689060,9.807,1.595,0.041
3734,3.734000,744235.800608,-182618.874222,561616.926386,1.777664e+00,-1140.170287,589.280565,580.689099,1.104,1.998,0.129
3735,3.735000,744235.801195,-182572.614705,561663.186490,1.777728e+00,-1140.170293,589.280581,580.689138,2.375,0.844,0.147
3736,3.736000,744235.801783,-182526.378611,561709.423172,1.777792e+00,-1140.170299,589.280596,580.689177,1.231,1.357,0.050
3737,3.737000,744235.802370,-182480.165927,561755.636444,1.777856e+00,-1140.170305,589.280611,580.689217,1.175,0.246,0.057
3738,3.738000,744235.802958,-182433.976628,561801.826330,1.777920e+00,-1140.170311,589.280626,580.689256,1.065,0.428,0.042
3739,3.739000,744235.803545,-182387.810707,561847.992838,1.777984e+00,-1140.170317,589.280641,580.689295,1.318,0.269,0.048
3740,3.740000,744235.804131,-182341.668145,561894.135986,1.778047e+00,-1140.170322,589.280656,580.689335,3.986,28.062,0.084
3741,3.741000,744235.804718,-182295.548922,561940.255795,1.778111e+00,-1140.170328,589.280671,580.689374,1.211,0.323,0.070
3742,3.742000,744235.805304,-182249.453022,561986.352282,1.778175e+00,-1140.170334,589.280686,580.689413,1.216,0.271,0.071
3743,3.743000,744235.805891,-182203.380425,562032.425466,1.778239e+00,-1140.170340,589.280702,580.689452,2.656,0.689,0.079
3744,3.744000,744235.806478,-182157.331114,562078.475364,1.778303e+00,-1140.170346,589.280717,580.689491,1.080,0.237,0.051
3745,3.745000,744235.807065,-182111.305075,562124.501990,1.778366e+00,-1140.170351,589.280732,580.689530,1.076,0.828,0.051
3746,3.746000,744235.807652,-182065.302287,562170.505365,1.778430e+00,-1140.170357,589.280747,580.689569,1.249,0.283,0.046
3747,3.747000,744235.808239,-182019.322736,562216.485503,1.778494e+00,-1140.170363,589.280762,580.689608,1.232,0.484,0.043
3748,3.748000,744235.808826,-181973.366403,562262.442423,1.778557e+00,-1140.170368,589.280777,580.689647,1.188,0.247,0.085
3749,3.749000,744235.809412,-181927.433273,562308.376140,1.778621e+00,-1140.170374,589.280792,580.689686,1.223,18.528,0.061
3750,3.750000,744235.809990,-181881.523318,562354.286671,1.778685e+00,-1140.170379,589.280807,580.689724,1.073,0.218,0.060
3751,3.751000,744235.810558,-181835.636529,562400.174029,1.778748e+00,-1140.170385,589.280822,580.689761,1.218,0.218,0.065
3752,3.752000,744235.811125,-181789.772885,562446.038241,1.778812e+00,-1140.170391,589.280837,580.689798,1.066,0.221,0.041
3753,3.753000,744235.811693,-181743.932367,562491.879326,1.778875e+00,-1140.170396,589.280852,580.689834,1.137,0.238,0.043
3754,3.754000,744235.812261,-181698.114961,562537.697299,1.778939e+00,-1140.170402,589.280867,580.689871,1.168,0.286,0.058
3755,3.755000,744235.812828,-181652.320647,562583.492182,1.779002e+00,-1140.170408,589.280882,580.689908,1.192,0.250,0.060
3756,3.756000,744235.813396,-181606.549404,562629.263992,1.779065e+00,-1140.170413,589.280897,580.689945,1.083,0.474,0.053
3757,3.757000,744235.813967,-181560.801218,562675.012748,1.779129e+00,-1140.170420,589.280912,580.689982,1.138,0.209,0.051
3758,3.758000,744235.814541,-181515.076073,562720.738469,1.779192e+00,-1140.170426,589.280927,580.690019,1.056,0.234,0.043
3759,3.759000,744235.815116,-181469.373942,562766.441174,1.779255e+00,-1140.170433,589.280942,580.690056,1.124,0.239,0.049
3760,3.760000,744235.815691,-181423.694809,562812.120882,1.779319e+00,-1140.170439,589.280958,580.690093,1.142,0.832,0.053
3761,3.761000,744235.816265,-181378.038657,562857.777608,1.779382e+00,-1140.170446,589.280973,580.690130,1.257,0.267,0.037
3762,3.762000,744235.816840,-181332.405462,562903.411377,1.779445e+00,-1140.170453,589.280988,580.690167,1.104,0.730,0.058
3763,3.763000,744235.817414,-181286.795210,562949.022204,1.779508e+00,-1140.170459,589.281003,580.690203,1.228,0.281,0.049
3764,3.764000,744235.817989,-181241.207885,562994.610104,1.779571e+00,-1140.170466,589.281018,580.690239,1.187,0.565,0.044
3765,3.765000,744235.818564,-181195.643463,563040.175101,1.779634e+00,-1140.170472,589.281034,580.690274,1.073,0.254,0.054
3766,3.766000,744235.819139,-181150.101927,563085.717212,1.779697e+00,-1140.170479,589.281049,580.690309,1.192,0.287,0.067
3767,3.767000,744235.819714,-181104.583262,563131.236452,1.779760e+00,-1140.170486,589.281064,580.690344,1.113,0.234,0.053
3768,3.768000,744235.820288,-181059.087445,563176.732844,1.779823e+00,-1140.170492,589.281079,580.690380,1.223,0.233,0.054
3769,3.769000,744235.820863,-181013.614456,563222.206407,1.779886e+00,-1140.170499,589.281094,580.690415,1.127,0.642,0.049
3770,3.770000,744235.821438,-180968.164275,563267.657163,1.779949e+00,-1140.170505,589.281109,580.690450,1.171,0.233,0.054
3771,3.771000,744235.822012,-180922.736881,563313.085131,1.780012e+00,-1140.170512,589.281124,580.690485,1.079,0.261,0.046
3772,3.772000,744235.822573,-180877.332261,563358.490312,1.780075e+00,-1140.170519,589.281138,580.690520,1.066,0.601,0.044
3773,3.773000,744235.823118,-180831.950393,563403.872726,1.780138e+00,-1140.170525,589.281152,580.690555,1.262,0.253,0.048
3774,3.774000,744235.823665,-180786.591257,563449.232408,1.780201e+00,-1140.170532,589.281165,580.690590,1.071,0.415,0.042
3775,3.775000,744235.824211,-180741.254839,563494.569371,1.780264e+00,-1140.170538,589.281178,580.690625,1.176,0.612,0.044
3776,3.776000,744235.824756,-180695.941110,563539.883646,1.780326e+00,-1140.170545,589.281191,580.690660,1.081,0.230,0.045
3777,3.777000,744235.825302,-180650.650064,563585.175239,1.780389e+00,-1140.170551,589.281204,580.690695,1.167,0.223,0.056
3778,3.778000,744235.825848,-180605.381675,563630.444173,1.780452e+00,-1140.170558,589.281217,580.690730,1.106,0.274,0.052
3779,3.779000,744235.826394,-180560.135926,563675.690468,1.780514e+00,-1140.170564,589.281231,580.690765,1.200,0.285,0.045
3780,3.780000,744235.826940,-180514.912796,563720.914144,1.780577e+00,-1140.170571,589.281244,580.690800,1.085,0.467,0.050
3781,3.781000,744235.827485,-180469.712269,563766.115217,1.780640e+00,-1140.170577,589.281257,580.690835,1.076,0.208,0.047
3782,3.782000,744235.828031,-180424.534323,563811.293708,1.780702e+00,-1140.170584,589.281270,580.690870,1.058,0.532,0.045
3783,3.783000,744235.828577,-180379.378945,563856.449632,1.780765e+00,-1140.170590,589.281283,580.690905,1.219,0.782,0.055
3784,3.784000,744235.829122,-180334.246114,563901.583009,1.780827e+00,-1140.170597,589.281296,580.690940,4.631,0.602,0.100
3785,3.785000,744235.829668,-180289.135809,563946.693859,1.780890e+00,-1140.170603,589.281309,580.690975,1.904,1.026,0.203
3786,3.786000,744235.830214,-180244.048009,563991.782205,1.780952e+00,-1140.170610,589.281323,580.691009,1.059,1.083,0.051
3787,3.787000,744235.830760,-180198.982696,564036.848064,1.781014e+00,-1140.170616,589.281336,580.691044,1.051,0.210,0.051
3788,3.788000,744235.831306,-180153.939855,564081.891451,1.781077e+00,-1140.170623,589.281349,580.691078,1.566,0.471,0.143
3789,3.789000,744235.831852,-180108.919462,564126.912390,1.781139e+00,-1140.170629,589.281362,580.691113,1.462,2.746,0.066
3790,3.790000,744235.832398,-180063.921502,564171.910896,1.781201e+00,-1140.170636,589.281375,580.691147,2.628,5.357,0.074
3791,3.791000,744235.832944,-180018.945950,564216.886994,1.781264e+00,-1140.170642,589.281388,580.691181,11.864,3.125,0.224
3792,3.792000,744235.833490,-179973.992792,564261.840698,1.781326e+00,-1140.170649,589.281401,580.691216,1.202,5.907,0.060
3793,3.793000,744235.834036,-179929.062009,564306.772028,1.781388e+00,-1140.170655,589.281414,580.691250,1.047,1.723,2.222
3794,3.794000,744235.834582,-179884.153576,564351.681006,1.781450e+00,-1140.170662,589.281427,580.691284,1.114,21.185,0.046
3795,3.795000,744235.835128,-179839.267480,564396.567649,1.781513e+00,-1140.170668,589.281440,580.691319,1.130,0.977,0.044
3796,3.796000,744235.835674,-179794.403698,564441.431977,1.781575e+00,-1140.170674,589.281453,580.691353,1.061,0.224,0.045
3797,3.797000,744235.836221,-179749.562207,564486.274014,1.781637e+00,-1140.170681,589.281466,580.691387,1.272,0.245,0.055
3798,3.798000,744235.836767,-179704.742988,564531.093778,1.781699e+00,-1140.170687,589.281479,580.691422,1.195,0.296,0.059
3799,3.799000,744235.837313,-179659.946017,564575.891296,1.781761e+00,-1140.170694,589.281492,580.691456,1.121,0.210,0.052
3800,3.800000,744235.837858,-179615.171269,564620.666589,1.781823e+00,-1140.170700,589.281505,580.691490,2.137,0.467,0.221
3801,3.801000,744235.838404,-179570.418732,564665.419672,1.781885e+00,-1140.170707,589.281518,580.691525,1.567,1.402,0.060
3802,3.802000,744235.838950,-179525.688373,564710.150577,1.781947e+00,-1140.170713,589.281531,580.691559,3.585,0.255,0.131
3803,3.803000,744235.839496,-179480.980180,564754.859316,1.782009e+00,-1140.170719,589.281544,580.691593,1.136,0.247,0.049
3804,3.804000,744235.840042,-179436.294112,564799.545929,1.782071e+00,-1140.170726,589.281556,580.691628,1.070,0.207,0.048
3805,3.805000,744235.840588,-179391.630153,564844.210434,1.782132e+00,-1140.170732,589.281569,580.691662,10.743,12.473,0.071
3806,3.806000,744235.841137,-179346.988278,564888.852859,1.782194e+00,-1140.170739,589.281582,580.691697,1.186,95.620,0.390
3807,3.807000,744235.841689,-179302.368454,564933.473234,1.782256e+00,-1140.170747,589.281594,580.691731,1.232,0.639,0.075
3808,3.808000,744235.842241,-179257.770658,564978.071583,1.782318e+00,-1140.170754,589.281607,580.691766,13.888,2.074,0.078
3809,3.809000,744235.842793,-179213.194858,565022.647935,1.782379e+00,-1140.170761,589.281620,580.691801,3.272,0.812,0.081
3810,3.810000,744235.843345,-179168.641021,565067.202323,1.782441e+00,-1140.170769,589.281632,580.691835,2.727,0.806,0.077
3811,3.811000,744235.843896,-179124.109114,565111.734783,1.782503e+00,-1140.170776,589.281645,580.691870,15.638,1.655,0.152
3812,3.812000,744235.844448,-179079.599105,565156.245343,1.782564e+00,-1140.170784,589.281658,580.691905,4.857,1.185,0.089
3813,3.813000,744235.844999,-179035.110957,565200.734042,1.782626e+00,-1140.170791,589.281671,580.691939,1.421,0.292,0.058
3814,3.814000,744235.845554,-178990.644633,565245.200921,1.782688e+00,-1140.170799,589.281683,580.691974,1.193,0.253,0.067
3815,3.815000,744235.846112,-178946.200096,565289.646016,1.782749e+00,-1140.170807,589.281696,580.692008,2.032,0.308,0.076
3816,3.816000,744235.846670,-178901.777304,565334.069366,1.782811e+00,-1140.170815,589.281709,580.692043,44.982,6.266,0.093
3817,3.817000,744235.847228,-178857.376216,565378.471011,1.782872e+00,-1140.170824,589.281721,580.692078,1.552,0.264,0.073
3818,3.818000,744235.847786,-178812.996789,565422.850997,1.782934e+00,-1140.170832,589.281734,580.692112,1.562,1.060,0.082
3819,3.819000,744235.848344,-178768.638976,565467.209368,1.782995e+00,-1140.170841,589.281747,580.692147,6.563,17.562,0.077
3820,3.820000,744235.848902,-178724.302731,565511.546171,1.783056e+00,-1140.170849,589.281759,580.692182,2.300,0.470,0.066
3821,3.821000,744235.849460,-178679.988002,565555.861458,1.783118e+00,-1140.170858,589.281772,580.692216,2.025,0.814,0.062
3822,3.822000,744235.850020,-178635.694739,565600.155281,1.783179e+00,-1140.170866,589.281785,580.692251,2.305,0.692,0.068
3823,3.823000,744235.850579,-178591.422884,565644.427695,1.783240e+00,-1140.170875,589.281797,580.692286,4.060,0.906,0.136
3824,3.824000,744235.851138,-178547.172385,565688.678753,1.783302e+00,-1140.170884,589.281810,580.692321,1.323,0.294,0.069
3825,3.825000,744235.851630,-178502.943183,565732.908447,1.783363e+00,-1140.170899,589.281815,580.692340,1.303,0.796,0.131
3826,3.826000,744235.852054,-178458.735218,565777.116836,1.783424e+00,-1140.170919,589.281812,580.692344,1.138,2.138,0.056
3827,3.827000,744235.852478,-178414.548428,565821.304050,1.783485e+00,-1140.170939,589.281809,580.692347,1.057,13.442,0.054
3828,3.828000,744235.852903,-178370.382752,565865.470150,1.783546e+00,-1140.170959,589.281806,580.692351,1.156,0.242,0.052
3829,3.829000,744235.853327,-178326.238126,565909.615202,1.783608e+00,-1140.170980,589.281803,580.692355,1.136,4.907,0.068
3830,3.830000,744235.853752,-178282.114481,565953.739271,1.783669e+00,-1140.171000,589.281801,580.692358,0.991,0.221,0.053
3831,3.831000,744235.854176,-178238.011750,565997.842426,1.783730e+00,-1140.171020,589.281798,580.692362,1.013,0.220,0.058
3832,3.832000,744235.854601,-178193.929859,566041.924742,1.783791e+00,-1140.171040,589.281795,580.692365,37.779,0.616,0.070
3833,3.833000,744235.855025,-178149.868739,566085.986286,1.783852e+00,-1140.171060,589.281792,580.692369,1.245,0.299,0.060
3834,3.834000,744235.855450,-178105.828319,566130.027130,1.783913e+00,-1140.171081,589.281789,580.692372,2.485,0.874,0.085
3835,3.835000,744235.855874,-178061.808524,566174.047350,1.783974e+00,-1140.171101,589.281785,580.692376,1.145,0.589,0.071
3836,3.836000,744235.856298,-178017.809278,566218.047021,1.784035e+00,-1140.171121,589.281782,580.692380,1.159,0.259,0.089
3837,3.837000,744235.856723,-177973.830514,566262.026209,1.784096e+00,-1140.171141,589.281779,580.692383,2.897,0.559,0.078
3838,3.838000,744235.857147,-177929.872150,566305.984997,1.784156e+00,-1140.171161,589.281776,580.692387,1.372,2.090,0.059
3839,3.839000,744235.857571,-177885.934121,566349.923451,1.784217e+00,-1140.171181,589.281773,580.692391,1.094,0.393,0.051
3840,3.840000,744235.857996,-177842.016350,566393.841646,1.784278e+00,-1140.171201,589.281770,580.692394,2.814,0.542,0.089
3841,3.841000,744235.858420,-177798.118766,566437.739654,1.784339e+00,-1140.171222,589.281767,580.692398,2.520,30.178,0.277
3842,3.842000,744235.858844,-177754.241298,566481.617547,1.784400e+00,-1140.171242,589.281763,580.692402,2.541,0.442,0.127
3843,3.843000,744235.859269,-177710.383875,566525.475394,1.784460e+00,-1140.171262,589.281760,580.692405,1.072,5.233,0.062
3844,3.844000,744235.859693,-177666.546427,566569.313266,1.784521e+00,-1140.171282,589.281757,580.692409,1.174,11.575,0.058
3845,3.845000,744235.860118,-177622.728897,566613.131221,1.784582e+00,-1140.171302,589.281754,580.692413,1.011,0.195,0.042
3846,3.846000,744235.860542,-177578.931213,566656.929329,1.784642e+00,-1140.171322,589.281751,580.692416,1.063,0.204,0.047
3847,3.847000,744235.860966,-177535.153324,566700.707642,1.784703e+00,-1140.171342,589.281748,580.692420,1.106,0.236,0.056
3848,3.848000,744235.861391,-177491.395176,566744.466215,1.784764e+00,-1140.171362,589.281744,580.692424,1.184,0.593,0.056
3849,3.849000,744235.861815,-177447.656715,566788.205101,1.784824e+00,-1140.171382,589.281741,580.692427,1.104,1.900,0.058
3850,3.850000,744235.862240,-177403.937894,566831.924346,1.784885e+00,-1140.171402,589.281738,580.692431,1.083,0.208,0.047
3851,3.851000,744235.862664,-177360.238669,566875.623995,1.784945e+00,-1140.171421,589.281735,580.692435,1.128,5.588,0.044
3852,3.852000,744235.863089,-177316.559005,566919.304083,1.785006e+00,-1140.171441,589.281731,580.692439,1.235,0.512,0.055
3853,3.853000,744235.863513,-177272.898869,566962.964644,1.785066e+00,-1140.171461,589.281728,580.692442,1.298,0.294,0.059
3854,3.854000,744235.863938,-177229.258235,567006.605702,1.785127e+00,-1140.171481,589.281725,580.692446,1.513,3.536,0.076
3855,3.855000,744235.864362,-177185.637078,567050.227284,1.785187e+00,-1140.171501,589.281722,580.692450,1.769,0.270,0.139
3856,3.856000,744235.864786,-177142.035384,567093.829402,1.785247e+00,-1140.171521,589.281719,580.692453,1.029,10.585,0.046
3857,3.857000,744235.865210,-177098.453146,567137.412064,1.785308e+00,-1140.171541,589.281715,580.692457,1.181,13.470,0.062
3858,3.858000,744235.865635,-177054.890356,567180.975278,1.785368e+00,-1140.171560,589.281712,580.692461,1.403,0.465,0.052
3859,3.859000,744235.866059,-177011.347016,567224.519042,1.785428e+00,-1140.171580,589.281709,580.692464,1.047,0.293,0.040
3860,3.860000,744235.866483,-176967.823136,567268.043348,1.785489e+00,-1140.171600,589.281706,580.692468,1.078,0.586,0.042
3861,3.861000,744235.866907,-176924.318721,567311.548186,1.785549e+00,-1140.171620,589.281703,580.692472,1.239,0.218,0.053
3862,3.862000,744235.867332,-176880.833791,567355.033540,1.785609e+00,-1140.171639,589.281700,580.692475,2.939,0.596,0.129
3863,3.863000,744235.867756,-176837.368365,567398.499391,1.785669e+00,-1140.171659,589.281697,580.692479,1.115,0.559,0.053
3864,3.864000,744235.868179,-176793.922468,567441.945711,1.785729e+00,-1140.171679,589.281694,580.692483,1.372,0.851,0.058
3865,3.865000,744235.868601,-176750.496129,567485.372472,1.785790e+00,-1140.171698,589.281691,580.692487,1.116,0.221,0.043
3866,3.866000,744235.869024,-176707.089379,567528.779644,1.785850e+00,-1140.171718,589.281688,580.692491,1.048,0.667,0.049
3867,3.867000,744235.869446,-176663.702257,567572.167188,1.785910e+00,-1140.171737,589.281684,580.692496,1.064,0.436,0.047
3868,3.868000,744235.869868,-176620.334796,567615.535072,1.785970e+00,-1140.171757,589.281681,580.692500,1.105,0.434,0.054
3869,3.869000,744235.870291,-176576.987030,567658.883260,1.786030e+00,-1140.171776,589.281678,580.692504,5.420,0.722,0.059
3870,3.870000,744235.870673,-176533.659003,567702.211670,1.786090e+00,-1140.171796,589.281673,580.692508,1.200,1.571,0.058
3871,3.871000,744235.871015,-176490.350756,567745.520259,1.786150e+00,-1140.171815,589.281666,580.692512,1.099,24.155,0.046
3872,3.872000,744235.871358,-176447.062332,567788.809026,1.786210e+00,-1140.171835,589.281659,580.692516,1.106,0.285,0.061
3873,3.873000,744235.871700,-176403.793768,567832.077932,1.786270e+00,-1140.171855,589.281652,580.692520,1.140,0.267,0.052
3874,3.874000,744235.872042,-176360.545109,567875.326933,1.786330e+00,-1140.171874,589.281645,580.692524,1.268,0.284,0.054
3875,3.875000,744235.872384,-176317.316393,567918.555991,1.786389e+00,-1140.171894,589.281638,580.692527,1.099,0.268,0.047
3876,3.876000,744235.872726,-176274.107657,567961.765070,1.786449e+00,-1140.171913,589.281631,580.692531,1.115,0.323,0.052
3877,3.877000,744235.873069,-176230.918937,568004.954132,1.786509e+00,-1140.171933,589.281624,580.692535,1.163,0.722,0.057
3878,3.878000,744235.873411,-176187.750274,568048.123137,1.786569e+00,-1140.171952,589.281617,580.692539,1.082,2.640,0.044
3879,3.879000,744235.873753,-176144.601703,568091.272050,1.786629e+00,-1140.171972,589.281610,580.692543,1.184,0.970,0.056
3880,3.880000,744235.874095,-176101.473255,568134.400840,1.786688e+00,-1140.171991,589.281603,580.692547,1.092,0.214,0.050
3881,3.881000,744235.874438,-176058.364964,568177.509473,1.786748e+00,-1140.172011,589.281596,580.692551,1.107,1.936,0.054
3882,3.882000,744235.874780,-176015.276861,568220.597919,1.786808e+00,-1140.172030,589.281588,580.692555,1.147,6.350,0.040
3883,3.883000,744235.875122,-175972.208971,568263.666152,1.786867e+00,-1140.172050,589.281581,580.692559,1.173,0.617,0.053
3884,3.884000,744235.875465,-175929.161325,568306.714139,1.786927e+00,-1140.172069,589.281574,580.692563,1.140,0.468,0.050
3885,3.885000,744235.875807,-175886.133946,568349.741861,1.786986e+00,-1140.172089,589.281567,580.692567,1.120,0.235,0.051
3886,3.886000,744235.876150,-175843.126854,568392.749296,1.787046e+00,-1140.172108,589.281559,580.692570,1.092,0.238,0.050
3887,3.887000,744235.876492,-175800.140075,568435.736417,1.787105e+00,-1140.172127,589.281552,580.692574,1.072,0.238,0.045
3888,3.888000,744235.876834,-175757.173631,568478.703203,1.787165e+00,-1140.172147,589.281545,580.692578,3.373,0.777,0.052
3889,3.889000,744235.877177,-175714.227537,568521.649640,1.787224e+00,-1140.172166,589.281537,580.692581,1.064,0.769,0.048
3890,3.890000,744235.877519,-175671.301812,568564.575706,1.787284e+00,-1140.172186,589.281530,580.692585,1.126,0.228,0.060
3891,3.891000,744235.877861,-175628.396470,568607.481391,1.787343e+00,-1140.172205,589.281522,580.692589,1.096,0.211,0.049
3892,3.892000,744235.878203,-175585.511525,568650.366678,1.787403e+00,-1140.172224,589.281515,580.692593,1.098,0.225,0.047
3893,3.893000,744235.878545,-175542.646989,568693.231555,1.787462e+00,-1140.172244,589.281507,580.692597,1.083,0.660,0.043
3894,3.894000,744235.878887,-175499.802873,568736.076013,1.787521e+00,-1140.172263,589.281500,580.692601,1.122,0.237,0.054
3895,3.895000,744235.879229,-175456.979191,568778.900038,1.787581e+00,-1140.172282,589.281493,580.692605,1.140,0.251,0.057
3896,3.896000,744235.879571,-175414.175947,568821.703623,1.787640e+00,-1140.172301,589.281485,580.692609,1.096,0.433,0.042
3897,3.897000,744235.879912,-175371.393155,568864.486757,1.787699e+00,-1140.172321,589.281478,580.692613,1.022,0.719,0.038
3898,3.898000,744235.880254,-175328.630815,568907.249439,1.787758e+00,-1140.172340,589.281470,580.692617,1.097,2.317,0.047
3899,3.899000,744235.880596,-175285.888935,568949.991661,1.787818e+00,-1140.172359,589.281463,580.692621,1.084,0.234,0.052
3900,3.900000,744235.880938,-175243.167519,568992.713419,1.787877e+00,-1140.172378,589.281456,580.692625,1.122,0.266,0.051
3901,3.901000,744235.881280,-175200.466574,569035.414706,1.787936e+00,-1140.172397,589.281449,580.692629,1.082,0.234,0.045
3902,3.902000,744235.881622,-175157.786097,569078.095525,1.787995e+00,-1140.172417,589.281441,580.692633,6.973,1.880,0.110
3903,3.903000,744235.881964,-175115.126094,569120.755870,1.788054e+00,-1140.172436,589.281434,580.692637,1.097,0.213,0.053
3904,3.904000,744235.882306,-175072.486565,569163.395741,1.788113e+00,-1140.172455,589.281427,580.692641,1.068,0.580,0.047
3905,3.905000,744235.882648,-175029.867507,569206.015141,1.788172e+00,-1140.172474,589.281419,580.692645,1.042,0.410,0.052
3906,3.906000,744235.882990,-174987.268926,569248.614064,1.788231e+00,-1140.172494,589.281412,580.692649,1.100,0.921,0.051
3907,3.907000,744235.883332,-174944.690810,569291.192521,1.788290e+00,-1140.172513,589.281405,580.692653,1.079,0.270,0.050
3908,3.908000,744235.883674,-174902.133167,569333.750507,1.788349e+00,-1140.172532,589.281397,580.692657,1.150,0.229,0.052
3909,3.909000,744235.884016,-174859.595993,569376.288024,1.788408e+00,-1140.172551,589.281390,580.692661,1.087,3.192,0.049
3910,3.910000,744235.884359,-174817.079282,569418.805077,1.788467e+00,-1140.172570,589.281383,580.692665,1.087,0.313,0.052
3911,3.911000,744235.884701,-174774.583028,569461.301672,1.788526e+00,-1140.172589,589.281375,580.692669,1.126,0.234,0.053
3912,3.912000,744235.885043,-174732.107224,569503.777819,1.788584e+00,-1140.172608,589.281368,580.692673,1.322,0.271,0.057
3913,3.913000,744235.885385,-174689.651867,569546.233519,1.788643e+00,-1140.172626,589.281361,580.692677,1.080,0.233,0.054
3914,3.914000,744235.885728,-174647.216946,569588.668782,1.788702e+00,-1140.172645,589.281353,580.692681,1.188,0.221,0.053
3915,3.915000,744235.886070,-174604.802457,569631.083613,1.788761e+00,-1140.172664,589.281346,580.692685,1.104,0.207,0.052
3916,3.916000,744235.886409,-174562.408394,569673.478015,1.788819e+00,-1140.172683,589.281339,580.692689,1.090,0.403,0.040
3917,3.917000,744235.886746,-174520.034743,569715.852003,1.788878e+00,-1140.172702,589.281331,580.692692,1.088,0.210,0.052
3918,3.918000,744235.887083,-174477.681494,569758.205589,1.788937e+00,-1140.172721,589.281324,580.692695,1.110,0.229,0.060
3919,3.919000,744235.887420,-174435.348642,569800.538778,1.788995e+00,-1140.172740,589.281317,580.692698,1.742,0.315,0.057
3920,3.920000,744235.887757,-174393.036171,569842.851586,1.789054e+00,-1140.172759,589.281309,580.692701,1.454,1.119,0.056
3921,3.921000,744235.888094,-174350.744075,569885.144019,1.789112e+00,-1140.172778,589.281302,580.692704,1.099,0.257,0.053
3922,3.922000,744235.888431,-174308.472334,569927.416097,1.789171e+00,-1140.172797,589.281295,580.692707,1.328,0.234,0.053
3923,3.923000,744235.888768,-174266.220946,569969.667822,1.789230e+00,-1140.172816,589.281287,580.692710,1.366,0.488,0.048
3924,3.924000,744235.889105,-174223.989895,570011.899210,1.789288e+00,-1140.172834,589.281280,580.692713,1.071,0.490,0.052
3925,3.925000,744235.889442,-174181.779163,570054.110278,1.789346e+00,-1140.172853,589.281273,580.692716,1.038,0.815,0.046
3926,3.926000,744235.889778,-174139.588742,570096.301037,1.789405e+00,-1140.172871,589.281265,580.692719,1.155,0.440,0.038
3927,3.927000,744235.890115,-174097.418612,570138.471503,1.789463e+00,-1140.172890,589.281258,580.692723,1.145,0.253,0.041
3928,3.928000,744235.890452,-174055.268765,570180.621687,1.789522e+00,-1140.172909,589.281250,580.692726,1.161,0.229,0.046
3929,3.929000,744235.890789,-174013.139178,570222.751611,1.789580e+00,-1140.172927,589.281243,580.692729,1.147,0.238,0.060
3930,3.930000,744235.891126,-173971.029841,570264.861285,1.789638e+00,-1140.172946,589.281236,580.692732,1.158,0.810,0.054
3931,3.931000,744235.891463,-173928.940741,570306.950722,1.789697e+00,-1140.172965,589.281228,580.692735,1.124,0.224,0.045
3932,3.932000,744235.891800,-173886.871863,570349.019937,1.789755e+00,-1140.172983,589.281221,580.692738,1.102,0.444,0.056
3933,3.933000,744235.892137,-173844.823188,570391.068949,1.789813e+00,-1140.173002,589.281214,580.692741,1.112,0.205,0.052
3934,3.934000,744235.892474,-173802.794698,570433.097776,1.789871e+00,-1140.173020,589.281206,580.692744,1.122,0.208,0.056
3935,3.935000,744235.892811,-173760.786382,570475.106429,1.789929e+00,-1140.173039,589.281199,580.692747,1.270,0.388,0.046
3936,3.936000,744235.893147,-173718.798218,570517.094930,1.789988e+00,-1140.173057,589.281192,580.692751,1.097,0.534,0.052
3937,3.937000,744235.893484,-173676.830194,570559.063290,1.790046e+00,-1140.173076,589.281184,580.692754,1.080,0.213,0.048
3938,3.938000,744235.893821,-173634.882293,570601.011529,1.790104e+00,-1140.173094,589.281177,580.692757,1.133,0.374,0.049
3939,3.939000,744235.894158,-173592.954498,570642.939660,1.790162e+00,-1140.173113,589.281170,580.692760,1.111,0.424,0.047
3940,3.940000,744235.894494,-173551.046793,570684.847702,1.790220e+00,-1140.173132,589.281162,580.692763,1.702,0.234,0.050
3941,3.941000,744235.894829,-173509.159158,570726.735671,1.790278e+00,-1140.173150,589.281155,580.692767,1.123,0.441,0.053
3942,3.942000,744235.895163,-173467.291579,570768.603584,1.790336e+00,-1140.173169,589.281147,580.692770,1.224,0.391,0.053
3943,3.943000,744235.895496,-173425.444038,570810.451458,1.790394e+00,-1140.173187,589.281140,580.692773,1.187,0.330,0.052
3944,3.944000,744235.895829,-173383.616518,570852.279311,1.790452e+00,-1140.173206,589.281133,580.692776,1.098,0.256,0.045
3945,3.945000,744235.896162,-173341.809003,570894.087159,1.790510e+00,-1140.173224,589.281125,580.692779,1.130,0.554,0.046
3946,3.946000,744235.896495,-173300.021473,570935.875022,1.790567e+00,-1140.173242,589.281118,580.692781,1.061,0.503,0.047
3947,3.947000,744235.896829,-173258.253912,570977.642917,1.790625e+00,-1140.173261,589.281110,580.692784,1.097,0.438,0.062
3948,3.948000,744235.897162,-173216.506304,571019.390857,1.790683e+00,-1140.173279,589.281103,580.692787,1.157,0.543,0.048
3949,3.949000,744235.897495,-173174.778632,571061.118863,1.790741e+00,-1140.173298,589.281096,580.692790,1.145,0.559,0.044
3950,3.950000,744235.897828,-173133.070876,571102.826952,1.790799e+00,-1140.173316,589.281088,580.692793,1.140,0.478,0.044
3951,3.951000,744235.898161,-173091.383023,571144.515138,1.790856e+00,-1140.173335,589.281081,580.692796,1.204,0.252,0.059
3952,3.952000,744235.898494,-173049.715053,571186.183441,1.790914e+00,-1140.173353,589.281073,580.692799,1.110,0.226,0.066
3953,3.953000,744235.898827,-173008.066949,571227.831878,1.790972e+00,-1140.173372,589.281066,580.692802,1.130,0.501,0.046
3954,3.954000,744235.899160,-172966.438700,571269.460461,1.791029e+00,-1140.173390,589.281058,580.692804,1.072,0.417,0.051
3955,3.955000,744235.899494,-172924.830287,571311.069207,1.791087e+00,-1140.173409,589.281051,580.692807,1.238,0.295,0.058
3956,3.956000,744235.899827,-172883.241697,571352.658130,1.791145e+00,-1140.173427,589.281044,580.692810,1.204,0.231,0.067
3957,3.957000,744235.900159,-172841.672910,571394.227249,1.791202e+00,-1140.173446,589.281036,580.692813,1.094,0.213,0.050
3958,3.958000,744235.900492,-172800.123915,571435.776577,1.791260e+00,-1140.173464,589.281029,580.692816,1.104,0.861,0.051
3959,3.959000,744235.900825,-172758.594690,571477.306135,1.791317e+00,-1140.173483,589.281021,580.692819,1.152,0.205,0.052
3960,3.960000,744235.901158,-172717.085224,571518.815934,1.791375e+00,-1140.173501,589.281014,580.692822,1.228,0.611,0.056
3961,3.961000,744235.901491,-172675.595500,571560.305991,1.791432e+00,-1140.173520,589.281006,580.692825,1.062,2.362,0.048
3962,3.962000,744235.901824,-172634.125504,571601.776320,1.791489e+00,-1140.173538,589.280999,580.692828,1.092,0.256,0.045
3963,3.963000,744235.902157,-172592.675218,571643.226939,1.791547e+00,-1140.173557,589.280992,580.692831,1.159,0.240,0.051
3964,3.964000,744235.902490,-172551.244625,571684.657864,1.791604e+00,-1140.173575,589.280984,580.692834,1.323,0.513,0.051
3965,3.965000,744235.902823,-172509.833715,571726.069108,1.791662e+00,-1140.173594,589.280977,580.692837,1.064,0.606,0.044
3966,3.966000,744235.903156,-172468.442467,571767.460689,1.791719e+00,-1140.173612,589.280969,580.692840,1.091,0.694,0.047
3967,3.967000,744235.903488,-172427.070867,571808.832621,1.791776e+00,-1140.173630,589.280962,580.692843,1.260,0.469,0.069
3968,3.968000,744235.903821,-172385.718907,571850.184915,1.791833e+00,-1140.173649,589.280954,580.692846,1.223,0.233,0.047
3969,3.969000,744235.904154,-172344.386564,571891.517591,1.791891e+00,-1140.173667,589.280947,580.692849,1.137,0.216,0.048
3970,3.970000,744235.904484,-172303.073828,571932.830655,1.791948e+00,-1140.173686,589.280940,580.692851,1.101,0.214,0.043
3971,3.971000,744235.904810,-172261.780684,571974.124126,1.792005e+00,-1140.173704,589.280932,580.692853,1.039,0.596,0.052
3972,3.972000,744235.905136,-172220.507119,572015.398017,1.792062e+00,-1140.173723,589.280925,580.692855,1.229,0.318,0.053
3973,3.973000,744235.905461,-172179.253118,572056.652344,1.792119e+00,-1140.173741,589.280917,580.692857,1.034,0.513,0.049
3974,3.974000,744235.905787,-172138.018669,572097.887118,1.792176e+00,-1140.173760,589.280910,580.692859,1.188,0.240,0.050
3975,3.975000,744235.906113,-172096.803756,572139.102358,1.792233e+00,-1140.173778,589.280902,580.692861,1.080,2.053,0.059
3976,3.976000,744235.906439,-172055.608365,572180.298075,1.792291e+00,-1140.173796,589.280895,580.692863,1.153,2.027,0.047
3977,3.977000,744235.906766,-172014.432482,572221.474284,1.792348e+00,-1140.173815,589.280887,580.692865,1.156,0.259,0.060
3978,3.978000,744235.907092,-171973.276094,572262.630997,1.792405e+00,-1140.173833,589.280880,580.692867,1.219,0.335,0.059
3979,3.979000,744235.907418,-171932.139189,572303.768229,1.792462e+00,-1140.173852,589.280872,580.692870,3.004,0.453,0.102
3980,3.980000,744235.907744,-171891.021758,572344.885986,1.792518e+00,-1140.173870,589.280864,580.692872,3.649,3.842,0.080
3981,3.981000,744235.908070,-171849.923783,572385.984286,1.792575e+00,-1140.173889,589.280857,580.692874,62.833,4.564,0.111
3982,3.982000,744235.908396,-171808.845251,572427.063145,1.792632e+00,-1140.173907,589.280849,580.692876,4.235,3.200,0.067
3983,3.983000,744235.908722,-171767.786147,572468.122575,1.792689e+00,-1140.173925,589.280842,580.692878,2.530,2.018,0.121
3984,3.984000,744235.909048,-171726.746464,572509.162584,1.792746e+00,-1140.173944,589.280834,580.692880,25.301,2.774,0.074
3985,3.985000,744235.909374,-171685.726186,572550.183188,1.792803e+00,-1140.173962,589.280826,580.692882,1.965,0.499,0.144
3986,3.986000,744235.909700,-171644.725295,572591.184405,1.792859e+00,-1140.173981,589.280818,580.692884,1.569,55.331,0.171
3987,3.987000,744235.910025,-171603.743781,572632.166244,1.792916e+00,-1140.173999,589.280810,580.692886,1.275,0.264,0.075
3988,3.988000,744235.910350,-171562.781635,572673.128715,1.792973e+00,-1140.174018,589.280802,580.692888,1.665,4.677,0.073
3989,3.989000,744235.910676,-171521.838841,572714.071835,1.793030e+00,-1140.174036,589.280794,580.692889,11.224,0.613,0.132
3990,3.990000,744235.911001,-171480.915388,572754.995613,1.793086e+00,-1140.174055,589.280787,580.692891,1.284,0.578,0.063
3991,3.991000,744235.911326,-171440.011264,572795.900062,1.793143e+00,-1140.174073,589.280779,580.692893,1.108,0.272,0.064
3992,3.992000,744235.911651,-171399.126454,572836.785197,1.793200e+00,-1140.174091,589.280771,580.692894,1.622,0.805,0.062
3993,3.993000,744235.911976,-171358.260946,572877.651030,1.793256e+00,-1140.174110,589.280763,580.692896,1.117,1.300,0.058
3994,3.994000,744235.912301,-171317.414728,572918.497574,1.793313e+00,-1140.174128,589.280755,580.692898,1.987,0.543,0.062
3995,3.995000,744235.912627,-171276.587786,572959.324841,1.793369e+00,-1140.174147,589.280747,580.692899,1.320,0.262,0.071
3996,3.996000,744235.912952,-171235.780110,573000.132842,1.793426e+00,-1140.174165,589.280739,580.692901,1.607,2.969,0.066
3997,3.997000,744235.913277,-171194.991686,573040.921591,1.793482e+00,-1140.174184,589.280731,580.692903,2.664,5.042,0.123
3998,3.998000,744235.913603,-171154.222500,573081.691102,1.793539e+00,-1140.174202,589.280723,580.692904,1.071,0.219,0.056
3999,3.999000,744235.913928,-171113.472543,573122.441385,1.793595e+00,-1140.174221,589.280715,580.692906,5.787,3.689,0.078
4000,4.000000,744235.914253,-171072.741800,573163.172454,1.793652e+00,-1140.174239,589.280707,580.692908,1.072,0.221,0.060
4001,4.001000,744235.914579,-171032.030256,573203.884323,1.793708e+00,-1140.174257,589.280700,580.692909,5.675,0.238,0.055
4002,4.002000,744235.914905,-170991.337901,573244.577004,1.793764e+00,-1140.174275,589.280692,580.692910,2.945,0.540,0.094
4003,4.003000,744235.915231,-170950.664721,573285.250510,1.793821e+00,-1140.174294,589.280684,580.692912,1.175,0.228,0.060
4004,4.004000,744235.915555,-170910.010703,573325.904852,1.793877e+00,-1140.174312,589.280676,580.692913,2.020,0.467,0.139
4005,4.005000,744235.915875,-170869.375829,573366.540045,1.793933e+00,-1140.174330,589.280668,580.692913,1.171,0.549,0.068
4006,4.006000,744235.916195,-170828.760093,573407.156102,1.793989e+00,-1140.174348,589.280660,580.692914,1.302,0.290,0.106
4007,4.007000,744235.916515,-170788.163479,573447.753036,1.794046e+00,-1140.174366,589.280653,580.692914,4.188,0.617,0.089
4008,4.008000,744235.916835,-170747.585976,573488.330859,1.794102e+00,-1140.174385,589.280645,580.692915,2.864,1.049,0.600
4009,4.009000,744235.917154,-170707.027569,573528.889585,1.794158e+00,-1140.174403,589.280637,580.692916,3.380,14.818,0.176
4010,4.010000,744235.917472,-170666.488248,573569.429224,1.794214e+00,-1140.174420,589.280629,580.692916,1.149,0.257,0.057
4011,4.011000,744235.917791,-170625.967996,573609.949795,1.794270e+00,-1140.174438,589.280622,580.692917,5.072,6.157,0.053
4012,4.012000,744235.918109,-170585.466795,573650.451314,1.794326e+00,-1140.174456,589.280614,580.692918,1.518,0.272,0.069
4013,4.013000,744235.918428,-170544.984635,573690.933793,1.794382e+00,-1140.174474,589.280606,580.692919,1.059,0.239,0.059
4014,4.014000,744235.918747,-170504.521506,573731.397241,1.794438e+00,-1140.174491,589.280599,580.692920,1.912,0.274,0.137
4015,4.015000,744235.919065,-170464.077394,573771.841671,1.794494e+00,-1140.174509,589.280591,580.692921,1.299,0.216,0.051
4016,4.016000,744235.919384,-170423.652283,573812.267101,1.794550e+00,-1140.174527,589.280584,580.692921,1.046,0.654,0.051
4017,4.017000,744235.919703,-170383.246162,573852.673540,1.794606e+00,-1140.174545,589.280576,580.692922,5.860,5.220,1.583
4018,4.018000,744235.920021,-170342.859016,573893.061005,1.794662e+00,-1140.174562,589.280568,580.692923,1.315,1.078,0.074
4019,4.019000,744235.920340,-170302.490830,573933.429510,1.794718e+00,-1140.174580,589.280561,580.692924,1.118,0.273,0.068
4020,4.020000,744235.920659,-170262.141591,573973.779067,1.794774e+00,-1140.174598,589.280553,580.692925,1.831,0.439,0.083
4021,4.021000,744235.920977,-170221.811285,574014.109693,1.794830e+00,-1140.174616,589.280546,580.692925,1.175,0.267,0.055
4022,4.022000,744235.921296,-170181.499897,574054.421399,1.794886e+00,-1140.174633,589.280538,580.692926,1.036,0.603,0.054
4023,4.023000,744235.921615,-170141.207414,574094.714201,1.794941e+00,-1140.174651,589.280530,580.692927,1.503,0.276,0.068
4024,4.024000,744235.921935,-170100.933822,574134.988113,1.794997e+00,-1140.174668,589.280523,580.692928,1.629,0.533,0.076
4025,4.025000,744235.922254,-170060.679104,574175.243150,1.795053e+00,-1140.174686,589.280515,580.692929,1.091,18.896,0.056
4026,4.026000,744235.922574,-170020.443251,574215.479322,1.795109e+00,-1140.174703,589.280508,580.692930,2.732,3.935,0.056
4027,4.027000,744235.922893,-169980.226248,574255.696645,1.795164e+00,-1140.174721,589.280500,580.692931,1.065,0.237,0.052
4028,4.028000,744235.923213,-169940.028078,574295.895135,1.795220e+00,-1140.174738,589.280492,580.692932,1.282,0.243,0.062
4029,4.029000,744235.923532,-169899.848728,574336.074805,1.795276e+00,-1140.174755,589.280485,580.692933,1.430,0.291,0.060
4030,4.030000,744235.923852,-169859.688187,574376.235665,1.795331e+00,-1140.174773,589.280477,580.692934,1.100,0.813,0.069
4031,4.031000,744235.924171,-169819.546438,574416.377734,1.795387e+00,-1140.174790,589.280470,580.692935,1.197,1.947,0.072
4032,4.032000,744235.924491,-169779.423468,574456.501023,1.795442e+00,-1140.174807,589.280462,580.692936,3.235,0.718,0.180
4033,4.033000,744235.924810,-169739.319262,574496.605548,1.795498e+00,-1140.174825,589.280455,580.692937,2.538,0.372,0.139
4034,4.034000,744235.925130,-169699.233808,574536.691322,1.795553e+00,-1140.174842,589.280447,580.692938,1.898,3.597,0.062
4035,4.035000,744235.925449,-169659.167091,574576.758359,1.795609e+00,-1140.174859,589.280439,580.692939,6.368,1.727,0.061
4036,4.036000,744235.925768,-169619.119099,574616.806669,1.795664e+00,-1140.174876,589.280432,580.692940,2.796,3.823,0.060
4037,4.037000,744235.926087,-169579.089809,574656.836279,1.795720e+00,-1140.174893,589.280424,580.692941,1.228,5.074,0.102
4038,4.038000,744235.926407,-169539.079214,574696.847193,1.795775e+00,-1140.174910,589.280417,580.692942,1.028,24.702,0.059
4039,4.039000,744235.926726,-169499.087302,574736.839424,1.795831e+00,-1140.174928,589.280409,580.692943,1.161,1.312,0.072
4040,4.040000,744235.927045,-169459.114055,574776.812990,1.795886e+00,-1140.174945,589.280402,580.692944,1.057,0.663,0.051
4041,4.041000,744235.927364,-169419.159459,574816.767905,1.795941e+00,-1140.174962,589.280394,580.692945,2.398,0.857,0.056
4042,4.042000,744235.927683,-169379.223498,574856.704185,1.795997e+00,-1140.174979,589.280387,580.692946,1.068,0.247,0.063
4043,4.043000,744235.928002,-169339.306162,574896.621840,1.796052e+00,-1140.174996,589.280379,580.692948,1.156,1.058,0.053
4044,4.044000,744235.928322,-169299.407438,574936.520884,1.796107e+00,-1140.175013,589.280371,580.692949,2.546,2.820,0.074
4045,4.045000,744235.928630,-169259.527309,574976.401321,1.796162e+00,-1140.175030,589.280364,580.692949,1.237,0.306,0.072
4046,4.046000,744235.928927,-169219.665765,575016.263162,1.796217e+00,-1140.175047,589.280356,580.692948,1.163,0.582,0.059
4047,4.047000,744235.929224,-169179.822788,575056.106436,1.796273e+00,-1140.175064,589.280349,580.692947,3.467,0.291,0.128
4048,4.048000,744235.929522,-169139.998364,575095.931157,1.796328e+00,-1140.175081,589.280341,580.692946,1.624,0.316,0.055
4049,4.049000,744235.929819,-169100.192484,575135.737334,1.796383e+00,-1140.175098,589.280334,580.692945,1.096,0.247,0.071
4050,4.050000,744235.930076,-169060.405130,575175.524946,1.796438e+00,-1140.175115,589.280328,580.692945,1.349,0.984,0.060
4051,4.051000,744235.930293,-169020.636292,575215.294002,1.796493e+00,-1140.175133,589.280324,580.692944,1.064,0.209,0.056
4052,4.052000,744235.930510,-168980.885955,575255.044555,1.796548e+00,-1140.175150,589.280320,580.692943,1.197,1.547,0.064
4053,4.053000,744235.930728,-168941.154106,575294.776621,1.796603e+00,-1140.175167,589.280317,580.692942,1.063,0.243,0.044
4054,4.054000,744235.930945,-168901.440728,575334.490217,1.796658e+00,-1140.175184,589.280313,580.692941,1.239,2.425,0.052
4055,4.055000,744235.931162,-168861.745815,575374.185347,1.796713e+00,-1140.175201,589.280309,580.692940,1.092,0.396,0.057
4056,4.056000,744235.931379,-168822.069353,575413.862027,1.796768e+00,-1140.175218,589.280305,580.692940,1.206,0.263,0.057
4057,4.057000,744235.931597,-168782.411327,575453.520270,1.796823e+00,-1140.175235,589.280302,580.692939,1.173,0.315,0.050
4058,4.058000,744235.931814,-168742.771727,575493.160087,1.796878e+00,-1140.175252,589.280298,580.692938,1.197,0.261,0.059
4059,4.059000,744235.932031,-168703.150535,575532.781496,1.796933e+00,-1140.175270,589.280294,580.692937,1.163,0.266,0.065
4060,4.060000,744235.932248,-168663.547743,575572.384505,1.796988e+00,-1140.175287,589.280290,580.692936,1.459,0.333,0.054
4061,4.061000,744235.932465,-168623.963340,575611.969126,1.797042e+00,-1140.175304,589.280287,580.692935,1.097,0.244,0.056
4062,4.062000,744235.932683,-168584.397311,575651.535372,1.797097e+00,-1140.175321,589.280283,580.692935,1.256,4.359,0.055
4063,4.063000,744235.932900,-168544.849645,575691.083254,1.797152e+00,-1140.175338,589.280279,580.692934,1.220,1.067,0.059
4064,4.064000,744235.933117,-168505.320334,575730.612783,1.797207e+00,-1140.175355,589.280275,580.692933,1.244,0.249,0.051
4065,4.065000,744235.933334,-168465.809362,575770.123972,1.797261e+00,-1140.175372,589.280272,580.692932,1.182,0.222,0.048
4066,4.066000,744235.933552,-168426.316721,575809.616832,1.797316e+00,-1140.175389,589.280268,580.692931,1.128,0.214,0.052
4067,4.067000,744235.933771,-168386.842395,575849.091376,1.797371e+00,-1140.175406,589.280264,580.692930,1.044,0.199,0.049
4068,4.068000,744235.933990,-168347.386379,575888.547610,1.797425e+00,-1140.175423,589.280260,580.692930,1.110,0.640,0.051
4069,4.069000,744235.934208,-168307.948654,575927.985554,1.797480e+00,-1140.175439,589.280257,580.692929,1.155,0.248,0.054
4070,4.070000,744235.934427,-168268.529213,575967.405214,1.797535e+00,-1140.175456,589.280253,580.692928,5.145,1.244,0.057
4071,4.071000,744235.934646,-168229.128047,576006.806599,1.797589e+00,-1140.175473,589.280249,580.692927,1.167,0.271,0.049
4072,4.072000,744235.934864,-168189.745146,576046.189718,1.797644e+00,-1140.175489,589.280245,580.692927,1.184,2.387,0.043
4073,4.073000,744235.935083,-168150.380496,576085.554587,1.797698e+00,-1140.175506,589.280242,580.692926,1.236,0.247,0.059
4074,4.074000,744235.935301,-168111.034087,576124.901213,1.797753e+00,-1140.175523,589.280238,580.692925,1.113,0.210,0.058
4075,4.075000,744235.935519,-168071.705908,576164.229611,1.797807e+00,-1140.175539,589.280234,580.692925,1.112,0.430,0.055
4076,4.076000,744235.935737,-168032.395949,576203.539788,1.797861e+00,-1140.175556,589.280231,580.692924,1.144,0.658,0.061
4077,4.077000,744235.935956,-167993.104203,576242.831753,1.797916e+00,-1140.175572,589.280227,580.692924,1.133,0.674,0.054
4078,4.078000,744235.936174,-167953.830658,576282.105516,1.797970e+00,-1140.175589,589.280223,580.692923,1.073,0.210,0.049
4079,4.079000,744235.936392,-167914.575304,576321.361088,1.798025e+00,-1140.175606,589.280219,580.692923,1.085,0.211,0.054
4080,4.080000,744235.936611,-167875.338135,576360.598475,1.798079e+00,-1140.175622,589.280216,580.692922,1.198,0.224,0.049
4081,4.081000,744235.936825,-167836.119140,576399.817685,1.798133e+00,-1140.175639,589.280212,580.692921,1.028,0.503,0.057
4082,4.082000,744235.937037,-167796.918308,576439.018728,1.798188e+00,-1140.175655,589.280208,580.692920,1.427,0.470,0.058
4083,4.083000,744235.937247,-167757.735628,576478.201619,1.798242e+00,-1140.175672,589.280204,580.692918,1.225,0.290,0.070
4084,4.084000,744235.937457,-167718.571095,576517.366362,1.798296e+00,-1140.175689,589.280201,580.692916,1.191,0.496,0.064
4085,4.085000,744235.937666,-167679.424699,576556.512967,1.798350e+00,-1140.175705,589.280197,580.692914,1.283,0.228,0.072
4086,4.086000,744235.937876,-167640.296427,576595.641449,1.798404e+00,-1140.175722,589.280193,580.692912,1.845,2.253,0.050
4087,4.087000,744235.938085,-167601.186273,576634.751812,1.798459e+00,-1140.175738,589.280189,580.692910,1.115,0.258,0.051
4088,4.088000,744235.938294,-167562.094225,576673.844069,1.798513e+00,-1140.175755,589.280186,580.692908,1.457,0.372,0.060
4089,4.089000,744235.938504,-167523.020276,576712.918228,1.798567e+00,-1140.175772,589.280182,580.692906,5.208,0.819,0.113
4090,4.090000,744235.938713,-167483.964414,576751.974300,1.798621e+00,-1140.175788,589.280178,580.692904,1.125,0.430,0.055
4091,4.091000,744235.938923,-167444.926630,576791.012293,1.798675e+00,-1140.175805,589.280174,580.692902,1.170,0.466,0.052
4092,4.092000,744235.939133,-167405.906920,576830.032213,1.798729e+00,-1140.175821,589.280171,580.692900,1.132,0.284,0.059
4093,4.093000,744235.939342,-167366.905272,576869.034070,1.798783e+00,-1140.175838,589.280167,580.692898,1.121,0.256,0.059
4094,4.094000,744235.939552,-167327.921677,576908.017874,1.798837e+00,-1140.175855,589.280164,580.692896,1.148,0.235,0.049
4095,4.095000,744235.939761,-167288.956126,576946.983635,1.798891e+00,-1140.175871,589.280160,580.692894,1.084,1.149,0.045
4096,4.096000,744235.939971,-167250.008610,576985.931361,1.798945e+00,-1140.175888,589.280156,580.692892,1.113,0.718,0.047
4097,4.097000,744235.940180,-167211.079120,577024.861059,1.798999e+00,-1140.175904,589.280153,580.692890,1.280,0.244,0.068
4098,4.098000,744235.940384,-167172.167646,577063.772738,1.799053e+00,-1140.175920,589.280149,580.692887,7.394,0.485,0.064
4099,4.099000,744235.940585,-167133.274182,577102.666403,1.799106e+00,-1140.175936,589.280146,580.692884,1.062,1.645,0.059
4100,4.100000,744235.940786,-167094.398717,577141.542069,1.799160e+00,-1140.175952,589.280142,580.692882,1.151,0.274,0.063
4101,4.101000,744235.940987,-167055.541243,577180.399744,1.799214e+00,-1140.175968,589.280139,580.692879,1.228,0.266,0.064
4102,4.102000,744235.941188,-167016.701750,577219.239439,1.799268e+00,-1140.175984,589.280135,580.692876,1.129,0.296,0.056
4103,4.103000,744235.941389,-166977.880228,577258.061161,1.799322e+00,-1140.176000,589.280131,580.692873,1.085,0.328,0.051
4104,4.104000,744235.941589,-166939.076670,577296.864920,1.799375e+00,-1140.176015,589.280128,580.692870,1.126,0.229,0.049
4105,4.105000,744235.941789,-166900.291066,577335.650723,1.799429e+00,-1140.176031,589.280124,580.692867,1.130,0.832,0.053
4106,4.106000,744235.941988,-166861.523407,577374.418582,1.799483e+00,-1140.176046,589.280121,580.692864,2.858,0.282,0.135
4107,4.107000,744235.942188,-166822.773682,577413.168506,1.799536e+00,-1140.176061,589.280117,580.692861,1.997,0.259,0.100
4108,4.108000,744235.942387,-166784.041888,577451.900499,1.799590e+00,-1140.176077,589.280113,580.692858,2.511,0.476,0.121
4109,4.109000,744235.942587,-166745.328013,577490.614574,1.799644e+00,-1140.176092,589.280110,580.692855,1.197,0.357,0.064
4110,4.110000,744235.942786,-166706.632043,577529.310744,1.799697e+00,-1140.176107,589.280106,580.692852,1.198,0.589,0.069
4111,4.111000,744235.942986,-166667.953970,577567.989016,1.799751e+00,-1140.176123,589.280103,580.692849,1.275,0.238,0.053
4112,4.112000,744235.943186,-166629.293786,577606.649400,1.799804e+00,-1140.176138,589.280099,580.692847,1.110,0.207,0.050
4113,4.113000,744235.943385,-166590.651482,577645.291903,1.799858e+00,-1140.176153,589.280095,580.692844,1.163,0.233,0.057
4114,4.114000,744235.943585,-166552.027045,577683.916540,1.799911e+00,-1140.176168,589.280092,580.692841,1.217,0.515,0.058
4115,4.115000,744235.943784,-166513.420469,577722.523316,1.799965e+00,-1140.176183,589.280088,580.692838,1.238,0.259,0.053
4116,4.116000,744235.943984,-166474.831747,577761.112237,1.800018e+00,-1140.176199,589.280085,580.692835,1.344,0.225,0.112
4117,4.117000,744235.944180,-166436.260864,577799.683316,1.800072e+00,-1140.176214,589.280081,580.692832,1.189,0.227,0.055
4118,4.118000,744235.944372,-166397.707810,577838.236562,1.800125e+00,-1140.176229,589.280077,580.692831,1.142,0.213,0.086
4119,4.119000,744235.944565,-166359.172579,577876.771985,1.800178e+00,-1140.176244,589.280074,580.692829,1.184,0.803,0.112
4120,4.120000,744235.944757,-166320.655157,577915.289600,1.800232e+00,-1140.176260,589.280070,580.692827,1.176,0.969,0.060
4121,4.121000,744235.944949,-166282.155539,577953.789410,1.800285e+00,-1140.176275,589.280066,580.692825,1.111,0.214,0.065
4122,4.122000,744235.945142,-166243.673715,577992.271427,1.800338e+00,-1140.176290,589.280062,580.692823,1.143,0.227,0.060
4123,4.123000,744235.945335,-166205.209671,578030.735663,1.800392e+00,-1140.176305,589.280059,580.692821,1.135,1.637,0.052
4124,4.124000,744235.945527,-166166.763401,578069.182127,1.800445e+00,-1140.176320,589.280055,580.692819,2.628,0.989,0.052
4125,4.125000,744235.945720,-166128.334890,578107.610830,1.800498e+00,-1140.176335,589.280051,580.692817,1.073,0.414,0.048
4126,4.126000,744235.945912,-166089.924137,578146.021776,1.800551e+00,-1140.176350,589.280047,580.692815,1.204,0.244,0.067
4127,4.127000,744235.946105,-166051.531127,578184.414978,1.800604e+00,-1140.176365,589.280043,580.692813,1.249,0.548,0.062
4128,4.128000,744235.946298,-166013.155848,578222.790450,1.800658e+00,-1140.176380,589.280039,580.692811,1.473,0.244,0.058
4129,4.129000,744235.946490,-165974.798293,578261.148197,1.800711e+00,-1140.176395,589.280035,580.692809,1.091,0.246,0.061
4130,4.130000,744235.946683,-165936.458453,578299.488230,1.800764e+00,-1140.176410,589.280031,580.692807,1.094,0.245,0.055
4131,4.131000,744235.946875,-165898.136318,578337.810557,1.800817e+00,-1140.176425,589.280027,580.692805,1.138,0.213,0.051
4132,4.132000,744235.947068,-165859.831877,578376.115191,1.800870e+00,-1140.176440,589.280023,580.692803,1.123,0.674,0.056
4133,4.133000,744235.947261,-165821.545121,578414.402139,1.800923e+00,-1140.176455,589.280019,580.692801,1.942,1.131,0.114
4134,4.134000,744235.947453,-165783.276040,578452.671413,1.800976e+00,-1140.176470,589.280015,580.692799,1.089,0.220,0.054
4135,4.135000,744235.947646,-165745.024622,578490.923024,1.801029e+00,-1140.176485,589.280011,580.692797,1.089,0.248,0.051
4136,4.136000,744235.947838,-165706.790861,578529.156977,1.801082e+00,-1140.176500,589.280007,580.692795,1.042,0.200,0.049
4137,4.137000,744235.948031,-165668.574746,578567.373285,1.801135e+00,-1140.176515,589.280003,580.692793,1.191,0.324,0.047
4138,4.138000,744235.948224,-165630.376270,578605.571954,1.801188e+00,-1140.176530,589.279999,580.692791,1.126,1.084,0.051
4139,4.139000,744235.948416,-165592.195417,578643.752999,1.801240e+00,-1140.176544,589.279995,580.692789,1.159,1.459,0.044
4140,4.140000,744235.948609,-165554.032188,578681.916421,1.801293e+00,-1140.176559,589.279991,580.692787,1.109,0.464,0.051
4141,4.141000,744235.948802,-165515.886566,578720.062236,1.801346e+00,-1140.176574,589.279986,580.692786,1.104,0.217,0.051
4142,4.142000,744235.948995,-165477.758545,578758.190450,1.801399e+00,-1140.176589,589.279982,580.692784,1.093,0.217,0.053
4143,4.143000,744235.949188,-165439.648111,578796.301077,1.801452e+00,-1140.176604,589.279978,580.692782,1.175,0.977,0.054
4144,4.144000,744235.949381,-165401.555256,578834.394125,1.801504e+00,-1140.176618,589.279974,580.692780,1.368,0.274,0.067
4145,4.145000,744235.949574,-165363.479977,578872.469597,1.801557e+00,-1140.176633,589.279970,580.692778,1.208,0.255,0.059
4146,4.146000,744235.949767,-165325.422263,578910.527504,1.801610e+00,-1140.176648,589.279966,580.692776,1.203,0.376,0.064
4147,4.147000,744235.949960,-165287.382103,578948.567857,1.801662e+00,-1140.176662,589.279962,580.692774,1.150,0.231,0.062
4148,4.148000,744235.950153,-165249.359489,578986.590664,1.801715e+00,-1140.176677,589.279959,580.692772,1.506,0.605,0.050
4149,4.149000,744235.950346,-165211.354414,579024.595932,1.801768e+00,-1140.176692,589.279955,580.692770,2.149,1.283,0.138
4150,4.150000,744235.950539,-165173.366869,579062.583671,1.801820e+00,-1140.176706,589.279951,580.692768,1.141,0.263,0.077
4151,4.151000,744235.950732,-165135.396840,579100.553892,1.801873e+00,-1140.176721,589.279947,580.692766,1.571,1.202,0.067
4152,4.152000,744235.950925,-165097.444325,579138.506600,1.801925e+00,-1140.176735,589.279943,580.692764,1.053,23.211,0.048
4153,4.153000,744235.951118,-165059.509312,579176.441806,1.801978e+00,-1140.176750,589.279939,580.692762,1.171,0.228,0.048
4154,4.154000,744235.951311,-165021.591789,579214.359523,1.802031e+00,-1140.176765,589.279935,580.692760,1.066,0.448,0.071
4155,4.155000,744235.951504,-164983.691752,579252.259752,1.802083e+00,-1140.176779,589.279932,580.692758,1.063,9.448,0.049
4156,4.156000,744235.951697,-164945.809193,579290.142505,1.802135e+00,-1140.176794,589.279928,580.692756,2.444,0.854,0.111
4157,4.157000,744235.951890,-164907.944101,579328.007790,1.802188e+00,-1140.176809,589.279924,580.692754,1.223,0.897,0.053
4158,4.158000,744235.952083,-164870.096471,579365.855613,1.802240e+00,-1140.176823,589.279920,580.692752,1.112,0.349,0.058
4159,4.159000,744235.952276,-164832.266292,579403.685984,1.802293e+00,-1140.176838,589.279916,580.692750,1.090,1.043,0.048
4160,4.160000,744235.952470,-164794.453552,579441.498918,1.802345e+00,-1140.176852,589.279912,580.692748,0.997,8.239,0.058
4161,4.161000,744235.952663,-164756.658243,579479.294419,1.802397e+00,-1140.176867,589.279908,580.692746,1.016,2.455,0.053
4162,4.162000,744235.952856,-164718.880361,579517.072494,1.802450e+00,-1140.176882,589.279904,580.692744,6.215,2.326,0.074
4163,4.163000,744235.953049,-164681.119895,579554.833154,1.802502e+00,-1140.176896,589.279901,580.692742,2.113,0.250,0.074
4164,4.164000,744235.953241,-164643.376837,579592.576403,1.802554e+00,-1140.176911,589.279897,580.692741,1.055,0.241,0.063
4165,4.165000,744235.953432,-164605.651181,579630.302251,1.802606e+00,-1140.176925,589.279893,580.692739,1.012,0.217,0.050
4166,4.166000,744235.953624,-164567.942918,579668.010706,1.802659e+00,-1140.176940,589.279889,580.692738,1.581,0.297,0.071
4167,4.167000,744235.953815,-164530.252038,579705.701777,1.802711e+00,-1140.176955,589.279885,580.692736,1.062,0.214,0.051
4168,4.168000,744235.954006,-164492.578529,579743.375478,1.802763e+00,-1140.176969,589.279882,580.692735,1.056,0.210,0.050
4169,4.169000,744235.954198,-164454.922385,579781.031812,1.802815e+00,-1140.176984,589.279878,580.692733,2.358,4.361,0.126
4170,4.170000,744235.954389,-164417.283600,579818.670789,1.802867e+00,-1140.176999,589.279874,580.692732,3.459,2.096,0.042
4171,4.171000,744235.954580,-164379.662162,579856.292419,1.802919e+00,-1140.177013,589.279870,580.692730,2.261,0.523,0.132
4172,4.172000,744235.954772,-164342.058067,579893.896705,1.802971e+00,-1140.177027,589.279866,580.692729,1.451,1.833,0.109
4173,4.173000,744235.954964,-164304.471302,579931.483662,1.803024e+00,-1140.177042,589.279862,580.692727,1.177,0.988,0.049
4174,4.174000,744235.955155,-164266.901862,579969.053294,1.803076e+00,-1140.177056,589.279859,580.692726,1.162,2.171,0.055
4175,4.175000,744235.955348,-164229.349736,580006.605612,1.803128e+00,-1140.177070,589.279855,580.692724,1.136,6.719,0.050
4176,4.176000,744235.955540,-164191.814913,580044.140626,1.803180e+00,-1140.177084,589.279851,580.692723,1.085,0.232,0.048
4177,4.177000,744235.955732,-164154.297386,580081.658345,1.803231e+00,-1140.177098,589.279847,580.692721,1.056,0.208,0.048
4178,4.178000,744235.955924,-164116.797151,580119.158773,1.803283e+00,-1140.177112,589.279844,580.692720,1.051,1.825,0.049
4179,4.179000,744235.956116,-164079.314199,580156.641917,1.803335e+00,-1140.177127,589.279840,580.692718,1.041,0.544,0.050
4180,4.180000,744235.956308,-164041.848519,580194.107789,1.803387e+00,-1140.177141,589.279836,580.692717,1.156,0.397,0.084
4181,4.181000,744235.956500,-164004.400102,580231.556398,1.803439e+00,-1140.177155,589.279832,580.692715,1.158,0.229,0.059
4182,4.182000,744235.956692,-163966.968938,580268.987754,1.803491e+00,-1140.177169,589.279829,580.692714,2.802,0.653,0.055
4183,4.183000,744235.956884,-163929.555019,580306.401864,1.803543e+00,-1140.177183,589.279825,580.692712,1.048,0.294,0.065
4184,4.184000,744235.957076,-163892.158335,580343.798741,1.803594e+00,-1140.177197,589.279821,580.692711,1.219,0.267,0.062
4185,4.185000,744235.957268,-163854.778876,580381.178392,1.803646e+00,-1140.177211,589.279817,580.692709,1.078,0.259,0.070
4186,4.186000,744235.957459,-163817.416632,580418.540827,1.803698e+00,-1140.177225,589.279814,580.692708,1.870,0.272,0.050
4187,4.187000,744235.957650,-163780.071599,580455.886052,1.803750e+00,-1140.177239,589.279810,580.692706,2.048,0.273,0.122
4188,4.188000,744235.957841,-163742.743762,580493.214079,1.803801e+00,-1140.177252,589.279807,580.692705,1.058,0.203,0.053
4189,4.189000,744235.958031,-163705.433113,580530.524918,1.803853e+00,-1140.177266,589.279803,580.692703,1.080,0.598,0.060
4190,4.190000,744235.958222,-163668.139639,580567.818583,1.803905e+00,-1140.177280,589.279800,580.692702,1.097,0.216,0.052
4191,4.191000,744235.958412,-163630.863333,580605.095079,1.803956e+00,-1140.177293,589.279796,580.692700,1.271,0.513,0.116
4192,4.192000,744235.958603,-163593.604187,580642.354416,1.804008e+00,-1140.177307,589.279793,580.692699,3.622,0.858,0.141
4193,4.193000,744235.958793,-163556.362186,580679.596607,1.804059e+00,-1140.177321,589.279790,580.692698,1.155,0.261,0.140
4194,4.194000,744235.958983,-163519.137324,580716.821660,1.804111e+00,-1140.177334,589.279786,580.692696,1.432,0.990,0.045
4195,4.195000,744235.959174,-163481.929590,580754.029584,1.804162e+00,-1140.177347,589.279783,580.692695,2.453,0.867,0.054
4196,4.196000,744235.959365,-163444.738974,580791.220391,1.804214e+00,-1140.177361,589.279779,580.692694,1.435,0.243,0.075
4197,4.197000,744235.959555,-163407.565466,580828.394090,1.804265e+00,-1140.177374,589.279776,580.692693,1.125,0.482,0.149
4198,4.198000,744235.959743,-163370.409053,580865.550690,1.804317e+00,-1140.177388,589.279772,580.692691,1.473,0.430,0.051
4199,4.199000,744235.959928,-163333.269728,580902.690200,1.804368e+00,-1140.177401,589.279769,580.692689,1.103,0.210,0.048
4200,4.200000,744235.960114,-163296.147475,580939.812638,1.804420e+00,-1140.177415,589.279765,580.692686,1.113,0.251,0.054
4201,4.201000,744235.960299,-163259.042289,580976.918009,1.804471e+00,-1140.177428,589.279762,580.692684,1.149,1.441,0.060
4202,4.202000,744235.960484,-163221.954155,581014.006329,1.804522e+00,-1140.177441,589.279758,580.692682,1.033,0.499,0.050
4203,4.203000,744235.960669,-163184.883061,581051.077608,1.804574e+00,-1140.177455,589.279755,580.692680,1.140,0.253,0.062
4204,4.204000,744235.960854,-163147.828996,581088.131858,1.804625e+00,-1140.177468,589.279752,580.692677,1.209,0.278,0.063
4205,4.205000,744235.961039,-163110.791950,581125.169089,1.804676e+00,-1140.177482,589.279748,580.692675,1.161,0.750,0.058
4206,4.206000,744235.961224,-163073.771917,581162.189307,1.804728e+00,-1140.177495,589.279745,580.692673,4.646,0.328,0.060
4207,4.207000,744235.961410,-163036.768882,581199.192527,1.804779e+00,-1140.177508,589.279741,580.692671,1.140,0.240,0.057
4208,4.208000,744235.961595,-162999.782842,581236.178752,1.804830e+00,-1140.177522,589.279738,580.692668,1.038,0.374,0.045
4209,4.209000,744235.961780,-162962.813779,581273.148002,1.804881e+00,-1140.177535,589.279734,580.692666,1.113,0.303,0.045
4210,4.210000,744235.961966,-162925.861682,581310.100284,1.804932e+00,-1140.177549,589.279731,580.692664,1.224,0.239,0.045
4211,4.211000,744235.962151,-162888.926539,581347.035612,1.804984e+00,-1140.177562,589.279727,580.692662,1.420,0.376,0.280
4212,4.212000,744235.962337,-162852.008341,581383.953996,1.805035e+00,-1140.177576,589.279724,580.692660,1.150,0.711,0.051
4213,4.213000,744235.962523,-162815.107073,581420.855449,1.805086e+00,-1140.177589,589.279720,580.692658,1.128,0.424,0.049
4214,4.214000,744235.962708,-162778.222725,581457.739983,1.805137e+00,-1140.177602,589.279716,580.692656,1.071,0.203,0.047
4215,4.215000,744235.962894,-162741.355283,581494.607611,1.805188e+00,-1140.177616,589.279713,580.692654,1.276,0.243,0.044
4216,4.216000,744235.963079,-162704.504734,581531.458345,1.805239e+00,-1140.177629,589.279709,580.692652,1.098,0.223,0.047
4217,4.217000,744235.963265,-162667.671065,581568.292200,1.805290e+00,-1140.177643,589.279706,580.692650,1.040,0.233,0.050
4218,4.218000,744235.963450,-162630.854266,581605.109184,1.805341e+00,-1140.177656,589.279702,580.692648,1.146,0.786,0.047
4219,4.219000,744235.963636,-162594.054326,581641.909310,1.805392e+00,-1140.177669,589.279699,580.692646,1.091,0.198,0.044
4220,4.220000,744235.963822,-162557.271231,581678.692591,1.805443e+00,-1140.177683,589.279695,580.692644,1.126,1.358,0.045
4221,4.221000,744235.964007,-162520.504968,581715.459039,1.805494e+00,-1140.177696,589.279692,580.692642,1.079,0.419,0.043
4222,4.222000,744235.964193,-162483.755528,581752.208664,1.805545e+00,-1140.177709,589.279688,580.692640,1.190,0.222,0.053
4223,4.223000,744235.964378,-162447.022900,581788.941478,1.805596e+00,-1140.177723,589.279685,580.692638,1.114,0.427,0.062
4224,4.224000,744235.964564,-162410.307066,581825.657498,1.805646e+00,-1140.177736,589.279681,580.692636,1.329,0.730,0.065
4225,4.225000,744235.964749,-162373.608016,581862.356733,1.805697e+00,-1140.177749,589.279678,580.692634,1.048,5.807,0.043
4226,4.226000,744235.964935,-162336.925737,581899.039199,1.805748e+00,-1140.177763,589.279674,580.692632,1.044,0.199,0.048
4227,4.227000,744235.965121,-162300.260218,581935.704903,1.805799e+00,-1140.177776,589.279671,580.692630,1.101,3.124,0.055
4228,4.228000,744235.965306,-162263.611443,581972.353863,1.805849e+00,-1140.177789,589.279667,580.692628,1.074,0.228,0.058
4229,4.229000,744235.965492,-162226.979398,582008.986094,1.805900e+00,-1140.177803,589.279664,580.692626,1.036,0.203,0.052
4230,4.230000,744235.965678,-162190.364075,582045.601602,1.805951e+00,-1140.177816,589.279660,580.692624,1.122,0.219,0.056
4231,4.231000,744235.965863,-162153.765459,582082.200404,1.806002e+00,-1140.177829,589.279657,580.692622,1.036,0.625,0.063
4232,4.232000,744235.966049,-162117.183537,582118.782512,1.806052e+00,-1140.177843,589.279653,580.692620,1.029,0.818,0.054
4233,4.233000,744235.966235,-162080.618296,582155.347939,1.806103e+00,-1140.177856,589.279650,580.692618,2.829,0.388,0.122
4234,4.234000,744235.966420,-162044.069721,582191.896699,1.806153e+00,-1140.177869,589.279646,580.692616,1.003,0.203,0.052
4235,4.235000,744235.966606,-162007.537800,582228.428806,1.806204e+00,-1140.177883,589.279643,580.692614,1.093,0.436,0.056
4236,4.236000,744235.966791,-161971.022523,582264.944269,1.806255e+00,-1140.177896,589.279640,580.692612,1.075,0.484,0.054
4237,4.237000,744235.966977,-161934.523872,582301.443105,1.806305e+00,-1140.177910,589.279636,580.692610,1.133,0.229,0.048
4238,4.238000,744235.967163,-161898.041833,582337.925330,1.806356e+00,-1140.177923,589.279633,580.692608,1.084,0.208,0.054
4239,4.239000,744235.967348,-161861.576398,582374.390951,1.806406e+00,-1140.177936,589.279629,580.692606,1.033,0.225,0.046
4240,4.240000,744235.967534,-161825.127550,582410.839984,1.806457e+00,-1140.177949,589.279626,580.692604,1.163,0.234,0.042
4241,4.241000,744235.967720,-161788.695274,582447.272445,1.806507e+00,-1140.177963,589.279623,580.692602,1.024,0.218,0.039
4242,4.242000,744235.967905,-161752.279561,582483.688344,1.806558e+00,-1140.177976,589.279619,580.692600,1.119,0.227,0.044
4243,4.243000,744235.968091,-161715.880401,582520.087690,1.806608e+00,-1140.177989,589.279616,580.692599,1.123,0.943,0.064
4244,4.244000,744235.968277,-161679.497775,582556.470502,1.806658e+00,-1140.178003,589.279612,580.692596,10.970,0.625,0.063
4245,4.245000,744235.968462,-161643.131670,582592.836792,1.806709e+00,-1140.178016,589.279609,580.692594,29.312,1.436,0.091
4246,4.246000,744235.968647,-161606.782077,582629.186570,1.806759e+00,-1140.178029,589.279605,580.692592,1.698,0.656,0.056
4247,4.247000,744235.968833,-161570.448979,582665.519854,1.806809e+00,-1140.178043,589.279602,580.692590,1.038,0.614,0.049
4248,4.248000,744235.969018,-161534.132364,582701.836654,1.806860e+00,-1140.178056,589.279599,580.692588,1.190,4.856,0.063
4249,4.249000,744235.969203,-161497.832217,582738.136987,1.806910e+00,-1140.178069,589.279595,580.692585,1.066,19.592,0.048
4250,4.250000,744235.969389,-161461.548524,582774.420865,1.806960e+00,-1140.178082,589.279592,580.692583,1.095,17.628,0.039
4251,4.251000,744235.969574,-161425.281272,582810.688302,1.807010e+00,-1140.178096,589.279588,580.692581,1.017,9.478,0.092
4252,4.252000,744235.969760,-161389.030447,582846.939312,1.807061e+00,-1140.178109,589.279585,580.692579,1.115,2.245,0.079
4253,4.253000,744235.969946,-161352.796038,582883.173907,1.807111e+00,-1140.178122,589.279581,580.692577,1.056,0.910,0.066
4254,4.254000,744235.970131,-161316.578027,582919.392104,1.807161e+00,-1140.178136,589.279578,580.692575,1.190,13.945,0.046
4255,4.255000,744235.970317,-161280.376404,582955.593913,1.807211e+00,-1140.178149,589.279574,580.692573,1.001,0.211,0.049
4256,4.256000,744235.970503,-161244.191154,582991.779349,1.807261e+00,-1140.178162,589.279571,580.692571,3.920,0.264,0.132
4257,4.257000,744235.970689,-161208.022265,583027.948424,1.807311e+00,-1140.178175,589.279567,580.692569,1.173,0.432,0.082
4258,4.258000,744235.970875,-161171.869722,583064.101152,1.807361e+00,-1140.178189,589.279564,580.692567,1.293,0.273,0.048
4259,4.259000,744235.971060,-161135.733513,583100.237547,1.807411e+00,-1140.178202,589.279561,580.692565,1.681,0.306,0.060
4260,4.260000,744235.971246,-161099.613624,583136.357623,1.807461e+00,-1140.178215,589.279557,580.692563,2.124,0.517,0.062
4261,4.261000,744235.971432,-161063.510039,583172.461393,1.807511e+00,-1140.178229,589.279554,580.692561,1.304,0.304,0.060
4262,4.262000,744235.971618,-161027.422751,583208.548867,1.807561e+00,-1140.178242,589.279550,580.692559,1.233,0.298,0.059
4263,4.263000,744235.971804,-160991.351745,583244.620059,1.807611e+00,-1140.178255,589.279547,580.692557,2.236,0.238,0.063
4264,4.264000,744235.971990,-160955.297004,583280.674985,1.807661e+00,-1140.178268,589.279543,580.692555,1.079,0.203,0.058
4265,4.265000,744235.972175,-160919.258521,583316.713654,1.807711e+00,-1140.178281,589.279540,580.692553,1.836,1.225,0.053
4266,4.266000,744235.972360,-160883.236278,583352.736082,1.807761e+00,-1140.178294,589.279537,580.692551,5.049,0.578,0.176
4267,4.267000,744235.972545,-160847.230262,583388.742283,1.807811e+00,-1140.178307,589.279533,580.692549,3.496,0.866,0.055
4268,4.268000,744235.972730,-160811.240468,583424.732262,1.807861e+00,-1140.178320,589.279530,580.692547,1.079,0.269,0.056
4269,4.269000,744235.972915,-160775.266872,583460.706042,1.807910e+00,-1140.178333,589.279527,580.692545,1.393,0.602,0.057
4270,4.270000,744235.973100,-160739.309468,583496.663631,1.807960e+00,-1140.178345,589.279523,580.692543,1.383,0.239,0.059
4271,4.271000,744235.973284,-160703.368242,583532.605042,1.808010e+00,-1140.178358,589.279520,580.692541,1.288,0.221,0.050
4272,4.272000,744235.973469,-160667.443183,583568.530287,1.808060e+00,-1140.178371,589.279516,580.692540,0.986,0.191,0.044
4273,4.273000,744235.973654,-160631.534273,583604.439381,1.808109e+00,-1140.178384,589.279513,580.692538,1.207,0.267,0.039
4274,4.274000,744235.973839,-160595.641502,583640.332337,1.808159e+00,-1140.178396,589.279510,580.692536,1.013,3.369,0.041
4275,4.275000,744235.974024,-160559.764858,583676.209166,1.808209e+00,-1140.178409,589.279506,580.692534,17.066,3.480,0.040
4276,4.276000,744235.974209,-160523.904328,583712.069881,1.808258e+00,-1140.178422,589.279503,580.692532,0.988,1.153,0.050
4277,4.277000,744235.974394,-160488.059905,583747.914489,1.808308e+00,-1140.178434,589.279500,580.692530,1.163,0.759,0.053
4278,4.278000,744235.974579,-160452.231569,583783.743010,1.808358e+00,-1140.178447,589.279496,580.692528,1.215,0.193,0.050
4279,4.279000,744235.974764,-160416.419310,583819.555453,1.808407e+00,-1140.178460,589.279493,580.692526,1.077,0.202,0.048
4280,4.280000,744235.974948,-160380.623114,583855.351834,1.808457e+00,-1140.178473,589.279490,580.692524,1.363,0.308,0.066
4281,4.281000,744235.975133,-160344.842970,583891.132163,1.808506e+00,-1140.178485,589.279487,580.692522,1.032,0.480,0.212
4282,4.282000,744235.975318,-160309.078867,583926.896451,1.808556e+00,-1140.178498,589.279483,580.692520,1.067,1.645,0.052
4283,4.283000,744235.975503,-160273.330790,583962.644713,1.808605e+00,-1140.178511,589.279480,580.692518,1.034,0.485,0.047
4284,4.284000,744235.975688,-160237.598730,583998.376958,1.808655e+00,-1140.178524,589.279477,580.692516,1.089,0.246,0.053
4285,4.285000,744235.975872,-160201.882677,584034.093195,1.808704e+00,-1140.178536,589.279474,580.692514,1.189,0.222,0.063
4286,4.286000,744235.976057,-160166.182613,584069.793444,1.808754e+00,-1140.178549,589.279471,580.692512,1.091,0.212,0.055
4287,4.287000,744235.976242,-160130.498529,584105.477713,1.808803e+00,-1140.178562,589.279467,580.692510,1.088,0.242,0.049
4288,4.288000,744235.976427,-160094.830414,584141.146012,1.808853e+00,-1140.178575,589.279464,580.692508,1.195,0.448,0.061
4289,4.289000,744235.976611,-160059.178263,584176.798349,1.808902e+00,-1140.178587,589.279461,580.692506,1.494,0.264,0.060
4290,4.290000,744235.976797,-160023.542053,584212.434744,1.808951e+00,-1140.178600,589.279458,580.692505,1.154,1.469,0.047
4291,4.291000,744235.976983,-159987.921778,584248.055205,1.809001e+00,-1140.178612,589.279454,580.692503,1.029,0.419,0.046
4292,4.292000,744235.977169,-159952.317429,584283.659740,1.809050e+00,-1140.178624,589.279451,580.692501,1.172,0.200,0.060
4293,4.293000,744235.977356,-159916.728992,584319.248364,1.809099e+00,-1140.178636,589.279447,580.692499,1.378,0.366,0.109
4294,4.294000,744235.977542,-159881.156457,584354.821085,1.809148e+00,-1140.178648,589.279444,580.692497,1.748,0.581,0.061
4295,4.295000,744235.977729,-159845.599814,584390.377914,1.809198e+00,-1140.178660,589.279441,580.692495,1.034,0.244,0.051
4296,4.296000,744235.977915,-159810.059053,584425.918862,1.809247e+00,-1140.178672,589.279437,580.692493,1.090,0.231,0.061
4297,4.297000,744235.978102,-159774.534161,584461.443941,1.809296e+00,-1140.178684,589.279434,580.692491,1.049,8.443,0.052
4298,4.298000,744235.978288,-159739.025130,584496.953158,1.809345e+00,-1140.178695,589.279431,580.692489,1.304,2.734,0.053
4299,4.299000,744235.978475,-159703.531946,584532.446529,1.809394e+00,-1140.178707,589.279427,580.692487,1.026,1.545,0.048
4300,4.300000,744235.978661,-159668.054596,584567.924065,1.809444e+00,-1140.178719,589.279424,580.692485,1.144,0.230,0.064
4301,4.301000,744235.978848,-159632.593076,584603.385772,1.809493e+00,-1140.178731,589.279420,580.692483,1.129,0.801,0.056
4302,4.302000,744235.979034,-159597.147372,584638.831662,1.809542e+00,-1140.178743,589.279417,580.692481,1.884,0.785,0.073
4303,4.303000,744235.979220,-159561.717474,584674.261746,1.809591e+00,-1140.178754,589.279414,580.692479,1.131,0.236,0.039
4304,4.304000,744235.979407,-159526.303374,584709.676033,1.809640e+00,-1140.178766,589.279410,580.692477,10.109,2.039,0.120
4305,4.305000,744235.979593,-159490.905059,584745.074533,1.809689e+00,-1140.178777,589.279407,580.692475,1.225,0.232,0.045
4306,4.306000,744235.979779,-159455.522518,584780.457261,1.809738e+00,-1140.178789,589.279404,580.692473,1.087,0.529,0.049
4307,4.307000,744235.979965,-159420.155742,584815.824223,1.809787e+00,-1140.178801,589.279400,580.692472,1.104,0.206,0.048
4308,4.308000,744235.980151,-159384.804720,584851.175432,1.809836e+00,-1140.178812,589.279397,580.692470,1.079,0.242,0.050
4309,4.309000,744235.980337,-159349.469439,584886.510898,1.809885e+00,-1140.178824,589.279393,580.692468,1.067,0.200,0.051
4310,4.310000,744235.980524,-159314.149896,584921.830628,1.809934e+00,-1140.178835,589.279390,580.692466,1.325,0.234,0.049
4311,4.311000,744235.980710,-159278.846076,584957.134634,1.809982e+00,-1140.178847,589.279386,580.692464,1.188,0.204,0.059
4312,4.312000,744235.980896,-159243.557971,584992.422925,1.810031e+00,-1140.178859,589.279383,580.692462,1.049,0.465,0.050
4313,4.313000,744235.981082,-159208.285571,585027.695512,1.810080e+00,-1140.178870,589.279379,580.692460,1.231,0.609,0.097
4314,4.314000,744235.981269,-159173.028864,585062.952405,1.810129e+00,-1140.178882,589.279376,580.692458,1.237,0.230,0.060
4315,4.315000,744235.981454,-159137.787839,585098.193615,1.810178e+00,-1140.178893,589.279372,580.692456,1.040,0.223,0.049
4316,4.316000,744235.981639,-159102.562484,585133.419155,1.810227e+00,-1140.178905,589.279369,580.692455,1.449,0.215,0.073
4317,4.317000,744235.981823,-159067.352790,585168.629034,1.810275e+00,-1140.178916,589.279365,580.692453,1.046,20.720,0.051
4318,4.318000,744235.982008,-159032.158744,585203.823264,1.810324e+00,-1140.178928,589.279362,580.692452,2.417,0.869,0.128
4319,4.319000,744235.982193,-158996.980337,585239.001855,1.810373e+00,-1140.178940,589.279358,580.692450,1.046,0.202,0.054
4320,4.320000,744235.982377,-158961.817558,585274.164819,1.810421e+00,-1140.178951,589.279355,580.692449,1.060,0.225,0.059
4321,4.321000,744235.982562,-158926.670398,585309.312164,1.810470e+00,-1140.178963,589.279351,580.692447,1.289,0.271,0.064
4322,4.322000,744235.982747,-158891.538842,585344.443905,1.810519e+00,-1140.178974,589.279348,580.692446,3.053,0.226,0.047
4323,4.323000,744235.982931,-158856.422878,585379.560054,1.810567e+00,-1140.178986,589.279344,580.692444,1.038,0.472,0.048
4324,4.324000,744235.983116,-158821.322496,585414.660620,1.810616e+00,-1140.178997,589.279341,580.692443,1.039,1.781,0.052
4325,4.325000,744235.983300,-158786.237682,585449.745619,1.810665e+00,-1140.179009,589.279337,580.692442,1.245,0.215,0.054
4326,4.326000,744235.983485,-158751.168424,585484.815061,1.810713e+00,-1140.179020,589.279334,580.692440,1.155,8.019,0.054
4327,4.327000,744235.983670,-158716.114708,585519.868962,1.810762e+00,-1140.179032,589.279330,580.692439,1.136,0.237,0.049
4328,4.328000,744235.983855,-158681.076520,585554.907335,1.810810e+00,-1140.179043,589.279327,580.692437,1.097,0.280,0.043
4329,4.329000,744235.984039,-158646.053847,585589.930192,1.810859e+00,-1140.179055,589.279323,580.692435,1.238,0.237,0.045
4330,4.330000,744235.984224,-158611.046679,585624.937545,1.810907e+00,-1140.179067,589.279320,580.692434,1.229,0.259,0.044
4331,4.331000,744235.984409,-158576.054998,585659.929412,1.810956e+00,-1140.179078,589.279316,580.692432,1.043,0.204,0.043
4332,4.332000,744235.984594,-158541.078784,585694.905810,1.811004e+00,-1140.179090,589.279313,580.692430,1.081,0.288,0.048
4333,4.333000,744235.984779,-158506.118022,585729.866757,1.811052e+00,-1140.179101,589.279310,580.692428,1.065,0.883,0.048
4334,4.334000,744235.984964,-158471.172697,585764.812267,1.811101e+00,-1140.179113,589.279306,580.692427,1.149,0.214,0.062
4335,4.335000,744235.985149,-158436.242791,585799.742358,1.811149e+00,-1140.179124,589.279303,580.692425,1.055,0.200,0.036
4336,4.336000,744235.985334,-158401.328283,585834.657051,1.811198e+00,-1140.179136,589.279300,580.692423,2.183,0.611,0.148
4337,4.337000,744235.985519,-158366.429154,585869.556365,1.811246e+00,-1140.179147,589.279296,580.692422,1.265,0.343,0.055
4338,4.338000,744235.985703,-158331.545383,585904.440320,1.811294e+00,-1140.179159,589.279293,580.692420,1.229,0.237,0.047
4339,4.339000,744235.985888,-158296.676952,585939.308937,1.811342e+00,-1140.179170,589.279290,580.692418,1.109,0.557,0.051
4340,4.340000,744235.986073,-158261.823831,585974.162242,1.811391e+00,-1140.179181,589.279286,580.692417,1.157,0.663,0.047
4341,4.341000,744235.986258,-158226.986004,586009.000254,1.811439e+00,-1140.179193,589.279283,580.692415,1.068,0.220,0.047
4342,4.342000,744235.986443,-158192.163441,586043.823002,1.811487e+00,-1140.179204,589.279280,580.692413,1.033,0.195,0.041
4343,4.343000,744235.986628,-158157.356122,586078.630506,1.811535e+00,-1140.179216,589.279276,580.692411,1.257,0.427,0.076
4344,4.344000,744235.986813,-158122.564018,586113.422795,1.811584e+00,-1140.179227,589.279273,580.692410,1.390,0.243,0.050
4345,4.345000,744235.986998,-158087.787102,586148.199896,1.811632e+00,-1140.179238,589.279270,580.692408,1.045,0.223,0.050
4346,4.346000,744235.987183,-158053.025343,586182.961839,1.811680e+00,-1140.179250,589.279266,580.692406,1.064,0.205,0.047
4347,4.347000,744235.987367,-158018.278711,586217.708656,1.811728e+00,-1140.179261,589.279263,580.692404,1.117,0.208,0.054
4348,4.348000,744235.987552,-157983.547173,586252.440379,1.811776e+00,-1140.179272,589.279260,580.692402,1.189,0.274,0.059
4349,4.349000,744235.987737,-157948.830698,586287.157039,1.811824e+00,-1140.179284,589.279256,580.692400,1.320,0.797,0.063
4350,4.350000,744235.987922,-157914.129253,586321.858669,1.811872e+00,-1140.179295,589.279253,580.692398,1.081,0.252,0.050
4351,4.351000,744235.988107,-157879.442794,586356.545313,1.811920e+00,-1140.179306,589.279250,580.692396,1.161,0.260,0.058
4352,4.352000,744235.988292,-157844.771291,586391.217001,1.811968e+00,-1140.179318,589.279247,580.692394,1.148,0.366,0.049
4353,4.353000,744235.988477,-157810.114702,586425.873774,1.812016e+00,-1140.179329,589.279244,580.692393,1.112,0.251,0.038
4354,4.354000,744235.988662,-157775.472994,586460.515668,1.812064e+00,-1140.179340,589.279240,580.692391,1.081,2.089,0.053
4355,4.355000,744235.988847,-157740.846118,586495.142728,1.812112e+00,-1140.179352,589.279237,580.692389,1.020,5.526,0.046
4356,4.356000,744235.989032,-157706.234039,586529.754992,1.812160e+00,-1140.179363,589.279234,580.692387,3.511,0.266,0.051
4357,4.357000,744235.989217,-157671.636708,586564.352509,1.812208e+00,-1140.179375,589.279230,580.692385,1.225,0.290,0.060
4358,4.358000,744235.989401,-157637.054077,586598.935324,1.812256e+00,-1140.179386,589.279227,580.692383,1.194,0.377,0.068
4359,4.359000,744235.989584,-157602.486104,586633.503480,1.812304e+00,-1140.179397,589.279224,580.692382,1.409,0.996,0.077
4360,4.360000,744235.989763,-157567.932742,586668.057021,1.812352e+00,-1140.179409,589.279221,580.692381,1.038,0.228,0.052
4361,4.361000,744235.989942,-157533.393948,586702.595995,1.812399e+00,-1140.179420,589.279217,580.692380,1.233,0.238,0.056
4362,4.362000,744235.990121,-157498.869668,586737.120453,1.812447e+00,-1140.179431,589.279214,580.692379,1.186,1.352,0.043
4363,4.363000,744235.990301,-157464.359859,586771.630442,1.812495e+00,-1140.179443,589.279211,580.692378,1.090,0.818,0.051
4364,4.364000,744235.990480,-157429.864473,586806.126007,1.812543e+00,-1140.179454,589.279208,580.692377,1.083,0.500,0.054
4365,4.365000,744235.990659,-157395.383461,586840.607198,1.812590e+00,-1140.179465,589.279204,580.692376,1.043,0.194,0.043
4366,4.366000,744235.990838,-157360.916777,586875.074062,1.812638e+00,-1140.179476,589.279201,580.692375,1.256,0.255,0.052
4367,4.367000,744235.991018,-157326.464374,586909.526644,1.812686e+00,-1140.179487,589.279198,580.692374,1.267,0.217,0.059
4368,4.368000,744235.991198,-157292.026206,586943.964992,1.812734e+00,-1140.179498,589.279194,580.692373,1.093,5.404,0.048
4369,4.369000,744235.991377,-157257.602233,586978.389144,1.812781e+00,-1140.179509,589.279191,580.692371,1.134,0.950,0.064
4370,4.370000,744235.991557,-157223.192409,587012.799148,1.812829e+00,-1140.179520,589.279188,580.692370,1.055,26.960,0.042
4371,4.371000,744235.991737,-157188.796690,587047.195046,1.812877e+00,-1140.179531,589.279185,580.692369,1.198,0.237,0.057
4372,4.372000,744235.991917,-157154.415042,587081.576874,1.812924e+00,-1140.179543,589.279181,580.692368,1.255,0.266,0.055
4373,4.373000,744235.992096,-157120.047427,587115.944669,1.812972e+00,-1140.179554,589.279178,580.692367,1.035,0.237,0.049
4374,4.374000,744235.992276,-157085.693805,587150.298471,1.813019e+00,-1140.179565,589.279175,580.692366,1.050,0.196,0.052
4375,4.375000,744235.992456,-157051.354147,587184.638309,1.813067e+00,-1140.179576,589.279172,580.692364,1.049,0.204,0.048
4376,4.376000,744235.992636,-157017.028424,587218.964211,1.813114e+00,-1140.179587,589.279168,580.692363,1.222,0.829,0.040
4377,4.377000,744235.992815,-156982.716611,587253.276204,1.813162e+00,-1140.179598,589.279165,580.692362,2.626,0.445,0.048
4378,4.378000,744235.992995,-156948.418676,587287.574319,1.813209e+00,-1140.179609,589.279162,580.692361,1.039,0.197,0.045
4379,4.379000,744235.993175,-156914.134605,587321.858569,1.813257e+00,-1140.179620,589.279159,580.692360,1.049,0.521,0.048
4380,4.380000,744235.993354,-156879.864383,587356.128971,1.813304e+00,-1140.179631,589.279156,580.692358,1.268,0.247,0.055
4381,4.381000,744235.993534,-156845.607994,587390.385540,1.813352e+00,-1140.179642,589.279152,580.692357,1.226,1.268,0.056
4382,4.382000,744235.993714,-156811.365428,587424.628286,1.813399e+00,-1140.179654,589.279149,580.692356,1.229,0.564,0.052
4383,4.383000,744235.993894,-156777.136676,587458.857217,1.813447e+00,-1140.179665,589.279146,580.692355,1.072,0.499,0.055
4384,4.384000,744235.994073,-156742.921732,587493.072341,1.813494e+00,-1140.179676,589.279143,580.692354,1.076,0.212,0.054
4385,4.385000,744235.994253,-156708.720596,587527.273657,1.813541e+00,-1140.179687,589.279140,580.692352,1.031,0.284,0.047
4386,4.386000,744235.994433,-156674.533274,587561.461159,1.813589e+00,-1140.179698,589.279136,580.692351,1.178,0.283,0.056
4387,4.387000,744235.994613,-156640.359769,587595.634844,1.813636e+00,-1140.179709,589.279133,580.692350,1.210,0.224,0.050
4388,4.388000,744235.994792,-156606.200083,587629.794710,1.813683e+00,-1140.179720,589.279130,580.692349,1.117,0.497,0.052
4389,4.389000,744235.994972,-156572.054230,587663.940743,1.813731e+00,-1140.179731,589.279126,580.692348,1.306,0.740,0.069
4390,4.390000,744235.995152,-156537.922219,587698.072933,1.813778e+00,-1140.179742,589.279123,580.692346,2.413,0.493,0.206
4391,4.391000,744235.995332,-156503.804064,587732.191268,1.813825e+00,-1140.179754,589.279120,580.692345,1.223,0.500,0.051
4392,4.392000,744235.995512,-156469.699782,587766.295730,1.813872e+00,-1140.179765,589.279116,580.692344,1.103,0.224,0.053
4393,4.393000,744235.995691,-156435.609384,587800.386307,1.813919e+00,-1140.179776,589.279113,580.692343,3.640,0.740,0.060
4394,4.394000,744235.995871,-156401.532889,587834.462982,1.813967e+00,-1140.179787,589.279110,580.692342,1.110,0.228,0.056
4395,4.395000,744235.996051,-156367.470313,587868.525738,1.814014e+00,-1140.179798,589.279106,580.692341,1.363,0.282,0.056
4396,4.396000,744235.996231,-156333.421679,587902.574551,1.814061e+00,-1140.179809,589.279103,580.692339,1.143,0.241,0.051
4397,4.397000,744235.996410,-156299.387004,587936.609407,1.814108e+00,-1140.179820,589.279100,580.692338,2.231,1.339,0.052
4398,4.398000,744235.996590,-156265.366299,587970.630290,1.814155e+00,-1140.179831,589.279096,580.692337,1.063,18.875,0.050
4399,4.399000,744235.996768,-156231.359593,588004.637175,1.814202e+00,-1140.179842,589.279093,580.692335,1.158,0.387,0.046
4400,4.400000,744235.996946,-156197.366900,588038.630046,1.814249e+00,-1140.179853,589.279090,580.692334,1.024,0.199,0.040
4401,4.401000,744235.997124,-156163.388241,588072.608884,1.814296e+00,-1140.179864,589.279086,580.692332,1.467,0.646,0.047
4402,4.402000,744235.997303,-156129.423633,588106.573670,1.814343e+00,-1140.179875,589.279083,580.692330,1.496,1.176,0.040
4403,4.403000,744235.997481,-156095.473094,588140.524387,1.814390e+00,-1140.179886,589.279079,580.692329,1.067,0.210,0.051
4404,4.404000,744235.997659,-156061.536641,588174.461018,1.814437e+00,-1140.179897,589.279076,580.692327,1.067,0.369,0.048
4405,4.405000,744235.997837,-156027.614287,588208.383550,1.814484e+00,-1140.179908,589.279073,580.692325,1.191,0.304,0.057
4406,4.406000,744235.998016,-155993.706050,588242.291966,1.814531e+00,-1140.179919,589.279069,580.692323,1.032,0.197,0.048
4407,4.407000,744235.998195,-155959.811945,588276.186250,1.814578e+00,-1140.179930,589.279066,580.692322,1.162,0.238,0.051
4408,4.408000,744235.998373,-155925.931980,588310.066393,1.814625e+00,-1140.179941,589.279063,580.692320,1.074,0.209,0.044
4409,4.409000,744235.998552,-155892.066169,588343.932383,1.814672e+00,-1140.179952,589.279059,580.692318,1.067,1.357,0.045
4410,4.410000,744235.998731,-155858.214526,588377.784204,1.814719e+00,-1140.179963,589.279056,580.692316,1.099,0.210,0.053
4411,4.411000,744235.998909,-155824.377057,588411.621852,1.814766e+00,-1140.179974,589.279053,580.692315,1.245,0.260,0.053
4412,4.412000,744235.999087,-155790.553771,588445.445317,1.814813e+00,-1140.179984,589.279049,580.692313,1.128,0.273,0.049
4413,4.413000,744235.999265,-155756.744671,588479.254594,1.814859e+00,-1140.179995,589.279046,580.692311,1.995,0.786,1.228
4414,4.414000,744235.999442,-155722.949765,588513.049678,1.814906e+00,-1140.180005,589.279043,580.692309,1.855,0.563,0.055
4415,4.415000,744235.999620,-155689.169064,588546.830556,1.814953e+00,-1140.180016,589.279039,580.692307,1.125,0.347,0.056
4416,4.416000,744235.999797,-155655.402569,588580.597229,1.815000e+00,-1140.180026,589.279036,580.692306,1.140,2.319,0.054
4417,4.417000,744235.999975,-155621.650282,588614.349693,1.815047e+00,-1140.180037,589.279033,580.692304,1.265,0.327,0.057
4418,4.418000,744236.000152,-155587.912205,588648.087947,1.815093e+00,-1140.180047,589.279029,580.692302,1.118,0.234,0.054
4419,4.419000,744236.000329,-155554.188341,588681.811988,1.815140e+00,-1140.180058,589.279026,580.692300,1.275,0.251,0.062
4420,4.420000,744236.000507,-155520.478695,588715.521812,1.815187e+00,-1140.180068,589.279022,580.692298,1.197,0.392,0.059
4421,4.421000,744236.000684,-155486.783264,588749.217420,1.815233e+00,-1140.180079,589.279019,580.692297,1.233,0.522,0.054
4422,4.422000,744236.000862,-155453.102046,588782.898816,1.815280e+00,-1140.180089,589.279016,580.692295,1.237,0.288,0.046
4423,4.423000,744236.001039,-155419.435037,588816.566002,1.815327e+00,-1140.180100,589.279012,580.692293,1.095,0.287,0.104
4424,4.424000,744236.001217,-155385.782241,588850.218976,1.815373e+00,-1140.180110,589.279009,580.692291,1.051,0.240,0.053
4425,4.425000,744236.001394,-155352.143651,588883.857743,1.815420e+00,-1140.180121,589.279006,580.692290,1.131,0.217,0.057
4426,4.426000,744236.001571,-155318.519266,588917.482305,1.815466e+00,-1140.180131,589.279002,580.692288,1.096,0.225,0.053
4427,4.427000,744236.001749,-155284.909087,588951.092662,1.815513e+00,-1140.180142,589.278999,580.692286,1.115,0.224,0.052
4428,4.428000,744236.001927,-155251.313106,588984.688820,1.815559e+00,-1140.180152,589.278996,580.692284,1.724,0.232,0.043
4429,4.429000,744236.002104,-155217.731319,589018.270786,1.815606e+00,-1140.180163,589.278993,580.692282,1.002,0.208,0.050
4430,4.430000,744236.002281,-155184.163719,589051.838562,1.815652e+00,-1140.180173,589.278989,580.692281,1.197,0.229,0.051
4431,4.431000,744236.002459,-155150.610303,589085.392156,1.815699e+00,-1140.180184,589.278986,580.692279,1.063,0.447,0.050
4432,4.432000,744236.002636,-155117.071067,589118.931569,1.815745e+00,-1140.180194,589.278983,580.692277,1.122,0.225,0.054
4433,4.433000,744236.002813,-155083.546006,589152.456807,1.815792e+00,-1140.180205,589.278980,580.692275,1.659,0.284,0.068
4434,4.434000,744236.002990,-155050.035114,589185.967876,1.815838e+00,-1140.180215,589.278976,580.692273,1.257,0.216,0.058
4435,4.435000,744236.003167,-155016.538387,589219.464780,1.815884e+00,-1140.180226,589.278973,580.692271,1.050,2.394,0.056
4436,4.436000,744236.003344,-154983.055818,589252.947526,1.815931e+00,-1140.180236,589.278970,580.692269,1.232,0.298,0.061
4437,4.437000,744236.003521,-154949.587403,589286.416118,1.815977e+00,-1140.180247,589.278967,580.692267,1.889,0.428,0.039
4438,4.438000,744236.003699,-154916.133137,589319.870561,1.816023e+00,-1140.180257,589.278963,580.692265,1.164,0.272,0.050
4439,4.439000,744236.003876,-154882.693017,589353.310858,1.816070e+00,-1140.180268,589.278960,580.692263,1.122,0.952,0.042
4440,4.440000,744236.004053,-154849.267035,589386.737018,1.816116e+00,-1140.180278,589.278957,580.692261,1.259,1.468,0.040
4441,4.441000,744236.004230,-154815.855185,589420.149045,1.816162e+00,-1140.180289,589.278954,580.692259,2.288,0.413,0.055
4442,4.442000,744236.004407,-154782.457461,589453.546946,1.816209e+00,-1140.180299,589.278950,580.692257,1.097,0.228,0.052
4443,4.443000,744236.004584,-154749.073858,589486.930727,1.816255e+00,-1140.180310,589.278947,580.692255,1.063,0.438,0.041
4444,4.444000,744236.004761,-154715.704366,589520.300395,1.816301e+00,-1140.180320,589.278944,580.692253,1.418,0.353,0.045
4445,4.445000,744236.004939,-154682.348989,589553.655950,1.816347e+00,-1140.180331,589.278940,580.692251,1.024,0.598,0.053
4446,4.446000,744236.005116,-154649.007717,589586.997398,1.816393e+00,-1140.180341,589.278937,580.692249,1.065,0.202,0.042
4447,4.447000,744236.005293,-154615.680543,589620.324750,1.816440e+00,-1140.180352,589.278934,580.692247,1.054,2.251,0.043
4448,4.448000,744236.005470,-154582.367464,589653.638006,1.816486e+00,-1140.180362,589.278931,580.692245,1.151,0.212,0.056
4449,4.449000,744236.005647,-154549.068477,589686.937170,1.816532e+00,-1140.180373,589.278927,580.692243,1.085,0.635,0.060
4450,4.450000,744236.005824,-154515.783572,589720.222252,1.816578e+00,-1140.180383,589.278924,580.692241,1.096,0.424,0.047
4451,4.451000,744236.006001,-154482.512747,589753.493254,1.816624e+00,-1140.180394,589.278921,580.692239,1.106,0.228,0.054
4452,4.452000,744236.006176,-154449.255996,589786.750180,1.816670e+00,-1140.180404,589.278918,580.692237,1.066,0.760,0.044
4453,4.453000,744236.006351,-154416.013313,589819.993038,1.816716e+00,-1140.180415,589.278914,580.692234,1.175,0.261,0.044
4454,4.454000,744236.006526,-154382.784697,589853.221829,1.816762e+00,-1140.180425,589.278911,580.692232,1.049,0.289,0.049
4455,4.455000,744236.006702,-154349.570142,589886.436560,1.816808e+00,-1140.180436,589.278908,580.692229,1.279,0.273,0.059
4456,4.456000,744236.006878,-154316.369643,589919.637235,1.816854e+00,-1140.180446,589.278905,580.692227,1.086,0.411,0.060
4457,4.457000,744236.007053,-154283.183196,589952.823858,1.816900e+00,-1140.180456,589.278901,580.692225,1.115,0.205,0.054
4458,4.458000,744236.007229,-154250.010796,589985.996433,1.816946e+00,-1140.180466,589.278898,580.692222,1.255,0.268,0.056
4459,4.459000,744236.007404,-154216.852440,590019.154964,1.816992e+00,-1140.180477,589.278895,580.692220,1.351,0.478,0.069
4460,4.460000,744236.007579,-154183.708121,590052.299459,1.817038e+00,-1140.180487,589.278892,580.692217,1.022,0.194,0.048
4461,4.461000,744236.007754,-154150.577835,590085.429920,1.817084e+00,-1140.180497,589.278888,580.692214,1.122,0.225,0.051
4462,4.462000,744236.007929,-154117.461581,590118.546348,1.817129e+00,-1140.180507,589.278885,580.692212,1.236,1.076,0.052
4463,4.463000,744236.008105,-154084.359353,590151.648752,1.817175e+00,-1140.180518,589.278882,580.692209,1.188,0.243,0.056
4464,4.464000,744236.008280,-154051.271147,590184.737132,1.817221e+00,-1140.180528,589.278879,580.692207,1.104,0.205,0.056
4465,4.465000,744236.008455,-154018.196958,590217.811497,1.817267e+00,-1140.180538,589.278875,580.692204,1.418,0.275,0.045
4466,4.466000,744236.008630,-153985.136785,590250.871845,1.817313e+00,-1140.180548,589.278872,580.692201,1.938,0.313,0.119
4467,4.467000,744236.008805,-153952.090622,590283.918183,1.817358e+00,-1140.180559,589.278869,580.692198,1.110,0.250,0.054
4468,4.468000,744236.008980,-153919.058464,590316.950515,1.817404e+00,-1140.180569,589.278866,580.692196,1.196,0.278,0.062
4469,4.469000,744236.009154,-153886.040310,590349.968845,1.817450e+00,-1140.180579,589.278862,580.692193,1.261,0.200,0.046
4470,4.470000,744236.009329,-153853.036154,590382.973175,1.817496e+00,-1140.180589,589.278859,580.692190,1.118,0.233,0.046
4471,4.471000,744236.009504,-153820.045991,590415.963513,1.817541e+00,-1140.180600,589.278856,580.692187,1.122,0.218,0.077
4472,4.472000,744236.009678,-153787.069818,590448.939860,1.817587e+00,-1140.180610,589.278853,580.692184,1.326,0.220,0.071
4473,4.473000,744236.009853,-153754.107631,590481.902222,1.817633e+00,-1140.180620,589.278849,580.692182,1.313,0.282,0.056
4474,4.474000,744236.010027,-153721.159423,590514.850604,1.817678e+00,-1140.180630,589.278846,580.692179,2.972,0.696,0.263
4475,4.475000,744236.010202,-153688.225190,590547.785012,1.817724e+00,-1140.180640,589.278843,580.692176,1.156,0.276,0.067
4476,4.476000,744236.010376,-153655.304929,590580.705447,1.817769e+00,-1140.180650,589.278840,580.692173,1.029,0.243,0.057
4477,4.477000,744236.010551,-153622.398636,590613.611915,1.817815e+00,-1140.180660,589.278836,580.692170,1.119,0.221,0.055
4478,4.478000,744236.010725,-153589.506302,590646.504423,1.817860e+00,-1140.180670,589.278833,580.692167,1.404,0.234,0.060
4479,4.479000,744236.010900,-153556.627924,590679.382975,1.817906e+00,-1140.180680,589.278830,580.692165,1.139,0.810,0.054
4480,4.480000,744236.011074,-153523.763501,590712.247573,1.817951e+00,-1140.180690,589.278827,580.692162,1.776,0.577,0.046
4481,4.481000,744236.011249,-153490.913026,590745.098223,1.817997e+00,-1140.180700,589.278823,580.692159,1.123,0.441,0.040
4482,4.482000,744236.011423,-153458.076491,590777.934932,1.818042e+00,-1140.180710,589.278820,580.692156,1.112,0.892,0.049
4483,4.483000,744236.011597,-153425.253895,590810.757702,1.818088e+00,-1140.180720,589.278817,580.692153,2.253,0.388,0.049
4484,4.484000,744236.011772,-153392.445233,590843.566539,1.818133e+00,-1140.180730,589.278813,580.692151,1.316,0.224,0.055
4485,4.485000,744236.011946,-153359.650498,590876.361449,1.818179e+00,-1140.180740,589.278810,580.692148,1.268,0.279,0.062
4486,4.486000,744236.012121,-153326.869684,590909.142437,1.818224e+00,-1140.180750,589.278807,580.692145,1.127,0.256,0.060
4487,4.487000,744236.012295,-153294.102786,590941.909509,1.818269e+00,-1140.180760,589.278803,580.692143,1.184,0.246,0.080
4488,4.488000,744236.012470,-153261.349799,590974.662671,1.818315e+00,-1140.180770,589.278800,580.692140,1.313,0.249,0.063
4489,4.489000,744236.012644,-153228.610717,591007.401928,1.818360e+00,-1140.180780,589.278797,580.692137,1.120,6.193,0.056
4490,4.490000,744236.012819,-153195.885534,591040.127285,1.818406e+00,-1140.180790,589.278793,580.692134,1.223,0.262,0.080
4491,4.491000,744236.012993,-153163.174241,591072.838752,1.818451e+00,-1140.180800,589.278790,580.692132,1.106,0.280,0.061
4492,4.492000,744236.013168,-153130.476835,591105.536332,1.818496e+00,-1140.180810,589.278787,580.692129,1.167,1.556,0.082
4493,4.493000,744236.013342,-153097.793308,591138.220034,1.818541e+00,-1140.180820,589.278783,580.692126,1.106,0.229,0.068
4494,4.494000,744236.013517,-153065.123658,591170.889859,1.818587e+00,-1140.180830,589.278780,580.692124,1.228,0.338,0.064
4495,4.495000,744236.013691,-153032.467874,591203.545817,1.818632e+00,-1140.180840,589.278777,580.692121,1.067,0.212,0.050
4496,4.496000,744236.013866,-152999.825950,591236.187915,1.818677e+00,-1140.180850,589.278773,580.692118,1.053,0.202,0.059
4497,4.497000,744236.014040,-152967.197878,591268.816162,1.818722e+00,-1140.180860,589.278770,580.692116,1.171,0.228,0.057
4498,4.498000,744236.014215,-152934.583655,591301.430560,1.818767e+00,-1140.180869,589.278767,580.692113,2.218,1.158,0.281
4499,4.499000,744236.014389,-152901.983270,591334.031119,1.818812e+00,-1140.180879,589.278763,580.692111,1.606,6.537,0.061
4500,4.500000,744236.014564,-152869.396720,591366.617844,1.818858e+00,-1140.180889,589.278760,580.692108,1.048,1.000,0.049
4501,4.501000,744236.014738,-152836.823995,591399.190743,1.818903e+00,-1140.180899,589.278757,580.692106,1.233,0.216,0.055
4502,4.502000,744236.014913,-152804.265090,591431.749823,1.818948e+00,-1140.180909,589.278753,580.692103,1.261,0.246,0.143
4503,4.503000,744236.015087,-152771.719997,591464.295090,1.818993e+00,-1140.180919,589.278750,580.692100,1.102,0.303,0.072
4504,4.504000,744236.015262,-152739.188707,591496.826555,1.819038e+00,-1140.180929,589.278747,580.692098,1.150,1.140,3.474
4505,4.505000,744236.015436,-152706.671214,591529.344223,1.819083e+00,-1140.180939,589.278744,580.692095,3.039,0.596,0.132
4506,4.506000,744236.015611,-152674.167510,591561.848101,1.819128e+00,-1140.180949,589.278740,580.692092,1.099,0.217,0.063
4507,4.507000,744236.015786,-152641.677589,591594.338196,1.819173e+00,-1140.180959,589.278737,580.692090,3.348,0.664,0.182
4508,4.508000,744236.015960,-152609.201437,591626.814523,1.819218e+00,-1140.180969,589.278734,580.692087,1.193,0.257,0.055
4509,4.509000,744236.016135,-152576.739050,591659.277085,1.819263e+00,-1140.180979,589.278730,580.692085,2.201,1.083,0.055
4510,4.510000,744236.016309,-152544.290416,591691.725893,1.819308e+00,-1140.180989,589.278727,580.692082,1.139,0.235,0.051
4511,4.511000,744236.016484,-152511.855529,591724.160955,1.819353e+00,-1140.180999,589.278724,580.692080,1.044,4.899,0.055
4512,4.512000,744236.016658,-152479.434380,591756.582279,1.819398e+00,-1140.181009,589.278720,580.692077,1.067,1.141,0.058
4513,4.513000,744236.016833,-152447.026961,591788.989872,1.819442e+00,-1140.181019,589.278717,580.692074,1.050,3.583,0.044
4514,4.514000,744236.017007,-152414.633264,591821.383743,1.819487e+00,-1140.181029,589.278714,580.692072,2.293,0.270,0.159
4515,4.515000,744236.017182,-152382.253279,591853.763903,1.819532e+00,-1140.181039,589.278710,580.692069,1.212,0.249,0.056
4516,4.516000,744236.017357,-152349.886998,591886.130359,1.819577e+00,-1140.181049,589.278707,580.692067,1.569,0.474,0.059
4517,4.517000,744236.017532,-152317.534412,591918.483120,1.819622e+00,-1140.181059,589.278704,580.692065,1.666,0.874,0.117
4518,4.518000,744236.017707,-152285.195513,591950.822194,1.819667e+00,-1140.181069,589.278700,580.692062,1.182,0.292,0.041
4519,4.519000,744236.017881,-152252.870292,591983.147590,1.819711e+00,-1140.181079,589.278697,580.692060,1.203,0.412,0.057
4520,4.520000,744236.018056,-152220.558738,592015.459318,1.819756e+00,-1140.181089,589.278694,580.692058,1.055,7.531,0.050
4521,4.521000,744236.018230,-152188.260846,592047.757384,1.819801e+00,-1140.181099,589.278690,580.692056,1.335,0.285,0.054
4522,4.522000,744236.018405,-152155.976606,592080.041799,1.819845e+00,-1140.181108,589.278687,580.692054,1.059,13.031,0.052
4523,4.523000,744236.018580,-152123.706002,592112.312577,1.819890e+00,-1140.181118,589.278684,580.692052,1.030,0.637,0.049
4524,4.524000,744236.018754,-152091.449031,592144.569723,1.819935e+00,-1140.181128,589.278681,580.692050,1.287,0.656,0.058
4525,4.525000,744236.018929,-152059.205683,592176.813246,1.819979e+00,-1140.181138,589.278677,580.692048,1.682,0.548,0.052
4526,4.526000,744236.019103,-152026.975946,592209.043157,1.820024e+00,-1140.181148,589.278674,580.692045,1.067,0.215,0.059
4527,4.527000,744236.019279,-151994.759814,592241.259464,1.820069e+00,-1140.181157,589.278671,580.692043,1.239,21.929,0.059
4528,4.528000,744236.019454,-151962.557273,592273.462182,1.820113e+00,-1140.181166,589.278667,580.692041,1.042,0.727,0.052
4529,4.529000,744236.019631,-151930.368315,592305.651315,1.820158e+00,-1140.181176,589.278664,580.692040,1.132,0.249,0.091
4530,4.530000,744236.019797,-151898.192934,592337.826862,1.820202e+00,-1140.181185,589.278661,580.692039,1.094,0.503,0.041
4531,4.531000,744236.019952,-151866.031116,592369.988836,1.820247e+00,-1140.181194,589.278657,580.692039,1.147,0.565,0.053
4532,4.532000,744236.020108,-151833.882856,592402.137253,1.820291e+00,-1140.181204,589.278654,580.692039,1.078,20.998,0.052
4533,4.533000,744236.020264,-151801.748144,592434.272120,1.820336e+00,-1140.181213,589.278651,580.692039,1.681,0.225,0.166
4534,4.534000,744236.020420,-151769.626969,592466.393451,1.820380e+00,-1140.181222,589.278647,580.692039,1.404,0.561,0.370
4535,4.535000,744236.020576,-151737.519319,592498.501257,1.820425e+00,-1140.181232,589.278644,580.692039,1.220,0.324,0.059
4536,4.536000,744236.020732,-151705.425190,592530.595541,1.820469e+00,-1140.181241,589.278641,580.692039,1.053,0.421,0.051
4537,4.537000,744236.020887,-151673.344569,592562.676318,1.820514e+00,-1140.181250,589.278637,580.692039,1.069,0.253,0.057
4538,4.538000,744236.021043,-151641.277448,592594.743595,1.820558e+00,-1140.181260,589.278634,580.692039,1.047,0.213,0.044
4539,4.539000,744236.021199,-151609.223818,592626.797381,1.820603e+00,-1140.181269,589.278631,580.692039,1.054,0.208,0.052
4540,4.540000,744236.021354,-151577.183666,592658.837688,1.820647e+00,-1140.181278,589.278627,580.692039,1.150,0.227,0.046
4541,4.541000,744236.021508,-151545.156984,592690.864524,1.820691e+00,-1140.181287,589.278624,580.692039,1.067,0.244,0.050
4542,4.542000,744236.021662,-151513.143765,592722.877897,1.820736e+00,-1140.181295,589.278621,580.692039,1.187,0.268,0.054
4543,4.543000,744236.021816,-151481.143996,592754.877820,1.820780e+00,-1140.181304,589.278617,580.692039,1.205,0.267,0.060
4544,4.544000,744236.021970,-151449.157673,592786.864297,1.820824e+00,-1140.181313,589.278614,580.692040,1.819,0.812,0.068
4545,4.545000,744236.022124,-151417.184783,592818.837341,1.820868e+00,-1140.181322,589.278611,580.692040,2.410,1.301,0.165
4546,4.546000,744236.022278,-151385.225319,592850.796959,1.820913e+00,-1140.181330,589.278608,580.692040,2.786,0.565,0.071
4547,4.547000,744236.022432,-151353.279267,592882.743165,1.820957e+00,-1140.181339,589.278604,580.692040,1.271,0.227,0.060
4548,4.548000,744236.022586,-151321.346622,592914.675964,1.821001e+00,-1140.181348,589.278601,580.692040,1.189,22.450,0.050
4549,4.549000,744236.022739,-151289.427375,592946.595364,1.821045e+00,-1140.181357,589.278598,580.692040,1.299,0.447,0.051
4550,4.550000,744236.022893,-151257.521516,592978.501377,1.821090e+00,-1140.181365,589.278594,580.692040,1.065,0.202,0.049
4551,4.551000,744236.023047,-151225.629039,593010.394008,1.821134e+00,-1140.181374,589.278591,580.692040,1.163,0.266,7.410
4552,4.552000,744236.023201,-151193.749930,593042.273271,1.821178e+00,-1140.181383,589.278588,580.692040,1.096,1.349,0.065
4553,4.553000,744236.023355,-151161.884182,593074.139174,1.821222e+00,-1140.181392,589.278584,580.692040,1.124,0.248,0.071
4554,4.554000,744236.023509,-151130.031785,593105.991724,1.821266e+00,-1140.181401,589.278581,580.692041,1.101,0.207,0.046
4555,4.555000,744236.023663,-151098.192731,593137.830932,1.821310e+00,-1140.181409,589.278577,580.692041,1.034,0.248,0.045
4556,4.556000,744236.023817,-151066.367012,593169.656805,1.821354e+00,-1140.181418,589.278574,580.692041,1.085,5.450,0.042
4557,4.557000,744236.023971,-151034.554617,593201.469354,1.821398e+00,-1140.181427,589.278571,580.692041,35.384,0.751,0.190
4558,4.558000,744236.024125,-151002.755540,593233.268585,1.821442e+00,-1140.181436,589.278567,580.692041,1.237,25.313,0.056
4559,4.559000,744236.024279,-150970.969767,593265.054512,1.821486e+00,-1140.181444,589.278564,580.692041,1.345,0.260,0.071
4560,4.560000,744236.024433,-150939.197292,593296.827141,1.821530e+00,-1140.181453,589.278561,580.692041,1.196,0.513,0.070
4561,4.561000,744236.024587,-150907.438110,593328.586476,1.821574e+00,-1140.181462,589.278557,580.692041,1.073,0.229,0.050
4562,4.562000,744236.024741,-150875.692210,593360.332530,1.821618e+00,-1140.181471,589.278554,580.692041,2.168,0.704,0.061
4563,4.563000,744236.024895,-150843.959582,593392.065313,1.821662e+00,-1140.181479,589.278551,580.692041,1.112,0.214,0.053
4564,4.564000,744236.025049,-150812.240221,593423.784827,1.821706e+00,-1140.181488,589.278548,580.692041,1.162,0.235,0.066
4565,4.565000,744236.025203,-150780.534114,593455.491089,1.821750e+00,-1140.181497,589.278544,580.692041,1.069,1.289,0.045
4566,4.566000,744236.025357,-150748.841253,593487.184104,1.821794e+00,-1140.181506,589.278541,580.692041,1.145,0.215,0.038
4567,4.567000,744236.025511,-150717.161633,593518.863878,1.821838e+00,-1140.181514,589.278538,580.692041,1.073,34.772,0.047
4568,4.568000,744236.025664,-150685.495241,593550.530424,1.821882e+00,-1140.181523,589.278534,580.692041,1.397,0.229,0.043
4569,4.569000,744236.025818,-150653.842071,593582.183747,1.821925e+00,-1140.181532,589.278531,580.692041,1.131,6.746,0.051
4570,4.570000,744236.025972,-150622.202115,593613.823857,1.821969e+00,-1140.181540,589.278528,580.692041,1.167,0.241,0.062
4571,4.571000,744236.026126,-150590.575366,593645.450760,1.822013e+00,-1140.181549,589.278524,580.692041,1.155,10.395,0.047
4572,4.572000,744236.026280,-150558.961812,593677.064468,1.822057e+00,-1140.181558,589.278521,580.692041,1.191,0.443,0.110
4573,4.573000,744236.026434,-150527.361449,593708.664985,1.822101e+00,-1140.181567,589.278518,580.692041,1.024,0.475,0.043
4574,4.574000,744236.026588,-150495.774266,593740.252322,1.822144e+00,-1140.181575,589.278514,580.692041,1.124,0.605,0.053
4575,4.575000,744236.026742,-150464.200257,593771.826485,1.822188e+00,-1140.181584,589.278511,580.692041,1.061,3.698,0.046
4576,4.576000,744236.026896,-150432.639414,593803.387482,1.822232e+00,-1140.181593,589.278508,580.692041,1.322,0.257,0.087
4577,4.577000,744236.027050,-150401.091729,593834.935321,1.822275e+00,-1140.181601,589.278505,580.692041,1.121,0.498,0.070
4578,4.578000,744236.027204,-150369.557191,593866.470013,1.822319e+00,-1140.181610,589.278501,580.692041,1.199,0.206,0.051
4579,4.579000,744236.027358,-150338.035794,593897.991564,1.822363e+00,-1140.181619,589.278498,580.692041,2.893,0.200,0.054
4580,4.580000,744236.027512,-150306.527531,593929.499981,1.822406e+00,-1140.181627,589.278495,580.692041,2.932,0.223,0.052
4581,4.581000,744236.027666,-150275.032397,593960.995269,1.822450e+00,-1140.181636,589.278491,580.692041,1.130,0.218,0.045
4582,4.582000,744236.027820,-150243.550380,593992.477440,1.822494e+00,-1140.181645,589.278488,580.692041,1.129,0.216,0.050
4583,4.583000,744236.027974,-150212.081473,594023.946501,1.822537e+00,-1140.181654,589.278485,580.692041,1.440,0.278,0.063
4584,4.584000,744236.028128,-150180.625667,594055.402461,1.822581e+00,-1140.181662,589.278482,580.692041,1.064,0.203,0.126
4585,4.585000,744236.028282,-150149.182957,594086.845325,1.822624e+00,-1140.181671,589.278478,580.692041,1.022,0.198,0.053
4586,4.586000,744236.028436,-150117.753335,594118.275100,1.822668e+00,-1140.181680,589.278475,580.692041,1.035,0.226,0.047
4587,4.587000,744236.028590,-150086.336794,594149.691796,1.822711e+00,-1140.181688,589.278472,580.692041,1.226,0.454,0.065
4588,4.588000,744236.028744,-150054.933322,594181.095422,1.822755e+00,-1140.181697,589.278469,580.692041,1.239,0.590,0.057
4589,4.589000,744236.028898,-150023.542919,594212.485979,1.822798e+00,-1140.181706,589.278465,580.692041,1.030,0.198,0.046
4590,4.590000,744236.029052,-149992.165571,594243.863480,1.822842e+00,-1140.181714,589.278462,580.692041,1.027,0.195,0.041
4591,4.591000,744236.029206,-149960.801272,594275.227933,1.822885e+00,-1140.181723,589.278459,580.692041,1.051,0.228,0.047
4592,4.592000,744236.029360,-149929.450016,594306.579344,1.822929e+00,-1140.181732,589.278456,580.692041,1.066,0.201,0.049
4593,4.593000,744236.029513,-149898.111791,594337.917723,1.822972e+00,-1140.181740,589.278453,580.692041,1.032,0.408,0.043
4594,4.594000,744236.029667,-149866.786591,594369.243075,1.823015e+00,-1140.181749,589.278450,580.692041,1.019,0.228,0.038
4595,4.595000,744236.029820,-149835.474414,594400.555406,1.823059e+00,-1140.181757,589.278446,580.692041,1.118,0.238,0.051
4596,4.596000,744236.029972,-149804.175246,594431.854726,1.823102e+00,-1140.181765,589.278443,580.692041,1.184,0.256,0.057
4597,4.597000,744236.030125,-149772.889083,594463.141042,1.823145e+00,-1140.181773,589.278440,580.692041,1.066,0.227,0.056
4598,4.598000,744236.030278,-149741.615915,594494.414363,1.823189e+00,-1140.181781,589.278437,580.692040,1.016,0.217,0.046
4599,4.599000,744236.030430,-149710.355734,594525.674697,1.823232e+00,-1140.181790,589.278433,580.692040,1.126,0.511,0.044
4600,4.600000,744236.030583,-149679.108532,594556.922051,1.823275e+00,-1140.181798,589.278430,580.692040,1.010,0.641,0.043
4601,4.601000,744236.030736,-149647.874300,594588.156435,1.823318e+00,-1140.181806,589.278427,580.692040,1.015,0.196,0.049
4602,4.602000,744236.030889,-149616.653032,594619.377857,1.823362e+00,-1140.181814,589.278423,580.692040,1.420,0.969,0.041
4603,4.603000,744236.031041,-149585.444723,594650.586318,1.823405e+00,-1140.181822,589.278420,580.692040,1.105,0.270,0.056
4604,4.604000,744236.031194,-149554.249357,594681.781837,1.823448e+00,-1140.181830,589.278416,580.692040,1.086,0.202,0.055
4605,4.605000,744236.031347,-149523.066932,594712.964415,1.823491e+00,-1140.181838,589.278413,580.692039,1.030,0.197,0.043
4606,4.606000,744236.031499,-149491.897438,594744.134062,1.823534e+00,-1140.181846,589.278410,580.692039,1.225,1.450,0.043
4607,4.607000,744236.031652,-149460.740870,594775.290782,1.823578e+00,-1140.181854,589.278406,580.692039,1.058,0.508,0.047
4608,4.608000,744236.031802,-149429.597214,594806.434588,1.823621e+00,-1140.181862,589.278403,580.692038,1.085,0.501,0.168
4609,4.609000,744236.031948,-149398.466463,594837.565485,1.823664e+00,-1140.181870,589.278400,580.692037,1.071,0.200,0.051
4610,4.610000,744236.032095,-149367.348610,594868.683485,1.823707e+00,-1140.181878,589.278396,580.692036,1.073,0.862,0.052
4611,4.611000,744236.032242,-149336.243646,594899.788595,1.823750e+00,-1140.181886,589.278393,580.692035,1.228,0.262,0.043
4612,4.612000,744236.032388,-149305.151566,594930.880822,1.823793e+00,-1140.181894,589.278390,580.692034,1.089,0.382,0.043
4613,4.613000,744236.032535,-149274.072361,594961.960174,1.823836e+00,-1140.181902,589.278386,580.692033,1.032,0.646,0.050
4614,4.614000,744236.032681,-149243.006023,594993.026658,1.823879e+00,-1140.181911,589.278383,580.692032,1.055,2.968,0.041
4615,4.615000,744236.032828,-149211.952544,595024.080284,1.823922e+00,-1140.181919,589.278380,580.692031,3.125,0.442,0.050
4616,4.616000,744236.032975,-149180.911913,595055.121062,1.823965e+00,-1140.181927,589.278376,580.692029,1.089,0.807,0.101
4617,4.617000,744236.033121,-149149.884128,595086.148993,1.824008e+00,-1140.181935,589.278373,580.692028,1.048,0.523,0.047
4618,4.618000,744236.033268,-149118.869177,595117.164091,1.824051e+00,-1140.181943,589.278370,580.692027,1.034,0.429,0.049
4619,4.619000,744236.033414,-149087.867052,595148.166362,1.824094e+00,-1140.181951,589.278366,580.692026,1.157,0.454,0.047
4620,4.620000,744236.033561,-149056.877740,595179.155820,1.824137e+00,-1140.181959,589.278363,580.692025,1.076,0.204,0.047
4621,4.621000,744236.033707,-149025.901242,595210.132465,1.824180e+00,-1140.181967,589.278360,580.692023,1.084,0.422,0.045
4622,4.622000,744236.033854,-148994.937543,595241.096310,1.824223e+00,-1140.181975,589.278356,580.692022,1.343,0.207,0.137
4623,4.623000,744236.034000,-148963.986635,595272.047365,1.824265e+00,-1140.181983,589.278353,580.692021,1.135,0.619,0.047
4624,4.624000,744236.034147,-148933.048509,595302.985637,1.824308e+00,-1140.181991,589.278350,580.692019,1.093,0.218,0.059
4625,4.625000,744236.034293,-148902.123158,595333.911135,1.824351e+00,-1140.181999,589.278346,580.692018,1.106,0.621,0.039
4626,4.626000,744236.034440,-148871.210575,595364.823865,1.824394e+00,-1140.182007,589.278343,580.692017,1.128,0.342,0.045
4627,4.627000,744236.034586,-148840.310747,595395.723839,1.824437e+00,-1140.182015,589.278340,580.692015,4.833,0.587,0.080
4628,4.628000,744236.034733,-148809.423670,595426.611063,1.824479e+00,-1140.182023,589.278336,580.692014,1.137,0.243,0.054
4629,4.629000,744236.034879,-148778.549332,595457.485547,1.824522e+00,-1140.182031,589.278333,580.692012,1.139,0.211,0.038
4630,4.630000,744236.035026,-148747.687728,595488.347299,1.824565e+00,-1140.182039,589.278330,580.692011,1.036,0.254,0.052
4631,4.631000,744236.035173,-148716.838843,595519.196330,1.824608e+00,-1140.182047,589.278327,580.692009,1.029,0.218,0.053
4632,4.632000,744236.035320,-148686.002674,595550.032645,1.824650e+00,-1140.182055,589.278323,580.692008,1.011,0.188,0.050
4633,4.633000,744236.035466,-148655.179209,595580.856258,1.824693e+00,-1140.182063,589.278320,580.692006,1.143,0.390,0.054
4634,4.634000,744236.035613,-148624.368436,595611.667177,1.824736e+00,-1140.182071,589.278316,580.692004,1.385,0.274,0.056
4635,4.635000,744236.035759,-148593.570347,595642.465412,1.824778e+00,-1140.182079,589.278313,580.692003,1.328,0.315,0.051
4636,4.636000,744236.035906,-148562.784934,595673.250971,1.824821e+00,-1140.182087,589.278310,580.692001,1.008,0.225,0.055
4637,4.637000,744236.036052,-148532.012190,595704.023862,1.824864e+00,-1140.182094,589.278306,580.692000,1.170,0.200,0.056
4638,4.638000,744236.036199,-148501.252102,595734.784096,1.824906e+00,-1140.182102,589.278303,580.691998,0.992,0.396,0.042
4639,4.639000,744236.036345,-148470.504663,595765.531682,1.824949e+00,-1140.182110,589.278300,580.691997,1.051,0.255,0.043
4640,4.640000,744236.036492,-148439.769864,595796.266628,1.824991e+00,-1140.182117,589.278296,580.691995,1.031,0.699,0.048
4641,4.641000,744236.036638,-148409.047696,595826.988942,1.825034e+00,-1140.182125,589.278293,580.691994,1.017,0.900,0.040
4642,4.642000,744236.036785,-148378.338147,595857.698638,1.825076e+00,-1140.182133,589.278289,580.691992,1.169,0.682,0.050
4643,4.643000,744236.036932,-148347.641213,595888.395718,1.825119e+00,-1140.182140,589.278286,580.691990,1.043,6.255,0.047
4644,4.644000,744236.037078,-148316.956881,595919.080197,1.825161e+00,-1140.182148,589.278283,580.691989,1.115,0.236,0.044
4645,4.645000,744236.037225,-148286.285142,595949.752082,1.825204e+00,-1140.182156,589.278279,580.691987,1.197,0.268,0.046
4646,4.646000,744236.037371,-148255.625988,595980.411383,1.825246e+00,-1140.182163,589.278276,580.691986,1.083,0.860,0.054
4647,4.647000,744236.037518,-148224.979409,596011.058109,1.825289e+00,-1140.182171,589.278273,580.691984,1.283,0.283,0.096
4648,4.648000,744236.037664,-148194.345396,596041.692269,1.825331e+00,-1140.182179,589.278269,580.691982,1.115,0.244,0.048
4649,4.649000,744236.037811,-148163.723938,596072.313872,1.825374e+00,-1140.182186,589.278266,580.691981,1.406,4.505,0.092
4650,4.650000,744236.037957,-148133.115031,596102.922926,1.825416e+00,-1140.182194,589.278262,580.691979,1.311,1.353,0.066
4651,4.651000,744236.038104,-148102.518661,596133.519443,1.825458e+00,-1140.182202,589.278259,580.691978,1.188,0.256,0.060
4652,4.652000,744236.038251,-148071.934820,596164.103431,1.825501e+00,-1140.182209,589.278256,580.691976,1.336,0.287,0.058
4653,4.653000,744236.038397,-148041.363500,596194.674897,1.825543e+00,-1140.182217,589.278252,580.691974,1.052,0.197,0.047
4654,4.654000,744236.038544,-148010.804691,596225.233852,1.825585e+00,-1140.182225,589.278249,580.691973,1.054,0.602,0.045
4655,4.655000,744236.038690,-147980.258381,596255.780309,1.825628e+00,-1140.182232,589.278245,580.691971,13.313,3.174,0.052
4656,4.656000,744236.038837,-147949.724562,596286.314275,1.825670e+00,-1140.182240,589.278242,580.691970,1.164,0.975,0.040
4657,4.657000,744236.038983,-147919.203223,596316.835761,1.825712e+00,-1140.182248,589.278239,580.691968,0.971,8.990,0.037
4658,4.658000,744236.039130,-147888.694353,596347.344776,1.825754e+00,-1140.182255,589.278235,580.691966,1.114,2.294,0.053
4659,4.659000,744236.039276,-147858.197949,596377.841327,1.825797e+00,-1140.182263,589.278232,580.691965,1.022,0.199,0.044
4660,4.660000,744236.039423,-147827.713999,596408.325424,1.825839e+00,-1140.182271,589.278228,580.691963,1.327,0.571,0.056
4661,4.661000,744236.039570,-147797.242496,596438.797074,1.825881e+00,-1140.182278,589.278225,580.691961,1.364,0.294,0.045
4662,4.662000,744236.039717,-147766.783426,596469.256291,1.825923e+00,-1140.182286,589.278222,580.691959,1.139,0.236,0.051
4663,4.663000,744236.039864,-147736.336781,596499.703082,1.825965e+00,-1140.182294,589.278218,580.691958,1.086,0.235,0.054
4664,4.664000,744236.040010,-147705.902555,596530.137456,1.826007e+00,-1140.182301,589.278215,580.691956,1.105,0.450,0.052
4665,4.665000,744236.040143,-147675.480736,596560.559407,1.826050e+00,-1140.182309,589.278211,580.691955,1.101,3.302,0.050
4666,4.666000,744236.040261,-147645.071317,596590.968944,1.826092e+00,-1140.182317,589.278208,580.691955,1.089,0.271,0.072
4667,4.667000,744236.040379,-147614.674286,596621.366093,1.826134e+00,-1140.182324,589.278204,580.691955,1.016,0.206,0.044
4668,4.668000,744236.040497,-147584.289635,596651.750862,1.826176e+00,-1140.182332,589.278201,580.691955,1.045,0.350,0.054
4669,4.669000,744236.040614,-147553.917356,596682.123259,1.826218e+00,-1140.182339,589.278198,580.691955,1.044,0.763,0.050
4670,4.670000,744236.040687,-147523.557438,596712.483249,1.826260e+00,-1140.182343,589.278196,580.691955,1.037,0.197,0.047
4671,4.671000,744236.040715,-147493.209875,596742.830840,1.826302e+00,-1140.182344,589.278197,580.691956,1.164,0.232,0.052
4672,4.672000,744236.040742,-147462.874656,596773.166086,1.826344e+00,-1140.182344,589.278198,580.691956,1.309,0.716,0.125
4673,4.673000,744236.040770,-147432.551771,596803.488999,1.826386e+00,-1140.182344,589.278199,580.691957,1.156,1.930,0.048
4674,4.674000,744236.040797,-147402.241211,596833.799586,1.826428e+00,-1140.182345,589.278199,580.691957,1.110,1.106,0.052
4675,4.675000,744236.040825,-147371.942967,596864.097857,1.826470e+00,-1140.182345,589.278200,580.691957,1.003,0.444,0.048
4676,4.676000,744236.040852,-147341.657033,596894.383820,1.826512e+00,-1140.182345,589.278201,580.691958,1.191,0.978,0.041
4677,4.677000,744236.040880,-147311.383399,596924.657481,1.826554e+00,-1140.182346,589.278202,580.691958,1.072,0.565,0.047
4678,4.678000,744236.040907,-147281.122058,596954.918849,1.826596e+00,-1140.182346,589.278203,580.691959,1.094,0.610,0.048
4679,4.679000,744236.040935,-147250.873002,596985.167933,1.826638e+00,-1140.182347,589.278203,580.691959,1.096,0.260,0.044
4680,4.680000,744236.040962,-147220.636219,597015.404743,1.826679e+00,-1140.182347,589.278204,580.691959,1.070,0.241,0.054
4681,4.681000,744236.040990,-147190.411702,597045.629288,1.826721e+00,-1140.182347,589.278205,580.691960,1.189,0.299,0.051
4682,4.682000,744236.041018,-147160.199444,597075.841574,1.826763e+00,-1140.182348,589.278206,580.691960,1.035,0.879,0.050
4683,4.683000,744236.041045,-147129.999433,597106.041612,1.826805e+00,-1140.182348,589.278207,580.691960,1.119,2.763,0.051
4684,4.684000,744236.041073,-147099.811667,597136.229406,1.826847e+00,-1140.182349,589.278207,580.691961,1.080,0.209,0.112
4685,4.685000,744236.041100,-147069.636134,597166.404966,1.826888e+00,-1140.182349,589.278208,580.691961,1.170,0.264,0.076
4686,4.686000,744236.041127,-147039.472826,597196.568301,1.826930e+00,-1140.182349,589.278209,580.691962,3.195,0.256,0.069
4687,4.687000,744236.041154,-147009.321734,597226.719421,1.826972e+00,-1140.182350,589.278210,580.691962,1.061,0.210,0.049
4688,4.688000,744236.041182,-146979.182851,597256.858330,1.827014e+00,-1140.182350,589.278211,580.691963,1.041,0.203,0.049
4689,4.689000,744236.041209,-146949.056171,597286.985038,1.827055e+00,-1140.182351,589.278211,580.691964,1.217,0.364,0.053
4690,4.690000,744236.041236,-146918.941687,597317.099549,1.827097e+00,-1140.182351,589.278212,580.691964,1.022,0.405,0.040
4691,4.691000,744236.041263,-146888.839389,597347.201874,1.827139e+00,-1140.182351,589.278213,580.691965,1.298,0.617,0.056
4692,4.692000,744236.041290,-146858.749273,597377.292018,1.827180e+00,-1140.182352,589.278214,580.691965,1.176,0.235,0.050
4693,4.693000,744236.041318,-146828.671332,597407.369986,1.827222e+00,-1140.182352,589.278215,580.691966,1.037,0.189,0.046
4694,4.694000,744236.041345,-146798.605553,597437.435792,1.827264e+00,-1140.182353,589.278215,580.691966,1.031,0.199,0.051
4695,4.695000,744236.041372,-146768.551933,597467.489439,1.827305e+00,-1140.182353,589.278216,580.691967,1.143,0.233,0.053
4696,4.696000,744236.041399,-146738.510465,597497.530934,1.827347e+00,-1140.182353,589.278217,580.691968,1.035,4.449,0.055
4697,4.697000,744236.041426,-146708.481140,597527.560286,1.827389e+00,-1140.182354,589.278218,580.691968,1.145,1.395,1.129
4698,4.698000,744236.041454,-146678.463954,597557.577500,1.827430e+00,-1140.182354,589.278219,580.691969,1.003,0.507,0.046
4699,4.699000,744236.041481,-146648.458897,597587.582583,1.827472e+00,-1140.182355,589.278219,580.691969,1.023,0.587,0.040
4700,4.700000,744236.041508,-146618.465965,597617.575543,1.827513e+00,-1140.182355,589.278220,580.691970,1.165,0.572,0.058
4701,4.701000,744236.041535,-146588.485149,597647.556386,1.827555e+00,-1140.182355,589.278221,580.691970,1.163,0.294,0.037
4702,4.702000,744236.041561,-146558.516448,597677.525113,1.827596e+00,-1140.182356,589.278222,580.691971,1.092,0.228,0.108
4703,4.703000,744236.041586,-146528.559854,597707.481733,1.827638e+00,-1140.182356,589.278223,580.691972,1.106,0.230,0.049
4704,4.704000,744236.041612,-146498.615359,597737.426253,1.827679e+00,-1140.182356,589.278223,580.691973,1.021,0.558,0.048
4705,4.705000,744236.041637,-146468.682959,597767.358678,1.827721e+00,-1140.182356,589.278224,580.691974,1.101,2.531,0.043
4706,4.706000,744236.041662,-146438.762649,597797.279013,1.827762e+00,-1140.182356,589.278225,580.691975,1.176,0.245,0.056
4707,4.707000,744236.041688,-146408.854421,597827.187266,1.827803e+00,-1140.182356,589.278226,580.691976,1.064,0.203,0.051
4708,4.708000,744236.041713,-146378.958272,597857.083441,1.827845e+00,-1140.182357,589.278227,580.691976,1.146,0.222,0.052
4709,4.709000,744236.041738,-146349.074191,597886.967547,1.827886e+00,-1140.182357,589.278227,580.691977,1.218,0.227,0.048
4710,4.710000,744236.041764,-146319.202176,597916.839587,1.827928e+00,-1140.182357,589.278228,580.691978,1.051,0.201,0.051
4711,4.711000,744236.041789,-146289.342223,597946.699566,1.827969e+00,-1140.182357,589.278229,580.691979,1.023,0.195,0.044
4712,4.712000,744236.041814,-146259.494325,597976.547489,1.828010e+00,-1140.182358,589.278230,580.691980,1.074,0.384,0.059
4713,4.713000,744236.041839,-146229.658481,598006.383359,1.828052e+00,-1140.182358,589.278231,580.691980,1.029,0.495,0.044
4714,4.714000,744236.041865,-146199.834682,598036.207182,1.828093e+00,-1140.182358,589.278231,580.691981,1.069,0.461,0.046
4715,4.715000,744236.041890,-146170.022927,598066.018963,1.828134e+00,-1140.182359,589.278232,580.691982,1.079,0.472,0.043
4716,4.716000,744236.041915,-146140.223207,598095.818708,1.828175e+00,-1140.182359,589.278233,580.691983,1.118,0.413,0.046
4717,4.717000,744236.041940,-146110.435519,598125.606421,1.828217e+00,-1140.182359,589.278234,580.691984,1.061,0.401,0.043
4718,4.718000,744236.041965,-146080.659859,598155.382106,1.828258e+00,-1140.182360,589.278235,580.691984,1.225,0.246,0.048
4719,4.719000,744236.041991,-146050.896224,598185.145767,1.828299e+00,-1140.182360,589.278235,580.691985,1.042,0.477,0.086
4720,4.720000,744236.042016,-146021.144607,598214.897409,1.828340e+00,-1140.182360,589.278236,580.691986,1.080,0.390,0.049
4721,4.721000,744236.042041,-145991.405004,598244.637037,1.828381e+00,-1140.182360,589.278237,580.691987,1.045,0.253,0.046
4722,4.722000,744236.042066,-145961.677409,598274.364658,1.828423e+00,-1140.182361,589.278238,580.691987,1.070,1.971,0.048
4723,4.723000,744236.042292,-145931.961820,598304.080473,1.828464e+00,-1140.182359,589.278247,580.691993,1.127,0.541,0.042
4724,4.724000,744236.042719,-145902.258232,598333.784487,1.828505e+00,-1140.182356,589.278266,580.692005,1.025,0.247,0.050
4725,4.725000,744236.043146,-145872.566640,598363.476506,1.828546e+00,-1140.182353,589.278284,580.692016,1.078,0.203,0.052
4726,4.726000,744236.043572,-145842.887042,598393.156530,1.828587e+00,-1140.182350,589.278302,580.692027,1.018,0.225,0.053
4727,4.727000,744236.043999,-145813.219433,598422.824567,1.828628e+00,-1140.182347,589.278321,580.692038,1.048,0.236,0.050
4728,4.728000,744236.044426,-145783.563808,598452.480618,1.828669e+00,-1140.182344,589.278339,580.692049,1.058,0.395,0.043
4729,4.729000,744236.044852,-145753.920166,598482.124686,1.828710e+00,-1140.182340,589.278357,580.692061,1.120,0.255,0.051
4730,4.730000,744236.045279,-145724.288501,598511.756778,1.828751e+00,-1140.182337,589.278376,580.692072,1.128,0.239,0.048
4731,4.731000,744236.045706,-145694.668815,598541.376891,1.828792e+00,-1140.182334,589.278394,580.692083,1.201,0.457,0.042
4732,4.732000,744236.046132,-145665.061099,598570.985033,1.828833e+00,-1140.182331,589.278413,580.692094,1.065,0.521,0.041
4733,4.733000,744236.046559,-145635.465350,598600.581209,1.828874e+00,-1140.182328,589.278431,580.692105,1.177,0.238,0.054
4734,4.734000,744236.046986,-145605.881562,598630.165423,1.828915e+00,-1140.182325,589.278449,580.692116,1.038,0.532,0.041
4735,4.735000,744236.047412,-145576.309734,598659.737679,1.828956e+00,-1140.182322,589.278468,580.692128,1.152,4.054,0.051
4736,4.736000,744236.047839,-145546.749861,598689.297978,1.828997e+00,-1140.182319,589.278486,580.692139,1.023,0.431,0.048
4737,4.737000,744236.048266,-145517.201940,598718.846325,1.829038e+00,-1140.182315,589.278504,580.692150,1.069,0.268,0.053
4738,4.738000,744236.048692,-145487.665968,598748.382725,1.829079e+00,-1140.182312,589.278523,580.692161,1.074,0.235,0.050
4739,4.739000,744236.049119,-145458.141940,598777.907180,1.829120e+00,-1140.182309,589.278541,580.692172,1.112,0.225,0.041
4740,4.740000,744236.049533,-145428.629855,598807.419678,1.829161e+00,-1140.182306,589.278558,580.692183,1.048,0.203,0.044
4741,4.741000,744236.049933,-145399.129706,598836.920227,1.829202e+00,-1140.182303,589.278575,580.692194,1.016,0.225,0.045
4742,4.742000,744236.050333,-145369.641493,598866.408840,1.829242e+00,-1140.182300,589.278591,580.692205,1.316,0.236,0.052
4743,4.743000,744236.050733,-145340.165210,598895.885523,1.829283e+00,-1140.182297,589.278608,580.692216,1.221,0.286,0.038
4744,4.744000,744236.051133,-145310.700851,598925.350283,1.829324e+00,-1140.182294,589.278624,580.692227,1.090,0.215,0.054
4745,4.745000,744236.051534,-145281.248414,598954.803120,1.829365e+00,-1140.182290,589.278641,580.692238,1.122,0.253,0.057
4746,4.746000,744236.051934,-145251.807894,598984.244040,1.829406e+00,-1140.182287,589.278657,580.692249,1.055,0.659,0.049
4747,4.747000,744236.052334,-145222.379291,599013.673043,1.829446e+00,-1140.182284,589.278673,580.692260,1.077,0.226,0.055
4748,4.748000,744236.052734,-145192.962597,599043.090137,1.829487e+00,-1140.182281,589.278690,580.692271,1.043,0.405,0.044
4749,4.749000,744236.053135,-145163.557812,599072.495323,1.829528e+00,-1140.182278,589.278706,580.692281,1.062,0.474,0.048
4750,4.750000,744236.053535,-145134.164929,599101.888606,1.829569e+00,-1140.182275,589.278723,580.692292,1.067,0.429,0.051
4751,4.751000,744236.053935,-145104.783943,599131.269992,1.829609e+00,-1140.182272,589.278739,580.692303,1.082,0.893,0.057
4752,4.752000,744236.054335,-145075.414850,599160.639485,1.829650e+00,-1140.182269,589.278756,580.692314,1.210,23.496,0.037
4753,4.753000,744236.054736,-145046.057650,599189.997086,1.829691e+00,-1140.182266,589.278772,580.692325,1.125,0.459,0.038
4754,4.754000,744236.055136,-145016.712334,599219.342802,1.829731e+00,-1140.182262,589.278789,580.692336,1.109,2.190,0.035
4755,4.755000,744236.055536,-144987.378898,599248.676638,1.829772e+00,-1140.182259,589.278805,580.692346,1.019,0.619,0.040
4756,4.756000,744236.055937,-144958.057341,599277.998595,1.829812e+00,-1140.182256,589.278821,580.692357,1.059,0.413,0.042
4757,4.757000,744236.056337,-144928.747651,599307.308686,1.829853e+00,-1140.182253,589.278838,580.692368,1.157,0.312,0.046
4758,4.758000,744236.056737,-144899.449826,599336.606911,1.829894e+00,-1140.182250,589.278854,580.692379,1.150,0.227,0.051
4759,4.759000,744236.057137,-144870.163863,599365.893275,1.829934e+00,-1140.182247,589.278871,580.692390,1.084,0.220,0.051
4760,4.760000,744236.057538,-144840.889752,599395.167785,1.829975e+00,-1140.182244,589.278887,580.692401,1.040,0.202,0.042
4761,4.761000,744236.057938,-144811.627494,599424.430444,1.830015e+00,-1140.182241,589.278904,580.692412,1.098,3.168,0.050
4762,4.762000,744236.058338,-144782.377080,599453.681258,1.830056e+00,-1140.182238,589.278920,580.692422,1.087,0.309,0.044
4763,4.763000,744236.058738,-144753.138505,599482.920234,1.830096e+00,-1140.182235,589.278936,580.692433,1.208,0.298,0.056
4764,4.764000,744236.059139,-144723.911763,599512.147376,1.830137e+00,-1140.182232,589.278953,580.692444,1.114,0.229,0.051
4765,4.765000,744236.059539,-144694.696847,599541.362692,1.830177e+00,-1140.182229,589.278969,580.692455,1.084,0.203,0.061
4766,4.766000,744236.059939,-144665.493752,599570.566186,1.830217e+00,-1140.182225,589.278985,580.692466,1.162,0.241,0.045
4767,4.767000,744236.060339,-144636.302470,599599.757869,1.830258e+00,-1140.182222,589.279001,580.692477,1.079,0.814,0.047
4768,4.768000,744236.060739,-144607.122996,599628.937743,1.830298e+00,-1140.182219,589.279018,580.692488,1.062,0.444,0.046
4769,4.769000,744236.061139,-144577.955325,599658.105815,1.830339e+00,-1140.182216,589.279034,580.692498,1.174,0.442,0.040
4770,4.770000,744236.061539,-144548.799448,599687.262092,1.830379e+00,-1140.182213,589.279050,580.692509,1.067,0.567,0.044
4771,4.771000,744236.061940,-144519.655358,599716.406582,1.830419e+00,-1140.182210,589.279066,580.692520,1.095,0.212,0.046
4772,4.772000,744236.062340,-144490.523051,599745.539289,1.830460e+00,-1140.182207,589.279083,580.692531,1.075,0.986,0.051
4773,4.773000,744236.062740,-144461.402517,599774.660223,1.830500e+00,-1140.182204,589.279099,580.692542,1.056,0.199,0.043
4774,4.774000,744236.063140,-144432.293750,599803.769390,1.830540e+00,-1140.182201,589.279115,580.692553,1.101,0.457,0.041
4775,4.775000,744236.063540,-144403.196742,599832.866798,1.830581e+00,-1140.182198,589.279131,580.692564,1.069,0.394,0.039
4776,4.776000,744236.063940,-144374.111483,599861.952457,1.830621e+00,-1140.182195,589.279148,580.692574,1.176,0.346,0.049
4777,4.777000,744236.064341,-144345.037969,599891.026371,1.830661e+00,-1140.182191,589.279164,580.692585,1.042,0.365,0.051
4778,4.778000,744236.064741,-144315.976187,599920.088554,1.830701e+00,-1140.182188,589.279180,580.692596,1.095,24.678,0.063
4779,4.779000,744236.065141,-144286.926130,599949.139011,1.830742e+00,-1140.182185,589.279196,580.692607,1.148,0.236,0.059
4780,4.780000,744236.065541,-144257.887794,599978.177747,1.830782e+00,-1140.182182,589.279213,580.692618,1.216,0.490,0.048
4781,4.781000,744236.065941,-144228.861169,600007.204772,1.830822e+00,-1140.182179,589.279229,580.692629,1.023,0.242,0.050
4782,4.782000,744236.066341,-144199.846247,600036.220094,1.830862e+00,-1140.182176,589.279245,580.692639,1.038,0.274,0.046
4783,4.783000,744236.066741,-144170.843017,600065.223725,1.830902e+00,-1140.182173,589.279261,580.692650,1.146,0.205,0.093
4784,4.784000,744236.067142,-144141.851469,600094.215672,1.830943e+00,-1140.182170,589.279278,580.692661,1.281,0.209,0.065
4785,4.785000,744236.067542,-144112.871597,600123.195945,1.830983e+00,-1140.182167,589.279294,580.692672,1.172,0.353,0.047
4786,4.786000,744236.067942,-144083.903385,600152.164557,1.831023e+00,-1140.182164,589.279310,580.692683,1.100,0.218,0.046
4787,4.787000,744236.068342,-144054.946828,600181.121514,1.831063e+00,-1140.182161,589.279326,580.692693,1.410,1.380,0.064
4788,4.788000,744236.068742,-144026.001916,600210.066826,1.831103e+00,-1140.182157,589.279343,580.692704,1.033,0.207,0.043
4789,4.789000,744236.069143,-143997.068641,600239.000502,1.831143e+00,-1140.182154,589.279359,580.692715,1.177,0.263,0.042
4790,4.790000,744236.069543,-143968.146990,600267.922553,1.831183e+00,-1140.182151,589.279375,580.692725,1.062,0.390,0.052
4791,4.791000,744236.069943,-143939.236954,600296.832989,1.831223e+00,-1140.182148,589.279391,580.692736,1.168,0.259,0.060
4792,4.792000,744236.070343,-143910.338523,600325.731820,1.831263e+00,-1140.182145,589.279408,580.692747,1.027,0.662,0.052
4793,4.793000,744236.070743,-143881.451687,600354.619056,1.831303e+00,-1140.182142,589.279424,580.692758,1.045,0.841,0.043
4794,4.794000,744236.071144,-143852.576435,600383.494708,1.831343e+00,-1140.182139,589.279440,580.692768,1.143,0.237,0.047
4795,4.795000,744236.071544,-143823.712758,600412.358786,1.831383e+00,-1140.182136,589.279456,580.692779,2.110,0.977,0.059
4796,4.796000,744236.071944,-143794.860643,600441.211301,1.831423e+00,-1140.182133,589.279473,580.692790,1.177,0.340,0.063
4797,4.797000,744236.072344,-143766.020083,600470.052261,1.831463e+00,-1140.182130,589.279489,580.692800,1.076,0.239,0.051
4798,4.798000,744236.072745,-143737.191063,600498.881681,1.831503e+00,-1140.182127,589.279505,580.692811,1.104,0.247,0.059
4799,4.799000,744236.073145,-143708.373575,600527.699570,1.831543e+00,-1140.182124,589.279521,580.692822,1.150,0.271,0.062
4800,4.800000,744236.073545,-143679.567604,600556.505941,1.831583e+00,-1140.182120,589.279538,580.692832,1.163,2.041,0.054
4801,4.801000,744236.073945,-143650.773140,600585.300805,1.831623e+00,-1140.182117,589.279554,580.692843,1.137,0.214,0.052
4802,4.802000,744236.074345,-143621.990174,600614.084172,1.831662e+00,-1140.182115,589.279570,580.692854,1.049,0.195,0.048
4803,4.803000,744236.074746,-143593.218693,600642.856053,1.831702e+00,-1140.182111,589.279586,580.692864,2.080,0.504,0.172
4804,4.804000,744236.075146,-143564.458685,600671.616461,1.831742e+00,-1140.182108,589.279602,580.692875,1.283,0.335,0.074
4805,4.805000,744236.075547,-143535.710139,600700.365407,1.831782e+00,-1140.182105,589.279619,580.692886,1.070,0.287,0.046
4806,4.806000,744236.075947,-143506.973043,600729.102904,1.831822e+00,-1140.182102,589.279635,580.692896,1.638,0.464,0.049
4807,4.807000,744236.076347,-143478.247391,600757.828956,1.831861e+00,-1140.182099,589.279651,580.692907,1.024,0.509,0.048
4808,4.808000,744236.076746,-143449.533166,600786.543580,1.831901e+00,-1140.182095,589.279667,580.692918,2.314,0.283,0.050
4809,4.809000,744236.077146,-143420.830359,600815.246788,1.831941e+00,-1140.182092,589.279684,580.692929,1.034,2.629,0.044
4810,4.810000,744236.077546,-143392.138951,600843.938595,1.831981e+00,-1140.182089,589.279700,580.692940,1.070,0.220,0.103
4811,4.811000,744236.077946,-143363.458935,600872.619011,1.832020e+00,-1140.182085,589.279716,580.692951,1.120,0.237,0.059
4812,4.812000,744236.078336,-143334.790300,600901.288036,1.832060e+00,-1140.182082,589.279731,580.692961,1.093,0.235,0.061
4813,4.813000,744236.078716,-143306.133029,600929.945687,1.832100e+00,-1140.182079,589.279746,580.692972,1.435,0.500,0.071
4814,4.814000,744236.079096,-143277.487112,600958.591985,1.832139e+00,-1140.182075,589.279760,580.692983,1.072,0.215,0.056
4815,4.815000,744236.079477,-143248.852538,600987.226938,1.832179e+00,-1140.182072,589.279774,580.692994,1.339,1.106,0.135
4816,4.816000,744236.079857,-143220.229290,601015.850566,1.832219e+00,-1140.182069,589.279789,580.693004,1.087,0.725,0.074
4817,4.817000,744236.080236,-143191.617360,601044.462876,1.832258e+00,-1140.182065,589.279803,580.693015,1.038,0.213,0.059
4818,4.818000,744236.080616,-143163.016735,601073.063882,1.832298e+00,-1140.182062,589.279817,580.693025,1.228,0.284,0.083
4819,4.819000,744236.080996,-143134.427403,601101.653594,1.832338e+00,-1140.182059,589.279832,580.693036,1.503,2.677,0.059
4820,4.820000,744236.081376,-143105.849354,601130.232022,1.832377e+00,-1140.182055,589.279846,580.693046,1.054,0.221,0.055
4821,4.821000,744236.081578,-143077.282574,601158.799004,1.832417e+00,-1140.182054,589.279853,580.693051,1.163,0.223,0.060
4822,4.822000,744236.081600,-143048.727050,601187.354550,1.832456e+00,-1140.182054,589.279854,580.693051,16.363,3.209,0.058
4823,4.823000,744236.081623,-143020.182770,601215.898853,1.832496e+00,-1140.182054,589.279855,580.693050,1.191,0.669,0.063
4824,4.824000,744236.081646,-142991.649719,601244.431927,1.832535e+00,-1140.182054,589.279856,580.693049,2.560,0.395,0.069
4825,4.825000,744236.081668,-142963.127885,601272.953783,1.832575e+00,-1140.182054,589.279856,580.693048,1.489,1.567,0.074
4826,4.826000,744236.081690,-142934.617259,601301.464431,1.832614e+00,-1140.182054,589.279857,580.693048,1.194,0.427,0.047
4827,4.827000,744236.081713,-142906.117824,601329.963888,1.832654e+00,-1140.182054,589.279858,580.693047,1.071,0.251,0.046
4828,4.828000,744236.081735,-142877.629569,601358.452166,1.832693e+00,-1140.182054,589.279859,580.693046,1.218,0.252,0.060
4829,4.829000,744236.081757,-142849.152483,601386.929274,1.832733e+00,-1140.182054,589.279859,580.693045,1.209,0.293,0.066
4830,4.830000,744236.081780,-142820.686551,601415.395229,1.832772e+00,-1140.182054,589.279860,580.693044,1.179,0.276,0.052
4831,4.831000,744236.081802,-142792.231762,601443.850040,1.832811e+00,-1140.182054,589.279861,580.693043,1.122,0.281,0.054
4832,4.832000,744236.081824,-142763.788107,601472.293718,1.832851e+00,-1140.182054,589.279862,580.693042,1.074,0.430,0.051
4833,4.833000,744236.081846,-142735.355571,601500.726276,1.832890e+00,-1140.182054,589.279862,580.693041,1.087,0.218,0.056
4834,4.834000,744236.081869,-142706.934142,601529.147726,1.832930e+00,-1140.182054,589.279863,580.693040,1.105,0.419,0.052
4835,4.835000,744236.081891,-142678.523810,601557.558081,1.832969e+00,-1140.182054,589.279864,580.693039,1.125,0.258,0.057
4836,4.836000,744236.081913,-142650.124561,601585.957352,1.833008e+00,-1140.182054,589.279864,580.693038,1.119,0.236,0.043
4837,4.837000,744236.081936,-142621.736387,601614.345549,1.833047e+00,-1140.182054,589.279865,580.693037,1.017,0.202,0.048
4838,4.838000,744236.081958,-142593.359274,601642.722684,1.833087e+00,-1140.182054,589.279866,580.693036,1.037,0.203,0.046
4839,4.839000,744236.081980,-142564.993212,601671.088768,1.833126e+00,-1140.182054,589.279867,580.693036,1.177,2.726,0.058
4840,4.840000,744236.082002,-142536.638184,601699.443818,1.833165e+00,-1140.182054,589.279867,580.693035,1.217,0.273,0.060
4841,4.841000,744236.082024,-142508.294185,601727.787839,1.833205e+00,-1140.182054,589.279868,580.693034,1.239,0.240,0.060
4842,4.842000,744236.082046,-142479.961205,601756.120841,1.833244e+00,-1140.182054,589.279869,580.693033,1.319,0.489,0.052
4843,4.843000,744236.082068,-142451.639236,601784.442833,1.833283e+00,-1140.182053,589.279870,580.693033,1.086,5.758,0.044
4844,4.844000,744236.082090,-142423.328263,601812.753827,1.833322e+00,-1140.182053,589.279870,580.693032,1.138,0.815,0.055
4845,4.845000,744236.082112,-142395.028282,601841.053830,1.833361e+00,-1140.182053,589.279871,580.693031,1.059,0.218,0.052
4846,4.846000,744236.082134,-142366.739278,601869.342856,1.833401e+00,-1140.182053,589.279872,580.693031,1.173,2.245,0.052
4847,4.847000,744236.082156,-142338.461248,601897.620908,1.833440e+00,-1140.182053,589.279873,580.693030,1.079,0.235,0.049
4848,4.848000,744236.082178,-142310.194183,601925.887995,1.833479e+00,-1140.182052,589.279873,580.693029,1.161,0.462,0.055
4849,4.849000,744236.082200,-142281.938072,601954.144128,1.833518e+00,-1140.182052,589.279874,580.693028,1.138,0.604,0.048
4850,4.850000,744236.082222,-142253.692913,601982.389309,1.833557e+00,-1140.182052,589.279875,580.693028,1.074,0.208,0.044
4851,4.851000,744236.082244,-142225.458694,602010.623550,1.833596e+00,-1140.182052,589.279876,580.693027,1.254,0.216,0.054
4852,4.852000,744236.082266,-142197.235412,602038.846854,1.833635e+00,-1140.182051,589.279876,580.693026,1.168,0.224,0.054
4853,4.853000,744236.082288,-142169.023058,602067.059230,1.833674e+00,-1140.182051,589.279877,580.693026,1.077,0.286,0.051
4854,4.854000,744236.082310,-142140.821629,602095.260681,1.833713e+00,-1140.182051,589.279878,580.693025,1.156,0.224,0.051
4855,4.855000,744236.082332,-142112.631119,602123.451213,1.833752e+00,-1140.182051,589.279879,580.693024,1.060,0.396,0.050
4856,4.856000,744236.082354,-142084.451523,602151.630831,1.833791e+00,-1140.182050,589.279879,580.693023,1.668,0.263,0.109
4857,4.857000,744236.082376,-142056.282838,602179.799539,1.833830e+00,-1140.182050,589.279880,580.693023,1.006,0.194,0.036
4858,4.858000,744236.082398,-142028.125060,602207.957338,1.833869e+00,-1140.182050,589.279881,580.693022,1.047,0.197,0.049
4859,4.859000,744236.082420,-141999.978185,602236.104236,1.833908e+00,-1140.182050,589.279882,580.693021,1.026,0.381,0.050
4860,4.860000,744236.082442,-141971.842212,602264.240230,1.833947e+00,-1140.182050,589.279882,580.693021,1.213,2.878,0.048
4861,4.861000,744236.082464,-141943.717140,602292.365324,1.833986e+00,-1140.182049,589.279883,580.693020,1.075,0.222,0.050
4862,4.862000,744236.082486,-141915.602961,602320.479525,1.834025e+00,-1140.182049,589.279884,580.693019,1.033,1.129,0.041
4863,4.863000,744236.082508,-141887.499677,602348.582831,1.834064e+00,-1140.182049,589.279885,580.693018,1.131,25.961,0.041
4864,4.864000,744236.082530,-141859.407285,602376.675246,1.834103e+00,-1140.182049,589.279885,580.693018,1.173,0.248,0.101
4865,4.865000,744236.082552,-141831.325786,602404.756767,1.834142e+00,-1140.182048,589.279886,580.693017,1.040,0.202,0.042
4866,4.866000,744236.082574,-141803.255177,602432.827398,1.834181e+00,-1140.182048,589.279887,580.693016,1.069,0.526,0.040
4867,4.867000,744236.082596,-141775.195461,602460.887135,1.834220e+00,-1140.182048,589.279888,580.693016,1.148,0.654,0.057
4868,4.868000,744236.082618,-141747.146635,602488.935983,1.834259e+00,-1140.182048,589.279888,580.693015,1.120,1.450,0.046
4869,4.869000,744236.082640,-141719.108698,602516.973942,1.834297e+00,-1140.182047,589.279889,580.693014,1.222,32.938,0.042
4870,4.870000,744236.082663,-141691.081650,602545.001012,1.834336e+00,-1140.182047,589.279890,580.693013,1.062,6.509,0.042
4871,4.871000,744236.082685,-141663.065493,602573.017192,1.834375e+00,-1140.182047,589.279891,580.693013,1.122,0.242,0.049
4872,4.872000,744236.082707,-141635.060227,602601.022481,1.834414e+00,-1140.182046,589.279891,580.693012,1.133,0.455,0.044
4873,4.873000,744236.082730,-141607.065853,602629.016877,1.834452e+00,-1140.182046,589.279892,580.693011,1.035,0.236,0.049
4874,4.874000,744236.082752,-141579.082370,602657.000382,1.834491e+00,-1140.182045,589.279893,580.693010,1.125,0.238,0.046
4875,4.875000,744236.082774,-141551.109778,602684.972997,1.834530e+00,-1140.182045,589.279894,580.693010,1.039,0.615,0.048
4876,4.876000,744236.082797,-141523.148078,602712.934719,1.834569e+00,-1140.182044,589.279894,580.693009,1.140,0.240,0.040
4877,4.877000,744236.082819,-141495.197269,602740.885550,1.834607e+00,-1140.182044,589.279895,580.693008,1.189,0.276,0.058
4878,4.878000,744236.082842,-141467.257353,602768.825489,1.834646e+00,-1140.182043,589.279896,580.693007,1.122,0.395,0.061
4879,4.879000,744236.082864,-141439.328328,602796.754536,1.834685e+00,-1140.182043,589.279897,580.693006,1.053,0.207,0.047
4880,4.880000,744236.082886,-141411.410194,602824.672693,1.834723e+00,-1140.182042,589.279897,580.693006,1.078,0.494,0.050
4881,4.881000,744236.082908,-141383.502953,602852.579956,1.834762e+00,-1140.182042,589.279898,580.693005,1.030,0.225,0.050
4882,4.882000,744236.082931,-141355.606602,602880.476329,1.834801e+00,-1140.182042,589.279899,580.693004,1.175,0.218,0.056
4883,4.883000,744236.082953,-141327.721143,602908.361810,1.834839e+00,-1140.182041,589.279900,580.693003,2.868,5.401,0.056
4884,4.884000,744236.082975,-141299.846571,602936.236404,1.834878e+00,-1140.182041,589.279900,580.693002,1.121,0.231,0.060
4885,4.885000,744236.082998,-141271.982890,602964.100107,1.834916e+00,-1140.182040,589.279901,580.693001,1.178,0.397,0.055
4886,4.886000,744236.083020,-141244.130094,602991.952926,1.834955e+00,-1140.182040,589.279902,580.693001,1.288,0.217,0.055
4887,4.887000,744236.083042,-141216.288183,603019.794859,1.834994e+00,-1140.182040,589.279903,580.693000,1.104,2.612,0.047
4888,4.888000,744236.083064,-141188.457154,603047.625910,1.835032e+00,-1140.182039,589.279903,580.692999,1.035,0.200,0.060
4889,4.889000,744236.083087,-141160.637000,603075.446087,1.835071e+00,-1140.182039,589.279904,580.692998,1.034,0.722,0.050
4890,4.890000,744236.083109,-141132.827723,603103.255386,1.835109e+00,-1140.182038,589.279905,580.692997,1.113,0.222,0.052
4891,4.891000,744236.083131,-141105.029320,603131.053812,1.835148e+00,-1140.182038,589.279906,580.692996,1.100,11.643,0.043
4892,4.892000,744236.083154,-141077.241781,603158.841373,1.835186e+00,-1140.182038,589.279906,580.692995,1.068,0.263,0.053
4893,4.893000,744236.083176,-141049.465109,603186.618067,1.835225e+00,-1140.182037,589.279907,580.692995,1.087,0.227,0.049
4894,4.894000,744236.083198,-141021.699298,603214.383901,1.835263e+00,-1140.182037,589.279908,580.692994,1.076,0.703,0.106
4895,4.895000,744236.083220,-140993.944338,603242.138883,1.835301e+00,-1140.182036,589.279909,580.692993,1.033,0.201,0.041
4896,4.896000,744236.083243,-140966.200225,603269.883018,1.835340e+00,-1140.182036,589.279909,580.692992,1.953,2.987,0.151
4897,4.897000,744236.083265,-140938.466955,603297.616311,1.835378e+00,-1140.182036,589.279910,580.692991,1.220,0.322,0.044
4898,4.898000,744236.083287,-140910.744519,603325.338768,1.835417e+00,-1140.182035,589.279911,580.692990,1.061,0.260,0.050
4899,4.899000,744236.083310,-140883.032910,603353.050400,1.835455e+00,-1140.182035,589.279912,580.692989,1.105,0.209,0.051
4900,4.900000,744236.083332,-140855.332121,603380.751211,1.835493e+00,-1140.182035,589.279912,580.692988,1.223,0.234,0.045
4901,4.901000,744236.083354,-140827.642140,603408.441215,1.835532e+00,-1140.182034,589.279913,580.692988,1.085,0.205,0.046
4902,4.902000,744236.083377,-140799.962960,603436.120416,1.835570e+00,-1140.182034,589.279914,580.692987,1.062,0.323,0.050
4903,4.903000,744236.083399,-140772.294570,603463.788829,1.835608e+00,-1140.182034,589.279915,580.692986,1.189,0.291,0.052
4904,4.904000,744236.083421,-140744.636960,603491.446461,1.835647e+00,-1140.182033,589.279915,580.692985,1.286,0.256,0.057
4905,4.905000,744236.083444,-140716.990117,603519.093327,1.835685e+00,-1140.182033,589.279916,580.692984,1.123,0.416,0.054
4906,4.906000,744236.083466,-140689.354030,603546.729436,1.835723e+00,-1140.182032,589.279917,580.692983,1.224,0.448,0.059
4907,4.907000,744236.083487,-140661.728691,603574.354796,1.835761e+00,-1140.182032,589.279917,580.692982,1.084,19.457,0.050
4908,4.908000,744236.083509,-140634.114088,603601.969421,1.835800e+00,-1140.182031,589.279918,580.692982,1.284,0.261,0.069
4909,4.909000,744236.083530,-140606.510204,603629.573326,1.835838e+00,-1140.182030,589.279919,580.692981,1.269,0.489,0.061
4910,4.910000,744236.083552,-140578.917026,603657.166525,1.835876e+00,-1140.182029,589.279920,580.692980,1.235,3.084,0.049
4911,4.911000,744236.083573,-140551.334540,603684.749033,1.835914e+00,-1140.182028,589.279920,580.692979,1.097,0.928,0.042
4912,4.912000,744236.083594,-140523.762730,603712.320864,1.835953e+00,-1140.182028,589.279921,580.692978,2.102,1.068,0.062
4913,4.913000,744236.083616,-140496.201582,603739.882034,1.835991e+00,-1140.182027,589.279922,580.692977,1.268,0.262,0.051
4914,4.914000,744236.083637,-140468.651081,603767.432556,1.836029e+00,-1140.182026,589.279922,580.692976,1.135,0.219,0.054
4915,4.915000,744236.083658,-140441.111209,603794.972449,1.836067e+00,-1140.182025,589.279923,580.692975,1.023,0.196,0.040
4916,4.916000,744236.083680,-140413.581950,603822.501730,1.836105e+00,-1140.182024,589.279924,580.692974,1.126,0.606,0.047
4917,4.917000,744236.083701,-140386.063287,603850.020414,1.836143e+00,-1140.182023,589.279925,580.692974,1.143,0.575,0.049
4918,4.918000,744236.083723,-140358.555198,603877.528525,1.836181e+00,-1140.182023,589.279925,580.692973,1.218,3.259,0.053
4919,4.919000,744236.083745,-140331.057673,603905.026072,1.836219e+00,-1140.182022,589.279926,580.692972,1.193,0.533,0.042
4920,4.920000,744236.083766,-140303.570688,603932.513078,1.836257e+00,-1140.182021,589.279927,580.692971,1.092,0.217,0.056
4921,4.921000,744236.083788,-140276.094231,603959.989557,1.836295e+00,-1140.182021,589.279927,580.692970,1.851,0.609,0.061
4922,4.922000,744236.083810,-140248.628280,603987.455530,1.836333e+00,-1140.182020,589.279928,580.692969,1.121,1.652,0.139
4923,4.923000,744236.083832,-140221.172818,604014.911014,1.836372e+00,-1140.182019,589.279929,580.692968,1.040,0.257,0.060
4924,4.924000,744236.083853,-140193.727826,604042.356027,1.836410e+00,-1140.182018,589.279930,580.692967,1.070,0.241,0.041
4925,4.925000,744236.083875,-140166.293286,604069.790589,1.836448e+00,-1140.182018,589.279930,580.692966,1.056,0.552,0.044
4926,4.926000,744236.083897,-140138.869182,604097.214714,1.836485e+00,-1140.182017,589.279931,580.692966,1.095,0.206,0.054
4927,4.927000,744236.083918,-140111.455497,604124.628421,1.836523e+00,-1140.182016,589.279932,580.692965,1.027,7.855,0.045
4928,4.928000,744236.083940,-140084.052212,604152.031728,1.836561e+00,-1140.182016,589.279932,580.692964,1.043,2.336,0.044
4929,4.929000,744236.083962,-140056.659314,604179.424647,1.836599e+00,-1140.182015,589.279933,580.692963,1.077,3.717,0.041
4930,4.930000,744236.083983,-140029.276786,604206.807197,1.836637e+00,-1140.182014,589.279934,580.692962,1.076,0.233,0.054
4931,4.931000,744236.084005,-140001.904613,604234.179392,1.836675e+00,-1140.182014,589.279935,580.692961,1.117,0.251,0.102
4932,4.932000,744236.084027,-139974.542780,604261.541247,1.836713e+00,-1140.182013,589.279935,580.692960,1.077,0.437,0.042
4933,4.933000,744236.084048,-139947.191273,604288.892775,1.836751e+00,-1140.182012,589.279936,580.692959,1.251,0.210,0.131
4934,4.934000,744236.084070,-139919.850081,604316.233989,1.836789e+00,-1140.182012,589.279937,580.692958,1.020,0.482,0.050
4935,4.935000,744236.084091,-139892.519193,604343.564899,1.836827e+00,-1140.182011,589.279937,580.692957,1.125,0.256,0.038
4936,4.936000,744236.084113,-139865.198596,604370.885517,1.836864e+00,-1140.182010,589.279938,580.692956,1.023,0.228,0.058
4937,4.937000,744236.084135,-139837.888281,604398.195854,1.836902e+00,-1140.182010,589.279939,580.692955,1.120,0.245,0.044
4938,4.938000,744236.084156,-139810.588240,604425.495916,1.836940e+00,-1140.182009,589.279940,580.692954,1.019,0.239,0.047
4939,4.939000,744236.084178,-139783.298468,604452.785710,1.836978e+00,-1140.182009,589.279940,580.692953,1.230,0.914,0.048
4940,4.940000,744236.084200,-139756.018954,604480.065246,1.837016e+00,-1140.182008,589.279941,580.692952,1.245,0.502,0.066
4941,4.941000,744236.084221,-139728.749694,604507.334527,1.837053e+00,-1140.182007,589.279942,580.692951,0.989,0.220,0.046
4942,4.942000,744236.084243,-139701.490685,604534.593558,1.837091e+00,-1140.182007,589.279942,580.692950,1.113,0.502,0.039
4943,4.943000,744236.084265,-139674.241924,604561.842340,1.837129e+00,-1140.182006,589.279943,580.692949,1.462,0.562,0.071
4944,4.944000,744236.084286,-139647.003409,604589.080877,1.837167e+00,-1140.182005,589.279944,580.692948,1.125,0.229,0.042
4945,4.945000,744236.084308,-139619.775139,604616.309169,1.837204e+00,-1140.182005,589.279945,580.692947,1.203,0.236,0.059
4946,4.946000,744236.084330,-139592.557116,604643.527213,1.837242e+00,-1140.182004,589.279945,580.692946,1.174,0.425,0.074
4947,4.947000,744236.084351,-139565.349341,604670.735011,1.837280e+00,-1140.182004,589.279946,580.692945,1.108,0.249,0.056
4948,4.948000,744236.084373,-139538.151813,604697.932560,1.837317e+00,-1140.182003,589.279947,580.692944,1.213,0.685,0.055
4949,4.949000,744236.084395,-139510.964535,604725.119860,1.837355e+00,-1140.182002,589.279948,580.692943,1.057,0.588,0.049
4950,4.950000,744236.084416,-139483.787511,604752.296905,1.837393e+00,-1140.182002,589.279948,580.692942,1.303,0.331,0.047
4951,4.951000,744236.084438,-139456.620751,604779.463687,1.837430e+00,-1140.182001,589.279949,580.692941,1.115,0.240,0.055
4952,4.952000,744236.084460,-139429.464255,604806.620205,1.837468e+00,-1140.182000,589.279950,580.692940,1.031,0.227,0.050
4953,4.953000,744236.084481,-139402.318029,604833.766453,1.837505e+00,-1140.182000,589.279950,580.692939,1.122,1.778,0.042
4954,4.954000,744236.084503,-139375.182077,604860.902426,1.837543e+00,-1140.181999,589.279951,580.692938,1.160,0.507,0.046
4955,4.955000,744236.084525,-139348.056409,604888.028116,1.837581e+00,-1140.181999,589.279952,580.692937,1.294,0.557,0.047
4956,4.956000,744236.084546,-139320.941030,604915.143516,1.837618e+00,-1140.181998,589.279952,580.692936,1.206,0.229,0.057
4957,4.957000,744236.084568,-139293.835947,604942.248621,1.837656e+00,-1140.181997,589.279953,580.692935,1.153,0.288,0.049
4958,4.958000,744236.084590,-139266.741164,604969.343425,1.837693e+00,-1140.181997,589.279954,580.692934,1.107,0.206,0.050
4959,4.959000,744236.084612,-139239.656691,604996.427920,1.837731e+00,-1140.181996,589.279954,580.692933,1.203,0.284,0.055
4960,4.960000,744236.084633,-139212.582535,605023.502098,1.837768e+00,-1140.181995,589.279955,580.692932,1.067,0.216,0.050
4961,4.961000,744236.084655,-139185.518700,605050.565955,1.837806e+00,-1140.181995,589.279956,580.692931,1.042,0.638,0.044
4962,4.962000,744236.084676,-139158.465193,605077.619483,1.837843e+00,-1140.181994,589.279956,580.692929,1.203,0.234,0.056
4963,4.963000,744236.084698,-139131.422020,605104.662677,1.837880e+00,-1140.181994,589.279957,580.692928,1.148,0.237,0.060
4964,4.964000,744236.084719,-139104.389187,605131.695532,1.837918e+00,-1140.181993,589.279958,580.692927,1.270,0.281,0.068
4965,4.965000,744236.084740,-139077.366698,605158.718042,1.837955e+00,-1140.181992,589.279958,580.692926,1.029,0.317,0.051
4966,4.966000,744236.084762,-139050.354562,605185.730199,1.837993e+00,-1140.181992,589.279959,580.692924,1.050,0.415,0.048
4967,4.967000,744236.084783,-139023.352782,605212.732002,1.838030e+00,-1140.181991,589.279960,580.692923,1.023,0.228,0.043
4968,4.968000,744236.084805,-138996.361360,605239.723445,1.838067e+00,-1140.181991,589.279960,580.692922,1.042,0.409,0.056
4969,4.969000,744236.084827,-138969.380303,605266.704523,1.838105e+00,-1140.181990,589.279961,580.692921,1.026,0.644,0.036
4970,4.970000,744236.084849,-138942.409614,605293.675235,1.838142e+00,-1140.181990,589.279962,580.692920,1.186,0.513,0.046
4971,4.971000,744236.084870,-138915.449294,605320.635577,1.838180e+00,-1140.181990,589.279962,580.692918,1.007,0.192,0.059
4972,4.972000,744236.084892,-138888.499347,605347.585545,1.838217e+00,-1140.181989,589.279963,580.692917,1.039,0.477,0.045
4973,4.973000,744236.084914,-138861.559773,605374.525140,1.838254e+00,-1140.181989,589.279964,580.692916,1.009,0.220,0.047
4974,4.974000,744236.084936,-138834.630576,605401.454360,1.838291e+00,-1140.181988,589.279964,580.692915,1.049,0.411,0.045
4975,4.975000,744236.084957,-138807.711754,605428.373203,1.838329e+00,-1140.181988,589.279965,580.692913,1.172,0.233,0.050
4976,4.976000,744236.084979,-138780.803306,605455.281673,1.838366e+00,-1140.181988,589.279966,580.692912,1.147,0.405,0.046
4977,4.977000,744236.085001,-138753.905236,605482.179765,1.838403e+00,-1140.181987,589.279966,580.692911,1.148,0.228,0.051
4978,4.978000,744236.085022,-138727.017541,605509.067481,1.838440e+00,-1140.181987,589.279967,580.692909,1.019,0.601,0.042
4979,4.979000,744236.085044,-138700.140219,605535.944825,1.838478e+00,-1140.181987,589.279968,580.692908,1.086,0.322,0.047
4980,4.980000,744236.085066,-138673.273273,605562.811793,1.838515e+00,-1140.181986,589.279968,580.692907,1.024,0.228,0.047
4981,4.981000,744236.085087,-138646.416696,605589.668391,1.838552e+00,-1140.181986,589.279969,580.692905,1.038,0.397,0.037
4982,4.982000,744236.085109,-138619.570487,605616.514622,1.838589e+00,-1140.181985,589.279970,580.692904,1.045,0.201,0.049
4983,4.983000,744236.085131,-138592.734644,605643.350487,1.838626e+00,-1140.181985,589.279970,580.692902,1.113,0.222,0.052
4984,4.984000,744236.085152,-138565.909164,605670.175988,1.838664e+00,-1140.181985,589.279971,580.692901,1.066,0.236,0.053
4985,4.985000,744236.085174,-138539.094044,605696.991130,1.838701e+00,-1140.181984,589.279972,580.692900,1.044,0.234,0.059
4986,4.986000,744236.085195,-138512.289276,605723.795919,1.838738e+00,-1140.181984,589.279972,580.692898,1.092,0.341,0.056
4987,4.987000,744236.085217,-138485.494860,605750.590357,1.838775e+00,-1140.181983,589.279973,580.692897,1.191,0.245,0.054
4988,4.988000,744236.085238,-138458.710791,605777.374447,1.838812e+00,-1140.181982,589.279974,580.692896,1.230,0.495,0.053
4989,4.989000,744236.085259,-138431.937063,605804.148196,1.838849e+00,-1140.181982,589.279974,580.692894,1.103,0.459,0.043
4990,4.990000,744236.085281,-138405.173673,605830.911608,1.838886e+00,-1140.181981,589.279975,580.692893,1.138,0.228,0.044
4991,4.991000,744236.085302,-138378.420613,605857.664689,1.838923e+00,-1140.181981,589.279975,580.692892,0.993,0.620,0.043
4992,4.992000,744236.085323,-138351.677881,605884.407443,1.838960e+00,-1140.181980,589.279976,580.692890,1.350,0.233,0.052
4993,4.993000,744236.085345,-138324.945470,605911.139875,1.838997e+00,-1140.181979,589.279977,580.692889,1.274,0.259,0.059
4994,4.994000,744236.085366,-138298.223374,605937.861992,1.839034e+00,-1140.181979,589.279977,580.692887,0.989,0.517,0.043
4995,4.995000,744236.085387,-138271.511589,605964.573799,1.839071e+00,-1140.181978,589.279978,580.692886,1.134,0.208,0.050
4996,4.996000,744236.085409,-138244.810110,605991.275299,1.839108e+00,-1140.181977,589.279979,580.692885,1.118,0.247,0.043
4997,4.997000,744236.085430,-138218.118926,606017.966504,1.839145e+00,-1140.181977,589.279979,580.692883,0.994,0.260,0.048
4998,4.998000,744236.085451,-138191.438033,606044.647418,1.839182e+00,-1140.181976,589.279980,580.692882,1.097,0.225,0.051
4999,4.999000,744236.085473,-138164.767425,606071.318047,1.839219e+00,-1140.181975,589.279980,580.692881,1.083,0.254,0.041
5000,5.000000,744236.085494,-138138.107095,606097.978399,1.839256e+00,-1140.181975,589.279981,580.692879,1.061,0.244,0.111
