step,time,kinetic_energy,potential_energy,total_energy,energy_drift,px,py,pz,tree_build_ms,force_ms,integrate_ms
1,0.001000,744234.126862,-1466418.567439,-722184.440577,0.000000e+00,-1140.134476,589.389889,581.194573,75.888,1.682,2.164
2,0.002000,744234.126866,-1466390.140024,-722156.013158,3.936310e-05,-1140.134474,589.389893,581.194378,12.015,5.818,0.069
3,0.003000,744234.126870,-1466347.212925,-722113.086055,9.880374e-05,-1140.134472,589.389896,581.194184,19.859,0.222,0.130
4,0.004000,744234.126875,-1466289.795369,-722055.668494,1.783091e-04,-1140.134470,589.389900,581.193990,1.125,2.034,0.058
5,0.005000,744234.126879,-1466217.901780,-721983.774901,2.778593e-04,-1140.134467,589.389904,581.193796,2.617,0.430,0.920
6,0.006000,744234.126883,-1466131.551134,-721897.424251,3.974280e-04,-1140.134465,589.389907,581.193602,0.947,0.180,11.038
7,0.007000,744234.126887,-1466030.767330,-721796.640443,5.369821e-04,-1140.134463,589.389911,581.193407,0.956,0.185,0.091
8,0.008000,744234.126891,-1465915.581915,-721681.455024,6.964780e-04,-1140.134461,589.389915,581.193213,1.546,8.457,0.049
9,0.009000,744234.126895,-1465786.037441,-721551.910545,8.758566e-04,-1140.134459,589.389918,581.193019,0.858,36.963,0.031
10,0.010000,744234.126900,-1465642.189299,-721408.062400,1.075041e-03,-1140.134457,589.389922,581.192824,0.904,11.615,0.044
11,0.011000,744234.126904,-1465484.104668,-721249.977764,1.293939e-03,-1140.134455,589.389926,581.192630,1.013,35.391,0.041
12,0.012000,744234.126908,-1465311.858340,-721077.731432,1.532447e-03,-1140.134452,589.389930,581.192436,0.957,0.197,0.047
13,0.013000,744234.126912,-1465125.526099,-720891.399186,1.790459e-03,-1140.134450,589.389933,581.192241,29.968,0.224,0.045
14,0.014000,744234.126918,-1464925.177166,-720691.050249,2.067879e-03,-1140.134448,589.389937,581.192047,0.931,0.177,0.039
15,0.015000,744234.126923,-1464710.869452,-720476.742529,2.364629e-03,-1140.134446,589.389941,581.191853,2.746,0.704,0.056
16,0.016000,744234.126929,-1464482.646475,-720248.519545,2.680646e-03,-1140.134444,589.389945,581.191659,0.934,0.176,0.048
17,0.017000,744234.126935,-1464240.536998,-720006.410063,3.015892e-03,-1140.134442,589.389949,581.191466,0.985,9.022,0.053
18,0.018000,744234.126941,-1463984.556393,-719750.429452,3.370346e-03,-1140.134440,589.389953,581.191272,0.980,84.389,0.053
19,0.019000,744234.126947,-1463714.709448,-719480.582500,3.743999e-03,-1140.134437,589.389957,581.191078,0.998,1.351,0.046
20,0.020000,744234.126954,-1463430.993684,-719196.866730,4.136857e-03,-1140.134435,589.389961,581.190883,0.867,15.231,0.037
21,0.021000,744234.126960,-1463133.404098,-718899.277138,4.548926e-03,-1140.134433,589.389964,581.190689,1.040,0.236,0.047
22,0.022000,744234.126966,-1462821.938449,-718587.811483,4.980209e-03,-1140.134431,589.389968,581.190495,1.153,0.210,0.048
23,0.023000,744234.126972,-1462496.601570,-718262.474597,5.430699e-03,-1140.134429,589.389972,581.190301,1.916,0.947,0.099
24,0.024000,744234.126979,-1462157.408297,-717923.281318,5.900375e-03,-1140.134426,589.389976,581.190107,2.283,1.205,0.149
25,0.025000,744234.126985,-1461804.384114,-717570.257130,6.389204e-03,-1140.134424,589.389980,581.189913,2.759,0.281,0.050
26,0.026000,744234.126991,-1461437.564296,-717203.437305,6.897135e-03,-1140.134422,589.389984,581.189719,1.417,0.224,0.085
27,0.027000,744234.126998,-1461056.992149,-716822.865151,7.424108e-03,-1140.134420,589.389988,581.189525,1.004,0.226,0.043
28,0.028000,744234.127004,-1460662.718095,-716428.591091,7.970055e-03,-1140.134417,589.389992,581.189331,0.978,1.430,0.050
29,0.029000,744234.127010,-1460254.799170,-716020.672160,8.534895e-03,-1140.134415,589.389996,581.189137,1.780,0.414,0.056
30,0.030000,744234.127016,-1459833.299677,-715599.172660,9.118540e-03,-1140.134413,589.390000,581.188943,4.632,1.784,0.107
31,0.031000,744234.127023,-1459398.291292,-715164.164269,9.720891e-03,-1140.134411,589.390004,581.188749,1.595,0.407,0.044
32,0.032000,744234.127029,-1458949.853002,-714715.725973,1.034184e-02,-1140.134408,589.390008,581.188554,1.212,0.343,0.049
33,0.033000,744234.127035,-1458488.070950,-714253.943915,1.098126e-02,-1140.134406,589.390011,581.188360,6.341,22.994,0.043
34,0.034000,744234.127042,-1458013.037613,-713778.910571,1.163904e-02,-1140.134404,589.390015,581.188166,1.125,0.261,0.045
35,0.035000,744234.127048,-1457524.850798,-713290.723751,1.231502e-02,-1140.134402,589.390019,581.187972,0.933,5.796,0.044
36,0.036000,744234.127054,-1457023.611580,-712789.484526,1.300908e-02,-1140.134399,589.390023,581.187778,7.055,2.968,0.059
37,0.037000,744234.127060,-1456509.421306,-712275.294245,1.372107e-02,-1140.134397,589.390027,581.187584,25.565,3.543,0.341
38,0.038000,744234.127067,-1455982.378598,-711748.251531,1.445086e-02,-1140.134395,589.390031,581.187390,2.160,0.783,0.129
39,0.039000,744234.127073,-1455442.577060,-711208.449987,1.519832e-02,-1140.134393,589.390035,581.187196,1.619,0.337,0.111
40,0.040000,744234.127079,-1454890.105498,-710655.978419,1.596332e-02,-1140.134390,589.390039,581.187002,5.556,0.998,0.050
41,0.041000,744234.127086,-1454325.049680,-710090.922594,1.674575e-02,-1140.134388,589.390043,581.186808,2.661,20.146,0.125
42,0.042000,744234.127092,-1453747.496312,-709513.369220,1.754548e-02,-1140.134386,589.390047,581.186614,0.952,0.955,0.050
43,0.043000,744234.127098,-1453157.535938,-708923.408840,1.836239e-02,-1140.134383,589.390051,581.186419,0.878,0.280,0.040
44,0.044000,744234.127105,-1452555.265223,-708321.138118,1.919635e-02,-1140.134381,589.390055,581.186225,1.088,0.207,0.054
45,0.045000,744234.127111,-1451940.785804,-707706.658693,2.004721e-02,-1140.134379,589.390059,581.186031,0.984,0.798,0.066
46,0.046000,744234.127117,-1451314.201141,-707080.074023,2.091483e-02,-1140.134377,589.390063,581.185837,2.777,38.063,0.051
47,0.047000,744234.127123,-1450675.612889,-706441.485766,2.179908e-02,-1140.134374,589.390067,581.185643,1.068,0.289,0.047
48,0.048000,744234.127130,-1450025.117606,-705790.990476,2.269981e-02,-1140.134372,589.390071,581.185449,1.035,15.453,0.052
49,0.049000,744234.127136,-1449362.805775,-705128.678639,2.361691e-02,-1140.134370,589.390075,581.185255,1.237,0.794,0.193
50,0.050000,744234.127142,-1448688.762400,-704454.635258,2.455025e-02,-1140.134367,589.390079,581.185061,1.237,0.504,0.133
51,0.051000,744234.127149,-1448003.069350,-703768.942202,2.549972e-02,-1140.134365,589.390083,581.184867,0.940,79.687,0.040
52,0.052000,744234.127155,-1447305.807971,-703071.680816,2.646521e-02,-1140.134363,589.390087,581.184673,25.984,3.182,0.053
53,0.053000,744234.127161,-1446597.062356,-702362.935195,2.744660e-02,-1140.134360,589.390091,581.184479,28.674,15.488,0.042
54,0.054000,744234.127168,-1445876.922179,-701642.795012,2.844377e-02,-1140.134358,589.390095,581.184286,1.020,0.228,0.135
55,0.055000,744234.127174,-1445145.485700,-700911.358526,2.945658e-02,-1140.134356,589.390100,581.184092,2.605,38.945,0.234
56,0.056000,744234.127180,-1444402.860968,-700168.733787,3.048488e-02,-1140.134354,589.390104,581.183898,1.213,0.613,0.049
57,0.057000,744234.127187,-1443649.165422,-699415.038235,3.152851e-02,-1140.134351,589.390108,581.183704,2.684,1.564,0.119
58,0.058000,744234.127193,-1442884.522452,-698650.395259,3.258731e-02,-1140.134349,589.390112,581.183510,2.221,0.755,0.044
59,0.059000,744234.127199,-1442109.056079,-697874.928879,3.366108e-02,-1140.134347,589.390116,581.183316,2.992,26.114,0.168
60,0.060000,744234.127206,-1441322.885175,-697088.757970,3.474969e-02,-1140.134344,589.390120,581.183122,1.112,0.278,0.057
61,0.061000,744234.127212,-1440526.118439,-696291.991227,3.585296e-02,-1140.134342,589.390125,581.182928,2.803,2.942,0.114
62,0.062000,744234.127218,-1439718.851546,-695484.724328,3.697077e-02,-1140.134340,589.390129,581.182734,2.999,1.120,0.077
63,0.063000,744234.127225,-1438901.166856,-694667.039632,3.810301e-02,-1140.134337,589.390133,581.182540,1.983,0.387,0.116
64,0.064000,744234.127231,-1438073.135730,-693839.008499,3.924957e-02,-1140.134335,589.390137,581.182346,9.550,19.131,0.098
65,0.065000,744234.127237,-1437234.822213,-693000.694976,4.041038e-02,-1140.134333,589.390141,581.182153,10.190,40.697,0.119
66,0.066000,744234.127244,-1436386.287759,-692152.160516,4.158533e-02,-1140.134330,589.390146,581.181959,1.091,0.969,0.049
67,0.067000,744234.127250,-1435527.594793,-691293.467543,4.277435e-02,-1140.134328,589.390150,581.181765,1.602,0.494,0.045
68,0.068000,744234.127256,-1434658.808559,-690424.681303,4.397735e-02,-1140.134326,589.390154,581.181571,1.033,0.237,0.042
69,0.069000,744234.127263,-1433779.997103,-689545.869840,4.519423e-02,-1140.134324,589.390158,581.181377,5.375,0.523,0.064
70,0.070000,744234.127269,-1432891.229282,-688657.102013,4.642490e-02,-1140.134321,589.390162,581.181183,4.557,17.895,0.130
71,0.071000,744234.127275,-1431992.572949,-687758.445674,4.766926e-02,-1140.134319,589.390166,581.180989,3.506,1.841,0.152
72,0.072000,744234.127281,-1431084.094147,-686849.966865,4.892722e-02,-1140.134317,589.390171,581.180795,3.753,9.235,0.133
73,0.073000,744234.127288,-1430165.858496,-685931.731208,5.019869e-02,-1140.134314,589.390175,581.180602,1.327,0.344,0.118
74,0.074000,744234.127294,-1429237.934240,-685003.806946,5.148357e-02,-1140.134312,589.390179,581.180408,2.265,1.475,0.052
75,0.075000,744234.127300,-1428300.396162,-684066.268862,5.278177e-02,-1140.134310,589.390183,581.180214,1.190,1.282,0.047
76,0.076000,744234.127307,-1427353.329105,-683119.201798,5.409316e-02,-1140.134307,589.390187,581.180020,2.303,1.066,0.051
77,0.077000,744234.127313,-1426396.830216,-682162.702903,5.541761e-02,-1140.134305,589.390192,581.179826,1.291,0.597,0.049
78,0.078000,744234.127319,-1425431.009485,-681196.882166,5.675497e-02,-1140.134303,589.390196,581.179632,3.605,3.259,0.100
79,0.079000,744234.127326,-1424455.988272,-680221.860946,5.810507e-02,-1140.134301,589.390200,581.179439,1.030,0.331,0.050
80,0.080000,744234.127332,-1423471.896755,-679237.769423,5.946773e-02,-1140.134298,589.390204,581.179245,2.171,13.308,0.049
81,0.081000,744234.127339,-1422478.871463,-678244.744125,6.084276e-02,-1140.134296,589.390208,581.179051,30.087,25.288,0.090
82,0.082000,744234.127345,-1421477.052777,-677242.925432,6.222997e-02,-1140.134293,589.390213,581.178857,2.978,64.947,0.066
83,0.083000,744234.127352,-1420466.582358,-676232.455006,6.362915e-02,-1140.134291,589.390217,581.178663,81.116,0.274,0.062
84,0.084000,744234.127359,-1419447.601483,-675213.474124,6.504013e-02,-1140.134288,589.390221,581.178470,2.573,0.677,0.062
85,0.085000,744234.127366,-1418420.248680,-674186.121314,6.646269e-02,-1140.134286,589.390225,581.178276,1.028,0.236,0.067
86,0.086000,744234.127372,-1417384.657670,-673150.530297,6.789666e-02,-1140.134283,589.390230,581.178082,1.029,0.538,0.050
87,0.087000,744234.127379,-1416340.955243,-672106.827864,6.934186e-02,-1140.134281,589.390234,581.177888,0.990,30.113,0.055
88,0.088000,744234.127386,-1415289.259799,-671055.132413,7.079813e-02,-1140.134278,589.390239,581.177694,0.984,8.556,0.044
89,0.089000,744234.127393,-1414229.680571,-669995.553179,7.226532e-02,-1140.134275,589.390243,581.177501,1.745,0.496,0.098
90,0.090000,744234.127399,-1413162.316808,-668928.189409,7.374328e-02,-1140.134273,589.390247,581.177307,1.280,7.396,0.051
91,0.091000,744234.127405,-1412087.257932,-667853.130527,7.523190e-02,-1140.134270,589.390252,581.177113,1.798,2.299,0.052
92,0.092000,744234.127410,-1411004.583653,-666770.456243,7.673107e-02,-1140.134268,589.390256,581.176920,0.940,0.182,0.041
93,0.093000,744234.127416,-1409914.364903,-665680.237488,7.824068e-02,-1140.134265,589.390260,581.176727,2.387,0.230,0.113
94,0.094000,744234.127421,-1408816.665804,-664582.538384,7.976065e-02,-1140.134263,589.390265,581.176533,2.239,1.785,0.050
95,0.095000,744234.127426,-1407711.545827,-663477.418401,8.129090e-02,-1140.134260,589.390269,581.176340,1.048,0.226,0.042
96,0.096000,744234.127432,-1406599.062729,-662364.935297,8.283134e-02,-1140.134258,589.390274,581.176147,2.043,2.769,0.048
97,0.097000,744234.127438,-1405479.276079,-661245.148641,8.438190e-02,-1140.134255,589.390278,581.175953,1.245,0.295,0.050
98,0.098000,744234.127445,-1404352.249624,-660118.122179,8.594248e-02,-1140.134253,589.390282,581.175759,0.912,59.590,0.034
99,0.099000,744234.127452,-1403218.053378,-658983.925927,8.751298e-02,-1140.134250,589.390287,581.175565,1.042,6.232,0.050
100,0.100000,744234.127458,-1402076.764425,-657842.636966,8.909331e-02,-1140.134248,589.390291,581.175371,1.020,31.634,0.048
101,0.101000,744234.127465,-1400928.466058,-656694.338593,9.068335e-02,-1140.134245,589.390295,581.175178,2.897,0.527,0.047
102,0.102000,744234.127472,-1399773.246543,-655539.119072,9.228297e-02,-1140.134242,589.390300,581.174984,1.585,2.245,0.050
103,0.103000,744234.127478,-1398611.197448,-654377.069970,9.389204e-02,-1140.134240,589.390304,581.174790,1.052,0.287,0.046
104,0.104000,744234.127485,-1397442.412404,-653208.284920,9.551044e-02,-1140.134237,589.390309,581.174596,0.964,0.205,0.048
105,0.105000,744234.127491,-1396266.986684,-652032.859193,9.713804e-02,-1140.134235,589.390313,581.174402,0.992,0.970,0.049
106,0.106000,744234.127498,-1395085.017204,-650850.889706,9.877470e-02,-1140.134232,589.390317,581.174209,16.544,6.606,0.044
107,0.107000,744234.127505,-1393896.602913,-649662.475408,1.004203e-01,-1140.134230,589.390322,581.174015,29.995,16.808,0.044
108,0.108000,744234.127514,-1392701.844943,-648467.717430,1.020746e-01,-1140.134227,589.390326,581.173822,2.179,0.634,0.056
109,0.109000,744234.127522,-1391500.846769,-647266.719247,1.037377e-01,-1140.134225,589.390331,581.173628,1.580,0.457,0.303
110,0.110000,744234.127530,-1390293.713608,-646059.586077,1.054092e-01,-1140.134222,589.390335,581.173435,25.806,0.545,0.045
111,0.111000,744234.127538,-1389080.551734,-644846.424196,1.070890e-01,-1140.134220,589.390340,581.173242,4.253,30.033,0.052
112,0.112000,744234.127546,-1387861.467447,-643627.339900,1.087771e-01,-1140.134217,589.390344,581.173049,4.996,2.610,0.056
113,0.113000,744234.127555,-1386636.565509,-642402.437954,1.104732e-01,-1140.134214,589.390349,581.172856,1.289,1.313,0.046
114,0.114000,744234.127563,-1385405.947862,-641171.820299,1.121772e-01,-1140.134212,589.390353,581.172662,2.570,0.231,0.187
115,0.115000,744234.127571,-1384169.713137,-639935.585566,1.138890e-01,-1140.134209,589.390358,581.172469,0.942,6.508,0.044
116,0.116000,744234.127579,-1382927.956199,-638693.828620,1.156084e-01,-1140.134207,589.390362,581.172276,1.935,32.054,0.047
117,0.117000,744234.127587,-1381680.768783,-637446.641196,1.173354e-01,-1140.134204,589.390367,581.172083,24.410,15.592,0.046
118,0.118000,744234.127595,-1380428.240101,-636194.112506,1.190698e-01,-1140.134202,589.390371,581.171890,2.129,5.795,0.119
119,0.119000,744234.127603,-1379170.457336,-634936.329733,1.208114e-01,-1140.134199,589.390376,581.171697,1.309,0.392,0.047
120,0.120000,744234.127611,-1377907.506101,-633673.378490,1.225602e-01,-1140.134197,589.390380,581.171504,1.130,0.329,0.048
121,0.121000,744234.127619,-1376639.470595,-632405.342976,1.243160e-01,-1140.134194,589.390385,581.171311,1.032,48.277,0.155
122,0.122000,744234.127627,-1375366.433778,-631132.306150,1.260788e-01,-1140.134192,589.390389,581.171118,1.049,0.940,0.043
123,0.123000,744234.127636,-1374088.477975,-629854.350339,1.278484e-01,-1140.134189,589.390394,581.170925,2.215,0.775,0.328
124,0.124000,744234.127645,-1372805.685441,-628571.557796,1.296246e-01,-1140.134186,589.390398,581.170733,3.841,14.024,0.114
125,0.125000,744234.127655,-1371518.138870,-627284.011215,1.314075e-01,-1140.134184,589.390403,581.170540,1.311,6.353,0.055
126,0.126000,744234.127664,-1370225.922335,-625991.794671,1.331968e-01,-1140.134181,589.390407,581.170348,4.288,5.320,0.046
127,0.127000,744234.127673,-1368929.121176,-624694.993503,1.349925e-01,-1140.134179,589.390412,581.170155,1.008,0.201,0.049
128,0.128000,744234.127682,-1367627.821603,-623393.693921,1.367943e-01,-1140.134176,589.390416,581.169963,1.305,0.446,0.140
129,0.129000,744234.127691,-1366322.109575,-622087.981884,1.386023e-01,-1140.134174,589.390421,581.169771,1.773,0.640,0.164
130,0.130000,744234.127701,-1365012.069617,-620777.941917,1.404163e-01,-1140.134171,589.390425,581.169578,21.972,39.534,0.045
131,0.131000,744234.127710,-1363697.783694,-619463.655984,1.422362e-01,-1140.134169,589.390430,581.169386,1.190,4.142,0.051
132,0.132000,744234.127719,-1362379.330337,-618145.202618,1.440619e-01,-1140.134166,589.390435,581.169193,1.027,0.483,0.058
133,0.133000,744234.127728,-1361056.784329,-616822.656601,1.458932e-01,-1140.134164,589.390439,581.169001,1.166,86.073,0.051
134,0.134000,744234.127737,-1359730.216898,-615496.089160,1.477301e-01,-1140.134161,589.390444,581.168809,0.997,2.891,0.047
135,0.135000,744234.127747,-1358399.696313,-614165.568567,1.495724e-01,-1140.134158,589.390448,581.168616,0.919,0.313,0.046
136,0.136000,744234.127756,-1357065.288502,-612831.160746,1.514202e-01,-1140.134156,589.390453,581.168424,2.190,7.189,0.092
137,0.137000,744234.127765,-1355727.057637,-611492.929872,1.532732e-01,-1140.134153,589.390458,581.168231,2.520,0.677,0.049
138,0.138000,744234.127774,-1354385.067087,-610150.939313,1.551314e-01,-1140.134151,589.390462,581.168039,1.192,2.902,0.047
139,0.139000,744234.127784,-1353039.379321,-608805.251538,1.569948e-01,-1140.134148,589.390467,581.167847,1.145,0.420,0.046
140,0.140000,744234.127793,-1351690.056514,-607455.928722,1.588632e-01,-1140.134146,589.390471,581.167654,1.026,1.067,0.044
141,0.141000,744234.127802,-1350337.160591,-606103.032789,1.607365e-01,-1140.134143,589.390476,581.167462,1.658,0.237,0.045
142,0.142000,744234.127811,-1348980.753496,-604746.625685,1.626147e-01,-1140.134141,589.390480,581.167269,1.001,1.357,0.052
143,0.143000,744234.127820,-1347620.897652,-603386.769832,1.644977e-01,-1140.134138,589.390485,581.167077,0.977,10.385,0.044
144,0.144000,744234.127829,-1346257.655892,-602023.528062,1.663854e-01,-1140.134136,589.390489,581.166884,1.622,1.584,0.050
145,0.145000,744234.127840,-1344891.091812,-600656.963972,1.682776e-01,-1140.134133,589.390493,581.166692,1.460,0.402,0.048
146,0.146000,744234.127851,-1343521.269272,-599287.141421,1.701744e-01,-1140.134131,589.390498,581.166499,4.330,40.751,0.051
147,0.147000,744234.127861,-1342148.252256,-597914.124395,1.720756e-01,-1140.134128,589.390502,581.166306,5.775,1.531,0.061
148,0.148000,744234.127872,-1340772.105154,-596537.977283,1.739811e-01,-1140.134125,589.390507,581.166113,3.197,3.974,0.092
149,0.149000,744234.127882,-1339392.893521,-595158.765638,1.758909e-01,-1140.134123,589.390511,581.165921,1.706,1.991,0.069
150,0.150000,744234.127893,-1338010.685279,-593776.557386,1.778048e-01,-1140.134120,589.390515,581.165728,1.040,0.466,0.069
151,0.151000,744234.127903,-1336625.552233,-592391.424329,1.797228e-01,-1140.134118,589.390520,581.165535,3.401,9.244,0.062
152,0.152000,744234.127914,-1335237.570902,-591003.442988,1.816447e-01,-1140.134115,589.390524,581.165342,4.241,0.727,0.047
153,0.153000,744234.127924,-1333846.822624,-589612.694700,1.835705e-01,-1140.134113,589.390529,581.165150,2.809,2.487,0.115
154,0.154000,744234.127935,-1332453.392603,-588219.264668,1.854999e-01,-1140.134110,589.390533,581.164957,1.380,5.557,0.065
155,0.155000,744234.127946,-1331057.368738,-586823.240792,1.874330e-01,-1140.134108,589.390538,581.164764,0.966,0.194,0.049
156,0.156000,744234.127956,-1329658.839469,-585424.711512,1.893695e-01,-1140.134105,589.390542,581.164572,6.068,19.422,0.048
157,0.157000,744234.127967,-1328257.891896,-584023.763930,1.913094e-01,-1140.134103,589.390546,581.164379,0.972,9.021,0.048
158,0.158000,744234.127977,-1326854.610145,-582620.482168,1.932525e-01,-1140.134100,589.390551,581.164186,1.439,0.526,0.051
159,0.159000,744234.127988,-1325449.074440,-581214.946452,1.951987e-01,-1140.134097,589.390555,581.163994,1.046,0.499,0.043
160,0.160000,744234.127998,-1324041.360982,-579807.232983,1.971480e-01,-1140.134095,589.390560,581.163801,1.425,0.516,0.053
161,0.161000,744234.128009,-1322631.542358,-578397.414349,1.991001e-01,-1140.134092,589.390564,581.163608,0.976,0.674,0.045
162,0.162000,744234.128019,-1321219.688280,-576985.560260,2.010551e-01,-1140.134090,589.390569,581.163416,1.477,0.526,0.048
163,0.163000,744234.128030,-1319805.866506,-575571.738476,2.030128e-01,-1140.134087,589.390573,581.163223,1.179,0.567,0.047
164,0.164000,744234.128041,-1318390.142977,-574156.014936,2.049732e-01,-1140.134085,589.390577,581.163030,23.656,8.169,0.055
165,0.165000,744234.128051,-1316972.581785,-572738.453734,2.069360e-01,-1140.134082,589.390582,581.162838,1.054,0.699,0.054
166,0.166000,744234.128062,-1315553.244423,-571319.116362,2.089014e-01,-1140.134080,589.390586,581.162645,2.297,0.196,0.044
167,0.167000,744234.128072,-1314132.188590,-569898.060517,2.108691e-01,-1140.134077,589.390591,581.162453,1.111,0.672,0.068
168,0.168000,744234.128083,-1312709.467891,-568475.339808,2.128391e-01,-1140.134075,589.390596,581.162260,1.814,0.568,2.041
169,0.169000,744234.128094,-1311285.131438,-567051.003344,2.148114e-01,-1140.134072,589.390600,581.162068,1.052,4.318,0.047
170,0.170000,744234.128104,-1309859.224216,-565625.096112,2.167858e-01,-1140.134069,589.390605,581.161875,1.021,0.234,0.049
171,0.171000,744234.128115,-1308431.788637,-564197.660522,2.187624e-01,-1140.134067,589.390609,581.161683,0.993,57.935,0.048
172,0.172000,744234.128126,-1307002.865628,-562768.737502,2.207410e-01,-1140.134064,589.390614,581.161490,4.640,1.042,0.115
173,0.173000,744234.128136,-1305572.496374,-561338.368238,2.227216e-01,-1140.134062,589.390618,581.161298,2.349,1.910,0.050
174,0.174000,744234.128147,-1304140.723560,-559906.595413,2.247042e-01,-1140.134059,589.390623,581.161105,0.931,14.476,0.043
175,0.175000,744234.128158,-1302707.591702,-558473.463544,2.266886e-01,-1140.134057,589.390627,581.160913,1.807,0.676,0.046
176,0.176000,744234.128168,-1301273.147205,-557039.019037,2.286749e-01,-1140.134054,589.390632,581.160720,1.112,0.351,0.049
177,0.177000,744234.128179,-1299837.437977,-555603.309798,2.306629e-01,-1140.134052,589.390637,581.160527,1.827,2.841,0.053
178,0.178000,744234.128190,-1298400.512555,-554166.384365,2.326526e-01,-1140.134049,589.390641,581.160335,2.120,0.760,0.122
179,0.179000,744234.128201,-1296962.419451,-552728.291250,2.346439e-01,-1140.134047,589.390646,581.160142,52.406,4.445,0.043
180,0.180000,744234.128211,-1295523.206519,-551289.078307,2.366367e-01,-1140.134044,589.390650,581.159950,3.103,2.489,0.047
181,0.181000,744234.128222,-1294082.921075,-549848.792853,2.386311e-01,-1140.134042,589.390655,581.159758,2.380,3.019,0.126
182,0.182000,744234.128233,-1292641.609857,-548407.481624,2.406268e-01,-1140.134040,589.390659,581.159565,1.249,1.110,0.049
183,0.183000,744234.128244,-1291199.319594,-546965.191350,2.426240e-01,-1140.134037,589.390664,581.159373,0.973,0.467,0.512
184,0.184000,744234.128255,-1289756.097211,-545521.968957,2.446224e-01,-1140.134035,589.390669,581.159180,1.263,0.364,0.094
185,0.185000,744234.128265,-1288311.990094,-544077.861828,2.466220e-01,-1140.134033,589.390673,581.158988,0.925,0.179,0.045
186,0.186000,744234.128276,-1286867.046220,-542632.917944,2.486228e-01,-1140.134030,589.390678,581.158796,27.812,6.151,0.047
187,0.187000,744234.128287,-1285421.313848,-541187.185561,2.506247e-01,-1140.134028,589.390682,581.158603,0.936,3.587,0.042
188,0.188000,744234.128298,-1283974.841685,-539740.713387,2.526276e-01,-1140.134026,589.390687,581.158411,1.757,0.320,0.054
189,0.189000,744234.128309,-1282527.678745,-538293.550436,2.546315e-01,-1140.134023,589.390692,581.158218,0.919,5.946,0.043
190,0.190000,744234.128319,-1281079.874671,-536845.746352,2.566362e-01,-1140.134021,589.390696,581.158026,0.983,0.217,0.040
191,0.191000,744234.128330,-1279631.479960,-535397.351630,2.586418e-01,-1140.134019,589.390701,581.157834,1.018,0.337,0.055
192,0.192000,744234.128341,-1278182.546011,-533948.417670,2.606481e-01,-1140.134016,589.390705,581.157641,3.446,3.791,0.047
193,0.193000,744234.128352,-1276733.124860,-532498.996509,2.626551e-01,-1140.134014,589.390710,581.157449,4.587,1.230,0.048
194,0.194000,744234.128363,-1275283.268674,-531049.140311,2.646627e-01,-1140.134011,589.390714,581.157256,4.382,18.225,0.043
195,0.195000,744234.128373,-1273833.028998,-529598.900624,2.666709e-01,-1140.134009,589.390719,581.157064,2.222,11.263,0.044
196,0.196000,744234.128384,-1272382.455749,-528148.327365,2.686794e-01,-1140.134007,589.390724,581.156871,0.938,20.344,0.046
197,0.197000,744234.128394,-1270931.596417,-526697.468022,2.706884e-01,-1140.134004,589.390729,581.156679,1.249,0.829,0.043
198,0.198000,744234.128403,-1269480.495548,-525246.367145,2.726978e-01,-1140.134002,589.390733,581.156487,2.532,1.612,0.046
199,0.199000,744234.128413,-1268029.194321,-523795.065908,2.747074e-01,-1140.134000,589.390738,581.156295,2.247,0.767,0.067
200,0.200000,744234.128422,-1266577.730421,-522343.601999,2.767172e-01,-1140.133997,589.390743,581.156104,3.076,9.035,0.049
201,0.201000,744234.128431,-1265126.138344,-520892.009913,2.787272e-01,-1140.133995,589.390747,581.155912,1.742,0.733,0.064
202,0.202000,744234.128440,-1263674.449659,-519440.321219,2.807373e-01,-1140.133993,589.390752,581.155720,1.110,42.631,0.043
203,0.203000,744234.128449,-1262222.693533,-517988.565083,2.827475e-01,-1140.133990,589.390757,581.155528,1.030,8.182,0.050
204,0.204000,744234.128458,-1260770.897514,-516536.769056,2.847578e-01,-1140.133988,589.390762,581.155336,0.975,0.568,0.058
205,0.205000,744234.128468,-1259319.088480,-515084.960013,2.867681e-01,-1140.133985,589.390766,581.155144,1.241,1.027,0.598
206,0.206000,744234.128477,-1257867.293739,-513633.165261,2.887784e-01,-1140.133983,589.390771,581.154952,2.910,0.666,0.055
207,0.207000,744234.128488,-1256415.541800,-512181.413312,2.907886e-01,-1140.133981,589.390776,581.154759,2.116,0.854,0.110
208,0.208000,744234.128498,-1254963.863224,-510729.734726,2.927988e-01,-1140.133978,589.390780,581.154567,2.652,1.896,0.051
209,0.209000,744234.128508,-1253512.290716,-509278.162207,2.948087e-01,-1140.133976,589.390785,581.154375,2.559,5.798,0.047
210,0.210000,744234.128519,-1252060.858931,-507826.730413,2.968185e-01,-1140.133973,589.390790,581.154182,4.798,2.388,0.047
211,0.211000,744234.128529,-1250609.604078,-506375.475549,2.988280e-01,-1140.133971,589.390795,581.153990,1.233,0.460,0.046
212,0.212000,744234.128539,-1249158.563404,-504924.434865,3.008373e-01,-1140.133969,589.390799,581.153797,1.228,0.312,0.046
213,0.213000,744234.128549,-1247707.775310,-503473.646760,3.028462e-01,-1140.133966,589.390804,581.153605,3.183,1.991,0.189
214,0.214000,744234.128560,-1246257.279163,-502023.150603,3.048547e-01,-1140.133964,589.390809,581.153413,2.894,0.526,0.086
215,0.215000,744234.128570,-1244807.115688,-500572.987118,3.068627e-01,-1140.133961,589.390813,581.153220,1.984,0.469,0.047
216,0.216000,744234.128580,-1243357.327505,-499123.198925,3.088702e-01,-1140.133959,589.390818,581.153028,2.176,0.490,0.151
217,0.217000,744234.128591,-1241907.958696,-497673.830105,3.108771e-01,-1140.133956,589.390823,581.152836,4.250,0.437,0.052
218,0.218000,744234.128601,-1240459.054530,-496224.925929,3.128834e-01,-1140.133954,589.390828,581.152643,2.495,0.722,0.063
219,0.219000,744234.128611,-1239010.660266,-494776.531655,3.148890e-01,-1140.133952,589.390832,581.152451,1.147,0.396,0.047
220,0.220000,744234.128622,-1237562.820291,-493328.691670,3.168938e-01,-1140.133949,589.390837,581.152259,1.272,4.540,0.050
221,0.221000,744234.128632,-1236115.577146,-491881.448514,3.188977e-01,-1140.133947,589.390842,581.152066,2.072,0.469,0.049
222,0.222000,744234.128642,-1234668.970710,-490434.842068,3.209008e-01,-1140.133944,589.390847,581.151874,1.501,17.919,0.302
223,0.223000,744234.128652,-1233223.037924,-488988.909271,3.229030e-01,-1140.133942,589.390851,581.151682,1.026,9.034,0.043
224,0.224000,744234.128663,-1231777.812553,-487543.683891,3.249042e-01,-1140.133939,589.390856,581.151489,1.266,16.978,0.047
225,0.225000,744234.128673,-1230333.325155,-486099.196482,3.269044e-01,-1140.133937,589.390861,581.151297,1.553,2.389,2.730
226,0.226000,744234.128683,-1228889.603212,-484655.474529,3.289035e-01,-1140.133935,589.390866,581.151105,1.054,0.245,0.046
227,0.227000,744234.128694,-1227446.670786,-483212.542092,3.309015e-01,-1140.133932,589.390870,581.150912,0.924,0.568,0.035
228,0.228000,744234.128704,-1226004.548543,-481770.419839,3.328984e-01,-1140.133930,589.390875,581.150720,1.572,28.576,0.042
229,0.229000,744234.128714,-1224563.254128,-480329.125414,3.348941e-01,-1140.133927,589.390880,581.150528,2.246,1.196,0.114
230,0.230000,744234.128724,-1223122.802386,-478888.673661,3.368887e-01,-1140.133925,589.390885,581.150335,1.898,0.478,0.046
231,0.231000,744234.128735,-1221683.205865,-477449.077131,3.388821e-01,-1140.133922,589.390890,581.150143,1.634,0.453,0.042
232,0.232000,744234.128745,-1220244.475574,-476010.346829,3.408743e-01,-1140.133920,589.390894,581.149951,1.057,23.161,0.167
233,0.233000,744234.128755,-1218806.621912,-474572.493157,3.428652e-01,-1140.133918,589.390899,581.149758,0.983,0.333,0.043
234,0.234000,744234.128765,-1217369.655403,-473135.526638,3.448550e-01,-1140.133915,589.390904,581.149566,1.407,0.371,0.069
235,0.235000,744234.128776,-1215933.587649,-471699.458873,3.468435e-01,-1140.133913,589.390909,581.149374,1.228,0.263,0.046
236,0.236000,744234.128786,-1214498.431837,-470264.303051,3.488307e-01,-1140.133910,589.390914,581.149182,1.337,0.520,0.044
237,0.237000,744234.128796,-1213064.203084,-468830.074288,3.508167e-01,-1140.133908,589.390919,581.148989,1.016,0.298,0.046
238,0.238000,744234.128806,-1211630.918508,-467396.789702,3.528014e-01,-1140.133905,589.390923,581.148797,5.906,16.962,0.306
239,0.239000,744234.128817,-1210198.596943,-465964.468127,3.547847e-01,-1140.133903,589.390928,581.148605,2.529,32.027,0.096
240,0.240000,744234.128827,-1208767.258992,-464533.130165,3.567666e-01,-1140.133901,589.390933,581.148412,6.128,25.266,0.048
241,0.241000,744234.128837,-1207336.926065,-463102.797228,3.587472e-01,-1140.133898,589.390938,581.148220,1.299,0.267,0.059
242,0.242000,744234.128847,-1205907.620193,-461673.491345,3.607263e-01,-1140.133896,589.390943,581.148028,1.555,0.266,0.050
243,0.243000,744234.128858,-1204479.363286,-460245.234429,3.627040e-01,-1140.133893,589.390948,581.147836,1.764,0.519,0.061
244,0.244000,744234.128868,-1203052.176563,-458818.047695,3.646802e-01,-1140.133891,589.390953,581.147643,0.999,0.183,0.046
245,0.245000,744234.128878,-1201626.079917,-457391.951039,3.666549e-01,-1140.133888,589.390958,581.147451,0.930,5.579,0.041
246,0.246000,744234.128888,-1200201.092030,-455966.963142,3.686281e-01,-1140.133886,589.390963,581.147259,1.239,0.403,0.047
247,0.247000,744234.128899,-1198777.229842,-454543.100943,3.705997e-01,-1140.133884,589.390968,581.147067,1.998,0.674,0.059
248,0.248000,744234.128909,-1197354.508747,-453120.379838,3.725697e-01,-1140.133881,589.390973,581.146874,0.952,13.370,0.040
249,0.249000,744234.128919,-1195932.943173,-451698.814254,3.745382e-01,-1140.133879,589.390978,581.146682,0.939,0.538,0.038
250,0.250000,744234.128930,-1194512.546787,-450278.417858,3.765050e-01,-1140.133876,589.390983,581.146490,2.495,1.092,0.047
251,0.251000,744234.128940,-1193093.333065,-448859.204125,3.784701e-01,-1140.133874,589.390988,581.146297,4.207,26.565,0.043
252,0.252000,744234.128950,-1191675.315789,-447441.186839,3.804336e-01,-1140.133871,589.390993,581.146105,3.349,7.630,0.144
253,0.253000,744234.128961,-1190258.509572,-446024.380611,3.823955e-01,-1140.133869,589.390998,581.145913,2.174,1.531,0.117
254,0.254000,744234.128972,-1188842.930368,-444608.801396,3.843556e-01,-1140.133866,589.391003,581.145720,16.190,44.383,0.041
255,0.255000,744234.128984,-1187428.595670,-443194.466687,3.863140e-01,-1140.133864,589.391008,581.145528,1.574,0.509,0.066
256,0.256000,744234.128996,-1186015.524544,-441781.395548,3.882707e-01,-1140.133862,589.391013,581.145335,2.310,0.895,0.050
257,0.257000,744234.129008,-1184603.737525,-440369.608517,3.902256e-01,-1140.133859,589.391018,581.145142,13.857,6.009,0.048
258,0.258000,744234.129020,-1183193.256113,-438959.127093,3.921786e-01,-1140.133857,589.391023,581.144949,3.263,1.869,0.051
259,0.259000,744234.129033,-1181784.101894,-437549.972861,3.941299e-01,-1140.133854,589.391028,581.144757,1.200,13.136,0.049
260,0.260000,744234.129047,-1180376.295857,-436142.166810,3.960793e-01,-1140.133852,589.391033,581.144565,1.569,0.719,0.050
261,0.261000,744234.129061,-1178969.857398,-434735.728337,3.980267e-01,-1140.133849,589.391038,581.144372,1.332,3.785,0.101
262,0.262000,744234.129075,-1177564.803987,-433330.674912,3.999723e-01,-1140.133847,589.391043,581.144180,1.834,0.219,0.132
263,0.263000,744234.129089,-1176161.150605,-431927.021516,4.019159e-01,-1140.133845,589.391048,581.143988,0.968,22.816,0.033
264,0.264000,744234.129103,-1174758.910151,-430524.781048,4.038576e-01,-1140.133842,589.391053,581.143796,2.355,1.025,0.045
265,0.265000,744234.129117,-1173358.093798,-429123.964681,4.057973e-01,-1140.133840,589.391058,581.143604,1.002,40.035,0.047
266,0.266000,744234.129131,-1171958.711638,-427724.582506,4.077350e-01,-1140.133837,589.391063,581.143411,1.017,17.545,0.049
267,0.267000,744234.129145,-1170560.773555,-426326.644410,4.096707e-01,-1140.133835,589.391068,581.143219,0.952,12.270,0.050
268,0.268000,744234.129159,-1169164.290258,-424930.161099,4.116044e-01,-1140.133832,589.391073,581.143027,1.095,0.240,0.044
269,0.269000,744234.129173,-1167769.273756,-423535.144583,4.135360e-01,-1140.133830,589.391078,581.142835,1.048,0.183,0.049
270,0.270000,744234.129187,-1166375.737691,-422141.608504,4.154657e-01,-1140.133828,589.391083,581.142642,1.467,0.195,0.132
271,0.271000,744234.129201,-1164983.697263,-420749.568062,4.173932e-01,-1140.133825,589.391088,581.142450,14.262,0.499,0.048
272,0.272000,744234.129215,-1163593.168862,-419359.039647,4.193186e-01,-1140.133823,589.391093,581.142258,2.929,0.270,0.083
273,0.273000,744234.129229,-1162204.169170,-417970.039941,4.212420e-01,-1140.133820,589.391098,581.142066,0.987,0.652,0.036
274,0.274000,744234.129244,-1160816.714635,-416582.585391,4.231632e-01,-1140.133818,589.391103,581.141874,0.966,0.578,0.044
275,0.275000,744234.129259,-1159430.820191,-415196.690933,4.250822e-01,-1140.133815,589.391108,581.141682,0.984,0.517,0.057
276,0.276000,744234.129274,-1158046.498967,-413812.369693,4.269991e-01,-1140.133813,589.391113,581.141490,1.008,4.979,0.045
277,0.277000,744234.129289,-1156663.761765,-412429.632475,4.289137e-01,-1140.133811,589.391118,581.141299,1.035,1.317,0.052
278,0.278000,744234.129304,-1155282.617269,-411048.487964,4.308262e-01,-1140.133808,589.391123,581.141107,1.401,0.625,0.048
279,0.279000,744234.129320,-1153903.072343,-409668.943023,4.327364e-01,-1140.133806,589.391129,581.140915,7.677,1.083,0.137
280,0.280000,744234.129335,-1152525.132724,-408291.003389,4.346444e-01,-1140.133803,589.391134,581.140723,0.969,6.376,0.044
281,0.281000,744234.129350,-1151148.803746,-406914.674396,4.365502e-01,-1140.133801,589.391139,581.140532,0.936,0.296,0.033
282,0.282000,744234.129366,-1149774.091165,-405539.961799,4.384538e-01,-1140.133798,589.391144,581.140340,1.259,5.372,0.065
283,0.283000,744234.129383,-1148401.001591,-404166.872208,4.403551e-01,-1140.133795,589.391149,581.140148,1.118,0.296,0.055
284,0.284000,744234.129400,-1147029.543177,-402795.413777,4.422541e-01,-1140.133793,589.391154,581.139955,1.211,0.322,0.047
285,0.285000,744234.129417,-1145659.725626,-401425.596209,4.441509e-01,-1140.133790,589.391159,581.139763,29.116,0.739,0.045
286,0.286000,744234.129434,-1144291.560246,-400057.430812,4.460453e-01,-1140.133787,589.391164,581.139571,2.072,1.362,0.051
287,0.287000,744234.129451,-1142925.059436,-398690.929985,4.479375e-01,-1140.133785,589.391169,581.139379,0.991,0.212,0.048
288,0.288000,744234.129468,-1141560.236446,-397326.106978,4.498274e-01,-1140.133782,589.391174,581.139187,1.000,0.508,0.047
289,0.289000,744234.129485,-1140197.104834,-395962.975349,4.517149e-01,-1140.133780,589.391179,581.138994,1.036,0.666,0.049
290,0.290000,744234.129502,-1138835.677702,-394601.548200,4.536000e-01,-1140.133777,589.391185,581.138802,0.965,7.008,0.042
291,0.291000,744234.129519,-1137475.967344,-393241.837825,4.554828e-01,-1140.133774,589.391190,581.138610,1.787,19.999,1.425
292,0.292000,744234.129536,-1136117.984845,-391883.855309,4.573632e-01,-1140.133772,589.391195,581.138418,1.212,0.223,0.052
293,0.293000,744234.129553,-1134761.739468,-390527.609915,4.592412e-01,-1140.133769,589.391200,581.138226,1.036,22.034,0.056
294,0.294000,744234.129570,-1133407.238602,-389173.109032,4.611167e-01,-1140.133767,589.391205,581.138033,0.932,9.038,0.045
295,0.295000,744234.129587,-1132054.487431,-387820.357844,4.629899e-01,-1140.133764,589.391210,581.137841,1.286,0.470,0.081
296,0.296000,744234.129604,-1130703.489060,-386469.359455,4.648606e-01,-1140.133761,589.391215,581.137649,1.153,13.707,0.051
297,0.297000,744234.129621,-1129354.244141,-385120.114520,4.667289e-01,-1140.133759,589.391221,581.137457,1.618,0.896,0.120
298,0.298000,744234.129638,-1128006.751431,-383772.621793,4.685947e-01,-1140.133756,589.391226,581.137265,1.765,1.912,0.379
299,0.299000,744234.129655,-1126661.007774,-382426.878119,4.704582e-01,-1140.133753,589.391231,581.137072,17.153,25.514,0.065
300,0.300000,744234.129672,-1125317.008565,-381082.878893,4.723192e-01,-1140.133751,589.391236,581.136880,1.003,35.741,0.177
301,0.301000,744234.129689,-1123974.748057,-379740.618367,4.741778e-01,-1140.133748,589.391241,581.136688,1.160,42.576,0.058
302,0.302000,744234.129706,-1122634.220033,-378400.090327,4.760340e-01,-1140.133745,589.391246,581.136496,1.138,0.239,0.050
303,0.303000,744234.129723,-1121295.418369,-377061.288646,4.778878e-01,-1140.133743,589.391252,581.136304,0.990,9.870,0.048
304,0.304000,744234.129740,-1119958.337738,-375724.207998,4.797393e-01,-1140.133740,589.391257,581.136112,11.123,0.227,0.043
305,0.305000,744234.129757,-1118622.974287,-374388.844530,4.815883e-01,-1140.133737,589.391262,581.135920,1.086,0.209,0.045
306,0.306000,744234.129774,-1117289.325974,-373055.196200,4.834350e-01,-1140.133735,589.391267,581.135728,0.969,9.141,0.039
307,0.307000,744234.129791,-1115957.393029,-371723.263238,4.852793e-01,-1140.133732,589.391272,581.135536,0.958,0.175,0.046
308,0.308000,744234.129809,-1114627.177472,-370393.047663,4.871213e-01,-1140.133729,589.391278,581.135345,1.050,0.209,0.047
309,0.309000,744234.129827,-1113298.683440,-369064.553612,4.889608e-01,-1140.133727,589.391283,581.135153,1.019,0.526,0.043
310,0.310000,744234.129846,-1111971.916401,-367737.786555,4.907980e-01,-1140.133724,589.391288,581.134962,27.640,6.945,0.059
311,0.311000,744234.129864,-1110646.882966,-366412.753101,4.926327e-01,-1140.133721,589.391293,581.134771,1.032,0.426,0.113
312,0.312000,744234.129883,-1109323.590768,-365089.460885,4.944651e-01,-1140.133719,589.391298,581.134580,0.991,0.222,0.045
313,0.313000,744234.129901,-1108002.048443,-363767.918542,4.962950e-01,-1140.133716,589.391304,581.134389,3.545,20.533,0.050
314,0.314000,744234.129920,-1106682.265652,-362448.135732,4.981225e-01,-1140.133714,589.391309,581.134198,1.297,0.483,0.044
315,0.315000,744234.129938,-1105364.253096,-361130.123158,4.999475e-01,-1140.133711,589.391314,581.134007,1.707,0.648,0.193
316,0.316000,744234.129958,-1104048.022950,-359813.892992,5.017701e-01,-1140.133708,589.391319,581.133816,2.281,0.511,0.096
317,0.317000,744234.129978,-1102733.588626,-358499.458647,5.035902e-01,-1140.133706,589.391324,581.133625,1.189,0.326,0.087
318,0.318000,744234.129998,-1101420.964813,-357186.834815,5.054077e-01,-1140.133704,589.391330,581.133434,1.544,40.489,0.235
319,0.319000,744234.130019,-1100110.167359,-355876.037340,5.072228e-01,-1140.133702,589.391335,581.133243,3.655,0.575,0.715
320,0.320000,744234.130039,-1098801.212936,-354567.082897,5.090353e-01,-1140.133700,589.391340,581.133052,1.637,0.283,0.073
321,0.321000,744234.130059,-1097494.118624,-353259.988564,5.108452e-01,-1140.133698,589.391345,581.132861,3.481,44.896,0.065
322,0.322000,744234.130080,-1096188.901324,-351954.771244,5.126525e-01,-1140.133695,589.391351,581.132670,4.798,3.523,0.132
323,0.323000,744234.130100,-1094885.577486,-350651.447386,5.144572e-01,-1140.133693,589.391356,581.132479,10.908,28.941,0.145
324,0.324000,744234.130120,-1093584.162448,-349350.032328,5.162593e-01,-1140.133691,589.391361,581.132288,1.659,10.959,0.160
325,0.325000,744234.130140,-1092284.670454,-348050.540314,5.180587e-01,-1140.133689,589.391367,581.132097,5.808,0.231,0.055
326,0.326000,744234.130161,-1090987.114269,-346752.984108,5.198554e-01,-1140.133687,589.391372,581.131906,1.416,0.375,0.061
327,0.327000,744234.130181,-1089691.505124,-345457.374943,5.216494e-01,-1140.133684,589.391377,581.131715,0.970,8.632,0.051
328,0.328000,744234.130201,-1088397.852995,-344163.722793,5.234407e-01,-1140.133682,589.391382,581.131524,0.994,2.103,0.048
329,0.329000,744234.130222,-1087106.166655,-342872.036434,5.252293e-01,-1140.133680,589.391388,581.131333,1.339,0.954,0.061
330,0.330000,744234.130242,-1085816.453896,-341582.323654,5.270151e-01,-1140.133678,589.391393,581.131142,1.720,0.737,0.075
331,0.331000,744234.130262,-1084528.721743,-340294.591481,5.287982e-01,-1140.133676,589.391398,581.130951,1.047,26.106,0.054
332,0.332000,744234.130283,-1083242.976662,-339008.846380,5.305786e-01,-1140.133673,589.391404,581.130761,1.257,0.497,0.050
333,0.333000,744234.130303,-1081959.224878,-337725.094575,5.323562e-01,-1140.133671,589.391409,581.130570,1.510,0.653,0.047
334,0.334000,744234.130323,-1080677.472383,-336443.342060,5.341310e-01,-1140.133669,589.391414,581.130379,1.299,0.570,0.047
335,0.335000,744234.130343,-1079397.725293,-335163.594949,5.359031e-01,-1140.133667,589.391420,581.130188,1.020,0.686,0.075
336,0.336000,744234.130364,-1078119.989568,-333885.859204,5.376723e-01,-1140.133665,589.391425,581.129997,1.126,8.018,0.046
337,0.337000,744234.130384,-1076844.271588,-332610.141204,5.394388e-01,-1140.133662,589.391430,581.129806,1.526,23.302,0.050
338,0.338000,744234.130404,-1075570.577736,-331336.447332,5.412025e-01,-1140.133660,589.391436,581.129615,0.971,15.040,0.048
339,0.339000,744234.130427,-1074298.914561,-330064.784134,5.429633e-01,-1140.133658,589.391441,581.129424,1.759,0.731,0.052
340,0.340000,744234.130454,-1073029.288654,-328795.158200,5.447213e-01,-1140.133656,589.391446,581.129232,40.885,86.413,0.047
341,0.341000,744234.130480,-1071761.706439,-327527.575959,5.464766e-01,-1140.133654,589.391452,581.129040,38.324,8.210,0.047
342,0.342000,744234.130506,-1070496.174168,-326262.043663,5.482289e-01,-1140.133651,589.391457,581.128849,2.790,0.435,0.317
343,0.343000,744234.130532,-1069232.697672,-324998.567140,5.499784e-01,-1140.133649,589.391463,581.128657,1.311,0.437,0.064
344,0.344000,744234.130558,-1067971.282265,-323737.151707,5.517251e-01,-1140.133647,589.391468,581.128465,0.966,0.177,0.249
345,0.345000,744234.130585,-1066711.932588,-322477.802003,5.534689e-01,-1140.133645,589.391474,581.128273,0.927,0.434,0.044
346,0.346000,744234.130611,-1065454.652593,-321220.521982,5.552099e-01,-1140.133643,589.391479,581.128082,0.976,4.545,0.045
347,0.347000,744234.130637,-1064199.445257,-319965.314620,5.569479e-01,-1140.133640,589.391485,581.127890,2.392,0.869,0.061
348,0.348000,744234.130663,-1062946.312631,-318712.181968,5.586831e-01,-1140.133638,589.391490,581.127698,2.198,1.738,0.052
349,0.349000,744234.130690,-1061695.255713,-317461.125023,5.604154e-01,-1140.133636,589.391496,581.127506,1.289,0.571,0.254
350,0.350000,744234.130716,-1060446.274271,-316212.143555,5.621449e-01,-1140.133634,589.391501,581.127315,1.395,0.247,0.051
351,0.351000,744234.130742,-1059199.366876,-314965.236134,5.638715e-01,-1140.133632,589.391507,581.127123,0.994,0.719,0.095
352,0.352000,744234.130768,-1057954.530808,-313720.400039,5.655952e-01,-1140.133630,589.391512,581.126931,1.072,0.221,0.050
353,0.353000,744234.130794,-1056711.762113,-312477.631318,5.673160e-01,-1140.133627,589.391517,581.126739,2.186,0.504,0.050
354,0.354000,744234.130821,-1055471.055773,-311236.924952,5.690340e-01,-1140.133625,589.391523,581.126547,1.263,0.373,0.065
355,0.355000,744234.130847,-1054232.405808,-309998.274961,5.707492e-01,-1140.133623,589.391528,581.126356,1.337,8.495,0.053
356,0.356000,744234.130873,-1052995.805398,-308761.674525,5.724615e-01,-1140.133621,589.391534,581.126164,0.962,1.139,0.048
357,0.357000,744234.130899,-1051761.247429,-307527.116530,5.741709e-01,-1140.133619,589.391539,581.125972,1.059,0.228,0.052
358,0.358000,744234.130926,-1050528.724626,-306294.593700,5.758776e-01,-1140.133617,589.391545,581.125780,1.078,0.211,0.056
359,0.359000,744234.130952,-1049298.230092,-305064.099140,5.775815e-01,-1140.133614,589.391550,581.125589,1.018,0.963,0.063
360,0.360000,744234.130978,-1048069.757655,-303835.626677,5.792825e-01,-1140.133612,589.391556,581.125397,1.230,1.276,0.051
361,0.361000,744234.131004,-1046843.301992,-302609.170988,5.809808e-01,-1140.133610,589.391561,581.125205,1.083,0.333,0.059
362,0.362000,744234.131031,-1045618.858886,-301384.727856,5.826762e-01,-1140.133608,589.391567,581.125013,3.674,23.360,0.048
363,0.363000,744234.131058,-1044396.425358,-300162.294301,5.843689e-01,-1140.133606,589.391573,581.124822,1.034,0.897,0.240
364,0.364000,744234.131086,-1043175.999791,-298941.868705,5.860588e-01,-1140.133604,589.391578,581.124631,1.051,0.721,0.044
365,0.365000,744234.131114,-1041957.581669,-297723.450555,5.877460e-01,-1140.133601,589.391584,581.124439,1.134,3.903,0.062
366,0.366000,744234.131142,-1040741.171639,-296507.040497,5.894303e-01,-1140.133599,589.391589,581.124248,2.088,0.371,0.176
367,0.367000,744234.131170,-1039526.771304,-295292.640134,5.911119e-01,-1140.133597,589.391595,581.124057,1.249,87.056,0.047
368,0.368000,744234.131198,-1038314.382896,-294080.251698,5.927907e-01,-1140.133595,589.391600,581.123865,1.964,11.875,0.047
369,0.369000,744234.131226,-1037104.009197,-292869.877970,5.944666e-01,-1140.133593,589.391606,581.123674,0.989,0.222,0.050
370,0.370000,744234.131254,-1035895.653109,-291661.521854,5.961398e-01,-1140.133591,589.391612,581.123483,3.323,7.294,0.045
371,0.371000,744234.131282,-1034689.317428,-290455.186146,5.978102e-01,-1140.133588,589.391617,581.123292,1.737,0.698,0.043
372,0.372000,744234.131310,-1033485.004532,-289250.873222,5.994778e-01,-1140.133586,589.391623,581.123100,1.304,0.332,0.049
373,0.373000,744234.131338,-1032282.716137,-288048.584799,6.011426e-01,-1140.133584,589.391628,581.122909,1.062,2.827,0.037
374,0.374000,744234.131366,-1031082.453365,-286848.321999,6.028046e-01,-1140.133582,589.391634,581.122718,86.974,0.599,0.147
375,0.375000,744234.131394,-1029884.216420,-285650.085026,6.044638e-01,-1140.133580,589.391640,581.122526,1.252,0.417,0.044
376,0.376000,744234.131422,-1028688.004692,-284453.873270,6.061202e-01,-1140.133578,589.391645,581.122335,1.514,1.193,0.059
377,0.377000,744234.131450,-1027493.816968,-283259.685518,6.077738e-01,-1140.133575,589.391651,581.122144,1.342,0.685,0.050
378,0.378000,744234.131478,-1026301.651467,-282067.519988,6.094245e-01,-1140.133573,589.391656,581.121953,0.966,11.897,0.051
379,0.379000,744234.131507,-1025111.505976,-280877.374469,6.110725e-01,-1140.133571,589.391662,581.121761,0.964,19.607,0.045
380,0.380000,744234.131535,-1023923.377988,-279689.246454,6.127177e-01,-1140.133569,589.391668,581.121570,1.157,7.284,0.053
381,0.381000,744234.131563,-1022737.264854,-278503.133291,6.143601e-01,-1140.133567,589.391673,581.121379,6.221,0.513,0.046
382,0.382000,744234.131591,-1021553.163881,-277319.032291,6.159997e-01,-1140.133565,589.391679,581.121187,46.893,0.651,0.048
383,0.383000,744234.131619,-1020371.072434,-276136.940815,6.176365e-01,-1140.133562,589.391685,581.120996,1.484,0.510,0.052
384,0.384000,744234.131647,-1019190.987970,-274956.856323,6.192706e-01,-1140.133560,589.391690,581.120805,2.576,0.472,0.107
385,0.385000,744234.131675,-1018012.908048,-273778.776373,6.209019e-01,-1140.133558,589.391696,581.120614,1.805,0.603,0.055
386,0.386000,744234.131703,-1016836.830304,-272602.698601,6.225304e-01,-1140.133556,589.391702,581.120422,1.524,4.325,0.052
387,0.387000,744234.131731,-1015662.752469,-271428.620738,6.241561e-01,-1140.133554,589.391707,581.120231,1.036,0.531,0.041
388,0.388000,744234.131760,-1014490.672058,-270256.540299,6.257791e-01,-1140.133552,589.391713,581.120040,1.184,0.360,0.054
389,0.389000,744234.131788,-1013320.586427,-269086.454640,6.273993e-01,-1140.133549,589.391719,581.119849,1.721,2.130,0.490
390,0.390000,744234.131816,-1012152.492433,-267918.360617,6.290167e-01,-1140.133547,589.391725,581.119658,1.296,0.384,0.046
391,0.391000,744234.131844,-1010986.386345,-266752.254501,6.306314e-01,-1140.133545,589.391730,581.119467,0.967,0.442,0.045
392,0.392000,744234.131873,-1009822.263954,-265588.132081,6.322433e-01,-1140.133543,589.391736,581.119276,1.255,0.344,0.046
393,0.393000,744234.131902,-1008660.120438,-264425.988536,6.338526e-01,-1140.133541,589.391742,581.119086,1.575,0.683,0.171
394,0.394000,744234.131930,-1007499.950387,-263265.818456,6.354590e-01,-1140.133539,589.391747,581.118895,1.323,0.842,0.048
395,0.395000,744234.131959,-1006341.748045,-262107.616086,6.370628e-01,-1140.133536,589.391753,581.118704,1.346,0.558,0.062
396,0.396000,744234.131988,-1005185.507631,-260951.375643,6.386638e-01,-1140.133534,589.391759,581.118513,1.558,18.623,0.051
397,0.397000,744234.132017,-1004031.223528,-259797.091512,6.402621e-01,-1140.133532,589.391764,581.118323,1.060,0.650,0.055
398,0.398000,744234.132046,-1002878.890482,-258644.758436,6.418578e-01,-1140.133530,589.391770,581.118132,1.223,0.345,0.052
399,0.399000,744234.132078,-1001728.503857,-257494.371780,6.434507e-01,-1140.133528,589.391776,581.117942,1.027,38.969,0.050
400,0.400000,744234.132110,-1000580.059965,-256345.927855,6.450409e-01,-1140.133526,589.391781,581.117751,4.252,3.784,0.051
401,0.401000,744234.132142,-999433.556029,-255199.423887,6.466285e-01,-1140.133523,589.391787,581.117560,2.104,1.142,0.067
402,0.402000,744234.132175,-998288.990370,-254054.858195,6.482133e-01,-1140.133521,589.391793,581.117369,2.128,1.073,0.068
403,0.403000,744234.132207,-997146.362258,-252912.230051,6.497955e-01,-1140.133519,589.391799,581.117179,1.134,0.482,0.045
404,0.404000,744234.132239,-996005.671966,-251771.539726,6.513750e-01,-1140.133517,589.391804,581.116988,0.933,0.468,0.048
405,0.405000,744234.132272,-994866.920697,-250632.788426,6.529518e-01,-1140.133515,589.391810,581.116797,22.246,8.735,0.044
406,0.406000,744234.132304,-993730.110471,-249495.978167,6.545260e-01,-1140.133513,589.391816,581.116607,7.203,11.676,0.053
407,0.407000,744234.132336,-992595.243807,-248361.111470,6.560974e-01,-1140.133510,589.391822,581.116416,0.961,46.346,0.055
408,0.408000,744234.132369,-991462.323557,-247228.191188,6.576661e-01,-1140.133508,589.391827,581.116225,1.310,0.373,0.066
409,0.409000,744234.132401,-990331.352702,-246097.220301,6.592322e-01,-1140.133506,589.391833,581.116034,81.856,1.238,0.057
410,0.410000,744234.132433,-989202.334055,-244968.201621,6.607955e-01,-1140.133504,589.391839,581.115844,1.128,0.441,0.059
411,0.411000,744234.132466,-988075.270056,-243841.137591,6.623561e-01,-1140.133502,589.391845,581.115653,0.967,66.467,2.038
412,0.412000,744234.132498,-986950.162557,-242716.030059,6.639141e-01,-1140.133499,589.391850,581.115462,1.855,56.566,0.161
413,0.413000,744234.132530,-985827.012600,-241592.880070,6.654693e-01,-1140.133497,589.391856,581.115271,1.071,0.620,0.066
414,0.414000,744234.132563,-984705.820350,-240471.687787,6.670218e-01,-1140.133495,589.391862,581.115081,15.000,8.342,0.142
415,0.415000,744234.132595,-983586.585021,-239352.452426,6.685716e-01,-1140.133493,589.391868,581.114890,9.606,0.261,0.055
416,0.416000,744234.132628,-982469.304918,-238235.172291,6.701187e-01,-1140.133491,589.391873,581.114699,0.940,0.184,0.052
417,0.417000,744234.132660,-981353.977539,-237119.844879,6.716630e-01,-1140.133488,589.391879,581.114508,11.514,11.469,0.049
418,0.418000,744234.132692,-980240.599873,-236006.467181,6.732047e-01,-1140.133486,589.391885,581.114318,0.982,0.197,0.048
419,0.419000,744234.132724,-979129.168532,-234895.035807,6.747437e-01,-1140.133484,589.391891,581.114127,1.562,0.626,0.156
420,0.420000,744234.132757,-978019.680028,-233785.547271,6.762800e-01,-1140.133482,589.391896,581.113937,1.088,0.225,0.080
421,0.421000,744234.132789,-976912.131206,-232677.998417,6.778136e-01,-1140.133479,589.391902,581.113746,0.992,0.241,0.049
422,0.422000,744234.132822,-975806.519312,-231572.386491,6.793445e-01,-1140.133477,589.391908,581.113555,1.524,3.344,0.176
423,0.423000,744234.132854,-974702.842350,-230468.709496,6.808728e-01,-1140.133475,589.391914,581.113365,1.189,1.036,0.050
424,0.424000,744234.132886,-973601.099089,-229366.966202,6.823984e-01,-1140.133473,589.391920,581.113174,21.039,0.194,0.036
425,0.425000,744234.132919,-972501.288957,-228267.156038,6.839212e-01,-1140.133471,589.391925,581.112984,1.333,0.309,0.075
426,0.426000,744234.132951,-971403.412038,-227169.279087,6.854415e-01,-1140.133468,589.391931,581.112793,0.958,0.199,0.065
427,0.427000,744234.132983,-970307.468657,-226073.335673,6.869590e-01,-1140.133466,589.391937,581.112603,13.180,14.840,0.074
428,0.428000,744234.133016,-969213.459141,-224979.326126,6.884739e-01,-1140.133464,589.391943,581.112412,1.633,0.216,0.124
429,0.429000,744234.133048,-968121.383617,-223887.250569,6.899861e-01,-1140.133462,589.391948,581.112222,0.945,0.180,0.038
430,0.430000,744234.133081,-967031.241619,-222797.108539,6.914956e-01,-1140.133460,589.391954,581.112031,2.497,0.227,0.053
431,0.431000,744234.133113,-965943.032054,-221708.898941,6.930024e-01,-1140.133457,589.391960,581.111841,0.942,0.175,0.045
432,0.432000,744234.133145,-964856.753010,-220622.619865,6.945065e-01,-1140.133455,589.391966,581.111650,0.945,0.176,0.041
433,0.433000,744234.133178,-963772.401889,-219538.268711,6.960080e-01,-1140.133453,589.391972,581.111460,1.149,0.253,0.054
434,0.434000,744234.133210,-962689.975396,-218455.842186,6.975069e-01,-1140.133451,589.391977,581.111269,0.930,1.043,0.048
435,0.435000,744234.133242,-961609.469719,-217375.336476,6.990030e-01,-1140.133449,589.391983,581.111079,1.000,0.201,0.043
436,0.436000,744234.133275,-960530.880789,-216296.747514,7.004965e-01,-1140.133446,589.391989,581.110888,0.973,0.813,0.052
437,0.437000,744234.133310,-959454.204353,-215220.071043,7.019874e-01,-1140.133444,589.391995,581.110697,0.945,1.212,0.045
438,0.438000,744234.133349,-958379.436095,-214145.302747,7.034756e-01,-1140.133442,589.392001,581.110506,0.952,0.227,0.039
439,0.439000,744234.133387,-957306.571891,-213072.438504,7.049612e-01,-1140.133440,589.392007,581.110315,0.954,0.206,0.055
440,0.440000,744234.133425,-956235.607705,-212001.474279,7.064441e-01,-1140.133437,589.392013,581.110123,1.080,0.205,0.047
441,0.441000,744234.133464,-955166.539666,-210932.406202,7.079245e-01,-1140.133435,589.392019,581.109932,1.039,0.628,0.038
442,0.442000,744234.133502,-954099.364225,-209865.230723,7.094022e-01,-1140.133433,589.392025,581.109740,1.002,0.436,0.051
443,0.443000,744234.133540,-953034.078098,-208799.944558,7.108773e-01,-1140.133431,589.392031,581.109549,0.956,0.178,0.049
444,0.444000,744234.133579,-951970.678369,-207736.544790,7.123497e-01,-1140.133428,589.392037,581.109358,1.041,0.199,0.049
445,0.445000,744234.133617,-950909.162514,-206675.028897,7.138196e-01,-1140.133426,589.392043,581.109166,1.173,20.950,0.047
446,0.446000,744234.133656,-949849.528669,-205615.395013,7.152869e-01,-1140.133424,589.392049,581.108975,1.562,0.612,0.051
447,0.447000,744234.133694,-948791.775517,-204557.641823,7.167515e-01,-1140.133422,589.392055,581.108784,0.964,0.223,0.047
448,0.448000,744234.133732,-947735.902338,-203501.768605,7.182136e-01,-1140.133420,589.392061,581.108593,2.779,0.247,0.106
449,0.449000,744234.133771,-946681.909023,-202447.775252,7.196730e-01,-1140.133417,589.392067,581.108401,1.037,0.204,0.048
450,0.450000,744234.133809,-945629.795871,-201395.662061,7.211299e-01,-1140.133415,589.392073,581.108210,1.205,0.239,0.038
451,0.451000,744234.133848,-944579.563643,-200345.429795,7.225841e-01,-1140.133413,589.392079,581.108019,0.974,0.219,0.053
452,0.452000,744234.133886,-943531.213191,-199297.079305,7.240358e-01,-1140.133411,589.392085,581.107828,0.977,0.221,0.053
453,0.453000,744234.133924,-942484.745457,-198250.611532,7.254848e-01,-1140.133408,589.392091,581.107636,1.045,0.647,0.052
454,0.454000,744234.133963,-941440.161287,-197206.027324,7.269312e-01,-1140.133406,589.392098,581.107445,20.443,10.820,0.044
455,0.455000,744234.134001,-940397.461296,-196163.327294,7.283750e-01,-1140.133404,589.392104,581.107254,1.263,0.596,0.103
456,0.456000,744234.134040,-939356.646100,-195122.512061,7.298162e-01,-1140.133402,589.392110,581.107063,0.983,1.992,0.045
457,0.457000,744234.134078,-938317.716175,-194083.582097,7.312548e-01,-1140.133399,589.392116,581.106871,1.001,0.181,0.047
458,0.458000,744234.134116,-937280.671828,-193046.537711,7.326908e-01,-1140.133397,589.392122,581.106680,0.986,0.173,0.048
459,0.459000,744234.134155,-936245.513443,-192011.379288,7.341242e-01,-1140.133395,589.392128,581.106489,1.013,1.458,0.045
460,0.460000,744234.134193,-935212.241358,-190978.107165,7.355549e-01,-1140.133393,589.392135,581.106298,4.120,49.916,144.377
461,0.461000,744234.134232,-934180.855821,-189946.721590,7.369831e-01,-1140.133391,589.392141,581.106106,17.792,0.232,0.064
462,0.462000,744234.134270,-933151.357147,-188917.222877,7.384086e-01,-1140.133388,589.392147,581.105915,0.961,0.183,0.057
463,0.463000,744234.134308,-932123.745455,-187889.611146,7.398315e-01,-1140.133386,589.392153,581.105724,1.007,0.820,0.056
464,0.464000,744234.134347,-931098.020593,-186863.886246,7.412519e-01,-1140.133384,589.392160,581.105533,1.006,0.227,0.049
465,0.465000,744234.134385,-930074.181955,-185840.047570,7.426695e-01,-1140.133382,589.392166,581.105341,1.027,0.205,0.052
466,0.466000,744234.134424,-929052.228439,-184818.094015,7.440846e-01,-1140.133379,589.392172,581.105150,1.067,0.214,0.049
467,0.467000,744234.134462,-928032.158205,-183798.023743,7.454971e-01,-1140.133377,589.392179,581.104959,0.978,0.199,0.053
468,0.468000,744234.134500,-927013.968693,-182779.834192,7.469070e-01,-1140.133375,589.392185,581.104768,0.942,0.310,0.054
469,0.469000,744234.134539,-925997.656428,-181763.521889,7.483143e-01,-1140.133373,589.392191,581.104576,1.158,0.185,0.043
470,0.470000,744234.134577,-924983.217046,-180749.082469,7.497189e-01,-1140.133370,589.392198,581.104385,1.426,0.250,0.052
471,0.471000,744234.134615,-923970.645294,-179736.510679,7.511210e-01,-1140.133368,589.392204,581.104194,1.036,0.570,0.051
472,0.472000,744234.134654,-922959.934958,-178725.800304,7.525206e-01,-1140.133366,589.392210,581.104003,0.999,0.277,0.049
473,0.473000,744234.134692,-921951.078862,-177716.944170,7.539175e-01,-1140.133364,589.392217,581.103811,0.982,0.423,0.053
474,0.474000,744234.134731,-920944.068964,-176709.934234,7.553119e-01,-1140.133361,589.392223,581.103620,0.963,0.331,0.047
475,0.475000,744234.134769,-919938.896406,-175704.761637,7.567038e-01,-1140.133359,589.392229,581.103429,0.971,0.222,0.054
476,0.476000,744234.134807,-918935.551563,-174701.416755,7.580931e-01,-1140.133357,589.392236,581.103238,1.119,0.181,0.043
477,0.477000,744234.134846,-917934.024139,-173699.889294,7.594799e-01,-1140.133355,589.392242,581.103047,0.970,0.223,0.045
478,0.478000,744234.134884,-916934.303506,-172700.168622,7.608642e-01,-1140.133352,589.392248,581.102855,0.947,0.185,0.043
479,0.479000,744234.134922,-915936.378584,-171702.243661,7.622460e-01,-1140.133350,589.392255,581.102664,1.040,0.330,0.067
480,0.480000,744234.134961,-914940.238219,-170706.103258,7.636253e-01,-1140.133348,589.392261,581.102473,0.963,0.180,0.045
481,0.481000,744234.134999,-913945.871494,-169711.736494,7.650022e-01,-1140.133346,589.392268,581.102282,0.983,0.249,0.044
482,0.482000,744234.135038,-912953.267808,-168719.132770,7.663767e-01,-1140.133343,589.392274,581.102091,1.067,0.733,0.052
483,0.483000,744234.135076,-911962.417275,-167728.282200,7.677487e-01,-1140.133341,589.392280,581.101900,0.961,4.731,0.040
484,0.484000,744234.135114,-910973.310914,-166739.175800,7.691183e-01,-1140.133339,589.392287,581.101709,1.047,0.223,0.046
485,0.485000,744234.135153,-909985.940753,-165751.805600,7.704855e-01,-1140.133336,589.392293,581.101518,0.981,0.232,0.051
486,0.486000,744234.135191,-909000.299937,-164766.164746,7.718503e-01,-1140.133334,589.392299,581.101326,1.122,20.123,0.053
487,0.487000,744234.135229,-908016.382692,-163782.247463,7.732127e-01,-1140.133332,589.392306,581.101135,0.944,5.250,0.060
488,0.488000,744234.135268,-907034.184435,-162800.049167,7.745728e-01,-1140.133329,589.392312,581.100944,1.091,2.816,0.042
489,0.489000,744234.135306,-906053.701306,-161819.566000,7.759304e-01,-1140.133327,589.392318,581.100753,0.954,0.175,0.039
490,0.490000,744234.135344,-905074.930112,-160840.794768,7.772857e-01,-1140.133325,589.392325,581.100562,0.993,1.257,0.044
491,0.491000,744234.135382,-904097.868001,-159863.732619,7.786386e-01,-1140.133323,589.392331,581.100371,0.953,1.182,0.045
492,0.492000,744234.135421,-903122.512245,-158888.376824,7.799892e-01,-1140.133320,589.392337,581.100180,1.490,0.321,0.045
493,0.493000,744234.135460,-902148.860033,-157914.724573,7.813374e-01,-1140.133318,589.392344,581.099990,1.076,0.208,0.046
494,0.494000,744234.135500,-901176.908328,-156942.772828,7.826833e-01,-1140.133316,589.392350,581.099799,1.156,0.180,0.056
495,0.495000,744234.135540,-900206.653784,-155972.518244,7.840268e-01,-1140.133313,589.392357,581.099609,0.967,0.187,0.039
496,0.496000,744234.135580,-899238.092644,-155003.957064,7.853679e-01,-1140.133311,589.392363,581.099418,1.153,0.243,0.061
497,0.497000,744234.135621,-898271.220910,-154037.085289,7.867067e-01,-1140.133309,589.392369,581.099228,1.114,8.085,0.044
498,0.498000,744234.135663,-897306.034242,-153071.898579,7.880432e-01,-1140.133307,589.392376,581.099038,1.006,2.939,0.042
499,0.499000,744234.135705,-896342.528131,-152108.392427,7.893774e-01,-1140.133304,589.392382,581.098848,1.112,0.200,0.043
500,0.500000,744234.135746,-895380.697910,-151146.562164,7.907092e-01,-1140.133302,589.392388,581.098658,0.946,0.206,0.048
501,0.501000,744234.135788,-894420.538972,-150186.403184,7.920387e-01,-1140.133300,589.392395,581.098468,1.172,0.382,0.049
502,0.502000,744234.135830,-893462.046784,-149227.910954,7.933659e-01,-1140.133297,589.392401,581.098278,0.980,1.070,0.038
503,0.503000,744234.135872,-892505.217018,-148271.081146,7.946908e-01,-1140.133295,589.392407,581.098088,1.143,0.215,0.089
504,0.504000,744234.135913,-891550.045670,-147315.909757,7.960135e-01,-1140.133293,589.392414,581.097898,0.943,0.176,0.043
505,0.505000,744234.135955,-890596.529035,-146362.393080,7.973338e-01,-1140.133290,589.392420,581.097708,1.182,0.222,0.056
506,0.506000,744234.135997,-889644.663808,-145410.527811,7.986518e-01,-1140.133288,589.392427,581.097518,1.106,0.346,0.058
507,0.507000,744234.136039,-888694.447086,-144460.311047,7.999676e-01,-1140.133286,589.392433,581.097328,0.972,0.218,0.050
508,0.508000,744234.136080,-887745.876422,-143511.740342,8.012810e-01,-1140.133283,589.392439,581.097138,0.973,0.213,0.049
509,0.509000,744234.136123,-886798.949703,-142564.813580,8.025922e-01,-1140.133281,589.392446,581.096948,0.934,0.177,0.038
510,0.510000,744234.136165,-885853.665088,-141619.528922,8.039012e-01,-1140.133279,589.392452,581.096758,1.130,0.189,0.056
511,0.511000,744234.136208,-884910.021068,-140675.884860,8.052078e-01,-1140.133277,589.392458,581.096569,0.936,3.889,0.043
512,0.512000,744234.136251,-883968.016316,-139733.880065,8.065122e-01,-1140.133274,589.392465,581.096379,1.020,0.240,0.049
513,0.513000,744234.136294,-883027.649846,-138793.513552,8.078143e-01,-1140.133272,589.392471,581.096190,1.042,0.200,0.064
514,0.514000,744234.136336,-882088.921074,-137854.784738,8.091142e-01,-1140.133270,589.392477,581.096000,0.939,0.981,0.050
515,0.515000,744234.136379,-881151.829970,-136917.693591,8.104117e-01,-1140.133267,589.392484,581.095811,0.998,0.177,0.049
516,0.516000,744234.136421,-880216.377057,-135982.240636,8.117070e-01,-1140.133265,589.392490,581.095622,0.933,1.306,0.050
517,0.517000,744234.136463,-879282.563775,-135048.427312,8.130001e-01,-1140.133263,589.392497,581.095433,10.750,1.790,0.045
518,0.518000,744234.136506,-878350.392489,-134116.255983,8.142909e-01,-1140.133260,589.392503,581.095243,1.688,0.559,0.062
519,0.519000,744234.136548,-877419.866210,-133185.729662,8.155793e-01,-1140.133258,589.392509,581.095054,0.945,33.471,0.054
520,0.520000,744234.136590,-876490.988601,-132256.852011,8.168655e-01,-1140.133256,589.392516,581.094865,1.127,0.195,0.049
521,0.521000,744234.136633,-875563.763747,-131329.627114,8.181495e-01,-1140.133253,589.392522,581.094676,3.861,0.236,1.760
522,0.522000,744234.136675,-874638.195723,-130404.059048,8.194311e-01,-1140.133251,589.392528,581.094486,1.153,0.179,0.041
523,0.523000,744234.136718,-873714.288433,-129480.151716,8.207104e-01,-1140.133249,589.392535,581.094297,1.007,0.214,0.050
524,0.524000,744234.136760,-872792.045470,-128557.908710,8.219874e-01,-1140.133246,589.392541,581.094108,1.071,0.218,0.047
525,0.525000,744234.136802,-871871.469801,-127637.332999,8.232621e-01,-1140.133244,589.392548,581.093919,0.967,0.264,0.118
526,0.526000,744234.136845,-870952.563810,-126718.426965,8.245345e-01,-1140.133242,589.392554,581.093730,0.972,0.191,0.043
527,0.527000,744234.136887,-870035.329123,-125801.192236,8.258046e-01,-1140.133240,589.392560,581.093541,0.963,2.205,0.048
528,0.528000,744234.136929,-869119.766791,-124885.629862,8.270724e-01,-1140.133237,589.392567,581.093352,0.970,0.180,0.043
529,0.529000,744234.136972,-868205.877100,-123971.740128,8.283378e-01,-1140.133235,589.392573,581.093163,0.966,0.183,0.044
530,0.530000,744234.137014,-867293.659748,-123059.522734,8.296010e-01,-1140.133233,589.392580,581.092974,0.956,1.440,0.050
531,0.531000,744234.137057,-866383.113878,-122148.976821,8.308618e-01,-1140.133230,589.392586,581.092785,3.968,6.015,0.047
532,0.532000,744234.137100,-865474.238062,-121240.100962,8.321203e-01,-1140.133228,589.392592,581.092596,0.969,0.214,0.044
533,0.533000,744234.137144,-864567.030411,-120332.893268,8.333765e-01,-1140.133226,589.392599,581.092407,0.948,0.933,0.048
534,0.534000,744234.137187,-863661.488483,-119427.351296,8.346304e-01,-1140.133223,589.392605,581.092219,1.205,0.220,0.058
535,0.535000,744234.137230,-862757.609438,-118523.472208,8.358820e-01,-1140.133221,589.392612,581.092030,1.011,0.187,0.057
536,0.536000,744234.137274,-861855.390075,-117621.252801,8.371313e-01,-1140.133219,589.392618,581.091842,1.159,0.259,0.041
537,0.537000,744234.137319,-860954.827032,-116720.689714,8.383783e-01,-1140.133216,589.392624,581.091654,3.187,1.081,0.128
538,0.538000,744234.137363,-860055.916695,-115821.779331,8.396230e-01,-1140.133214,589.392631,581.091466,0.935,0.205,0.039
539,0.539000,744234.137408,-859158.655428,-114924.518020,8.408654e-01,-1140.133212,589.392637,581.091278,0.988,0.184,0.048
540,0.540000,744234.137453,-858263.039606,-114028.902153,8.421056e-01,-1140.133209,589.392644,581.091090,0.949,2.314,0.038
541,0.541000,744234.137497,-857369.065695,-113134.928198,8.433434e-01,-1140.133207,589.392650,581.090902,0.969,0.216,0.056
542,0.542000,744234.137540,-856476.730348,-112242.592808,8.445790e-01,-1140.133204,589.392656,581.090714,0.959,0.222,0.042
543,0.543000,744234.137583,-855586.030328,-111351.892745,8.458124e-01,-1140.133201,589.392663,581.090526,1.944,0.513,0.055
544,0.544000,744234.137627,-854696.962718,-110462.825091,8.470435e-01,-1140.133199,589.392669,581.090338,1.006,0.427,0.047
545,0.545000,744234.137670,-853809.524650,-109575.386980,8.482723e-01,-1140.133196,589.392676,581.090150,0.991,0.187,0.050
546,0.546000,744234.137713,-852923.713407,-108689.575694,8.494989e-01,-1140.133193,589.392682,581.089962,0.974,0.178,0.044
547,0.547000,744234.137757,-852039.526380,-107805.388623,8.507232e-01,-1140.133190,589.392688,581.089774,1.002,7.063,0.049
548,0.548000,744234.137800,-851156.960914,-106922.823114,8.519453e-01,-1140.133187,589.392695,581.089586,0.985,0.186,0.040
549,0.549000,744234.137843,-850276.014229,-106041.876386,8.531651e-01,-1140.133185,589.392701,581.089398,0.966,0.182,0.047
550,0.550000,744234.137887,-849396.683500,-105162.545613,8.543827e-01,-1140.133182,589.392707,581.089210,1.122,0.258,0.054
551,0.551000,744234.137930,-848518.965653,-104284.827723,8.555981e-01,-1140.133179,589.392714,581.089022,0.956,1.378,0.041
552,0.552000,744234.137972,-847642.857350,-103408.719377,8.568112e-01,-1140.133176,589.392720,581.088834,0.969,0.180,0.039
553,0.553000,744234.138014,-846768.354886,-102534.216872,8.580221e-01,-1140.133173,589.392726,581.088647,0.968,0.229,0.050
554,0.554000,744234.138055,-845895.454327,-101661.316271,8.592308e-01,-1140.133171,589.392733,581.088459,0.932,0.815,0.044
555,0.555000,744234.138097,-845024.151314,-100790.013218,8.604373e-01,-1140.133168,589.392739,581.088272,1.106,0.215,0.049
556,0.556000,744234.138138,-844154.441196,-99920.303058,8.616416e-01,-1140.133165,589.392746,581.088084,1.030,0.222,0.050
557,0.557000,744234.138180,-843286.319002,-99052.180822,8.628437e-01,-1140.133162,589.392752,581.087897,1.065,1.608,0.045
558,0.558000,744234.138221,-842419.779466,-98185.641244,8.640435e-01,-1140.133159,589.392758,581.087710,1.076,0.186,0.058
559,0.559000,744234.138263,-841554.817104,-97320.678841,8.652412e-01,-1140.133157,589.392765,581.087523,0.965,0.210,0.036
560,0.560000,744234.138305,-840691.426211,-96457.287906,8.664368e-01,-1140.133154,589.392771,581.087335,0.966,0.468,0.045
561,0.561000,744234.138346,-839829.600948,-95595.462602,8.676301e-01,-1140.133151,589.392777,581.087148,1.049,1.815,0.040
562,0.562000,744234.138388,-838969.335479,-94735.197091,8.688213e-01,-1140.133148,589.392784,581.086961,1.227,0.231,0.042
563,0.563000,744234.138429,-838110.623985,-93876.485555,8.700104e-01,-1140.133145,589.392790,581.086774,1.091,0.198,0.045
564,0.564000,744234.138471,-837253.460700,-93019.322229,8.711973e-01,-1140.133143,589.392797,581.086586,0.953,0.181,0.039
565,0.565000,744234.138513,-836397.840080,-92163.701567,8.723820e-01,-1140.133140,589.392803,581.086399,0.959,0.187,0.044
566,0.566000,744234.138554,-835543.756694,-91309.618140,8.735647e-01,-1140.133137,589.392810,581.086212,0.958,1.756,0.039
567,0.567000,744234.138596,-834691.205262,-90457.066666,8.747452e-01,-1140.133134,589.392816,581.086025,1.422,1.320,0.065
568,0.568000,744234.138639,-833840.180678,-89606.042039,8.759236e-01,-1140.133131,589.392823,581.085838,1.119,0.189,0.058
569,0.569000,744234.138682,-832990.677900,-88756.539218,8.770999e-01,-1140.133129,589.392829,581.085650,0.960,0.466,0.083
570,0.570000,744234.138726,-832142.692008,-87908.553282,8.782741e-01,-1140.133126,589.392836,581.085462,1.097,0.290,0.052
571,0.571000,744234.138769,-831296.218171,-87062.079402,8.794462e-01,-1140.133123,589.392843,581.085275,1.029,0.190,0.044
572,0.572000,744234.138813,-830451.251508,-86217.112695,8.806162e-01,-1140.133120,589.392849,581.085087,2.368,0.669,0.154
573,0.573000,744234.138857,-829607.787145,-85373.648289,8.817841e-01,-1140.133117,589.392856,581.084899,2.568,0.522,1.526
574,0.574000,744234.138900,-828765.820131,-84531.681230,8.829500e-01,-1140.133115,589.392862,581.084712,0.989,0.199,0.038
575,0.575000,744234.138944,-827925.345554,-83691.206610,8.841138e-01,-1140.133112,589.392869,581.084524,1.178,0.210,0.049
576,0.576000,744234.138987,-827086.358436,-82852.219449,8.852755e-01,-1140.133109,589.392876,581.084337,1.067,0.189,0.054
577,0.577000,744234.139031,-826248.853940,-82014.714909,8.864352e-01,-1140.133106,589.392882,581.084149,0.991,0.187,0.051
578,0.578000,744234.139074,-825412.827269,-81178.688195,8.875929e-01,-1140.133103,589.392889,581.083961,0.993,0.227,0.046
579,0.579000,744234.139118,-824578.273762,-80344.134644,8.887485e-01,-1140.133101,589.392895,581.083774,0.916,2.327,0.045
580,0.580000,744234.139162,-823745.188995,-79511.049834,8.899020e-01,-1140.133098,589.392902,581.083586,1.134,4.527,0.045
581,0.581000,744234.139205,-822913.568718,-78679.429513,8.910536e-01,-1140.133095,589.392909,581.083399,0.944,1.149,0.043
582,0.582000,744234.139249,-822083.408921,-77849.269672,8.922031e-01,-1140.133092,589.392915,581.083211,1.002,0.229,0.049
583,0.583000,744234.139293,-821254.705835,-77020.566542,8.933506e-01,-1140.133089,589.392922,581.083024,0.983,0.214,0.050
584,0.584000,744234.139336,-820427.455948,-76193.316611,8.944960e-01,-1140.133087,589.392929,581.082837,1.204,2.056,0.043
585,0.585000,744234.139380,-819601.655915,-75367.516535,8.956395e-01,-1140.133084,589.392935,581.082649,0.965,0.211,0.042
586,0.586000,744234.139424,-818777.302604,-74543.163180,8.967810e-01,-1140.133081,589.392942,581.082462,0.959,4.509,0.045
587,0.587000,744234.139467,-817954.393047,-73720.253580,8.979205e-01,-1140.133078,589.392948,581.082274,0.979,9.249,0.048
588,0.588000,744234.139511,-817132.924382,-72898.784871,8.990579e-01,-1140.133075,589.392955,581.082087,1.192,33.313,0.046
589,0.589000,744234.139555,-816312.893826,-72078.754272,9.001934e-01,-1140.133073,589.392962,581.081900,1.180,0.539,0.044
590,0.590000,744234.139599,-815494.298632,-71260.159033,9.013269e-01,-1140.133070,589.392968,581.081713,1.002,0.183,0.049
591,0.591000,744234.139645,-814677.136116,-70442.996471,9.024584e-01,-1140.133067,589.392975,581.081526,1.081,0.282,0.043
592,0.592000,744234.139690,-813861.403572,-69627.263882,9.035880e-01,-1140.133064,589.392982,581.081339,0.962,0.193,0.046
593,0.593000,744234.139735,-813047.098232,-68812.958496,9.047155e-01,-1140.133061,589.392988,581.081152,1.064,0.891,0.050
594,0.594000,744234.139781,-812234.217268,-68000.077488,9.058411e-01,-1140.133059,589.392995,581.080965,1.056,1.792,0.045
595,0.595000,744234.139826,-811422.757687,-67188.617861,9.069647e-01,-1140.133056,589.393002,581.080778,1.153,0.215,0.053
596,0.596000,744234.139871,-810612.716417,-66378.576546,9.080864e-01,-1140.133053,589.393008,581.080591,1.036,0.221,0.049
597,0.597000,744234.139916,-809804.090182,-65569.950266,9.092061e-01,-1140.133050,589.393015,581.080405,1.023,0.385,0.049
598,0.598000,744234.139962,-808996.875644,-64762.735683,9.103238e-01,-1140.133047,589.393021,581.080218,0.952,1.160,0.046
599,0.599000,744234.140007,-808191.069278,-63956.929271,9.114396e-01,-1140.133044,589.393028,581.080031,1.197,3.475,0.042
600,0.600000,744234.140052,-807386.667474,-63152.527422,9.125535e-01,-1140.133041,589.393035,581.079844,1.180,0.391,0.045
601,0.601000,744234.140097,-806583.666538,-62349.526441,9.136654e-01,-1140.133038,589.393041,581.079657,1.980,1.277,0.118
602,0.602000,744234.140142,-805782.062659,-61547.922517,9.147753e-01,-1140.133035,589.393048,581.079471,1.039,0.635,0.049
603,0.603000,744234.140188,-804981.852013,-60747.711826,9.158834e-01,-1140.133032,589.393055,581.079284,0.929,0.978,0.047
604,0.604000,744234.140233,-804183.030729,-59948.890496,9.169895e-01,-1140.133030,589.393061,581.079097,0.997,0.202,0.054
605,0.605000,744234.140278,-803385.594856,-59151.454578,9.180937e-01,-1140.133027,589.393068,581.078911,1.005,1.862,0.049
606,0.606000,744234.140324,-802589.540445,-58355.400121,9.191960e-01,-1140.133024,589.393074,581.078724,1.310,2.238,0.048
607,0.607000,744234.140369,-801794.863345,-57560.722976,9.202964e-01,-1140.133021,589.393081,581.078537,0.939,22.692,0.046
608,0.608000,744234.140414,-801001.559468,-56767.419054,9.213948e-01,-1140.133018,589.393088,581.078351,4.616,0.963,0.061
609,0.609000,744234.140460,-800209.624643,-55975.484184,9.224914e-01,-1140.133015,589.393094,581.078164,1.127,4.872,0.054
610,0.610000,744234.140505,-799419.054734,-55184.914229,9.235861e-01,-1140.133012,589.393101,581.077978,0.936,0.182,0.045
611,0.611000,744234.140551,-798629.845646,-54395.705095,9.246789e-01,-1140.133010,589.393108,581.077791,1.017,0.827,0.049
612,0.612000,744234.140596,-797841.993465,-53607.852869,9.257699e-01,-1140.133007,589.393114,581.077605,0.971,0.186,0.095
613,0.613000,744234.140641,-797055.494424,-52821.353783,9.268589e-01,-1140.133004,589.393121,581.077418,1.375,0.233,0.064
614,0.614000,744234.140687,-796270.345126,-52036.204439,9.279461e-01,-1140.133002,589.393128,581.077232,0.988,0.255,0.046
615,0.615000,744234.140732,-795486.542459,-51252.401726,9.290314e-01,-1140.132999,589.393134,581.077045,0.955,2.132,0.042
616,0.616000,744234.140778,-794704.083643,-50469.942865,9.301149e-01,-1140.132997,589.393141,581.076859,1.272,4.398,0.054
617,0.617000,744234.140823,-793922.966296,-49688.825472,9.311965e-01,-1140.132994,589.393148,581.076672,1.917,0.887,0.043
618,0.618000,744234.140869,-793143.188426,-48909.047558,9.322762e-01,-1140.132991,589.393154,581.076486,1.159,1.250,0.052
619,0.619000,744234.140914,-792364.748333,-48130.607419,9.333541e-01,-1140.132989,589.393161,581.076299,1.105,0.433,0.042
620,0.620000,744234.140960,-791587.644439,-47353.503479,9.344302e-01,-1140.132986,589.393167,581.076113,1.092,0.212,0.049
621,0.621000,744234.141007,-790811.875217,-46577.734210,9.355044e-01,-1140.132983,589.393174,581.075927,0.951,0.181,0.040
622,0.622000,744234.141055,-790037.439218,-45803.298163,9.365767e-01,-1140.132981,589.393181,581.075741,7.794,9.021,0.209
623,0.623000,744234.141104,-789264.334766,-45030.193661,9.376472e-01,-1140.132978,589.393187,581.075556,1.063,0.322,0.053
624,0.624000,744234.141153,-788492.559976,-44258.418823,9.387159e-01,-1140.132976,589.393194,581.075371,2.252,0.752,0.130
625,0.625000,744234.141202,-787722.112620,-43487.971418,9.397827e-01,-1140.132973,589.393201,581.075185,0.987,0.221,0.047
626,0.626000,744234.141251,-786952.990065,-42718.848814,9.408477e-01,-1140.132970,589.393207,581.075000,1.087,0.482,0.054
627,0.627000,744234.141300,-786185.189352,-41951.048052,9.419109e-01,-1140.132968,589.393214,581.074814,1.035,0.864,0.050
628,0.628000,744234.141348,-785418.707249,-41184.565900,9.429722e-01,-1140.132965,589.393221,581.074629,1.054,0.196,0.055
629,0.629000,744234.141397,-784653.540195,-40419.398797,9.440318e-01,-1140.132962,589.393227,581.074444,0.954,11.613,0.049
630,0.630000,744234.141446,-783889.684601,-39655.543154,9.450895e-01,-1140.132960,589.393234,581.074258,1.352,6.183,0.047
631,0.631000,744234.141496,-783127.136827,-38892.995331,9.461453e-01,-1140.132957,589.393241,581.074073,1.059,1.219,0.056
632,0.632000,744234.141546,-782365.893400,-38131.751853,9.471994e-01,-1140.132955,589.393248,581.073887,1.025,0.211,0.041
633,0.633000,744234.141597,-781605.951141,-37371.809544,9.482517e-01,-1140.132952,589.393255,581.073701,1.225,0.254,0.048
634,0.634000,744234.141648,-780847.307310,-36613.165663,9.493022e-01,-1140.132949,589.393261,581.073515,0.962,0.759,0.049
635,0.635000,744234.141698,-780089.959574,-35855.817875,9.503509e-01,-1140.132947,589.393268,581.073329,1.594,0.296,0.062
636,0.636000,744234.141749,-779333.906075,-35099.764326,9.513978e-01,-1140.132944,589.393275,581.073143,0.995,22.411,0.049
637,0.637000,744234.141799,-778579.145381,-34345.003582,9.524429e-01,-1140.132942,589.393282,581.072958,0.974,0.193,0.051
638,0.638000,744234.141850,-777825.676416,-33591.534566,9.534862e-01,-1140.132939,589.393289,581.072772,2.420,0.463,0.181
639,0.639000,744234.141901,-777073.498451,-32839.356550,9.545277e-01,-1140.132936,589.393296,581.072586,1.029,12.617,0.051
640,0.640000,744234.141951,-776322.610886,-32088.468935,9.555675e-01,-1140.132934,589.393303,581.072400,0.968,2.234,0.059
641,0.641000,744234.142002,-775573.013304,-31338.871303,9.566054e-01,-1140.132931,589.393310,581.072214,0.934,0.496,0.048
642,0.642000,744234.142052,-774824.705327,-30590.563275,9.576416e-01,-1140.132928,589.393317,581.072028,0.983,0.192,0.052
643,0.643000,744234.142103,-774077.686530,-29843.544427,9.586760e-01,-1140.132926,589.393324,581.071843,1.224,0.899,0.102
644,0.644000,744234.142153,-773331.956396,-29097.814243,9.597086e-01,-1140.132923,589.393330,581.071657,1.031,0.570,0.045
645,0.645000,744234.142204,-772587.514277,-28353.372073,9.607394e-01,-1140.132920,589.393337,581.071471,1.038,0.202,0.038
646,0.646000,744234.142255,-771844.359332,-27610.217077,9.617685e-01,-1140.132918,589.393344,581.071285,0.960,0.220,0.049
647,0.647000,744234.142305,-771102.490490,-26868.348185,9.627957e-01,-1140.132915,589.393351,581.071100,1.250,0.267,0.050
648,0.648000,744234.142356,-770361.906373,-26127.764017,9.638212e-01,-1140.132912,589.393358,581.070914,1.139,0.221,0.046
649,0.649000,744234.142406,-769622.605423,-25388.463016,9.648449e-01,-1140.132910,589.393365,581.070728,1.083,0.226,0.051
650,0.650000,744234.142457,-768884.585703,-24650.443246,9.658668e-01,-1140.132907,589.393372,581.070543,1.330,0.215,0.050
651,0.651000,744234.142508,-768147.845030,-23913.702522,9.668870e-01,-1140.132904,589.393379,581.070357,1.149,0.230,0.051
652,0.652000,744234.142560,-767412.380883,-23178.238323,9.679054e-01,-1140.132902,589.393386,581.070170,0.985,0.416,0.056
653,0.653000,744234.142612,-766678.190401,-22444.047789,9.689220e-01,-1140.132899,589.393393,581.069984,1.000,0.958,0.059
654,0.654000,744234.142663,-765945.270502,-21711.127839,9.699369e-01,-1140.132896,589.393399,581.069798,1.082,0.239,0.050
655,0.655000,744234.142715,-765213.617686,-20979.474971,9.709500e-01,-1140.132894,589.393406,581.069612,1.094,0.181,0.049
656,0.656000,744234.142767,-764483.228254,-20249.085487,9.719613e-01,-1140.132891,589.393413,581.069426,1.058,0.267,0.041
657,0.657000,744234.142819,-763754.098234,-19519.955415,9.729710e-01,-1140.132888,589.393420,581.069240,1.130,0.181,0.047
658,0.658000,744234.142871,-763026.223427,-18792.080557,9.739788e-01,-1140.132886,589.393427,581.069054,1.055,0.209,0.050
659,0.659000,744234.142922,-762299.599541,-18065.456619,9.749850e-01,-1140.132883,589.393434,581.068868,0.966,0.525,0.050
660,0.660000,744234.142974,-761574.222150,-17340.079176,9.759894e-01,-1140.132880,589.393441,581.068682,1.075,0.356,0.042
661,0.661000,744234.143026,-760850.086833,-16615.943807,9.769921e-01,-1140.132877,589.393448,581.068496,0.991,0.183,0.046
662,0.662000,744234.143078,-760127.189274,-15893.046197,9.779931e-01,-1140.132875,589.393455,581.068310,1.034,0.867,0.049
663,0.663000,744234.143129,-759405.525373,-15171.382244,9.789924e-01,-1140.132872,589.393461,581.068124,1.044,2.326,0.045
664,0.664000,744234.143181,-758685.091252,-14450.948071,9.799899e-01,-1140.132869,589.393468,581.067938,12.240,1.667,0.059
665,0.665000,744234.143233,-757965.883313,-13731.740080,9.809858e-01,-1140.132867,589.393475,581.067752,1.101,0.222,0.067
666,0.666000,744234.143285,-757247.898281,-13013.754996,9.819800e-01,-1140.132864,589.393482,581.067566,0.979,0.860,0.053
667,0.667000,744234.143337,-756531.133270,-12296.989933,9.829725e-01,-1140.132861,589.393489,581.067380,0.998,0.266,0.046
668,0.668000,744234.143389,-755815.585665,-11581.442276,9.839633e-01,-1140.132859,589.393496,581.067194,0.950,0.823,0.051
669,0.669000,744234.143440,-755101.253189,-10867.109748,9.849524e-01,-1140.132856,589.393503,581.067008,1.051,1.246,0.053
670,0.670000,744234.143492,-754388.133754,-10153.990261,9.859399e-01,-1140.132853,589.393510,581.066822,0.982,0.185,0.049
671,0.671000,744234.143544,-753676.225504,-9442.081960,9.869257e-01,-1140.132851,589.393517,581.066636,5.001,46.700,0.089
672,0.672000,744234.143596,-752965.526690,-8731.383094,9.879098e-01,-1140.132848,589.393524,581.066451,0.951,0.182,0.044
673,0.673000,744234.143648,-752256.035685,-8021.892037,9.888922e-01,-1140.132845,589.393530,581.066265,1.347,0.226,0.050
674,0.674000,744234.143700,-751547.750911,-7313.607212,9.898729e-01,-1140.132843,589.393537,581.066079,1.272,0.211,0.059
675,0.675000,744234.143751,-750840.670871,-6606.527120,9.908520e-01,-1140.132840,589.393544,581.065893,2.393,0.452,0.060
676,0.676000,744234.143803,-750134.793939,-5900.650136,9.918294e-01,-1140.132837,589.393551,581.065707,1.130,0.489,0.053
677,0.677000,744234.143855,-749430.118486,-5195.974631,9.928052e-01,-1140.132834,589.393558,581.065521,1.177,0.240,0.061
678,0.678000,744234.143907,-748726.642741,-4492.498834,9.937793e-01,-1140.132832,589.393565,581.065335,0.970,11.369,0.048
679,0.679000,744234.143959,-748024.364858,-3790.220899,9.947517e-01,-1140.132829,589.393572,581.065149,1.083,0.226,0.054
680,0.680000,744234.144011,-747323.282885,-3089.138874,9.957225e-01,-1140.132826,589.393579,581.064964,0.981,1.171,0.047
681,0.681000,744234.144062,-746623.394723,-2389.250660,9.966916e-01,-1140.132824,589.393586,581.064778,1.023,0.197,0.053
682,0.682000,744234.144114,-745924.698224,-1690.554109,9.976591e-01,-1140.132821,589.393593,581.064592,1.149,0.179,0.053
683,0.683000,744234.144166,-745227.191109,-993.046942,9.986249e-01,-1140.132818,589.393600,581.064406,1.042,0.180,0.074
684,0.684000,744234.144218,-744530.871074,-296.726856,9.995891e-01,-1140.132816,589.393607,581.064220,1.311,22.755,0.054
685,0.685000,744234.144270,-743835.735802,398.408468,1.000552e+00,-1140.132813,589.393614,581.064035,1.023,0.215,0.044
686,0.686000,744234.144322,-743141.782925,1092.361397,1.001513e+00,-1140.132810,589.393621,581.063849,1.191,0.190,0.054
687,0.687000,744234.144373,-742449.010146,1785.134227,1.002472e+00,-1140.132808,589.393628,581.063663,1.060,0.202,0.042
688,0.688000,744234.144425,-741757.415214,2476.729211,1.003429e+00,-1140.132805,589.393635,581.063477,1.176,0.201,0.050
689,0.689000,744234.144477,-741066.995953,3167.148524,1.004386e+00,-1140.132802,589.393642,581.063292,0.963,0.238,0.051
690,0.690000,744234.144529,-740377.750290,3856.394239,1.005340e+00,-1140.132799,589.393649,581.063106,1.026,0.191,0.057
691,0.691000,744234.144581,-739689.676213,4544.468368,1.006293e+00,-1140.132797,589.393656,581.062920,1.134,0.259,0.052
692,0.692000,744234.144633,-739002.771841,5231.372792,1.007244e+00,-1140.132794,589.393663,581.062735,0.957,0.193,0.050
693,0.693000,744234.144685,-738317.035379,5917.109306,1.008193e+00,-1140.132791,589.393670,581.062549,1.009,0.227,0.046
694,0.694000,744234.144737,-737632.465067,6601.679670,1.009141e+00,-1140.132789,589.393677,581.062363,1.004,22.553,0.059
695,0.695000,744234.144789,-736949.059153,7285.085635,1.010088e+00,-1140.132786,589.393684,581.062178,1.101,0.606,0.044
696,0.696000,744234.144841,-736266.815907,7967.328934,1.011032e+00,-1140.132783,589.393691,581.061992,0.975,0.188,0.048
697,0.697000,744234.144893,-735585.733585,8648.411308,1.011975e+00,-1140.132781,589.393698,581.061806,1.106,0.222,0.052
698,0.698000,744234.144944,-734905.810349,9328.334595,1.012917e+00,-1140.132778,589.393705,581.061621,0.969,0.269,0.049
699,0.699000,744234.144996,-734227.044333,10007.100663,1.013857e+00,-1140.132775,589.393712,581.061435,1.077,0.487,0.051
700,0.700000,744234.145048,-733549.433506,10684.711542,1.014795e+00,-1140.132773,589.393719,581.061249,0.977,1.594,0.047
701,0.701000,744234.145100,-732872.975722,11361.169379,1.015732e+00,-1140.132770,589.393726,581.061064,0.950,20.071,0.046
702,0.702000,744234.145152,-732197.668594,12036.476559,1.016667e+00,-1140.132767,589.393733,581.060878,18.069,0.529,0.046
703,0.703000,744234.145204,-731523.509617,12710.635587,1.017600e+00,-1140.132765,589.393741,581.060693,1.223,19.913,0.039
704,0.704000,744234.145256,-730850.496012,13383.649244,1.018532e+00,-1140.132762,589.393748,581.060507,0.991,0.309,0.050
705,0.705000,744234.145308,-730178.624856,14055.520452,1.019463e+00,-1140.132760,589.393755,581.060321,6.851,0.551,0.116
706,0.706000,744234.145360,-729507.892939,14726.252421,1.020391e+00,-1140.132757,589.393762,581.060136,0.965,8.567,0.049
707,0.707000,744234.145412,-728838.296941,15395.848471,1.021318e+00,-1140.132754,589.393769,581.059951,0.939,4.112,0.042
708,0.708000,744234.145464,-728169.833275,16064.312188,1.022244e+00,-1140.132752,589.393776,581.059765,0.965,0.199,0.046
709,0.709000,744234.145516,-727502.498349,16731.647167,1.023168e+00,-1140.132749,589.393784,581.059580,0.964,13.918,0.045
710,0.710000,744234.145568,-726836.288392,17397.857175,1.024091e+00,-1140.132746,589.393791,581.059394,0.975,0.179,0.049
711,0.711000,744234.145619,-726171.199541,18062.946079,1.025012e+00,-1140.132744,589.393798,581.059209,0.996,3.871,0.047
712,0.712000,744234.145671,-725507.227916,18726.917756,1.025931e+00,-1140.132741,589.393805,581.059024,0.943,13.708,0.048
713,0.713000,744234.145723,-724844.369698,19389.776025,1.026849e+00,-1140.132738,589.393812,581.058838,1.080,2.961,0.121
714,0.714000,744234.145775,-724182.621071,20051.524704,1.027765e+00,-1140.132736,589.393819,581.058653,0.941,0.238,0.044
715,0.715000,744234.145827,-723521.978268,20712.167559,1.028680e+00,-1140.132733,589.393827,581.058467,1.006,0.191,0.050
716,0.716000,744234.145879,-722862.437606,21371.708273,1.029593e+00,-1140.132731,589.393834,581.058282,0.999,0.192,0.044
717,0.717000,744234.145931,-722203.995509,22030.150422,1.030505e+00,-1140.132728,589.393841,581.058096,0.946,0.593,0.047
718,0.718000,744234.145983,-721546.648455,22687.497528,1.031415e+00,-1140.132725,589.393848,581.057911,0.954,1.222,0.040
719,0.719000,744234.146035,-720890.393055,23343.752980,1.032324e+00,-1140.132723,589.393855,581.057726,1.131,0.482,0.112
720,0.720000,744234.146087,-720235.226022,23998.920064,1.033231e+00,-1140.132720,589.393863,581.057540,1.049,0.191,0.054
721,0.721000,744234.146139,-719581.144160,24653.001978,1.034137e+00,-1140.132717,589.393870,581.057355,1.071,0.241,0.038
722,0.722000,744234.146190,-718928.144348,25306.001842,1.035041e+00,-1140.132715,589.393877,581.057169,1.023,0.189,0.046
723,0.723000,744234.146244,-718276.223558,25957.922686,1.035944e+00,-1140.132712,589.393885,581.056985,1.130,0.180,0.064
724,0.724000,744234.146296,-717625.378879,26608.767418,1.036845e+00,-1140.132709,589.393892,581.056800,1.047,0.643,0.042
725,0.725000,744234.146347,-716975.607486,27258.538861,1.037745e+00,-1140.132705,589.393899,581.056616,1.092,4.213,0.054
726,0.726000,744234.146398,-716326.906645,27907.239753,1.038643e+00,-1140.132701,589.393906,581.056431,1.287,0.200,0.056
727,0.727000,744234.146448,-715679.273712,28554.872736,1.039540e+00,-1140.132698,589.393914,581.056247,1.347,0.280,0.052
728,0.728000,744234.146499,-715032.706101,29201.440398,1.040435e+00,-1140.132694,589.393921,581.056062,16.793,1.523,0.050
729,0.729000,744234.146550,-714387.201313,29846.945237,1.041329e+00,-1140.132691,589.393928,581.055878,1.072,0.241,0.049
730,0.730000,744234.146600,-713742.757006,30491.389594,1.042221e+00,-1140.132687,589.393935,581.055694,0.985,7.289,0.075
731,0.731000,744234.146651,-713099.370785,31134.775866,1.043112e+00,-1140.132683,589.393942,581.055509,0.943,0.204,0.043
732,0.732000,744234.146701,-712457.040405,31777.106296,1.044001e+00,-1140.132680,589.393950,581.055325,0.958,0.181,0.046
733,0.733000,744234.146752,-711815.763649,32418.383103,1.044889e+00,-1140.132676,589.393957,581.055140,1.105,1.577,0.043
734,0.734000,744234.146802,-711175.538320,33058.608482,1.045776e+00,-1140.132673,589.393964,581.054956,1.044,0.247,0.049
735,0.735000,744234.146853,-710536.362295,33697.784558,1.046661e+00,-1140.132669,589.393972,581.054771,0.992,3.113,0.050
736,0.736000,744234.146903,-709898.233373,34335.913530,1.047545e+00,-1140.132665,589.393979,581.054587,5.500,0.331,0.054
737,0.737000,744234.146954,-709261.149361,34972.997593,1.048427e+00,-1140.132662,589.393986,581.054403,0.955,0.205,0.045
738,0.738000,744234.147004,-708625.108043,35609.038962,1.049307e+00,-1140.132658,589.393994,581.054218,0.980,0.802,0.048
739,0.739000,744234.147055,-707990.107131,36244.039924,1.050187e+00,-1140.132654,589.394001,581.054034,0.970,0.387,0.048
740,0.740000,744234.147105,-707356.144271,36878.002835,1.051065e+00,-1140.132651,589.394008,581.053849,1.021,1.786,0.039
741,0.741000,744234.147156,-706723.216995,37510.930161,1.051941e+00,-1140.132647,589.394016,581.053665,1.028,0.213,0.042
742,0.742000,744234.147206,-706091.322765,38142.824441,1.052816e+00,-1140.132644,589.394023,581.053481,1.160,0.214,0.111
743,0.743000,744234.147257,-705460.459000,38773.688257,1.053689e+00,-1140.132640,589.394030,581.053296,1.137,0.228,0.049
744,0.744000,744234.147307,-704830.622983,39403.524325,1.054562e+00,-1140.132637,589.394038,581.053112,1.136,0.189,0.053
745,0.745000,744234.147358,-704201.811918,40032.335439,1.055432e+00,-1140.132633,589.394045,581.052928,1.183,0.225,0.052
746,0.746000,744234.147408,-703574.022937,40660.124471,1.056302e+00,-1140.132630,589.394053,581.052743,0.973,0.185,0.046
747,0.747000,744234.147458,-702947.253040,41286.894419,1.057169e+00,-1140.132626,589.394060,581.052559,1.031,0.214,0.054
748,0.748000,744234.147509,-702321.499203,41912.648306,1.058036e+00,-1140.132623,589.394067,581.052375,0.951,0.223,0.050
749,0.749000,744234.147560,-701696.758360,42537.389200,1.058901e+00,-1140.132619,589.394075,581.052190,1.049,0.202,0.054
750,0.750000,744234.147612,-701073.027374,43161.120239,1.059765e+00,-1140.132616,589.394082,581.052005,1.250,0.267,0.110
751,0.751000,744234.147664,-700450.303144,43783.844520,1.060627e+00,-1140.132612,589.394089,581.051820,2.438,0.207,3.236
752,0.752000,744234.147717,-699828.582584,44405.565132,1.061488e+00,-1140.132609,589.394097,581.051635,1.039,0.727,0.053
753,0.753000,744234.147770,-699207.862614,45026.285156,1.062347e+00,-1140.132605,589.394104,581.051450,0.945,0.380,0.046
754,0.754000,744234.147823,-698588.140196,45646.007628,1.063205e+00,-1140.132602,589.394111,581.051265,1.006,0.193,0.050
755,0.755000,744234.147876,-697969.412362,46264.735515,1.064062e+00,-1140.132598,589.394119,581.051079,0.933,6.086,0.036
756,0.756000,744234.147930,-697351.676111,46882.471819,1.064918e+00,-1140.132595,589.394126,581.050894,1.148,0.373,0.046
757,0.757000,744234.147983,-696734.928549,47499.219434,1.065772e+00,-1140.132591,589.394134,581.050709,1.033,0.929,0.051
758,0.758000,744234.148036,-696119.166835,48114.981201,1.066624e+00,-1140.132588,589.394141,581.050524,2.005,2.642,0.111
759,0.759000,744234.148089,-695504.388141,48729.759948,1.067476e+00,-1140.132584,589.394148,581.050338,3.081,2.208,7.030
760,0.760000,744234.148143,-694890.589733,49343.558410,1.068325e+00,-1140.132581,589.394156,581.050153,1.071,0.200,0.054
761,0.761000,744234.148196,-694277.768890,49956.379306,1.069174e+00,-1140.132577,589.394163,581.049968,1.118,6.814,0.045
762,0.762000,744234.148249,-693665.923047,50568.225202,1.070021e+00,-1140.132574,589.394171,581.049783,0.992,1.683,0.046
763,0.763000,744234.148302,-693055.049791,51179.098512,1.070867e+00,-1140.132570,589.394178,581.049597,1.105,3.478,0.046
764,0.764000,744234.148356,-692445.146845,51789.001511,1.071712e+00,-1140.132567,589.394185,581.049412,1.001,0.675,0.053
765,0.765000,744234.148409,-691836.212137,52397.936272,1.072555e+00,-1140.132563,589.394193,581.049227,0.987,0.400,0.059
766,0.766000,744234.148462,-691228.243833,53005.904630,1.073397e+00,-1140.132560,589.394200,581.049042,1.023,2.893,0.059
767,0.767000,744234.148516,-690621.240275,53612.908241,1.074237e+00,-1140.132556,589.394207,581.048857,1.000,0.190,0.051
768,0.768000,744234.148570,-690015.199982,54218.948587,1.075076e+00,-1140.132553,589.394215,581.048672,9.789,1.835,0.193
769,0.769000,744234.148623,-689410.121674,54824.026949,1.075914e+00,-1140.132549,589.394222,581.048488,1.100,0.181,0.047
770,0.770000,744234.148677,-688806.004211,55428.144465,1.076751e+00,-1140.132546,589.394230,581.048303,0.974,0.200,0.039
771,0.771000,744234.148730,-688202.846560,56031.302170,1.077586e+00,-1140.132542,589.394237,581.048118,1.055,0.948,0.038
772,0.772000,744234.148784,-687600.647786,56633.500998,1.078420e+00,-1140.132539,589.394244,581.047933,1.059,0.196,0.051
773,0.773000,744234.148837,-686999.406947,57234.741890,1.079252e+00,-1140.132535,589.394252,581.047748,0.997,0.977,0.052
774,0.774000,744234.148890,-686399.123204,57835.025687,1.080083e+00,-1140.132531,589.394259,581.047564,0.992,5.203,0.050
775,0.775000,744234.148944,-685799.795717,58434.353226,1.080913e+00,-1140.132528,589.394267,581.047379,1.042,0.225,0.044
776,0.776000,744234.148997,-685201.423615,59032.725382,1.081742e+00,-1140.132524,589.394274,581.047194,1.000,2.444,0.048
777,0.777000,744234.149051,-684604.006027,59630.143024,1.082569e+00,-1140.132521,589.394281,581.047010,0.968,0.184,0.048
778,0.778000,744234.149104,-684007.542087,60226.607018,1.083395e+00,-1140.132517,589.394289,581.046825,1.004,0.191,0.052
779,0.779000,744234.149158,-683412.030956,60822.118202,1.084220e+00,-1140.132514,589.394296,581.046641,1.239,0.223,0.057
780,0.780000,744234.149212,-682817.471752,61416.677460,1.085043e+00,-1140.132510,589.394304,581.046457,0.999,3.096,0.041
781,0.781000,744234.149265,-682223.863626,62010.285639,1.085865e+00,-1140.132507,589.394311,581.046272,1.158,0.203,0.045
782,0.782000,744234.149319,-681631.205710,62602.943609,1.086686e+00,-1140.132503,589.394318,581.046088,1.213,1.201,0.045
783,0.783000,744234.149373,-681039.497134,63194.652239,1.087505e+00,-1140.132499,589.394326,581.045903,0.999,0.270,0.047
784,0.784000,744234.149426,-680448.737026,63785.412401,1.088323e+00,-1140.132496,589.394333,581.045719,1.136,0.843,0.047
785,0.785000,744234.149480,-679858.924481,64375.224999,1.089140e+00,-1140.132492,589.394340,581.045535,0.990,7.087,0.046
786,0.786000,744234.149534,-679270.058589,64964.090944,1.089955e+00,-1140.132489,589.394348,581.045350,1.112,0.234,0.047
787,0.787000,744234.149587,-678682.138427,65552.011161,1.090769e+00,-1140.132485,589.394355,581.045166,0.970,0.337,0.042
788,0.788000,744234.149641,-678095.163039,66138.986602,1.091582e+00,-1140.132481,589.394363,581.044982,0.974,0.240,0.042
789,0.789000,744234.149695,-677509.131436,66725.018258,1.092393e+00,-1140.132478,589.394370,581.044797,1.043,0.197,0.055
790,0.790000,744234.149748,-676924.042658,67310.107091,1.093203e+00,-1140.132474,589.394377,581.044613,0.973,0.183,0.052
791,0.791000,744234.149802,-676339.895600,67894.254201,1.094012e+00,-1140.132470,589.394385,581.044429,0.993,0.979,0.120
792,0.792000,744234.149855,-675756.689233,68477.460623,1.094820e+00,-1140.132466,589.394392,581.044244,1.038,0.999,0.052
793,0.793000,744234.149909,-675174.422494,69059.727415,1.095626e+00,-1140.132463,589.394400,581.044060,0.961,1.236,0.051
794,0.794000,744234.149963,-674593.094278,69641.055685,1.096431e+00,-1140.132459,589.394407,581.043876,0.960,0.486,0.047
795,0.795000,744234.150016,-674012.703442,70221.446574,1.097235e+00,-1140.132455,589.394414,581.043691,1.094,0.219,0.044
796,0.796000,744234.150070,-673433.248819,70800.901251,1.098037e+00,-1140.132452,589.394422,581.043507,0.981,0.186,0.048
797,0.797000,744234.150124,-672854.729150,71379.420973,1.098838e+00,-1140.132448,589.394429,581.043323,0.990,0.187,0.046
798,0.798000,744234.150177,-672277.143114,71957.007063,1.099638e+00,-1140.132444,589.394437,581.043138,1.091,0.216,0.051
799,0.799000,744234.150231,-671700.489318,72533.660912,1.100436e+00,-1140.132441,589.394444,581.042954,1.158,0.187,0.051
800,0.800000,744234.150284,-671124.766216,73109.384068,1.101234e+00,-1140.132437,589.394451,581.042770,1.654,0.213,0.053
801,0.801000,744234.150337,-670549.972247,73684.178091,1.102030e+00,-1140.132433,589.394459,581.042586,0.993,0.186,0.047
802,0.802000,744234.150391,-669976.105655,74258.044735,1.102824e+00,-1140.132429,589.394466,581.042402,0.992,0.181,0.044
803,0.803000,744234.150444,-669403.164596,74830.985848,1.103618e+00,-1140.132426,589.394474,581.042218,0.942,0.874,0.040
804,0.804000,744234.150497,-668831.147115,75403.003382,1.104410e+00,-1140.132422,589.394481,581.042034,0.972,0.395,0.048
805,0.805000,744234.150550,-668260.051179,75974.099371,1.105200e+00,-1140.132418,589.394488,581.041850,0.977,0.415,0.047
806,0.806000,744234.150603,-667689.874651,76544.275952,1.105990e+00,-1140.132415,589.394496,581.041666,0.963,18.382,0.047
807,0.807000,744234.150656,-667120.615363,77113.535292,1.106778e+00,-1140.132411,589.394503,581.041482,1.039,5.638,0.035
808,0.808000,744234.150709,-666552.271093,77681.879616,1.107565e+00,-1140.132407,589.394511,581.041298,1.117,0.227,0.052
809,0.809000,744234.150762,-665984.839553,78249.311209,1.108351e+00,-1140.132404,589.394518,581.041115,0.953,0.191,0.038
810,0.810000,744234.150815,-665418.318484,78815.832331,1.109135e+00,-1140.132400,589.394525,581.040931,0.960,5.818,0.047
811,0.811000,744234.150868,-664852.705610,79381.445258,1.109919e+00,-1140.132396,589.394533,581.040747,1.324,1.647,0.036
812,0.812000,744234.150921,-664287.998654,79946.152267,1.110700e+00,-1140.132393,589.394540,581.040563,0.975,0.742,0.042
813,0.813000,744234.150974,-663724.195287,80509.955688,1.111481e+00,-1140.132389,589.394548,581.040379,2.177,0.853,0.042
814,0.814000,744234.151027,-663161.293220,81072.857808,1.112261e+00,-1140.132385,589.394555,581.040195,0.966,0.184,0.049
815,0.815000,744234.151081,-662599.290002,81634.861078,1.113039e+00,-1140.132381,589.394562,581.040011,1.089,0.204,0.041
816,0.816000,744234.151134,-662038.183088,82195.968046,1.113816e+00,-1140.132378,589.394570,581.039827,0.997,0.420,0.042
817,0.817000,744234.151187,-661477.969845,82756.181342,1.114591e+00,-1140.132374,589.394577,581.039643,1.143,0.456,0.050
818,0.818000,744234.151240,-660918.647463,83315.503777,1.115366e+00,-1140.132370,589.394585,581.039460,1.018,0.631,0.039
819,0.819000,744234.151293,-660360.212988,83873.938305,1.116139e+00,-1140.132366,589.394592,581.039276,1.120,0.442,0.044
820,0.820000,744234.151346,-659802.663285,84431.488061,1.116911e+00,-1140.132363,589.394600,581.039092,1.010,0.189,0.048
821,0.821000,744234.151399,-659245.995151,84988.156248,1.117682e+00,-1140.132359,589.394607,581.038908,1.052,2.129,0.059
822,0.822000,744234.151452,-658690.205142,85543.946310,1.118452e+00,-1140.132355,589.394615,581.038725,1.137,1.091,0.056
823,0.823000,744234.151505,-658135.289776,86098.861729,1.119220e+00,-1140.132351,589.394622,581.038541,1.087,0.223,0.038
824,0.824000,744234.151559,-657581.245553,86652.906006,1.119987e+00,-1140.132347,589.394630,581.038357,1.021,0.196,0.054
825,0.825000,744234.151612,-657028.069019,87206.082593,1.120753e+00,-1140.132344,589.394637,581.038174,1.178,1.475,0.054
826,0.826000,744234.151665,-656475.756837,87758.394828,1.121518e+00,-1140.132340,589.394645,581.037991,0.981,0.182,0.042
827,0.827000,744234.151718,-655924.305753,88309.845966,1.122282e+00,-1140.132336,589.394652,581.037807,0.991,0.185,0.046
828,0.828000,744234.151772,-655373.712813,88860.438959,1.123044e+00,-1140.132332,589.394660,581.037624,1.001,0.381,0.049
829,0.829000,744234.151825,-654823.975223,89410.176602,1.123805e+00,-1140.132328,589.394667,581.037440,0.987,0.214,0.050
830,0.830000,744234.151878,-654275.090501,89959.061377,1.124565e+00,-1140.132324,589.394675,581.037257,1.689,0.223,0.045
831,0.831000,744234.151931,-653727.056389,90507.095543,1.125324e+00,-1140.132321,589.394682,581.037073,1.036,36.366,0.067
832,0.832000,744234.151985,-653179.870963,91054.281021,1.126082e+00,-1140.132317,589.394690,581.036890,1.060,0.980,0.041
833,0.833000,744234.152038,-652633.532412,91600.619626,1.126838e+00,-1140.132313,589.394697,581.036706,0.935,0.475,0.047
834,0.834000,744234.152091,-652088.039216,92146.112876,1.127594e+00,-1140.132309,589.394705,581.036523,1.004,0.420,0.060
835,0.835000,744234.152145,-651543.389897,92690.762248,1.128348e+00,-1140.132305,589.394712,581.036340,1.056,13.804,0.041
836,0.836000,744234.152198,-650999.583157,93234.569041,1.129101e+00,-1140.132301,589.394720,581.036156,1.290,0.235,0.070
837,0.837000,744234.152252,-650456.617786,93777.534465,1.129853e+00,-1140.132297,589.394728,581.035973,0.987,0.952,0.049
838,0.838000,744234.152305,-649914.492532,94319.659774,1.130603e+00,-1140.132294,589.394736,581.035790,1.011,0.187,0.048
839,0.839000,744234.152359,-649373.206160,94860.946199,1.131353e+00,-1140.132290,589.394743,581.035606,1.086,0.215,0.044
840,0.840000,744234.152413,-648832.757401,95401.395011,1.132101e+00,-1140.132286,589.394751,581.035423,1.056,0.227,0.055
841,0.841000,744234.152466,-648293.144989,95941.007477,1.132848e+00,-1140.132282,589.394759,581.035240,1.131,0.254,0.048
842,0.842000,744234.152520,-647754.367459,96479.785061,1.133594e+00,-1140.132278,589.394767,581.035056,1.146,0.190,0.046
843,0.843000,744234.152574,-647216.423365,97017.729208,1.134339e+00,-1140.132274,589.394774,581.034873,0.963,0.389,0.047
844,0.844000,744234.152627,-646679.311197,97554.841431,1.135083e+00,-1140.132270,589.394782,581.034690,1.163,0.190,0.049
845,0.845000,744234.152681,-646143.029334,98091.123347,1.135826e+00,-1140.132267,589.394790,581.034507,4.362,0.234,0.047
846,0.846000,744234.152735,-645607.576080,98626.576655,1.136567e+00,-1140.132263,589.394798,581.034323,0.972,2.073,0.050
847,0.847000,744234.152788,-645072.949642,99161.203146,1.137307e+00,-1140.132259,589.394805,581.034140,0.955,5.442,0.045
848,0.848000,744234.152842,-644539.148248,99695.004594,1.138046e+00,-1140.132255,589.394813,581.033957,0.994,0.192,0.046
849,0.849000,744234.152895,-644006.170031,100227.982864,1.138784e+00,-1140.132251,589.394821,581.033773,0.998,0.187,0.047
850,0.850000,744234.152949,-643474.013114,100760.139835,1.139521e+00,-1140.132247,589.394829,581.033590,0.997,0.190,0.051
851,0.851000,744234.153003,-642942.675561,101291.477443,1.140257e+00,-1140.132243,589.394836,581.033407,1.086,0.214,0.053
852,0.852000,744234.153057,-642412.155448,101821.997610,1.140992e+00,-1140.132239,589.394844,581.033224,0.996,32.041,0.042
853,0.853000,744234.153112,-641882.450844,102351.702268,1.141725e+00,-1140.132236,589.394852,581.033041,0.956,0.193,0.045
854,0.854000,744234.153166,-641353.559801,102880.593365,1.142458e+00,-1140.132232,589.394860,581.032859,1.014,0.204,0.065
855,0.855000,744234.153220,-640825.480366,103408.672854,1.143189e+00,-1140.132228,589.394867,581.032676,1.223,0.282,0.036
856,0.856000,744234.153274,-640298.210630,103935.942644,1.143919e+00,-1140.132224,589.394875,581.032493,1.062,0.222,0.047
857,0.857000,744234.153328,-639771.748702,104462.404626,1.144648e+00,-1140.132220,589.394883,581.032310,1.064,0.225,0.054
858,0.858000,744234.153383,-639246.092669,104988.060713,1.145376e+00,-1140.132216,589.394891,581.032127,1.265,0.295,0.066
859,0.859000,744234.153437,-638721.240660,105512.912777,1.146102e+00,-1140.132212,589.394899,581.031944,0.976,3.110,0.050
860,0.860000,744234.153491,-638197.190854,106036.962637,1.146828e+00,-1140.132209,589.394906,581.031761,1.052,0.206,0.055
861,0.861000,744234.153545,-637673.941423,106560.212122,1.147553e+00,-1140.132205,589.394914,581.031578,0.989,5.055,0.052
862,0.862000,744234.153599,-637151.490562,107082.663037,1.148276e+00,-1140.132201,589.394922,581.031395,1.070,0.372,0.047
863,0.863000,744234.153654,-636629.836562,107604.317092,1.148998e+00,-1140.132197,589.394930,581.031212,0.965,0.241,0.045
864,0.864000,744234.153708,-636108.977611,108125.176097,1.149720e+00,-1140.132193,589.394938,581.031030,2.152,0.255,0.102
865,0.865000,744234.153762,-635588.912091,108645.241671,1.150440e+00,-1140.132189,589.394946,581.030847,0.937,0.492,0.041
866,0.866000,744234.153816,-635069.638341,109164.515475,1.151159e+00,-1140.132185,589.394953,581.030664,0.975,1.256,0.044
867,0.867000,744234.153871,-634551.154803,109682.999067,1.151877e+00,-1140.132181,589.394961,581.030482,0.955,0.181,0.045
868,0.868000,744234.153925,-634033.459943,110200.693982,1.152594e+00,-1140.132178,589.394969,581.030299,0.990,0.246,0.048
869,0.869000,744234.153979,-633516.552278,110717.601701,1.153309e+00,-1140.132174,589.394977,581.030116,1.206,0.270,0.044
870,0.870000,744234.154034,-633000.430374,111233.723659,1.154024e+00,-1140.132170,589.394985,581.029934,1.187,0.191,0.044
871,0.871000,744234.154088,-632485.092843,111749.061245,1.154738e+00,-1140.132166,589.394992,581.029751,1.060,0.669,0.045
872,0.872000,744234.154142,-631970.538311,112263.615831,1.155450e+00,-1140.132162,589.395000,581.029568,1.039,0.203,0.049
873,0.873000,744234.154196,-631456.765453,112777.388744,1.156161e+00,-1140.132158,589.395008,581.029385,0.974,6.205,0.043
874,0.874000,744234.154251,-630943.772984,113290.381267,1.156872e+00,-1140.132154,589.395016,581.029203,1.073,0.201,0.040
875,0.875000,744234.154305,-630431.559609,113802.594696,1.157581e+00,-1140.132150,589.395024,581.029020,1.105,0.503,0.062
876,0.876000,744234.154359,-629920.123999,114314.030361,1.158289e+00,-1140.132147,589.395032,581.028837,0.933,0.508,0.040
877,0.877000,744234.154413,-629409.464858,114824.689555,1.158996e+00,-1140.132143,589.395039,581.028655,1.424,0.447,0.050
878,0.878000,744234.154468,-628899.580821,115334.573646,1.159702e+00,-1140.132139,589.395047,581.028472,0.983,0.189,0.054
879,0.879000,744234.154522,-628390.470538,115843.683984,1.160407e+00,-1140.132135,589.395055,581.028289,0.977,0.181,0.043
880,0.880000,744234.154576,-627882.132594,116352.021982,1.161111e+00,-1140.132131,589.395063,581.028107,1.203,0.255,0.051
881,0.881000,744234.154631,-627374.565574,116859.589057,1.161814e+00,-1140.132127,589.395071,581.027924,0.965,0.530,0.101
882,0.882000,744234.154685,-626867.768010,117366.386675,1.162516e+00,-1140.132123,589.395079,581.027741,1.138,0.828,0.044
883,0.883000,744234.154739,-626361.738480,117872.416259,1.163216e+00,-1140.132119,589.395087,581.027559,0.981,25.142,0.044
884,0.884000,744234.154793,-625856.475526,118377.679268,1.163916e+00,-1140.132115,589.395095,581.027376,0.986,0.187,0.047
885,0.885000,744234.154848,-625351.977735,118882.177113,1.164615e+00,-1140.132112,589.395102,581.027193,1.042,1.650,0.058
886,0.886000,744234.154902,-624848.243685,119385.911216,1.165312e+00,-1140.132108,589.395110,581.027011,1.103,0.208,0.055
887,0.887000,744234.154956,-624345.272007,119888.882949,1.166009e+00,-1140.132104,589.395118,581.026828,1.160,0.187,0.052
888,0.888000,744234.155010,-623843.061342,120391.093668,1.166704e+00,-1140.132100,589.395126,581.026646,1.008,22.644,0.138
889,0.889000,744234.155064,-623341.610319,120892.544746,1.167398e+00,-1140.132096,589.395134,581.026463,1.016,0.205,0.052
890,0.890000,744234.155119,-622840.917638,121393.237481,1.168092e+00,-1140.132092,589.395142,581.026281,0.994,0.506,0.051
891,0.891000,744234.155173,-622340.981946,121893.173226,1.168784e+00,-1140.132088,589.395149,581.026098,1.147,1.194,0.044
892,0.892000,744234.155227,-621841.801924,122392.353304,1.169475e+00,-1140.132084,589.395157,581.025916,0.963,0.182,0.051
893,0.893000,744234.155281,-621343.376295,122890.778986,1.170165e+00,-1140.132080,589.395165,581.025733,1.219,1.092,0.052
894,0.894000,744234.155336,-620845.703696,123388.451640,1.170854e+00,-1140.132076,589.395173,581.025551,1.125,0.268,0.105
895,0.895000,744234.155390,-620348.782794,123885.372596,1.171543e+00,-1140.132073,589.395181,581.025368,0.960,0.397,0.043
896,0.896000,744234.155444,-619852.612278,124381.543166,1.172230e+00,-1140.132069,589.395188,581.025186,0.983,0.193,0.047
897,0.897000,744234.155499,-619357.190834,124876.964665,1.172916e+00,-1140.132065,589.395196,581.025004,2.724,0.647,0.113
898,0.898000,744234.155553,-618862.517060,125371.638493,1.173601e+00,-1140.132061,589.395204,581.024821,1.102,0.263,0.056
899,0.899000,744234.155607,-618368.589686,125865.565922,1.174285e+00,-1140.132057,589.395212,581.024639,0.958,0.180,0.046
900,0.900000,744234.155662,-617875.407368,126358.748294,1.174967e+00,-1140.132053,589.395220,581.024456,1.007,5.796,0.054
901,0.901000,744234.155716,-617382.968811,126851.186905,1.175649e+00,-1140.132049,589.395228,581.024274,0.967,0.217,0.050
902,0.902000,744234.155770,-616891.272697,127342.883073,1.176330e+00,-1140.132045,589.395235,581.024092,0.991,0.222,0.048
903,0.903000,744234.155825,-616400.317779,127833.838045,1.177010e+00,-1140.132041,589.395243,581.023909,1.223,0.289,0.056
904,0.904000,744234.155879,-615910.102809,128324.053070,1.177689e+00,-1140.132037,589.395251,581.023727,0.977,0.208,0.050
905,0.905000,744234.155933,-615420.626522,128813.529411,1.178367e+00,-1140.132033,589.395259,581.023545,1.218,0.220,0.042
906,0.906000,744234.155988,-614931.887674,129302.268314,1.179043e+00,-1140.132030,589.395267,581.023362,1.270,0.435,0.051
907,0.907000,744234.156042,-614443.884997,129790.271045,1.179719e+00,-1140.132026,589.395274,581.023180,1.007,0.886,0.053
908,0.908000,744234.156096,-613956.617234,130277.538862,1.180394e+00,-1140.132022,589.395282,581.022998,1.104,0.213,0.050
909,0.909000,744234.156151,-613470.083082,130764.073069,1.181067e+00,-1140.132018,589.395290,581.022815,27.327,3.791,0.092
910,0.910000,744234.156205,-612984.281197,131249.875008,1.181740e+00,-1140.132014,589.395298,581.022633,0.966,0.183,0.041
911,0.911000,744234.156259,-612499.210170,131734.946090,1.182412e+00,-1140.132010,589.395306,581.022450,1.002,0.186,0.047
912,0.912000,744234.156314,-612014.868571,132219.287743,1.183082e+00,-1140.132006,589.395314,581.022268,1.047,0.433,0.059
913,0.913000,744234.156368,-611531.254821,132702.901547,1.183752e+00,-1140.132002,589.395321,581.022086,1.438,0.347,0.416
914,0.914000,744234.156422,-611048.367347,133185.789075,1.184421e+00,-1140.131998,589.395329,581.021903,1.171,0.574,0.056
915,0.915000,744234.156476,-610566.204432,133667.952044,1.185088e+00,-1140.131994,589.395337,581.021720,1.070,0.243,0.046
916,0.916000,744234.156529,-610084.764200,134149.392329,1.185755e+00,-1140.131990,589.395345,581.021538,14.850,2.058,0.046
917,0.917000,744234.156583,-609604.044731,134630.111852,1.186421e+00,-1140.131986,589.395353,581.021355,1.171,0.198,0.062
918,0.918000,744234.156637,-609124.043985,135110.112652,1.187085e+00,-1140.131982,589.395361,581.021173,1.074,0.347,0.059
919,0.919000,744234.156691,-608644.759805,135589.396886,1.187749e+00,-1140.131978,589.395368,581.020990,1.027,20.936,0.040
920,0.920000,744234.156745,-608166.189897,136067.966848,1.188412e+00,-1140.131974,589.395376,581.020808,0.959,0.177,0.047
921,0.921000,744234.156799,-607688.331908,136545.824891,1.189073e+00,-1140.131970,589.395384,581.020625,0.994,0.185,0.048
922,0.922000,744234.156853,-607211.183360,137022.973493,1.189734e+00,-1140.131966,589.395392,581.020443,1.166,0.223,0.048
923,0.923000,744234.156907,-606734.741709,137499.415197,1.190394e+00,-1140.131962,589.395400,581.020260,1.126,0.244,0.052
924,0.924000,744234.156961,-606259.004318,137975.152643,1.191053e+00,-1140.131958,589.395408,581.020078,1.073,0.225,0.047
925,0.925000,744234.157015,-605783.968485,138450.188530,1.191710e+00,-1140.131954,589.395416,581.019896,1.192,2.459,0.042
926,0.926000,744234.157069,-605309.631506,138924.525563,1.192367e+00,-1140.131950,589.395424,581.019713,9.785,10.810,0.647
927,0.927000,744234.157123,-604835.990576,139398.166547,1.193023e+00,-1140.131946,589.395431,581.019531,0.967,0.208,0.049
928,0.928000,744234.157179,-604363.042908,139871.114270,1.193678e+00,-1140.131942,589.395439,581.019349,1.046,0.227,0.058
929,0.929000,744234.157234,-603890.785697,140343.371537,1.194332e+00,-1140.131939,589.395447,581.019167,1.596,3.378,0.059
930,0.930000,744234.157289,-603419.216163,140814.941126,1.194985e+00,-1140.131935,589.395455,581.018985,0.983,0.209,0.064
931,0.931000,744234.157345,-602948.331540,141285.825805,1.195637e+00,-1140.131931,589.395463,581.018803,0.999,0.192,0.053
932,0.932000,744234.157400,-602478.129145,141756.028255,1.196288e+00,-1140.131927,589.395471,581.018621,1.146,1.194,0.048
933,0.933000,744234.157455,-602008.606318,142225.551138,1.196938e+00,-1140.131923,589.395479,581.018439,1.173,0.202,0.052
934,0.934000,744234.157511,-601539.760498,142694.397013,1.197587e+00,-1140.131919,589.395487,581.018257,1.025,0.273,0.053
935,0.935000,744234.157566,-601071.589244,143162.568322,1.198235e+00,-1140.131914,589.395494,581.018075,1.163,0.224,0.055
936,0.936000,744234.157621,-600604.090213,143630.067408,1.198883e+00,-1140.131910,589.395502,581.017893,1.138,0.427,0.054
937,0.937000,744234.157677,-600137.261236,144096.896440,1.199529e+00,-1140.131906,589.395510,581.017711,10.009,0.900,0.118
938,0.938000,744234.157732,-599671.100225,144563.057507,1.200175e+00,-1140.131902,589.395518,581.017529,1.111,0.700,0.045
939,0.939000,744234.157787,-599205.605290,145028.552498,1.200819e+00,-1140.131898,589.395526,581.017347,1.176,0.283,0.045
940,0.940000,744234.157843,-598740.774718,145493.383125,1.201463e+00,-1140.131894,589.395534,581.017166,1.136,0.206,0.068
941,0.941000,744234.157898,-598276.606963,145957.550935,1.202106e+00,-1140.131890,589.395542,581.016984,1.022,0.189,0.053
942,0.942000,744234.157954,-597813.100650,146421.057303,1.202747e+00,-1140.131886,589.395550,581.016802,1.030,2.095,0.059
943,0.943000,744234.158009,-597350.254617,146883.903392,1.203388e+00,-1140.131882,589.395557,581.016620,10.740,0.264,0.060
944,0.944000,744234.158065,-596888.067787,147346.090277,1.204028e+00,-1140.131878,589.395565,581.016438,1.214,0.333,0.072
945,0.945000,744234.158120,-596426.539282,147807.618838,1.204667e+00,-1140.131874,589.395573,581.016257,1.470,0.465,0.079
946,0.946000,744234.158176,-595965.668238,148268.489937,1.205306e+00,-1140.131870,589.395581,581.016075,0.953,0.211,0.044
947,0.947000,744234.158231,-595505.453925,148728.704306,1.205943e+00,-1140.131866,589.395589,581.015893,1.023,1.441,0.049
948,0.948000,744234.158287,-595045.895670,149188.262616,1.206579e+00,-1140.131862,589.395597,581.015712,1.064,0.204,0.049
949,0.949000,744234.158342,-594586.992707,149647.165635,1.207215e+00,-1140.131858,589.395605,581.015530,0.989,0.629,0.119
950,0.950000,744234.158398,-594128.744308,150105.414089,1.207849e+00,-1140.131854,589.395613,581.015348,1.311,0.216,0.045
951,0.951000,744234.158453,-593671.149632,150563.008821,1.208483e+00,-1140.131850,589.395620,581.015167,1.001,4.373,0.039
952,0.952000,744234.158509,-593214.207793,151019.950716,1.209115e+00,-1140.131846,589.395628,581.014985,0.990,51.058,0.041
953,0.953000,744234.158564,-592757.917752,151476.240812,1.209747e+00,-1140.131842,589.395636,581.014804,1.181,0.248,0.119
954,0.954000,744234.158620,-592302.278417,151931.880202,1.210378e+00,-1140.131838,589.395644,581.014622,1.183,0.254,0.049
955,0.955000,744234.158675,-591847.288612,152386.870064,1.211008e+00,-1140.131834,589.395652,581.014441,4.232,0.243,0.126
956,0.956000,744234.158731,-591392.947058,152841.211673,1.211637e+00,-1140.131830,589.395660,581.014259,0.978,1.750,0.047
957,0.957000,744234.158786,-590939.252423,153294.906363,1.212266e+00,-1140.131825,589.395668,581.014078,0.961,1.186,0.037
958,0.958000,744234.158842,-590486.203348,153747.955494,1.212893e+00,-1140.131821,589.395676,581.013897,4.612,1.008,0.061
959,0.959000,744234.158898,-590033.798479,154200.360419,1.213519e+00,-1140.131817,589.395684,581.013715,1.076,0.210,0.106
960,0.960000,744234.158954,-589582.036482,154652.122471,1.214145e+00,-1140.131813,589.395692,581.013534,0.972,0.213,0.043
961,0.961000,744234.159009,-589130.916051,155103.242958,1.214770e+00,-1140.131809,589.395700,581.013353,1.028,2.816,0.049
962,0.962000,744234.159065,-588680.435990,155553.723075,1.215393e+00,-1140.131805,589.395707,581.013172,1.048,0.192,0.049
963,0.963000,744234.159121,-588230.595181,156003.563940,1.216016e+00,-1140.131801,589.395715,581.012991,1.099,6.100,0.054
964,0.964000,744234.159176,-587781.392619,156452.766557,1.216638e+00,-1140.131797,589.395723,581.012810,1.218,0.206,0.052
965,0.965000,744234.159232,-587332.827318,156901.331914,1.217259e+00,-1140.131793,589.395731,581.012629,1.028,0.208,0.047
966,0.966000,744234.159288,-586884.898465,157349.260823,1.217880e+00,-1140.131789,589.395739,581.012447,1.005,0.458,0.112
967,0.967000,744234.159343,-586437.605287,157796.554056,1.218499e+00,-1140.131784,589.395747,581.012266,0.982,0.583,0.051
968,0.968000,744234.159399,-585990.947123,158243.212276,1.219117e+00,-1140.131780,589.395755,581.012085,1.096,0.241,0.057
969,0.969000,744234.159455,-585544.923327,158689.236127,1.219735e+00,-1140.131776,589.395763,581.011904,1.277,0.223,0.044
970,0.970000,744234.159511,-585099.533327,159134.626183,1.220352e+00,-1140.131772,589.395771,581.011723,1.003,0.185,0.043
971,0.971000,744234.159566,-584654.776529,159579.383037,1.220968e+00,-1140.131768,589.395779,581.011542,1.036,0.197,0.053
972,0.972000,744234.159622,-584210.652375,160023.507247,1.221583e+00,-1140.131764,589.395787,581.011360,1.280,0.799,0.125
973,0.973000,744234.159678,-583767.160245,160466.999433,1.222197e+00,-1140.131760,589.395795,581.011179,1.233,0.262,0.111
974,0.974000,744234.159733,-583324.299498,160909.860235,1.222810e+00,-1140.131756,589.395803,581.010998,1.056,0.200,0.050
975,0.975000,744234.159789,-582882.069388,161352.090401,1.223422e+00,-1140.131752,589.395811,581.010817,1.008,5.954,0.045
976,0.976000,744234.159845,-582440.469109,161793.690735,1.224034e+00,-1140.131748,589.395819,581.010636,1.146,12.510,0.053
977,0.977000,744234.159900,-581999.497743,162234.662158,1.224644e+00,-1140.131743,589.395827,581.010455,1.002,0.202,0.047
978,0.978000,744234.159956,-581559.154276,162675.005680,1.225254e+00,-1140.131739,589.395835,581.010274,1.133,0.243,0.056
979,0.979000,744234.160012,-581119.437583,163114.722428,1.225863e+00,-1140.131735,589.395843,581.010092,0.972,0.217,0.047
980,0.980000,744234.160067,-580680.346367,163553.813700,1.226471e+00,-1140.131731,589.395851,581.009911,0.995,0.220,0.048
981,0.981000,744234.160123,-580241.879231,163992.280892,1.227078e+00,-1140.131727,589.395859,581.009730,1.026,0.217,0.033
982,0.982000,744234.160179,-579804.034666,164430.125513,1.227684e+00,-1140.131723,589.395867,581.009549,1.019,0.195,0.050
983,0.983000,744234.160234,-579366.811080,164867.349154,1.228290e+00,-1140.131719,589.395875,581.009368,1.241,0.222,0.056
984,0.984000,744234.160290,-578930.206744,165303.953546,1.228894e+00,-1140.131715,589.395883,581.009187,1.327,0.231,0.057
985,0.985000,744234.160346,-578494.219913,165739.940432,1.229498e+00,-1140.131711,589.395891,581.009006,0.954,0.190,0.047
986,0.986000,744234.160401,-578058.848801,166175.311600,1.230101e+00,-1140.131706,589.395899,581.008824,1.004,0.196,0.048
987,0.987000,744234.160457,-577624.091649,166610.068808,1.230703e+00,-1140.131702,589.395907,581.008643,1.122,22.391,0.044
988,0.988000,744234.160513,-577189.946761,167044.213752,1.231304e+00,-1140.131698,589.395915,581.008462,1.197,0.295,0.050
989,0.989000,744234.160568,-576756.412491,167477.748077,1.231904e+00,-1140.131694,589.395923,581.008281,0.991,1.880,0.042
990,0.990000,744234.160624,-576323.487319,167910.673305,1.232504e+00,-1140.131690,589.395931,581.008100,0.980,2.539,0.041
991,0.991000,744234.160680,-575891.169864,168342.990816,1.233102e+00,-1140.131686,589.395939,581.007919,0.981,0.180,0.045
992,0.992000,744234.160735,-575459.458927,168774.701809,1.233700e+00,-1140.131682,589.395947,581.007738,0.977,0.382,0.053
993,0.993000,744234.160791,-575028.353431,169205.807360,1.234297e+00,-1140.131677,589.395955,581.007557,1.044,8.138,0.049
994,0.994000,744234.160847,-574597.852466,169636.308381,1.234893e+00,-1140.131673,589.395963,581.007376,1.039,0.201,0.050
995,0.995000,744234.160902,-574167.955266,170066.205636,1.235489e+00,-1140.131669,589.395971,581.007195,1.113,0.513,0.080
996,0.996000,744234.160958,-573738.661212,170495.499746,1.236083e+00,-1140.131665,589.395979,581.007014,1.117,0.189,0.063
997,0.997000,744234.161013,-573309.969718,170924.191295,1.236677e+00,-1140.131661,589.395987,581.006833,1.032,0.214,0.039
998,0.998000,744234.161069,-572881.880336,171352.280732,1.237269e+00,-1140.131657,589.395995,581.006652,0.961,0.185,0.037
999,0.999000,744234.161124,-572454.392621,171779.768503,1.237861e+00,-1140.131653,589.396003,581.006472,1.073,0.200,0.071
1000,1.000000,744234.161179,-572027.506177,172206.655001,1.238452e+00,-1140.131648,589.396012,581.006291,1.161,0.265,0.073
1001,1.001000,744234.161234,-571601.220627,172632.940607,1.239043e+00,-1140.131644,589.396020,581.006111,1.044,0.231,0.045
1002,1.002000,744234.161289,-571175.535525,173058.625764,1.239632e+00,-1140.131640,589.396028,581.005930,0.978,0.602,0.042
1003,1.003000,744234.161344,-570750.450427,173483.710917,1.240221e+00,-1140.131636,589.396036,581.005749,1.000,0.201,0.056
1004,1.004000,744234.161399,-570325.964872,173908.196527,1.240809e+00,-1140.131632,589.396044,581.005569,0.978,4.860,0.044
1005,1.005000,744234.161455,-569902.078315,174332.083140,1.241396e+00,-1140.131628,589.396052,581.005388,0.964,4.262,0.049
1006,1.006000,744234.161510,-569478.790185,174755.371325,1.241982e+00,-1140.131624,589.396060,581.005208,1.007,4.163,0.044
1007,1.007000,744234.161565,-569056.099854,175178.061711,1.242567e+00,-1140.131619,589.396068,581.005028,1.056,0.195,0.043
1008,1.008000,744234.161621,-568634.006650,175600.154970,1.243151e+00,-1140.131615,589.396076,581.004847,0.985,0.220,0.049
1009,1.009000,744234.161677,-568212.509801,176021.651876,1.243735e+00,-1140.131611,589.396084,581.004667,0.987,0.182,0.050
1010,1.010000,744234.161733,-567791.608487,176442.553246,1.244318e+00,-1140.131607,589.396092,581.004487,0.993,0.193,0.051
1011,1.011000,744234.161789,-567371.301833,176862.859957,1.244900e+00,-1140.131603,589.396100,581.004307,1.003,0.193,0.045
1012,1.012000,744234.161846,-566951.588866,177282.572979,1.245481e+00,-1140.131598,589.396109,581.004128,0.971,0.229,0.053
1013,1.013000,744234.161902,-566532.468549,177701.693353,1.246061e+00,-1140.131594,589.396117,581.003948,1.090,0.273,0.057
1014,1.014000,744234.161958,-566113.939791,178120.222168,1.246641e+00,-1140.131590,589.396125,581.003768,1.056,0.237,0.048
1015,1.015000,744234.162015,-565696.001417,178538.160598,1.247220e+00,-1140.131586,589.396133,581.003588,0.961,0.208,0.047
1016,1.016000,744234.162072,-565278.652180,178955.509892,1.247798e+00,-1140.131581,589.396141,581.003408,1.011,0.191,0.047
1017,1.017000,744234.162128,-564861.890767,179372.271361,1.248375e+00,-1140.131577,589.396149,581.003228,1.030,0.202,0.060
1018,1.018000,744234.162185,-564445.715830,179788.446355,1.248951e+00,-1140.131573,589.396157,581.003049,1.335,0.225,0.050
1019,1.019000,744234.162242,-564030.125929,180204.036313,1.249526e+00,-1140.131568,589.396165,581.002869,0.989,15.862,0.048
1020,1.020000,744234.162299,-563615.119604,180619.042695,1.250101e+00,-1140.131564,589.396173,581.002689,1.210,4.902,0.051
1021,1.021000,744234.162355,-563200.695319,181033.467036,1.250675e+00,-1140.131560,589.396182,581.002510,1.002,0.196,0.049
1022,1.022000,744234.162410,-562786.851534,181447.310877,1.251248e+00,-1140.131556,589.396190,581.002330,1.018,0.229,0.056
1023,1.023000,744234.162466,-562373.586680,181860.575786,1.251820e+00,-1140.131551,589.396198,581.002151,0.968,0.193,0.052
1024,1.024000,744234.162522,-561960.899167,182273.263355,1.252392e+00,-1140.131547,589.396206,581.001972,3.408,0.456,0.037
1025,1.025000,744234.162577,-561548.787426,182685.375151,1.252962e+00,-1140.131543,589.396214,581.001793,0.992,0.206,0.046
1026,1.026000,744234.162633,-561137.249854,183096.912779,1.253532e+00,-1140.131539,589.396222,581.001613,1.072,0.217,0.044
1027,1.027000,744234.162689,-560726.284866,183507.877823,1.254101e+00,-1140.131534,589.396230,581.001434,1.163,0.182,0.046
1028,1.028000,744234.162744,-560315.890876,183918.271868,1.254669e+00,-1140.131530,589.396238,581.001255,1.083,21.815,0.043
1029,1.029000,744234.162800,-559906.066303,184328.096497,1.255237e+00,-1140.131526,589.396247,581.001076,1.210,0.286,0.040
1030,1.030000,744234.162856,-559496.809580,184737.353275,1.255804e+00,-1140.131521,589.396255,581.000897,0.982,0.196,0.042
1031,1.031000,744234.162911,-559088.119131,185146.043780,1.256369e+00,-1140.131517,589.396263,581.000718,1.019,0.196,0.047
1032,1.032000,744234.162967,-558679.993321,185554.169646,1.256935e+00,-1140.131513,589.396271,581.000539,1.219,5.979,0.040
1033,1.033000,744234.163022,-558272.430527,185961.732495,1.257499e+00,-1140.131509,589.396279,581.000359,1.198,0.238,0.053
1034,1.034000,744234.163078,-557865.429083,186368.733995,1.258063e+00,-1140.131504,589.396287,581.000180,1.106,2.603,0.049
1035,1.035000,744234.163133,-557458.987328,186775.175805,1.258625e+00,-1140.131500,589.396295,581.000001,1.012,0.182,0.047
1036,1.036000,744234.163189,-557053.103537,187181.059651,1.259187e+00,-1140.131496,589.396304,580.999823,1.010,0.883,0.048
1037,1.037000,744234.163244,-556647.776019,187586.387225,1.259749e+00,-1140.131492,589.396312,580.999644,1.024,0.192,0.046
1038,1.038000,744234.163300,-556243.003100,187991.160200,1.260309e+00,-1140.131487,589.396320,580.999465,1.221,0.200,0.046
1039,1.039000,744234.163355,-555838.783178,188395.380177,1.260869e+00,-1140.131483,589.396328,580.999286,1.032,0.215,0.049
1040,1.040000,744234.163411,-555435.114680,188799.048731,1.261428e+00,-1140.131479,589.396336,580.999107,1.038,1.556,0.048
1041,1.041000,744234.163466,-555031.996205,189202.167261,1.261986e+00,-1140.131474,589.396344,580.998928,1.031,7.267,0.042
1042,1.042000,744234.163521,-554629.426465,189604.737057,1.262543e+00,-1140.131470,589.396352,580.998749,0.967,0.184,0.038
1043,1.043000,744234.163577,-554227.404414,190006.759163,1.263100e+00,-1140.131466,589.396361,580.998570,1.054,0.855,0.053
1044,1.044000,744234.163632,-553825.929177,190408.234455,1.263656e+00,-1140.131462,589.396369,580.998391,16.264,8.688,0.822
1045,1.045000,744234.163688,-553425.000096,190809.163592,1.264211e+00,-1140.131457,589.396377,580.998212,1.017,2.630,0.054
1046,1.046000,744234.163743,-553024.616766,191209.546978,1.264766e+00,-1140.131453,589.396385,580.998033,14.804,8.060,0.049
1047,1.047000,744234.163799,-552624.778901,191609.384897,1.265319e+00,-1140.131449,589.396393,580.997854,0.958,12.350,0.042
1048,1.048000,744234.163854,-552225.486397,192008.677457,1.265872e+00,-1140.131444,589.396402,580.997676,0.988,17.365,0.050
1049,1.049000,744234.163909,-551826.739218,192407.424692,1.266424e+00,-1140.131440,589.396410,580.997497,1.029,0.500,0.042
1050,1.050000,744234.163965,-551428.537412,192805.626553,1.266976e+00,-1140.131436,589.396418,580.997318,0.959,0.339,0.052
1051,1.051000,744234.164020,-551030.881039,193203.282981,1.267526e+00,-1140.131431,589.396426,580.997139,1.025,0.189,0.051
1052,1.052000,744234.164075,-550633.770073,193600.394002,1.268076e+00,-1140.131427,589.396435,580.996960,0.991,0.189,0.046
1053,1.053000,744234.164131,-550237.204449,193996.959681,1.268625e+00,-1140.131423,589.396443,580.996781,1.915,0.924,0.052
1054,1.054000,744234.164186,-549841.184004,194392.980182,1.269174e+00,-1140.131418,589.396451,580.996602,1.253,0.226,0.050
1055,1.055000,744234.164241,-549445.708463,194788.455778,1.269721e+00,-1140.131414,589.396459,580.996424,1.201,0.190,0.049
1056,1.056000,744234.164296,-549050.777417,195183.386879,1.270268e+00,-1140.131410,589.396467,580.996245,1.003,0.185,0.040
1057,1.057000,744234.164352,-548656.390348,195577.774004,1.270814e+00,-1140.131405,589.396476,580.996066,1.171,0.222,0.044
1058,1.058000,744234.164407,-548262.546605,195971.617801,1.271360e+00,-1140.131401,589.396484,580.995887,1.057,0.812,0.057
1059,1.059000,744234.164462,-547869.245485,196364.918977,1.271904e+00,-1140.131396,589.396492,580.995708,1.236,0.271,0.046
1060,1.060000,744234.164517,-547476.486195,196757.678323,1.272448e+00,-1140.131392,589.396500,580.995530,1.260,0.198,0.044
1061,1.061000,744234.164572,-547084.267869,197149.896703,1.272991e+00,-1140.131387,589.396509,580.995351,1.120,0.219,0.046
1062,1.062000,744234.164627,-546692.589602,197541.575025,1.273533e+00,-1140.131383,589.396517,580.995172,1.143,0.221,0.055
1063,1.063000,744234.164682,-546301.450456,197932.714226,1.274075e+00,-1140.131378,589.396525,580.994993,1.138,0.246,0.042
1064,1.064000,744234.164736,-545910.849421,198323.315314,1.274616e+00,-1140.131373,589.396533,580.994815,1.023,0.702,0.043
1065,1.065000,744234.164789,-545520.785490,198713.379299,1.275156e+00,-1140.131369,589.396541,580.994637,1.031,0.199,0.049
1066,1.066000,744234.164842,-545131.257595,199102.907247,1.275695e+00,-1140.131364,589.396550,580.994458,1.054,0.202,0.056
1067,1.067000,744234.164895,-544742.264615,199491.900280,1.276234e+00,-1140.131359,589.396558,580.994280,1.020,0.196,0.042
1068,1.068000,744234.164948,-544353.805336,199880.359612,1.276772e+00,-1140.131355,589.396566,580.994102,1.075,0.231,0.052
1069,1.069000,744234.165001,-543965.878479,200268.286522,1.277309e+00,-1140.131350,589.396574,580.993924,1.014,0.224,0.046
1070,1.070000,744234.165054,-543578.482667,200655.682387,1.277845e+00,-1140.131346,589.396582,580.993746,1.031,0.192,0.049
1071,1.071000,744234.165107,-543191.616444,201042.548663,1.278381e+00,-1140.131341,589.396590,580.993568,1.043,0.461,0.046
1072,1.072000,744234.165160,-542805.278227,201428.886933,1.278916e+00,-1140.131336,589.396598,580.993389,1.056,0.220,0.056
1073,1.073000,744234.165213,-542419.466382,201814.698832,1.279450e+00,-1140.131332,589.396606,580.993211,0.996,0.190,0.043
1074,1.074000,744234.165266,-542034.179215,202199.986052,1.279984e+00,-1140.131327,589.396614,580.993033,1.038,0.182,0.115
1075,1.075000,744234.165319,-541649.414993,202584.750327,1.280517e+00,-1140.131322,589.396622,580.992855,1.042,0.924,0.050
1076,1.076000,744234.165372,-541265.171920,202968.993452,1.281049e+00,-1140.131318,589.396630,580.992677,1.023,0.201,0.048
1077,1.077000,744234.165425,-540881.448252,203352.717173,1.281580e+00,-1140.131313,589.396639,580.992499,0.992,0.418,0.058
1078,1.078000,744234.165478,-540498.242261,203735.923217,1.282111e+00,-1140.131308,589.396647,580.992321,0.999,0.219,0.044
1079,1.079000,744234.165532,-540115.552240,204118.613291,1.282641e+00,-1140.131304,589.396655,580.992142,0.974,0.449,0.050
1080,1.080000,744234.165585,-539733.376505,204500.789080,1.283170e+00,-1140.131299,589.396663,580.991965,1.110,0.196,0.052
1081,1.081000,744234.165638,-539351.713451,204882.452188,1.283698e+00,-1140.131295,589.396671,580.991787,1.010,0.196,0.048
1082,1.082000,744234.165692,-538970.561537,205263.604155,1.284226e+00,-1140.131290,589.396679,580.991609,1.022,0.192,0.047
1083,1.083000,744234.165746,-538589.919283,205644.246463,1.284753e+00,-1140.131285,589.396687,580.991432,1.183,0.579,0.051
1084,1.084000,744234.165800,-538209.785216,206024.380583,1.285279e+00,-1140.131281,589.396695,580.991254,1.066,0.240,0.040
1085,1.085000,744234.165854,-537830.157943,206404.007911,1.285805e+00,-1140.131276,589.396703,580.991077,1.051,0.490,0.058
1086,1.086000,744234.165908,-537451.036073,206783.129835,1.286330e+00,-1140.131271,589.396711,580.990899,1.117,0.217,0.052
1087,1.087000,744234.165962,-537072.418271,207161.747691,1.286854e+00,-1140.131267,589.396719,580.990722,1.153,0.929,0.057
1088,1.088000,744234.166016,-536694.303250,207539.862766,1.287378e+00,-1140.131262,589.396728,580.990545,1.001,0.187,2.713
1089,1.089000,744234.166070,-536316.689696,207917.476374,1.287901e+00,-1140.131257,589.396736,580.990367,1.131,0.469,0.054
1090,1.090000,744234.166124,-535939.576361,208294.589763,1.288423e+00,-1140.131253,589.396744,580.990190,1.034,0.193,0.054
1091,1.091000,744234.166178,-535562.962005,208671.204173,1.288944e+00,-1140.131248,589.396752,580.990013,3.099,0.402,0.644
1092,1.092000,744234.166232,-535186.845426,209047.320806,1.289465e+00,-1140.131243,589.396760,580.989836,1.117,0.234,0.056
1093,1.093000,744234.166285,-534811.225486,209422.940799,1.289985e+00,-1140.131239,589.396768,580.989658,1.020,0.195,0.044
1094,1.094000,744234.166339,-534436.101031,209798.065309,1.290505e+00,-1140.131234,589.396776,580.989481,1.062,0.191,0.042
1095,1.095000,744234.166393,-534061.470982,210172.695412,1.291024e+00,-1140.131230,589.396784,580.989304,1.229,0.244,0.046
1096,1.096000,744234.166447,-533687.334277,210546.832170,1.291542e+00,-1140.131225,589.396792,580.989127,1.028,0.202,0.047
1097,1.097000,744234.166501,-533313.689931,210920.476570,1.292059e+00,-1140.131220,589.396801,580.988950,1.005,6.445,0.046
1098,1.098000,744234.166555,-532940.536936,211293.629619,1.292576e+00,-1140.131216,589.396809,580.988773,0.986,10.195,0.046
1099,1.099000,744234.166609,-532567.874319,211666.292290,1.293092e+00,-1140.131211,589.396817,580.988595,1.040,0.210,0.046
1100,1.100000,744234.166663,-532195.701131,212038.465532,1.293607e+00,-1140.131206,589.396825,580.988418,0.996,0.216,0.043
1101,1.101000,744234.166717,-531824.016453,212410.150264,1.294122e+00,-1140.131202,589.396833,580.988241,1.085,0.339,0.051
1102,1.102000,744234.166771,-531452.819352,212781.347419,1.294636e+00,-1140.131197,589.396842,580.988064,1.044,0.227,0.050
1103,1.103000,744234.166825,-531082.108929,213152.057896,1.295149e+00,-1140.131192,589.396850,580.987887,2.945,0.605,0.051
1104,1.104000,744234.166879,-530711.884301,213522.282577,1.295662e+00,-1140.131188,589.396858,580.987710,1.023,0.187,0.047
1105,1.105000,744234.166933,-530342.144610,213892.022323,1.296174e+00,-1140.131183,589.396866,580.987533,2.126,0.966,0.070
1106,1.106000,744234.166987,-529972.889028,214261.277959,1.296685e+00,-1140.131179,589.396874,580.987356,0.992,0.437,0.055
1107,1.107000,744234.167041,-529604.116756,214630.050285,1.297196e+00,-1140.131174,589.396883,580.987179,1.171,3.385,0.058
1108,1.108000,744234.167095,-529235.827029,214998.340065,1.297706e+00,-1140.131169,589.396891,580.987002,7.496,4.519,0.057
1109,1.109000,744234.167149,-528868.019116,215366.148033,1.298215e+00,-1140.131165,589.396899,580.986825,1.023,0.200,0.040
1110,1.110000,744234.167202,-528500.692346,215733.474856,1.298724e+00,-1140.131160,589.396907,580.986648,1.134,0.907,0.057
1111,1.111000,744234.167256,-528133.846079,216100.321177,1.299231e+00,-1140.131155,589.396916,580.986471,1.888,0.627,0.051
1112,1.112000,744234.167310,-527767.479712,216466.687598,1.299739e+00,-1140.131151,589.396924,580.986294,1.070,0.723,0.048
1113,1.113000,744234.167364,-527401.592723,216832.574641,1.300245e+00,-1140.131146,589.396932,580.986117,0.967,0.180,0.046
1114,1.114000,744234.167418,-527036.184605,217197.982813,1.300751e+00,-1140.131141,589.396940,580.985940,1.078,1.308,0.040
1115,1.115000,744234.167471,-526671.254899,217562.912573,1.301257e+00,-1140.131137,589.396948,580.985763,1.000,0.261,0.045
1116,1.116000,744234.167525,-526306.803200,217927.364325,1.301761e+00,-1140.131132,589.396956,580.985586,1.088,0.283,0.054
1117,1.117000,744234.167579,-525942.829147,218291.338432,1.302265e+00,-1140.131127,589.396964,580.985409,1.051,3.154,0.053
1118,1.118000,744234.167632,-525579.332383,218654.835250,1.302769e+00,-1140.131123,589.396972,580.985232,1.128,1.413,0.042
1119,1.119000,744234.167686,-525216.312576,219017.855111,1.303271e+00,-1140.131118,589.396980,580.985055,1.013,0.210,0.048
1120,1.120000,744234.167740,-524853.769404,219380.398336,1.303773e+00,-1140.131113,589.396988,580.984878,1.001,0.546,0.044
1121,1.121000,744234.167793,-524491.702548,219742.465246,1.304275e+00,-1140.131108,589.396996,580.984701,1.011,2.690,0.048
1122,1.122000,744234.167847,-524130.111685,220104.056162,1.304775e+00,-1140.131104,589.397004,580.984524,1.145,0.236,0.095
1123,1.123000,744234.167901,-523768.996462,220465.171439,1.305275e+00,-1140.131099,589.397012,580.984347,1.177,0.197,0.043
1124,1.124000,744234.167954,-523408.356537,220825.811418,1.305775e+00,-1140.131094,589.397020,580.984170,1.228,0.204,0.048
1125,1.125000,744234.168008,-523048.191556,221185.976452,1.306274e+00,-1140.131090,589.397028,580.983993,1.055,0.225,0.049
1126,1.126000,744234.168061,-522688.501139,221545.666923,1.306772e+00,-1140.131085,589.397036,580.983816,1.005,0.209,0.041
1127,1.127000,744234.168115,-522329.284830,221904.883285,1.307269e+00,-1140.131080,589.397044,580.983639,1.057,1.194,0.049
1128,1.128000,744234.168169,-521970.542182,222263.625986,1.307766e+00,-1140.131076,589.397052,580.983463,0.976,1.161,0.060
1129,1.129000,744234.168222,-521612.272687,222621.895535,1.308262e+00,-1140.131071,589.397060,580.983286,1.329,0.311,0.099
1130,1.130000,744234.168276,-521254.475837,222979.692439,1.308757e+00,-1140.131066,589.397068,580.983109,1.035,0.221,0.047
1131,1.131000,744234.168330,-520897.151064,223337.017265,1.309252e+00,-1140.131061,589.397076,580.982932,1.012,0.193,0.044
1132,1.132000,744234.168383,-520540.297746,223693.870637,1.309746e+00,-1140.131057,589.397084,580.982755,1.022,1.234,0.040
1133,1.133000,744234.168437,-520183.915254,224050.253182,1.310240e+00,-1140.131052,589.397092,580.982578,2.559,0.267,0.062
1134,1.134000,744234.168490,-519828.002921,224406.165570,1.310732e+00,-1140.131047,589.397100,580.982402,1.167,0.277,0.052
1135,1.135000,744234.168544,-519472.560032,224761.608512,1.311225e+00,-1140.131043,589.397108,580.982225,1.030,0.196,0.052
1136,1.136000,744234.168598,-519117.585861,225116.582736,1.311716e+00,-1140.131038,589.397116,580.982048,6.950,0.808,0.162
1137,1.137000,744234.168651,-518763.079656,225471.088995,1.312207e+00,-1140.131033,589.397124,580.981871,0.991,2.294,0.039
1138,1.138000,744234.168705,-518409.040605,225825.128100,1.312697e+00,-1140.131029,589.397132,580.981694,0.983,0.811,0.042
1139,1.139000,744234.168758,-518055.467915,226178.700843,1.313187e+00,-1140.131024,589.397140,580.981517,1.026,0.725,0.046
1140,1.140000,744234.168812,-517702.360739,226531.808073,1.313676e+00,-1140.131019,589.397148,580.981341,1.020,38.357,0.049
1141,1.141000,744234.168866,-517349.718247,226884.450620,1.314164e+00,-1140.131014,589.397156,580.981164,1.125,4.423,0.040
1142,1.142000,744234.168920,-516997.539529,227236.629391,1.314652e+00,-1140.131010,589.397164,580.980988,1.264,0.456,0.059
1143,1.143000,744234.168975,-516645.823698,227588.345277,1.315139e+00,-1140.131005,589.397172,580.980811,1.149,0.276,0.061
1144,1.144000,744234.169029,-516294.569838,227939.599191,1.315625e+00,-1140.131000,589.397180,580.980635,1.163,0.254,0.051
1145,1.145000,744234.169083,-515943.776994,228290.392088,1.316111e+00,-1140.130995,589.397188,580.980458,1.059,0.216,0.047
1146,1.146000,744234.169137,-515593.444228,228640.724909,1.316596e+00,-1140.130991,589.397196,580.980281,0.951,0.200,0.036
1147,1.147000,744234.169191,-515243.570577,228990.598614,1.317080e+00,-1140.130986,589.397204,580.980105,0.992,0.186,0.045
1148,1.148000,744234.169245,-514894.155056,229340.014189,1.317564e+00,-1140.130981,589.397212,580.979928,1.066,5.110,0.042
1149,1.149000,744234.169299,-514545.196658,229688.972642,1.318048e+00,-1140.130976,589.397220,580.979752,1.102,0.236,0.062
1150,1.150000,744234.169353,-514196.694356,230037.474997,1.318530e+00,-1140.130972,589.397228,580.979575,1.027,0.192,0.042
1151,1.151000,744234.169407,-513848.647132,230385.522275,1.319012e+00,-1140.130967,589.397236,580.979399,0.992,0.833,0.041
1152,1.152000,744234.169462,-513501.053943,230733.115518,1.319493e+00,-1140.130962,589.397244,580.979222,1.022,0.257,0.051
1153,1.153000,744234.169516,-513153.913690,231080.255825,1.319974e+00,-1140.130957,589.397252,580.979046,0.973,2.533,0.046
1154,1.154000,744234.169570,-512807.225326,231426.944244,1.320454e+00,-1140.130952,589.397260,580.978869,1.005,0.201,0.051
1155,1.155000,744234.169624,-512460.987731,231773.181893,1.320934e+00,-1140.130948,589.397268,580.978693,1.141,0.250,0.068
1156,1.156000,744234.169678,-512115.199784,232118.969894,1.321412e+00,-1140.130943,589.397276,580.978516,1.032,0.732,0.063
1157,1.157000,744234.169732,-511769.860352,232464.309381,1.321890e+00,-1140.130938,589.397284,580.978340,0.994,0.407,0.052
1158,1.158000,744234.169787,-511424.968248,232809.201539,1.322368e+00,-1140.130933,589.397292,580.978164,1.076,0.226,0.048
1159,1.159000,744234.169841,-511080.522290,233153.647551,1.322845e+00,-1140.130929,589.397300,580.977987,1.189,11.921,0.052
1160,1.160000,744234.169895,-510736.521279,233497.648616,1.323321e+00,-1140.130924,589.397308,580.977811,1.277,0.245,0.047
1161,1.161000,744234.169949,-510392.963981,233841.205968,1.323797e+00,-1140.130919,589.397316,580.977634,1.086,0.649,0.038
1162,1.162000,744234.170003,-510049.849154,234184.320850,1.324272e+00,-1140.130914,589.397324,580.977458,1.050,0.246,0.047
1163,1.163000,744234.170057,-509707.175546,234526.994511,1.324747e+00,-1140.130909,589.397332,580.977282,0.986,0.731,0.045
1164,1.164000,744234.170111,-509364.941921,234869.228189,1.325221e+00,-1140.130904,589.397340,580.977105,1.051,0.206,0.050
1165,1.165000,744234.170165,-509023.146990,235211.023175,1.325694e+00,-1140.130899,589.397348,580.976929,1.071,0.525,0.050
1166,1.166000,744234.170218,-508681.789506,235552.380712,1.326167e+00,-1140.130894,589.397356,580.976752,1.003,0.842,0.055
1167,1.167000,744234.170272,-508340.868225,235893.302048,1.326639e+00,-1140.130889,589.397364,580.976576,1.020,0.459,0.052
1168,1.168000,744234.170326,-508000.381944,236233.788382,1.327110e+00,-1140.130884,589.397372,580.976400,1.043,0.195,0.049
1169,1.169000,744234.170380,-507660.329511,236573.840869,1.327581e+00,-1140.130879,589.397380,580.976223,1.401,0.486,0.052
1170,1.170000,744234.170434,-507320.709782,236913.460651,1.328051e+00,-1140.130874,589.397388,580.976047,0.981,0.215,0.047
1171,1.171000,744234.170487,-506981.521715,237252.648773,1.328521e+00,-1140.130869,589.397396,580.975870,1.244,0.198,0.053
1172,1.172000,744234.170541,-506642.764307,237591.406234,1.328990e+00,-1140.130864,589.397404,580.975694,2.308,1.073,0.775
1173,1.173000,744234.170595,-506304.436579,237929.734016,1.329458e+00,-1140.130859,589.397412,580.975517,1.171,0.204,0.048
1174,1.174000,744234.170650,-505966.537707,238267.632943,1.329926e+00,-1140.130853,589.397419,580.975341,1.128,1.991,0.041
1175,1.175000,744234.170704,-505629.066901,238605.103803,1.330394e+00,-1140.130848,589.397427,580.975165,0.991,0.391,0.052
1176,1.176000,744234.170758,-505292.023479,238942.147278,1.330860e+00,-1140.130843,589.397435,580.974988,1.102,0.574,0.066
1177,1.177000,744234.170812,-504955.406800,239278.764012,1.331326e+00,-1140.130838,589.397443,580.974812,1.252,0.216,0.053
1178,1.178000,744234.170866,-504619.216317,239614.954549,1.331792e+00,-1140.130833,589.397451,580.974635,1.042,0.195,0.048
1179,1.179000,744234.170920,-504283.451532,239950.719389,1.332257e+00,-1140.130828,589.397458,580.974459,1.013,0.774,0.037
1180,1.180000,744234.170976,-503948.112004,240286.058972,1.332721e+00,-1140.130823,589.397466,580.974282,1.044,0.194,0.056
1181,1.181000,744234.171031,-503613.197362,240620.973670,1.333185e+00,-1140.130817,589.397474,580.974106,1.025,0.516,0.059
1182,1.182000,744234.171086,-503278.707231,240955.463856,1.333648e+00,-1140.130812,589.397482,580.973929,1.086,0.223,0.047
1183,1.183000,744234.171142,-502944.641326,241289.529815,1.334111e+00,-1140.130807,589.397490,580.973752,0.979,0.602,0.048
1184,1.184000,744234.171197,-502610.999347,241623.171850,1.334573e+00,-1140.130802,589.397497,580.973576,1.105,0.413,0.057
1185,1.185000,744234.171252,-502277.781003,241956.390249,1.335034e+00,-1140.130797,589.397505,580.973399,1.128,0.201,0.049
1186,1.186000,744234.171308,-501944.986034,242289.185274,1.335495e+00,-1140.130792,589.397513,580.973223,1.098,0.207,0.051
1187,1.187000,744234.171363,-501612.614134,242621.557229,1.335955e+00,-1140.130786,589.397521,580.973046,1.043,0.189,0.041
1188,1.188000,744234.171418,-501280.665008,242953.506410,1.336415e+00,-1140.130781,589.397528,580.972870,1.020,0.189,0.050
1189,1.189000,744234.171472,-500949.138361,243285.033110,1.336874e+00,-1140.130776,589.397536,580.972694,1.212,0.263,0.060
1190,1.190000,744234.171523,-500618.033840,243616.137683,1.337332e+00,-1140.130771,589.397544,580.972518,1.140,0.406,0.049
1191,1.191000,744234.171574,-500287.351075,243946.820499,1.337790e+00,-1140.130766,589.397552,580.972342,1.349,0.529,0.062
1192,1.192000,744234.171626,-499957.089640,244277.081985,1.338248e+00,-1140.130761,589.397560,580.972167,1.053,0.255,0.047
1193,1.193000,744234.171677,-499627.249105,244606.922572,1.338704e+00,-1140.130756,589.397567,580.971991,1.184,0.598,0.050
1194,1.194000,744234.171729,-499297.828955,244936.342773,1.339160e+00,-1140.130750,589.397575,580.971816,1.313,0.221,0.063
1195,1.195000,744234.171780,-498968.828649,245265.343131,1.339616e+00,-1140.130745,589.397583,580.971640,1.105,0.513,0.047
1196,1.196000,744234.171831,-498640.247565,245593.924266,1.340071e+00,-1140.130740,589.397591,580.971465,1.420,0.259,0.057
1197,1.197000,744234.171883,-498312.085067,245922.086816,1.340525e+00,-1140.130735,589.397598,580.971289,1.044,0.193,0.043
1198,1.198000,744234.171934,-497984.340433,246249.831501,1.340979e+00,-1140.130730,589.397606,580.971114,1.031,0.671,0.043
1199,1.199000,744234.171986,-497657.012890,246577.159096,1.341432e+00,-1140.130725,589.397614,580.970939,1.160,0.229,0.071
1200,1.200000,744234.172037,-497330.101598,246904.070439,1.341885e+00,-1140.130720,589.397622,580.970763,0.992,0.436,0.048
1201,1.201000,744234.172088,-497003.605693,247230.566395,1.342337e+00,-1140.130714,589.397630,580.970588,7.329,0.895,0.046
1202,1.202000,744234.172140,-496677.524215,247556.647924,1.342789e+00,-1140.130709,589.397637,580.970413,1.020,5.805,0.048
1203,1.203000,744234.172191,-496351.856174,247882.316017,1.343240e+00,-1140.130704,589.397645,580.970237,1.269,1.031,0.067
1204,1.204000,744234.172242,-496026.600511,248207.571731,1.343690e+00,-1140.130699,589.397653,580.970062,1.036,0.188,0.047
1205,1.205000,744234.172294,-495701.756131,248532.416163,1.344140e+00,-1140.130694,589.397661,580.969887,1.005,0.195,0.053
1206,1.206000,744234.172345,-495377.321903,248856.850442,1.344589e+00,-1140.130689,589.397669,580.969711,1.111,1.195,0.045
1207,1.207000,744234.172396,-495053.296656,249180.875740,1.345038e+00,-1140.130683,589.397676,580.969536,1.152,0.179,0.050
1208,1.208000,744234.172447,-494729.679222,249504.493225,1.345486e+00,-1140.130678,589.397684,580.969361,1.211,0.643,0.045
1209,1.209000,744234.172499,-494406.468423,249827.704075,1.345933e+00,-1140.130673,589.397692,580.969185,1.400,1.420,0.063
1210,1.210000,744234.172550,-494083.663072,250150.509478,1.346380e+00,-1140.130668,589.397700,580.969010,0.960,0.180,0.045
1211,1.211000,744234.172601,-493761.261979,250472.910622,1.346827e+00,-1140.130663,589.397707,580.968835,1.012,0.197,0.054
1212,1.212000,744234.172652,-493439.263990,250794.908662,1.347273e+00,-1140.130658,589.397715,580.968660,1.077,0.195,0.044
1213,1.213000,744234.172704,-493117.667959,251116.504745,1.347718e+00,-1140.130652,589.397723,580.968484,1.125,4.084,0.081
1214,1.214000,744234.172755,-492796.472781,251437.699974,1.348163e+00,-1140.130647,589.397731,580.968309,1.107,1.356,0.045
1215,1.215000,744234.172806,-492475.677353,251758.495453,1.348607e+00,-1140.130642,589.397738,580.968134,1.197,0.347,0.052
1216,1.216000,744234.172857,-492155.280620,252078.892237,1.349051e+00,-1140.130637,589.397746,580.967959,1.167,0.234,0.040
1217,1.217000,744234.172909,-491835.281529,252398.891379,1.349494e+00,-1140.130632,589.397754,580.967783,1.124,0.188,0.047
1218,1.218000,744234.172960,-491515.679061,252718.493899,1.349936e+00,-1140.130627,589.397762,580.967608,1.098,0.214,0.048
1219,1.219000,744234.173011,-491196.472183,253037.700828,1.350378e+00,-1140.130622,589.397769,580.967433,1.062,0.215,0.041
1220,1.220000,744234.173062,-490877.659846,253356.513216,1.350820e+00,-1140.130616,589.397777,580.967258,0.989,0.186,0.040
1221,1.221000,744234.173113,-490559.241044,253674.932070,1.351261e+00,-1140.130611,589.397785,580.967082,1.072,0.193,0.051
1222,1.222000,744234.173165,-490241.214755,253992.958410,1.351701e+00,-1140.130606,589.397793,580.966907,1.086,0.271,0.039
1223,1.223000,744234.173216,-489923.579966,254310.593250,1.352141e+00,-1140.130601,589.397801,580.966732,1.101,4.694,0.047
1224,1.224000,744234.173267,-489606.335679,254627.837588,1.352580e+00,-1140.130596,589.397808,580.966557,1.312,0.254,0.062
1225,1.225000,744234.173318,-489289.480955,254944.692364,1.353019e+00,-1140.130591,589.397816,580.966382,1.057,0.193,0.048
1226,1.226000,744234.173370,-488973.014887,255261.158483,1.353457e+00,-1140.130585,589.397824,580.966206,1.356,1.080,0.054
1227,1.227000,744234.173421,-488656.936628,255577.236793,1.353895e+00,-1140.130580,589.397832,580.966031,1.133,0.418,0.074
1228,1.228000,744234.173472,-488341.245393,255892.928079,1.354332e+00,-1140.130575,589.397840,580.965856,1.322,0.781,0.050
1229,1.229000,744234.173523,-488025.940502,256208.233022,1.354768e+00,-1140.130570,589.397848,580.965681,2.766,2.380,0.048
1230,1.230000,744234.173575,-487711.021330,256523.152245,1.355204e+00,-1140.130565,589.397855,580.965506,1.144,1.167,0.045
1231,1.231000,744234.173626,-487396.487377,256837.686249,1.355640e+00,-1140.130560,589.397863,580.965330,1.315,0.228,0.057
1232,1.232000,744234.173677,-487082.338164,257151.835513,1.356075e+00,-1140.130554,589.397871,580.965155,0.996,0.212,0.050
1233,1.233000,744234.173729,-486768.573354,257465.600374,1.356509e+00,-1140.130549,589.397879,580.964980,1.190,0.771,0.054
1234,1.234000,744234.173780,-486455.192611,257778.981169,1.356943e+00,-1140.130544,589.397887,580.964805,1.010,0.189,0.045
1235,1.235000,744234.173831,-486142.195633,258091.978199,1.357377e+00,-1140.130539,589.397894,580.964630,1.018,0.205,0.057
1236,1.236000,744234.173883,-485829.582152,258404.591731,1.357810e+00,-1140.130533,589.397902,580.964455,1.008,0.185,0.047
1237,1.237000,744234.173934,-485517.351908,258716.822026,1.358242e+00,-1140.130528,589.397910,580.964280,1.009,0.618,0.053
1238,1.238000,744234.173986,-485205.504604,259028.669382,1.358674e+00,-1140.130523,589.397918,580.964105,1.014,0.190,0.047
1239,1.239000,744234.174038,-484894.039929,259340.134109,1.359105e+00,-1140.130518,589.397926,580.963931,1.015,0.197,0.046
1240,1.240000,744234.174090,-484582.957528,259651.216562,1.359536e+00,-1140.130512,589.397933,580.963756,1.020,0.192,0.044
1241,1.241000,744234.174142,-484272.257041,259961.917101,1.359966e+00,-1140.130507,589.397941,580.963582,1.084,0.667,0.049
1242,1.242000,744234.174193,-483961.938009,260272.236184,1.360396e+00,-1140.130502,589.397949,580.963407,1.626,0.954,0.183
1243,1.243000,744234.174245,-483651.999927,260582.174318,1.360825e+00,-1140.130496,589.397957,580.963232,1.150,0.229,0.060
1244,1.244000,744234.174297,-483342.442260,260891.732037,1.361254e+00,-1140.130491,589.397965,580.963058,1.010,0.193,0.046
1245,1.245000,744234.174349,-483033.264443,261200.909906,1.361682e+00,-1140.130486,589.397972,580.962883,1.061,0.221,0.048
1246,1.246000,744234.174401,-482724.465817,261509.708583,1.362109e+00,-1140.130481,589.397980,580.962709,1.127,0.226,0.050
1247,1.247000,744234.174453,-482416.045745,261818.128707,1.362536e+00,-1140.130475,589.397988,580.962534,0.967,0.669,0.043
1248,1.248000,744234.174505,-482108.003507,262126.170998,1.362963e+00,-1140.130470,589.397996,580.962360,1.469,0.607,0.055
1249,1.249000,744234.174557,-481800.338380,262433.836178,1.363389e+00,-1140.130465,589.398004,580.962186,1.030,0.196,0.046
1250,1.250000,744234.174610,-481493.049630,262741.124980,1.363814e+00,-1140.130460,589.398011,580.962012,1.917,0.481,0.129
1251,1.251000,744234.174662,-481186.136496,263048.038166,1.364239e+00,-1140.130454,589.398019,580.961838,1.139,0.496,0.053
1252,1.252000,744234.174714,-480879.598205,263354.576509,1.364664e+00,-1140.130449,589.398027,580.961664,0.997,0.185,0.049
1253,1.253000,744234.174767,-480573.433955,263660.740813,1.365088e+00,-1140.130444,589.398035,580.961489,1.124,0.405,0.049
1254,1.254000,744234.174821,-480267.642962,263966.531859,1.365511e+00,-1140.130438,589.398043,580.961315,1.220,0.195,0.048
1255,1.255000,744234.174875,-479962.224472,264271.950403,1.365934e+00,-1140.130433,589.398050,580.961140,0.990,0.526,0.047
1256,1.256000,744234.174928,-479657.177678,264576.997250,1.366357e+00,-1140.130428,589.398058,580.960966,1.073,0.629,0.048
1257,1.257000,744234.174982,-479352.501817,264881.673165,1.366778e+00,-1140.130423,589.398066,580.960791,0.979,0.190,0.048
1258,1.258000,744234.175036,-479048.196111,265185.978925,1.367200e+00,-1140.130417,589.398074,580.960617,0.983,12.009,0.046
1259,1.259000,744234.175090,-478744.259779,265489.915310,1.367621e+00,-1140.130412,589.398082,580.960442,0.982,0.873,0.049
1260,1.260000,744234.175143,-478440.692071,265793.483072,1.368041e+00,-1140.130407,589.398090,580.960268,0.999,0.200,0.059
1261,1.261000,744234.175197,-478137.492230,266096.682967,1.368461e+00,-1140.130401,589.398097,580.960094,1.024,0.765,0.049
1262,1.262000,744234.175251,-477834.659489,266399.515762,1.368880e+00,-1140.130396,589.398105,580.959919,1.093,0.633,0.049
1263,1.263000,744234.175304,-477532.193114,266701.982191,1.369299e+00,-1140.130391,589.398113,580.959745,1.269,0.865,0.051
1264,1.264000,744234.175358,-477230.092354,267004.083004,1.369717e+00,-1140.130386,589.398121,580.959570,0.987,3.319,0.055
1265,1.265000,744234.175412,-476928.356479,267305.818932,1.370135e+00,-1140.130380,589.398129,580.959396,1.102,0.228,0.045
1266,1.266000,744234.175465,-476626.984745,267607.190721,1.370552e+00,-1140.130375,589.398136,580.959222,1.066,0.210,0.056
1267,1.267000,744234.175519,-476325.976456,267908.199063,1.370969e+00,-1140.130370,589.398144,580.959047,1.084,0.430,0.058
1268,1.268000,744234.175573,-476025.330902,268208.844671,1.371386e+00,-1140.130364,589.398152,580.958873,1.138,3.530,0.059
1269,1.269000,744234.175626,-475725.047385,268509.128241,1.371801e+00,-1140.130359,589.398160,580.958699,1.196,4.106,0.052
1270,1.270000,744234.175680,-475425.125205,268809.050475,1.372217e+00,-1140.130354,589.398168,580.958524,0.987,0.228,0.048
1271,1.271000,744234.175733,-475125.563700,269108.612034,1.372631e+00,-1140.130349,589.398175,580.958350,1.017,2.604,0.050
1272,1.272000,744234.175787,-474826.362219,269407.813568,1.373046e+00,-1140.130343,589.398183,580.958175,1.182,0.188,0.039
1273,1.273000,744234.175840,-474527.520093,269706.655747,1.373460e+00,-1140.130338,589.398191,580.958001,0.960,0.184,0.048
1274,1.274000,744234.175894,-474229.036718,270005.139176,1.373873e+00,-1140.130333,589.398199,580.957826,1.168,0.619,0.053
1275,1.275000,744234.175947,-473930.911448,270303.264499,1.374286e+00,-1140.130328,589.398207,580.957652,1.197,1.451,0.050
1276,1.276000,744234.176000,-473633.143687,270601.032314,1.374698e+00,-1140.130322,589.398215,580.957477,1.208,1.798,0.052
1277,1.277000,744234.176054,-473335.732828,270898.443226,1.375110e+00,-1140.130317,589.398222,580.957303,1.681,4.846,0.053
1278,1.278000,744234.176107,-473038.678229,271195.497878,1.375521e+00,-1140.130312,589.398230,580.957128,2.893,0.973,0.125
1279,1.279000,744234.176160,-472741.979276,271492.196885,1.375932e+00,-1140.130306,589.398238,580.956953,1.671,1.562,0.080
1280,1.280000,744234.176214,-472445.635363,271788.540851,1.376342e+00,-1140.130301,589.398246,580.956779,1.069,0.237,0.043
1281,1.281000,744234.176267,-472149.645811,272084.530456,1.376752e+00,-1140.130296,589.398254,580.956604,0.985,0.674,0.047
1282,1.282000,744234.176321,-471854.009993,272380.166328,1.377161e+00,-1140.130290,589.398261,580.956430,10.943,0.999,0.826
1283,1.283000,744234.176374,-471558.727245,272675.449129,1.377570e+00,-1140.130285,589.398269,580.956255,2.040,1.152,0.060
1284,1.284000,744234.176428,-471263.796875,272970.379553,1.377979e+00,-1140.130280,589.398277,580.956081,1.515,0.420,0.065
1285,1.285000,744234.176481,-470969.218158,273264.958323,1.378387e+00,-1140.130275,589.398285,580.955906,1.137,1.009,0.059
1286,1.286000,744234.176534,-470674.990364,273559.186170,1.378794e+00,-1140.130269,589.398292,580.955732,1.100,0.261,0.054
1287,1.287000,744234.176588,-470381.112749,273853.063838,1.379201e+00,-1140.130264,589.398300,580.955557,1.428,2.088,0.049
1288,1.288000,744234.176641,-470087.584521,274146.592120,1.379607e+00,-1140.130259,589.398308,580.955383,1.278,0.239,0.043
1289,1.289000,744234.176695,-469794.404905,274439.771789,1.380013e+00,-1140.130253,589.398316,580.955208,0.994,0.539,0.052
1290,1.290000,744234.176748,-469501.573092,274732.603656,1.380419e+00,-1140.130248,589.398324,580.955034,1.125,0.326,0.046
1291,1.291000,744234.176801,-469209.088241,275025.088561,1.380824e+00,-1140.130242,589.398331,580.954859,0.998,0.183,0.048
1292,1.292000,744234.176855,-468916.949520,275317.227335,1.381228e+00,-1140.130237,589.398339,580.954685,1.090,0.226,0.048
1293,1.293000,744234.176908,-468625.156072,275609.020837,1.381632e+00,-1140.130232,589.398347,580.954510,1.175,0.688,0.050
1294,1.294000,744234.176962,-468333.707042,275900.469920,1.382036e+00,-1140.130226,589.398355,580.954336,1.118,0.228,0.040
1295,1.295000,744234.177015,-468042.601567,276191.575448,1.382439e+00,-1140.130221,589.398362,580.954161,1.077,0.338,0.049
1296,1.296000,744234.177068,-467751.838814,276482.338255,1.382842e+00,-1140.130216,589.398370,580.953987,1.042,0.214,0.052
1297,1.297000,744234.177122,-467461.417913,276772.759209,1.383244e+00,-1140.130210,589.398378,580.953812,1.110,0.679,0.054
1298,1.298000,744234.177175,-467171.338045,277062.839131,1.383646e+00,-1140.130205,589.398385,580.953638,0.996,3.722,0.043
1299,1.299000,744234.177229,-466881.598366,277352.578863,1.384047e+00,-1140.130200,589.398393,580.953463,0.997,1.570,0.052
1300,1.300000,744234.177282,-466592.198089,277641.979193,1.384447e+00,-1140.130194,589.398401,580.953289,1.062,0.754,0.055
1301,1.301000,744234.177336,-466303.136456,277931.040880,1.384848e+00,-1140.130189,589.398409,580.953114,1.281,0.459,0.055
1302,1.302000,744234.177389,-466014.412721,278219.764668,1.385248e+00,-1140.130184,589.398416,580.952940,0.980,0.407,0.045
1303,1.303000,744234.177443,-465726.026174,278508.151269,1.385647e+00,-1140.130178,589.398424,580.952766,1.119,0.221,0.056
1304,1.304000,744234.177496,-465437.976121,278796.201375,1.386046e+00,-1140.130173,589.398432,580.952591,1.126,1.135,0.055
1305,1.305000,744234.177550,-465150.261952,279083.915598,1.386444e+00,-1140.130167,589.398439,580.952417,0.987,13.997,0.045
1306,1.306000,744234.177603,-464862.883033,279371.294571,1.386842e+00,-1140.130162,589.398447,580.952243,1.036,0.193,0.058
1307,1.307000,744234.177657,-464575.838821,279658.338836,1.387239e+00,-1140.130157,589.398455,580.952068,1.269,0.880,0.073
1308,1.308000,744234.177710,-464289.128765,279945.048945,1.387637e+00,-1140.130151,589.398463,580.951894,3.555,0.806,0.052
1309,1.309000,744234.177764,-464002.752371,280231.425392,1.388033e+00,-1140.130146,589.398470,580.951720,0.974,0.208,0.040
1310,1.310000,744234.177817,-463716.709180,280517.468637,1.388429e+00,-1140.130141,589.398478,580.951545,1.062,0.192,0.048
1311,1.311000,744234.177871,-463430.998795,280803.179076,1.388825e+00,-1140.130135,589.398486,580.951371,0.973,0.424,0.042
1312,1.312000,744234.177924,-463145.620798,281088.557126,1.389220e+00,-1140.130130,589.398493,580.951197,1.057,1.314,0.052
1313,1.313000,744234.177977,-462860.574847,281373.603130,1.389615e+00,-1140.130125,589.398501,580.951023,1.018,0.670,0.046
1314,1.314000,744234.178030,-462575.860630,281658.317400,1.390009e+00,-1140.130119,589.398509,580.950849,0.991,5.628,0.037
1315,1.315000,744234.178083,-462291.477857,281942.700226,1.390403e+00,-1140.130114,589.398517,580.950675,1.061,1.123,0.044
1316,1.316000,744234.178136,-462007.426272,282226.751864,1.390796e+00,-1140.130108,589.398524,580.950501,1.002,0.435,0.051
1317,1.317000,744234.178189,-461723.705654,282510.472535,1.391189e+00,-1140.130103,589.398532,580.950327,0.986,1.241,0.046
1318,1.318000,744234.178242,-461440.315800,282793.862442,1.391581e+00,-1140.130098,589.398540,580.950153,1.162,0.378,0.043
1319,1.319000,744234.178294,-461157.256506,283076.921788,1.391973e+00,-1140.130092,589.398548,580.949979,0.974,0.497,0.069
1320,1.320000,744234.178347,-460874.527595,283359.650752,1.392365e+00,-1140.130087,589.398556,580.949805,1.216,0.192,0.043
1321,1.321000,744234.178400,-460592.128923,283642.049477,1.392756e+00,-1140.130081,589.398564,580.949631,0.971,0.183,0.047
1322,1.322000,744234.178453,-460310.060338,283924.118114,1.393146e+00,-1140.130076,589.398572,580.949457,1.087,0.275,0.048
1323,1.323000,744234.178506,-460028.321705,284205.856801,1.393536e+00,-1140.130070,589.398580,580.949283,0.997,2.874,0.039
1324,1.324000,744234.178558,-459746.912863,284487.265695,1.393926e+00,-1140.130065,589.398588,580.949109,1.195,0.888,0.048
1325,1.325000,744234.178611,-459465.833655,284768.344956,1.394315e+00,-1140.130059,589.398596,580.948935,1.009,0.228,0.051
1326,1.326000,744234.178664,-459185.083921,285049.094742,1.394704e+00,-1140.130054,589.398604,580.948761,1.138,1.281,0.058
1327,1.327000,744234.178716,-458904.663465,285329.515251,1.395092e+00,-1140.130048,589.398612,580.948587,1.209,9.746,0.051
1328,1.328000,744234.178769,-458624.572052,285609.606717,1.395480e+00,-1140.130043,589.398620,580.948414,1.038,0.192,0.053
1329,1.329000,744234.178821,-458344.809486,285889.369335,1.395868e+00,-1140.130037,589.398628,580.948240,0.996,0.560,0.049
1330,1.330000,744234.178874,-458065.375480,286168.803393,1.396254e+00,-1140.130032,589.398636,580.948066,1.179,1.179,0.048
1331,1.331000,744234.178926,-457786.269745,286447.909180,1.396641e+00,-1140.130026,589.398644,580.947893,1.076,0.612,0.068
1332,1.332000,744234.178978,-457507.491947,286726.687031,1.397027e+00,-1140.130021,589.398652,580.947720,18.736,5.433,0.057
1333,1.333000,744234.179030,-457229.041766,287005.137264,1.397413e+00,-1140.130015,589.398660,580.947546,1.289,5.103,0.052
1334,1.334000,744234.179082,-456950.918785,287283.260298,1.397798e+00,-1140.130010,589.398668,580.947373,0.987,13.415,0.050
1335,1.335000,744234.179135,-456673.122582,287561.056552,1.398182e+00,-1140.130004,589.398676,580.947199,1.025,1.923,0.047
1336,1.336000,744234.179187,-456395.652707,287838.526480,1.398567e+00,-1140.129999,589.398684,580.947026,0.993,16.497,0.046
1337,1.337000,744234.179239,-456118.508672,288115.670568,1.398950e+00,-1140.129993,589.398692,580.946853,1.009,0.187,0.048
1338,1.338000,744234.179291,-455841.689973,288392.489318,1.399334e+00,-1140.129988,589.398700,580.946679,1.023,0.200,0.047
1339,1.339000,744234.179344,-455565.196066,288668.983278,1.399716e+00,-1140.129982,589.398708,580.946506,1.156,0.492,0.042
1340,1.340000,744234.179396,-455289.026358,288945.153038,1.400099e+00,-1140.129977,589.398716,580.946333,1.015,1.142,0.045
1341,1.341000,744234.179449,-455013.180239,289220.999210,1.400481e+00,-1140.129971,589.398724,580.946160,1.019,1.955,0.103
1342,1.342000,744234.179502,-454737.657101,289496.522401,1.400862e+00,-1140.129966,589.398732,580.945987,0.988,1.417,0.046
1343,1.343000,744234.179554,-454462.456264,289771.723290,1.401243e+00,-1140.129960,589.398740,580.945814,1.138,5.076,0.038
1344,1.344000,744234.179607,-454187.577101,290046.602506,1.401624e+00,-1140.129955,589.398748,580.945641,0.992,1.675,0.211
1345,1.345000,744234.179660,-453913.018895,290321.160764,1.402004e+00,-1140.129949,589.398756,580.945468,1.174,0.262,0.042
1346,1.346000,744234.179712,-453638.780952,290595.398760,1.402384e+00,-1140.129944,589.398764,580.945295,0.988,0.554,0.110
1347,1.347000,744234.179765,-453364.862534,290869.317231,1.402763e+00,-1140.129938,589.398772,580.945122,0.988,0.186,0.046
1348,1.348000,744234.179817,-453091.262922,291142.916895,1.403142e+00,-1140.129933,589.398780,580.944949,1.136,6.246,0.049
1349,1.349000,744234.179870,-452817.981378,291416.198492,1.403520e+00,-1140.129927,589.398788,580.944776,1.074,0.404,0.053
1350,1.350000,744234.179923,-452545.017205,291689.162718,1.403898e+00,-1140.129922,589.398796,580.944603,1.100,0.471,0.048
1351,1.351000,744234.179975,-452272.369677,291961.810298,1.404276e+00,-1140.129916,589.398804,580.944430,1.024,0.195,0.049
1352,1.352000,744234.180028,-452000.038107,292234.141921,1.404653e+00,-1140.129911,589.398812,580.944257,1.047,0.212,0.038
1353,1.353000,744234.180081,-451728.021826,292506.158255,1.405030e+00,-1140.129905,589.398820,580.944083,1.163,0.330,0.041
1354,1.354000,744234.180133,-451456.320198,292777.859935,1.405406e+00,-1140.129900,589.398828,580.943910,1.031,1.414,0.048
1355,1.355000,744234.180186,-451184.932632,293049.247553,1.405782e+00,-1140.129894,589.398836,580.943737,3.471,0.262,0.183
1356,1.356000,744234.180238,-450913.858559,293320.321679,1.406157e+00,-1140.129889,589.398844,580.943564,4.056,0.843,0.125
1357,1.357000,744234.180291,-450643.097450,293591.082842,1.406532e+00,-1140.129883,589.398852,580.943391,1.088,5.710,0.055
1358,1.358000,744234.180344,-450372.648823,293861.531521,1.406906e+00,-1140.129878,589.398860,580.943219,1.098,0.508,0.049
1359,1.359000,744234.180396,-450102.512185,294131.668211,1.407281e+00,-1140.129872,589.398868,580.943046,1.101,0.818,0.044
1360,1.360000,744234.180449,-449832.687141,294401.493308,1.407654e+00,-1140.129867,589.398876,580.942873,1.582,0.271,0.066
1361,1.361000,744234.180501,-449563.173292,294671.007209,1.408027e+00,-1140.129861,589.398884,580.942701,1.019,0.427,0.049
1362,1.362000,744234.180553,-449293.970263,294940.210290,1.408400e+00,-1140.129856,589.398892,580.942528,1.092,0.299,0.049
1363,1.363000,744234.180606,-449025.077688,295209.102918,1.408772e+00,-1140.129850,589.398900,580.942356,1.137,0.180,0.045
1364,1.364000,744234.180659,-448756.495211,295477.685448,1.409144e+00,-1140.129845,589.398908,580.942184,1.043,0.214,0.040
1365,1.365000,744234.180711,-448488.222459,295745.958252,1.409516e+00,-1140.129839,589.398916,580.942011,1.044,0.212,0.045
1366,1.366000,744234.180764,-448220.259089,296013.921675,1.409887e+00,-1140.129834,589.398924,580.941839,2.620,2.246,0.098
1367,1.367000,744234.180817,-447952.604735,296281.576081,1.410257e+00,-1140.129828,589.398932,580.941667,1.081,4.000,0.037
1368,1.368000,744234.180869,-447685.259005,296548.921865,1.410628e+00,-1140.129823,589.398939,580.941494,1.377,0.366,0.060
1369,1.369000,744234.180922,-447418.221516,296815.959406,1.410997e+00,-1140.129817,589.398947,580.941322,1.008,0.981,0.048
1370,1.370000,744234.180975,-447151.491825,297082.689149,1.411367e+00,-1140.129812,589.398955,580.941150,1.013,0.822,0.084
1371,1.371000,744234.181027,-446885.069514,297349.111513,1.411736e+00,-1140.129806,589.398963,580.940978,0.999,0.577,0.050
1372,1.372000,744234.181079,-446618.954147,297615.226932,1.412104e+00,-1140.129801,589.398971,580.940806,1.035,0.365,0.047
1373,1.373000,744234.181132,-446353.145251,297881.035881,1.412472e+00,-1140.129795,589.398979,580.940634,0.993,0.213,0.046
1374,1.374000,744234.181184,-446087.642350,298146.538834,1.412840e+00,-1140.129790,589.398987,580.940462,0.998,0.416,0.042
1375,1.375000,744234.181236,-445822.444971,298411.736266,1.413207e+00,-1140.129784,589.398995,580.940289,2.940,0.236,0.127
1376,1.376000,744234.181289,-445557.552610,298676.628679,1.413574e+00,-1140.129779,589.399003,580.940117,1.144,1.568,0.057
1377,1.377000,744234.181341,-445292.964777,298941.216564,1.413940e+00,-1140.129773,589.399011,580.939946,1.332,0.217,0.062
1378,1.378000,744234.181394,-445028.680967,299205.500427,1.414306e+00,-1140.129768,589.399019,580.939774,1.392,0.263,0.060
1379,1.379000,744234.181446,-444764.700669,299469.480777,1.414672e+00,-1140.129762,589.399027,580.939602,1.056,0.246,0.055
1380,1.380000,744234.181498,-444501.023368,299733.158131,1.415037e+00,-1140.129757,589.399035,580.939430,1.097,1.135,0.066
1381,1.381000,744234.181551,-444237.648555,299996.532996,1.415402e+00,-1140.129751,589.399043,580.939258,1.107,0.258,0.055
1382,1.382000,744234.181603,-443974.575708,300259.605896,1.415766e+00,-1140.129745,589.399051,580.939086,4.294,0.250,0.050
1383,1.383000,744234.181656,-443711.804303,300522.377353,1.416130e+00,-1140.129740,589.399059,580.938914,1.268,1.392,0.066
1384,1.384000,744234.181708,-443449.333820,300784.847888,1.416493e+00,-1140.129734,589.399067,580.938742,1.043,0.196,0.055
1385,1.385000,744234.181761,-443187.163700,301047.018061,1.416856e+00,-1140.129729,589.399075,580.938570,0.997,0.736,0.047
1386,1.386000,744234.181813,-442925.293433,301308.888380,1.417219e+00,-1140.129723,589.399083,580.938398,1.023,0.577,0.056
1387,1.387000,744234.181866,-442663.722462,301570.459404,1.417581e+00,-1140.129718,589.399091,580.938226,1.140,0.224,0.055
1388,1.388000,744234.181918,-442402.450240,301831.731679,1.417943e+00,-1140.129712,589.399099,580.938055,1.162,3.417,0.045
1389,1.389000,744234.181971,-442141.476191,302092.705779,1.418304e+00,-1140.129707,589.399107,580.937883,1.022,1.663,0.051
1390,1.390000,744234.182023,-441880.799764,302353.382258,1.418665e+00,-1140.129701,589.399115,580.937711,2.169,0.653,0.117
1391,1.391000,744234.182075,-441620.420415,302613.761661,1.419026e+00,-1140.129696,589.399123,580.937539,2.040,1.658,0.051
1392,1.392000,744234.182128,-441360.337548,302873.844579,1.419386e+00,-1140.129690,589.399131,580.937367,1.032,0.723,0.062
1393,1.393000,744234.182180,-441100.550603,303133.631577,1.419745e+00,-1140.129684,589.399139,580.937196,3.117,0.261,0.064
1394,1.394000,744234.182233,-440841.059019,303393.123214,1.420105e+00,-1140.129679,589.399147,580.937024,1.029,0.767,0.058
1395,1.395000,744234.182285,-440581.862234,303652.320051,1.420464e+00,-1140.129673,589.399155,580.936852,0.962,13.858,0.055
1396,1.396000,744234.182337,-440322.959709,303911.222628,1.420822e+00,-1140.129668,589.399163,580.936680,5.011,0.534,0.042
1397,1.397000,744234.182390,-440064.350925,304169.831465,1.421180e+00,-1140.129662,589.399172,580.936508,1.106,0.321,0.047
1398,1.398000,744234.182442,-439806.035342,304428.147100,1.421538e+00,-1140.129657,589.399180,580.936337,1.114,0.206,0.057
1399,1.399000,744234.182495,-439548.012463,304686.170032,1.421895e+00,-1140.129651,589.399188,580.936165,2.574,0.579,0.062
1400,1.400000,744234.182547,-439290.281733,304943.900814,1.422252e+00,-1140.129646,589.399196,580.935994,7.399,0.484,0.041
1401,1.401000,744234.182600,-439032.842741,305201.339859,1.422609e+00,-1140.129640,589.399204,580.935823,1.047,0.253,0.048
1402,1.402000,744234.182651,-438775.695006,305458.487646,1.422965e+00,-1140.129635,589.399212,580.935651,1.081,0.267,0.051
1403,1.403000,744234.182702,-438518.838051,305715.344651,1.423320e+00,-1140.129630,589.399220,580.935480,1.008,0.207,0.105
1404,1.404000,744234.182753,-438262.271440,305971.911312,1.423676e+00,-1140.129624,589.399228,580.935308,1.003,0.205,0.046
1405,1.405000,744234.182803,-438005.994721,306228.188082,1.424030e+00,-1140.129619,589.399237,580.935137,1.027,0.211,0.046
1406,1.406000,744234.182854,-437750.007461,306484.175392,1.424385e+00,-1140.129614,589.399245,580.934966,1.251,0.255,0.045
1407,1.407000,744234.182904,-437494.309200,306739.873704,1.424739e+00,-1140.129609,589.399253,580.934794,1.089,0.735,0.053
1408,1.408000,744234.182955,-437238.899491,306995.283463,1.425093e+00,-1140.129604,589.399261,580.934623,0.996,0.245,0.048
1409,1.409000,744234.183005,-436983.777859,307250.405146,1.425446e+00,-1140.129599,589.399269,580.934452,1.141,0.209,0.045
1410,1.410000,744234.183055,-436728.943792,307505.239263,1.425799e+00,-1140.129594,589.399277,580.934281,0.991,0.629,0.038
1411,1.411000,744234.183106,-436474.396792,307759.786314,1.426151e+00,-1140.129589,589.399285,580.934110,1.085,0.201,0.048
1412,1.412000,744234.183157,-436220.136325,308014.046832,1.426503e+00,-1140.129584,589.399293,580.933939,4.966,0.367,0.067
1413,1.413000,744234.183207,-435966.161832,308268.021376,1.426855e+00,-1140.129579,589.399301,580.933768,1.094,0.254,0.049
1414,1.414000,744234.183258,-435712.472727,308521.710531,1.427206e+00,-1140.129573,589.399309,580.933597,1.001,0.189,0.046
1415,1.415000,744234.183309,-435459.068399,308775.114910,1.427557e+00,-1140.129568,589.399317,580.933426,1.077,0.525,0.056
1416,1.416000,744234.183359,-435205.948247,309028.235112,1.427908e+00,-1140.129563,589.399325,580.933256,1.012,0.401,0.058
1417,1.417000,744234.183410,-434953.111625,309281.071785,1.428258e+00,-1140.129558,589.399333,580.933085,0.959,0.187,0.047
1418,1.418000,744234.183460,-434700.557868,309533.625592,1.428607e+00,-1140.129553,589.399341,580.932915,1.388,0.491,0.065
1419,1.419000,744234.183511,-434448.286345,309785.897166,1.428957e+00,-1140.129548,589.399349,580.932744,1.316,1.169,0.052
1420,1.420000,744234.183561,-434196.296375,310037.887187,1.429306e+00,-1140.129542,589.399357,580.932574,0.973,0.226,0.051
1421,1.421000,744234.183612,-433944.587302,310289.596310,1.429654e+00,-1140.129537,589.399365,580.932403,1.025,0.895,0.049
1422,1.422000,744234.183663,-433693.158484,310541.025178,1.430002e+00,-1140.129532,589.399373,580.932233,1.188,0.216,0.053
1423,1.423000,744234.183713,-433442.009258,310792.174455,1.430350e+00,-1140.129526,589.399381,580.932063,1.085,0.200,0.055
1424,1.424000,744234.183764,-433191.138993,311043.044771,1.430698e+00,-1140.129521,589.399389,580.931892,2.145,0.635,0.144
1425,1.425000,744234.183815,-432940.547057,311293.636757,1.431045e+00,-1140.129516,589.399397,580.931722,1.035,0.246,0.042
1426,1.426000,744234.183862,-432690.232834,311543.951028,1.431391e+00,-1140.129510,589.399405,580.931552,1.045,0.400,0.061
1427,1.427000,744234.183906,-432440.195734,311793.988173,1.431737e+00,-1140.129503,589.399413,580.931381,1.106,0.691,0.056
1428,1.428000,744234.183951,-432190.435148,312043.748803,1.432083e+00,-1140.129497,589.399421,580.931211,0.989,0.239,0.049
1429,1.429000,744234.183995,-431940.950495,312293.233500,1.432429e+00,-1140.129491,589.399429,580.931041,1.069,0.545,0.046
1430,1.430000,744234.184039,-431691.741208,312542.442832,1.432774e+00,-1140.129485,589.399437,580.930871,0.966,0.496,0.046
1431,1.431000,744234.184084,-431442.806733,312791.377351,1.433118e+00,-1140.129478,589.399445,580.930701,0.977,0.185,0.046
1432,1.432000,744234.184128,-431194.146540,313040.037588,1.433463e+00,-1140.129472,589.399453,580.930531,0.982,0.193,0.050
1433,1.433000,744234.184172,-430945.760095,313288.424078,1.433807e+00,-1140.129466,589.399461,580.930360,1.026,0.198,0.047
1434,1.434000,744234.184217,-430697.646853,313536.537363,1.434150e+00,-1140.129459,589.399469,580.930190,1.016,0.225,0.055
1435,1.435000,744234.184261,-430449.806338,313784.377923,1.434493e+00,-1140.129453,589.399477,580.930020,1.026,3.478,0.045
1436,1.436000,744234.184305,-430202.238044,314031.946261,1.434836e+00,-1140.129447,589.399485,580.929850,1.082,0.210,0.043
1437,1.437000,744234.184350,-429954.941478,314279.242871,1.435179e+00,-1140.129441,589.399493,580.929680,0.981,0.969,0.045
1438,1.438000,744234.184394,-429707.916184,314526.268210,1.435521e+00,-1140.129434,589.399501,580.929510,1.097,0.271,0.064
1439,1.439000,744234.184438,-429461.161697,314773.022742,1.435862e+00,-1140.129428,589.399509,580.929340,1.082,0.262,0.042
1440,1.440000,744234.184482,-429214.677552,315019.506930,1.436204e+00,-1140.129422,589.399517,580.929170,1.004,0.640,0.043
1441,1.441000,744234.184527,-428968.463306,315265.721221,1.436545e+00,-1140.129415,589.399525,580.929000,0.996,0.743,0.158
1442,1.442000,744234.184571,-428722.518517,315511.666055,1.436885e+00,-1140.129409,589.399533,580.928831,1.034,0.444,0.050
1443,1.443000,744234.184616,-428476.842716,315757.341900,1.437225e+00,-1140.129403,589.399541,580.928661,1.008,0.196,0.050
1444,1.444000,744234.184660,-428231.435454,316002.749206,1.437565e+00,-1140.129396,589.399549,580.928491,1.177,0.270,0.036
1445,1.445000,744234.184705,-427986.296276,316247.888429,1.437905e+00,-1140.129390,589.399557,580.928322,1.053,0.700,0.057
1446,1.446000,744234.184749,-427741.424707,316492.760042,1.438244e+00,-1140.129384,589.399565,580.928152,1.225,0.261,0.064
1447,1.447000,744234.184793,-427496.820285,316737.364509,1.438582e+00,-1140.129377,589.399573,580.927983,1.055,4.391,0.059
1448,1.448000,744234.184837,-427252.482514,316981.702323,1.438921e+00,-1140.129371,589.399581,580.927813,1.051,5.989,0.051
1449,1.449000,744234.184881,-427008.410906,317225.773975,1.439259e+00,-1140.129365,589.399589,580.927644,1.045,35.406,0.036
1450,1.450000,744234.184925,-426764.604959,317469.579966,1.439596e+00,-1140.129358,589.399597,580.927475,5.849,2.020,0.119
1451,1.451000,744234.184969,-426521.064154,317713.120816,1.439933e+00,-1140.129352,589.399605,580.927306,1.348,2.375,0.044
1452,1.452000,744234.185013,-426277.787977,317956.397036,1.440270e+00,-1140.129346,589.399613,580.927137,0.972,0.220,0.046
1453,1.453000,744234.185057,-426034.775889,318199.409168,1.440607e+00,-1140.129339,589.399621,580.926968,1.015,1.857,0.055
1454,1.454000,744234.185101,-425792.027338,318442.157762,1.440943e+00,-1140.129333,589.399629,580.926799,0.993,0.216,0.052
1455,1.455000,744234.185144,-425549.541782,318684.643362,1.441279e+00,-1140.129327,589.399637,580.926630,1.221,2.003,0.054
1456,1.456000,744234.185188,-425307.318683,318926.866505,1.441614e+00,-1140.129320,589.399645,580.926461,1.152,0.199,0.054
1457,1.457000,744234.185232,-425065.357493,319168.827739,1.441949e+00,-1140.129314,589.399653,580.926292,0.990,0.229,0.044
1458,1.458000,744234.185276,-424823.657662,319410.527614,1.442284e+00,-1140.129308,589.399661,580.926123,1.031,1.091,0.051
1459,1.459000,744234.185320,-424582.218646,319651.966674,1.442618e+00,-1140.129301,589.399669,580.925954,0.981,1.178,0.041
1460,1.460000,744234.185365,-424341.039930,319893.145435,1.442952e+00,-1140.129295,589.399677,580.925786,0.999,0.206,0.048
1461,1.461000,744234.185409,-424100.121011,320134.064398,1.443286e+00,-1140.129288,589.399685,580.925617,0.983,0.193,0.044
1462,1.462000,744234.185453,-423859.461427,320374.724026,1.443619e+00,-1140.129282,589.399693,580.925448,14.177,10.063,0.163
1463,1.463000,744234.185497,-423619.060683,320615.124814,1.443952e+00,-1140.129276,589.399701,580.925280,2.570,0.563,0.162
1464,1.464000,744234.185542,-423378.918366,320855.267176,1.444284e+00,-1140.129269,589.399709,580.925111,15.321,24.043,0.521
1465,1.465000,744234.185586,-423139.034061,321095.151525,1.444617e+00,-1140.129263,589.399717,580.924942,2.681,0.576,0.154
1466,1.466000,744234.185630,-422899.407386,321334.778244,1.444948e+00,-1140.129257,589.399725,580.924774,0.965,15.259,0.054
1467,1.467000,744234.185674,-422660.037966,321574.147708,1.445280e+00,-1140.129250,589.399733,580.924605,1.057,0.446,0.056
1468,1.468000,744234.185719,-422420.925501,321813.260218,1.445611e+00,-1140.129244,589.399741,580.924437,0.982,0.185,0.038
1469,1.469000,744234.185763,-422182.069697,322052.116066,1.445942e+00,-1140.129238,589.399749,580.924268,1.082,3.242,0.051
1470,1.470000,744234.185807,-421943.470293,322290.715513,1.446272e+00,-1140.129231,589.399757,580.924100,1.120,20.061,0.043
1471,1.471000,744234.185851,-421705.127030,322529.058820,1.446602e+00,-1140.129225,589.399765,580.923932,1.127,1.095,0.056
1472,1.472000,744234.185895,-421467.039717,322767.146178,1.446932e+00,-1140.129219,589.399773,580.923763,1.043,0.194,0.048
1473,1.473000,744234.185939,-421229.208124,323004.977815,1.447261e+00,-1140.129212,589.399781,580.923595,0.939,0.177,0.039
1474,1.474000,744234.185983,-420991.632096,323242.553887,1.447590e+00,-1140.129206,589.399789,580.923427,1.069,0.256,0.045
1475,1.475000,744234.186027,-420754.311451,323479.874576,1.447919e+00,-1140.129199,589.399797,580.923259,1.601,0.203,0.051
1476,1.476000,744234.186071,-420517.246040,323716.940031,1.448247e+00,-1140.129193,589.399805,580.923090,0.988,0.924,0.050
1477,1.477000,744234.186114,-420280.435711,323953.750403,1.448575e+00,-1140.129187,589.399813,580.922922,1.010,0.248,0.047
1478,1.478000,744234.186158,-420043.880311,324190.305847,1.448902e+00,-1140.129180,589.399821,580.922754,1.226,0.303,0.061
1479,1.479000,744234.186202,-419807.579679,324426.606523,1.449230e+00,-1140.129174,589.399829,580.922586,1.043,0.568,0.056
1480,1.480000,744234.186246,-419571.533658,324662.652588,1.449556e+00,-1140.129167,589.399837,580.922418,1.010,0.851,0.046
1481,1.481000,744234.186290,-419335.742083,324898.444206,1.449883e+00,-1140.129161,589.399845,580.922250,0.998,0.191,0.051
1482,1.482000,744234.186334,-419100.204788,325133.981546,1.450209e+00,-1140.129154,589.399853,580.922082,1.031,0.828,0.049
1483,1.483000,744234.186377,-418864.921592,325369.264785,1.450535e+00,-1140.129148,589.399861,580.921914,1.023,0.437,0.049
1484,1.484000,744234.186421,-418629.892303,325604.294119,1.450860e+00,-1140.129141,589.399869,580.921746,1.063,0.248,0.051
1485,1.485000,744234.186466,-418395.116721,325839.069745,1.451185e+00,-1140.129135,589.399877,580.921578,0.995,1.292,0.046
1486,1.486000,744234.186510,-418160.594599,326073.591911,1.451510e+00,-1140.129128,589.399886,580.921411,1.089,0.239,0.045
1487,1.487000,744234.186554,-417926.325715,326307.860839,1.451835e+00,-1140.129122,589.399894,580.921243,5.575,6.299,0.068
1488,1.488000,744234.186598,-417692.309822,326541.876776,1.452159e+00,-1140.129115,589.399902,580.921075,0.954,1.915,0.052
1489,1.489000,744234.186642,-417458.546650,326775.639992,1.452482e+00,-1140.129109,589.399910,580.920908,0.997,0.234,0.048
1490,1.490000,744234.186686,-417225.035928,327009.150758,1.452806e+00,-1140.129102,589.399918,580.920740,1.044,2.634,0.052
1491,1.491000,744234.186730,-416991.777380,327242.409350,1.453129e+00,-1140.129096,589.399926,580.920573,0.951,0.196,0.044
1492,1.492000,744234.186774,-416758.770726,327475.416048,1.453451e+00,-1140.129089,589.399934,580.920406,1.007,0.728,0.049
1493,1.493000,744234.186818,-416526.015638,327708.171180,1.453774e+00,-1140.129083,589.399942,580.920238,1.008,0.193,0.045
1494,1.494000,744234.186862,-416293.511811,327940.675051,1.454095e+00,-1140.129076,589.399950,580.920071,1.025,0.191,0.051
1495,1.495000,744234.186906,-416061.258928,328172.927978,1.454417e+00,-1140.129070,589.399958,580.919904,0.993,0.629,0.046
1496,1.496000,744234.186950,-415829.256653,328404.930297,1.454738e+00,-1140.129063,589.399966,580.919736,1.062,0.572,0.049
1497,1.497000,744234.186994,-415597.504666,328636.682328,1.455059e+00,-1140.129057,589.399974,580.919569,1.092,0.228,0.054
1498,1.498000,744234.187039,-415366.002629,328868.184410,1.455380e+00,-1140.129050,589.399982,580.919402,1.015,3.470,0.053
1499,1.499000,744234.187083,-415134.750220,329099.436863,1.455700e+00,-1140.129044,589.399990,580.919235,1.311,0.389,0.049
1500,1.500000,744234.187127,-414903.747071,329330.440056,1.456020e+00,-1140.129037,589.399998,580.919068,0.980,0.936,0.044
1501,1.501000,744234.187171,-414672.992863,329561.194308,1.456339e+00,-1140.129031,589.400006,580.918901,1.035,0.224,0.046
1502,1.502000,744234.187216,-414442.487257,329791.699959,1.456659e+00,-1140.129024,589.400014,580.918733,1.760,0.733,0.065
1503,1.503000,744234.187260,-414212.229913,330021.957347,1.456977e+00,-1140.129018,589.400022,580.918566,1.017,0.200,0.057
1504,1.504000,744234.187304,-413982.220475,330251.966830,1.457296e+00,-1140.129011,589.400030,580.918399,1.160,0.518,0.055
1505,1.505000,744234.187348,-413752.458596,330481.728752,1.457614e+00,-1140.129005,589.400038,580.918232,1.089,0.209,0.043
1506,1.506000,744234.187393,-413522.943951,330711.243442,1.457932e+00,-1140.128998,589.400046,580.918065,0.999,0.182,0.046
1507,1.507000,744234.187437,-413293.676183,330940.511254,1.458249e+00,-1140.128992,589.400054,580.917898,1.000,0.404,0.047
1508,1.508000,744234.187481,-413064.654969,331169.532512,1.458566e+00,-1140.128985,589.400062,580.917730,1.168,0.343,0.062
1509,1.509000,744234.187525,-412835.879969,331398.307556,1.458883e+00,-1140.128979,589.400070,580.917563,1.216,0.862,0.055
1510,1.510000,744234.187570,-412607.350857,331626.836713,1.459200e+00,-1140.128972,589.400078,580.917396,1.089,0.445,0.058
1511,1.511000,744234.187614,-412379.067285,331855.120329,1.459516e+00,-1140.128966,589.400086,580.917229,0.999,2.125,0.045
1512,1.512000,744234.187658,-412151.028924,332083.158734,1.459832e+00,-1140.128959,589.400094,580.917062,1.170,2.003,0.055
1513,1.513000,744234.187702,-411923.235451,332310.952252,1.460147e+00,-1140.128953,589.400102,580.916895,1.057,0.221,0.039
1514,1.514000,744234.187747,-411695.686537,332538.501210,1.460462e+00,-1140.128946,589.400110,580.916728,2.263,0.641,0.055
1515,1.515000,744234.187791,-411468.381830,332765.805961,1.460777e+00,-1140.128940,589.400118,580.916561,2.307,1.348,0.047
1516,1.516000,744234.187835,-411241.320997,332992.866838,1.461091e+00,-1140.128933,589.400126,580.916394,1.078,0.195,0.038
1517,1.517000,744234.187879,-411014.503715,333219.684164,1.461405e+00,-1140.128927,589.400134,580.916226,1.121,0.225,0.056
1518,1.518000,744234.187924,-410787.929639,333446.258285,1.461719e+00,-1140.128920,589.400142,580.916060,1.118,0.258,0.051
1519,1.519000,744234.187968,-410561.598418,333672.589550,1.462032e+00,-1140.128914,589.400150,580.915893,1.261,2.054,0.063
1520,1.520000,744234.188013,-410335.509710,333898.678303,1.462345e+00,-1140.128907,589.400158,580.915726,251.129,0.454,0.047
1521,1.521000,744234.188058,-410109.663178,334124.524879,1.462658e+00,-1140.128901,589.400166,580.915560,1.699,0.253,0.076
1522,1.522000,744234.188103,-409884.058467,334350.129636,1.462971e+00,-1140.128894,589.400173,580.915393,20.270,3.107,0.055
1523,1.523000,744234.188147,-409658.695212,334575.492935,1.463283e+00,-1140.128888,589.400181,580.915226,1.082,0.676,0.044
1524,1.524000,744234.188192,-409433.573048,334800.615144,1.463594e+00,-1140.128881,589.400189,580.915060,1.220,6.824,0.111
1525,1.525000,744234.188237,-409208.691626,335025.496611,1.463906e+00,-1140.128875,589.400197,580.914893,1.001,0.232,0.054
1526,1.526000,744234.188282,-408984.050558,335250.137724,1.464217e+00,-1140.128868,589.400205,580.914727,0.957,0.296,0.052
1527,1.527000,744234.188327,-408759.649456,335474.538870,1.464528e+00,-1140.128862,589.400213,580.914560,0.948,0.515,0.053
1528,1.528000,744234.188372,-408535.487940,335698.700431,1.464838e+00,-1140.128855,589.400221,580.914393,1.099,1.446,0.062
1529,1.529000,744234.188416,-408311.565607,335922.622809,1.465148e+00,-1140.128849,589.400229,580.914227,1.199,0.491,0.051
1530,1.530000,744234.188461,-408087.882054,336146.306408,1.465458e+00,-1140.128842,589.400237,580.914060,1.198,0.220,0.058
1531,1.531000,744234.188506,-407864.436857,336369.751649,1.465767e+00,-1140.128836,589.400245,580.913894,1.043,0.558,0.045
1532,1.532000,744234.188551,-407641.229628,336592.958923,1.466076e+00,-1140.128829,589.400253,580.913727,1.181,0.208,0.062
1533,1.533000,744234.188596,-407418.259949,336815.928648,1.466385e+00,-1140.128823,589.400261,580.913561,1.019,0.344,0.044
1534,1.534000,744234.188642,-407195.527403,337038.661239,1.466693e+00,-1140.128816,589.400269,580.913395,1.123,0.214,0.056
1535,1.535000,744234.188687,-406973.031563,337261.157124,1.467001e+00,-1140.128810,589.400277,580.913229,1.062,0.877,0.048
1536,1.536000,744234.188733,-406750.771995,337483.416737,1.467309e+00,-1140.128803,589.400285,580.913063,1.116,0.461,0.054
1537,1.537000,744234.188778,-406528.748289,337705.440490,1.467617e+00,-1140.128797,589.400293,580.912897,1.014,0.190,0.045
1538,1.538000,744234.188824,-406306.960028,337927.228796,1.467924e+00,-1140.128790,589.400301,580.912731,1.000,0.195,0.052
1539,1.539000,744234.188870,-406085.406760,338148.782109,1.468231e+00,-1140.128784,589.400309,580.912565,1.082,0.204,0.056
1540,1.540000,744234.188915,-405864.088082,338370.100834,1.468537e+00,-1140.128777,589.400317,580.912399,1.043,2.735,0.067
1541,1.541000,744234.188961,-405643.003592,338591.185369,1.468843e+00,-1140.128771,589.400325,580.912233,2.130,0.564,0.151
1542,1.542000,744234.189007,-405422.152854,338812.036153,1.469149e+00,-1140.128764,589.400333,580.912067,1.075,0.225,0.056
1543,1.543000,744234.189052,-405201.535461,339032.653592,1.469454e+00,-1140.128758,589.400341,580.911901,50.994,0.797,0.042
1544,1.544000,744234.189098,-404981.151014,339253.038085,1.469760e+00,-1140.128751,589.400349,580.911735,2.152,0.765,0.048
1545,1.545000,744234.189144,-404760.999097,339473.190047,1.470064e+00,-1140.128745,589.400357,580.911570,1.100,1.891,0.045
1546,1.546000,744234.189190,-404541.079305,339693.109885,1.470369e+00,-1140.128738,589.400365,580.911404,1.052,1.037,0.052
1547,1.547000,744234.189236,-404321.391247,339912.797989,1.470673e+00,-1140.128732,589.400373,580.911239,1.168,0.266,0.049
1548,1.548000,744234.189282,-404101.934514,340132.254768,1.470977e+00,-1140.128725,589.400381,580.911074,1.091,0.329,0.051
1549,1.549000,744234.189328,-403882.708687,340351.480641,1.471281e+00,-1140.128719,589.400389,580.910909,0.962,0.189,0.042
1550,1.550000,744234.189374,-403663.713359,340570.476015,1.471584e+00,-1140.128712,589.400397,580.910743,1.015,0.214,0.043
1551,1.551000,744234.189420,-403444.948120,340789.241301,1.471887e+00,-1140.128705,589.400405,580.910578,4.113,0.257,0.133
1552,1.552000,744234.189466,-403226.412527,341007.776939,1.472189e+00,-1140.128699,589.400413,580.910413,1.110,0.327,0.056
1553,1.553000,744234.189512,-403008.106153,341226.083359,1.472492e+00,-1140.128692,589.400421,580.910248,1.026,0.211,0.047
1554,1.554000,744234.189559,-402790.028532,341444.161026,1.472794e+00,-1140.128686,589.400429,580.910083,1.097,0.182,0.048
1555,1.555000,744234.189605,-402572.179217,341662.010387,1.473095e+00,-1140.128679,589.400437,580.909917,1.320,0.221,0.055
1556,1.556000,744234.189651,-402354.557749,341879.631902,1.473397e+00,-1140.128672,589.400445,580.909752,1.125,1.949,0.056
1557,1.557000,744234.189697,-402137.163638,342097.026059,1.473698e+00,-1140.128666,589.400453,580.909587,1.102,0.251,0.041
1558,1.558000,744234.189743,-401919.996393,342314.193349,1.473998e+00,-1140.128659,589.400461,580.909422,0.983,0.189,0.053
1559,1.559000,744234.189789,-401703.055520,342531.134269,1.474299e+00,-1140.128653,589.400469,580.909257,2.096,0.252,0.064
1560,1.560000,744234.189835,-401486.340501,342747.849334,1.474599e+00,-1140.128646,589.400477,580.909091,25.774,1.566,0.045
1561,1.561000,744234.189881,-401269.850861,342964.339020,1.474899e+00,-1140.128640,589.400485,580.908926,1.061,1.252,0.046
1562,1.562000,744234.189927,-401053.586059,343180.603868,1.475198e+00,-1140.128633,589.400494,580.908761,1.109,0.223,0.058
1563,1.563000,744234.189973,-400837.545568,343396.644405,1.475497e+00,-1140.128626,589.400502,580.908596,1.025,0.195,0.052
1564,1.564000,744234.190019,-400621.728867,343612.461152,1.475796e+00,-1140.128620,589.400510,580.908431,1.115,0.229,0.050
1565,1.565000,744234.190064,-400406.135428,343828.054636,1.476095e+00,-1140.128613,589.400518,580.908266,3.370,1.096,0.139
1566,1.566000,744234.190110,-400190.764717,344043.425392,1.476393e+00,-1140.128607,589.400526,580.908102,1.056,1.033,0.048
1567,1.567000,744234.190154,-399975.616207,344258.573947,1.476691e+00,-1140.128600,589.400534,580.907937,1.356,12.590,0.055
1568,1.568000,744234.190199,-399760.689375,344473.500824,1.476988e+00,-1140.128593,589.400542,580.907773,1.454,0.217,0.054
1569,1.569000,744234.190244,-399545.983705,344688.206538,1.477286e+00,-1140.128587,589.400550,580.907608,0.957,11.812,0.043
1570,1.570000,744234.190288,-399331.498700,344902.691589,1.477583e+00,-1140.128580,589.400558,580.907444,1.167,1.951,3.615
1571,1.571000,744234.190333,-399117.233843,345116.956490,1.477879e+00,-1140.128574,589.400566,580.907280,1.267,0.228,0.043
1572,1.572000,744234.190378,-398903.188656,345331.001722,1.478176e+00,-1140.128567,589.400574,580.907116,1.098,0.214,0.048
1573,1.573000,744234.190423,-398689.362665,345544.827757,1.478472e+00,-1140.128560,589.400582,580.906952,0.965,0.677,0.043
1574,1.574000,744234.190467,-398475.755405,345758.435063,1.478767e+00,-1140.128553,589.400590,580.906788,1.582,0.909,0.082
1575,1.575000,744234.190512,-398262.366433,345971.824079,1.479063e+00,-1140.128546,589.400598,580.906624,9.278,0.544,0.118
1576,1.576000,744234.190557,-398049.195287,346184.995270,1.479358e+00,-1140.128540,589.400606,580.906460,1.030,12.473,0.045
1577,1.577000,744234.190602,-397836.241566,346397.949036,1.479653e+00,-1140.128533,589.400614,580.906296,5.051,1.783,4.025
1578,1.578000,744234.190647,-397623.504858,346610.685789,1.479948e+00,-1140.128526,589.400622,580.906132,1.206,0.488,0.042
1579,1.579000,744234.190692,-397410.984769,346823.205923,1.480242e+00,-1140.128519,589.400630,580.905969,1.017,0.233,0.047
1580,1.580000,744234.190737,-397198.680933,347035.509804,1.480536e+00,-1140.128512,589.400638,580.905805,1.030,0.201,0.051
1581,1.581000,744234.190782,-396986.592969,347247.597813,1.480830e+00,-1140.128505,589.400646,580.905641,0.991,0.190,0.052
1582,1.582000,744234.190828,-396774.720542,347459.470285,1.481123e+00,-1140.128499,589.400654,580.905478,1.041,0.193,0.039
1583,1.583000,744234.190873,-396563.063310,347671.127563,1.481416e+00,-1140.128492,589.400662,580.905314,1.705,7.612,0.066
1584,1.584000,744234.190918,-396351.620966,347882.569952,1.481709e+00,-1140.128485,589.400670,580.905151,1.147,0.240,0.051
1585,1.585000,744234.190964,-396140.393190,348093.797773,1.482001e+00,-1140.128478,589.400678,580.904987,1.033,0.202,0.058
1586,1.586000,744234.191009,-395929.379674,348304.811335,1.482293e+00,-1140.128471,589.400686,580.904824,1.120,0.253,0.054
1587,1.587000,744234.191054,-395718.580120,348515.610934,1.482585e+00,-1140.128464,589.400694,580.904660,1.032,8.612,0.046
1588,1.588000,744234.191099,-395507.994252,348726.196847,1.482877e+00,-1140.128457,589.400702,580.904497,1.077,0.205,0.052
1589,1.589000,744234.191143,-395297.621795,348936.569349,1.483168e+00,-1140.128450,589.400710,580.904334,3.774,0.252,0.105
1590,1.590000,744234.191187,-395087.462487,349146.728700,1.483459e+00,-1140.128442,589.400717,580.904170,1.369,0.729,0.058
1591,1.591000,744234.191231,-394877.516036,349356.675194,1.483750e+00,-1140.128435,589.400725,580.904007,1.112,0.945,0.075
1592,1.592000,744234.191265,-394667.782166,349566.409099,1.484040e+00,-1140.128428,589.400734,580.903843,1.199,1.967,0.052
1593,1.593000,744234.191289,-394458.260606,349775.930683,1.484330e+00,-1140.128421,589.400743,580.903680,1.003,0.218,0.048
1594,1.594000,744234.191314,-394248.951105,349985.240209,1.484620e+00,-1140.128414,589.400752,580.903517,2.680,0.454,0.051
1595,1.595000,744234.191338,-394039.853354,350194.337984,1.484910e+00,-1140.128407,589.400762,580.903353,1.070,0.195,0.050
1596,1.596000,744234.191363,-393830.967088,350403.224275,1.485199e+00,-1140.128400,589.400771,580.903190,1.091,0.215,0.100
1597,1.597000,744234.191387,-393622.292035,350611.899352,1.485488e+00,-1140.128393,589.400781,580.903026,1.049,0.778,0.047
1598,1.598000,744234.191412,-393413.827932,350820.363480,1.485777e+00,-1140.128385,589.400790,580.902863,1.051,0.202,0.049
1599,1.599000,744234.191437,-393205.574512,351028.616924,1.486065e+00,-1140.128378,589.400800,580.902700,1.191,0.193,0.043
1600,1.600000,744234.191461,-392997.531509,351236.659952,1.486353e+00,-1140.128371,589.400809,580.902536,1.040,0.429,0.046
1601,1.601000,744234.191486,-392789.698656,351444.492830,1.486641e+00,-1140.128364,589.400819,580.902373,1.312,3.051,0.051
1602,1.602000,744234.191510,-392582.075687,351652.115823,1.486928e+00,-1140.128357,589.400828,580.902209,1.221,0.195,0.048
1603,1.603000,744234.191535,-392374.662352,351859.529182,1.487216e+00,-1140.128350,589.400837,580.902046,0.984,0.408,0.114
1604,1.604000,744234.191559,-392167.458427,352066.733132,1.487503e+00,-1140.128343,589.400847,580.901883,0.991,0.802,0.048
1605,1.605000,744234.191584,-391960.463679,352273.727905,1.487789e+00,-1140.128336,589.400856,580.901719,1.092,2.494,0.056
1606,1.606000,744234.191608,-391753.677895,352480.513713,1.488075e+00,-1140.128328,589.400866,580.901556,1.047,0.195,0.040
1607,1.607000,744234.191633,-391547.100867,352687.090766,1.488362e+00,-1140.128321,589.400875,580.901393,1.003,0.520,0.049
1608,1.608000,744234.191657,-391340.732401,352893.459256,1.488647e+00,-1140.128314,589.400884,580.901229,1.082,0.234,0.047
1609,1.609000,744234.191682,-391134.572307,353099.619375,1.488933e+00,-1140.128307,589.400894,580.901066,0.998,1.052,0.042
1610,1.610000,744234.191706,-390928.620432,353305.571274,1.489218e+00,-1140.128300,589.400903,580.900903,1.280,1.086,0.071
1611,1.611000,744234.191731,-390722.876622,353511.315109,1.489503e+00,-1140.128293,589.400912,580.900739,1.041,0.200,0.047
1612,1.612000,744234.191755,-390517.340715,353716.851040,1.489787e+00,-1140.128286,589.400921,580.900576,1.063,0.890,0.107
1613,1.613000,744234.191779,-390312.012577,353922.179202,1.490072e+00,-1140.128278,589.400931,580.900413,1.008,0.224,0.054
1614,1.614000,744234.191803,-390106.892083,354127.299720,1.490356e+00,-1140.128271,589.400940,580.900249,0.986,0.187,0.050
1615,1.615000,744234.191828,-389901.979093,354332.212735,1.490639e+00,-1140.128264,589.400949,580.900086,1.067,0.199,0.054
1616,1.616000,744234.191852,-389697.273499,354536.918353,1.490923e+00,-1140.128257,589.400958,580.899923,1.022,0.202,0.050
1617,1.617000,744234.191876,-389492.775156,354741.416720,1.491206e+00,-1140.128250,589.400968,580.899760,1.053,0.193,0.044
1618,1.618000,744234.191901,-389288.483956,354945.707944,1.491489e+00,-1140.128243,589.400977,580.899597,1.036,0.205,0.050
1619,1.619000,744234.191925,-389084.399762,355149.792163,1.491772e+00,-1140.128236,589.400986,580.899434,1.179,0.970,28.310
1620,1.620000,744234.191947,-388880.522446,355353.669501,1.492054e+00,-1140.128229,589.400995,580.899270,0.997,0.465,0.051
1621,1.621000,744234.191968,-388676.851876,355557.340092,1.492336e+00,-1140.128222,589.401003,580.899107,1.223,0.345,0.046
1622,1.622000,744234.191988,-388473.387919,355760.804069,1.492618e+00,-1140.128215,589.401011,580.898944,1.075,0.416,0.049
1623,1.623000,744234.192009,-388270.130429,355964.061580,1.492899e+00,-1140.128207,589.401020,580.898781,1.022,0.247,0.043
1624,1.624000,744234.192029,-388067.079245,356167.112784,1.493180e+00,-1140.128200,589.401028,580.898618,1.639,1.352,0.046
1625,1.625000,744234.192049,-387864.234195,356369.957854,1.493461e+00,-1140.128193,589.401036,580.898455,1.030,0.203,0.039
1626,1.626000,744234.192069,-387661.595115,356572.596954,1.493742e+00,-1140.128186,589.401044,580.898292,1.104,0.567,0.051
1627,1.627000,744234.192089,-387459.161831,356775.030258,1.494022e+00,-1140.128179,589.401053,580.898129,1.187,0.248,0.047
1628,1.628000,744234.192109,-387256.934129,356977.257980,1.494302e+00,-1140.128172,589.401061,580.897967,1.094,0.229,0.050
1629,1.629000,744234.192129,-387054.911826,357179.280304,1.494582e+00,-1140.128165,589.401069,580.897804,1.018,40.924,0.043
1630,1.630000,744234.192149,-386853.094684,357381.097465,1.494861e+00,-1140.128157,589.401078,580.897641,1.155,0.283,0.047
1631,1.631000,744234.192170,-386651.482470,357582.709699,1.495140e+00,-1140.128150,589.401086,580.897478,1.181,1.487,0.053
1632,1.632000,744234.192190,-386450.074919,357784.117271,1.495419e+00,-1140.128143,589.401094,580.897316,1.139,22.735,0.043
1633,1.633000,744234.192210,-386248.871769,357985.320441,1.495698e+00,-1140.128136,589.401102,580.897153,1.426,0.310,0.061
1634,1.634000,744234.192230,-386047.872721,358186.319509,1.495976e+00,-1140.128129,589.401111,580.896990,1.136,2.734,0.063
1635,1.635000,744234.192250,-385847.077490,358387.114760,1.496254e+00,-1140.128121,589.401119,580.896828,10.097,0.906,0.060
1636,1.636000,744234.192271,-385646.485742,358587.706529,1.496532e+00,-1140.128114,589.401127,580.896665,2.837,12.316,0.048
1637,1.637000,744234.192291,-385446.097134,358788.095157,1.496810e+00,-1140.128107,589.401135,580.896503,1.084,0.223,0.036
1638,1.638000,744234.192312,-385245.911304,358988.281008,1.497087e+00,-1140.128100,589.401144,580.896340,1.146,0.280,0.059
1639,1.639000,744234.192333,-385045.927867,359188.264465,1.497364e+00,-1140.128092,589.401152,580.896178,1.152,0.270,0.055
1640,1.640000,744234.192353,-384846.146434,359388.045919,1.497640e+00,-1140.128085,589.401160,580.896015,1.026,0.204,0.053
1641,1.641000,744234.192374,-384646.566583,359587.625791,1.497917e+00,-1140.128078,589.401169,580.895853,2.761,0.824,0.114
1642,1.642000,744234.192395,-384447.187894,359787.004501,1.498193e+00,-1140.128071,589.401177,580.895691,1.157,0.253,0.050
1643,1.643000,744234.192416,-384248.009908,359986.182508,1.498468e+00,-1140.128064,589.401185,580.895529,0.997,0.217,0.048
1644,1.644000,744234.192437,-384049.032179,360185.160258,1.498744e+00,-1140.128056,589.401193,580.895367,1.198,3.262,0.114
1645,1.645000,744234.192458,-383850.254249,360383.938209,1.499019e+00,-1140.128049,589.401202,580.895204,1.431,0.270,0.059
1646,1.646000,744234.192479,-383651.675647,360582.516832,1.499294e+00,-1140.128042,589.401210,580.895042,1.052,0.204,0.048
1647,1.647000,744234.192500,-383453.295894,360780.896606,1.499569e+00,-1140.128035,589.401218,580.894880,1.179,4.581,0.054
1648,1.648000,744234.192521,-383255.114517,360979.078003,1.499843e+00,-1140.128027,589.401226,580.894718,1.044,0.283,0.048
1649,1.649000,744234.192541,-383057.131059,361177.061482,1.500117e+00,-1140.128020,589.401235,580.894556,1.047,0.214,0.050
1650,1.650000,744234.192562,-382859.345068,361374.847494,1.500391e+00,-1140.128013,589.401243,580.894394,1.271,0.259,0.052
1651,1.651000,744234.192582,-382661.756097,361572.436485,1.500665e+00,-1140.128006,589.401251,580.894232,1.027,3.231,0.051
1652,1.652000,744234.192602,-382464.363714,361769.828888,1.500938e+00,-1140.127999,589.401259,580.894070,1.067,0.231,0.049
1653,1.653000,744234.192620,-382267.167490,361967.025130,1.501211e+00,-1140.127991,589.401266,580.893908,3.283,3.503,0.047
1654,1.654000,744234.192635,-382070.167051,362164.025584,1.501484e+00,-1140.127984,589.401273,580.893746,1.024,0.232,0.052
1655,1.655000,744234.192650,-381873.362034,362360.830616,1.501757e+00,-1140.127977,589.401280,580.893585,1.555,1.537,0.052
1656,1.656000,744234.192664,-381676.752097,362557.440568,1.502029e+00,-1140.127970,589.401288,580.893423,1.158,0.242,0.052
1657,1.657000,744234.192679,-381480.336894,362753.855786,1.502301e+00,-1140.127962,589.401295,580.893262,1.090,0.245,0.052
1658,1.658000,744234.192694,-381284.116117,362950.076577,1.502573e+00,-1140.127955,589.401302,580.893100,3.642,0.498,0.156
1659,1.659000,744234.192709,-381088.089502,363146.103207,1.502844e+00,-1140.127948,589.401309,580.892939,1.081,0.976,0.063
1660,1.660000,744234.192723,-380892.256777,363341.935946,1.503115e+00,-1140.127941,589.401316,580.892777,1.021,0.220,0.044
1661,1.661000,744234.192738,-380696.617675,363537.575063,1.503386e+00,-1140.127933,589.401323,580.892616,2.089,3.949,0.037
1662,1.662000,744234.192752,-380501.171941,363733.020811,1.503657e+00,-1140.127926,589.401329,580.892454,1.112,1.205,0.045
1663,1.663000,744234.192767,-380305.919356,363928.273411,1.503927e+00,-1140.127919,589.401336,580.892293,1.206,5.739,0.054
1664,1.664000,744234.192781,-380110.859698,364123.333084,1.504197e+00,-1140.127912,589.401343,580.892132,1.171,1.590,0.046
1665,1.665000,744234.192796,-379915.992753,364318.200043,1.504467e+00,-1140.127905,589.401350,580.891971,1.101,0.224,0.051
1666,1.666000,744234.192811,-379721.318324,364512.874487,1.504737e+00,-1140.127897,589.401357,580.891810,1.053,0.214,0.051
1667,1.667000,744234.192826,-379526.836190,364707.356636,1.505006e+00,-1140.127890,589.401364,580.891649,3.806,0.477,0.267
1668,1.668000,744234.192840,-379332.546168,364901.646672,1.505275e+00,-1140.127883,589.401371,580.891488,0.994,0.241,0.043
1669,1.669000,744234.192854,-379138.448054,365095.744800,1.505544e+00,-1140.127875,589.401378,580.891327,1.324,0.227,0.219
1670,1.670000,744234.192868,-378944.541675,365289.651193,1.505812e+00,-1140.127868,589.401385,580.891166,1.159,0.235,0.050
1671,1.671000,744234.192882,-378750.826836,365483.366046,1.506080e+00,-1140.127860,589.401392,580.891005,0.989,0.600,0.043
1672,1.672000,744234.192896,-378557.303369,365676.889527,1.506348e+00,-1140.127853,589.401399,580.890845,2.258,1.447,0.125
1673,1.673000,744234.192910,-378363.971094,365870.221815,1.506616e+00,-1140.127845,589.401406,580.890684,1.151,0.534,0.064
1674,1.674000,744234.192924,-378170.829837,366063.363087,1.506883e+00,-1140.127837,589.401413,580.890523,1.153,7.429,0.049
1675,1.675000,744234.192937,-377977.879446,366256.313492,1.507151e+00,-1140.127830,589.401420,580.890362,1.044,0.385,0.049
1676,1.676000,744234.192951,-377785.119757,366449.073194,1.507418e+00,-1140.127822,589.401427,580.890201,1.045,0.204,0.061
1677,1.677000,744234.192965,-377592.550578,366641.642387,1.507684e+00,-1140.127814,589.401434,580.890040,1.139,0.435,0.048
1678,1.678000,744234.192980,-377400.171771,366834.021209,1.507951e+00,-1140.127807,589.401442,580.889880,1.218,0.202,0.055
1679,1.679000,744234.192996,-377207.983196,367026.209800,1.508217e+00,-1140.127799,589.401449,580.889720,1.187,0.229,0.054
1680,1.680000,744234.193012,-377015.984691,367218.208320,1.508483e+00,-1140.127791,589.401456,580.889560,2.187,0.584,0.121
1681,1.681000,744234.193028,-376824.176098,367410.016930,1.508748e+00,-1140.127784,589.401463,580.889400,1.030,0.197,0.041
1682,1.682000,744234.193044,-376632.557260,367601.635784,1.509014e+00,-1140.127776,589.401470,580.889240,1.078,0.749,0.052
1683,1.683000,744234.193060,-376441.128027,367793.065033,1.509279e+00,-1140.127768,589.401477,580.889080,1.063,4.134,0.046
1684,1.684000,744234.193076,-376249.888230,367984.304847,1.509543e+00,-1140.127760,589.401484,580.888921,1.121,0.501,0.049
1685,1.685000,744234.193093,-376058.837736,368175.355357,1.509808e+00,-1140.127753,589.401491,580.888761,1.072,0.441,0.047
1686,1.686000,744234.193109,-375867.976366,368366.216742,1.510072e+00,-1140.127745,589.401498,580.888602,9.500,1.133,0.135
1687,1.687000,744234.193125,-375677.303966,368556.889159,1.510336e+00,-1140.127737,589.401505,580.888442,1.082,1.499,0.053
1688,1.688000,744234.193142,-375486.820385,368747.372757,1.510600e+00,-1140.127729,589.401513,580.888283,1.107,14.517,0.046
1689,1.689000,744234.193158,-375296.525451,368937.667707,1.510863e+00,-1140.127722,589.401520,580.888124,1.124,0.197,0.046
1690,1.690000,744234.193174,-375106.419016,369127.774159,1.511127e+00,-1140.127714,589.401527,580.887965,0.993,0.572,0.051
1691,1.691000,744234.193190,-374916.500908,369317.692282,1.511390e+00,-1140.127706,589.401534,580.887806,1.085,0.201,0.053
1692,1.692000,744234.193207,-374726.770970,369507.422237,1.511652e+00,-1140.127698,589.401541,580.887648,1.053,12.311,0.048
1693,1.693000,744234.193223,-374537.229060,369696.964162,1.511915e+00,-1140.127690,589.401548,580.887489,1.233,0.323,0.054
1694,1.694000,744234.195552,-374347.875013,369886.320539,1.512177e+00,-1140.127702,589.401269,580.887187,1.024,3.766,0.051
1695,1.695000,744234.200153,-374158.708666,370075.491486,1.512439e+00,-1140.127732,589.400708,580.886743,1.094,0.207,0.052
1696,1.696000,744234.204701,-373969.729875,370264.474826,1.512701e+00,-1140.127763,589.400150,580.886299,1.026,0.194,0.051
1697,1.697000,744234.209236,-373780.938497,370453.270739,1.512962e+00,-1140.127793,589.399594,580.885858,1.052,1.569,0.056
1698,1.698000,744234.213771,-373592.334368,370641.879403,1.513223e+00,-1140.127824,589.399038,580.885417,1.070,0.224,0.041
1699,1.699000,744234.218303,-373403.917337,370830.300967,1.513484e+00,-1140.127854,589.398484,580.884976,1.075,1.618,0.043
1700,1.700000,744234.222833,-373215.687249,371018.535584,1.513745e+00,-1140.127883,589.397931,580.884535,1.119,0.258,0.053
1701,1.701000,744234.227345,-373027.643963,371206.583383,1.514005e+00,-1140.127913,589.397380,580.884095,0.999,0.195,0.046
1702,1.702000,744234.231837,-372839.787324,371394.444513,1.514265e+00,-1140.127943,589.396832,580.883656,1.160,0.275,0.042
1703,1.703000,744234.236325,-372652.117186,371582.119138,1.514525e+00,-1140.127973,589.396283,580.883218,1.044,0.202,0.048
1704,1.704000,744234.240814,-372464.633378,371769.607436,1.514785e+00,-1140.128003,589.395736,580.882781,1.036,0.207,0.043
1705,1.705000,744234.245300,-372277.335734,371956.909566,1.515044e+00,-1140.128034,589.395191,580.882343,1.381,0.278,0.055
1706,1.706000,744234.249778,-372090.224106,372144.025672,1.515303e+00,-1140.128065,589.394648,580.881908,0.994,0.711,0.045
1707,1.707000,744234.254253,-371903.298286,372330.955966,1.515562e+00,-1140.128096,589.394106,580.881475,1.042,0.204,0.040
1708,1.708000,744234.258729,-371716.558112,372517.700617,1.515821e+00,-1140.128127,589.393565,580.881042,0.991,0.925,0.044
1709,1.709000,744234.263204,-371530.003398,372704.259806,1.516079e+00,-1140.128157,589.393023,580.880611,1.229,0.729,0.054
1710,1.710000,744234.267675,-371343.633928,372890.633747,1.516337e+00,-1140.128188,589.392483,580.880180,1.033,0.650,0.047
1711,1.711000,744234.272112,-371157.449517,373076.822595,1.516595e+00,-1140.128219,589.391945,580.879750,1.199,0.254,0.059
1712,1.712000,744234.276515,-370971.449931,373262.826585,1.516852e+00,-1140.128249,589.391410,580.879321,5.392,14.682,0.072
1713,1.713000,744234.280922,-370785.634970,373448.645952,1.517110e+00,-1140.128280,589.390874,580.878892,1.114,17.310,0.048
1714,1.714000,744234.285333,-370600.004388,373634.280945,1.517367e+00,-1140.128309,589.390340,580.878464,1.010,0.346,0.062
1715,1.715000,744234.289744,-370414.557947,373819.731798,1.517624e+00,-1140.128339,589.389807,580.878037,1.037,1.608,0.117
1716,1.716000,744234.294145,-370229.295402,374004.998742,1.517880e+00,-1140.128369,589.389277,580.877611,1.009,3.932,0.044
1717,1.717000,744234.298534,-370044.216503,374190.082031,1.518136e+00,-1140.128399,589.388748,580.877185,1.101,1.662,0.038
1718,1.718000,744234.302912,-369859.320993,374374.981919,1.518392e+00,-1140.128428,589.388220,580.876761,1.112,0.807,0.045
1719,1.719000,744234.307265,-369674.608589,374559.698676,1.518648e+00,-1140.128458,589.387693,580.876340,1.050,0.474,0.049
1720,1.720000,744234.311567,-369490.079028,374744.232538,1.518904e+00,-1140.128488,589.387169,580.875920,1.049,0.461,0.065
1721,1.721000,744234.313699,-369305.732022,374928.581677,1.519159e+00,-1140.128501,589.386906,580.875704,1.079,0.597,0.043
1722,1.722000,744234.313699,-369121.567277,375112.746422,1.519414e+00,-1140.128496,589.386901,580.875693,1.238,0.384,0.053
1723,1.723000,744234.313698,-368937.584505,375296.729193,1.519669e+00,-1140.128492,589.386896,580.875681,1.009,1.468,0.045
1724,1.724000,744234.313698,-368753.783397,375480.530301,1.519923e+00,-1140.128488,589.386891,580.875670,1.074,0.225,0.115
1725,1.725000,744234.313698,-368570.163640,375664.150057,1.520178e+00,-1140.128483,589.386886,580.875659,1.063,0.205,0.050
1726,1.726000,744234.313697,-368386.724905,375847.588792,1.520432e+00,-1140.128479,589.386881,580.875647,1.049,0.236,0.047
1727,1.727000,744234.313697,-368203.466881,376030.846816,1.520685e+00,-1140.128475,589.386876,580.875636,1.020,3.257,0.046
1728,1.728000,744234.313696,-368020.389241,376213.924455,1.520939e+00,-1140.128470,589.386871,580.875624,1.075,0.399,0.113
1729,1.729000,744234.313696,-367837.491638,376396.822058,1.521192e+00,-1140.128466,589.386866,580.875613,1.015,0.190,0.051
1730,1.730000,744234.313696,-367654.773723,376579.539972,1.521445e+00,-1140.128462,589.386861,580.875601,1.139,0.247,0.043
1731,1.731000,744234.313695,-367472.235150,376762.078545,1.521698e+00,-1140.128457,589.386856,580.875590,2.683,10.514,0.103
1732,1.732000,744234.313695,-367289.875551,376944.438143,1.521950e+00,-1140.128453,589.386851,580.875579,1.018,8.615,0.042
1733,1.733000,744234.313694,-367107.694584,377126.619110,1.522203e+00,-1140.128449,589.386846,580.875567,1.159,5.463,0.060
1734,1.734000,744234.313694,-366925.691862,377308.621832,1.522455e+00,-1140.128444,589.386841,580.875556,1.087,0.258,0.044
1735,1.735000,744234.313694,-366743.867008,377490.446686,1.522706e+00,-1140.128440,589.386836,580.875544,1.188,0.246,0.056
1736,1.736000,744234.313693,-366562.219641,377672.094052,1.522958e+00,-1140.128436,589.386831,580.875533,1.158,0.237,0.067
1737,1.737000,744234.313693,-366380.749372,377853.564321,1.523209e+00,-1140.128431,589.386826,580.875522,1.065,0.579,0.063
1738,1.738000,744234.313692,-366199.455780,378034.857912,1.523460e+00,-1140.128427,589.386821,580.875510,1.191,10.681,0.052
1739,1.739000,744234.313692,-366018.338485,378215.975207,1.523711e+00,-1140.128423,589.386816,580.875499,1.093,0.257,0.037
1740,1.740000,744234.313691,-365837.397055,378396.916636,1.523962e+00,-1140.128418,589.386811,580.875487,1.143,0.226,0.042
1741,1.741000,744234.313691,-365656.631067,378577.682624,1.524212e+00,-1140.128414,589.386806,580.875476,1.028,0.223,0.043
1742,1.742000,744234.313690,-365476.040106,378758.273584,1.524462e+00,-1140.128410,589.386801,580.875464,1.177,1.228,0.049
1743,1.743000,744234.313690,-365295.623734,378938.689956,1.524712e+00,-1140.128405,589.386796,580.875452,1.016,1.463,0.043
1744,1.744000,744234.313689,-365115.381529,379118.932160,1.524961e+00,-1140.128401,589.386791,580.875441,1.028,0.197,0.050
1745,1.745000,744234.313689,-364935.313056,379299.000633,1.525211e+00,-1140.128397,589.386786,580.875429,1.200,0.223,0.074
1746,1.746000,744234.313688,-364755.417868,379478.895821,1.525460e+00,-1140.128392,589.386781,580.875418,1.249,0.263,0.051
1747,1.747000,744234.313688,-364575.695520,379658.618168,1.525709e+00,-1140.128388,589.386776,580.875406,1.267,0.433,0.057
1748,1.748000,744234.313687,-364396.145586,379838.168101,1.525957e+00,-1140.128383,589.386771,580.875395,1.010,0.277,0.048
1749,1.749000,744234.313687,-364216.767621,380017.546066,1.526206e+00,-1140.128379,589.386766,580.875383,1.019,0.197,0.054
1750,1.750000,744234.313686,-364037.561170,380196.752517,1.526454e+00,-1140.128375,589.386760,580.875372,1.060,4.285,0.044
1751,1.751000,744234.313686,-363858.525808,380375.787878,1.526702e+00,-1140.128370,589.386755,580.875360,1.071,0.214,0.059
1752,1.752000,744234.313685,-363679.661073,380554.652612,1.526949e+00,-1140.128366,589.386750,580.875348,1.138,0.239,0.049
1753,1.753000,744234.313685,-363500.966546,380733.347138,1.527197e+00,-1140.128362,589.386745,580.875337,1.090,0.350,0.053
1754,1.754000,744234.313684,-363322.441802,380911.871882,1.527444e+00,-1140.128357,589.386740,580.875325,1.036,0.206,0.055
1755,1.755000,744234.313684,-363144.086416,381090.227267,1.527691e+00,-1140.128353,589.386735,580.875314,1.119,0.501,0.052
1756,1.756000,744234.313683,-362965.899985,381268.413698,1.527938e+00,-1140.128348,589.386730,580.875302,2.630,0.708,0.135
1757,1.757000,744234.313683,-362787.882075,381446.431607,1.528184e+00,-1140.128344,589.386725,580.875291,1.329,0.594,0.045
1758,1.758000,744234.313682,-362610.032299,381624.281384,1.528430e+00,-1140.128340,589.386720,580.875279,1.025,2.451,0.048
1759,1.759000,744234.313682,-362432.350242,381801.963440,1.528677e+00,-1140.128335,589.386715,580.875268,1.024,0.236,0.051
1760,1.760000,744234.313681,-362254.835531,381979.478150,1.528922e+00,-1140.128331,589.386710,580.875256,1.194,0.199,0.068
1761,1.761000,744234.313681,-362077.487775,382156.825906,1.529168e+00,-1140.128327,589.386705,580.875244,1.051,0.196,0.054
1762,1.762000,744234.313680,-361900.306587,382334.007093,1.529413e+00,-1140.128322,589.386700,580.875233,1.072,1.492,0.047
1763,1.763000,744234.313680,-361723.291589,382511.022090,1.529658e+00,-1140.128318,589.386695,580.875221,1.257,0.227,0.054
1764,1.764000,744234.313679,-361546.442432,382687.871247,1.529903e+00,-1140.128313,589.386690,580.875210,1.084,4.383,0.052
1765,1.765000,744234.313679,-361369.758739,382864.554940,1.530148e+00,-1140.128309,589.386685,580.875198,1.128,1.222,0.041
1766,1.766000,744234.313678,-361193.240130,383041.073548,1.530392e+00,-1140.128305,589.386680,580.875187,1.103,2.289,0.042
1767,1.767000,744234.313678,-361016.886248,383217.427430,1.530637e+00,-1140.128300,589.386675,580.875175,1.066,0.214,0.050
1768,1.768000,744234.313677,-360840.696724,383393.616953,1.530880e+00,-1140.128296,589.386670,580.875163,1.029,0.196,0.048
1769,1.769000,744234.313677,-360664.671201,383569.642476,1.531124e+00,-1140.128292,589.386665,580.875151,1.154,0.203,0.054
1770,1.770000,744234.313676,-360488.809292,383745.504384,1.531368e+00,-1140.128287,589.386660,580.875140,1.153,33.454,0.075
1771,1.771000,744234.313676,-360313.110655,383921.203021,1.531611e+00,-1140.128283,589.386655,580.875128,1.047,3.599,0.051
1772,1.772000,744234.313675,-360137.574914,384096.738762,1.531854e+00,-1140.128278,589.386650,580.875116,1.097,0.267,0.054
1773,1.773000,744234.313675,-359962.201713,384272.111962,1.532097e+00,-1140.128274,589.386645,580.875104,5.490,1.200,0.128
1774,1.774000,744234.313674,-359786.990681,384447.322994,1.532340e+00,-1140.128270,589.386640,580.875093,1.017,2.242,0.050
1775,1.775000,744234.313674,-359611.941451,384622.372223,1.532582e+00,-1140.128265,589.386635,580.875081,1.212,0.780,0.058
1776,1.776000,744234.313673,-359437.053678,384797.259995,1.532824e+00,-1140.128261,589.386630,580.875069,0.996,3.009,0.049
1777,1.777000,744234.313673,-359262.327000,384971.986673,1.533066e+00,-1140.128257,589.386625,580.875057,1.098,0.250,0.048
1778,1.778000,744234.313672,-359087.761069,385146.552603,1.533308e+00,-1140.128252,589.386620,580.875045,2.644,0.610,0.046
1779,1.779000,744234.313672,-358913.355535,385320.958137,1.533549e+00,-1140.128248,589.386615,580.875034,1.650,0.502,0.067
1780,1.780000,744234.313671,-358739.110075,385495.203597,1.533791e+00,-1140.128243,589.386610,580.875022,1.157,1.105,0.052
1781,1.781000,744234.313671,-358565.024351,385669.289320,1.534032e+00,-1140.128239,589.386605,580.875010,1.031,0.879,0.045
1782,1.782000,744234.313670,-358391.098059,385843.215612,1.534272e+00,-1140.128235,589.386600,580.874998,1.080,0.192,0.043
1783,1.783000,744234.313670,-358217.330886,386016.982784,1.534513e+00,-1140.128230,589.386595,580.874986,1.049,0.193,0.044
1784,1.784000,744234.313669,-358043.722562,386190.591108,1.534753e+00,-1140.128226,589.386590,580.874975,1.054,1.155,0.048
1785,1.785000,744234.313669,-357870.272796,386364.040873,1.534994e+00,-1140.128221,589.386585,580.874963,1.048,0.198,0.048
1786,1.786000,744234.313668,-357696.981346,386537.332323,1.535234e+00,-1140.128217,589.386580,580.874951,1.035,1.163,0.051
1787,1.787000,744234.313668,-357523.847958,386710.465710,1.535473e+00,-1140.128213,589.386574,580.874939,1.088,0.198,0.054
1788,1.788000,744234.313667,-357350.872418,386883.441249,1.535713e+00,-1140.128208,589.386569,580.874927,1.039,0.202,0.049
1789,1.789000,744234.313667,-357178.054505,387056.259162,1.535952e+00,-1140.128204,589.386564,580.874916,1.050,0.402,0.059
1790,1.790000,744234.313666,-357005.394034,387228.919632,1.536191e+00,-1140.128199,589.386559,580.874904,1.013,0.236,0.050
1791,1.791000,744234.313666,-356832.890827,387401.422839,1.536430e+00,-1140.128195,589.386554,580.874892,1.232,2.458,0.046
1792,1.792000,744234.313665,-356660.544735,387573.768931,1.536669e+00,-1140.128191,589.386549,580.874880,1.017,0.195,0.048
1793,1.793000,744234.313665,-356488.355592,387745.958073,1.536907e+00,-1140.128186,589.386544,580.874868,1.067,0.223,0.040
1794,1.794000,744234.313664,-356316.323265,387917.990399,1.537145e+00,-1140.128182,589.386539,580.874857,1.115,0.271,0.045
1795,1.795000,744234.313664,-356144.447632,388089.866032,1.537383e+00,-1140.128177,589.386534,580.874845,1.057,1.384,0.044
1796,1.796000,744234.313664,-355972.728574,388261.585089,1.537621e+00,-1140.128173,589.386529,580.874833,0.993,3.269,0.047
1797,1.797000,744234.313663,-355801.166003,388433.147660,1.537859e+00,-1140.128168,589.386524,580.874821,1.072,0.195,0.045
1798,1.798000,744234.313663,-355629.759827,388604.553836,1.538096e+00,-1140.128164,589.386519,580.874810,1.060,1.117,0.042
1799,1.799000,744234.313662,-355458.509936,388775.803726,1.538333e+00,-1140.128160,589.386515,580.874798,1.570,6.537,0.047
1800,1.800000,744234.313662,-355287.416250,388946.897411,1.538570e+00,-1140.128155,589.386510,580.874786,2.820,1.449,0.042
1801,1.801000,744234.313661,-355116.478695,389117.834966,1.538807e+00,-1140.128151,589.386505,580.874774,1.088,0.435,0.040
1802,1.802000,744234.313661,-354945.697197,389288.616463,1.539043e+00,-1140.128146,589.386500,580.874762,1.095,0.193,0.046
1803,1.803000,744234.313660,-354775.071685,389459.241975,1.539279e+00,-1140.128142,589.386495,580.874751,1.064,3.196,0.045
1804,1.804000,744234.313660,-354604.602074,389629.711586,1.539516e+00,-1140.128138,589.386490,580.874739,1.365,2.418,0.042
1805,1.805000,744234.313659,-354434.288313,389800.025346,1.539751e+00,-1140.128133,589.386485,580.874727,1.094,0.230,0.050
1806,1.806000,744234.313659,-354264.130327,389970.183331,1.539987e+00,-1140.128129,589.386480,580.874715,1.024,0.256,0.043
1807,1.807000,744234.313658,-354094.128034,390140.185624,1.540222e+00,-1140.128124,589.386475,580.874704,1.058,4.034,0.052
1808,1.808000,744234.313658,-353924.281393,390310.032265,1.540458e+00,-1140.128120,589.386470,580.874692,1.021,0.189,0.045
1809,1.809000,744234.313657,-353754.590320,390479.723338,1.540693e+00,-1140.128115,589.386465,580.874680,1.015,0.366,0.050
1810,1.810000,744234.313657,-353585.054763,390649.258894,1.540927e+00,-1140.128111,589.386460,580.874668,1.108,0.463,0.049
1811,1.811000,744234.313656,-353415.674665,390818.638991,1.541162e+00,-1140.128106,589.386455,580.874657,1.330,0.245,0.059
1812,1.812000,744234.313656,-353246.449976,390987.863679,1.541396e+00,-1140.128102,589.386450,580.874645,1.114,0.219,0.044
1813,1.813000,744234.313655,-353077.380631,391156.933024,1.541630e+00,-1140.128098,589.386445,580.874633,0.996,0.269,0.054
1814,1.814000,744234.313654,-352908.466597,391325.847057,1.541864e+00,-1140.128093,589.386440,580.874621,1.106,0.771,0.045
1815,1.815000,744234.313653,-352739.707815,391494.605838,1.542098e+00,-1140.128089,589.386435,580.874609,1.091,0.199,0.070
1816,1.816000,744234.313652,-352571.104256,391663.209396,1.542331e+00,-1140.128084,589.386430,580.874597,1.104,0.231,0.053
1817,1.817000,744234.313652,-352402.655873,391831.657778,1.542565e+00,-1140.128080,589.386425,580.874584,1.089,0.201,0.052
1818,1.818000,744234.313651,-352234.362622,391999.951029,1.542798e+00,-1140.128075,589.386420,580.874572,1.030,0.198,0.051
1819,1.819000,744234.313650,-352066.224476,392168.089174,1.543030e+00,-1140.128071,589.386416,580.874560,0.998,0.186,0.091
1820,1.820000,744234.313649,-351898.241416,392336.072233,1.543263e+00,-1140.128066,589.386411,580.874548,1.112,0.847,0.047
1821,1.821000,744234.313648,-351730.413417,392503.900231,1.543495e+00,-1140.128062,589.386406,580.874536,1.161,0.865,0.040
1822,1.822000,744234.313647,-351562.740444,392671.573203,1.543728e+00,-1140.128057,589.386401,580.874524,1.156,3.966,0.049
1823,1.823000,744234.313646,-351395.222476,392839.091171,1.543960e+00,-1140.128053,589.386396,580.874512,1.023,1.272,0.044
1824,1.824000,744234.313645,-351227.859479,393006.454166,1.544191e+00,-1140.128049,589.386391,580.874500,1.267,0.238,0.069
1825,1.825000,744234.313645,-351060.651438,393173.662207,1.544423e+00,-1140.128044,589.386386,580.874488,1.068,0.748,0.063
1826,1.826000,744234.313644,-350893.598312,393340.715332,1.544654e+00,-1140.128040,589.386381,580.874476,2.577,0.529,0.121
1827,1.827000,744234.313643,-350726.700076,393507.613566,1.544885e+00,-1140.128035,589.386376,580.874464,1.050,0.219,0.054
1828,1.828000,744234.313642,-350559.956685,393674.356957,1.545116e+00,-1140.128031,589.386371,580.874452,6.057,2.865,0.046
1829,1.829000,744234.313641,-350393.368082,393840.945559,1.545347e+00,-1140.128026,589.386366,580.874440,1.002,2.863,0.047
1830,1.830000,744234.313641,-350226.934200,394007.379441,1.545577e+00,-1140.128021,589.386361,580.874428,1.121,0.436,0.050
1831,1.831000,744234.313640,-350060.654951,394173.658689,1.545807e+00,-1140.128016,589.386356,580.874415,1.098,2.320,0.043
1832,1.832000,744234.313640,-349894.530240,394339.783400,1.546037e+00,-1140.128012,589.386351,580.874403,1.163,0.800,0.041
1833,1.833000,744234.313639,-349728.559953,394505.753686,1.546267e+00,-1140.128007,589.386346,580.874391,1.084,0.334,0.045
1834,1.834000,744234.313639,-349562.743960,394671.569679,1.546497e+00,-1140.128002,589.386341,580.874379,1.041,0.182,0.045
1835,1.835000,744234.313638,-349397.082105,394837.231534,1.546726e+00,-1140.127997,589.386336,580.874367,1.046,0.199,0.051
1836,1.836000,744234.313638,-349231.574200,395002.739438,1.546955e+00,-1140.127992,589.386332,580.874355,1.074,0.502,0.048
1837,1.837000,744234.313638,-349066.220028,395168.093610,1.547184e+00,-1140.127988,589.386327,580.874343,1.020,0.419,0.044
1838,1.838000,744234.313637,-348901.019358,395333.294279,1.547413e+00,-1140.127983,589.386322,580.874331,1.049,1.503,0.062
1839,1.839000,744234.313637,-348735.971944,395498.341693,1.547642e+00,-1140.127978,589.386317,580.874319,5.633,0.477,0.044
1840,1.840000,744234.313636,-348571.077473,395663.236163,1.547870e+00,-1140.127973,589.386312,580.874307,1.077,16.855,0.077
1841,1.841000,744234.313636,-348406.335613,395827.978022,1.548098e+00,-1140.127968,589.386307,580.874295,1.141,0.223,0.043
1842,1.842000,744234.313635,-348241.746024,395992.567611,1.548326e+00,-1140.127963,589.386302,580.874283,1.042,0.254,0.057
1843,1.843000,744234.313635,-348077.308317,396157.005318,1.548554e+00,-1140.127959,589.386297,580.874270,1.060,0.226,0.058
1844,1.844000,744234.313634,-347913.022077,396321.291557,1.548781e+00,-1140.127954,589.386292,580.874258,1.032,0.270,0.049
1845,1.845000,744234.313634,-347748.886886,396485.426748,1.549009e+00,-1140.127949,589.386287,580.874246,1.125,0.432,0.055
1846,1.846000,744234.313633,-347584.902269,396649.411365,1.549236e+00,-1140.127944,589.386282,580.874234,1.080,0.204,0.059
1847,1.847000,744234.313633,-347421.067754,396813.245879,1.549462e+00,-1140.127939,589.386277,580.874222,1.054,0.386,0.061
1848,1.848000,744234.313632,-347257.382875,396976.930758,1.549689e+00,-1140.127935,589.386272,580.874210,1.467,0.604,0.065
1849,1.849000,744234.313632,-347093.847142,397140.466490,1.549916e+00,-1140.127930,589.386267,580.874198,1.054,0.210,0.049
1850,1.850000,744234.313631,-346930.460061,397303.853571,1.550142e+00,-1140.127925,589.386262,580.874186,2.366,0.827,0.115
1851,1.851000,744234.313631,-346767.221170,397467.092461,1.550368e+00,-1140.127920,589.386257,580.874174,1.048,0.200,0.056
1852,1.852000,744234.313630,-346604.129998,397630.183633,1.550594e+00,-1140.127915,589.386252,580.874162,1.044,0.213,0.058
1853,1.853000,744234.313630,-346441.186102,397793.127528,1.550819e+00,-1140.127910,589.386247,580.874150,1.141,0.554,0.053
1854,1.854000,744234.313629,-346278.389070,397955.924559,1.551045e+00,-1140.127906,589.386243,580.874137,1.034,0.214,0.045
1855,1.855000,744234.313628,-346115.738527,398118.575101,1.551270e+00,-1140.127900,589.386238,580.874125,1.152,0.389,0.047
1856,1.856000,744234.313628,-345953.234128,398281.079500,1.551495e+00,-1140.127895,589.386233,580.874113,1.015,2.843,0.049
1857,1.857000,744234.313627,-345790.875587,398443.438040,1.551720e+00,-1140.127890,589.386228,580.874101,3.375,0.538,0.048
1858,1.858000,744234.313626,-345628.662647,398605.650979,1.551944e+00,-1140.127885,589.386223,580.874089,1.042,8.841,0.055
1859,1.859000,744234.313625,-345466.595114,398767.718511,1.552169e+00,-1140.127880,589.386218,580.874077,1.146,0.317,0.058
1860,1.860000,744234.313624,-345304.672818,398929.640807,1.552393e+00,-1140.127875,589.386213,580.874065,1.045,0.224,0.050
1861,1.861000,744234.313623,-345142.895648,399091.417975,1.552617e+00,-1140.127870,589.386208,580.874052,1.062,0.197,0.045
1862,1.862000,744234.313623,-344981.263522,399253.050100,1.552841e+00,-1140.127865,589.386203,580.874040,1.034,0.465,0.077
1863,1.863000,744234.313622,-344819.776376,399414.537245,1.553064e+00,-1140.127860,589.386198,580.874028,1.034,0.206,0.050
1864,1.864000,744234.313621,-344658.434181,399575.879440,1.553288e+00,-1140.127855,589.386193,580.874016,1.149,0.222,0.053
1865,1.865000,744234.313620,-344497.236918,399737.076702,1.553511e+00,-1140.127850,589.386188,580.874003,1.018,2.228,0.053
1866,1.866000,744234.313619,-344336.184572,399898.129047,1.553734e+00,-1140.127845,589.386183,580.873991,1.038,0.196,0.055
1867,1.867000,744234.313618,-344175.277168,400059.036450,1.553957e+00,-1140.127840,589.386178,580.873979,1.102,0.236,0.065
1868,1.868000,744234.313618,-344014.514683,400219.798935,1.554179e+00,-1140.127835,589.386173,580.873967,1.054,4.028,0.053
1869,1.869000,744234.313617,-343853.897125,400380.416492,1.554402e+00,-1140.127830,589.386168,580.873955,9.174,0.263,0.040
1870,1.870000,744234.313616,-343693.424461,400540.889155,1.554624e+00,-1140.127825,589.386163,580.873943,1.062,0.203,0.049
1871,1.871000,744234.313615,-343533.096691,400701.216924,1.554846e+00,-1140.127820,589.386158,580.873930,1.023,0.195,0.045
1872,1.872000,744234.313614,-343372.913766,400861.399848,1.555068e+00,-1140.127815,589.386153,580.873918,1.067,0.206,0.049
1873,1.873000,744234.313613,-343212.875639,401021.437975,1.555290e+00,-1140.127810,589.386148,580.873906,1.020,0.511,0.047
1874,1.874000,744234.313613,-343052.982248,401181.331365,1.555511e+00,-1140.127805,589.386143,580.873894,1.172,0.223,0.062
1875,1.875000,744234.313612,-342893.233512,401341.080100,1.555732e+00,-1140.127800,589.386138,580.873882,1.134,0.272,0.048
1876,1.876000,744234.313610,-342733.629341,401500.684269,1.555953e+00,-1140.127795,589.386134,580.873869,1.222,2.347,0.050
1877,1.877000,744234.313609,-342574.169626,401660.143983,1.556174e+00,-1140.127790,589.386129,580.873857,1.088,0.906,0.144
1878,1.878000,744234.313608,-342414.854249,401819.459359,1.556395e+00,-1140.127785,589.386124,580.873844,1.447,0.625,0.095
1879,1.879000,744234.313607,-342255.683078,401978.630529,1.556615e+00,-1140.127780,589.386119,580.873832,1.107,0.228,0.053
1880,1.880000,744234.313606,-342096.655970,402137.657636,1.556835e+00,-1140.127775,589.386114,580.873819,4.527,0.207,0.050
1881,1.881000,744234.313604,-341937.772781,402296.540823,1.557055e+00,-1140.127770,589.386109,580.873807,1.108,0.255,0.049
1882,1.882000,744234.313603,-341779.033340,402455.280263,1.557275e+00,-1140.127765,589.386104,580.873795,1.024,0.195,0.041
1883,1.883000,744234.313602,-341620.437480,402613.876122,1.557495e+00,-1140.127759,589.386099,580.873782,1.151,6.672,0.047
1884,1.884000,744234.313601,-341461.985027,402772.328574,1.557714e+00,-1140.127754,589.386094,580.873770,1.026,3.981,0.049
1885,1.885000,744234.313599,-341303.675794,402930.637806,1.557933e+00,-1140.127749,589.386089,580.873757,1.052,0.200,0.046
1886,1.886000,744234.313598,-341145.509594,403088.804004,1.558152e+00,-1140.127744,589.386084,580.873745,1.126,0.843,0.050
1887,1.887000,744234.313597,-340987.486230,403246.827367,1.558371e+00,-1140.127739,589.386079,580.873732,1.074,2.901,0.051
1888,1.888000,744234.313595,-340829.605491,403404.708104,1.558590e+00,-1140.127734,589.386074,580.873720,1.005,23.628,0.041
1889,1.889000,744234.313594,-340671.867180,403562.446414,1.558808e+00,-1140.127729,589.386069,580.873707,1.556,0.600,0.114
1890,1.890000,744234.313593,-340514.271073,403720.042520,1.559026e+00,-1140.127724,589.386064,580.873695,1.059,0.237,0.057
1891,1.891000,744234.313592,-340356.816943,403877.496649,1.559244e+00,-1140.127718,589.386059,580.873683,1.039,0.335,0.050
1892,1.892000,744234.313590,-340199.504592,404034.808998,1.559462e+00,-1140.127713,589.386054,580.873670,1.071,0.208,0.052
1893,1.893000,744234.313589,-340042.333794,404191.979795,1.559680e+00,-1140.127708,589.386049,580.873658,1.107,0.762,0.060
1894,1.894000,744234.313588,-339885.304313,404349.009274,1.559897e+00,-1140.127703,589.386044,580.873645,1.039,4.007,0.048
1895,1.895000,744234.313587,-339728.415917,404505.897670,1.560114e+00,-1140.127698,589.386039,580.873633,1.137,0.608,0.113
1896,1.896000,744234.313586,-339571.668378,404662.645208,1.560331e+00,-1140.127693,589.386035,580.873620,6.591,0.481,0.127
1897,1.897000,744234.313585,-339415.061450,404819.252135,1.560548e+00,-1140.127687,589.386030,580.873608,1.053,0.200,0.053
1898,1.898000,744234.313584,-339258.594916,404975.718667,1.560765e+00,-1140.127682,589.386025,580.873595,1.243,1.144,0.047
1899,1.899000,744234.313583,-339102.268529,405132.045054,1.560981e+00,-1140.127677,589.386021,580.873583,1.265,0.229,0.053
1900,1.900000,744234.313582,-338946.082053,405288.231529,1.561198e+00,-1140.127672,589.386016,580.873570,24.987,1.101,0.046
1901,1.901000,744234.313581,-338790.035244,405444.278337,1.561414e+00,-1140.127667,589.386011,580.873558,1.020,0.200,0.041
1902,1.902000,744234.313580,-338634.127869,405600.185711,1.561630e+00,-1140.127662,589.386006,580.873545,1.251,0.238,0.107
1903,1.903000,744234.313579,-338478.359700,405755.953879,1.561845e+00,-1140.127656,589.386002,580.873533,1.067,0.515,0.050
1904,1.904000,744234.313578,-338322.730513,405911.583066,1.562061e+00,-1140.127651,589.385997,580.873520,1.046,0.212,0.049
1905,1.905000,744234.313577,-338167.240080,406067.073497,1.562276e+00,-1140.127646,589.385992,580.873508,1.173,0.311,0.053
1906,1.906000,744234.313576,-338011.888177,406222.425399,1.562491e+00,-1140.127641,589.385988,580.873495,1.083,2.463,0.122
1907,1.907000,744234.313575,-337856.674584,406377.638991,1.562706e+00,-1140.127636,589.385983,580.873483,2.086,0.265,0.143
1908,1.908000,744234.313575,-337701.599095,406532.714480,1.562921e+00,-1140.127630,589.385978,580.873470,1.073,8.426,0.047
1909,1.909000,744234.313574,-337546.661498,406687.652076,1.563135e+00,-1140.127625,589.385973,580.873457,1.101,0.213,0.061
1910,1.910000,744234.313574,-337391.861589,406842.451985,1.563350e+00,-1140.127620,589.385969,580.873445,1.169,0.467,0.062
1911,1.911000,744234.313573,-337237.199167,406997.114406,1.563564e+00,-1140.127615,589.385964,580.873432,1.014,2.204,0.047
1912,1.912000,744234.313572,-337082.674053,407151.639520,1.563778e+00,-1140.127610,589.385959,580.873419,1.108,6.172,0.062
1913,1.913000,744234.313572,-336928.286064,407306.027508,1.563992e+00,-1140.127605,589.385955,580.873407,1.036,18.335,0.044
1914,1.914000,744234.313571,-336774.035019,407460.278552,1.564205e+00,-1140.127599,589.385950,580.873394,1.084,0.257,0.054
1915,1.915000,744234.313571,-336619.920765,407614.392805,1.564419e+00,-1140.127594,589.385945,580.873381,1.050,0.235,0.056
1916,1.916000,744234.313570,-336465.943134,407768.370436,1.564632e+00,-1140.127589,589.385941,580.873368,1.072,0.197,0.052
1917,1.917000,744234.313569,-336312.101983,407922.211587,1.564845e+00,-1140.127584,589.385936,580.873356,1.124,0.232,0.065
1918,1.918000,744234.313569,-336158.397165,408075.916404,1.565058e+00,-1140.127579,589.385931,580.873343,2.126,0.741,0.136
1919,1.919000,744234.313568,-336004.828541,408229.485028,1.565270e+00,-1140.127573,589.385926,580.873330,1.037,0.199,0.054
1920,1.920000,744234.313568,-335851.395974,408382.917594,1.565483e+00,-1140.127568,589.385922,580.873317,1.041,3.265,0.046
1921,1.921000,744234.313567,-335698.099346,408536.214221,1.565695e+00,-1140.127563,589.385917,580.873304,1.081,0.206,0.050
1922,1.922000,744234.313566,-335544.938540,408689.375025,1.565907e+00,-1140.127558,589.385912,580.873291,1.004,0.193,0.045
1923,1.923000,744234.313564,-335391.913446,408842.400118,1.566119e+00,-1140.127553,589.385908,580.873278,1.135,0.376,0.049
1924,1.924000,744234.313563,-335239.023958,408995.289605,1.566331e+00,-1140.127548,589.385903,580.873265,1.118,0.224,0.058
1925,1.925000,744234.313562,-335086.269982,409148.043580,1.566542e+00,-1140.127542,589.385898,580.873252,1.048,0.215,0.045
1926,1.926000,744234.313561,-334933.651408,409300.662153,1.566754e+00,-1140.127537,589.385894,580.873239,1.247,0.202,0.045
1927,1.927000,744234.313560,-334781.168153,409453.145407,1.566965e+00,-1140.127532,589.385889,580.873226,1.157,0.405,0.061
1928,1.928000,744234.313559,-334628.820125,409605.493434,1.567176e+00,-1140.127527,589.385884,580.873213,1.071,0.208,0.051
1929,1.929000,744234.313558,-334476.607241,409757.706316,1.567387e+00,-1140.127521,589.385880,580.873200,2.299,1.378,0.056
1930,1.930000,744234.313557,-334324.529411,409909.784145,1.567597e+00,-1140.127516,589.385875,580.873186,1.171,0.252,0.060
1931,1.931000,744234.313556,-334172.586560,410061.726996,1.567807e+00,-1140.127511,589.385870,580.873173,2.905,0.555,0.170
1932,1.932000,744234.313555,-334020.778617,410213.534938,1.568018e+00,-1140.127506,589.385865,580.873160,1.048,0.332,0.056
1933,1.933000,744234.313554,-333869.105500,410365.208053,1.568228e+00,-1140.127501,589.385861,580.873147,0.986,19.697,0.064
1934,1.934000,744234.313553,-333717.567127,410516.746426,1.568438e+00,-1140.127495,589.385856,580.873134,2.683,0.737,0.115
1935,1.935000,744234.313552,-333566.163409,410668.150143,1.568647e+00,-1140.127490,589.385851,580.873121,5.949,22.216,0.084
1936,1.936000,744234.313551,-333414.894263,410819.419288,1.568857e+00,-1140.127485,589.385847,580.873108,1.131,2.956,0.045
1937,1.937000,744234.313550,-333263.759600,410970.553950,1.569066e+00,-1140.127480,589.385842,580.873095,0.998,0.321,0.057
1938,1.938000,744234.313548,-333112.759339,411121.554209,1.569275e+00,-1140.127474,589.385837,580.873081,1.279,1.867,0.061
1939,1.939000,744234.313547,-332961.893390,411272.420157,1.569484e+00,-1140.127469,589.385833,580.873068,2.412,0.754,0.057
1940,1.940000,744234.313545,-332811.161653,411423.151893,1.569693e+00,-1140.127464,589.385828,580.873054,1.100,0.341,0.058
1941,1.941000,744234.313544,-332660.564019,411573.749525,1.569901e+00,-1140.127459,589.385823,580.873041,0.992,0.240,0.049
1942,1.942000,744234.313543,-332510.100384,411724.213159,1.570110e+00,-1140.127453,589.385818,580.873027,1.101,0.263,0.050
1943,1.943000,744234.313542,-332359.770643,411874.542899,1.570318e+00,-1140.127448,589.385814,580.873013,1.085,0.249,0.052
1944,1.944000,744234.313541,-332209.574675,412024.738867,1.570526e+00,-1140.127443,589.385809,580.873000,4.808,0.456,0.053
1945,1.945000,744234.313540,-332059.512354,412174.801186,1.570733e+00,-1140.127437,589.385804,580.872986,1.024,0.202,0.050
1946,1.946000,744234.313539,-331909.583553,412324.729986,1.570941e+00,-1140.127432,589.385800,580.872972,2.594,0.269,0.724
1947,1.947000,744234.313537,-331759.788151,412474.525386,1.571148e+00,-1140.127426,589.385795,580.872958,0.991,0.189,0.044
1948,1.948000,744234.313536,-331610.126007,412624.187528,1.571356e+00,-1140.127421,589.385790,580.872944,1.019,0.689,0.050
1949,1.949000,744234.313534,-331460.596949,412773.716585,1.571563e+00,-1140.127415,589.385786,580.872930,0.989,0.683,0.046
1950,1.950000,744234.313533,-331311.200862,412923.112671,1.571770e+00,-1140.127409,589.385781,580.872917,1.058,0.242,0.048
1951,1.951000,744234.313532,-331161.937559,413072.375973,1.571976e+00,-1140.127404,589.385776,580.872903,1.083,0.223,0.056
1952,1.952000,744234.313530,-331012.806883,413221.506647,1.572183e+00,-1140.127398,589.385772,580.872889,1.015,0.226,0.046
1953,1.953000,744234.313529,-330863.808670,413370.504859,1.572389e+00,-1140.127392,589.385767,580.872875,1.048,1.160,0.047
1954,1.954000,744234.313528,-330714.942742,413519.370785,1.572595e+00,-1140.127387,589.385762,580.872861,1.021,0.992,0.038
1955,1.955000,744234.313526,-330566.208919,413668.104607,1.572801e+00,-1140.127381,589.385757,580.872848,1.132,0.629,0.045
1956,1.956000,744234.313525,-330417.607011,413816.706514,1.573007e+00,-1140.127375,589.385753,580.872834,1.005,0.330,0.040
1957,1.957000,744234.313523,-330269.136828,413965.176695,1.573213e+00,-1140.127370,589.385748,580.872820,0.989,0.520,0.050
1958,1.958000,744234.313522,-330120.798190,414113.515332,1.573418e+00,-1140.127364,589.385743,580.872806,1.007,2.792,0.048
1959,1.959000,744234.313521,-329972.590894,414261.722627,1.573623e+00,-1140.127358,589.385739,580.872792,1.041,0.192,0.043
1960,1.960000,744234.313519,-329824.514742,414409.798777,1.573828e+00,-1140.127353,589.385734,580.872779,1.019,0.588,0.049
1961,1.961000,744234.313518,-329676.569533,414557.743985,1.574033e+00,-1140.127347,589.385729,580.872765,0.987,0.383,0.045
1962,1.962000,744234.313517,-329528.755065,414705.558452,1.574238e+00,-1140.127341,589.385724,580.872751,1.063,0.186,0.040
1963,1.963000,744234.313516,-329381.071130,414853.242386,1.574442e+00,-1140.127336,589.385720,580.872737,0.957,0.494,0.041
1964,1.964000,744234.314707,-329233.517502,415000.797205,1.574647e+00,-1140.127343,589.385582,580.872602,1.037,0.198,0.044
1965,1.965000,744234.317090,-329086.093976,415148.223115,1.574851e+00,-1140.127364,589.385311,580.872347,1.017,0.228,0.048
1966,1.966000,744234.319473,-328938.800336,415295.519137,1.575055e+00,-1140.127385,589.385041,580.872091,2.027,0.528,0.335
1967,1.967000,744234.321853,-328791.636346,415442.685507,1.575258e+00,-1140.127405,589.384772,580.871836,1.118,0.218,0.054
1968,1.968000,744234.324234,-328644.601793,415589.722441,1.575462e+00,-1140.127426,589.384504,580.871582,1.049,0.198,0.053
1969,1.969000,744234.326615,-328497.696446,415736.630169,1.575665e+00,-1140.127446,589.384236,580.871328,1.055,0.191,0.051
1970,1.970000,744234.328997,-328350.920085,415883.408912,1.575869e+00,-1140.127467,589.383968,580.871074,1.048,2.893,0.047
1971,1.971000,744234.331381,-328204.272473,416030.058908,1.576072e+00,-1140.127487,589.383700,580.870820,1.049,1.246,0.054
1972,1.972000,744234.333770,-328057.753359,416176.580410,1.576275e+00,-1140.127506,589.383432,580.870566,1.147,2.307,0.037
1973,1.973000,744234.336157,-327911.362504,416322.973653,1.576477e+00,-1140.127525,589.383165,580.870313,1.039,0.193,0.046
1974,1.974000,744234.338544,-327765.099663,416469.238881,1.576680e+00,-1140.127545,589.382899,580.870060,1.001,0.576,0.044
1975,1.975000,744234.340932,-327618.964595,416615.376337,1.576882e+00,-1140.127564,589.382633,580.869808,0.998,1.572,0.048
1976,1.976000,744234.343320,-327472.957046,416761.386274,1.577084e+00,-1140.127583,589.382368,580.869556,0.976,0.624,0.047
1977,1.977000,744234.345707,-327327.076760,416907.268947,1.577286e+00,-1140.127603,589.382102,580.869303,1.038,0.191,0.049
1978,1.978000,744234.348095,-327181.323496,417053.024598,1.577488e+00,-1140.127622,589.381837,580.869051,1.045,0.201,0.042
1979,1.979000,744234.350478,-327035.696992,417198.653486,1.577690e+00,-1140.127641,589.381573,580.868799,1.041,0.187,0.051
1980,1.980000,744234.352857,-326890.196993,417344.155864,1.577891e+00,-1140.127660,589.381309,580.868548,1.120,0.437,0.051
1981,1.981000,744234.355236,-326744.823227,417489.532010,1.578093e+00,-1140.127680,589.381046,580.868296,1.002,0.641,0.041
1982,1.982000,744234.357616,-326599.575436,417634.782180,1.578294e+00,-1140.127699,589.380784,580.868045,1.071,0.194,0.049
1983,1.983000,744234.359996,-326454.453359,417779.906636,1.578495e+00,-1140.127719,589.380521,580.867794,0.963,0.180,0.045
1984,1.984000,744234.362378,-326309.456729,417924.905649,1.578696e+00,-1140.127738,589.380259,580.867543,1.332,0.191,0.045
1985,1.985000,744234.364761,-326164.585297,418069.779464,1.578896e+00,-1140.127759,589.379997,580.867292,1.043,0.184,0.052
1986,1.986000,744234.367141,-326019.838809,418214.528332,1.579097e+00,-1140.127779,589.379735,580.867042,0.995,0.190,0.045
1987,1.987000,744234.369521,-325875.217011,418359.152510,1.579297e+00,-1140.127799,589.379474,580.866793,0.962,0.549,0.043
1988,1.988000,744234.371900,-325730.719648,418503.652253,1.579497e+00,-1140.127819,589.379213,580.866543,1.000,0.357,0.048
1989,1.989000,744234.374262,-325586.346476,418648.027786,1.579697e+00,-1140.127839,589.378953,580.866294,1.014,0.191,0.037
1990,1.990000,744234.376605,-325442.097268,418792.279337,1.579897e+00,-1140.127860,589.378695,580.866045,0.977,0.520,0.046
1991,1.991000,744234.378947,-325297.971779,418936.407169,1.580096e+00,-1140.127880,589.378438,580.865796,1.031,0.715,0.049
1992,1.992000,744234.381290,-325153.969785,419080.411505,1.580296e+00,-1140.127899,589.378180,580.865548,3.166,1.150,2.522
1993,1.993000,744234.383633,-325010.091069,419224.292564,1.580495e+00,-1140.127919,589.377923,580.865300,1.006,0.196,0.053
1994,1.994000,744234.385977,-324866.335406,419368.050571,1.580694e+00,-1140.127938,589.377665,580.865051,1.047,0.247,0.047
1995,1.995000,744234.388320,-324722.702584,419511.685736,1.580893e+00,-1140.127958,589.377409,580.864803,2.667,0.421,0.053
1996,1.996000,744234.390630,-324579.192406,419655.198225,1.581091e+00,-1140.127977,589.377154,580.864555,1.067,0.216,0.047
1997,1.997000,744234.392907,-324435.804687,419798.588220,1.581290e+00,-1140.127996,589.376902,580.864308,1.140,0.224,0.050
1998,1.998000,744234.395183,-324292.539234,419941.855949,1.581488e+00,-1140.128015,589.376649,580.864061,1.236,0.509,0.141
1999,1.999000,744234.397460,-324149.395868,420085.001592,1.581687e+00,-1140.128034,589.376397,580.863814,1.109,0.220,0.046
2000,2.000000,744234.399737,-324006.374436,420228.025302,1.581885e+00,-1140.128053,589.376146,580.863566,1.026,0.224,0.052
2001,2.001000,744234.402015,-323863.474767,420370.927248,1.582083e+00,-1140.128072,589.375895,580.863319,1.428,1.310,0.050
2002,2.002000,744234.404277,-323720.696716,420513.707561,1.582280e+00,-1140.128091,589.375645,580.863072,0.975,1.419,0.044
2003,2.003000,744234.406523,-323578.040141,420656.366382,1.582478e+00,-1140.128111,589.375398,580.862825,0.982,0.182,0.045
2004,2.004000,744234.408769,-323435.504902,420798.903867,1.582675e+00,-1140.128130,589.375150,580.862578,1.169,0.254,0.049
2005,2.005000,744234.411006,-323293.090876,420941.320130,1.582872e+00,-1140.128149,589.374903,580.862332,1.204,0.916,0.047
2006,2.006000,744234.413232,-323150.797916,421083.615316,1.583069e+00,-1140.128168,589.374658,580.862086,1.012,4.631,0.042
2007,2.007000,744234.415444,-323008.625914,421225.789530,1.583266e+00,-1140.128187,589.374412,580.861840,2.014,0.700,0.108
2008,2.008000,744234.417640,-322866.574755,421367.842885,1.583463e+00,-1140.128206,589.374168,580.861596,1.022,0.188,0.041
2009,2.009000,744234.419837,-322724.644337,421509.775500,1.583659e+00,-1140.128225,589.373923,580.861352,1.025,0.350,0.049
2010,2.010000,744234.422034,-322582.834549,421651.587485,1.583856e+00,-1140.128244,589.373679,580.861109,1.023,2.380,0.043
2011,2.011000,744234.424230,-322441.145293,421793.278937,1.584052e+00,-1140.128262,589.373436,580.860866,1.843,0.911,0.042
2012,2.012000,744234.426422,-322299.576475,421934.849947,1.584248e+00,-1140.128281,589.373194,580.860623,1.969,0.519,0.089
2013,2.013000,744234.428611,-322158.127991,422076.300620,1.584444e+00,-1140.128299,589.372954,580.860380,1.008,1.196,0.046
2014,2.014000,744234.430801,-322016.799756,422217.631045,1.584640e+00,-1140.128317,589.372713,580.860137,1.256,0.263,0.051
2015,2.015000,744234.432990,-321875.591668,422358.841322,1.584835e+00,-1140.128335,589.372473,580.859895,1.257,0.891,0.055
2016,2.016000,744234.435177,-321734.503637,422499.931540,1.585031e+00,-1140.128353,589.372234,580.859653,0.959,0.820,0.035
2017,2.017000,744234.437350,-321593.535552,422640.901798,1.585226e+00,-1140.128371,589.371996,580.859410,1.053,1.201,0.049
2018,2.018000,744234.439509,-321452.687326,422781.752183,1.585421e+00,-1140.128389,589.371759,580.859168,0.999,0.184,0.040
2019,2.019000,744234.441668,-321311.958852,422922.482816,1.585616e+00,-1140.128407,589.371522,580.858926,1.050,0.453,0.052
2020,2.020000,744234.443828,-321171.350031,423063.093797,1.585810e+00,-1140.128424,589.371285,580.858684,1.038,1.086,0.046
2021,2.021000,744234.445988,-321030.860777,423203.585212,1.586005e+00,-1140.128441,589.371048,580.858442,1.006,0.189,0.044
2022,2.022000,744234.448146,-320890.490969,423343.957177,1.586199e+00,-1140.128459,589.370811,580.858200,1.021,0.186,0.044
2023,2.023000,744234.450300,-320750.240499,423484.209801,1.586393e+00,-1140.128476,589.370576,580.857959,1.359,0.658,0.049
2024,2.024000,744234.452453,-320610.109246,423624.343208,1.586587e+00,-1140.128493,589.370341,580.857717,1.176,0.229,0.055
2025,2.025000,744234.454607,-320470.097100,423764.357508,1.586781e+00,-1140.128511,589.370107,580.857475,0.997,0.651,0.041
2026,2.026000,744234.456761,-320330.203934,423904.252827,1.586975e+00,-1140.128528,589.369872,580.857233,1.011,0.713,0.046
2027,2.027000,744234.458915,-320190.429625,424044.029289,1.587169e+00,-1140.128545,589.369638,580.856992,0.989,0.660,0.043
2028,2.028000,744234.461065,-320050.774044,424183.687021,1.587362e+00,-1140.128562,589.369404,580.856750,1.100,0.253,0.050
2029,2.029000,744234.463213,-319911.237062,424323.226151,1.587555e+00,-1140.128580,589.369171,580.856509,2.748,0.221,0.129
2030,2.030000,744234.465362,-319771.818530,424462.646832,1.587748e+00,-1140.128597,589.368938,580.856268,0.979,0.222,0.044
2031,2.031000,744234.467511,-319632.518330,424601.949181,1.587941e+00,-1140.128615,589.368706,580.856027,1.033,0.220,0.041
2032,2.032000,744234.469661,-319493.336310,424741.133351,1.588134e+00,-1140.128632,589.368474,580.855787,1.028,0.486,0.045
2033,2.033000,744234.471810,-319354.272329,424880.199481,1.588326e+00,-1140.128650,589.368242,580.855548,1.121,0.484,0.044
2034,2.034000,744234.473962,-319215.326243,425019.147719,1.588519e+00,-1140.128667,589.368011,580.855308,1.137,1.089,0.110
2035,2.035000,744234.476115,-319076.497919,425157.978196,1.588711e+00,-1140.128683,589.367780,580.855068,1.000,0.321,0.044
2036,2.036000,744234.478267,-318937.787196,425296.691071,1.588903e+00,-1140.128699,589.367551,580.854829,1.017,9.982,0.046
2037,2.037000,744234.480420,-318799.193945,425435.286476,1.589095e+00,-1140.128716,589.367323,580.854591,0.995,7.085,0.043
2038,2.038000,744234.482575,-318660.718013,425573.764562,1.589287e+00,-1140.128732,589.367095,580.854352,1.070,0.198,0.053
2039,2.039000,744234.484729,-318522.359269,425712.125460,1.589478e+00,-1140.128747,589.366867,580.854114,1.011,2.070,0.045
2040,2.040000,744234.486884,-318384.117567,425850.369316,1.589670e+00,-1140.128763,589.366640,580.853876,1.062,0.941,0.036
2041,2.041000,744234.489038,-318245.992764,425988.496274,1.589861e+00,-1140.128779,589.366413,580.853638,1.012,0.197,0.038
2042,2.042000,744234.491193,-318107.984736,426126.506457,1.590052e+00,-1140.128794,589.366185,580.853401,0.965,0.179,0.040
2043,2.043000,744234.493347,-317970.093333,426264.400014,1.590243e+00,-1140.128809,589.365958,580.853165,0.960,0.781,0.045
2044,2.044000,744234.495463,-317832.318431,426402.177032,1.590434e+00,-1140.128825,589.365734,580.852928,0.997,0.183,0.049
2045,2.045000,744234.497548,-317694.659895,426539.837653,1.590625e+00,-1140.128840,589.365512,580.852692,1.047,0.196,0.047
2046,2.046000,744234.499634,-317557.117589,426677.382045,1.590815e+00,-1140.128855,589.365291,580.852456,5.268,9.873,0.051
2047,2.047000,744234.501731,-317419.691391,426814.810340,1.591005e+00,-1140.128869,589.365070,580.852220,1.015,0.353,0.050
2048,2.048000,744234.503840,-317282.381158,426952.122682,1.591195e+00,-1140.128882,589.364849,580.851985,1.127,0.231,0.055
2049,2.049000,744234.505949,-317145.186771,427089.319178,1.591385e+00,-1140.128895,589.364628,580.851749,1.178,0.226,0.048
2050,2.050000,744234.508058,-317008.108096,427226.399961,1.591575e+00,-1140.128908,589.364408,580.851514,1.476,0.425,0.115
2051,2.051000,744234.510166,-316871.144995,427363.365172,1.591765e+00,-1140.128921,589.364188,580.851279,1.000,0.190,0.037
2052,2.052000,744234.512276,-316734.297343,427500.214933,1.591954e+00,-1140.128934,589.363968,580.851044,0.982,1.369,0.043
2053,2.053000,744234.514381,-316597.564993,427636.949389,1.592144e+00,-1140.128946,589.363749,580.850811,1.057,1.608,0.040
2054,2.054000,744234.516472,-316460.947820,427773.568653,1.592333e+00,-1140.128959,589.363529,580.850579,0.989,0.382,0.041
2055,2.055000,744234.518553,-316324.445686,427910.072867,1.592522e+00,-1140.128972,589.363310,580.850348,1.077,0.224,0.048
2056,2.056000,744234.520630,-316188.058447,428046.462183,1.592711e+00,-1140.128985,589.363091,580.850118,1.019,0.200,0.049
2057,2.057000,744234.522705,-316051.785951,428182.736754,1.592899e+00,-1140.128997,589.362872,580.849889,1.002,1.771,0.041
2058,2.058000,744234.524781,-315915.628048,428318.896733,1.593088e+00,-1140.129011,589.362654,580.849660,1.043,0.216,0.048
2059,2.059000,744234.526856,-315779.584593,428454.942264,1.593276e+00,-1140.129024,589.362436,580.849431,1.023,0.404,0.052
2060,2.060000,744234.528933,-315643.655436,428590.873497,1.593465e+00,-1140.129037,589.362218,580.849202,1.062,0.188,0.051
2061,2.061000,744234.531010,-315507.840418,428726.690591,1.593653e+00,-1140.129049,589.362000,580.848974,1.296,0.226,0.049
2062,2.062000,744234.533084,-315372.139396,428862.393687,1.593841e+00,-1140.129062,589.361782,580.848746,1.011,0.267,0.044
2063,2.063000,744234.535154,-315236.552179,428997.982975,1.594028e+00,-1140.129074,589.361565,580.848518,1.194,0.227,0.066
2064,2.064000,744234.537226,-315101.078631,429133.458595,1.594216e+00,-1140.129087,589.361348,580.848291,0.973,0.187,0.042
2065,2.065000,744234.539297,-314965.718578,429268.820718,1.594403e+00,-1140.129100,589.361130,580.848064,0.981,0.185,0.045
2066,2.066000,744234.541368,-314830.471849,429404.069519,1.594591e+00,-1140.129112,589.360913,580.847837,1.052,0.218,0.045
2067,2.067000,744234.543426,-314695.338289,429539.205137,1.594778e+00,-1140.129124,589.360697,580.847610,1.057,0.683,0.048
2068,2.068000,744234.545472,-314560.317731,429674.227741,1.594965e+00,-1140.129136,589.360482,580.847383,1.037,0.200,0.059
2069,2.069000,744234.547517,-314425.410003,429809.137514,1.595151e+00,-1140.129149,589.360267,580.847156,1.004,0.189,0.037
2070,2.070000,744234.549562,-314290.614944,429943.934618,1.595338e+00,-1140.129161,589.360052,580.846929,2.519,0.627,0.123
2071,2.071000,744234.551606,-314155.932399,430078.619206,1.595525e+00,-1140.129173,589.359838,580.846703,0.982,0.194,0.056
2072,2.072000,744234.553649,-314021.362200,430213.191450,1.595711e+00,-1140.129185,589.359623,580.846476,0.967,0.184,0.044
2073,2.073000,744234.555693,-313886.904179,430347.651514,1.595897e+00,-1140.129197,589.359409,580.846250,2.072,0.559,0.046
2074,2.074000,744234.557737,-313752.558191,430481.999547,1.596083e+00,-1140.129210,589.359195,580.846023,1.029,0.189,0.049
2075,2.075000,744234.559782,-313618.324083,430616.235698,1.596269e+00,-1140.129222,589.358980,580.845797,1.028,0.558,0.048
2076,2.076000,744234.561827,-313484.201715,430750.360112,1.596455e+00,-1140.129234,589.358766,580.845570,1.021,0.354,0.043
2077,2.077000,744234.563873,-313350.190942,430884.372931,1.596640e+00,-1140.129246,589.358552,580.845345,1.055,0.205,0.048
2078,2.078000,744234.565918,-313216.291622,431018.274297,1.596826e+00,-1140.129258,589.358338,580.845119,1.159,0.242,0.047
2079,2.079000,744234.567964,-313082.503619,431152.064345,1.597011e+00,-1140.129269,589.358124,580.844895,1.014,0.538,0.050
2080,2.080000,744234.570001,-312948.826829,431285.743172,1.597196e+00,-1140.129280,589.357911,580.844671,0.981,0.462,0.040
2081,2.081000,744234.572029,-312815.261127,431419.310902,1.597381e+00,-1140.129292,589.357699,580.844447,1.039,0.231,0.052
2082,2.082000,744234.574054,-312681.806396,431552.767658,1.597566e+00,-1140.129303,589.357489,580.844224,1.051,0.197,0.048
2083,2.083000,744234.576076,-312548.462540,431686.113536,1.597751e+00,-1140.129314,589.357279,580.844000,1.004,1.031,0.050
2084,2.084000,744234.578089,-312415.229441,431819.348648,1.597935e+00,-1140.129325,589.357070,580.843778,1.023,0.697,0.049
2085,2.085000,744234.580093,-312282.107021,431952.473073,1.598119e+00,-1140.129336,589.356862,580.843555,1.441,0.187,0.044
2086,2.086000,744234.582097,-312149.095170,432085.486927,1.598304e+00,-1140.129348,589.356655,580.843333,1.076,0.447,0.049
2087,2.087000,744234.584090,-312016.193807,432218.390283,1.598488e+00,-1140.129359,589.356448,580.843112,0.978,0.178,0.046
2088,2.088000,744234.586072,-311883.402839,432351.183234,1.598671e+00,-1140.129370,589.356241,580.842892,1.019,0.187,0.047
2089,2.089000,744234.588056,-311750.722213,432483.865842,1.598855e+00,-1140.129381,589.356034,580.842672,1.106,0.211,0.045
2090,2.090000,744234.590039,-311618.151857,432616.438182,1.599039e+00,-1140.129392,589.355828,580.842452,1.066,0.195,0.047
2091,2.091000,744234.592022,-311485.691696,432748.900326,1.599222e+00,-1140.129403,589.355622,580.842233,0.974,0.222,0.047
2092,2.092000,744234.594005,-311353.341658,432881.252346,1.599405e+00,-1140.129415,589.355416,580.842014,1.024,0.190,0.041
2093,2.093000,744234.595987,-311221.101689,433013.494298,1.599589e+00,-1140.129426,589.355211,580.841795,1.052,0.901,0.057
2094,2.094000,744234.597971,-311088.971732,433145.626239,1.599771e+00,-1140.129437,589.355006,580.841575,1.047,0.470,0.046
2095,2.095000,744234.599956,-310956.951728,433277.648227,1.599954e+00,-1140.129449,589.354800,580.841357,1.009,0.184,0.039
2096,2.096000,744234.601941,-310825.041619,433409.560322,1.600137e+00,-1140.129460,589.354596,580.841138,1.027,0.533,0.045
2097,2.097000,744234.603923,-310693.241364,433541.362559,1.600319e+00,-1140.129472,589.354391,580.840919,1.181,1.445,0.050
2098,2.098000,744234.605900,-310561.550916,433673.054985,1.600502e+00,-1140.129484,589.354188,580.840701,1.130,2.365,0.040
2099,2.099000,744234.607878,-310429.970218,433804.637659,1.600684e+00,-1140.129496,589.353985,580.840482,0.984,0.186,0.045
2100,2.100000,744234.609855,-310298.499217,433936.110638,1.600866e+00,-1140.129508,589.353783,580.840264,1.158,0.223,0.058
2101,2.101000,744234.611832,-310167.137879,434067.473953,1.601048e+00,-1140.129520,589.353580,580.840046,1.057,0.221,0.036
2102,2.102000,744234.613813,-310035.886146,434198.727667,1.601230e+00,-1140.129532,589.353378,580.839828,1.043,0.222,0.043
2103,2.103000,744234.615796,-309904.743972,434329.871823,1.601411e+00,-1140.129543,589.353177,580.839610,1.011,0.673,0.049
2104,2.104000,744234.617766,-309773.711309,434460.906457,1.601593e+00,-1140.129554,589.352976,580.839392,1.044,0.188,0.040
2105,2.105000,744234.619721,-309642.788105,434591.831615,1.601774e+00,-1140.129565,589.352777,580.839175,1.052,0.210,0.061
2106,2.106000,744234.621672,-309511.974307,434722.647365,1.601955e+00,-1140.129577,589.352578,580.838957,1.007,0.593,0.046
2107,2.107000,744234.623623,-309381.269863,434853.353761,1.602136e+00,-1140.129588,589.352381,580.838740,1.045,1.654,0.051
2108,2.108000,744234.625531,-309250.674721,434983.950810,1.602317e+00,-1140.129600,589.352185,580.838524,1.093,0.191,0.053
2109,2.109000,744234.627385,-309120.188818,435114.438567,1.602498e+00,-1140.129611,589.351993,580.838307,2.333,0.408,0.143
2110,2.110000,744234.629228,-308989.812098,435244.817130,1.602678e+00,-1140.129623,589.351801,580.838090,1.014,0.426,0.046
2111,2.111000,744234.631070,-308859.544493,435375.086578,1.602859e+00,-1140.129634,589.351610,580.837874,1.091,0.210,0.042
2112,2.112000,744234.632912,-308729.385945,435505.246967,1.603039e+00,-1140.129646,589.351420,580.837658,1.028,0.445,0.049
2113,2.113000,744234.634738,-308599.336381,435635.298357,1.603219e+00,-1140.129657,589.351230,580.837443,1.830,0.497,0.050
2114,2.114000,744234.636550,-308469.395743,435765.240807,1.603399e+00,-1140.129669,589.351040,580.837229,1.829,0.269,0.146
2115,2.115000,744234.638360,-308339.563956,435895.074404,1.603579e+00,-1140.129680,589.350849,580.837016,1.044,0.239,0.044
2116,2.116000,744234.640169,-308209.840940,436024.799229,1.603758e+00,-1140.129692,589.350660,580.836804,1.104,0.552,0.053
2117,2.117000,744234.641978,-308080.226627,436154.415352,1.603938e+00,-1140.129703,589.350470,580.836592,1.036,0.193,0.044
2118,2.118000,744234.643785,-307950.720921,436283.922864,1.604117e+00,-1140.129715,589.350281,580.836380,2.491,0.464,0.042
2119,2.119000,744234.645600,-307821.323751,436413.321849,1.604296e+00,-1140.129725,589.350092,580.836168,1.003,1.003,0.040
2120,2.120000,744234.647421,-307692.035014,436542.612408,1.604475e+00,-1140.129734,589.349904,580.835957,3.007,0.564,0.051
2121,2.121000,744234.649236,-307562.854619,436671.794617,1.604654e+00,-1140.129744,589.349716,580.835746,1.080,0.384,0.044
2122,2.122000,744234.651044,-307433.782468,436800.868576,1.604833e+00,-1140.129754,589.349530,580.835537,1.073,0.669,0.052
2123,2.123000,744234.652848,-307304.818458,436929.834390,1.605011e+00,-1140.129763,589.349344,580.835327,0.975,0.212,0.047
2124,2.124000,744234.654648,-307175.962487,437058.692161,1.605190e+00,-1140.129773,589.349158,580.835118,1.012,0.393,0.053
2125,2.125000,744234.656443,-307047.214450,437187.441993,1.605368e+00,-1140.129782,589.348974,580.834910,1.124,1.802,0.060
2126,2.126000,744234.658235,-306918.574228,437316.084007,1.605546e+00,-1140.129792,589.348790,580.834702,1.255,1.073,0.068
2127,2.127000,744234.660023,-306790.041700,437444.618324,1.605724e+00,-1140.129802,589.348607,580.834495,1.003,0.185,0.047
2128,2.128000,744234.661812,-306661.616757,437573.045055,1.605902e+00,-1140.129811,589.348423,580.834288,1.139,0.586,0.048
2129,2.129000,744234.663600,-306533.299278,437701.364322,1.606080e+00,-1140.129821,589.348240,580.834081,1.026,0.288,0.044
2130,2.130000,744234.665389,-306405.089135,437829.576254,1.606257e+00,-1140.129830,589.348056,580.833875,1.011,0.189,0.046
2131,2.131000,744234.667177,-306276.986200,437957.680976,1.606435e+00,-1140.129840,589.347873,580.833668,1.017,0.199,0.045
2132,2.132000,744234.668963,-306148.990341,438085.678622,1.606612e+00,-1140.129849,589.347690,580.833461,1.008,2.784,0.046
2133,2.133000,744234.670747,-306021.101414,438213.569333,1.606789e+00,-1140.129858,589.347508,580.833255,1.013,0.875,0.047
2134,2.134000,744234.672527,-305893.319276,438341.353251,1.606966e+00,-1140.129868,589.347326,580.833049,1.005,0.488,0.042
2135,2.135000,744234.674303,-305765.643788,438469.030516,1.607143e+00,-1140.129877,589.347146,580.832843,1.015,0.205,0.046
2136,2.136000,744234.676080,-305638.074805,438596.601275,1.607319e+00,-1140.129887,589.346965,580.832637,1.145,2.151,0.048
2137,2.137000,744234.677857,-305510.612172,438724.065684,1.607496e+00,-1140.129896,589.346784,580.832432,1.010,0.705,0.049
2138,2.138000,744234.679633,-305383.255726,438851.423907,1.607672e+00,-1140.129905,589.346604,580.832226,1.047,3.023,0.047
2139,2.139000,744234.681409,-305256.005315,438978.676095,1.607848e+00,-1140.129914,589.346424,580.832020,0.995,0.185,0.043
2140,2.140000,744234.683186,-305128.860773,439105.822413,1.608024e+00,-1140.129923,589.346244,580.831815,1.123,1.110,0.039
2141,2.141000,744234.684962,-305001.821939,439232.863023,1.608200e+00,-1140.129932,589.346064,580.831609,1.195,7.720,0.055
2142,2.142000,744234.686738,-304874.888629,439359.798110,1.608376e+00,-1140.129941,589.345884,580.831404,2.493,0.935,0.053
2143,2.143000,744234.688477,-304748.060666,439486.627811,1.608552e+00,-1140.129950,589.345706,580.831199,1.070,0.227,0.051
2144,2.144000,744234.690179,-304621.337877,439613.352302,1.608727e+00,-1140.129959,589.345530,580.830994,0.981,0.378,0.048
2145,2.145000,744234.691879,-304494.720083,439739.971796,1.608903e+00,-1140.129969,589.345355,580.830788,1.043,0.191,0.045
2146,2.146000,744234.693579,-304368.207088,439866.486492,1.609078e+00,-1140.129978,589.345180,580.830583,1.050,0.200,0.049
2147,2.147000,744234.695279,-304241.798699,439992.896579,1.609253e+00,-1140.129987,589.345005,580.830378,1.021,0.429,0.042
2148,2.148000,744234.696978,-304115.494731,440119.202247,1.609428e+00,-1140.129996,589.344831,580.830173,1.154,0.433,0.053
2149,2.149000,744234.698675,-303989.294981,440245.403694,1.609602e+00,-1140.130005,589.344657,580.829968,1.017,0.362,0.047
2150,2.150000,744234.700369,-303863.199258,440371.501111,1.609777e+00,-1140.130014,589.344483,580.829764,1.015,1.160,0.058
2151,2.151000,744234.702059,-303737.207351,440497.494707,1.609952e+00,-1140.130022,589.344310,580.829560,1.005,1.045,0.041
2152,2.152000,744234.703748,-303611.319061,440623.384687,1.610126e+00,-1140.130031,589.344136,580.829356,1.006,0.552,0.042
2153,2.153000,744234.705438,-303485.534169,440749.171268,1.610300e+00,-1140.130041,589.343963,580.829152,1.000,0.725,0.048
2154,2.154000,744234.707126,-303359.852473,440874.854653,1.610474e+00,-1140.130050,589.343791,580.828949,1.157,2.082,0.052
2155,2.155000,744234.708811,-303234.273768,441000.435043,1.610648e+00,-1140.130059,589.343618,580.828746,0.966,0.643,0.047
2156,2.156000,744234.710493,-303108.797847,441125.912646,1.610822e+00,-1140.130069,589.343446,580.828544,1.027,0.198,0.060
2157,2.157000,744234.712174,-302983.424480,441251.287694,1.610995e+00,-1140.130078,589.343274,580.828342,18.980,2.051,0.303
2158,2.158000,744234.713856,-302858.153478,441376.560378,1.611169e+00,-1140.130087,589.343102,580.828141,1.179,0.267,0.058
2159,2.159000,744234.715539,-302732.984625,441501.730914,1.611342e+00,-1140.130097,589.342930,580.827940,9.135,4.668,0.062
2160,2.160000,744234.717221,-302607.917704,441626.799517,1.611515e+00,-1140.130106,589.342758,580.827739,1.650,0.236,0.066
2161,2.161000,744234.718904,-302482.952513,441751.766390,1.611688e+00,-1140.130115,589.342587,580.827538,1.166,0.250,0.064
2162,2.162000,744234.720587,-302358.088859,441876.631728,1.611861e+00,-1140.130124,589.342415,580.827338,1.794,0.284,0.043
2163,2.163000,744234.722272,-302233.326533,442001.395739,1.612034e+00,-1140.130134,589.342244,580.827137,1.032,0.382,0.046
2164,2.164000,744234.723956,-302108.665350,442126.058607,1.612207e+00,-1140.130143,589.342073,580.826937,0.971,0.485,0.046
2165,2.165000,744234.725638,-301984.105133,442250.620505,1.612379e+00,-1140.130152,589.341902,580.826737,1.070,0.508,0.063
2166,2.166000,744234.727318,-301859.645684,442375.081634,1.612551e+00,-1140.130161,589.341732,580.826538,2.803,0.601,0.098
2167,2.167000,744234.728998,-301735.286837,442499.442161,1.612724e+00,-1140.130170,589.341562,580.826338,1.038,0.567,0.058
2168,2.168000,744234.730678,-301611.028417,442623.702261,1.612896e+00,-1140.130180,589.341392,580.826138,1.105,0.470,0.050
2169,2.169000,744234.732354,-301486.870259,442747.862095,1.613068e+00,-1140.130189,589.341222,580.825939,1.014,0.181,0.048
2170,2.170000,744234.734016,-301362.812220,442871.921796,1.613239e+00,-1140.130198,589.341053,580.825742,1.119,0.264,0.050
2171,2.171000,744234.735669,-301238.854143,442995.881526,1.613411e+00,-1140.130207,589.340883,580.825546,6.247,0.877,0.056
2172,2.172000,744234.737321,-301114.995890,443119.741431,1.613583e+00,-1140.130216,589.340713,580.825351,0.995,0.182,0.046
2173,2.173000,744234.738972,-300991.237333,443243.501639,1.613754e+00,-1140.130225,589.340544,580.825155,1.019,0.186,0.048
2174,2.174000,744234.740623,-300867.578346,443367.162276,1.613925e+00,-1140.130234,589.340376,580.824959,2.218,0.611,0.048
2175,2.175000,744234.742271,-300744.018810,443490.723461,1.614096e+00,-1140.130244,589.340208,580.824764,1.071,0.590,0.046
2176,2.176000,744234.743917,-300620.558620,443614.185297,1.614267e+00,-1140.130253,589.340040,580.824569,1.003,0.195,0.046
2177,2.177000,744234.745562,-300497.197663,443737.547899,1.614438e+00,-1140.130262,589.339873,580.824375,0.988,0.180,0.040
2178,2.178000,744234.747206,-300373.935836,443860.811369,1.614609e+00,-1140.130271,589.339707,580.824181,3.288,0.228,0.051
2179,2.179000,744234.748811,-300250.773030,443983.975781,1.614779e+00,-1140.130280,589.339542,580.823987,0.972,0.514,0.049
2180,2.180000,744234.750371,-300127.709168,444107.041204,1.614950e+00,-1140.130289,589.339379,580.823794,0.958,1.212,0.045
2181,2.181000,744234.751923,-300004.744147,444230.007776,1.615120e+00,-1140.130298,589.339216,580.823602,1.085,0.214,0.052
2182,2.182000,744234.753467,-299881.877867,444352.875600,1.615290e+00,-1140.130308,589.339054,580.823410,1.125,0.256,0.054
2183,2.183000,744234.755001,-299759.110229,444475.644772,1.615460e+00,-1140.130317,589.338892,580.823219,1.173,0.213,0.042
2184,2.184000,744234.756533,-299636.441140,444598.315393,1.615630e+00,-1140.130326,589.338732,580.823028,0.990,0.211,0.044
2185,2.185000,744234.758061,-299513.870480,444720.887581,1.615800e+00,-1140.130334,589.338571,580.822837,0.960,0.820,0.041
2186,2.186000,744234.759589,-299391.398137,444843.361453,1.615969e+00,-1140.130343,589.338411,580.822647,1.077,0.250,0.050
2187,2.187000,744234.761118,-299269.023997,444965.737120,1.616139e+00,-1140.130352,589.338251,580.822456,1.039,1.148,0.040
2188,2.188000,744234.762645,-299146.747930,445088.014715,1.616308e+00,-1140.130360,589.338091,580.822266,1.128,0.221,0.044
2189,2.189000,744234.764173,-299024.569791,445210.194382,1.616477e+00,-1140.130369,589.337931,580.822076,2.540,0.545,22.396
2190,2.190000,744234.765705,-298902.489443,445332.276262,1.616646e+00,-1140.130378,589.337771,580.821886,2.294,3.148,0.072
2191,2.191000,744234.767239,-298780.506730,445454.260509,1.616815e+00,-1140.130388,589.337612,580.821696,1.046,0.214,0.057
2192,2.192000,744234.768775,-298658.621483,445576.147292,1.616984e+00,-1140.130398,589.337452,580.821507,10.963,0.270,0.046
2193,2.193000,744234.770311,-298536.833517,445697.936794,1.617153e+00,-1140.130407,589.337293,580.821317,1.224,0.416,0.061
2194,2.194000,744234.771857,-298415.142651,445819.629206,1.617321e+00,-1140.130416,589.337134,580.821128,0.989,0.423,0.054
2195,2.195000,744234.773412,-298293.548687,445941.224725,1.617489e+00,-1140.130423,589.336975,580.820938,1.610,0.614,0.062
2196,2.196000,744234.774965,-298172.051424,446062.723540,1.617658e+00,-1140.130431,589.336817,580.820749,1.044,0.562,0.042
2197,2.197000,744234.776515,-298050.650652,446184.125862,1.617826e+00,-1140.130438,589.336659,580.820560,1.043,0.215,0.056
2198,2.198000,744234.778059,-297929.346154,446305.431905,1.617994e+00,-1140.130446,589.336501,580.820372,1.072,0.561,0.044
2199,2.199000,744234.779573,-297808.137722,446426.641851,1.618162e+00,-1140.130453,589.336344,580.820186,1.118,0.802,0.042
2200,2.200000,744234.781059,-297687.025144,446547.755915,1.618329e+00,-1140.130460,589.336188,580.820001,1.039,0.609,0.047
2201,2.201000,744234.782542,-297566.008203,446668.774339,1.618497e+00,-1140.130468,589.336032,580.819817,1.087,0.204,0.048
2202,2.202000,744234.784011,-297445.086680,446789.697331,1.618664e+00,-1140.130475,589.335877,580.819635,1.091,0.700,0.054
2203,2.203000,744234.785461,-297324.260379,446910.525082,1.618832e+00,-1140.130482,589.335722,580.819453,1.071,0.224,0.054
2204,2.204000,744234.786905,-297203.529111,447031.257794,1.618999e+00,-1140.130490,589.335569,580.819272,1.021,0.250,0.054
2205,2.205000,744234.788348,-297082.892689,447151.895658,1.619166e+00,-1140.130497,589.335415,580.819091,1.031,0.242,0.049
2206,2.206000,744234.789791,-296962.350950,447272.438841,1.619333e+00,-1140.130504,589.335262,580.818911,1.135,0.232,0.053
2207,2.207000,744234.791235,-296841.903764,447392.887471,1.619499e+00,-1140.130511,589.335109,580.818730,1.133,0.211,0.060
2208,2.208000,744234.792680,-296721.550977,447513.241702,1.619666e+00,-1140.130517,589.334957,580.818550,1.003,0.307,0.041
2209,2.209000,744234.794125,-296601.292478,447633.501646,1.619833e+00,-1140.130524,589.334804,580.818370,1.067,0.233,0.068
2210,2.210000,744234.795569,-296481.128163,447753.667406,1.619999e+00,-1140.130531,589.334652,580.818190,2.658,0.302,1.176
2211,2.211000,744234.797013,-296361.057945,447873.739068,1.620165e+00,-1140.130537,589.334500,580.818010,0.993,0.205,0.051
2212,2.212000,744234.798457,-296241.081754,447993.716703,1.620331e+00,-1140.130544,589.334348,580.817831,0.999,0.219,0.050
2213,2.213000,744234.799903,-296121.199524,448113.600380,1.620497e+00,-1140.130551,589.334196,580.817653,1.102,0.239,0.053
2214,2.214000,744234.801348,-296001.411209,448233.390138,1.620663e+00,-1140.130558,589.334044,580.817475,1.077,0.356,0.061
2215,2.215000,744234.802790,-295881.716771,448353.086019,1.620829e+00,-1140.130564,589.333893,580.817298,1.093,0.995,0.050
2216,2.216000,744234.804228,-295762.116182,448472.688046,1.620995e+00,-1140.130571,589.333742,580.817121,1.006,0.213,0.059
2217,2.217000,744234.805662,-295642.609423,448592.196240,1.621160e+00,-1140.130578,589.333592,580.816945,1.042,0.217,0.053
2218,2.218000,744234.807096,-295523.196467,448711.610628,1.621326e+00,-1140.130584,589.333441,580.816769,1.075,0.240,0.056
2219,2.219000,744234.808529,-295403.877308,448830.931221,1.621491e+00,-1140.130591,589.333291,580.816593,1.131,0.763,0.054
2220,2.220000,744234.809962,-295284.651909,448950.158053,1.621656e+00,-1140.130598,589.333140,580.816418,1.037,0.216,0.052
2221,2.221000,744234.811395,-295165.520273,449069.291122,1.621821e+00,-1140.130604,589.332989,580.816242,1.116,0.270,0.048
2222,2.222000,744234.812828,-295046.482370,449188.330458,1.621986e+00,-1140.130610,589.332839,580.816067,1.004,0.194,0.052
2223,2.223000,744234.814261,-294927.538183,449307.276078,1.622150e+00,-1140.130616,589.332690,580.815892,1.089,0.513,0.051
2224,2.224000,744234.815693,-294808.687689,449426.128004,1.622315e+00,-1140.130622,589.332541,580.815717,3.213,0.550,0.072
2225,2.225000,744234.817125,-294689.930878,449544.886247,1.622479e+00,-1140.130627,589.332392,580.815543,5.979,0.459,0.054
2226,2.226000,744234.818558,-294571.267707,449663.550851,1.622644e+00,-1140.130633,589.332243,580.815369,26.359,3.028,0.120
2227,2.227000,744234.819990,-294452.698163,449782.121827,1.622808e+00,-1140.130639,589.332094,580.815194,1.940,0.479,0.114
2228,2.228000,744234.821419,-294334.222222,449900.599197,1.622972e+00,-1140.130644,589.331946,580.815020,1.189,0.579,0.070
2229,2.229000,744234.822845,-294215.839828,450018.983017,1.623136e+00,-1140.130650,589.331799,580.814846,2.036,0.463,1.151
2230,2.230000,744234.824271,-294097.550943,450137.273328,1.623300e+00,-1140.130656,589.331651,580.814671,2.118,0.697,0.062
2231,2.231000,744234.825697,-293979.355541,450255.470156,1.623463e+00,-1140.130661,589.331504,580.814497,1.086,0.355,0.050
2232,2.232000,744234.827125,-293861.253572,450373.573553,1.623627e+00,-1140.130666,589.331356,580.814323,1.731,0.392,0.060
2233,2.233000,744234.828552,-293743.244994,450491.583558,1.623790e+00,-1140.130671,589.331209,580.814148,1.161,0.350,0.068
2234,2.234000,744234.829979,-293625.329737,450609.500242,1.623953e+00,-1140.130676,589.331062,580.813974,1.070,0.212,0.051
2235,2.235000,744234.831407,-293507.507773,450727.323635,1.624117e+00,-1140.130681,589.330914,580.813800,1.038,0.514,0.050
2236,2.236000,744234.832833,-293389.779044,450845.053789,1.624280e+00,-1140.130686,589.330767,580.813627,1.168,0.339,0.057
2237,2.237000,744234.834256,-293272.143499,450962.690757,1.624443e+00,-1140.130691,589.330620,580.813454,1.144,1.554,0.056
2238,2.238000,744234.835679,-293154.601082,451080.234597,1.624605e+00,-1140.130696,589.330472,580.813281,1.108,0.528,0.069
2239,2.239000,744234.837102,-293037.151731,451197.685371,1.624768e+00,-1140.130701,589.330326,580.813109,0.991,0.191,0.053
2240,2.240000,744234.838525,-292919.795383,451315.043142,1.624930e+00,-1140.130706,589.330179,580.812936,0.958,0.200,0.043
2241,2.241000,744234.839947,-292802.531971,451432.307976,1.625093e+00,-1140.130711,589.330033,580.812763,0.998,0.184,0.047
2242,2.242000,744234.841369,-292685.361432,451549.479937,1.625255e+00,-1140.130716,589.329887,580.812591,0.960,0.361,0.047
2243,2.243000,744234.842790,-292568.283689,451666.559101,1.625417e+00,-1140.130721,589.329742,580.812418,1.094,0.215,0.052
2244,2.244000,744234.844211,-292451.298679,451783.545533,1.625579e+00,-1140.130726,589.329597,580.812247,1.100,0.219,0.046
2245,2.245000,744234.845632,-292334.406325,451900.439306,1.625741e+00,-1140.130731,589.329452,580.812075,1.011,0.182,0.050
2246,2.246000,744234.847053,-292217.606553,452017.240500,1.625903e+00,-1140.130736,589.329307,580.811904,1.011,0.193,0.051
2247,2.247000,744234.848474,-292100.899288,452133.949186,1.626064e+00,-1140.130741,589.329162,580.811732,0.980,0.382,0.042
2248,2.248000,744234.849895,-291984.284447,452250.565448,1.626226e+00,-1140.130746,589.329017,580.811561,0.988,0.357,0.052
2249,2.249000,744234.851316,-291867.761957,452367.089359,1.626387e+00,-1140.130750,589.328873,580.811389,3.130,1.957,0.057
2250,2.250000,744234.852737,-291751.331726,452483.521011,1.626548e+00,-1140.130755,589.328729,580.811218,2.475,2.366,0.077
2251,2.251000,744234.854158,-291634.993677,452599.860481,1.626710e+00,-1140.130760,589.328585,580.811047,0.952,0.185,0.044
2252,2.252000,744234.855579,-291518.747722,452716.107856,1.626870e+00,-1140.130765,589.328441,580.810875,0.976,0.401,0.056
2253,2.253000,744234.856999,-291402.593774,452832.263226,1.627031e+00,-1140.130770,589.328298,580.810704,1.025,0.225,0.043
2254,2.254000,744234.858420,-291286.531744,452948.326675,1.627192e+00,-1140.130775,589.328154,580.810533,1.056,0.500,0.055
2255,2.255000,744234.859840,-291170.561546,453064.298294,1.627353e+00,-1140.130779,589.328011,580.810362,0.950,0.472,0.045
2256,2.256000,744234.861261,-291054.683087,453180.178173,1.627513e+00,-1140.130784,589.327867,580.810191,1.591,0.588,0.048
2257,2.257000,744234.862678,-290938.896272,453295.966406,1.627673e+00,-1140.130789,589.327724,580.810020,1.017,0.224,0.049
2258,2.258000,744234.864093,-290823.200999,453411.663094,1.627834e+00,-1140.130794,589.327582,580.809851,1.088,0.395,0.052
2259,2.259000,744234.865508,-290707.597172,453527.268336,1.627994e+00,-1140.130799,589.327439,580.809681,1.005,0.258,0.048
2260,2.260000,744234.866923,-290592.084693,453642.782230,1.628154e+00,-1140.130804,589.327296,580.809512,0.978,0.222,0.053
2261,2.261000,744234.868338,-290476.663458,453758.204880,1.628313e+00,-1140.130809,589.327154,580.809343,1.029,1.303,0.052
2262,2.262000,744234.869753,-290361.333376,453873.536377,1.628473e+00,-1140.130814,589.327012,580.809175,0.982,3.432,0.045
2263,2.263000,744234.871169,-290246.094334,453988.776835,1.628633e+00,-1140.130819,589.326870,580.809007,1.111,0.302,0.054
2264,2.264000,744234.872583,-290130.946220,454103.926363,1.628792e+00,-1140.130824,589.326728,580.808838,0.977,0.414,0.041
2265,2.265000,744234.873982,-290015.888945,454218.985038,1.628951e+00,-1140.130829,589.326587,580.808671,0.975,0.189,0.054
2266,2.266000,744234.875368,-289900.922388,454333.952981,1.629111e+00,-1140.130834,589.326447,580.808505,1.308,0.235,0.052
2267,2.267000,744234.876755,-289786.046449,454448.830306,1.629270e+00,-1140.130839,589.326306,580.808338,1.022,0.209,0.057
2268,2.268000,744234.878142,-289671.261023,454563.617119,1.629429e+00,-1140.130844,589.326166,580.808173,1.008,0.189,0.087
2269,2.269000,744234.879529,-289556.565982,454678.313547,1.629588e+00,-1140.130849,589.326025,580.808007,1.099,0.350,0.048
2270,2.270000,744234.880916,-289441.961219,454792.919698,1.629746e+00,-1140.130854,589.325885,580.807842,1.047,0.200,0.051
2271,2.271000,744234.882304,-289327.446608,454907.435696,1.629905e+00,-1140.130859,589.325744,580.807676,2.240,0.379,0.044
2272,2.272000,744234.883656,-289213.022047,455021.861609,1.630063e+00,-1140.130863,589.325606,580.807511,1.025,1.899,0.045
2273,2.273000,744234.884974,-289098.687415,455136.197559,1.630222e+00,-1140.130868,589.325469,580.807346,1.015,0.211,0.055
2274,2.274000,744234.886291,-288984.442596,455250.443696,1.630380e+00,-1140.130873,589.325333,580.807182,1.030,0.843,0.051
2275,2.275000,744234.887608,-288870.287469,455364.600139,1.630538e+00,-1140.130878,589.325196,580.807017,1.785,0.660,0.040
2276,2.276000,744234.888921,-288756.221910,455478.667011,1.630696e+00,-1140.130883,589.325060,580.806853,0.966,0.818,0.040
2277,2.277000,744234.890230,-288642.245807,455592.644423,1.630854e+00,-1140.130888,589.324925,580.806690,1.655,0.729,0.221
2278,2.278000,744234.891539,-288528.359032,455706.532507,1.631011e+00,-1140.130893,589.324790,580.806526,0.975,0.183,0.046
2279,2.279000,744234.892849,-288414.561466,455820.331383,1.631169e+00,-1140.130898,589.324655,580.806362,1.033,0.186,0.042
2280,2.280000,744234.894158,-288300.852978,455934.041180,1.631326e+00,-1140.130903,589.324521,580.806199,0.956,1.453,0.045
2281,2.281000,744234.895467,-288187.233451,456047.662016,1.631484e+00,-1140.130908,589.324387,580.806035,1.024,0.514,0.049
2282,2.282000,744234.896776,-288073.702748,456161.194028,1.631641e+00,-1140.130913,589.324253,580.805872,1.041,0.190,0.044
2283,2.283000,744234.898085,-287960.260737,456274.637348,1.631798e+00,-1140.130918,589.324119,580.805710,1.013,0.222,0.042
2284,2.284000,744234.899392,-287846.907308,456387.992084,1.631955e+00,-1140.130923,589.323986,580.805547,0.985,0.208,0.047
2285,2.285000,744234.900695,-287733.642316,456501.258379,1.632112e+00,-1140.130928,589.323854,580.805384,1.112,0.586,0.051
2286,2.286000,744234.901999,-287620.465634,456614.436365,1.632268e+00,-1140.130933,589.323721,580.805222,1.033,0.191,0.049
2287,2.287000,744234.903302,-287507.377130,456727.526173,1.632425e+00,-1140.130938,589.323589,580.805059,1.019,0.190,0.040
2288,2.288000,744234.904601,-287394.376678,456840.527924,1.632582e+00,-1140.130943,589.323457,580.804898,2.090,1.055,0.214
2289,2.289000,744234.905896,-287281.464130,456953.441766,1.632738e+00,-1140.130947,589.323325,580.804737,1.024,0.195,0.044
2290,2.290000,744234.907188,-287168.639363,457066.267825,1.632894e+00,-1140.130952,589.323193,580.804576,1.147,0.616,0.049
2291,2.291000,744234.908477,-287055.902249,457179.006228,1.633050e+00,-1140.130957,589.323062,580.804416,1.030,0.256,0.050
2292,2.292000,744234.909766,-286943.252645,457291.657121,1.633206e+00,-1140.130961,589.322930,580.804256,1.230,0.237,0.047
2293,2.293000,744234.911054,-286830.690415,457404.220639,1.633362e+00,-1140.130966,589.322799,580.804097,1.193,0.536,0.047
2294,2.294000,744234.912341,-286718.215435,457516.696906,1.633518e+00,-1140.130971,589.322668,580.803939,1.147,0.250,0.043
2295,2.295000,744234.913584,-286605.827553,457629.086032,1.633673e+00,-1140.130975,589.322540,580.803780,0.984,0.231,0.041
2296,2.296000,744234.914784,-286493.526630,457741.388154,1.633829e+00,-1140.130980,589.322413,580.803622,0.988,0.211,0.043
2297,2.297000,744234.915984,-286381.312529,457853.603456,1.633984e+00,-1140.130985,589.322287,580.803463,0.964,0.220,0.053
2298,2.298000,744234.917186,-286269.185116,457965.732071,1.634140e+00,-1140.130989,589.322161,580.803305,1.200,0.242,0.062
2299,2.299000,744234.918388,-286157.144242,458077.774146,1.634295e+00,-1140.130994,589.322036,580.803148,1.113,0.303,0.044
2300,2.300000,744234.919590,-286045.189761,458189.729829,1.634450e+00,-1140.130998,589.321911,580.802990,1.100,1.280,0.055
2301,2.301000,744234.920792,-285933.321531,458301.599261,1.634605e+00,-1140.131003,589.321786,580.802832,1.141,0.249,0.032
2302,2.302000,744234.921995,-285821.539408,458413.382587,1.634759e+00,-1140.131007,589.321661,580.802674,1.008,0.194,0.049
2303,2.303000,744234.923197,-285709.843252,458525.079946,1.634914e+00,-1140.131011,589.321536,580.802517,0.996,0.247,0.049
2304,2.304000,744234.924400,-285598.232897,458636.691503,1.635069e+00,-1140.131015,589.321412,580.802359,1.138,0.236,0.069
2305,2.305000,744234.925602,-285486.708202,458748.217399,1.635223e+00,-1140.131019,589.321289,580.802201,1.041,0.264,0.067
2306,2.306000,744234.926803,-285375.269007,458859.657796,1.635377e+00,-1140.131023,589.321165,580.802044,0.992,0.381,0.050
2307,2.307000,744234.928005,-285263.915163,458971.012842,1.635532e+00,-1140.131027,589.321042,580.801887,0.968,0.210,0.040
2308,2.308000,744234.929204,-285152.646510,459082.282693,1.635686e+00,-1140.131031,589.320919,580.801730,0.972,0.218,0.047
2309,2.309000,744234.930400,-285041.462894,459193.467506,1.635840e+00,-1140.131035,589.320796,580.801574,1.011,0.245,0.049
2310,2.310000,744234.931597,-284930.364150,459304.567447,1.635993e+00,-1140.131039,589.320673,580.801418,1.067,2.175,0.046
2311,2.311000,744234.932791,-284819.350115,459415.582676,1.636147e+00,-1140.131043,589.320551,580.801263,1.020,0.714,0.052
2312,2.312000,744234.933981,-284708.420607,459526.513375,1.636301e+00,-1140.131047,589.320428,580.801109,1.241,0.246,0.044
2313,2.313000,744234.935172,-284597.575460,459637.359712,1.636454e+00,-1140.131050,589.320305,580.800955,1.801,0.410,0.143
2314,2.314000,744234.936362,-284486.814496,459748.121866,1.636608e+00,-1140.131054,589.320182,580.800801,1.152,0.248,0.042
2315,2.315000,744234.937551,-284376.137543,459858.800008,1.636761e+00,-1140.131057,589.320060,580.800647,1.225,0.564,0.043
2316,2.316000,744234.938740,-284265.544413,459969.394327,1.636914e+00,-1140.131061,589.319938,580.800493,1.153,0.230,0.050
2317,2.317000,744234.939930,-284155.034922,460079.905008,1.637067e+00,-1140.131064,589.319816,580.800339,1.018,0.331,0.081
2318,2.318000,744234.941109,-284044.608874,460190.332236,1.637220e+00,-1140.131068,589.319694,580.800186,1.016,0.191,0.053
2319,2.319000,744234.942277,-283934.266079,460300.676199,1.637373e+00,-1140.131072,589.319574,580.800032,0.980,0.406,0.043
2320,2.320000,744234.943446,-283824.006331,460410.937115,1.637525e+00,-1140.131076,589.319454,580.799878,0.989,0.519,0.046
2321,2.321000,744234.944614,-283713.829422,460521.115192,1.637678e+00,-1140.131080,589.319334,580.799724,0.980,0.367,0.046
2322,2.322000,744234.945781,-283603.735144,460631.210637,1.637830e+00,-1140.131084,589.319214,580.799570,1.021,0.185,0.051
2323,2.323000,744234.946948,-283493.723286,460741.223663,1.637983e+00,-1140.131088,589.319094,580.799417,1.020,0.258,0.051
2324,2.324000,744234.948114,-283383.793614,460851.154500,1.638135e+00,-1140.131091,589.318974,580.799264,0.977,0.403,0.050
2325,2.325000,744234.949278,-283273.945909,460961.003369,1.638287e+00,-1140.131095,589.318854,580.799111,0.990,0.495,0.045
2326,2.326000,744234.950442,-283164.179945,461070.770497,1.638439e+00,-1140.131099,589.318735,580.798959,1.092,0.464,0.050
2327,2.327000,744234.951605,-283054.495479,461180.456126,1.638591e+00,-1140.131102,589.318616,580.798806,0.977,0.224,0.043
2328,2.328000,744234.952770,-282944.892268,461290.060501,1.638743e+00,-1140.131106,589.318498,580.798654,1.030,0.186,0.043
2329,2.329000,744234.953932,-282835.370082,461399.583850,1.638894e+00,-1140.131110,589.318380,580.798502,1.098,0.226,0.038
2330,2.330000,744234.955095,-282725.928672,461509.026423,1.639046e+00,-1140.131113,589.318263,580.798350,0.990,0.224,0.043
2331,2.331000,744234.956253,-282616.567788,461618.388465,1.639197e+00,-1140.131117,589.318146,580.798198,1.017,0.447,0.047
2332,2.332000,744234.957416,-282507.287172,461727.670244,1.639349e+00,-1140.131122,589.318031,580.798046,1.033,0.211,0.053
2333,2.333000,744234.958587,-282398.086569,461836.872018,1.639500e+00,-1140.131127,589.317916,580.797894,0.947,0.209,0.046
2334,2.334000,744234.959757,-282288.965737,461945.994020,1.639651e+00,-1140.131133,589.317801,580.797743,1.118,0.214,0.051
2335,2.335000,744234.960927,-282179.924421,462055.036506,1.639802e+00,-1140.131138,589.317687,580.797591,1.075,0.218,0.053
2336,2.336000,744234.962097,-282070.962361,462163.999736,1.639953e+00,-1140.131144,589.317573,580.797440,1.137,0.219,0.046
2337,2.337000,744234.963268,-281962.079327,462272.883940,1.640104e+00,-1140.131149,589.317459,580.797290,1.226,0.250,0.056
2338,2.338000,744234.964438,-281853.275079,462381.689359,1.640254e+00,-1140.131155,589.317345,580.797139,1.079,0.248,0.057
2339,2.339000,744234.965608,-281744.549380,462490.416228,1.640405e+00,-1140.131160,589.317231,580.796988,1.131,0.275,0.056
2340,2.340000,744234.966779,-281635.902007,462599.064772,1.640555e+00,-1140.131166,589.317117,580.796837,1.108,0.238,0.048
2341,2.341000,744234.967951,-281527.332759,462707.635192,1.640706e+00,-1140.131171,589.317004,580.796686,1.035,0.211,0.042
2342,2.342000,744234.969123,-281418.841422,462816.127700,1.640856e+00,-1140.131176,589.316891,580.796535,1.062,0.224,0.052
2343,2.343000,744234.970295,-281310.427811,462924.542484,1.641006e+00,-1140.131181,589.316778,580.796385,1.081,0.246,0.043
2344,2.344000,744234.971467,-281202.091743,463032.879724,1.641156e+00,-1140.131187,589.316665,580.796234,1.057,0.439,0.042
2345,2.345000,744234.972639,-281093.833058,463141.139582,1.641306e+00,-1140.131192,589.316552,580.796084,4.619,1.039,0.043
2346,2.346000,744234.973812,-280985.651621,463249.322191,1.641456e+00,-1140.131197,589.316440,580.795935,1.018,0.186,0.054
2347,2.347000,744234.974985,-280877.547295,463357.427690,1.641605e+00,-1140.131202,589.316328,580.795786,1.150,0.378,0.043
2348,2.348000,744234.976158,-280769.519969,463465.456189,1.641755e+00,-1140.131207,589.316216,580.795636,1.044,1.029,0.059
2349,2.349000,744234.977332,-280661.569549,463573.407782,1.641904e+00,-1140.131212,589.316103,580.795487,1.045,0.195,0.060
2350,2.350000,744234.978506,-280553.695960,463681.282546,1.642054e+00,-1140.131217,589.315991,580.795338,1.112,0.205,0.059
2351,2.351000,744234.979680,-280445.899139,463789.080541,1.642203e+00,-1140.131222,589.315879,580.795190,1.640,0.256,0.055
2352,2.352000,744234.980855,-280338.179038,463896.801817,1.642352e+00,-1140.131227,589.315767,580.795041,1.028,0.216,0.043
2353,2.353000,744234.982014,-280230.535625,464004.446389,1.642501e+00,-1140.131231,589.315656,580.794893,1.070,0.409,0.042
2354,2.354000,744234.983158,-280122.968883,464112.014276,1.642650e+00,-1140.131236,589.315546,580.794745,0.997,0.225,0.043
2355,2.355000,744234.984302,-280015.478799,464219.505504,1.642799e+00,-1140.131241,589.315437,580.794597,1.018,0.371,0.047
2356,2.356000,744234.985446,-279908.065384,464326.920062,1.642948e+00,-1140.131246,589.315327,580.794449,1.052,0.183,0.046
2357,2.357000,744234.986598,-279800.728629,464434.257970,1.643096e+00,-1140.131251,589.315218,580.794302,1.014,0.192,0.039
2358,2.358000,744234.987762,-279693.468558,464541.519204,1.643245e+00,-1140.131258,589.315109,580.794155,1.021,0.604,0.042
2359,2.359000,744234.988927,-279586.285200,464648.703728,1.643393e+00,-1140.131266,589.315000,580.794008,0.966,0.360,0.042
2360,2.360000,744234.990092,-279479.178572,464755.811520,1.643542e+00,-1140.131273,589.314891,580.793862,1.119,0.238,0.052
2361,2.361000,744234.991258,-279372.148703,464862.842555,1.643690e+00,-1140.131281,589.314782,580.793717,0.964,0.498,0.046
2362,2.362000,744234.992423,-279265.195621,464969.796802,1.643838e+00,-1140.131288,589.314673,580.793571,1.016,0.182,0.043
2363,2.363000,744234.993589,-279158.319357,465076.674232,1.643986e+00,-1140.131296,589.314565,580.793426,1.083,0.208,0.051
2364,2.364000,744234.994755,-279051.519938,465183.474817,1.644134e+00,-1140.131303,589.314457,580.793280,1.101,0.692,0.053
2365,2.365000,744234.995920,-278944.797382,465290.198538,1.644282e+00,-1140.131311,589.314349,580.793135,1.238,0.242,0.050
2366,2.366000,744234.997084,-278838.151714,465396.845369,1.644429e+00,-1140.131318,589.314241,580.792990,1.131,0.550,0.051
2367,2.367000,744234.998248,-278731.582957,465503.415290,1.644577e+00,-1140.131326,589.314133,580.792845,0.972,0.259,0.046
2368,2.368000,744234.999411,-278625.091128,465609.908283,1.644724e+00,-1140.131333,589.314026,580.792701,0.998,0.184,0.052
2369,2.369000,744235.000574,-278518.676234,465716.324340,1.644872e+00,-1140.131341,589.313918,580.792556,1.361,0.544,0.052
2370,2.370000,744235.001735,-278412.338284,465822.663451,1.645019e+00,-1140.131348,589.313811,580.792412,1.086,0.380,0.051
2371,2.371000,744235.002895,-278306.077271,465928.925624,1.645166e+00,-1140.131355,589.313704,580.792268,1.025,1.057,0.045
2372,2.372000,744235.004056,-278199.893199,466035.110857,1.645313e+00,-1140.131362,589.313598,580.792124,1.126,0.229,0.058
2373,2.373000,744235.005214,-278093.786051,466141.219163,1.645460e+00,-1140.131369,589.313492,580.791980,1.162,0.379,0.065
2374,2.374000,744235.006368,-277987.755815,466247.250553,1.645607e+00,-1140.131376,589.313386,580.791837,1.146,0.334,0.048
2375,2.375000,744235.007522,-277881.802474,466353.205048,1.645754e+00,-1140.131383,589.313281,580.791693,1.037,0.186,0.044
2376,2.376000,744235.008677,-277775.926006,466459.082671,1.645900e+00,-1140.131390,589.313175,580.791550,1.139,0.240,0.037
2377,2.377000,744235.009833,-277670.126374,466564.883459,1.646047e+00,-1140.131397,589.313070,580.791407,1.034,0.209,0.051
2378,2.378000,744235.010988,-277564.403543,466670.607445,1.646193e+00,-1140.131404,589.312965,580.791264,1.143,0.425,0.049
2379,2.379000,744235.012142,-277458.757482,466776.254661,1.646339e+00,-1140.131411,589.312860,580.791121,1.300,0.417,0.050
2380,2.380000,744235.013297,-277353.188137,466881.825160,1.646486e+00,-1140.131418,589.312755,580.790979,1.010,0.191,0.054
2381,2.381000,744235.014453,-277247.695465,466987.318988,1.646632e+00,-1140.131424,589.312650,580.790836,0.993,0.187,0.045
2382,2.382000,744235.015610,-277142.279425,467092.736185,1.646778e+00,-1140.131431,589.312545,580.790693,1.086,0.213,0.048
2383,2.383000,744235.016767,-277036.939950,467198.076817,1.646923e+00,-1140.131437,589.312440,580.790551,1.024,0.213,0.050
2384,2.384000,744235.017924,-276931.676988,467303.340936,1.647069e+00,-1140.131443,589.312336,580.790408,1.030,0.189,0.047
2385,2.385000,744235.019080,-276826.490480,467408.528601,1.647215e+00,-1140.131450,589.312231,580.790266,1.011,0.192,0.051
2386,2.386000,744235.020236,-276721.380376,467513.639860,1.647360e+00,-1140.131456,589.312127,580.790123,1.044,0.203,0.058
2387,2.387000,744235.021392,-276616.346614,467618.674778,1.647506e+00,-1140.131462,589.312023,580.789981,0.991,0.215,0.049
2388,2.388000,744235.022548,-276511.389132,467723.633416,1.647651e+00,-1140.131468,589.311919,580.789839,0.990,0.386,0.047
2389,2.389000,744235.023704,-276406.507871,467828.515833,1.647796e+00,-1140.131474,589.311815,580.789698,1.001,0.424,0.056
2390,2.390000,744235.024860,-276301.702773,467933.322087,1.647942e+00,-1140.131481,589.311712,580.789556,1.010,0.388,0.049
2391,2.391000,744235.026013,-276196.973778,468038.052235,1.648087e+00,-1140.131487,589.311608,580.789415,0.998,0.283,0.045
2392,2.392000,744235.027160,-276092.320828,468142.706331,1.648232e+00,-1140.131493,589.311505,580.789275,1.052,0.455,0.058
2393,2.393000,744235.028302,-275987.743869,468247.284432,1.648376e+00,-1140.131499,589.311402,580.789135,1.069,0.264,0.049
2394,2.394000,744235.029443,-275883.242859,468351.786584,1.648521e+00,-1140.131505,589.311301,580.788994,0.985,0.207,0.052
2395,2.395000,744235.030583,-275778.817748,468456.212835,1.648666e+00,-1140.131511,589.311199,580.788854,1.061,0.214,0.055
2396,2.396000,744235.031723,-275674.468500,468560.563223,1.648810e+00,-1140.131517,589.311098,580.788715,1.005,0.434,0.042
2397,2.397000,744235.032864,-275570.195080,468664.837783,1.648954e+00,-1140.131523,589.310997,580.788575,1.101,0.331,0.045
2398,2.398000,744235.034004,-275465.997457,468769.036547,1.649099e+00,-1140.131529,589.310896,580.788435,1.005,0.462,0.051
2399,2.399000,744235.035145,-275361.875602,468873.159543,1.649243e+00,-1140.131535,589.310795,580.788295,0.969,1.174,0.048
2400,2.400000,744235.036274,-275257.829499,468977.206775,1.649387e+00,-1140.131541,589.310695,580.788156,0.994,0.633,0.050
2401,2.401000,744235.037393,-275153.859128,469081.178265,1.649531e+00,-1140.131546,589.310596,580.788016,1.118,0.357,0.053
2402,2.402000,744235.038511,-275049.964494,469185.074017,1.649675e+00,-1140.131552,589.310497,580.787877,0.985,0.605,0.040
2403,2.403000,744235.039629,-274946.145582,469288.894047,1.649819e+00,-1140.131558,589.310398,580.787738,1.067,0.253,0.043
2404,2.404000,744235.040747,-274842.402387,469392.638361,1.649962e+00,-1140.131563,589.310299,580.787599,1.119,0.230,0.045
2405,2.405000,744235.041866,-274738.734913,469496.306953,1.650106e+00,-1140.131569,589.310200,580.787460,1.090,0.410,0.038
2406,2.406000,744235.042986,-274635.143177,469599.899809,1.650249e+00,-1140.131574,589.310102,580.787322,0.974,0.547,0.046
2407,2.407000,744235.044107,-274531.627190,469703.416918,1.650393e+00,-1140.131580,589.310003,580.787184,1.066,0.234,0.051
2408,2.408000,744235.045228,-274428.186958,469806.858270,1.650536e+00,-1140.131586,589.309905,580.787046,1.032,0.215,0.048
2409,2.409000,744235.046349,-274324.822513,469910.223836,1.650679e+00,-1140.131591,589.309807,580.786909,0.963,0.702,0.050
2410,2.410000,744235.047469,-274221.533857,470013.513612,1.650822e+00,-1140.131597,589.309710,580.786771,0.993,1.093,0.048
2411,2.411000,744235.048589,-274118.321010,470116.727579,1.650965e+00,-1140.131602,589.309612,580.786633,0.993,0.508,0.051
2412,2.412000,744235.049709,-274015.183990,470219.865719,1.651108e+00,-1140.131608,589.309514,580.786496,1.045,0.216,0.045
2413,2.413000,744235.050829,-273912.122820,470322.928009,1.651250e+00,-1140.131614,589.309417,580.786359,1.053,0.222,0.058
2414,2.414000,744235.051949,-273809.137529,470425.914420,1.651393e+00,-1140.131619,589.309320,580.786221,0.981,0.404,0.049
2415,2.415000,744235.053069,-273706.228127,470528.824942,1.651536e+00,-1140.131625,589.309223,580.786084,1.052,0.208,0.045
2416,2.416000,744235.054189,-273603.394624,470631.659565,1.651678e+00,-1140.131630,589.309126,580.785946,0.990,0.371,0.037
2417,2.417000,744235.055308,-273500.637025,470734.418283,1.651820e+00,-1140.131636,589.309030,580.785809,0.940,0.707,0.039
2418,2.418000,744235.056427,-273397.955356,470837.101071,1.651962e+00,-1140.131641,589.308933,580.785671,1.159,0.267,0.041
2419,2.419000,744235.057547,-273295.349612,470939.707935,1.652104e+00,-1140.131647,589.308837,580.785534,1.069,0.408,0.050
2420,2.420000,744235.058664,-273192.819797,471042.238867,1.652246e+00,-1140.131652,589.308741,580.785397,1.098,0.324,0.043
2421,2.421000,744235.059777,-273090.365907,471144.693871,1.652388e+00,-1140.131658,589.308645,580.785261,1.071,0.216,0.042
2422,2.422000,744235.060889,-272987.987929,471247.072960,1.652530e+00,-1140.131663,589.308550,580.785125,1.014,0.184,0.041
2423,2.423000,744235.062001,-272885.685848,471349.376154,1.652672e+00,-1140.131669,589.308455,580.784989,0.999,0.571,0.046
2424,2.424000,744235.063114,-272783.459653,471451.603460,1.652813e+00,-1140.131674,589.308360,580.784853,1.025,0.263,0.037
2425,2.425000,744235.064227,-272681.309322,471553.754905,1.652955e+00,-1140.131679,589.308264,580.784718,1.095,0.456,0.042
2426,2.426000,744235.065341,-272579.234817,471655.830523,1.653096e+00,-1140.131684,589.308169,580.784582,1.014,0.232,0.040
2427,2.427000,744235.066454,-272477.236111,471757.830343,1.653237e+00,-1140.131689,589.308074,580.784447,1.051,0.216,0.042
2428,2.428000,744235.067568,-272375.313160,471859.754408,1.653378e+00,-1140.131695,589.307979,580.784312,1.006,0.192,0.040
2429,2.429000,744235.068682,-272273.465915,471961.602767,1.653519e+00,-1140.131701,589.307884,580.784178,1.103,0.227,0.055
2430,2.430000,744235.069793,-272171.694325,472063.375468,1.653660e+00,-1140.131708,589.307790,580.784043,0.980,2.534,0.046
2431,2.431000,744235.070903,-272069.998330,472165.072573,1.653801e+00,-1140.131714,589.307696,580.783909,1.057,0.506,0.051
2432,2.432000,744235.072012,-271968.377865,472266.694148,1.653942e+00,-1140.131720,589.307602,580.783775,0.995,0.438,0.044
2433,2.433000,744235.073122,-271866.832859,472368.240263,1.654083e+00,-1140.131726,589.307508,580.783641,0.984,0.183,0.050
2434,2.434000,744235.074230,-271765.363230,472469.711000,1.654223e+00,-1140.131732,589.307414,580.783507,1.116,0.454,0.055
2435,2.435000,744235.075338,-271663.968900,472571.106438,1.654363e+00,-1140.131738,589.307321,580.783373,0.978,0.602,0.041
2436,2.436000,744235.076443,-271562.649771,472672.426672,1.654504e+00,-1140.131745,589.307228,580.783239,0.988,0.631,0.040
2437,2.437000,744235.077547,-271461.405756,472773.671791,1.654644e+00,-1140.131751,589.307134,580.783106,1.095,0.216,0.042
2438,2.438000,744235.078650,-271360.236747,472874.841903,1.654784e+00,-1140.131757,589.307041,580.782973,0.982,0.556,0.046
2439,2.439000,744235.079753,-271259.142639,472975.937114,1.654924e+00,-1140.131763,589.306949,580.782840,1.003,1.093,0.043
2440,2.440000,744235.080857,-271158.123315,473076.957543,1.655064e+00,-1140.131769,589.306856,580.782707,1.116,0.320,0.050
2441,2.441000,744235.081962,-271057.178654,473177.903308,1.655204e+00,-1140.131775,589.306764,580.782574,0.994,0.184,0.050
2442,2.442000,744235.083067,-270956.308533,473278.774533,1.655343e+00,-1140.131780,589.306672,580.782442,0.947,0.350,0.044
2443,2.443000,744235.084171,-270855.512815,473379.571356,1.655483e+00,-1140.131786,589.306581,580.782309,5.905,10.121,0.082
2444,2.444000,744235.085276,-270754.791384,473480.293892,1.655622e+00,-1140.131792,589.306489,580.782176,1.224,0.491,0.076
2445,2.445000,744235.086380,-270654.144083,473580.942298,1.655762e+00,-1140.131798,589.306398,580.782044,1.084,0.225,0.068
2446,2.446000,744235.087485,-270553.570769,473681.516716,1.655901e+00,-1140.131804,589.306306,580.781911,0.985,0.240,0.050
2447,2.447000,744235.088588,-270453.071304,473782.017284,1.656040e+00,-1140.131810,589.306215,580.781778,0.995,0.507,0.051
2448,2.448000,744235.089691,-270352.645545,473882.444146,1.656179e+00,-1140.131815,589.306124,580.781646,1.104,0.230,0.049
2449,2.449000,744235.090794,-270252.293334,473982.797460,1.656318e+00,-1140.131821,589.306034,580.781513,1.126,0.215,0.051
2450,2.450000,744235.091897,-270152.014525,474083.077372,1.656457e+00,-1140.131827,589.305943,580.781381,1.107,0.206,0.047
2451,2.451000,744235.092988,-270051.808965,474183.284023,1.656596e+00,-1140.131833,589.305852,580.781250,1.026,0.400,0.046
2452,2.452000,744235.094063,-269951.676500,474283.417563,1.656734e+00,-1140.131838,589.305762,580.781120,1.145,0.520,0.050
2453,2.453000,744235.095094,-269851.616980,474383.478114,1.656873e+00,-1140.131843,589.305673,580.780992,1.084,0.564,0.043
2454,2.454000,744235.096085,-269751.630258,474483.465828,1.657011e+00,-1140.131849,589.305587,580.780863,1.021,0.623,0.041
2455,2.455000,744235.097033,-269651.716193,474583.380840,1.657150e+00,-1140.131854,589.305502,580.780735,1.073,0.415,0.045
2456,2.456000,744235.097939,-269551.874634,474683.223305,1.657288e+00,-1140.131859,589.305419,580.780606,0.975,0.208,0.046
2457,2.457000,744235.098845,-269452.105443,474782.993402,1.657426e+00,-1140.131865,589.305337,580.780477,1.095,0.234,0.061
2458,2.458000,744235.099748,-269352.408482,474882.691266,1.657564e+00,-1140.131870,589.305255,580.780349,1.160,0.663,0.044
2459,2.459000,744235.100648,-269252.783628,474982.317020,1.657702e+00,-1140.131875,589.305173,580.780222,0.976,0.417,0.048
2460,2.460000,744235.101548,-269153.230751,475081.870797,1.657840e+00,-1140.131881,589.305090,580.780094,0.972,0.834,0.043
2461,2.461000,744235.102448,-269053.749747,475181.352701,1.657978e+00,-1140.131886,589.305008,580.779966,1.089,0.493,0.051
2462,2.462000,744235.103348,-268954.340498,475280.762850,1.658115e+00,-1140.131891,589.304926,580.779839,1.070,0.965,0.048
2463,2.463000,744235.104247,-268855.002904,475380.101343,1.658253e+00,-1140.131897,589.304845,580.779711,1.034,1.265,0.045
2464,2.464000,744235.105146,-268755.736865,475479.368281,1.658390e+00,-1140.131902,589.304763,580.779584,1.208,0.590,0.043
2465,2.465000,744235.106045,-268656.542302,475578.563743,1.658528e+00,-1140.131908,589.304682,580.779456,1.122,0.225,0.051
2466,2.466000,744235.106943,-268557.419131,475677.687812,1.658665e+00,-1140.131913,589.304600,580.779329,1.148,0.216,0.046
2467,2.467000,744235.107840,-268458.367282,475776.740558,1.658802e+00,-1140.131918,589.304519,580.779202,1.012,0.191,0.036
2468,2.468000,744235.108738,-268359.386695,475875.722042,1.658939e+00,-1140.131924,589.304438,580.779075,0.975,0.188,0.035
2469,2.469000,744235.109621,-268260.477313,475974.632308,1.659076e+00,-1140.131929,589.304359,580.778948,1.055,0.524,0.040
2470,2.470000,744235.110491,-268161.639087,476073.471404,1.659213e+00,-1140.131934,589.304280,580.778821,1.015,0.185,0.038
2471,2.471000,744235.111360,-268062.871958,476172.239403,1.659350e+00,-1140.131940,589.304201,580.778694,1.063,0.328,0.041
2472,2.472000,744235.112230,-267964.175886,476270.936344,1.659487e+00,-1140.131945,589.304123,580.778567,1.010,0.202,0.049
2473,2.473000,744235.113100,-267865.550836,476369.562264,1.659623e+00,-1140.131950,589.304044,580.778441,1.152,0.738,0.039
2474,2.474000,744235.113969,-267766.996770,476468.117200,1.659760e+00,-1140.131956,589.303965,580.778315,1.039,0.185,0.044
2475,2.475000,744235.114830,-267668.513662,476566.601168,1.659896e+00,-1140.131961,589.303887,580.778190,0.951,1.442,0.046
2476,2.476000,744235.115681,-267570.101487,476665.014194,1.660032e+00,-1140.131966,589.303808,580.778066,0.958,0.574,0.045
2477,2.477000,744235.116533,-267471.760216,476763.356317,1.660168e+00,-1140.131972,589.303730,580.777942,1.088,0.198,0.049
2478,2.478000,744235.117383,-267373.489820,476861.627563,1.660304e+00,-1140.131978,589.303652,580.777818,1.139,0.457,0.045
2479,2.479000,744235.118234,-267275.290265,476959.827969,1.660440e+00,-1140.131983,589.303574,580.777694,0.954,0.201,0.040
2480,2.480000,744235.119085,-267177.161530,477057.957555,1.660576e+00,-1140.131989,589.303496,580.777570,1.013,0.523,0.049
2481,2.481000,744235.119935,-267079.103587,477156.016348,1.660712e+00,-1140.131995,589.303418,580.777447,1.017,0.193,0.046
2482,2.482000,744235.120786,-266981.116414,477254.004372,1.660848e+00,-1140.132001,589.303340,580.777323,0.997,0.214,0.048
2483,2.483000,744235.121637,-266883.199983,477351.921654,1.660983e+00,-1140.132006,589.303263,580.777199,0.998,0.785,0.043
2484,2.484000,744235.122488,-266785.354268,477449.768220,1.661119e+00,-1140.132012,589.303185,580.777076,1.099,0.222,0.072
2485,2.485000,744235.123339,-266687.579237,477547.544102,1.661254e+00,-1140.132018,589.303107,580.776952,2.705,0.463,0.174
2486,2.486000,744235.124190,-266589.874857,477645.249333,1.661390e+00,-1140.132023,589.303029,580.776829,1.075,0.237,0.057
2487,2.487000,744235.125042,-266492.241087,477742.883955,1.661525e+00,-1140.132029,589.302952,580.776705,1.141,0.212,0.044
2488,2.488000,744235.125895,-266394.677900,477840.447995,1.661660e+00,-1140.132035,589.302875,580.776582,1.206,0.255,0.045
2489,2.489000,744235.126748,-266297.185254,477937.941494,1.661795e+00,-1140.132040,589.302798,580.776458,1.289,1.031,0.052
2490,2.490000,744235.127601,-266199.763109,478035.364492,1.661930e+00,-1140.132046,589.302721,580.776335,0.976,0.204,0.046
2491,2.491000,744235.128455,-266102.411421,478132.717034,1.662065e+00,-1140.132052,589.302645,580.776212,1.194,0.274,0.065
2492,2.492000,744235.129305,-266005.130152,478229.999153,1.662199e+00,-1140.132057,589.302568,580.776089,1.027,0.291,0.054
2493,2.493000,744235.130152,-265907.919249,478327.210903,1.662334e+00,-1140.132063,589.302492,580.775966,1.176,0.231,0.062
2494,2.494000,744235.130998,-265810.778665,478424.352333,1.662468e+00,-1140.132069,589.302416,580.775844,1.067,0.388,0.042
2495,2.495000,744235.131844,-265713.708352,478521.423492,1.662603e+00,-1140.132074,589.302340,580.775722,1.137,0.241,0.043
2496,2.496000,744235.132690,-265616.708262,478618.424429,1.662737e+00,-1140.132080,589.302264,580.775600,1.178,0.243,0.048
2497,2.497000,744235.133536,-265519.778337,478715.355200,1.662871e+00,-1140.132085,589.302188,580.775478,1.058,0.398,0.052
2498,2.498000,744235.134382,-265422.918528,478812.215854,1.663005e+00,-1140.132091,589.302112,580.775355,1.127,0.221,0.046
2499,2.499000,744235.135649,-265326.128779,478909.006870,1.663139e+00,-1140.132043,589.301999,580.775154,1.070,0.219,0.046
2500,2.500000,744235.137333,-265229.409037,479005.728296,1.663273e+00,-1140.131943,589.301849,580.774873,1.153,0.476,0.146
2501,2.501000,744235.139013,-265132.759244,479102.379769,1.663407e+00,-1140.131842,589.301698,580.774594,0.999,0.845,0.061
2502,2.502000,744235.140276,-265036.179349,479198.960927,1.663541e+00,-1140.131794,589.301586,580.774393,1.004,0.256,0.057
2503,2.503000,744235.141123,-264939.669286,479295.471837,1.663675e+00,-1140.131800,589.301510,580.774271,0.985,0.399,0.055
2504,2.504000,744235.141970,-264843.229008,479391.912961,1.663808e+00,-1140.131805,589.301434,580.774150,1.078,0.221,0.049
2505,2.505000,744235.142813,-264746.858449,479488.284364,1.663942e+00,-1140.131811,589.301359,580.774029,0.998,0.220,0.048
2506,2.506000,744235.143654,-264650.557557,479584.586097,1.664075e+00,-1140.131816,589.301283,580.773909,1.017,0.219,0.065
2507,2.507000,744235.144495,-264554.326270,479680.818224,1.664208e+00,-1140.131822,589.301208,580.773788,10.128,2.526,0.208
2508,2.508000,744235.145331,-264458.164540,479776.980792,1.664341e+00,-1140.131827,589.301132,580.773668,6.511,0.261,0.067
2509,2.509000,744235.146164,-264362.072298,479873.073866,1.664474e+00,-1140.131833,589.301058,580.773548,1.008,0.354,0.053
2510,2.510000,744235.146997,-264266.049489,479969.097508,1.664607e+00,-1140.131838,589.300983,580.773427,1.016,0.469,0.051
2511,2.511000,744235.147829,-264170.096055,480065.051774,1.664740e+00,-1140.131844,589.300909,580.773307,1.452,0.260,0.067
2512,2.512000,744235.148659,-264074.211930,480160.936729,1.664873e+00,-1140.131851,589.300835,580.773188,1.043,16.017,0.072
2513,2.513000,744235.149489,-263978.397049,480256.752440,1.665006e+00,-1140.131857,589.300761,580.773069,1.150,2.119,0.039
2514,2.514000,744235.150316,-263882.651350,480352.498965,1.665138e+00,-1140.131863,589.300687,580.772949,1.144,0.248,0.048
2515,2.515000,744235.151140,-263786.974779,480448.176360,1.665271e+00,-1140.131870,589.300614,580.772830,0.995,0.205,0.048
2516,2.516000,744235.151964,-263691.367271,480543.784693,1.665403e+00,-1140.131876,589.300541,580.772711,1.244,0.343,0.046
2517,2.517000,744235.152788,-263595.828758,480639.324031,1.665535e+00,-1140.131883,589.300469,580.772592,1.090,0.203,0.041
2518,2.518000,744235.153613,-263500.359161,480734.794452,1.665668e+00,-1140.131889,589.300396,580.772473,1.049,0.511,0.043
2519,2.519000,744235.154437,-263404.958428,480830.196009,1.665800e+00,-1140.131895,589.300323,580.772354,0.966,0.214,0.045
2520,2.520000,744235.155261,-263309.626480,480925.528781,1.665932e+00,-1140.131902,589.300250,580.772235,1.062,0.219,0.049
2521,2.521000,744235.156085,-263214.363241,481020.792845,1.666064e+00,-1140.131908,589.300177,580.772116,0.977,0.231,0.048
2522,2.522000,744235.156910,-263119.168636,481115.988274,1.666195e+00,-1140.131914,589.300104,580.771997,1.009,0.234,0.053
2523,2.523000,744235.157734,-263024.042587,481211.115147,1.666327e+00,-1140.131921,589.300032,580.771878,1.116,0.440,0.042
2524,2.524000,744235.158558,-262928.985005,481306.173553,1.666459e+00,-1140.131927,589.299959,580.771759,1.002,0.188,0.049
2525,2.525000,744235.159382,-262833.995811,481401.163571,1.666590e+00,-1140.131933,589.299886,580.771641,1.012,0.213,0.047
2526,2.526000,744235.160206,-262739.074927,481496.085279,1.666722e+00,-1140.131939,589.299814,580.771522,0.960,0.597,0.046
2527,2.527000,744235.161033,-262644.222256,481590.938777,1.666853e+00,-1140.131945,589.299741,580.771404,0.968,0.202,0.040
2528,2.528000,744235.161863,-262549.437705,481685.724159,1.666984e+00,-1140.131951,589.299668,580.771285,3.072,0.724,0.118
2529,2.529000,744235.162693,-262454.721190,481780.441503,1.667116e+00,-1140.131956,589.299596,580.771167,1.031,0.249,0.049
2530,2.530000,744235.163533,-262360.072615,481875.090918,1.667247e+00,-1140.131962,589.299523,580.771049,1.164,0.245,0.047
2531,2.531000,744235.164383,-262265.491888,481969.672494,1.667378e+00,-1140.131969,589.299451,580.770930,1.274,0.262,0.062
2532,2.532000,744235.165232,-262170.978898,482064.186334,1.667508e+00,-1140.131977,589.299379,580.770812,1.131,0.233,0.046
2533,2.533000,744235.166082,-262076.533548,482158.632534,1.667639e+00,-1140.131984,589.299307,580.770694,1.011,0.224,0.041
2534,2.534000,744235.166932,-261982.155735,482253.011196,1.667770e+00,-1140.131991,589.299235,580.770576,1.168,0.237,0.049
2535,2.535000,744235.167782,-261887.845354,482347.322427,1.667900e+00,-1140.131998,589.299163,580.770458,1.134,0.269,0.042
2536,2.536000,744235.168632,-261793.602298,482441.566334,1.668031e+00,-1140.132005,589.299091,580.770341,1.021,0.186,0.046
2537,2.537000,744235.169473,-261699.426457,482535.743015,1.668161e+00,-1140.132013,589.299019,580.770224,0.973,0.210,0.045
2538,2.538000,744235.170303,-261605.317723,482629.852580,1.668292e+00,-1140.132020,589.298948,580.770109,1.078,1.330,0.045
2539,2.539000,744235.171133,-261511.275982,482723.895151,1.668422e+00,-1140.132027,589.298876,580.769993,1.280,1.899,0.050
2540,2.540000,744235.171963,-261417.301131,482817.870832,1.668552e+00,-1140.132034,589.298805,580.769878,1.124,0.218,0.084
2541,2.541000,744235.172792,-261323.393053,482911.779739,1.668682e+00,-1140.132042,589.298734,580.769763,1.031,0.240,0.048
2542,2.542000,744235.173622,-261229.551635,483005.621986,1.668812e+00,-1140.132049,589.298662,580.769647,0.997,0.187,0.041
2543,2.543000,744235.174451,-261135.776786,483099.397665,1.668942e+00,-1140.132056,589.298591,580.769532,0.984,0.235,0.048
2544,2.544000,744235.175281,-261042.068380,483193.106901,1.669072e+00,-1140.132063,589.298520,580.769417,0.974,0.441,0.043
2545,2.545000,744235.176111,-260948.426304,483286.749807,1.669201e+00,-1140.132070,589.298449,580.769302,1.105,0.443,0.047
2546,2.546000,744235.176942,-260854.850460,483380.326481,1.669331e+00,-1140.132078,589.298378,580.769187,1.052,0.196,0.048
2547,2.547000,744235.177773,-260761.340733,483473.837039,1.669460e+00,-1140.132085,589.298307,580.769073,1.287,0.231,0.052
2548,2.548000,744235.178564,-260667.897020,483567.281543,1.669590e+00,-1140.132092,589.298238,580.768960,1.017,0.834,0.047
2549,2.549000,744235.179313,-260574.519210,483660.660104,1.669719e+00,-1140.132099,589.298171,580.768847,0.970,0.188,0.042
2550,2.550000,744235.180064,-260481.207208,483753.972856,1.669848e+00,-1140.132106,589.298103,580.768734,0.994,0.220,0.043
2551,2.551000,744235.180815,-260387.960908,483847.219906,1.669977e+00,-1140.132114,589.298036,580.768621,1.170,0.238,0.055
2552,2.552000,744235.181566,-260294.780211,483940.401355,1.670106e+00,-1140.132121,589.297969,580.768509,1.015,0.189,0.043
2553,2.553000,744235.182318,-260201.665020,484033.517298,1.670235e+00,-1140.132128,589.297902,580.768396,0.988,0.631,0.032
2554,2.554000,744235.183070,-260108.615232,484126.567839,1.670364e+00,-1140.132134,589.297835,580.768284,0.992,0.186,0.036
2555,2.555000,744235.183823,-260015.630750,484219.553074,1.670493e+00,-1140.132141,589.297768,580.768172,1.085,0.216,0.046
2556,2.556000,744235.184576,-259922.711484,484312.473093,1.670622e+00,-1140.132148,589.297701,580.768061,0.995,0.202,0.043
2557,2.557000,744235.185340,-259829.857345,484405.327995,1.670750e+00,-1140.132156,589.297634,580.767951,1.298,0.383,0.048
2558,2.558000,744235.186114,-259737.068245,484498.117869,1.670879e+00,-1140.132165,589.297568,580.767840,1.163,0.622,0.052
2559,2.559000,744235.186887,-259644.344099,484590.842788,1.671007e+00,-1140.132174,589.297501,580.767730,2.106,0.230,0.054
2560,2.560000,744235.187660,-259551.684819,484683.502841,1.671135e+00,-1140.132183,589.297435,580.767620,1.202,0.235,0.090
2561,2.561000,744235.188433,-259459.090327,484776.098106,1.671264e+00,-1140.132191,589.297369,580.767510,1.106,0.216,0.052
2562,2.562000,744235.189206,-259366.560549,484868.628657,1.671392e+00,-1140.132200,589.297303,580.767399,0.994,0.869,0.046
2563,2.563000,744235.189978,-259274.095406,484961.094572,1.671520e+00,-1140.132209,589.297237,580.767289,1.019,0.192,0.055
2564,2.564000,744235.190751,-259181.694824,485053.495927,1.671648e+00,-1140.132218,589.297171,580.767179,1.055,0.202,0.043
2565,2.565000,744235.191523,-259089.358732,485145.832791,1.671776e+00,-1140.132226,589.297105,580.767069,1.066,0.198,0.041
2566,2.566000,744235.192296,-258997.087059,485238.105237,1.671903e+00,-1140.132235,589.297039,580.766959,0.985,0.308,0.042
2567,2.567000,744235.193068,-258904.879727,485330.313341,1.672031e+00,-1140.132244,589.296973,580.766849,1.428,0.259,0.076
2568,2.568000,744235.193840,-258812.736682,485422.457158,1.672159e+00,-1140.132253,589.296907,580.766740,1.121,0.582,0.050
2569,2.569000,744235.194612,-258720.657847,485514.536765,1.672286e+00,-1140.132261,589.296841,580.766630,1.083,1.315,0.056
2570,2.570000,744235.195385,-258628.643159,485606.552226,1.672413e+00,-1140.132270,589.296776,580.766520,1.129,0.661,0.050
2571,2.571000,744235.196157,-258536.692558,485698.503599,1.672541e+00,-1140.132279,589.296710,580.766411,1.071,0.447,0.049
2572,2.572000,744235.196929,-258444.805977,485790.390952,1.672668e+00,-1140.132288,589.296644,580.766301,1.933,0.751,0.046
2573,2.573000,744235.197702,-258352.983360,485882.214342,1.672795e+00,-1140.132296,589.296578,580.766192,1.267,0.296,0.041
2574,2.574000,744235.198474,-258261.224642,485973.973832,1.672922e+00,-1140.132305,589.296513,580.766083,1.167,0.946,0.055
2575,2.575000,744235.199247,-258169.529763,486065.669483,1.673049e+00,-1140.132314,589.296447,580.765974,1.116,0.187,0.056
2576,2.576000,744235.200020,-258077.898661,486157.301359,1.673176e+00,-1140.132322,589.296382,580.765864,1.007,0.208,0.046
2577,2.577000,744235.200792,-257986.331272,486248.869521,1.673303e+00,-1140.132331,589.296316,580.765755,1.197,0.451,0.075
2578,2.578000,744235.201565,-257894.827548,486340.374017,1.673430e+00,-1140.132340,589.296251,580.765646,1.039,0.211,0.047
2579,2.579000,744235.202338,-257803.387430,486431.814908,1.673556e+00,-1140.132348,589.296186,580.765537,0.948,0.355,0.041
2580,2.580000,744235.203110,-257712.010853,486523.192258,1.673683e+00,-1140.132357,589.296121,580.765428,0.981,0.444,0.047
2581,2.581000,744235.203881,-257620.697761,486614.506119,1.673809e+00,-1140.132365,589.296055,580.765319,1.074,0.214,0.053
2582,2.582000,744235.204649,-257529.448099,486705.756550,1.673936e+00,-1140.132373,589.295990,580.765211,1.087,0.225,0.045
2583,2.583000,744235.205417,-257438.261799,486796.943618,1.674062e+00,-1140.132381,589.295925,580.765104,1.232,0.204,0.055
2584,2.584000,744235.206186,-257347.138811,486888.067375,1.674188e+00,-1140.132389,589.295860,580.764996,1.184,0.223,0.076
2585,2.585000,744235.206954,-257256.079071,486979.127883,1.674314e+00,-1140.132397,589.295795,580.764888,0.978,0.512,0.065
2586,2.586000,744235.207720,-257165.082516,487070.125204,1.674440e+00,-1140.132405,589.295731,580.764781,0.983,0.188,0.041
2587,2.587000,744235.208486,-257074.149090,487161.059395,1.674566e+00,-1140.132413,589.295666,580.764673,0.957,0.474,0.041
2588,2.588000,744235.209251,-256983.278733,487251.930518,1.674692e+00,-1140.132422,589.295602,580.764566,1.010,0.239,0.054
2589,2.589000,744235.210017,-256892.471381,487342.738635,1.674818e+00,-1140.132430,589.295538,580.764458,1.048,0.477,0.065
2590,2.590000,744235.210782,-256801.726987,487433.483795,1.674943e+00,-1140.132438,589.295474,580.764351,2.118,0.453,0.047
2591,2.591000,744235.211546,-256711.045475,487524.166071,1.675069e+00,-1140.132446,589.295410,580.764245,1.097,0.834,0.048
2592,2.592000,744235.212311,-256620.426800,487614.785511,1.675194e+00,-1140.132454,589.295346,580.764138,0.957,0.240,0.043
2593,2.593000,744235.213076,-256529.870885,487705.342190,1.675320e+00,-1140.132462,589.295282,580.764031,1.257,0.565,0.039
2594,2.594000,744235.213840,-256439.377678,487795.836162,1.675445e+00,-1140.132470,589.295218,580.763925,1.393,0.241,0.045
2595,2.595000,744235.214605,-256348.947116,487886.267489,1.675570e+00,-1140.132478,589.295154,580.763819,0.976,0.685,0.048
2596,2.596000,744235.215367,-256258.579130,487976.636237,1.675695e+00,-1140.132486,589.295090,580.763713,1.283,0.203,0.044
2597,2.597000,744235.216128,-256168.273657,488066.942472,1.675820e+00,-1140.132493,589.295026,580.763608,0.974,0.229,0.043
2598,2.598000,744235.216890,-256078.030635,488157.186255,1.675945e+00,-1140.132501,589.294962,580.763503,1.270,0.224,0.071
2599,2.599000,744235.217652,-255987.850000,488247.367652,1.676070e+00,-1140.132509,589.294899,580.763399,1.198,0.272,0.054
2600,2.600000,744235.218414,-255897.731694,488337.486720,1.676195e+00,-1140.132517,589.294835,580.763294,1.075,0.251,0.048
2601,2.601000,744235.219176,-255807.675641,488427.543535,1.676320e+00,-1140.132524,589.294771,580.763190,1.059,0.197,0.052
2602,2.602000,744235.219938,-255717.681788,488517.538150,1.676444e+00,-1140.132532,589.294708,580.763085,1.117,0.232,0.057
2603,2.603000,744235.220700,-255627.750058,488607.470642,1.676569e+00,-1140.132540,589.294644,580.762980,1.091,0.561,0.053
2604,2.604000,744235.221463,-255537.880382,488697.341081,1.676693e+00,-1140.132548,589.294581,580.762876,5.444,4.820,0.175
2605,2.605000,744235.222225,-255448.072697,488787.149528,1.676818e+00,-1140.132555,589.294518,580.762772,1.607,0.581,0.052
2606,2.606000,744235.222988,-255358.326934,488876.896054,1.676942e+00,-1140.132563,589.294454,580.762667,2.116,0.554,0.167
2607,2.607000,744235.223751,-255268.643034,488966.580717,1.677066e+00,-1140.132571,589.294391,580.762563,1.073,0.527,0.045
2608,2.608000,744235.224514,-255179.020922,489056.203592,1.677190e+00,-1140.132578,589.294328,580.762459,1.299,0.889,0.049
2609,2.609000,744235.225277,-255089.460528,489145.764748,1.677314e+00,-1140.132586,589.294265,580.762355,1.042,0.254,0.054
2610,2.610000,744235.226040,-254999.961794,489235.264246,1.677438e+00,-1140.132594,589.294201,580.762252,1.038,0.350,0.052
2611,2.611000,744235.226803,-254910.524644,489324.702159,1.677562e+00,-1140.132601,589.294138,580.762148,1.035,2.915,0.050
2612,2.612000,744235.227566,-254821.149001,489414.078565,1.677686e+00,-1140.132609,589.294075,580.762044,1.029,0.189,0.047
2613,2.613000,744235.228330,-254731.834803,489503.393527,1.677809e+00,-1140.132617,589.294013,580.761941,1.065,0.222,0.052
2614,2.614000,744235.229079,-254642.581974,489592.647106,1.677933e+00,-1140.132624,589.293951,580.761837,1.135,0.447,0.055
2615,2.615000,744235.229815,-254553.390449,489681.839366,1.678056e+00,-1140.132632,589.293890,580.761734,2.096,0.212,0.056
2616,2.616000,744235.230550,-254464.260152,489770.970398,1.678180e+00,-1140.132640,589.293830,580.761630,1.068,1.683,0.038
2617,2.617000,744235.231286,-254375.191013,489860.040272,1.678303e+00,-1140.132648,589.293769,580.761527,1.083,0.209,0.044
2618,2.618000,744235.232022,-254286.182960,489949.049062,1.678426e+00,-1140.132655,589.293709,580.761423,0.991,0.684,0.037
2619,2.619000,744235.232758,-254197.235925,490037.996833,1.678550e+00,-1140.132663,589.293649,580.761320,1.192,0.226,0.049
2620,2.620000,744235.233493,-254108.349838,490126.883656,1.678673e+00,-1140.132671,589.293588,580.761217,1.074,0.233,0.065
2621,2.621000,744235.234230,-254019.524618,490215.709611,1.678796e+00,-1140.132678,589.293528,580.761113,0.991,0.616,0.045
2622,2.622000,744235.234967,-253930.760199,490304.474768,1.678919e+00,-1140.132686,589.293468,580.761010,0.986,0.396,0.052
2623,2.623000,744235.235705,-253842.056511,490393.179194,1.679041e+00,-1140.132694,589.293408,580.760908,1.194,0.719,0.046
2624,2.624000,744235.236443,-253753.413472,490481.822971,1.679164e+00,-1140.132701,589.293348,580.760805,1.794,0.238,0.121
2625,2.625000,744235.237180,-253664.831024,490570.406156,1.679287e+00,-1140.132709,589.293288,580.760703,1.081,0.240,0.065
2626,2.626000,744235.237918,-253576.309086,490658.928832,1.679409e+00,-1140.132717,589.293227,580.760601,2.029,0.275,0.061
2627,2.627000,744235.238655,-253487.847586,490747.391069,1.679532e+00,-1140.132724,589.293167,580.760498,1.142,0.258,0.049
2628,2.628000,744235.239393,-253399.446454,490835.792939,1.679654e+00,-1140.132732,589.293107,580.760396,1.096,0.250,0.050
2629,2.629000,744235.240131,-253311.105613,490924.134518,1.679777e+00,-1140.132739,589.293047,580.760294,1.051,0.567,0.054
2630,2.630000,744235.240868,-253222.824996,491012.415872,1.679899e+00,-1140.132747,589.292987,580.760192,1.084,0.221,0.044
2631,2.631000,744235.241605,-253134.604540,491100.637065,1.680021e+00,-1140.132755,589.292927,580.760090,1.186,0.197,0.065
2632,2.632000,744235.242343,-253046.444173,491188.798171,1.680143e+00,-1140.132762,589.292868,580.759988,1.061,0.247,0.084
2633,2.633000,744235.243083,-252958.343818,491276.899264,1.680265e+00,-1140.132769,589.292808,580.759886,1.366,0.413,0.062
2634,2.634000,744235.243824,-252870.303417,491364.940408,1.680387e+00,-1140.132776,589.292749,580.759785,1.295,0.227,0.052
2635,2.635000,744235.244566,-252782.322891,491452.921675,1.680509e+00,-1140.132782,589.292689,580.759683,1.057,0.577,0.045
2636,2.636000,744235.245307,-252694.402183,491540.843125,1.680631e+00,-1140.132789,589.292630,580.759581,1.066,0.201,0.039
2637,2.637000,744235.246049,-252606.541224,491628.704825,1.680752e+00,-1140.132796,589.292571,580.759479,1.047,0.785,0.045
2638,2.638000,744235.246791,-252518.739953,491716.506838,1.680874e+00,-1140.132802,589.292511,580.759378,1.109,0.222,0.048
2639,2.639000,744235.247532,-252430.998309,491804.249223,1.680995e+00,-1140.132809,589.292452,580.759276,1.066,0.210,0.047
2640,2.640000,744235.248273,-252343.316231,491891.932042,1.681117e+00,-1140.132815,589.292393,580.759174,1.119,0.215,0.059
2641,2.641000,744235.249014,-252255.693659,491979.555356,1.681238e+00,-1140.132822,589.292334,580.759073,0.961,0.594,0.044
2642,2.642000,744235.249756,-252168.130526,492067.119230,1.681359e+00,-1140.132829,589.292275,580.758971,1.097,0.216,0.044
2643,2.643000,744235.250497,-252080.626787,492154.623710,1.681481e+00,-1140.132835,589.292216,580.758870,1.107,0.239,0.053
2644,2.644000,744235.251237,-251993.182384,492242.068853,1.681602e+00,-1140.132842,589.292158,580.758769,1.058,0.321,0.049
2645,2.645000,744235.251976,-251905.797265,492329.454711,1.681723e+00,-1140.132848,589.292100,580.758667,1.109,0.223,0.051
2646,2.646000,744235.252716,-251818.471382,492416.781335,1.681844e+00,-1140.132855,589.292043,580.758566,1.183,0.201,0.085
2647,2.647000,744235.253457,-251731.204676,492504.048781,1.681964e+00,-1140.132861,589.291985,580.758465,0.981,0.214,0.047
2648,2.648000,744235.254197,-251643.997104,492591.257093,1.682085e+00,-1140.132868,589.291927,580.758364,1.167,0.211,0.042
2649,2.649000,744235.254938,-251556.848615,492678.406323,1.682206e+00,-1140.132874,589.291870,580.758263,0.998,0.386,0.043
2650,2.650000,744235.255679,-251469.759175,492765.496503,1.682326e+00,-1140.132881,589.291812,580.758162,0.975,0.184,0.046
2651,2.651000,744235.256419,-251382.728738,492852.527681,1.682447e+00,-1140.132887,589.291755,580.758061,0.943,0.576,0.039
2652,2.652000,744235.257160,-251295.757260,492939.499900,1.682567e+00,-1140.132894,589.291697,580.757960,0.981,0.515,0.043
2653,2.653000,744235.257900,-251208.844705,493026.413195,1.682688e+00,-1140.132900,589.291640,580.757859,0.993,0.380,0.045
2654,2.654000,744235.258640,-251121.991037,493113.267603,1.682808e+00,-1140.132907,589.291582,580.757759,0.996,0.184,0.049
2655,2.655000,744235.259380,-251035.196225,493200.063155,1.682928e+00,-1140.132913,589.291525,580.757659,0.964,0.429,0.050
2656,2.656000,744235.260119,-250948.460227,493286.799892,1.683048e+00,-1140.132920,589.291468,580.757559,0.971,0.623,0.045
2657,2.657000,744235.260857,-250861.783006,493373.477851,1.683168e+00,-1140.132926,589.291411,580.757459,0.998,0.184,0.051
2658,2.658000,744235.261596,-250775.164540,493460.097056,1.683288e+00,-1140.132933,589.291354,580.757359,1.006,0.832,0.046
2659,2.659000,744235.262333,-250688.604792,493546.657542,1.683408e+00,-1140.132939,589.291297,580.757260,1.027,0.191,0.045
2660,2.660000,744235.263071,-250602.103739,493633.159332,1.683528e+00,-1140.132946,589.291240,580.757160,1.122,2.417,0.046
2661,2.661000,744235.263809,-250515.661348,493719.602461,1.683648e+00,-1140.132952,589.291184,580.757061,0.982,0.224,0.050
2662,2.662000,744235.264549,-250429.277595,493805.986954,1.683767e+00,-1140.132959,589.291128,580.756962,1.047,0.429,0.056
2663,2.663000,744235.265289,-250342.952449,493892.312841,1.683887e+00,-1140.132966,589.291071,580.756863,0.982,0.521,0.048
2664,2.664000,744235.266030,-250256.685881,493978.580149,1.684006e+00,-1140.132973,589.291015,580.756764,1.005,0.207,0.047
2665,2.665000,744235.266771,-250170.477854,494064.788916,1.684125e+00,-1140.132980,589.290959,580.756666,0.977,0.343,0.049
2666,2.666000,744235.267512,-250084.328351,494150.939161,1.684245e+00,-1140.132986,589.290903,580.756568,1.007,0.190,0.050
2667,2.667000,744235.268252,-249998.237337,494237.030915,1.684364e+00,-1140.132993,589.290847,580.756470,1.101,0.465,0.051
2668,2.668000,744235.268997,-249912.204790,494323.064206,1.684483e+00,-1140.132999,589.290791,580.756372,1.006,0.212,0.051
2669,2.669000,744235.269745,-249826.230665,494409.039080,1.684602e+00,-1140.133005,589.290735,580.756274,0.952,0.555,0.047
2670,2.670000,744235.270493,-249740.314940,494494.955552,1.684721e+00,-1140.133011,589.290679,580.756176,2.407,0.506,0.070
2671,2.671000,744235.271240,-249654.457588,494580.813652,1.684840e+00,-1140.133017,589.290623,580.756079,1.060,0.241,0.044
2672,2.672000,744235.271987,-249568.658571,494666.613416,1.684959e+00,-1140.133023,589.290567,580.755982,1.130,0.213,0.037
2673,2.673000,744235.272719,-249482.917854,494752.354864,1.685078e+00,-1140.133028,589.290512,580.755885,1.212,0.214,0.073
2674,2.674000,744235.273436,-249397.235406,494838.038030,1.685196e+00,-1140.133034,589.290458,580.755788,1.019,0.334,0.045
2675,2.675000,744235.274152,-249311.611199,494923.662954,1.685315e+00,-1140.133040,589.290405,580.755691,1.000,0.235,0.052
2676,2.676000,744235.274868,-249226.045191,495009.229676,1.685433e+00,-1140.133046,589.290351,580.755594,9.057,0.549,0.046
2677,2.677000,744235.275583,-249140.537342,495094.738241,1.685552e+00,-1140.133052,589.290298,580.755498,1.027,0.200,0.060
2678,2.678000,744235.276300,-249055.087615,495180.188684,1.685670e+00,-1140.133057,589.290245,580.755401,1.197,0.218,0.052
2679,2.679000,744235.277015,-248969.695964,495265.581051,1.685788e+00,-1140.133063,589.290192,580.755305,1.014,0.251,0.046
2680,2.680000,744235.277730,-248884.362332,495350.915398,1.685906e+00,-1140.133069,589.290139,580.755208,1.022,0.479,0.049
2681,2.681000,744235.278445,-248799.086687,495436.191758,1.686024e+00,-1140.133074,589.290086,580.755112,0.961,0.195,0.041
2682,2.682000,744235.279158,-248713.868979,495521.410178,1.686142e+00,-1140.133080,589.290033,580.755016,1.101,0.215,0.063
2683,2.683000,744235.280030,-248628.709166,495606.570864,1.686260e+00,-1140.133088,589.289942,580.754868,0.970,0.595,0.051
2684,2.684000,744235.281062,-248543.607186,495691.673876,1.686378e+00,-1140.133097,589.289813,580.754666,0.960,0.416,0.051
2685,2.685000,744235.282093,-248458.562990,495776.719103,1.686496e+00,-1140.133107,589.289683,580.754465,1.038,0.371,0.044
2686,2.686000,744235.283124,-248373.576529,495861.706596,1.686614e+00,-1140.133116,589.289554,580.754264,1.217,0.483,0.058
2687,2.687000,744235.284156,-248288.647736,495946.636420,1.686731e+00,-1140.133125,589.289425,580.754063,1.046,0.516,0.061
2688,2.688000,744235.285188,-248203.776558,496031.508630,1.686849e+00,-1140.133135,589.289296,580.753862,1.095,0.196,0.058
2689,2.689000,744235.286220,-248118.962943,496116.323277,1.686966e+00,-1140.133144,589.289168,580.753662,1.275,0.206,0.054
2690,2.690000,744235.287238,-248034.206822,496201.080416,1.687084e+00,-1140.133154,589.289039,580.753462,1.111,0.203,0.050
2691,2.691000,744235.288243,-247949.508132,496285.780112,1.687201e+00,-1140.133163,589.288911,580.753263,2.363,56.058,0.129
2692,2.692000,744235.289248,-247864.866803,496370.422445,1.687318e+00,-1140.133173,589.288782,580.753065,4.887,0.564,0.045
2693,2.693000,744235.290251,-247780.282785,496455.007466,1.687435e+00,-1140.133182,589.288653,580.752867,1.274,0.376,0.069
2694,2.694000,744235.291252,-247695.756007,496539.535245,1.687552e+00,-1140.133191,589.288525,580.752669,0.986,1.196,0.050
2695,2.695000,744235.292251,-247611.286395,496624.005856,1.687669e+00,-1140.133200,589.288397,580.752472,1.286,1.504,0.051
2696,2.696000,744235.293290,-247526.873872,496708.419418,1.687786e+00,-1140.133210,589.288267,580.752274,1.043,0.196,0.050
2697,2.697000,744235.294371,-247442.518379,496792.775992,1.687903e+00,-1140.133219,589.288136,580.752077,1.177,1.010,0.055
2698,2.698000,744235.295453,-247358.219837,496877.075616,1.688020e+00,-1140.133229,589.288005,580.751880,2.214,0.417,0.057
2699,2.699000,744235.296535,-247273.978176,496961.318360,1.688136e+00,-1140.133238,589.287875,580.751683,1.026,0.194,0.039
2700,2.700000,744235.297618,-247189.793318,497045.504300,1.688253e+00,-1140.133248,589.287744,580.751487,1.217,0.363,0.068
2701,2.701000,744235.298701,-247105.665192,497129.633510,1.688369e+00,-1140.133258,589.287614,580.751291,1.025,2.463,0.052
2702,2.702000,744235.299782,-247021.593717,497213.706065,1.688486e+00,-1140.133267,589.287484,580.751095,1.041,0.593,0.054
2703,2.703000,744235.300859,-246937.578824,497297.722034,1.688602e+00,-1140.133277,589.287355,580.750899,3.485,0.233,0.112
2704,2.704000,744235.301936,-246853.620432,497381.681504,1.688718e+00,-1140.133286,589.287226,580.750704,1.785,0.482,0.069
2705,2.705000,744235.303012,-246769.718459,497465.584553,1.688835e+00,-1140.133295,589.287097,580.750508,1.302,0.416,0.100
2706,2.706000,744235.304087,-246685.872835,497549.431253,1.688951e+00,-1140.133305,589.286968,580.750312,1.002,0.186,0.051
2707,2.707000,744235.305163,-246602.083484,497633.221679,1.689067e+00,-1140.133314,589.286840,580.750116,2.280,3.503,0.045
2708,2.708000,744235.306240,-246518.350326,497716.955914,1.689183e+00,-1140.133324,589.286711,580.749921,0.970,2.941,0.047
2709,2.709000,744235.307317,-246434.673286,497800.634031,1.689298e+00,-1140.133334,589.286583,580.749726,0.951,0.180,0.042
2710,2.710000,744235.308395,-246351.052288,497884.256107,1.689414e+00,-1140.133344,589.286455,580.749531,0.953,0.182,0.039
2711,2.711000,744235.309473,-246267.487266,497967.822207,1.689530e+00,-1140.133354,589.286326,580.749336,2.798,0.531,0.054
2712,2.712000,744235.310552,-246183.978138,498051.332414,1.689646e+00,-1140.133364,589.286198,580.749142,0.967,0.210,0.045
2713,2.713000,744235.311630,-246100.524824,498134.786806,1.689761e+00,-1140.133374,589.286070,580.748947,1.704,0.872,0.048
2714,2.714000,744235.312710,-246017.127259,498218.185452,1.689877e+00,-1140.133384,589.285942,580.748753,1.544,0.327,0.055
2715,2.715000,744235.313791,-245933.785366,498301.528424,1.689992e+00,-1140.133394,589.285813,580.748559,0.966,0.214,0.047
2716,2.716000,744235.314872,-245850.499078,498384.815793,1.690107e+00,-1140.133403,589.285685,580.748365,1.006,0.206,0.047
2717,2.717000,744235.315953,-245767.268323,498468.047630,1.690223e+00,-1140.133413,589.285557,580.748172,0.993,0.206,0.043
2718,2.718000,744235.317033,-245684.093029,498551.224005,1.690338e+00,-1140.133423,589.285429,580.747978,1.003,1.347,0.042
2719,2.719000,744235.318114,-245600.973133,498634.344981,1.690453e+00,-1140.133432,589.285301,580.747785,1.193,0.184,0.052
2720,2.720000,744235.319194,-245517.908570,498717.410624,1.690568e+00,-1140.133442,589.285173,580.747592,1.213,0.187,0.051
2721,2.721000,744235.320275,-245434.899275,498800.421000,1.690683e+00,-1140.133452,589.285045,580.747399,0.988,0.185,0.049
2722,2.722000,744235.321356,-245351.945178,498883.376178,1.690798e+00,-1140.133462,589.284916,580.747206,1.033,0.194,0.044
2723,2.723000,744235.322438,-245269.046223,498966.276215,1.690913e+00,-1140.133472,589.284789,580.747013,1.049,0.196,0.055
2724,2.724000,744235.323520,-245186.202350,499049.121170,1.691027e+00,-1140.133482,589.284661,580.746821,1.017,0.411,0.051
2725,2.725000,744235.324601,-245103.413495,499131.911106,1.691142e+00,-1140.133491,589.284533,580.746629,0.985,7.724,0.043
2726,2.726000,744235.325669,-245020.679596,499214.646073,1.691256e+00,-1140.133501,589.284405,580.746438,1.008,0.579,0.051
2727,2.727000,744235.326725,-244938.000610,499297.326115,1.691371e+00,-1140.133511,589.284278,580.746247,1.120,0.407,0.061
2728,2.728000,744235.327781,-244855.376474,499379.951307,1.691485e+00,-1140.133522,589.284151,580.746057,0.966,0.223,0.043
2729,2.729000,744235.328837,-244772.807143,499462.521694,1.691600e+00,-1140.133532,589.284023,580.745868,1.083,0.233,0.050
2730,2.730000,744235.329893,-244690.292567,499545.037326,1.691714e+00,-1140.133542,589.283896,580.745678,0.987,0.217,0.052
2731,2.731000,744235.330942,-244607.832688,499627.498254,1.691828e+00,-1140.133552,589.283769,580.745490,1.257,1.785,0.055
2732,2.732000,744235.331984,-244525.427460,499709.904524,1.691942e+00,-1140.133562,589.283643,580.745303,1.009,0.539,0.051
2733,2.733000,744235.333026,-244443.076830,499792.256196,1.692056e+00,-1140.133572,589.283516,580.745117,1.190,0.609,0.040
2734,2.734000,744235.334067,-244360.780754,499874.553314,1.692170e+00,-1140.133582,589.283389,580.744931,0.979,0.362,0.047
2735,2.735000,744235.335109,-244278.539186,499956.795923,1.692284e+00,-1140.133592,589.283262,580.744744,1.000,0.222,0.051
2736,2.736000,744235.336150,-244196.352084,500038.984066,1.692398e+00,-1140.133602,589.283135,580.744558,1.026,0.637,0.048
2737,2.737000,744235.337188,-244114.219405,500121.117783,1.692512e+00,-1140.133612,589.283009,580.744372,1.157,0.218,0.056
2738,2.738000,744235.338209,-244032.141105,500203.197104,1.692625e+00,-1140.133622,589.282884,580.744187,1.194,0.226,0.050
2739,2.739000,744235.339215,-243950.117147,500285.222068,1.692739e+00,-1140.133632,589.282761,580.744002,2.179,6.205,0.103
2740,2.740000,744235.340212,-243868.147486,500367.192726,1.692852e+00,-1140.133642,589.282638,580.743818,0.980,0.646,0.036
2741,2.741000,744235.341199,-243786.232084,500449.109116,1.692966e+00,-1140.133652,589.282514,580.743635,1.044,0.325,0.046
2742,2.742000,744235.342188,-243704.370903,500530.971285,1.693079e+00,-1140.133661,589.282391,580.743453,0.995,0.418,0.044
2743,2.743000,744235.343177,-243622.563904,500612.779274,1.693192e+00,-1140.133671,589.282268,580.743270,1.092,0.220,0.041
2744,2.744000,744235.344167,-243540.811052,500694.533115,1.693306e+00,-1140.133681,589.282146,580.743088,1.288,0.247,0.041
2745,2.745000,744235.345158,-243459.112316,500776.232842,1.693419e+00,-1140.133690,589.282023,580.742907,1.125,0.232,0.050
2746,2.746000,744235.346149,-243377.467650,500857.878499,1.693532e+00,-1140.133700,589.281900,580.742725,7.828,13.054,0.065
2747,2.747000,744235.347138,-243295.877021,500939.470116,1.693645e+00,-1140.133709,589.281778,580.742543,0.965,1.723,0.043
2748,2.748000,744235.348125,-243214.340393,501021.007731,1.693758e+00,-1140.133719,589.281657,580.742362,1.183,0.225,0.042
2749,2.749000,744235.349115,-243132.857736,501102.491379,1.693871e+00,-1140.133729,589.281536,580.742180,0.981,0.234,0.048
2750,2.750000,744235.350109,-243051.429014,501183.921095,1.693983e+00,-1140.133740,589.281414,580.741999,2.046,1.586,0.042
2751,2.751000,744235.351103,-242970.054195,501265.296909,1.694096e+00,-1140.133751,589.281293,580.741818,1.248,0.242,0.047
2752,2.752000,744235.352155,-242888.733236,501346.618919,1.694209e+00,-1140.133753,589.281165,580.741661,1.166,0.208,0.037
2753,2.753000,744235.353262,-242807.466104,501427.887157,1.694321e+00,-1140.133744,589.281031,580.741529,1.173,0.273,0.145
2754,2.754000,744235.354365,-242726.252762,501509.101603,1.694434e+00,-1140.133736,589.280896,580.741398,1.050,0.249,0.036
2755,2.755000,744235.355468,-242645.093178,501590.262290,1.694546e+00,-1140.133728,589.280762,580.741266,1.056,0.677,0.039
2756,2.756000,744235.356571,-242563.987316,501671.369255,1.694658e+00,-1140.133720,589.280627,580.741136,1.033,0.605,0.040
2757,2.757000,744235.357661,-242482.935141,501752.422520,1.694770e+00,-1140.133712,589.280494,580.741005,1.256,0.490,0.055
2758,2.758000,744235.358739,-242401.936618,501833.422121,1.694883e+00,-1140.133704,589.280363,580.740874,1.134,0.234,0.049
2759,2.759000,744235.359818,-242320.991717,501914.368101,1.694995e+00,-1140.133695,589.280231,580.740743,1.063,0.212,0.042
2760,2.760000,744235.360896,-242240.100393,501995.260503,1.695107e+00,-1140.133687,589.280099,580.740612,1.090,0.228,0.049
2761,2.761000,744235.361974,-242159.262612,502076.099362,1.695219e+00,-1140.133679,589.279968,580.740481,1.001,0.192,0.043
2762,2.762000,744235.363051,-242078.478339,502156.884712,1.695331e+00,-1140.133671,589.279837,580.740351,1.072,0.537,0.054
2763,2.763000,744235.364126,-241997.747539,502237.616587,1.695442e+00,-1140.133663,589.279706,580.740221,0.990,0.212,0.045
2764,2.764000,744235.365200,-241917.070177,502318.295023,1.695554e+00,-1140.133653,589.279575,580.740092,1.230,0.345,0.043
2765,2.765000,744235.366275,-241836.446211,502398.920064,1.695666e+00,-1140.133644,589.279444,580.739963,1.169,0.246,0.052
2766,2.766000,744235.367349,-241755.875613,502479.491736,1.695777e+00,-1140.133635,589.279313,580.739834,1.242,0.396,0.047
2767,2.767000,744235.368423,-241675.358334,502560.010088,1.695889e+00,-1140.133626,589.279182,580.739705,0.973,0.425,0.052
2768,2.768000,744235.369497,-241594.894350,502640.475147,1.696000e+00,-1140.133617,589.279051,580.739577,1.011,0.381,0.049
2769,2.769000,744235.370571,-241514.483602,502720.886970,1.696111e+00,-1140.133609,589.278920,580.739448,1.021,0.211,0.046
2770,2.770000,744235.371646,-241434.126052,502801.245593,1.696223e+00,-1140.133600,589.278789,580.739319,0.974,0.388,0.042
2771,2.771000,744235.372720,-241353.821660,502881.551060,1.696334e+00,-1140.133591,589.278658,580.739191,1.305,0.279,0.044
2772,2.772000,744235.373795,-241273.570389,502961.803405,1.696445e+00,-1140.133583,589.278527,580.739062,1.109,0.563,0.051
2773,2.773000,744235.374869,-241193.372190,503042.002679,1.696556e+00,-1140.133574,589.278397,580.738934,1.021,0.215,0.055
2774,2.774000,744235.375942,-241113.227029,503122.148913,1.696667e+00,-1140.133565,589.278266,580.738806,1.232,0.303,0.060
2775,2.775000,744235.377014,-241033.134858,503202.242157,1.696778e+00,-1140.133557,589.278137,580.738678,1.293,0.243,0.046
2776,2.776000,744235.378086,-240953.095632,503282.282454,1.696889e+00,-1140.133548,589.278007,580.738551,1.259,0.287,0.042
2777,2.777000,744235.379156,-240873.109310,503362.269847,1.697000e+00,-1140.133540,589.277878,580.738424,1.324,0.255,0.057
2778,2.778000,744235.380226,-240793.175837,503442.204389,1.697110e+00,-1140.133531,589.277748,580.738297,1.171,0.478,0.055
2779,2.779000,744235.381295,-240713.295172,503522.086122,1.697221e+00,-1140.133523,589.277619,580.738170,1.021,0.197,0.046
2780,2.780000,744235.382337,-240633.467265,503601.915072,1.697331e+00,-1140.133525,589.277496,580.738018,0.977,0.381,0.048
2781,2.781000,744235.383353,-240553.692071,503681.691282,1.697442e+00,-1140.133535,589.277380,580.737839,1.093,0.544,0.046
2782,2.782000,744235.384367,-240473.969539,503761.414828,1.697552e+00,-1140.133546,589.277263,580.737662,1.134,0.244,0.036
2783,2.783000,744235.385379,-240394.299610,503841.085769,1.697663e+00,-1140.133557,589.277146,580.737484,0.963,0.186,0.042
2784,2.784000,744235.386390,-240314.682235,503920.704155,1.697773e+00,-1140.133568,589.277030,580.737307,1.367,2.693,0.047
2785,2.785000,744235.387401,-240235.117363,504000.270039,1.697883e+00,-1140.133578,589.276914,580.737130,1.011,0.194,0.045
2786,2.786000,744235.388413,-240155.604927,504079.783486,1.697993e+00,-1140.133589,589.276799,580.736953,1.019,0.538,0.049
2787,2.787000,744235.389452,-240076.144881,504159.244571,1.698103e+00,-1140.133590,589.276677,580.736802,1.986,0.902,0.045
2788,2.788000,744235.390518,-239996.737160,504238.653358,1.698213e+00,-1140.133582,589.276550,580.736675,1.175,0.519,0.055
2789,2.789000,744235.391583,-239917.381706,504318.009877,1.698323e+00,-1140.133574,589.276424,580.736548,1.062,0.223,0.041
2790,2.790000,744235.392648,-239838.078451,504397.314196,1.698433e+00,-1140.133565,589.276298,580.736422,2.018,0.725,0.047
2791,2.791000,744235.393720,-239758.827339,504476.566381,1.698543e+00,-1140.133558,589.276171,580.736296,6.929,6.497,0.041
2792,2.792000,744235.394802,-239679.628302,504555.766500,1.698652e+00,-1140.133552,589.276045,580.736169,1.027,0.258,0.054
2793,2.793000,744235.395885,-239600.481268,504634.914617,1.698762e+00,-1140.133546,589.275920,580.736044,1.116,0.228,0.047
2794,2.794000,744235.396968,-239521.386172,504714.010795,1.698871e+00,-1140.133539,589.275794,580.735918,0.990,0.872,0.052
2795,2.795000,744235.398051,-239442.342938,504793.055112,1.698981e+00,-1140.133533,589.275669,580.735792,1.059,0.440,0.051
2796,2.796000,744235.399134,-239363.351492,504872.047643,1.699090e+00,-1140.133527,589.275543,580.735666,1.027,0.189,0.048
2797,2.797000,744235.400167,-239284.411770,504950.988397,1.699199e+00,-1140.133521,589.275420,580.735542,1.038,0.197,0.050
2798,2.798000,744235.401148,-239205.523695,505029.877453,1.699309e+00,-1140.133515,589.275299,580.735418,1.018,0.424,0.050
2799,2.799000,744235.402129,-239126.687180,505108.714948,1.699418e+00,-1140.133509,589.275179,580.735295,0.983,0.725,0.042
2800,2.800000,744235.403108,-239047.902151,505187.500957,1.699527e+00,-1140.133502,589.275058,580.735172,1.212,1.234,0.043
2801,2.801000,744235.404807,-238969.168524,505266.236284,1.699636e+00,-1140.133499,589.274986,580.735086,1.292,8.929,0.039
2802,2.802000,744235.407226,-238890.486226,505344.921000,1.699745e+00,-1140.133497,589.274961,580.735036,1.046,0.197,0.041
2803,2.803000,744235.409644,-238811.855167,505423.554478,1.699854e+00,-1140.133495,589.274937,580.734987,1.076,0.221,0.040
2804,2.804000,744235.412063,-238733.275263,505502.136799,1.699963e+00,-1140.133494,589.274912,580.734938,0.997,0.326,0.047
2805,2.805000,744235.414478,-238654.746433,505580.668045,1.700071e+00,-1140.133492,589.274888,580.734889,1.340,0.222,0.047
2806,2.806000,744235.416892,-238576.268588,505659.148303,1.700180e+00,-1140.133490,589.274865,580.734840,1.069,0.420,0.042
2807,2.807000,744235.419305,-238497.841646,505737.577659,1.700289e+00,-1140.133489,589.274841,580.734791,0.978,0.577,0.047
2808,2.808000,744235.421718,-238419.465528,505815.956190,1.700397e+00,-1140.133487,589.274818,580.734743,0.994,3.658,0.051
2809,2.809000,744235.424146,-238341.140145,505894.284001,1.700506e+00,-1140.133485,589.274794,580.734695,1.258,0.685,0.052
2810,2.810000,744235.426589,-238262.865420,505972.561168,1.700614e+00,-1140.133484,589.274771,580.734649,1.220,0.473,0.057
2811,2.811000,744235.429032,-238184.641277,506050.787755,1.700722e+00,-1140.133482,589.274747,580.734603,0.992,0.389,0.040
2812,2.812000,744235.431473,-238106.467629,506128.963844,1.700831e+00,-1140.133480,589.274724,580.734556,1.129,0.217,0.047
2813,2.813000,744235.433912,-238028.344400,506207.089512,1.700939e+00,-1140.133478,589.274701,580.734510,1.092,1.548,0.051
2814,2.814000,744235.436346,-237950.271518,506285.164827,1.701047e+00,-1140.133477,589.274678,580.734465,0.976,4.195,0.041
2815,2.815000,744235.438774,-237872.248900,506363.189874,1.701155e+00,-1140.133474,589.274654,580.734420,1.083,0.237,0.041
2816,2.816000,744235.441200,-237794.276484,506441.164716,1.701263e+00,-1140.133472,589.274630,580.734376,1.025,0.237,0.050
2817,2.817000,744235.443587,-237716.354209,506519.089378,1.701371e+00,-1140.133470,589.274608,580.734332,1.124,0.217,0.043
2818,2.818000,744235.445898,-237638.482009,506596.963889,1.701479e+00,-1140.133468,589.274590,580.734288,1.115,0.237,0.060
2819,2.819000,744235.448169,-237560.659823,506674.788345,1.701586e+00,-1140.133467,589.274574,580.734245,1.042,0.644,0.050
2820,2.820000,744235.450440,-237482.887600,506752.562840,1.701694e+00,-1140.133465,589.274557,580.734202,1.156,0.264,0.054
2821,2.821000,744235.452697,-237405.165285,506830.287412,1.701802e+00,-1140.133463,589.274542,580.734158,0.952,0.594,0.044
2822,2.822000,744235.454943,-237327.492825,506907.962118,1.701909e+00,-1140.133461,589.274528,580.734115,0.981,0.474,0.048
2823,2.823000,744235.457189,-237249.870180,506985.587010,1.702017e+00,-1140.133460,589.274514,580.734072,1.010,1.627,0.054
2824,2.824000,744235.459430,-237172.297311,507063.162120,1.702124e+00,-1140.133458,589.274501,580.734030,0.990,0.413,0.045
2825,2.825000,744235.461665,-237094.774169,507140.687496,1.702232e+00,-1140.133457,589.274488,580.733989,1.014,13.608,0.048
2826,2.826000,744235.463904,-237017.300722,507218.163181,1.702339e+00,-1140.133454,589.274474,580.733949,1.187,1.004,0.046
2827,2.827000,744235.466146,-236939.876935,507295.589212,1.702446e+00,-1140.133452,589.274461,580.733908,1.209,0.238,0.055
2828,2.828000,744235.468389,-236862.502776,507372.965613,1.702553e+00,-1140.133450,589.274448,580.733867,1.125,0.952,0.044
2829,2.829000,744235.470633,-236785.178211,507450.292422,1.702660e+00,-1140.133447,589.274435,580.733827,1.013,0.698,0.053
2830,2.830000,744235.472876,-236707.903211,507527.569665,1.702767e+00,-1140.133445,589.274423,580.733787,1.009,0.189,0.058
2831,2.831000,744235.475121,-236630.677745,507604.797376,1.702874e+00,-1140.133443,589.274410,580.733747,1.190,0.241,0.075
2832,2.832000,744235.477366,-236553.501784,507681.975582,1.702981e+00,-1140.133440,589.274397,580.733707,1.200,0.462,0.067
2833,2.833000,744235.479611,-236476.375302,507759.104309,1.703088e+00,-1140.133438,589.274384,580.733666,0.969,0.180,0.035
2834,2.834000,744235.481855,-236399.298271,507836.183583,1.703195e+00,-1140.133436,589.274371,580.733626,1.768,0.211,0.043
2835,2.835000,744235.484098,-236322.270663,507913.213436,1.703301e+00,-1140.133433,589.274358,580.733585,1.937,1.328,0.043
2836,2.836000,744235.486287,-236245.292451,507990.193836,1.703408e+00,-1140.133431,589.274343,580.733544,1.049,0.241,0.058
2837,2.837000,744235.488421,-236168.363605,508067.124816,1.703514e+00,-1140.133428,589.274326,580.733504,1.016,0.467,0.049
2838,2.838000,744235.490554,-236091.484100,508144.006455,1.703621e+00,-1140.133426,589.274310,580.733463,1.131,0.213,0.043
2839,2.839000,744235.492688,-236014.653903,508220.838785,1.703727e+00,-1140.133424,589.274293,580.733423,1.140,0.219,0.059
2840,2.840000,744235.494822,-235937.872982,508297.621839,1.703834e+00,-1140.133421,589.274276,580.733382,0.996,0.211,0.043
2841,2.841000,744235.496956,-235861.141313,508374.355642,1.703940e+00,-1140.133419,589.274259,580.733342,1.122,0.275,0.046
2842,2.842000,744235.499089,-235784.458864,508451.040225,1.704046e+00,-1140.133416,589.274242,580.733301,1.081,0.300,0.045
2843,2.843000,744235.501223,-235707.825596,508527.675628,1.704152e+00,-1140.133414,589.274225,580.733261,1.034,0.526,0.045
2844,2.844000,744235.503361,-235631.241482,508604.261878,1.704258e+00,-1140.133412,589.274208,580.733220,1.082,0.384,0.048
2845,2.845000,744235.505502,-235554.706491,508680.799012,1.704364e+00,-1140.133410,589.274191,580.733180,0.990,0.188,0.048
2846,2.846000,744235.507644,-235478.220577,508757.287067,1.704470e+00,-1140.133409,589.274174,580.733139,1.053,0.214,0.051
2847,2.847000,744235.509786,-235401.783702,508833.726085,1.704576e+00,-1140.133407,589.274157,580.733099,0.990,0.376,0.050
2848,2.848000,744235.511928,-235325.395829,508910.116099,1.704682e+00,-1140.133406,589.274140,580.733058,2.116,1.002,0.163
2849,2.849000,744235.514066,-235249.056916,508986.457151,1.704787e+00,-1140.133404,589.274123,580.733017,1.259,0.256,0.047
2850,2.850000,744235.516203,-235172.766924,509062.749278,1.704893e+00,-1140.133403,589.274106,580.732976,1.210,0.408,0.059
2851,2.851000,744235.518339,-235096.525815,509138.992524,1.704999e+00,-1140.133401,589.274089,580.732934,1.072,0.212,0.041
2852,2.852000,744235.520475,-235020.333537,509215.186938,1.705104e+00,-1140.133400,589.274072,580.732893,1.129,0.479,0.055
2853,2.853000,744235.522611,-234944.190058,509291.332552,1.705210e+00,-1140.133398,589.274055,580.732851,0.994,0.228,0.057
2854,2.854000,744235.524745,-234868.095329,509367.429416,1.705315e+00,-1140.133397,589.274039,580.732810,0.974,0.425,0.057
2855,2.855000,744235.526880,-234792.049310,509443.477570,1.705420e+00,-1140.133395,589.274022,580.732769,0.987,0.191,0.046
2856,2.856000,744235.529015,-234716.051955,509519.477060,1.705525e+00,-1140.133394,589.274005,580.732728,1.028,0.211,0.039
2857,2.857000,744235.531152,-234640.103221,509595.427931,1.705631e+00,-1140.133392,589.273988,580.732687,1.043,0.209,0.049
2858,2.858000,744235.533288,-234564.203056,509671.330232,1.705736e+00,-1140.133391,589.273972,580.732647,1.030,0.193,0.047
2859,2.859000,744235.535423,-234488.351423,509747.184000,1.705841e+00,-1140.133389,589.273955,580.732606,1.119,0.659,0.060
2860,2.860000,744235.537558,-234412.548265,509822.989292,1.705946e+00,-1140.133388,589.273939,580.732565,6.167,0.569,0.281
2861,2.861000,744235.539692,-234336.793541,509898.746151,1.706051e+00,-1140.133386,589.273922,580.732525,1.206,0.285,0.060
2862,2.862000,744235.541827,-234261.087201,509974.454626,1.706155e+00,-1140.133385,589.273906,580.732484,1.007,0.221,0.054
2863,2.863000,744235.543961,-234185.429197,510050.114764,1.706260e+00,-1140.133383,589.273890,580.732443,1.027,0.223,0.048
2864,2.864000,744235.546096,-234109.819481,510125.726615,1.706365e+00,-1140.133382,589.273874,580.732403,1.162,0.224,0.067
2865,2.865000,744235.548234,-234034.258000,510201.290234,1.706470e+00,-1140.133381,589.273858,580.732363,0.987,0.234,0.055
2866,2.866000,744235.550376,-233958.744715,510276.805661,1.706574e+00,-1140.133380,589.273842,580.732322,0.979,0.355,0.043
2867,2.867000,744235.552519,-233883.279575,510352.272944,1.706679e+00,-1140.133380,589.273826,580.732282,0.979,0.378,0.048
2868,2.868000,744235.554661,-233807.862535,510427.692126,1.706783e+00,-1140.133379,589.273810,580.732242,1.072,0.522,0.046
2869,2.869000,744235.556804,-233732.493544,510503.063260,1.706887e+00,-1140.133378,589.273794,580.732201,1.066,0.472,0.050
2870,2.870000,744235.558947,-233657.172560,510578.386387,1.706992e+00,-1140.133378,589.273777,580.732161,1.135,0.224,0.049
2871,2.871000,744235.561090,-233581.899537,510653.661553,1.707096e+00,-1140.133377,589.273761,580.732121,1.048,0.353,0.047
2872,2.872000,744235.563234,-233506.674425,510728.888809,1.707200e+00,-1140.133376,589.273746,580.732081,0.998,0.227,0.044
2873,2.873000,744235.565378,-233431.497175,510804.068203,1.707304e+00,-1140.133375,589.273729,580.732041,1.093,0.938,0.044
2874,2.874000,744235.567521,-233356.367745,510879.199777,1.707408e+00,-1140.133375,589.273713,580.732002,1.104,0.362,0.047
2875,2.875000,744235.569665,-233281.286086,510954.283579,1.707512e+00,-1140.133374,589.273697,580.731962,1.217,0.243,0.050
2876,2.876000,744235.571806,-233206.252154,511029.319652,1.707616e+00,-1140.133373,589.273681,580.731922,1.074,0.722,0.044
2877,2.877000,744235.573944,-233131.265899,511104.308045,1.707720e+00,-1140.133372,589.273666,580.731883,1.023,0.218,0.043
2878,2.878000,744235.576083,-233056.327281,511179.248802,1.707824e+00,-1140.133372,589.273650,580.731843,1.212,0.533,0.044
2879,2.879000,744235.578220,-232981.436252,511254.141968,1.707927e+00,-1140.133371,589.273635,580.731804,1.145,0.214,0.044
2880,2.880000,744235.580356,-232906.592771,511328.987585,1.708031e+00,-1140.133370,589.273620,580.731764,0.994,0.186,0.044
2881,2.881000,744235.582492,-232831.796799,511403.785693,1.708135e+00,-1140.133370,589.273605,580.731725,1.137,0.213,0.047
2882,2.882000,744235.584625,-232757.048285,511478.536340,1.708238e+00,-1140.133369,589.273590,580.731685,1.201,0.254,0.049
2883,2.883000,744235.586754,-232682.347202,511553.239552,1.708342e+00,-1140.133368,589.273576,580.731646,1.319,0.253,0.074
2884,2.884000,744235.588883,-232607.693507,511627.895376,1.708445e+00,-1140.133368,589.273562,580.731607,1.111,0.248,0.062
2885,2.885000,744235.591014,-232533.087161,511702.503853,1.708548e+00,-1140.133367,589.273547,580.731567,1.089,0.312,0.048
2886,2.886000,744235.593148,-232458.528126,511777.065022,1.708651e+00,-1140.133365,589.273533,580.731527,1.020,0.189,0.057
2887,2.887000,744235.595285,-232384.016362,511851.578923,1.708755e+00,-1140.133364,589.273519,580.731487,0.962,0.214,0.051
2888,2.888000,744235.597426,-232309.551838,511926.045588,1.708858e+00,-1140.133363,589.273504,580.731446,0.999,0.503,0.047
2889,2.889000,744235.599568,-232235.134512,512000.465056,1.708961e+00,-1140.133363,589.273490,580.731404,0.976,0.614,0.050
2890,2.890000,744235.601710,-232160.764354,512074.837356,1.709064e+00,-1140.133362,589.273476,580.731363,1.003,0.819,0.048
2891,2.891000,744235.603851,-232086.441336,512149.162516,1.709167e+00,-1140.133361,589.273461,580.731321,1.037,0.217,0.047
2892,2.892000,744235.605991,-232012.165421,512223.440570,1.709270e+00,-1140.133360,589.273447,580.731280,1.060,0.190,0.046
2893,2.893000,744235.608130,-231937.936588,512297.671542,1.709372e+00,-1140.133358,589.273433,580.731238,1.105,0.873,0.050
2894,2.894000,744235.610269,-231863.754798,512371.855472,1.709475e+00,-1140.133355,589.273418,580.731197,1.215,0.238,0.058
2895,2.895000,744235.612408,-231789.620029,512445.992379,1.709578e+00,-1140.133353,589.273404,580.731156,0.979,0.216,0.046
2896,2.896000,744235.614544,-231715.532253,512520.082291,1.709680e+00,-1140.133351,589.273389,580.731115,2.075,5.485,0.178
2897,2.897000,744235.616678,-231641.491437,512594.125241,1.709783e+00,-1140.133349,589.273375,580.731075,4.782,1.410,0.077
2898,2.898000,744235.618812,-231567.497559,512668.121252,1.709885e+00,-1140.133347,589.273360,580.731035,1.229,0.908,0.071
2899,2.899000,744235.620946,-231493.550597,512742.070349,1.709988e+00,-1140.133344,589.273346,580.730995,1.058,0.490,0.046
2900,2.900000,744235.623080,-231419.650523,512815.972557,1.710090e+00,-1140.133342,589.273332,580.730955,1.208,0.403,0.053
2901,2.901000,744235.625214,-231345.797315,512889.827899,1.710192e+00,-1140.133340,589.273318,580.730915,1.006,0.484,0.055
2902,2.902000,744235.627348,-231271.990945,512963.636402,1.710295e+00,-1140.133338,589.273305,580.730875,2.372,1.109,0.162
2903,2.903000,744235.629480,-231198.231391,513037.398089,1.710397e+00,-1140.133335,589.273292,580.730835,1.122,0.215,0.042
2904,2.904000,744235.631612,-231124.518631,513111.112981,1.710499e+00,-1140.133333,589.273278,580.730795,1.064,0.198,0.051
2905,2.905000,744235.633743,-231050.852636,513184.781108,1.710601e+00,-1140.133330,589.273265,580.730755,1.082,0.367,0.051
2906,2.906000,744235.635875,-230977.233393,513258.402482,1.710703e+00,-1140.133327,589.273252,580.730715,0.978,0.216,0.050
2907,2.907000,744235.638004,-230903.660873,513331.977131,1.710805e+00,-1140.133324,589.273239,580.730674,1.034,0.217,0.048
2908,2.908000,744235.640131,-230830.135070,513405.505061,1.710906e+00,-1140.133321,589.273225,580.730633,5.366,9.473,0.087
2909,2.909000,744235.642259,-230756.655947,513478.986312,1.711008e+00,-1140.133318,589.273212,580.730592,1.165,0.322,0.048
2910,2.910000,744235.644388,-230683.223483,513552.420905,1.711110e+00,-1140.133315,589.273199,580.730551,0.972,0.185,0.050
2911,2.911000,744235.646506,-230609.837656,513625.808850,1.711211e+00,-1140.133312,589.273185,580.730511,0.956,0.187,0.043
2912,2.912000,744235.648613,-230536.498430,513699.150183,1.711313e+00,-1140.133309,589.273172,580.730472,1.123,0.233,0.048
2913,2.913000,744235.650721,-230463.205777,513772.444945,1.711414e+00,-1140.133306,589.273159,580.730433,1.228,0.953,0.069
2914,2.914000,744235.652845,-230389.959681,513845.693163,1.711516e+00,-1140.133304,589.273145,580.730394,1.079,0.619,0.045
2915,2.915000,744235.654978,-230316.760114,513918.894864,1.711617e+00,-1140.133303,589.273132,580.730355,0.974,0.203,0.043
2916,2.916000,744235.657108,-230243.607037,513992.050072,1.711719e+00,-1140.133302,589.273118,580.730315,1.988,0.318,0.193
2917,2.917000,744235.659241,-230170.500422,514065.158819,1.711820e+00,-1140.133301,589.273105,580.730274,1.776,0.496,0.060
2918,2.918000,744235.661376,-230097.440238,514138.221138,1.711921e+00,-1140.133300,589.273092,580.730233,1.087,0.236,0.051
2919,2.919000,744235.663511,-230024.426454,514211.237057,1.712022e+00,-1140.133299,589.273078,580.730192,0.979,0.233,0.048
2920,2.920000,744235.665647,-229951.459036,514284.206611,1.712123e+00,-1140.133298,589.273065,580.730152,1.397,1.486,0.065
2921,2.921000,744235.667786,-229878.537937,514357.129849,1.712224e+00,-1140.133297,589.273051,580.730111,1.045,0.247,0.046
2922,2.922000,744235.669928,-229805.663120,514430.006808,1.712325e+00,-1140.133297,589.273038,580.730071,1.041,0.195,0.048
2923,2.923000,744235.672069,-229732.834550,514502.837519,1.712426e+00,-1140.133297,589.273024,580.730030,0.957,0.195,0.040
2924,2.924000,744235.674210,-229660.052172,514575.622038,1.712527e+00,-1140.133297,589.273011,580.729990,1.165,0.235,0.046
2925,2.925000,744235.676351,-229587.315938,514648.360414,1.712627e+00,-1140.133297,589.272997,580.729950,1.102,0.247,0.040
2926,2.926000,744235.678492,-229514.625803,514721.052690,1.712728e+00,-1140.133297,589.272984,580.729909,1.064,0.242,0.041
2927,2.927000,744235.680634,-229441.981714,514793.698920,1.712829e+00,-1140.133298,589.272970,580.729869,1.957,3.815,0.112
2928,2.928000,744235.682776,-229369.383616,514866.299160,1.712929e+00,-1140.133298,589.272957,580.729829,2.616,1.643,0.060
2929,2.929000,744235.684920,-229296.831454,514938.853466,1.713030e+00,-1140.133298,589.272943,580.729788,1.470,0.297,0.385
2930,2.930000,744235.687029,-229224.325155,515011.361874,1.713130e+00,-1140.133298,589.272932,580.729748,1.074,0.278,0.051
2931,2.931000,744235.689106,-229151.864665,515083.824441,1.713230e+00,-1140.133298,589.272922,580.729707,1.108,0.216,0.059
2932,2.932000,744235.691184,-229079.449918,515156.241265,1.713331e+00,-1140.133298,589.272912,580.729665,1.139,0.236,0.069
2933,2.933000,744235.693261,-229007.080844,515228.612417,1.713431e+00,-1140.133298,589.272902,580.729624,1.127,0.278,0.051
2934,2.934000,744235.695335,-228934.757368,515300.937967,1.713531e+00,-1140.133298,589.272893,580.729584,1.038,0.206,0.055
2935,2.935000,744235.697407,-228862.479421,515373.217986,1.713631e+00,-1140.133297,589.272883,580.729544,1.110,0.231,0.056
2936,2.936000,744235.699479,-228790.246929,515445.452549,1.713731e+00,-1140.133297,589.272873,580.729504,0.969,0.232,0.041
2937,2.937000,744235.701551,-228718.059811,515517.641740,1.713831e+00,-1140.133296,589.272863,580.729464,1.288,0.319,0.053
2938,2.938000,744235.703623,-228645.917997,515589.785626,1.713931e+00,-1140.133295,589.272854,580.729424,1.273,0.675,0.056
2939,2.939000,744235.705695,-228573.821403,515661.884292,1.714031e+00,-1140.133295,589.272844,580.729384,1.200,0.289,0.053
2940,2.940000,744235.707767,-228501.769950,515733.937818,1.714131e+00,-1140.133294,589.272834,580.729343,1.115,0.240,0.047
2941,2.941000,744235.709839,-228429.763552,515805.946288,1.714230e+00,-1140.133294,589.272824,580.729303,1.081,0.211,0.081
2942,2.942000,744235.711899,-228357.802124,515877.909775,1.714330e+00,-1140.133293,589.272815,580.729264,1.211,5.996,0.048
2943,2.943000,744235.713947,-228285.885588,515949.828359,1.714429e+00,-1140.133293,589.272805,580.729226,1.099,0.214,0.037
2944,2.944000,744235.715994,-228214.013855,516021.702140,1.714529e+00,-1140.133292,589.272795,580.729188,1.245,0.215,0.051
2945,2.945000,744235.718042,-228142.186841,516093.531201,1.714628e+00,-1140.133291,589.272786,580.729149,0.978,0.240,0.040
2946,2.946000,744235.720090,-228070.404460,516165.315630,1.714728e+00,-1140.133291,589.272776,580.729111,1.003,0.214,0.051
2947,2.947000,744235.722137,-227998.666630,516237.055507,1.714827e+00,-1140.133290,589.272766,580.729073,0.969,0.522,0.051
2948,2.948000,744235.724185,-227926.973268,516308.750917,1.714926e+00,-1140.133290,589.272757,580.729035,1.680,8.859,0.050
2949,2.949000,744235.726232,-227855.324293,516380.401939,1.715026e+00,-1140.133289,589.272747,580.728997,0.977,0.189,0.054
2950,2.950000,744235.728280,-227783.719629,516452.008652,1.715125e+00,-1140.133289,589.272737,580.728959,1.059,0.254,0.042
2951,2.951000,744235.730327,-227712.159201,516523.571126,1.715224e+00,-1140.133288,589.272728,580.728921,1.112,0.221,0.052
2952,2.952000,744235.732371,-227640.642925,516595.089446,1.715323e+00,-1140.133288,589.272719,580.728883,1.126,0.229,0.049
2953,2.953000,744235.734412,-227569.170729,516666.563683,1.715422e+00,-1140.133287,589.272710,580.728846,1.085,0.242,0.047
2954,2.954000,744235.736463,-227497.742542,516737.993920,1.715521e+00,-1140.133287,589.272701,580.728809,1.028,0.208,0.045
2955,2.955000,744235.738522,-227426.358290,516809.380233,1.715620e+00,-1140.133286,589.272692,580.728774,2.119,0.242,0.108
2956,2.956000,744235.740582,-227355.017910,516880.722672,1.715718e+00,-1140.133286,589.272684,580.728738,1.200,1.524,0.039
2957,2.957000,744235.742641,-227283.721332,516952.021309,1.715817e+00,-1140.133285,589.272675,580.728703,0.972,0.229,0.039
2958,2.958000,744235.744701,-227212.468498,517023.276203,1.715916e+00,-1140.133284,589.272666,580.728668,0.987,0.494,0.043
2959,2.959000,744235.746762,-227141.259347,517094.487415,1.716014e+00,-1140.133283,589.272658,580.728633,1.138,0.245,0.053
2960,2.960000,744235.748822,-227070.093816,517165.655006,1.716113e+00,-1140.133283,589.272649,580.728599,1.018,0.194,0.047
2961,2.961000,744235.750883,-226998.971853,517236.779030,1.716211e+00,-1140.133282,589.272640,580.728564,1.079,0.385,0.054
2962,2.962000,744235.752941,-226927.893399,517307.859543,1.716310e+00,-1140.133281,589.272632,580.728529,1.372,0.270,0.053
2963,2.963000,744235.754997,-226856.858411,517378.896586,1.716408e+00,-1140.133280,589.272624,580.728495,1.003,0.220,0.043
2964,2.964000,744235.757052,-226785.866826,517449.890227,1.716507e+00,-1140.133278,589.272616,580.728460,1.052,0.465,0.045
2965,2.965000,744235.759108,-226714.918594,517520.840514,1.716605e+00,-1140.133277,589.272609,580.728425,0.969,0.484,0.045
2966,2.966000,744235.761163,-226644.013661,517591.747502,1.716703e+00,-1140.133276,589.272601,580.728391,1.103,0.328,0.044
2967,2.967000,744235.763220,-226573.151981,517662.611240,1.716801e+00,-1140.133275,589.272594,580.728356,1.166,0.431,0.065
2968,2.968000,744235.765283,-226502.333500,517733.431783,1.716899e+00,-1140.133272,589.272587,580.728321,1.004,0.507,0.049
2969,2.969000,744235.767333,-226431.558169,517804.209164,1.716997e+00,-1140.133270,589.272580,580.728287,1.160,0.585,0.153
2970,2.970000,744235.769371,-226360.825939,517874.943432,1.717095e+00,-1140.133267,589.272572,580.728255,1.027,0.236,0.047
2971,2.971000,744235.771409,-226290.136751,517945.634658,1.717193e+00,-1140.133265,589.272565,580.728222,1.997,0.231,0.048
2972,2.972000,744235.773445,-226219.490558,518016.282887,1.717291e+00,-1140.133262,589.272558,580.728188,1.049,0.204,0.047
2973,2.973000,744235.775482,-226148.887308,518086.888174,1.717389e+00,-1140.133260,589.272550,580.728154,1.482,1.781,0.043
2974,2.974000,744235.777521,-226078.326945,518157.450577,1.717486e+00,-1140.133259,589.272542,580.728121,2.203,0.852,0.044
2975,2.975000,744235.779562,-226007.809415,518227.970147,1.717584e+00,-1140.133257,589.272534,580.728087,1.078,0.561,0.050
2976,2.976000,744235.781602,-225937.334661,518298.446941,1.717682e+00,-1140.133256,589.272526,580.728054,1.499,0.289,0.050
2977,2.977000,744235.783652,-225866.902628,518368.881024,1.717779e+00,-1140.133253,589.272518,580.728021,1.041,0.198,0.056
2978,2.978000,744235.785707,-225796.513256,518439.272451,1.717877e+00,-1140.133250,589.272511,580.727987,1.048,1.212,0.043
2979,2.979000,744235.787760,-225726.166489,518509.621270,1.717974e+00,-1140.133246,589.272505,580.727954,0.998,0.297,0.047
2980,2.980000,744235.789812,-225655.862272,518579.927541,1.718071e+00,-1140.133243,589.272498,580.727921,1.020,0.222,0.050
2981,2.981000,744235.791866,-225585.600547,518650.191319,1.718169e+00,-1140.133239,589.272492,580.727887,1.015,0.741,0.055
2982,2.982000,744235.793919,-225515.381262,518720.412656,1.718266e+00,-1140.133235,589.272485,580.727854,1.028,0.400,0.050
2983,2.983000,744235.795931,-225445.204354,518790.591577,1.718363e+00,-1140.133231,589.272481,580.727821,1.180,0.203,0.116
2984,2.984000,744235.797893,-225375.069774,518860.728119,1.718460e+00,-1140.133227,589.272479,580.727788,1.152,1.487,0.058
2985,2.985000,744235.799839,-225304.977462,518930.822377,1.718557e+00,-1140.133223,589.272479,580.727755,0.973,12.735,0.044
2986,2.986000,744235.801781,-225234.927366,519000.874415,1.718654e+00,-1140.133219,589.272478,580.727721,1.070,1.114,0.049
2987,2.987000,744235.803724,-225164.919438,519070.884286,1.718751e+00,-1140.133216,589.272478,580.727688,1.238,0.577,0.052
2988,2.988000,744235.805666,-225094.953629,519140.852038,1.718848e+00,-1140.133212,589.272478,580.727654,0.999,0.221,0.055
2989,2.989000,744235.807609,-225025.029898,519210.777711,1.718945e+00,-1140.133208,589.272477,580.727621,1.006,0.580,0.046
2990,2.990000,744235.809552,-224955.148201,519280.661350,1.719042e+00,-1140.133204,589.272477,580.727587,1.068,0.197,0.056
2991,2.991000,744235.811494,-224885.308485,519350.503009,1.719138e+00,-1140.133201,589.272477,580.727553,0.982,0.182,0.044
2992,2.992000,744235.813437,-224815.510715,519420.302721,1.719235e+00,-1140.133197,589.272476,580.727520,1.176,0.229,0.060
2993,2.993000,744235.815379,-224745.754861,519490.060518,1.719332e+00,-1140.133193,589.272476,580.727486,1.411,0.958,0.055
2994,2.994000,744235.817323,-224676.040880,519559.776443,1.719428e+00,-1140.133189,589.272476,580.727453,1.525,0.255,0.051
2995,2.995000,744235.819267,-224606.368752,519629.450515,1.719525e+00,-1140.133186,589.272475,580.727420,7.081,2.582,0.143
2996,2.996000,744235.821210,-224536.738440,519699.082770,1.719621e+00,-1140.133182,589.272475,580.727387,0.974,0.786,0.049
2997,2.997000,744235.823153,-224467.149919,519768.673234,1.719717e+00,-1140.133177,589.272474,580.727354,2.466,0.483,0.140
2998,2.998000,744235.825097,-224397.603164,519838.221933,1.719814e+00,-1140.133173,589.272474,580.727321,1.255,0.289,0.109
2999,2.999000,744235.827041,-224328.098153,519907.728888,1.719910e+00,-1140.133169,589.272473,580.727289,1.125,1.574,0.052
3000,3.000000,744235.828983,-224258.634869,519977.194114,1.720006e+00,-1140.133165,589.272472,580.727256,1.124,1.941,0.047
3001,3.001000,744235.830921,-224189.213291,520046.617630,1.720102e+00,-1140.133161,589.272472,580.727224,1.064,1.326,0.044
3002,3.002000,744235.832898,-224119.833407,520115.999490,1.720198e+00,-1140.133156,589.272471,580.727191,0.987,0.595,0.038
3003,3.003000,744235.834911,-224050.495197,520185.339714,1.720294e+00,-1140.133152,589.272471,580.727155,1.073,0.259,0.048
3004,3.004000,744235.836925,-223981.198643,520254.638281,1.720390e+00,-1140.133148,589.272470,580.727119,1.204,0.289,0.051
3005,3.005000,744235.838939,-223911.943733,520323.895206,1.720486e+00,-1140.133144,589.272469,580.727083,1.074,0.224,0.052
3006,3.006000,744235.840953,-223842.730456,520393.110497,1.720582e+00,-1140.133140,589.272469,580.727048,1.190,0.276,0.058
3007,3.007000,744235.842967,-223773.558803,520462.284164,1.720678e+00,-1140.133137,589.272468,580.727014,1.101,0.272,0.050
3008,3.008000,744235.844981,-223704.428758,520531.416223,1.720774e+00,-1140.133134,589.272468,580.726979,1.153,0.537,0.042
3009,3.009000,744235.846995,-223635.340307,520600.506688,1.720869e+00,-1140.133131,589.272467,580.726944,1.051,1.205,0.053
3010,3.010000,744235.849009,-223566.293446,520669.555563,1.720965e+00,-1140.133127,589.272467,580.726909,1.762,0.326,0.107
3011,3.011000,744235.851024,-223497.288162,520738.562862,1.721060e+00,-1140.133124,589.272466,580.726874,1.088,0.260,0.057
3012,3.012000,744235.853038,-223428.324454,520807.528584,1.721156e+00,-1140.133121,589.272466,580.726839,2.396,0.949,0.054
3013,3.013000,744235.855052,-223359.402299,520876.452753,1.721251e+00,-1140.133118,589.272465,580.726804,1.009,0.198,0.043
3014,3.014000,744235.857067,-223290.521702,520945.335365,1.721347e+00,-1140.133115,589.272465,580.726769,1.145,0.225,0.050
3015,3.015000,744235.859084,-223221.682633,521014.176451,1.721442e+00,-1140.133112,589.272464,580.726734,1.211,0.231,0.120
3016,3.016000,744235.861104,-223152.885091,521082.976013,1.721537e+00,-1140.133110,589.272464,580.726699,1.026,0.195,0.047
3017,3.017000,744235.863069,-223084.129062,521151.734007,1.721632e+00,-1140.133107,589.272462,580.726664,1.044,0.229,0.051
3018,3.018000,744235.865078,-223015.414537,521220.450541,1.721728e+00,-1140.133112,589.272458,580.726614,1.099,0.195,0.056
3019,3.019000,744235.867182,-222946.741500,521289.125682,1.721823e+00,-1140.133125,589.272453,580.726549,1.022,0.475,0.048
3020,3.020000,744235.869282,-222878.109944,521357.759337,1.721918e+00,-1140.133137,589.272450,580.726485,1.014,0.216,0.046
3021,3.021000,744235.871380,-222809.519854,521426.351525,1.722013e+00,-1140.133149,589.272446,580.726420,1.184,0.188,0.045
3022,3.022000,744235.873478,-222740.971215,521494.902263,1.722108e+00,-1140.133161,589.272442,580.726356,1.153,0.241,0.068
3023,3.023000,744235.875573,-222672.464020,521563.411553,1.722203e+00,-1140.133174,589.272439,580.726292,3.506,0.381,0.047
3024,3.024000,744235.877665,-222603.998254,521631.879411,1.722297e+00,-1140.133186,589.272437,580.726227,0.988,0.388,0.041
3025,3.025000,744235.879757,-222535.573901,521700.305856,1.722392e+00,-1140.133199,589.272434,580.726163,1.541,0.471,0.049
3026,3.026000,744235.881849,-222467.190943,521768.690906,1.722487e+00,-1140.133211,589.272431,580.726099,0.999,0.412,0.048
3027,3.027000,744235.883941,-222398.849365,521837.034576,1.722581e+00,-1140.133223,589.272428,580.726035,0.996,0.185,0.041
3028,3.028000,744235.886033,-222330.549154,521905.336880,1.722676e+00,-1140.133236,589.272425,580.725970,1.068,0.233,0.052
3029,3.029000,744235.888126,-222262.290287,521973.597838,1.722770e+00,-1140.133248,589.272421,580.725906,1.025,0.333,0.052
3030,3.030000,744235.890219,-222194.072746,522041.817473,1.722865e+00,-1140.133260,589.272418,580.725843,1.103,0.201,0.060
3031,3.031000,744235.892313,-222125.896523,522109.995790,1.722959e+00,-1140.133272,589.272415,580.725779,1.181,0.222,0.081
3032,3.032000,744235.894398,-222057.761590,522178.132809,1.723054e+00,-1140.133285,589.272413,580.725715,1.066,0.234,0.048
3033,3.033000,744235.896476,-221989.667926,522246.228550,1.723148e+00,-1140.133296,589.272411,580.725652,1.070,0.227,0.045
3034,3.034000,744235.898552,-221921.615514,522314.283038,1.723242e+00,-1140.133308,589.272410,580.725588,2.768,3.277,0.045
3035,3.035000,744235.900628,-221853.604333,522382.296295,1.723336e+00,-1140.133319,589.272409,580.725524,1.193,0.341,0.051
3036,3.036000,744235.902704,-221785.634364,522450.268340,1.723431e+00,-1140.133331,589.272407,580.725461,1.033,0.372,0.055
3037,3.037000,744235.904780,-221717.705581,522518.199198,1.723525e+00,-1140.133342,589.272406,580.725398,1.129,0.551,0.155
3038,3.038000,744235.906865,-221649.817947,522586.088918,1.723619e+00,-1140.133354,589.272405,580.725334,1.099,1.232,0.048
3039,3.039000,744235.908960,-221581.971446,522653.937514,1.723713e+00,-1140.133367,589.272404,580.725271,1.011,7.466,0.048
3040,3.040000,744235.911055,-221514.166049,522721.745007,1.723806e+00,-1140.133380,589.272403,580.725208,1.094,0.348,0.044
3041,3.041000,744235.913151,-221446.401725,522789.511426,1.723900e+00,-1140.133393,589.272401,580.725144,1.011,0.197,0.048
3042,3.042000,744235.915246,-221378.678448,522857.236798,1.723994e+00,-1140.133406,589.272400,580.725081,1.344,0.274,0.052
3043,3.043000,744235.917345,-221310.996194,522924.921151,1.724088e+00,-1140.133420,589.272399,580.725017,1.003,0.409,0.047
3044,3.044000,744235.919448,-221243.354928,522992.564520,1.724181e+00,-1140.133434,589.272398,580.724954,1.129,0.231,0.050
3045,3.045000,744235.921551,-221175.754614,523060.166937,1.724275e+00,-1140.133449,589.272397,580.724890,1.036,0.409,0.046
3046,3.046000,744235.923654,-221108.195222,523127.728432,1.724369e+00,-1140.133463,589.272396,580.724826,1.150,5.258,0.077
3047,3.047000,744235.925758,-221040.676716,523195.249041,1.724462e+00,-1140.133477,589.272395,580.724763,1.446,0.545,0.049
3048,3.048000,744235.927861,-220973.199066,523262.728796,1.724556e+00,-1140.133491,589.272394,580.724699,1.169,0.301,0.052
3049,3.049000,744235.929965,-220905.762224,523330.167741,1.724649e+00,-1140.133505,589.272393,580.724636,1.032,0.201,0.051
3050,3.050000,744235.932069,-220838.366158,523397.565911,1.724742e+00,-1140.133519,589.272392,580.724573,1.009,0.194,0.044
3051,3.051000,744235.934172,-220771.010824,523464.923348,1.724836e+00,-1140.133533,589.272391,580.724510,0.986,0.576,0.045
3052,3.052000,744235.936276,-220703.696181,523532.240094,1.724929e+00,-1140.133546,589.272390,580.724447,0.997,0.191,0.044
3053,3.053000,744235.938056,-220636.422191,523599.515865,1.725022e+00,-1140.133553,589.272432,580.724426,1.368,0.626,0.052
3054,3.054000,744235.939513,-220569.188807,523666.750706,1.725115e+00,-1140.133553,589.272516,580.724448,1.221,0.295,0.051
3055,3.055000,744235.940972,-220501.995985,523733.944987,1.725208e+00,-1140.133552,589.272601,580.724470,1.038,0.195,0.047
3056,3.056000,744235.942430,-220434.843683,523801.098747,1.725301e+00,-1140.133552,589.272685,580.724492,1.058,0.298,0.047
3057,3.057000,744235.943888,-220367.731852,523868.212036,1.725394e+00,-1140.133551,589.272769,580.724513,1.350,0.200,0.052
3058,3.058000,744235.945346,-220300.660444,523935.284902,1.725487e+00,-1140.133550,589.272853,580.724535,1.034,1.429,0.045
3059,3.059000,744235.946804,-220233.629412,524002.317392,1.725580e+00,-1140.133550,589.272937,580.724557,0.991,0.463,0.050
3060,3.060000,744235.948259,-220166.638701,524069.309558,1.725672e+00,-1140.133549,589.273021,580.724578,1.124,0.482,0.047
3061,3.061000,744235.949710,-220099.688264,524136.261447,1.725765e+00,-1140.133548,589.273105,580.724599,1.119,0.411,0.047
3062,3.062000,744235.951163,-220032.778050,524203.173113,1.725858e+00,-1140.133548,589.273189,580.724619,1.270,0.438,0.051
3063,3.063000,744235.952616,-219965.908010,524270.044606,1.725950e+00,-1140.133547,589.273273,580.724639,1.244,0.563,0.046
3064,3.064000,744235.954068,-219899.078098,524336.875970,1.726043e+00,-1140.133547,589.273357,580.724659,1.102,0.553,0.047
3065,3.065000,744235.955521,-219832.288254,524403.667267,1.726135e+00,-1140.133546,589.273440,580.724680,1.617,0.396,0.046
3066,3.066000,744235.956973,-219765.538424,524470.418549,1.726228e+00,-1140.133545,589.273524,580.724700,1.092,0.256,0.044
3067,3.067000,744235.958425,-219698.828559,524537.129866,1.726320e+00,-1140.133545,589.273608,580.724720,1.001,0.366,0.049
3068,3.068000,744235.959878,-219632.158605,524603.801273,1.726412e+00,-1140.133544,589.273692,580.724740,1.043,0.406,0.045
3069,3.069000,744235.961330,-219565.528518,524670.432812,1.726505e+00,-1140.133543,589.273776,580.724760,1.053,0.214,0.051
3070,3.070000,744235.962781,-219498.938240,524737.024542,1.726597e+00,-1140.133542,589.273859,580.724780,1.097,0.620,0.059
3071,3.071000,744235.964232,-219432.387719,524803.576513,1.726689e+00,-1140.133541,589.273943,580.724800,1.146,0.390,0.053
3072,3.072000,744235.965683,-219365.876921,524870.088762,1.726781e+00,-1140.133540,589.274027,580.724820,1.162,0.267,0.043
3073,3.073000,744235.967134,-219299.405788,524936.561346,1.726873e+00,-1140.133539,589.274111,580.724841,1.185,0.436,0.057
3074,3.074000,744235.968585,-219232.974272,525002.994313,1.726965e+00,-1140.133538,589.274194,580.724861,1.224,0.383,0.056
3075,3.075000,744235.970036,-219166.582325,525069.387711,1.727057e+00,-1140.133537,589.274278,580.724881,1.039,0.193,0.053
3076,3.076000,744235.971487,-219100.229900,525135.741587,1.727149e+00,-1140.133536,589.274362,580.724901,1.202,0.229,0.048
3077,3.077000,744235.972938,-219033.916952,525202.055986,1.727241e+00,-1140.133534,589.274445,580.724921,1.018,0.355,0.047
3078,3.078000,744235.974389,-218967.643443,525268.330947,1.727333e+00,-1140.133533,589.274529,580.724941,1.207,0.341,0.035
3079,3.079000,744235.975840,-218901.409329,525334.566512,1.727424e+00,-1140.133532,589.274613,580.724962,1.112,0.541,0.048
3080,3.080000,744235.977292,-218835.214568,525400.762724,1.727516e+00,-1140.133531,589.274697,580.724982,1.033,0.526,0.043
3081,3.081000,744235.978744,-218769.059129,525466.919615,1.727608e+00,-1140.133529,589.274780,580.725002,1.033,0.384,0.050
3082,3.082000,744235.980196,-218702.942975,525533.037222,1.727699e+00,-1140.133527,589.274864,580.725022,1.032,0.453,0.046
3083,3.083000,744235.981649,-218636.866056,525599.115593,1.727791e+00,-1140.133525,589.274948,580.725042,1.056,0.210,0.046
3084,3.084000,744235.983101,-218570.828340,525665.154761,1.727882e+00,-1140.133524,589.275031,580.725063,1.095,0.348,0.045
3085,3.085000,744235.984555,-218504.829794,525731.154760,1.727974e+00,-1140.133522,589.275115,580.725083,1.124,0.260,0.050
3086,3.086000,744235.986008,-218438.870391,525797.115617,1.728065e+00,-1140.133521,589.275199,580.725103,1.135,0.352,0.040
3087,3.087000,744235.987461,-218372.950103,525863.037358,1.728156e+00,-1140.133519,589.275283,580.725123,1.108,0.218,0.049
3088,3.088000,744235.988914,-218307.068894,525928.920019,1.728247e+00,-1140.133518,589.275367,580.725143,2.255,0.238,0.186
3089,3.089000,744235.990366,-218241.226724,525994.763642,1.728339e+00,-1140.133516,589.275451,580.725164,1.339,0.223,0.061
3090,3.090000,744235.991819,-218175.423569,526060.568250,1.728430e+00,-1140.133514,589.275534,580.725184,1.268,0.203,0.050
3091,3.091000,744235.993273,-218109.659394,526126.333879,1.728521e+00,-1140.133513,589.275618,580.725204,1.042,0.225,0.055
3092,3.092000,744235.994725,-218043.934170,526192.060555,1.728612e+00,-1140.133511,589.275701,580.725224,1.156,0.592,0.047
3093,3.093000,744235.996177,-217978.247866,526257.748311,1.728703e+00,-1140.133509,589.275785,580.725244,1.126,0.224,0.044
3094,3.094000,744235.997629,-217912.600454,526323.397174,1.728794e+00,-1140.133508,589.275868,580.725264,1.075,0.489,0.060
3095,3.095000,744235.999080,-217846.991903,526389.007177,1.728884e+00,-1140.133506,589.275952,580.725283,1.047,0.434,0.045
3096,3.096000,744236.000531,-217781.422180,526454.578351,1.728975e+00,-1140.133504,589.276035,580.725303,1.067,3.382,0.051
3097,3.097000,744236.001986,-217715.891253,526520.110733,1.729066e+00,-1140.133503,589.276118,580.725322,1.027,3.349,0.043
3098,3.098000,744236.003443,-217650.399090,526585.604352,1.729157e+00,-1140.133502,589.276201,580.725342,1.041,0.281,0.045
3099,3.099000,744236.004903,-217584.945655,526651.059248,1.729247e+00,-1140.133501,589.276284,580.725361,1.651,0.208,0.040
3100,3.100000,744236.006365,-217519.530913,526716.475452,1.729338e+00,-1140.133499,589.276366,580.725381,1.049,0.237,0.044
3101,3.101000,744236.007827,-217454.154830,526781.852997,1.729428e+00,-1140.133497,589.276448,580.725400,18.050,11.637,0.054
3102,3.102000,744236.009289,-217388.817372,526847.191917,1.729519e+00,-1140.133496,589.276531,580.725420,1.376,0.235,0.059
3103,3.103000,744236.010750,-217323.518495,526912.492256,1.729609e+00,-1140.133494,589.276613,580.725439,4.979,5.250,0.046
3104,3.104000,744236.012213,-217258.258157,526977.754056,1.729700e+00,-1140.133493,589.276695,580.725459,1.132,0.214,0.052
3105,3.105000,744236.013677,-217193.036319,527042.977357,1.729790e+00,-1140.133491,589.276777,580.725478,1.021,0.224,0.049
3106,3.106000,744236.015140,-217127.852938,527108.162202,1.729880e+00,-1140.133490,589.276859,580.725497,1.187,0.580,0.044
3107,3.107000,744236.016604,-217062.707969,527173.308635,1.729970e+00,-1140.133488,589.276942,580.725517,1.023,0.410,0.053
3108,3.108000,744236.018026,-216997.601365,527238.416662,1.730061e+00,-1140.133487,589.277022,580.725536,1.169,0.232,0.045
3109,3.109000,744236.019409,-216932.533082,527303.486327,1.730151e+00,-1140.133486,589.277100,580.725555,0.992,0.534,0.039
3110,3.110000,744236.020796,-216867.503070,527368.517727,1.730241e+00,-1140.133486,589.277178,580.725574,1.064,0.187,0.044
3111,3.111000,744236.022188,-216802.511278,527433.510911,1.730331e+00,-1140.133486,589.277257,580.725594,1.349,0.219,0.056
3112,3.112000,744236.023580,-216737.557654,527498.465926,1.730421e+00,-1140.133487,589.277335,580.725613,1.115,0.222,0.042
3113,3.113000,744236.024972,-216672.642152,527563.382820,1.730511e+00,-1140.133487,589.277413,580.725632,1.050,0.606,0.043
3114,3.114000,744236.026364,-216607.764716,527628.261648,1.730600e+00,-1140.133488,589.277491,580.725652,1.175,0.247,0.052
3115,3.115000,744236.027756,-216542.925293,527693.102463,1.730690e+00,-1140.133488,589.277569,580.725671,1.218,0.226,0.109
3116,3.116000,744236.029147,-216478.123827,527757.905320,1.730780e+00,-1140.133489,589.277647,580.725690,1.084,6.137,0.051
3117,3.117000,744236.030539,-216413.360263,527822.670276,1.730870e+00,-1140.133490,589.277725,580.725710,1.151,0.234,0.048
3118,3.118000,744236.031930,-216348.634546,527887.397383,1.730959e+00,-1140.133491,589.277803,580.725729,1.056,0.205,0.055
3119,3.119000,744236.033320,-216283.946622,527952.086698,1.731049e+00,-1140.133491,589.277881,580.725749,1.164,0.482,0.054
3120,3.120000,744236.034710,-216219.296435,528016.738276,1.731138e+00,-1140.133493,589.277959,580.725768,1.327,0.264,0.042
3121,3.121000,744236.036100,-216154.683926,528081.352175,1.731228e+00,-1140.133494,589.278037,580.725788,1.161,0.246,0.055
3122,3.122000,744236.037490,-216090.109042,528145.928449,1.731317e+00,-1140.133495,589.278115,580.725808,1.155,0.430,0.046
3123,3.123000,744236.038881,-216025.571725,528210.467156,1.731407e+00,-1140.133496,589.278193,580.725828,1.713,0.264,0.047
3124,3.124000,744236.040271,-215961.071920,528274.968350,1.731496e+00,-1140.133498,589.278271,580.725848,1.050,0.200,0.048
3125,3.125000,744236.041661,-215896.609575,528339.432086,1.731585e+00,-1140.133499,589.278349,580.725868,1.057,0.208,0.057
3126,3.126000,744236.043005,-215832.184632,528403.858373,1.731674e+00,-1140.133500,589.278425,580.725888,1.104,0.221,0.044
3127,3.127000,744236.044303,-215767.797035,528468.247268,1.731764e+00,-1140.133501,589.278499,580.725908,1.051,1.228,0.043
3128,3.128000,744236.045602,-215703.446737,528532.598865,1.731853e+00,-1140.133503,589.278574,580.725928,1.267,0.535,0.050
3129,3.129000,744236.046900,-215639.133684,528596.913216,1.731942e+00,-1140.133504,589.278648,580.725948,1.015,0.362,0.043
3130,3.130000,744236.048199,-215574.857823,528661.190377,1.732031e+00,-1140.133505,589.278722,580.725967,1.172,0.222,0.058
3131,3.131000,744236.049498,-215510.619101,528725.430397,1.732120e+00,-1140.133506,589.278796,580.725987,1.092,0.721,0.053
3132,3.132000,744236.050797,-215446.417479,528789.633319,1.732209e+00,-1140.133508,589.278870,580.726007,1.264,0.393,0.067
3133,3.133000,744236.052096,-215382.252902,528853.799194,1.732297e+00,-1140.133509,589.278944,580.726027,1.019,0.221,0.053
3134,3.134000,744236.053396,-215318.125325,528917.928071,1.732386e+00,-1140.133510,589.279019,580.726047,1.062,0.252,0.051
3135,3.135000,744236.054695,-215254.034698,528982.019997,1.732475e+00,-1140.133511,589.279093,580.726067,1.054,0.195,0.050
3136,3.136000,744236.055995,-215189.980975,529046.075019,1.732564e+00,-1140.133512,589.279167,580.726087,1.090,0.234,0.050
3137,3.137000,744236.057294,-215125.964116,529110.093178,1.732652e+00,-1140.133513,589.279241,580.726107,1.029,0.194,0.043
3138,3.138000,744236.058594,-215061.984078,529174.074516,1.732741e+00,-1140.133514,589.279315,580.726127,1.164,0.212,0.065
3139,3.139000,744236.059894,-214998.040822,529238.019071,1.732829e+00,-1140.133514,589.279389,580.726147,1.054,0.417,0.053
3140,3.140000,744236.061190,-214934.134301,529301.926888,1.732918e+00,-1140.133515,589.279463,580.726167,1.280,0.238,0.068
3141,3.141000,744236.062483,-214870.264476,529365.798006,1.733006e+00,-1140.133516,589.279537,580.726186,1.082,0.716,0.055
3142,3.142000,744236.063775,-214806.431310,529429.632465,1.733095e+00,-1140.133517,589.279611,580.726205,1.006,0.566,0.047
3143,3.143000,744236.065068,-214742.634763,529493.430305,1.733183e+00,-1140.133518,589.279685,580.726224,1.325,0.304,0.043
3144,3.144000,744236.066361,-214678.874801,529557.191560,1.733271e+00,-1140.133519,589.279759,580.726243,1.063,0.227,0.048
3145,3.145000,744236.067654,-214615.151387,529620.916267,1.733360e+00,-1140.133520,589.279833,580.726262,1.216,0.265,0.045
3146,3.146000,744236.068947,-214551.464477,529684.604469,1.733448e+00,-1140.133521,589.279906,580.726282,5.478,2.877,0.047
3147,3.147000,744236.070239,-214487.814044,529748.256195,1.733536e+00,-1140.133522,589.279980,580.726301,1.174,0.235,0.049
3148,3.148000,744236.071532,-214424.200054,529811.871478,1.733624e+00,-1140.133523,589.280054,580.726320,1.123,0.250,0.062
3149,3.149000,744236.072825,-214360.622476,529875.450349,1.733712e+00,-1140.133524,589.280128,580.726339,1.431,0.461,0.052
3150,3.150000,744236.074117,-214297.081285,529938.992832,1.733800e+00,-1140.133525,589.280201,580.726358,2.668,6.136,0.087
3151,3.151000,744236.075410,-214233.576449,530002.498961,1.733888e+00,-1140.133525,589.280275,580.726377,1.075,0.492,0.045
3152,3.152000,744236.076702,-214170.107937,530065.968766,1.733976e+00,-1140.133526,589.280348,580.726397,1.754,0.535,0.059
3153,3.153000,744236.077992,-214106.675722,530129.402269,1.734064e+00,-1140.133526,589.280422,580.726416,1.145,0.227,0.044
3154,3.154000,744236.079278,-214043.279781,530192.799497,1.734152e+00,-1140.133526,589.280496,580.726435,1.049,0.229,0.048
3155,3.155000,744236.080564,-213979.920092,530256.160472,1.734239e+00,-1140.133526,589.280571,580.726454,1.195,0.254,0.043
3156,3.156000,744236.081851,-213916.596624,530319.485227,1.734327e+00,-1140.133526,589.280645,580.726473,1.093,0.206,0.056
3157,3.157000,744236.083135,-213853.309361,530382.773773,1.734415e+00,-1140.133525,589.280719,580.726492,1.268,0.259,0.048
3158,3.158000,744236.084416,-213790.058282,530446.026134,1.734502e+00,-1140.133525,589.280792,580.726512,1.032,0.498,0.037
3159,3.159000,744236.085697,-213726.843368,530509.242330,1.734590e+00,-1140.133525,589.280865,580.726531,1.128,0.235,0.048
3160,3.160000,744236.086978,-213663.664591,530572.422388,1.734677e+00,-1140.133525,589.280938,580.726550,1.041,0.376,0.042
3161,3.161000,744236.088260,-213600.521935,530635.566325,1.734765e+00,-1140.133525,589.281012,580.726569,1.105,0.226,0.047
3162,3.162000,744236.089541,-213537.415387,530698.674154,1.734852e+00,-1140.133525,589.281085,580.726588,1.062,0.547,0.043
3163,3.163000,744236.090822,-213474.344931,530761.745891,1.734939e+00,-1140.133525,589.281158,580.726607,1.077,0.207,0.047
3164,3.164000,744236.092104,-213411.310556,530824.781548,1.735027e+00,-1140.133525,589.281231,580.726627,1.057,0.402,0.041
3165,3.165000,744236.093385,-213348.312243,530887.781142,1.735114e+00,-1140.133525,589.281304,580.726646,1.166,0.292,0.051
3166,3.166000,744236.094666,-213285.349985,530950.744681,1.735201e+00,-1140.133524,589.281377,580.726665,1.106,0.487,0.049
3167,3.167000,744236.095950,-213222.423766,531013.672184,1.735288e+00,-1140.133525,589.281450,580.726685,1.052,0.268,0.045
3168,3.168000,744236.097237,-213159.533578,531076.563660,1.735375e+00,-1140.133526,589.281523,580.726704,1.106,0.219,0.053
3169,3.169000,744236.098524,-213096.679407,531139.419117,1.735462e+00,-1140.133527,589.281596,580.726723,1.108,0.200,0.051
3170,3.170000,744236.099811,-213033.861248,531202.238563,1.735549e+00,-1140.133528,589.281669,580.726742,1.045,0.193,0.043
3171,3.171000,744236.101097,-212971.079088,531265.022009,1.735636e+00,-1140.133528,589.281742,580.726761,1.170,0.232,0.057
3172,3.172000,744236.102384,-212908.332922,531327.769462,1.735723e+00,-1140.133529,589.281815,580.726780,1.171,0.222,0.056
3173,3.173000,744236.103670,-212845.622746,531390.480925,1.735810e+00,-1140.133530,589.281888,580.726799,1.191,0.236,0.051
3174,3.174000,744236.104957,-212782.948548,531453.156409,1.735897e+00,-1140.133531,589.281961,580.726818,1.278,0.216,0.063
3175,3.175000,744236.106244,-212720.310316,531515.795929,1.735983e+00,-1140.133532,589.282033,580.726837,1.127,0.239,0.052
3176,3.176000,744236.107531,-212657.708047,531578.399485,1.736070e+00,-1140.133533,589.282106,580.726856,1.052,0.676,0.041
3177,3.177000,744236.108819,-212595.141737,531640.967082,1.736157e+00,-1140.133534,589.282179,580.726875,1.185,0.225,0.051
3178,3.178000,744236.110106,-212532.611371,531703.498735,1.736243e+00,-1140.133535,589.282252,580.726894,1.153,0.515,0.058
3179,3.179000,744236.111393,-212470.116943,531765.994449,1.736330e+00,-1140.133536,589.282324,580.726913,1.154,0.436,0.040
3180,3.180000,744236.112679,-212407.658441,531828.454238,1.736416e+00,-1140.133537,589.282397,580.726932,1.096,0.702,0.054
3181,3.181000,744236.113966,-212345.235855,531890.878111,1.736503e+00,-1140.133538,589.282469,580.726951,1.284,0.261,0.053
3182,3.182000,744236.115253,-212282.849177,531953.266076,1.736589e+00,-1140.133539,589.282542,580.726970,1.080,0.207,0.044
3183,3.183000,744236.116540,-212220.498399,532015.618140,1.736676e+00,-1140.133539,589.282614,580.726989,1.190,0.629,0.046
3184,3.184000,744236.117400,-212158.183503,532077.933898,1.736762e+00,-1140.133552,589.282668,580.727015,1.056,0.280,0.049
3185,3.185000,744236.117834,-212095.904480,532140.213354,1.736848e+00,-1140.133576,589.282702,580.727046,1.118,0.223,0.061
3186,3.186000,744236.118268,-212033.661314,532202.456955,1.736934e+00,-1140.133601,589.282737,580.727077,1.093,0.352,0.052
3187,3.187000,744236.118703,-211971.453987,532264.664715,1.737020e+00,-1140.133625,589.282771,580.727109,1.067,0.224,0.046
3188,3.188000,744236.119136,-211909.282479,532326.836658,1.737106e+00,-1140.133649,589.282806,580.727140,1.027,0.229,0.047
3189,3.189000,744236.119570,-211847.146775,532388.972795,1.737193e+00,-1140.133674,589.282840,580.727171,1.068,0.433,0.049
3190,3.190000,744236.120004,-211785.046853,532451.073151,1.737279e+00,-1140.133698,589.282875,580.727202,1.137,0.244,0.059
3191,3.191000,744236.120428,-211722.982700,532513.137728,1.737364e+00,-1140.133722,589.282909,580.727232,1.052,0.550,0.050
3192,3.192000,744236.120842,-211660.954295,532575.166547,1.737450e+00,-1140.133747,589.282944,580.727261,1.072,0.206,0.044
3193,3.193000,744236.121257,-211598.961599,532637.159657,1.737536e+00,-1140.133771,589.282978,580.727291,1.197,2.977,0.041
3194,3.194000,744236.121671,-211537.004589,532699.117082,1.737622e+00,-1140.133795,589.283012,580.727320,1.114,0.912,0.045
3195,3.195000,744236.122086,-211475.083245,532761.038841,1.737708e+00,-1140.133820,589.283046,580.727349,1.154,0.412,0.045
3196,3.196000,744236.122501,-211413.197539,532822.924962,1.737793e+00,-1140.133844,589.283080,580.727378,1.055,0.208,0.052
3197,3.197000,744236.122915,-211351.347445,532884.775469,1.737879e+00,-1140.133868,589.283113,580.727407,1.168,0.219,0.051
3198,3.198000,744236.123329,-211289.532938,532946.590391,1.737965e+00,-1140.133893,589.283147,580.727436,1.080,1.295,0.054
3199,3.199000,744236.123743,-211227.753979,533008.369764,1.738050e+00,-1140.133917,589.283181,580.727465,1.097,0.204,0.049
3200,3.200000,744236.124157,-211166.010540,533070.113618,1.738136e+00,-1140.133942,589.283215,580.727493,1.088,0.261,0.058
3201,3.201000,744236.124572,-211104.302587,533131.821985,1.738221e+00,-1140.133966,589.283249,580.727522,1.313,0.833,0.060
3202,3.202000,744236.124987,-211042.630095,533193.494891,1.738307e+00,-1140.133990,589.283283,580.727550,1.105,0.212,0.059
3203,3.203000,744236.125401,-210980.993028,533255.132373,1.738392e+00,-1140.134015,589.283317,580.727579,1.112,0.208,0.055
3204,3.204000,744236.125789,-210919.391355,533316.734434,1.738477e+00,-1140.134039,589.283350,580.727607,1.109,0.226,0.040
3205,3.205000,744236.126149,-210857.825045,533378.301104,1.738562e+00,-1140.134064,589.283382,580.727633,1.091,0.231,0.053
3206,3.206000,744236.126510,-210796.294067,533439.832443,1.738648e+00,-1140.134088,589.283414,580.727660,1.065,0.209,0.050
3207,3.207000,744236.126871,-210734.798384,533501.328487,1.738733e+00,-1140.134112,589.283447,580.727687,1.069,0.207,0.049
3208,3.208000,744236.127232,-210673.337968,533562.789264,1.738818e+00,-1140.134136,589.283479,580.727714,1.069,0.201,0.045
3209,3.209000,744236.127593,-210611.912786,533624.214807,1.738903e+00,-1140.134160,589.283511,580.727740,1.082,0.591,0.052
3210,3.210000,744236.127953,-210550.522805,533685.605148,1.738988e+00,-1140.134185,589.283543,580.727767,1.188,2.644,0.049
3211,3.211000,744236.128314,-210489.167993,533746.960321,1.739073e+00,-1140.134209,589.283576,580.727794,1.019,0.562,0.043
3212,3.212000,744236.128675,-210427.848317,533808.280358,1.739158e+00,-1140.134233,589.283608,580.727821,1.137,0.236,0.052
3213,3.213000,744236.129036,-210366.563749,533869.565287,1.739243e+00,-1140.134257,589.283640,580.727847,1.277,0.268,0.067
3214,3.214000,744236.129396,-210305.314259,533930.815137,1.739327e+00,-1140.134281,589.283672,580.727874,1.064,0.604,0.046
3215,3.215000,744236.129757,-210244.099824,533992.029933,1.739412e+00,-1140.134305,589.283704,580.727901,1.196,0.239,0.052
3216,3.216000,744236.130118,-210182.920412,534053.209706,1.739497e+00,-1140.134329,589.283735,580.727927,1.157,1.325,0.043
3217,3.217000,744236.130480,-210121.775997,534114.354482,1.739582e+00,-1140.134353,589.283767,580.727954,1.047,0.202,0.047
3218,3.218000,744236.130841,-210060.666557,534175.464284,1.739666e+00,-1140.134377,589.283799,580.727981,1.181,0.248,0.045
3219,3.219000,744236.131202,-209999.592063,534236.539139,1.739751e+00,-1140.134401,589.283831,580.728007,4.008,0.292,0.058
3220,3.220000,744236.131563,-209938.552488,534297.579075,1.739835e+00,-1140.134425,589.283862,580.728034,7.516,5.939,0.154
3221,3.221000,744236.131924,-209877.547817,534358.584107,1.739920e+00,-1140.134449,589.283894,580.728060,1.222,0.247,0.058
3222,3.222000,744236.132286,-209816.578024,534419.554262,1.740004e+00,-1140.134473,589.283925,580.728087,1.056,0.277,0.058
3223,3.223000,744236.132647,-209755.643085,534480.489562,1.740089e+00,-1140.134497,589.283956,580.728113,1.156,0.257,0.053
3224,3.224000,744236.133009,-209694.742979,534541.390030,1.740173e+00,-1140.134521,589.283988,580.728140,1.106,0.574,0.054
3225,3.225000,744236.133370,-209633.877691,534602.255680,1.740257e+00,-1140.134545,589.284019,580.728166,1.115,0.279,0.052
3226,3.226000,744236.133731,-209573.047195,534663.086536,1.740341e+00,-1140.134569,589.284050,580.728193,1.100,1.062,0.052
3227,3.227000,744236.134092,-209512.251471,534723.882621,1.740426e+00,-1140.134593,589.284082,580.728219,1.212,0.266,0.050
3228,3.228000,744236.134453,-209451.490507,534784.643946,1.740510e+00,-1140.134617,589.284113,580.728246,1.213,0.288,0.045
3229,3.229000,744236.134814,-209390.764280,534845.370534,1.740594e+00,-1140.134641,589.284144,580.728272,1.131,0.237,0.046
3230,3.230000,744236.135175,-209330.072780,534906.062395,1.740678e+00,-1140.134665,589.284175,580.728298,1.118,0.236,0.053
3231,3.231000,744236.135536,-209269.415985,534966.719551,1.740762e+00,-1140.134689,589.284206,580.728325,1.032,0.430,0.052
3232,3.232000,744236.135897,-209208.793876,535027.342021,1.740846e+00,-1140.134713,589.284237,580.728351,1.189,0.311,0.041
3233,3.233000,744236.136258,-209148.206436,535087.929822,1.740930e+00,-1140.134737,589.284268,580.728378,1.072,0.217,0.050
3234,3.234000,744236.136619,-209087.653647,535148.482972,1.741014e+00,-1140.134761,589.284299,580.728404,1.078,0.305,0.044
3235,3.235000,744236.136980,-209027.135498,535209.001482,1.741097e+00,-1140.134785,589.284329,580.728431,1.357,0.608,0.077
3236,3.236000,744236.137341,-208966.651969,535269.485372,1.741181e+00,-1140.134810,589.284360,580.728457,1.135,0.242,0.037
3237,3.237000,744236.137702,-208906.203039,535329.934664,1.741265e+00,-1140.134834,589.284390,580.728484,1.098,1.980,0.056
3238,3.238000,744236.138072,-208845.788690,535390.349383,1.741348e+00,-1140.134857,589.284420,580.728511,1.217,0.732,0.051
3239,3.239000,744236.138451,-208785.408905,535450.729546,1.741432e+00,-1140.134879,589.284450,580.728537,1.110,0.451,0.053
3240,3.240000,744236.138829,-208725.063668,535511.075161,1.741516e+00,-1140.134901,589.284481,580.728564,1.152,0.266,0.050
3241,3.241000,744236.139207,-208664.752962,535571.386245,1.741599e+00,-1140.134923,589.284511,580.728591,1.076,0.540,0.053
3242,3.242000,744236.139586,-208604.476772,535631.662814,1.741683e+00,-1140.134945,589.284541,580.728617,1.229,0.282,0.051
3243,3.243000,744236.139964,-208544.235078,535691.904886,1.741766e+00,-1140.134967,589.284571,580.728644,1.174,0.234,0.051
3244,3.244000,744236.140342,-208484.027851,535752.112492,1.741849e+00,-1140.134990,589.284601,580.728670,4.104,0.337,0.164
3245,3.245000,744236.140720,-208423.855079,535812.285642,1.741933e+00,-1140.135012,589.284631,580.728697,1.163,0.250,0.049
3246,3.246000,744236.141099,-208363.716741,535872.424358,1.742016e+00,-1140.135034,589.284661,580.728724,1.072,0.273,0.044
3247,3.247000,744236.141477,-208303.612815,535932.528662,1.742099e+00,-1140.135056,589.284691,580.728751,1.131,0.211,0.054
3248,3.248000,744236.141855,-208243.543283,535992.598573,1.742182e+00,-1140.135078,589.284721,580.728777,1.324,5.136,0.062
3249,3.249000,744236.142234,-208183.508125,536052.634108,1.742266e+00,-1140.135100,589.284751,580.728804,2.222,0.601,0.105
3250,3.250000,744236.142612,-208123.507319,536112.635293,1.742349e+00,-1140.135122,589.284781,580.728831,1.248,0.317,0.061
3251,3.251000,744236.142991,-208063.540845,536172.602146,1.742432e+00,-1140.135144,589.284811,580.728857,1.306,0.417,0.096
3252,3.252000,744236.143369,-208003.608670,536232.534699,1.742515e+00,-1140.135166,589.284841,580.728884,1.131,0.412,0.050
3253,3.253000,744236.143748,-207943.710777,536292.432971,1.742598e+00,-1140.135188,589.284872,580.728911,1.159,12.478,0.047
3254,3.254000,744236.144127,-207883.847137,536352.296990,1.742680e+00,-1140.135210,589.284901,580.728937,1.069,23.894,0.045
3255,3.255000,744236.144506,-207824.017729,536412.126777,1.742763e+00,-1140.135232,589.284931,580.728964,1.409,0.680,0.059
3256,3.256000,744236.144885,-207764.222525,536471.922359,1.742846e+00,-1140.135254,589.284961,580.728991,1.373,0.506,0.066
3257,3.257000,744236.145264,-207704.461504,536531.683760,1.742929e+00,-1140.135276,589.284990,580.729017,1.299,0.367,0.073
3258,3.258000,744236.145642,-207644.734633,536591.411010,1.743012e+00,-1140.135298,589.285020,580.729044,1.368,0.283,0.055
3259,3.259000,744236.146021,-207585.041884,536651.104138,1.743094e+00,-1140.135320,589.285050,580.729071,1.133,5.058,0.047
3260,3.260000,744236.146400,-207525.383228,536710.763172,1.743177e+00,-1140.135342,589.285080,580.729097,1.045,0.346,0.044
3261,3.261000,744236.146779,-207465.758637,536770.388142,1.743259e+00,-1140.135363,589.285109,580.729124,1.076,0.256,0.053
3262,3.262000,744236.147158,-207406.168075,536829.979082,1.743342e+00,-1140.135385,589.285139,580.729150,1.058,0.238,0.052
3263,3.263000,744236.147536,-207346.611519,536889.536017,1.743424e+00,-1140.135407,589.285169,580.729177,1.071,0.574,0.048
3264,3.264000,744236.147915,-207287.088937,536949.058979,1.743507e+00,-1140.135429,589.285198,580.729204,1.324,0.211,0.047
3265,3.265000,744236.148294,-207227.600296,537008.547998,1.743589e+00,-1140.135451,589.285228,580.729230,1.046,0.207,0.053
3266,3.266000,744236.148673,-207168.145569,537068.003103,1.743672e+00,-1140.135472,589.285258,580.729257,1.062,0.618,0.042
3267,3.267000,744236.149052,-207108.724725,537127.424327,1.743754e+00,-1140.135494,589.285287,580.729284,2.211,0.645,0.120
3268,3.268000,744236.149431,-207049.337725,537186.811706,1.743836e+00,-1140.135516,589.285317,580.729311,1.134,0.200,0.046
3269,3.269000,744236.149810,-206989.984538,537246.165272,1.743918e+00,-1140.135538,589.285346,580.729337,1.051,0.200,0.095
3270,3.270000,744236.150189,-206930.665124,537305.485065,1.744000e+00,-1140.135560,589.285376,580.729364,2.159,0.808,0.122
3271,3.271000,744236.150567,-206871.379455,537364.771112,1.744082e+00,-1140.135582,589.285406,580.729390,1.120,10.448,0.061
3272,3.272000,744236.150945,-206812.127493,537424.023451,1.744165e+00,-1140.135604,589.285435,580.729417,1.120,0.586,0.045
3273,3.273000,744236.151323,-206752.909203,537483.242119,1.744246e+00,-1140.135626,589.285465,580.729443,1.088,0.464,0.050
3274,3.274000,744236.151700,-206693.724546,537542.427154,1.744328e+00,-1140.135647,589.285494,580.729469,1.173,0.394,0.052
3275,3.275000,744236.152079,-206634.573488,537601.578590,1.744410e+00,-1140.135669,589.285523,580.729495,1.262,0.484,0.065
3276,3.276000,744236.152457,-206575.455990,537660.696467,1.744492e+00,-1140.135691,589.285553,580.729522,1.119,0.215,0.055
3277,3.277000,744236.152835,-206516.372013,537719.780821,1.744574e+00,-1140.135713,589.285582,580.729548,1.199,0.252,0.059
3278,3.278000,744236.153213,-206457.321521,537778.831691,1.744656e+00,-1140.135734,589.285611,580.729574,1.108,0.276,0.047
3279,3.279000,744236.153590,-206398.304476,537837.849115,1.744738e+00,-1140.135756,589.285640,580.729600,1.194,0.266,0.050
3280,3.280000,744236.153968,-206339.320839,537896.833129,1.744819e+00,-1140.135778,589.285669,580.729627,1.112,3.376,0.043
3281,3.281000,744236.154346,-206280.370573,537955.783773,1.744901e+00,-1140.135800,589.285698,580.729653,1.044,0.577,0.041
3282,3.282000,744236.154724,-206221.453644,538014.701081,1.744982e+00,-1140.135821,589.285727,580.729679,1.393,0.275,0.080
3283,3.283000,744236.155102,-206162.570013,538073.585089,1.745064e+00,-1140.135843,589.285756,580.729705,1.066,0.504,0.049
3284,3.284000,744236.155480,-206103.719634,538132.435846,1.745145e+00,-1140.135865,589.285785,580.729732,1.076,0.205,0.049
3285,3.285000,744236.155858,-206044.902475,538191.253383,1.745227e+00,-1140.135886,589.285814,580.729758,1.037,0.231,0.050
3286,3.286000,744236.156236,-205986.118490,538250.037747,1.745308e+00,-1140.135908,589.285842,580.729784,1.138,0.370,0.055
3287,3.287000,744236.156615,-205927.367643,538308.788971,1.745390e+00,-1140.135930,589.285871,580.729810,1.089,0.590,0.050
3288,3.288000,744236.156993,-205868.649895,538367.507098,1.745471e+00,-1140.135951,589.285900,580.729836,1.052,0.379,0.043
3289,3.289000,744236.157372,-205809.965204,538426.192168,1.745552e+00,-1140.135973,589.285928,580.729862,1.177,0.470,0.056
3290,3.290000,744236.157752,-205751.313539,538484.844213,1.745633e+00,-1140.135994,589.285957,580.729888,1.058,0.199,0.044
3291,3.291000,744236.158131,-205692.694857,538543.463273,1.745715e+00,-1140.136015,589.285985,580.729914,1.144,0.557,0.049
3292,3.292000,744236.158509,-205634.109126,538602.049384,1.745796e+00,-1140.136037,589.286013,580.729939,1.222,2.561,0.046
3293,3.293000,744236.158888,-205575.556305,538660.602583,1.745877e+00,-1140.136058,589.286042,580.729965,1.197,1.324,0.057
3294,3.294000,744236.159267,-205517.036354,538719.122913,1.745958e+00,-1140.136079,589.286070,580.729991,1.441,0.296,0.072
3295,3.295000,744236.159645,-205458.549239,538777.610406,1.746039e+00,-1140.136101,589.286098,580.730017,1.080,0.305,0.058
3296,3.296000,744236.160024,-205400.094921,538836.065103,1.746120e+00,-1140.136122,589.286126,580.730043,1.109,0.472,0.049
3297,3.297000,744236.160403,-205341.673366,538894.487037,1.746201e+00,-1140.136143,589.286154,580.730069,1.074,0.207,0.048
3298,3.298000,744236.160782,-205283.284549,538952.876232,1.746281e+00,-1140.136164,589.286182,580.730094,1.051,0.248,0.040
3299,3.299000,744236.161160,-205224.928426,539011.232734,1.746362e+00,-1140.136186,589.286209,580.730120,1.326,0.297,0.064
3300,3.300000,744236.161538,-205166.604961,539069.556577,1.746443e+00,-1140.136207,589.286237,580.730146,1.079,0.209,0.046
3301,3.301000,744236.161916,-205108.314125,539127.847791,1.746524e+00,-1140.136228,589.286264,580.730172,1.171,0.201,0.052
3302,3.302000,744236.162295,-205050.055889,539186.106406,1.746604e+00,-1140.136250,589.286291,580.730198,1.066,0.385,0.050
3303,3.303000,744236.162673,-204991.830220,539244.332453,1.746685e+00,-1140.136271,589.286319,580.730224,1.074,0.277,0.048
3304,3.304000,744236.163051,-204933.637079,539302.525972,1.746766e+00,-1140.136292,589.286346,580.730250,1.084,0.997,0.043
3305,3.305000,744236.163429,-204875.476447,539360.686982,1.746846e+00,-1140.136313,589.286373,580.730276,1.103,0.210,0.047
3306,3.306000,744236.163807,-204817.348290,539418.815517,1.746927e+00,-1140.136335,589.286400,580.730302,1.122,4.296,0.054
3307,3.307000,744236.164183,-204759.252584,539476.911599,1.747007e+00,-1140.136356,589.286428,580.730327,1.043,0.416,0.049
3308,3.308000,744236.164556,-204701.189302,539534.975254,1.747088e+00,-1140.136377,589.286455,580.730352,1.238,11.174,0.051
3309,3.309000,744236.164929,-204643.158414,539593.006516,1.747168e+00,-1140.136399,589.286482,580.730377,1.055,7.541,0.039
3310,3.310000,744236.165302,-204585.159895,539651.005407,1.747248e+00,-1140.136420,589.286509,580.730402,1.102,0.221,0.047
3311,3.311000,744236.165676,-204527.193722,539708.971954,1.747328e+00,-1140.136441,589.286536,580.730427,1.042,0.198,0.052
3312,3.312000,744236.166049,-204469.259870,539766.906179,1.747409e+00,-1140.136462,589.286563,580.730452,1.114,0.345,0.050
3313,3.313000,744236.166422,-204411.358316,539824.808106,1.747489e+00,-1140.136484,589.286590,580.730477,1.163,0.418,0.053
3314,3.314000,744236.166795,-204353.489044,539882.677752,1.747569e+00,-1140.136505,589.286616,580.730502,1.075,0.205,0.050
3315,3.315000,744236.167169,-204295.652022,539940.515147,1.747649e+00,-1140.136526,589.286643,580.730527,1.089,0.965,0.047
3316,3.316000,744236.167543,-204237.847230,539998.320313,1.747729e+00,-1140.136547,589.286670,580.730551,1.075,0.559,0.054
3317,3.317000,744236.167917,-204180.074655,540056.093262,1.747809e+00,-1140.136569,589.286697,580.730576,1.074,8.323,0.052
3318,3.318000,744236.168291,-204122.334269,540113.834023,1.747889e+00,-1140.136590,589.286723,580.730601,1.117,0.207,0.049
3319,3.319000,744236.168665,-204064.626053,540171.542612,1.747969e+00,-1140.136611,589.286750,580.730625,1.293,0.768,0.048
3320,3.320000,744236.169039,-204006.949998,540229.219040,1.748049e+00,-1140.136632,589.286777,580.730649,1.082,0.219,0.051
3321,3.321000,744236.169411,-203949.306079,540286.863333,1.748129e+00,-1140.136653,589.286803,580.730674,1.087,0.245,0.055
3322,3.322000,744236.169786,-203891.694277,540344.475509,1.748208e+00,-1140.136674,589.286830,580.730698,1.235,0.249,0.051
3323,3.323000,744236.170163,-203834.114576,540402.055588,1.748288e+00,-1140.136694,589.286857,580.730721,1.037,0.590,0.044
3324,3.324000,744236.170541,-203776.566959,540459.603582,1.748368e+00,-1140.136714,589.286883,580.730745,1.150,0.231,0.059
3325,3.325000,744236.170918,-203719.051403,540517.119515,1.748447e+00,-1140.136734,589.286910,580.730769,1.083,0.391,0.054
3326,3.326000,744236.171295,-203661.567892,540574.603403,1.748527e+00,-1140.136755,589.286937,580.730792,1.662,0.626,0.063
3327,3.327000,744236.171672,-203604.116413,540632.055259,1.748607e+00,-1140.136775,589.286963,580.730816,1.163,0.612,0.066
3328,3.328000,744236.172050,-203546.696949,540689.475100,1.748686e+00,-1140.136795,589.286990,580.730839,1.144,0.218,0.053
3329,3.329000,744236.172427,-203489.309478,540746.862949,1.748766e+00,-1140.136815,589.287017,580.730863,1.994,2.332,0.114
3330,3.330000,744236.172804,-203431.953979,540804.218825,1.748845e+00,-1140.136835,589.287043,580.730886,1.161,2.598,0.048
3331,3.331000,744236.173181,-203374.630437,540861.542743,1.748924e+00,-1140.136855,589.287070,580.730910,1.080,0.459,0.044
3332,3.332000,744236.173558,-203317.338838,540918.834720,1.749004e+00,-1140.136876,589.287097,580.730933,1.120,0.376,0.057
3333,3.333000,744236.173934,-203260.079161,540976.094774,1.749083e+00,-1140.136896,589.287123,580.730956,1.202,0.273,0.061
3334,3.334000,744236.174311,-203202.851388,541033.322923,1.749162e+00,-1140.136916,589.287150,580.730980,1.165,0.295,0.054
3335,3.335000,744236.174688,-203145.655503,541090.519185,1.749241e+00,-1140.136936,589.287177,580.731003,2.961,0.217,0.047
3336,3.336000,744236.175062,-203088.491480,541147.683582,1.749321e+00,-1140.136956,589.287203,580.731026,1.102,0.384,0.050
3337,3.337000,744236.175432,-203031.359301,541204.816131,1.749400e+00,-1140.136976,589.287230,580.731048,1.192,0.926,0.049
3338,3.338000,744236.175802,-202974.258947,541261.916855,1.749479e+00,-1140.136996,589.287257,580.731071,1.072,0.379,0.050
3339,3.339000,744236.176172,-202917.190401,541318.985772,1.749558e+00,-1140.137017,589.287283,580.731093,1.083,3.107,0.041
3340,3.340000,744236.176542,-202860.153630,541376.022913,1.749637e+00,-1140.137037,589.287310,580.731116,1.269,0.780,0.046
3341,3.341000,744236.176913,-202803.148613,541433.028300,1.749716e+00,-1140.137057,589.287336,580.731138,1.032,0.226,0.054
3342,3.342000,744236.177283,-202746.175331,541490.001952,1.749795e+00,-1140.137077,589.287363,580.731161,1.055,0.231,0.056
3343,3.343000,744236.177653,-202689.233761,541546.943892,1.749873e+00,-1140.137097,589.287390,580.731183,1.168,0.745,0.055
3344,3.344000,744236.178023,-202632.323878,541603.854145,1.749952e+00,-1140.137117,589.287416,580.731206,18.764,29.865,0.072
3345,3.345000,744236.178393,-202575.445659,541660.732734,1.750031e+00,-1140.137137,589.287443,580.731228,1.622,0.524,0.079
3346,3.346000,744236.178764,-202518.599079,541717.579684,1.750110e+00,-1140.137157,589.287470,580.731251,1.154,0.643,0.057
3347,3.347000,744236.179134,-202461.784115,541774.395019,1.750188e+00,-1140.137177,589.287496,580.731273,1.059,0.325,0.053
3348,3.348000,744236.179505,-202405.000733,541831.178771,1.750267e+00,-1140.137197,589.287522,580.731296,1.120,0.207,0.066
3349,3.349000,744236.179875,-202348.248910,541887.930965,1.750346e+00,-1140.137218,589.287549,580.731319,2.044,0.314,0.079
3350,3.350000,744236.180242,-202291.528617,541944.651625,1.750424e+00,-1140.137238,589.287575,580.731341,1.980,0.327,0.145
3351,3.351000,744236.180605,-202234.839823,542001.340782,1.750503e+00,-1140.137258,589.287602,580.731362,2.243,0.320,0.065
3352,3.352000,744236.180968,-202178.182494,542057.998474,1.750581e+00,-1140.137277,589.287629,580.731384,1.111,0.364,0.058
3353,3.353000,744236.181332,-202121.556609,542114.624724,1.750660e+00,-1140.137297,589.287656,580.731406,1.092,0.208,0.050
3354,3.354000,744236.181697,-202064.962137,542171.219560,1.750738e+00,-1140.137316,589.287682,580.731427,1.067,0.237,0.056
3355,3.355000,744236.182061,-202008.399044,542227.783016,1.750816e+00,-1140.137336,589.287709,580.731449,1.749,0.245,0.057
3356,3.356000,744236.182425,-201951.867300,542284.315125,1.750894e+00,-1140.137355,589.287736,580.731471,1.118,0.467,0.055
3357,3.357000,744236.182789,-201895.366875,542340.815915,1.750973e+00,-1140.137375,589.287762,580.731492,1.057,0.373,0.047
3358,3.358000,744236.183154,-201838.897734,542397.285420,1.751051e+00,-1140.137394,589.287788,580.731514,1.099,0.210,0.050
3359,3.359000,744236.183519,-201782.459844,542453.723675,1.751129e+00,-1140.137413,589.287815,580.731535,1.284,2.307,0.050
3360,3.360000,744236.183883,-201726.053172,542510.130711,1.751207e+00,-1140.137433,589.287841,580.731557,1.571,0.239,0.061
3361,3.361000,744236.184248,-201669.677686,542566.506562,1.751285e+00,-1140.137452,589.287868,580.731578,1.118,0.334,0.053
3362,3.362000,744236.184612,-201613.333353,542622.851260,1.751363e+00,-1140.137471,589.287894,580.731600,1.139,0.270,0.046
3363,3.363000,744236.184977,-201557.020138,542679.164840,1.751441e+00,-1140.137490,589.287920,580.731621,1.202,0.230,0.050
3364,3.364000,744236.185342,-201500.738006,542735.447336,1.751519e+00,-1140.137509,589.287947,580.731643,1.247,0.472,0.051
3365,3.365000,744236.185706,-201444.486925,542791.698781,1.751597e+00,-1140.137528,589.287973,580.731665,1.176,0.247,0.050
3366,3.366000,744236.186067,-201388.266858,542847.919209,1.751675e+00,-1140.137547,589.287998,580.731686,1.199,0.717,0.051
3367,3.367000,744236.186425,-201332.077770,542904.108655,1.751753e+00,-1140.137566,589.288023,580.731708,1.091,0.412,0.050
3368,3.368000,744236.186783,-201275.919636,542960.267147,1.751830e+00,-1140.137585,589.288049,580.731730,2.325,0.362,0.098
3369,3.369000,744236.187141,-201219.792417,543016.394723,1.751908e+00,-1140.137605,589.288074,580.731751,1.150,0.269,0.041
3370,3.370000,744236.187498,-201163.696078,543072.491420,1.751986e+00,-1140.137624,589.288099,580.731773,1.186,0.348,0.046
3371,3.371000,744236.187856,-201107.630581,543128.557275,1.752063e+00,-1140.137643,589.288123,580.731794,1.233,0.235,0.047
3372,3.372000,744236.188213,-201051.595895,543184.592318,1.752141e+00,-1140.137662,589.288148,580.731816,1.138,0.219,0.054
3373,3.373000,744236.188571,-200995.591990,543240.596581,1.752219e+00,-1140.137681,589.288173,580.731837,1.083,0.405,0.050
3374,3.374000,744236.188929,-200939.618826,543296.570102,1.752296e+00,-1140.137700,589.288198,580.731858,1.355,0.279,0.059
3375,3.375000,744236.189286,-200883.676374,543352.512913,1.752374e+00,-1140.137719,589.288223,580.731880,1.090,0.414,0.132
3376,3.376000,744236.189644,-200827.764604,543408.425040,1.752451e+00,-1140.137738,589.288247,580.731901,1.101,0.236,0.067
3377,3.377000,744236.190002,-200771.883486,543464.306515,1.752528e+00,-1140.137757,589.288272,580.731923,1.060,0.235,0.052
3378,3.378000,744236.190359,-200716.032987,543520.157373,1.752606e+00,-1140.137776,589.288297,580.731945,1.168,0.247,0.052
3379,3.379000,744236.190717,-200660.213075,543575.977643,1.752683e+00,-1140.137795,589.288322,580.731966,1.213,0.237,0.053
3380,3.380000,744236.191075,-200604.423713,543631.767362,1.752760e+00,-1140.137814,589.288346,580.731988,1.059,0.600,0.046
3381,3.381000,744236.191432,-200548.664877,543687.526555,1.752837e+00,-1140.137833,589.288371,580.732010,1.213,0.245,0.057
3382,3.382000,744236.191789,-200492.936533,543743.255256,1.752915e+00,-1140.137852,589.288395,580.732031,1.104,0.262,0.052
3383,3.383000,744236.192147,-200437.238656,543798.953490,1.752992e+00,-1140.137871,589.288419,580.732053,1.312,0.264,0.042
3384,3.384000,744236.192504,-200381.571219,543854.621285,1.753069e+00,-1140.137890,589.288444,580.732075,1.252,0.209,0.046
3385,3.385000,744236.192861,-200325.934195,543910.258666,1.753146e+00,-1140.137909,589.288468,580.732096,1.155,0.633,0.050
3386,3.386000,744236.193218,-200270.327556,543965.865662,1.753223e+00,-1140.137928,589.288492,580.732118,1.121,0.443,0.052
3387,3.387000,744236.193575,-200214.751278,544021.442297,1.753300e+00,-1140.137947,589.288516,580.732139,1.149,0.251,0.057
3388,3.388000,744236.193931,-200159.205331,544076.988600,1.753377e+00,-1140.137966,589.288541,580.732161,1.384,0.235,0.049
3389,3.389000,744236.194288,-200103.689693,544132.504595,1.753454e+00,-1140.137985,589.288565,580.732182,1.121,0.209,0.063
3390,3.390000,744236.194645,-200048.204345,544187.990300,1.753530e+00,-1140.138004,589.288589,580.732204,1.051,1.295,0.037
3391,3.391000,744236.195001,-199992.749260,544243.445742,1.753607e+00,-1140.138022,589.288613,580.732225,1.197,0.840,0.041
3392,3.392000,744236.195358,-199937.324419,544298.870939,1.753684e+00,-1140.138041,589.288637,580.732247,1.155,0.898,0.055
3393,3.393000,744236.195714,-199881.929793,544354.265921,1.753761e+00,-1140.138060,589.288661,580.732268,1.095,0.761,0.051
3394,3.394000,744236.196071,-199826.565362,544409.630709,1.753837e+00,-1140.138079,589.288685,580.732290,1.066,15.492,0.051
3395,3.395000,744236.196427,-199771.231100,544464.965328,1.753914e+00,-1140.138098,589.288709,580.732311,1.211,4.632,0.050
3396,3.396000,744236.196784,-199715.926991,544520.269793,1.753991e+00,-1140.138116,589.288733,580.732332,1.202,0.322,0.060
3397,3.397000,744236.197140,-199660.653013,544575.544126,1.754067e+00,-1140.138135,589.288757,580.732354,1.103,0.290,0.047
3398,3.398000,744236.197496,-199605.409156,544630.788340,1.754144e+00,-1140.138154,589.288781,580.732375,2.186,0.953,0.045
3399,3.399000,744236.197852,-199550.195390,544686.002462,1.754220e+00,-1140.138173,589.288805,580.732397,1.099,0.394,0.047
3400,3.400000,744236.198208,-199495.011697,544741.186511,1.754296e+00,-1140.138191,589.288829,580.732418,1.177,25.598,0.043
3401,3.401000,744236.198564,-199439.858061,544796.340504,1.754373e+00,-1140.138210,589.288852,580.732440,1.084,7.227,0.052
3402,3.402000,744236.198920,-199384.734461,544851.464460,1.754449e+00,-1140.138229,589.288876,580.732461,1.072,0.205,0.053
3403,3.403000,744236.199277,-199329.640880,544906.558397,1.754525e+00,-1140.138247,589.288900,580.732483,2.061,0.580,0.076
3404,3.404000,744236.199633,-199274.577299,544961.622334,1.754602e+00,-1140.138266,589.288924,580.732504,1.821,2.782,0.158
3405,3.405000,744236.199989,-199219.543696,545016.656293,1.754678e+00,-1140.138285,589.288948,580.732526,1.130,0.563,0.048
3406,3.406000,744236.200345,-199164.540056,545071.660289,1.754754e+00,-1140.138304,589.288971,580.732547,4.672,0.479,0.038
3407,3.407000,744236.200702,-199109.566363,545126.634339,1.754830e+00,-1140.138323,589.288995,580.732569,1.213,1.601,0.057
3408,3.408000,744236.201058,-199054.622602,545181.578457,1.754906e+00,-1140.138342,589.289019,580.732590,1.185,0.205,0.050
3409,3.409000,744236.201415,-198999.708752,545236.492664,1.754982e+00,-1140.138361,589.289042,580.732612,2.068,0.568,0.120
3410,3.410000,744236.201772,-198944.824792,545291.376980,1.755058e+00,-1140.138380,589.289066,580.732634,1.457,0.340,0.204
3411,3.411000,744236.202129,-198889.970709,545346.231420,1.755134e+00,-1140.138399,589.289089,580.732655,1.040,0.616,0.049
3412,3.412000,744236.202487,-198835.146488,545401.055999,1.755210e+00,-1140.138417,589.289113,580.732677,1.086,0.445,0.067
3413,3.413000,744236.202845,-198780.352114,545455.850731,1.755286e+00,-1140.138436,589.289136,580.732699,1.170,0.535,0.051
3414,3.414000,744236.203203,-198725.587564,545510.615640,1.755362e+00,-1140.138454,589.289160,580.732720,1.124,0.397,0.054
3415,3.415000,744236.203561,-198670.852821,545565.350741,1.755438e+00,-1140.138473,589.289183,580.732742,2.215,0.635,0.177
3416,3.416000,744236.203919,-198616.147870,545620.056049,1.755513e+00,-1140.138491,589.289206,580.732763,1.083,0.211,0.052
3417,3.417000,744236.204277,-198561.472697,545674.731581,1.755589e+00,-1140.138510,589.289229,580.732785,1.032,0.245,0.045
3418,3.418000,744236.204635,-198506.827274,545729.377362,1.755665e+00,-1140.138528,589.289252,580.732807,1.033,0.228,0.045
3419,3.419000,744236.204993,-198452.211592,545783.993401,1.755740e+00,-1140.138546,589.289275,580.732828,1.033,0.235,0.054
3420,3.420000,744236.205351,-198397.625633,545838.579719,1.755816e+00,-1140.138565,589.289298,580.732850,1.043,0.243,0.050
3421,3.421000,744236.205709,-198343.069374,545893.136335,1.755892e+00,-1140.138583,589.289322,580.732871,1.837,0.292,0.229
3422,3.422000,744236.206067,-198288.542803,545947.663264,1.755967e+00,-1140.138602,589.289345,580.732893,1.431,0.289,0.045
3423,3.423000,744236.206425,-198234.045903,546002.160522,1.756043e+00,-1140.138620,589.289368,580.732915,1.111,0.553,0.043
3424,3.424000,744236.206783,-198179.578654,546056.628128,1.756118e+00,-1140.138639,589.289391,580.732937,1.124,1.647,0.045
3425,3.425000,744236.207141,-198125.141042,546111.066099,1.756193e+00,-1140.138657,589.289414,580.732959,3.201,0.507,0.145
3426,3.426000,744236.207498,-198070.733043,546165.474456,1.756269e+00,-1140.138676,589.289437,580.732980,1.112,0.239,0.063
3427,3.427000,744236.207856,-198016.354640,546219.853216,1.756344e+00,-1140.138694,589.289460,580.733002,1.083,0.238,0.060
3428,3.428000,744236.208214,-197962.005813,546274.202401,1.756419e+00,-1140.138713,589.289483,580.733024,1.195,0.267,0.057
3429,3.429000,744236.208572,-197907.686542,546328.522030,1.756494e+00,-1140.138731,589.289506,580.733046,1.060,0.227,0.051
3430,3.430000,744236.208930,-197853.396815,546382.812116,1.756570e+00,-1140.138750,589.289529,580.733068,1.092,0.235,0.054
3431,3.431000,744236.209288,-197799.136600,546437.072688,1.756645e+00,-1140.138768,589.289552,580.733090,1.195,0.229,0.046
3432,3.432000,744236.209646,-197744.905887,546491.303759,1.756720e+00,-1140.138786,589.289575,580.733112,1.098,0.746,0.052
3433,3.433000,744236.210004,-197690.704650,546545.505354,1.756795e+00,-1140.138805,589.289598,580.733133,1.235,0.308,0.048
3434,3.434000,744236.210362,-197636.532871,546599.677491,1.756870e+00,-1140.138823,589.289621,580.733155,1.086,0.207,0.038
3435,3.435000,744236.210720,-197582.390527,546653.820192,1.756945e+00,-1140.138841,589.289644,580.733177,1.100,0.226,0.059
3436,3.436000,744236.211078,-197528.277597,546707.933481,1.757020e+00,-1140.138860,589.289667,580.733199,1.046,0.264,0.049
3437,3.437000,744236.211436,-197474.194064,546762.017371,1.757095e+00,-1140.138878,589.289690,580.733221,1.108,0.325,0.057
3438,3.438000,744236.211793,-197420.139904,546816.071889,1.757170e+00,-1140.138897,589.289712,580.733243,1.103,0.205,0.057
3439,3.439000,744236.212151,-197366.115092,546870.097059,1.757244e+00,-1140.138915,589.289735,580.733265,1.083,0.237,0.051
3440,3.440000,744236.212509,-197312.119610,546924.092899,1.757319e+00,-1140.138933,589.289758,580.733286,1.078,0.894,0.049
3441,3.441000,744236.212867,-197258.153436,546978.059431,1.757394e+00,-1140.138952,589.289781,580.733308,1.204,0.606,0.051
3442,3.442000,744236.213223,-197204.216552,547031.996671,1.757469e+00,-1140.138970,589.289804,580.733330,1.070,0.228,0.046
3443,3.443000,744236.213567,-197150.308930,547085.904636,1.757543e+00,-1140.138988,589.289827,580.733350,1.078,0.216,0.048
3444,3.444000,744236.213901,-197096.430547,547139.783353,1.757618e+00,-1140.139007,589.289850,580.733369,1.081,0.523,0.050
3445,3.445000,744236.214234,-197042.581380,547193.632854,1.757692e+00,-1140.139025,589.289873,580.733388,1.044,0.516,0.058
3446,3.446000,744236.214568,-196988.761406,547247.453162,1.757767e+00,-1140.139044,589.289895,580.733407,36.132,1.047,0.049
3447,3.447000,744236.214901,-196934.970601,547301.244300,1.757841e+00,-1140.139062,589.289918,580.733427,4.249,1.360,0.067
3448,3.448000,744236.215235,-196881.208941,547355.006293,1.757916e+00,-1140.139080,589.289940,580.733446,1.302,0.341,0.067
3449,3.449000,744236.215568,-196827.476404,547408.739164,1.757990e+00,-1140.139099,589.289963,580.733465,1.038,0.793,0.054
3450,3.450000,744236.215902,-196773.772964,547462.442938,1.758065e+00,-1140.139117,589.289985,580.733484,1.172,0.264,0.066
3451,3.451000,744236.216232,-196720.098597,547516.117635,1.758139e+00,-1140.139136,589.290008,580.733503,1.134,0.246,0.063
3452,3.452000,744236.216559,-196666.453285,547569.763274,1.758213e+00,-1140.139154,589.290031,580.733521,2.454,13.779,12.959
3453,3.453000,744236.216886,-196612.836999,547623.379887,1.758287e+00,-1140.139173,589.290053,580.733539,1.237,0.277,0.061
3454,3.454000,744236.217213,-196559.249715,547676.967498,1.758362e+00,-1140.139191,589.290076,580.733557,1.100,0.261,0.051
3455,3.455000,744236.217540,-196505.691411,547730.526129,1.758436e+00,-1140.139209,589.290098,580.733575,0.996,0.247,0.053
3456,3.456000,744236.217868,-196452.162058,547784.055809,1.758510e+00,-1140.139228,589.290121,580.733593,1.099,0.233,0.052
3457,3.457000,744236.218195,-196398.661634,547837.556560,1.758584e+00,-1140.139246,589.290143,580.733612,1.077,23.736,0.042
3458,3.458000,744236.218522,-196345.190115,547891.028407,1.758658e+00,-1140.139265,589.290166,580.733630,1.091,2.108,0.051
3459,3.459000,744236.218849,-196291.747473,547944.471377,1.758732e+00,-1140.139283,589.290188,580.733648,1.082,0.211,0.042
3460,3.460000,744236.219176,-196238.333688,547997.885488,1.758806e+00,-1140.139301,589.290211,580.733666,1.144,0.698,0.044
3461,3.461000,744236.219502,-196184.948729,548051.270772,1.758880e+00,-1140.139320,589.290233,580.733683,1.087,0.236,0.055
3462,3.462000,744236.219828,-196131.592577,548104.627250,1.758954e+00,-1140.139338,589.290256,580.733701,1.033,0.228,0.052
3463,3.463000,744236.220153,-196078.265208,548157.954946,1.759028e+00,-1140.139356,589.290278,580.733718,1.085,0.234,0.049
3464,3.464000,744236.220479,-196024.966592,548211.253887,1.759101e+00,-1140.139375,589.290301,580.733736,1.049,0.261,0.050
3465,3.465000,744236.220805,-195971.696705,548264.524100,1.759175e+00,-1140.139393,589.290323,580.733753,1.087,0.221,0.052
3466,3.466000,744236.221131,-195918.455520,548317.765611,1.759249e+00,-1140.139411,589.290346,580.733770,1.071,0.256,0.050
3467,3.467000,744236.221456,-195865.243016,548370.978441,1.759323e+00,-1140.139430,589.290368,580.733788,1.060,0.424,0.049
3468,3.468000,744236.221782,-195812.059165,548424.162617,1.759396e+00,-1140.139448,589.290391,580.733805,1.217,0.238,0.052
3469,3.469000,744236.222108,-195758.903947,548477.318161,1.759470e+00,-1140.139466,589.290413,580.733822,1.165,0.243,0.045
3470,3.470000,744236.222434,-195705.777346,548530.445087,1.759543e+00,-1140.139484,589.290436,580.733839,1.314,0.318,0.063
3471,3.471000,744236.222759,-195652.679317,548583.543442,1.759617e+00,-1140.139502,589.290458,580.733857,1.986,0.342,0.064
3472,3.472000,744236.223085,-195599.609845,548636.613240,1.759690e+00,-1140.139521,589.290480,580.733874,1.096,0.272,0.049
3473,3.473000,744236.223411,-195546.568908,548689.654503,1.759764e+00,-1140.139539,589.290503,580.733891,1.075,0.213,0.050
3474,3.474000,744236.223736,-195493.556484,548742.667252,1.759837e+00,-1140.139557,589.290525,580.733909,1.084,2.120,0.042
3475,3.475000,744236.224062,-195440.572545,548795.651517,1.759911e+00,-1140.139575,589.290547,580.733926,1.242,0.241,0.084
3476,3.476000,744236.224387,-195387.617072,548848.607315,1.759984e+00,-1140.139592,589.290569,580.733943,1.069,0.665,0.039
3477,3.477000,744236.224712,-195334.690033,548901.534680,1.760057e+00,-1140.139610,589.290592,580.733961,1.061,0.838,0.046
3478,3.478000,744236.225038,-195281.791409,548954.433629,1.760131e+00,-1140.139628,589.290614,580.733978,1.213,0.249,0.051
3479,3.479000,744236.225363,-195228.921177,549007.304186,1.760204e+00,-1140.139646,589.290636,580.733995,1.079,0.214,0.044
3480,3.480000,744236.225688,-195176.079310,549060.146378,1.760277e+00,-1140.139664,589.290658,580.734013,1.100,0.213,0.048
3481,3.481000,744236.226013,-195123.265787,549112.960226,1.760350e+00,-1140.139682,589.290680,580.734030,1.133,0.210,0.048
3482,3.482000,744236.226339,-195070.480590,549165.745749,1.760423e+00,-1140.139699,589.290702,580.734048,1.106,0.211,0.045
3483,3.483000,744236.226664,-195017.723692,549218.502972,1.760496e+00,-1140.139717,589.290724,580.734065,1.281,0.496,0.048
3484,3.484000,744236.226989,-194964.995068,549271.231921,1.760569e+00,-1140.139735,589.290746,580.734082,1.299,0.251,0.051
3485,3.485000,744236.227314,-194912.294698,549323.932616,1.760642e+00,-1140.139753,589.290768,580.734100,1.290,0.256,0.056
3486,3.486000,744236.227639,-194859.622561,549376.605079,1.760715e+00,-1140.139771,589.290791,580.734117,2.171,0.211,0.130
3487,3.487000,744236.227965,-194806.978630,549429.249334,1.760788e+00,-1140.139788,589.290813,580.734134,1.108,0.223,0.074
3488,3.488000,744236.228290,-194754.362884,549481.865406,1.760861e+00,-1140.139806,589.290835,580.734152,1.084,0.877,0.049
3489,3.489000,744236.228615,-194701.775305,549534.453310,1.760934e+00,-1140.139824,589.290857,580.734169,1.079,0.379,0.047
3490,3.490000,744236.228940,-194649.215868,549587.013072,1.761006e+00,-1140.139842,589.290879,580.734186,1.143,0.217,0.047
3491,3.491000,744236.229265,-194596.684555,549639.544710,1.761079e+00,-1140.139860,589.290901,580.734203,1.071,0.527,0.043
3492,3.492000,744236.229590,-194544.181345,549692.048245,1.761152e+00,-1140.139878,589.290922,580.734220,1.110,0.213,0.053
3493,3.493000,744236.229915,-194491.706221,549744.523694,1.761225e+00,-1140.139895,589.290944,580.734237,1.113,3.403,0.050
3494,3.494000,744236.230240,-194439.259156,549796.971084,1.761297e+00,-1140.139913,589.290966,580.734254,3.446,0.651,0.124
3495,3.495000,744236.230565,-194386.840134,549849.390430,1.761370e+00,-1140.139931,589.290987,580.734271,1.050,0.550,0.045
3496,3.496000,744236.230889,-194334.449132,549901.781757,1.761442e+00,-1140.139949,589.291009,580.734288,1.065,0.429,0.044
3497,3.497000,744236.231224,-194282.086129,549954.145095,1.761515e+00,-1140.139968,589.291031,580.734305,1.091,0.209,0.049
3498,3.498000,744236.231570,-194229.751107,550006.480463,1.761587e+00,-1140.139988,589.291052,580.734322,1.272,0.646,0.058
3499,3.499000,744236.231915,-194177.444048,550058.787867,1.761660e+00,-1140.140008,589.291073,580.734339,1.116,1.431,0.049
3500,3.500000,744236.232260,-194125.164929,550111.067331,1.761732e+00,-1140.140027,589.291095,580.734356,1.176,0.523,0.056
3501,3.501000,744236.232606,-194072.913739,550163.318867,1.761804e+00,-1140.140047,589.291116,580.734373,1.210,0.245,0.053
3502,3.502000,744236.232951,-194020.690456,550215.542495,1.761877e+00,-1140.140067,589.291138,580.734390,1.077,0.237,0.045
3503,3.503000,744236.233296,-193968.495063,550267.738234,1.761949e+00,-1140.140087,589.291159,580.734407,1.168,0.221,0.049
3504,3.504000,744236.233641,-193916.327536,550319.906105,1.762021e+00,-1140.140106,589.291180,580.734424,1.126,0.855,0.048
3505,3.505000,744236.233987,-193864.187860,550372.046127,1.762093e+00,-1140.140126,589.291202,580.734441,1.080,0.530,0.042
3506,3.506000,744236.234332,-193812.076020,550424.158312,1.762166e+00,-1140.140146,589.291222,580.734458,1.179,0.228,0.056
3507,3.507000,744236.234677,-193759.992001,550476.242676,1.762238e+00,-1140.140166,589.291243,580.734475,1.103,0.229,0.052
3508,3.508000,744236.235022,-193707.935786,550528.299236,1.762310e+00,-1140.140185,589.291264,580.734492,1.094,3.512,0.048
3509,3.509000,744236.235366,-193655.907355,550580.328011,1.762382e+00,-1140.140205,589.291285,580.734509,1.052,0.226,0.044
3510,3.510000,744236.235711,-193603.906693,550632.329018,1.762454e+00,-1140.140225,589.291306,580.734526,1.074,0.454,0.051
3511,3.511000,744236.236056,-193551.933783,550684.302273,1.762526e+00,-1140.140245,589.291326,580.734543,1.073,3.317,0.046
3512,3.512000,744236.236401,-193499.988607,550736.247794,1.762598e+00,-1140.140264,589.291347,580.734560,1.215,0.447,0.052
3513,3.513000,744236.236746,-193448.071145,550788.165601,1.762670e+00,-1140.140284,589.291368,580.734577,1.235,0.289,0.059
3514,3.514000,744236.237091,-193396.181387,550840.055704,1.762742e+00,-1140.140304,589.291389,580.734594,1.301,0.269,0.061
3515,3.515000,744236.237436,-193344.319314,550891.918121,1.762813e+00,-1140.140323,589.291409,580.734611,1.153,0.249,0.052
3516,3.516000,744236.237780,-193292.484914,550943.752867,1.762885e+00,-1140.140343,589.291430,580.734628,1.349,1.357,0.936
3517,3.517000,744236.238125,-193240.678168,550995.559957,1.762957e+00,-1140.140363,589.291450,580.734646,1.211,0.546,0.050
3518,3.518000,744236.238470,-193188.899063,551047.339407,1.763029e+00,-1140.140382,589.291471,580.734663,1.132,0.402,0.061
3519,3.519000,744236.238814,-193137.147590,551099.091224,1.763100e+00,-1140.140402,589.291491,580.734680,1.265,0.285,0.052
3520,3.520000,744236.239158,-193085.423727,551150.815432,1.763172e+00,-1140.140421,589.291512,580.734697,1.137,0.984,0.053
3521,3.521000,744236.239503,-193033.727461,551202.512041,1.763243e+00,-1140.140441,589.291532,580.734714,1.055,16.771,0.043
3522,3.522000,744236.239847,-192982.058778,551254.181069,1.763315e+00,-1140.140460,589.291552,580.734731,2.929,0.413,0.045
3523,3.523000,744236.240191,-192930.417662,551305.822529,1.763386e+00,-1140.140480,589.291573,580.734748,1.058,0.213,0.047
3524,3.524000,744236.240536,-192878.804099,551357.436436,1.763458e+00,-1140.140499,589.291593,580.734766,1.109,1.274,0.044
3525,3.525000,744236.240880,-192827.218077,551409.022803,1.763529e+00,-1140.140519,589.291613,580.734783,5.171,0.740,0.117
3526,3.526000,744236.241224,-192775.659580,551460.581645,1.763601e+00,-1140.140538,589.291634,580.734800,3.442,0.381,0.086
3527,3.527000,744236.241569,-192724.128587,551512.112982,1.763672e+00,-1140.140558,589.291654,580.734817,1.036,0.193,0.049
3528,3.528000,744236.241913,-192672.625090,551563.616823,1.763743e+00,-1140.140577,589.291674,580.734834,1.088,0.208,0.052
3529,3.529000,744236.242258,-192621.149071,551615.093187,1.763815e+00,-1140.140597,589.291694,580.734851,1.104,0.368,0.042
3530,3.530000,744236.242603,-192569.700518,551666.542084,1.763886e+00,-1140.140616,589.291715,580.734868,1.084,0.437,0.051
3531,3.531000,744236.242936,-192518.279419,551717.963517,1.763957e+00,-1140.140629,589.291726,580.734887,1.112,0.403,0.056
3532,3.532000,744236.243259,-192466.885753,551769.357506,1.764028e+00,-1140.140636,589.291728,580.734909,2.752,0.461,0.057
3533,3.533000,744236.243581,-192415.519509,551820.724072,1.764099e+00,-1140.140642,589.291730,580.734931,1.301,0.225,0.053
3534,3.534000,744236.243904,-192364.180672,551872.063232,1.764171e+00,-1140.140649,589.291733,580.734953,1.173,0.566,0.058
3535,3.535000,744236.244226,-192312.869228,551923.374998,1.764242e+00,-1140.140655,589.291735,580.734975,1.183,0.230,0.054
3536,3.536000,744236.244548,-192261.585167,551974.659381,1.764313e+00,-1140.140662,589.291737,580.734996,1.115,0.309,0.047
3537,3.537000,744236.244869,-192210.328468,552025.916401,1.764384e+00,-1140.140668,589.291739,580.735017,1.311,0.257,0.053
3538,3.538000,744236.245191,-192159.099119,552077.146072,1.764455e+00,-1140.140674,589.291741,580.735039,1.089,0.217,0.050
3539,3.539000,744236.245513,-192107.897105,552128.348407,1.764525e+00,-1140.140681,589.291743,580.735060,1.122,0.215,0.043
3540,3.540000,744236.245834,-192056.722406,552179.523428,1.764596e+00,-1140.140687,589.291745,580.735082,1.283,0.293,0.052
3541,3.541000,744236.246123,-192005.575009,552230.671114,1.764667e+00,-1140.140707,589.291745,580.735095,1.059,0.622,0.047
3542,3.542000,744236.246379,-191954.454901,552281.791477,1.764738e+00,-1140.140740,589.291743,580.735101,1.120,0.329,0.054
3543,3.543000,744236.246634,-191903.362066,552332.884568,1.764809e+00,-1140.140774,589.291741,580.735108,1.067,0.243,0.050
3544,3.544000,744236.246889,-191852.296484,552383.950405,1.764879e+00,-1140.140807,589.291739,580.735114,1.195,0.316,0.057
3545,3.545000,744236.247144,-191801.258139,552434.989005,1.764950e+00,-1140.140840,589.291736,580.735120,1.079,0.718,0.052
3546,3.546000,744236.247399,-191750.247016,552486.000383,1.765021e+00,-1140.140873,589.291734,580.735126,1.101,0.208,0.051
3547,3.547000,744236.247654,-191699.263100,552536.984554,1.765091e+00,-1140.140907,589.291732,580.735133,1.073,0.557,0.797
3548,3.548000,744236.247909,-191648.306373,552587.941535,1.765162e+00,-1140.140940,589.291730,580.735139,4.824,0.708,0.109
3549,3.549000,744236.248164,-191597.376821,552638.871343,1.765232e+00,-1140.140973,589.291728,580.735145,1.240,0.649,0.057
3550,3.550000,744236.248419,-191546.474415,552689.774004,1.765303e+00,-1140.141006,589.291726,580.735152,1.203,0.731,0.054
3551,3.551000,744236.248674,-191495.599152,552740.649522,1.765373e+00,-1140.141040,589.291724,580.735158,1.082,0.456,0.046
3552,3.552000,744236.248930,-191444.751015,552791.497915,1.765444e+00,-1140.141073,589.291722,580.735164,1.112,0.257,0.057
3553,3.553000,744236.249185,-191393.929982,552842.319203,1.765514e+00,-1140.141106,589.291720,580.735170,1.063,0.674,0.045
3554,3.554000,744236.249440,-191343.136033,552893.113407,1.765584e+00,-1140.141139,589.291718,580.735177,1.107,0.210,0.042
3555,3.555000,744236.249696,-191292.369152,552943.880543,1.765655e+00,-1140.141173,589.291716,580.735183,1.655,0.229,0.120
3556,3.556000,744236.249951,-191241.629322,552994.620629,1.765725e+00,-1140.141206,589.291713,580.735190,1.112,4.111,0.051
3557,3.557000,744236.250207,-191190.916523,553045.333684,1.765795e+00,-1140.141239,589.291711,580.735196,1.076,17.309,0.039
3558,3.558000,744236.250463,-191140.230734,553096.019729,1.765865e+00,-1140.141272,589.291709,580.735203,1.169,1.005,0.068
3559,3.559000,744236.250719,-191089.571936,553146.678783,1.765935e+00,-1140.141305,589.291707,580.735209,1.213,0.259,0.063
3560,3.560000,744236.250976,-191038.940112,553197.310864,1.766006e+00,-1140.141339,589.291705,580.735216,1.125,0.218,0.060
3561,3.561000,744236.251233,-190988.335244,553247.915989,1.766076e+00,-1140.141372,589.291703,580.735224,1.034,0.199,0.041
3562,3.562000,744236.251490,-190937.757309,553298.494181,1.766146e+00,-1140.141405,589.291701,580.735231,1.052,0.235,0.052
3563,3.563000,744236.251747,-190887.206289,553349.045458,1.766216e+00,-1140.141438,589.291699,580.735238,1.143,25.295,0.042
3564,3.564000,744236.252004,-190836.682165,553399.569840,1.766286e+00,-1140.141471,589.291697,580.735245,1.081,1.451,0.049
3565,3.565000,744236.252261,-190786.184919,553450.067342,1.766356e+00,-1140.141505,589.291694,580.735252,1.510,1.018,0.053
3566,3.566000,744236.252518,-190735.714532,553500.537986,1.766425e+00,-1140.141538,589.291692,580.735259,1.212,0.466,0.047
3567,3.567000,744236.252775,-190685.270981,553550.981794,1.766495e+00,-1140.141571,589.291690,580.735266,1.123,0.208,0.050
3568,3.568000,744236.253032,-190634.854244,553601.398788,1.766565e+00,-1140.141604,589.291688,580.735273,1.113,1.867,0.043
3569,3.569000,744236.253289,-190584.464301,553651.788988,1.766635e+00,-1140.141637,589.291685,580.735279,1.081,0.373,0.057
3570,3.570000,744236.253546,-190534.101132,553702.152414,1.766705e+00,-1140.141670,589.291683,580.735286,1.113,0.443,0.053
3571,3.571000,744236.253803,-190483.764715,553752.489088,1.766774e+00,-1140.141704,589.291681,580.735293,1.174,1.812,0.044
3572,3.572000,744236.254060,-190433.455028,553802.799032,1.766844e+00,-1140.141737,589.291679,580.735300,1.095,1.769,0.051
3573,3.573000,744236.254318,-190383.172049,553853.082268,1.766914e+00,-1140.141770,589.291677,580.735306,1.060,0.402,0.051
3574,3.574000,744236.254575,-190332.915758,553903.338817,1.766983e+00,-1140.141803,589.291674,580.735313,1.128,0.250,0.058
3575,3.575000,744236.254832,-190282.686122,553953.568710,1.767053e+00,-1140.141836,589.291672,580.735320,1.121,0.253,0.055
3576,3.576000,744236.255089,-190232.483130,554003.771960,1.767122e+00,-1140.141869,589.291670,580.735327,1.836,0.303,0.071
3577,3.577000,744236.255347,-190182.306759,554053.948588,1.767192e+00,-1140.141902,589.291668,580.735333,1.123,0.210,0.055
3578,3.578000,744236.255604,-190132.156988,554104.098616,1.767261e+00,-1140.141935,589.291665,580.735340,1.100,0.229,0.114
3579,3.579000,744236.255862,-190082.033794,554154.222068,1.767331e+00,-1140.141968,589.291663,580.735347,1.160,0.461,0.058
3580,3.580000,744236.256120,-190031.937155,554204.318965,1.767400e+00,-1140.142000,589.291661,580.735354,1.156,0.246,0.051
3581,3.581000,744236.256378,-189981.867043,554254.389334,1.767469e+00,-1140.142033,589.291659,580.735361,1.205,0.241,0.063
3582,3.582000,744236.256636,-189931.823437,554304.433198,1.767539e+00,-1140.142066,589.291657,580.735368,1.174,0.255,0.055
3583,3.583000,744236.256893,-189881.806312,554354.450581,1.767608e+00,-1140.142099,589.291654,580.735374,1.233,0.272,0.051
3584,3.584000,744236.257151,-189831.815649,554404.441502,1.767677e+00,-1140.142131,589.291652,580.735381,2.526,2.567,0.106
3585,3.585000,744236.257410,-189781.851424,554454.405986,1.767746e+00,-1140.142164,589.291650,580.735388,1.182,0.223,0.045
3586,3.586000,744236.257668,-189731.913616,554504.344052,1.767815e+00,-1140.142197,589.291648,580.735395,1.105,0.239,0.059
3587,3.587000,744236.257927,-189682.002202,554554.255724,1.767885e+00,-1140.142230,589.291646,580.735402,2.520,8.508,0.063
3588,3.588000,744236.258185,-189632.117159,554604.141027,1.767954e+00,-1140.142262,589.291644,580.735409,1.081,0.586,0.042
3589,3.589000,744236.258443,-189582.258458,554653.999985,1.768023e+00,-1140.142295,589.291642,580.735416,1.156,0.457,0.057
3590,3.590000,744236.258700,-189532.426078,554703.832622,1.768092e+00,-1140.142328,589.291639,580.735422,4.643,0.751,0.058
3591,3.591000,744236.258959,-189482.619994,554753.638965,1.768161e+00,-1140.142360,589.291637,580.735429,1.119,0.226,0.052
3592,3.592000,744236.259218,-189432.840186,554803.419032,1.768230e+00,-1140.142393,589.291635,580.735436,1.219,4.277,0.048
3593,3.593000,744236.259477,-189383.086636,554853.172841,1.768298e+00,-1140.142425,589.291633,580.735443,1.076,0.236,0.054
3594,3.594000,744236.259736,-189333.359308,554902.900428,1.768367e+00,-1140.142458,589.291631,580.735450,1.183,0.277,0.081
3595,3.595000,744236.259995,-189283.658183,554952.601812,1.768436e+00,-1140.142491,589.291629,580.735456,2.714,0.466,0.062
3596,3.596000,744236.260254,-189233.983247,555002.277007,1.768505e+00,-1140.142523,589.291627,580.735463,1.200,3.472,0.051
3597,3.597000,744236.260513,-189184.334468,555051.926045,1.768574e+00,-1140.142556,589.291625,580.735470,1.117,0.214,0.041
3598,3.598000,744236.260772,-189134.711818,555101.548954,1.768642e+00,-1140.142589,589.291623,580.735477,1.087,0.204,0.045
3599,3.599000,744236.261031,-189085.115279,555151.145752,1.768711e+00,-1140.142621,589.291621,580.735484,1.098,0.242,0.051
3600,3.600000,744236.261290,-189035.544823,555200.716466,1.768780e+00,-1140.142654,589.291619,580.735490,1.134,0.208,0.049
3601,3.601000,744236.261548,-188986.000428,555250.261120,1.768848e+00,-1140.142687,589.291617,580.735497,1.095,0.490,0.052
3602,3.602000,744236.261807,-188936.482069,555299.779738,1.768917e+00,-1140.142719,589.291615,580.735503,1.098,0.668,0.050
3603,3.603000,744236.262065,-188886.989724,555349.272341,1.768985e+00,-1140.142752,589.291613,580.735510,4.755,2.859,0.046
3604,3.604000,744236.262324,-188837.523364,555398.738960,1.769054e+00,-1140.142784,589.291611,580.735517,1.182,0.228,0.046
3605,3.605000,744236.262582,-188788.082969,555448.179614,1.769122e+00,-1140.142817,589.291609,580.735523,1.613,0.909,0.057
3606,3.606000,744236.262841,-188738.668513,555497.594328,1.769191e+00,-1140.142849,589.291607,580.735530,1.190,0.277,0.061
3607,3.607000,744236.263099,-188689.279971,555546.983128,1.769259e+00,-1140.142882,589.291605,580.735536,1.231,1.060,0.056
3608,3.608000,744236.263358,-188639.917322,555596.346036,1.769327e+00,-1140.142914,589.291603,580.735543,1.091,0.239,0.051
3609,3.609000,744236.263616,-188590.580538,555645.683078,1.769396e+00,-1140.142947,589.291601,580.735550,1.368,0.261,0.065
3610,3.610000,744236.263875,-188541.269596,555694.994278,1.769464e+00,-1140.142979,589.291599,580.735556,1.120,0.364,0.044
3611,3.611000,744236.264133,-188491.984471,555744.279662,1.769532e+00,-1140.143012,589.291597,580.735563,1.156,0.589,0.049
3612,3.612000,744236.264392,-188442.725134,555793.539258,1.769601e+00,-1140.143044,589.291595,580.735569,1.092,0.436,0.045
3613,3.613000,744236.264650,-188393.491563,555842.773087,1.769669e+00,-1140.143077,589.291593,580.735576,1.234,0.207,0.047
3614,3.614000,744236.264908,-188344.283729,555891.981179,1.769737e+00,-1140.143109,589.291591,580.735582,1.070,0.216,0.054
3615,3.615000,744236.265166,-188295.101613,555941.163554,1.769805e+00,-1140.143142,589.291589,580.735589,1.191,0.476,0.060
3616,3.616000,744236.265424,-188245.945184,555990.320240,1.769873e+00,-1140.143174,589.291587,580.735595,1.132,0.253,0.052
3617,3.617000,744236.265682,-188196.814421,556039.451261,1.769941e+00,-1140.143207,589.291585,580.735602,1.316,0.269,0.055
3618,3.618000,744236.265940,-188147.709297,556088.556644,1.770009e+00,-1140.143239,589.291583,580.735608,1.224,0.251,0.108
3619,3.619000,744236.266199,-188098.629778,556137.636421,1.770077e+00,-1140.143271,589.291581,580.735615,1.535,0.566,0.074
3620,3.620000,744236.266457,-188049.575846,556186.690611,1.770145e+00,-1140.143304,589.291579,580.735621,1.088,0.252,0.050
3621,3.621000,744236.266715,-188000.547469,556235.719246,1.770213e+00,-1140.143336,589.291577,580.735627,1.250,3.321,0.049
3622,3.622000,744236.266973,-187951.544623,556284.722350,1.770281e+00,-1140.143369,589.291575,580.735634,1.323,22.906,0.040
3623,3.623000,744236.267231,-187902.567286,556333.699945,1.770348e+00,-1140.143401,589.291573,580.735640,1.162,27.349,0.047
3624,3.624000,744236.267489,-187853.615427,556382.652062,1.770416e+00,-1140.143434,589.291571,580.735647,1.192,0.239,0.053
3625,3.625000,744236.267747,-187804.689025,556431.578722,1.770484e+00,-1140.143466,589.291568,580.735653,1.083,0.209,0.046
3626,3.626000,744236.268005,-187755.788047,556480.479959,1.770552e+00,-1140.143498,589.291566,580.735659,2.790,0.994,0.169
3627,3.627000,744236.268263,-187706.912471,556529.355792,1.770619e+00,-1140.143531,589.291564,580.735666,1.121,0.213,0.105
3628,3.628000,744236.268521,-187658.062268,556578.206253,1.770687e+00,-1140.143563,589.291562,580.735672,1.300,0.214,0.089
3629,3.629000,744236.268779,-187609.237406,556627.031372,1.770755e+00,-1140.143596,589.291560,580.735678,2.610,0.870,0.050
3630,3.630000,744236.269033,-187560.437863,556675.831170,1.770822e+00,-1140.143628,589.291558,580.735683,1.291,0.221,0.066
3631,3.631000,744236.269284,-187511.663608,556724.605676,1.770890e+00,-1140.143661,589.291556,580.735688,1.112,0.217,0.045
3632,3.632000,744236.269534,-187462.914616,556773.354918,1.770957e+00,-1140.143693,589.291554,580.735694,1.149,0.222,0.056
3633,3.633000,744236.269785,-187414.190855,556822.078930,1.771025e+00,-1140.143725,589.291552,580.735699,1.200,0.394,0.051
3634,3.634000,744236.270036,-187365.492302,556870.777734,1.771092e+00,-1140.143758,589.291550,580.735704,1.120,0.204,0.048
3635,3.635000,744236.270287,-187316.818930,556919.451356,1.771160e+00,-1140.143790,589.291547,580.735709,1.119,0.249,0.051
3636,3.636000,744236.270537,-187268.170706,556968.099831,1.771227e+00,-1140.143822,589.291545,580.735714,1.153,0.669,0.047
3637,3.637000,744236.270788,-187219.547604,557016.723184,1.771294e+00,-1140.143855,589.291543,580.735719,1.126,0.350,0.050
3638,3.638000,744236.271039,-187170.949599,557065.321440,1.771362e+00,-1140.143887,589.291541,580.735724,1.190,0.224,0.049
3639,3.639000,744236.271290,-187122.376665,557113.894625,1.771429e+00,-1140.143920,589.291539,580.735730,1.167,1.599,0.058
3640,3.640000,744236.271541,-187073.828768,557162.442773,1.771496e+00,-1140.143952,589.291536,580.735735,1.124,0.234,0.046
3641,3.641000,744236.271792,-187025.305884,557210.965908,1.771563e+00,-1140.143985,589.291534,580.735740,1.323,0.507,0.061
3642,3.642000,744236.272042,-186976.807981,557259.464061,1.771630e+00,-1140.144017,589.291532,580.735745,1.409,0.326,0.052
3643,3.643000,744236.272293,-186928.335030,557307.937263,1.771698e+00,-1140.144049,589.291529,580.735750,1.148,2.880,0.051
3644,3.644000,744236.272543,-186879.887006,557356.385537,1.771765e+00,-1140.144082,589.291527,580.735756,1.266,0.468,0.046
3645,3.645000,744236.272794,-186831.463883,557404.808911,1.771832e+00,-1140.144114,589.291524,580.735761,1.259,0.609,0.049
3646,3.646000,744236.273045,-186783.065629,557453.207416,1.771899e+00,-1140.144147,589.291522,580.735766,1.094,0.204,0.045
3647,3.647000,744236.273295,-186734.692219,557501.581076,1.771966e+00,-1140.144179,589.291519,580.735771,1.060,0.554,0.051
3648,3.648000,744236.273546,-186686.343622,557549.929924,1.772033e+00,-1140.144212,589.291517,580.735776,1.189,0.223,0.055
3649,3.649000,744236.273796,-186638.019812,557598.253984,1.772100e+00,-1140.144244,589.291514,580.735781,1.205,0.256,0.051
3650,3.650000,744236.274045,-186589.720763,557646.553281,1.772166e+00,-1140.144276,589.291512,580.735785,1.311,2.241,0.050
3651,3.651000,744236.274294,-186541.446448,557694.827847,1.772233e+00,-1140.144308,589.291510,580.735790,1.218,1.698,0.041
3652,3.652000,744236.274544,-186493.196839,557743.077705,1.772300e+00,-1140.144340,589.291507,580.735794,1.223,1.147,0.128
3653,3.653000,744236.274793,-186444.971913,557791.302880,1.772367e+00,-1140.144372,589.291505,580.735799,1.148,0.568,0.052
3654,3.654000,744236.275043,-186396.771644,557839.503399,1.772434e+00,-1140.144404,589.291502,580.735804,1.264,0.263,0.050
3655,3.655000,744236.275290,-186348.596004,557887.679286,1.772500e+00,-1140.144435,589.291500,580.735809,1.299,0.247,0.059
3656,3.656000,744236.275536,-186300.444972,557935.830564,1.772567e+00,-1140.144467,589.291497,580.735814,1.183,0.621,0.045
3657,3.657000,744236.275781,-186252.318521,557983.957261,1.772634e+00,-1140.144499,589.291495,580.735820,1.138,0.393,0.053
3658,3.658000,744236.276028,-186204.216624,558032.059404,1.772700e+00,-1140.144530,589.291492,580.735826,1.283,0.566,0.058
3659,3.659000,744236.276275,-186156.139256,558080.137019,1.772767e+00,-1140.144562,589.291489,580.735831,1.114,0.870,0.050
3660,3.660000,744236.276522,-186108.086393,558128.190128,1.772833e+00,-1140.144593,589.291487,580.735837,1.116,0.574,0.052
3661,3.661000,744236.276769,-186060.058011,558176.218757,1.772900e+00,-1140.144624,589.291484,580.735842,1.170,1.218,0.048
3662,3.662000,744236.277016,-186012.054088,558224.222928,1.772966e+00,-1140.144656,589.291481,580.735848,1.122,0.210,0.046
3663,3.663000,744236.277263,-185964.074597,558272.202665,1.773033e+00,-1140.144687,589.291479,580.735854,1.219,0.211,0.054
3664,3.664000,744236.277510,-185916.119520,558320.157990,1.773099e+00,-1140.144718,589.291476,580.735859,1.284,0.262,0.055
3665,3.665000,744236.277757,-185868.188834,558368.088922,1.773165e+00,-1140.144749,589.291473,580.735865,1.104,0.275,0.049
3666,3.666000,744236.278004,-185820.282521,558415.995482,1.773232e+00,-1140.144781,589.291471,580.735870,1.072,0.580,0.042
3667,3.667000,744236.278251,-185772.400558,558463.877693,1.773298e+00,-1140.144812,589.291468,580.735876,1.194,0.256,0.048
3668,3.668000,744236.278498,-185724.542919,558511.735579,1.773364e+00,-1140.144843,589.291466,580.735881,1.216,0.425,0.050
3669,3.669000,744236.278746,-185676.709585,558559.569161,1.773431e+00,-1140.144874,589.291463,580.735887,1.177,0.233,0.055
3670,3.670000,744236.278993,-185628.900539,558607.378454,1.773497e+00,-1140.144906,589.291461,580.735893,1.139,0.295,0.054
3671,3.671000,744236.279240,-185581.115767,558655.163473,1.773563e+00,-1140.144937,589.291458,580.735898,1.079,0.204,0.046
3672,3.672000,744236.279491,-185533.355243,558702.924248,1.773629e+00,-1140.144969,589.291456,580.735904,1.099,0.793,0.036
3673,3.673000,744236.279745,-185485.618951,558750.660794,1.773695e+00,-1140.145001,589.291453,580.735909,1.121,3.356,0.039
3674,3.674000,744236.280000,-185437.906871,558798.373129,1.773761e+00,-1140.145033,589.291451,580.735915,1.201,0.456,0.039
3675,3.675000,744236.280254,-185390.218986,558846.061268,1.773827e+00,-1140.145065,589.291448,580.735921,1.294,0.602,0.046
3676,3.676000,744236.280508,-185342.555276,558893.725232,1.773893e+00,-1140.145097,589.291446,580.735926,1.228,0.345,0.044
3677,3.677000,744236.280763,-185294.915733,558941.365030,1.773959e+00,-1140.145129,589.291443,580.735932,1.381,0.373,0.058
3678,3.678000,744236.281017,-185247.300336,558988.980681,1.774025e+00,-1140.145161,589.291441,580.735937,1.265,0.300,0.053
3679,3.679000,744236.281272,-185199.709068,559036.572204,1.774091e+00,-1140.145193,589.291439,580.735943,1.081,0.654,0.049
3680,3.680000,744236.281526,-185152.141917,559084.139609,1.774157e+00,-1140.145225,589.291436,580.735948,1.181,0.324,0.052
3681,3.681000,744236.281779,-185104.598863,559131.682915,1.774223e+00,-1140.145258,589.291434,580.735953,2.172,0.280,0.064
3682,3.682000,744236.282129,-185057.079895,559179.202233,1.774289e+00,-1140.145285,589.291431,580.735959,1.219,0.254,0.067
3683,3.683000,744236.282576,-185009.584998,559226.697578,1.774354e+00,-1140.145308,589.291429,580.735964,1.150,0.257,0.054
3684,3.684000,744236.283023,-184962.114159,559274.168864,1.774420e+00,-1140.145332,589.291426,580.735970,2.438,0.559,0.141
3685,3.685000,744236.283470,-184914.667365,559321.616105,1.774486e+00,-1140.145355,589.291424,580.735975,1.223,1.582,0.061
3686,3.686000,744236.283918,-184867.244603,559369.039315,1.774551e+00,-1140.145378,589.291422,580.735981,1.187,0.227,0.057
3687,3.687000,744236.284365,-184819.845860,559416.438504,1.774617e+00,-1140.145401,589.291419,580.735986,2.425,0.237,0.070
3688,3.688000,744236.284812,-184772.471127,559463.813685,1.774683e+00,-1140.145425,589.291417,580.735992,1.151,0.467,0.060
3689,3.689000,744236.285260,-184725.120386,559511.164874,1.774748e+00,-1140.145448,589.291415,580.735998,1.167,0.478,0.054
3690,3.690000,744236.285708,-184677.793626,559558.492082,1.774814e+00,-1140.145471,589.291412,580.736003,1.224,0.207,0.052
3691,3.691000,744236.286156,-184630.490833,559605.795323,1.774879e+00,-1140.145494,589.291410,580.736009,1.263,8.536,0.072
3692,3.692000,744236.286604,-184583.211996,559653.074608,1.774945e+00,-1140.145517,589.291407,580.736015,1.078,8.951,0.037
3693,3.693000,744236.287051,-184535.957103,559700.329948,1.775010e+00,-1140.145540,589.291405,580.736021,1.246,0.242,0.067
3694,3.694000,744236.287499,-184488.726144,559747.561355,1.775076e+00,-1140.145563,589.291403,580.736026,1.089,0.240,0.051
3695,3.695000,744236.287947,-184441.519111,559794.768835,1.775141e+00,-1140.145587,589.291400,580.736032,1.179,0.529,0.052
3696,3.696000,744236.288394,-184394.335996,559841.952398,1.775206e+00,-1140.145610,589.291398,580.736038,1.118,0.215,0.052
3697,3.697000,744236.288842,-184347.176780,559889.112062,1.775272e+00,-1140.145633,589.291395,580.736044,1.162,0.229,0.050
3698,3.698000,744236.289290,-184300.041458,559936.247832,1.775337e+00,-1140.145656,589.291393,580.736050,1.115,0.729,0.050
3699,3.699000,744236.289738,-184252.930016,559983.359721,1.775402e+00,-1140.145679,589.291390,580.736056,1.266,2.525,0.051
3700,3.700000,744236.290185,-184205.842447,560030.447739,1.775467e+00,-1140.145702,589.291388,580.736062,1.179,0.724,0.052
3701,3.701000,744236.290633,-184158.778737,560077.511896,1.775533e+00,-1140.145725,589.291385,580.736068,1.125,2.253,0.045
3702,3.702000,744236.291081,-184111.738877,560124.552204,1.775598e+00,-1140.145748,589.291383,580.736074,1.234,0.395,0.062
3703,3.703000,744236.291529,-184064.722860,560171.568669,1.775663e+00,-1140.145771,589.291380,580.736081,1.159,0.498,0.054
3704,3.704000,744236.291976,-184017.730672,560218.561304,1.775728e+00,-1140.145794,589.291378,580.736087,1.169,0.219,0.061
3705,3.705000,744236.292424,-183970.762302,560265.530122,1.775793e+00,-1140.145817,589.291375,580.736093,1.136,0.471,0.045
3706,3.706000,744236.292871,-183923.817743,560312.475129,1.775858e+00,-1140.145840,589.291373,580.736099,1.223,0.259,0.056
3707,3.707000,744236.293319,-183876.896981,560359.396338,1.775923e+00,-1140.145863,589.291370,580.736105,1.178,0.222,0.057
3708,3.708000,744236.293767,-183830.000008,560406.293758,1.775988e+00,-1140.145886,589.291368,580.736111,1.178,0.558,0.055
3709,3.709000,744236.294214,-183783.126811,560453.167403,1.776053e+00,-1140.145909,589.291365,580.736117,1.220,1.854,0.054
3710,3.710000,744236.294662,-183736.277380,560500.017281,1.776118e+00,-1140.145932,589.291363,580.736123,1.119,15.665,0.060
3711,3.711000,744236.295109,-183689.451702,560546.843407,1.776182e+00,-1140.145955,589.291360,580.736129,1.105,4.786,0.053
3712,3.712000,744236.295557,-183642.649768,560593.645788,1.776247e+00,-1140.145978,589.291358,580.736135,1.139,0.354,0.055
3713,3.713000,744236.296003,-183595.871563,560640.424440,1.776312e+00,-1140.146001,589.291355,580.736142,1.079,0.243,0.046
3714,3.714000,744236.296448,-183549.117077,560687.179371,1.776377e+00,-1140.146023,589.291353,580.736148,1.084,0.239,0.052
3715,3.715000,744236.296893,-183502.386299,560733.910594,1.776441e+00,-1140.146046,589.291350,580.736154,1.181,0.220,0.047
3716,3.716000,744236.297339,-183455.679216,560780.618123,1.776506e+00,-1140.146068,589.291348,580.736160,1.043,0.197,0.045
3717,3.717000,744236.297783,-183408.995816,560827.301967,1.776571e+00,-1140.146090,589.291345,580.736167,1.220,0.240,0.053
3718,3.718000,744236.298227,-183362.336091,560873.962136,1.776635e+00,-1140.146112,589.291343,580.736174,1.244,1.008,0.050
3719,3.719000,744236.298671,-183315.700019,560920.598652,1.776700e+00,-1140.146134,589.291341,580.736180,1.096,0.251,0.051
3720,3.720000,744236.299115,-183269.087594,560967.211521,1.776764e+00,-1140.146157,589.291338,580.736187,1.225,0.340,0.049
3721,3.721000,744236.299559,-183222.498804,561013.800755,1.776829e+00,-1140.146179,589.291336,580.736194,1.129,0.217,0.053
3722,3.722000,744236.300003,-183175.933637,561060.366366,1.776893e+00,-1140.146201,589.291333,580.736200,1.090,3.253,0.050
3723,3.723000,744236.300447,-183129.392079,561106.908368,1.776958e+00,-1140.146223,589.291331,580.736207,1.292,0.635,0.045
3724,3.724000,744236.300890,-183082.874114,561153.426777,1.777022e+00,-1140.146245,589.291328,580.736214,1.182,0.715,0.052
3725,3.725000,744236.301333,-183036.379729,561199.921604,1.777087e+00,-1140.146267,589.291326,580.736221,1.187,1.133,0.054
3726,3.726000,744236.301775,-182989.908914,561246.392862,1.777151e+00,-1140.146289,589.291323,580.736228,1.076,0.205,0.045
3727,3.727000,744236.302290,-182943.461650,561292.840641,1.777215e+00,-1140.146302,589.291330,580.736251,1.134,24.004,0.048
3728,3.728000,744236.302878,-182897.037925,561339.264954,1.777280e+00,-1140.146308,589.291345,580.736290,1.092,0.209,0.054
3729,3.729000,744236.303467,-182850.637723,561385.665743,1.777344e+00,-1140.146314,589.291361,580.736329,1.043,0.218,0.041
3730,3.730000,744236.304055,-182804.261032,561432.043023,1.777408e+00,-1140.146320,589.291376,580.736368,1.075,0.210,0.047
3731,3.731000,744236.304643,-182757.907834,561478.396808,1.777472e+00,-1140.146326,589.291392,580.736407,1.145,0.254,0.061
3732,3.732000,744236.305231,-182711.578119,561524.727112,1.777536e+00,-1140.146332,589.291407,580.736446,1.080,0.242,0.053
3733,3.733000,744236.305818,-182665.271868,561571.033951,1.777601e+00,-1140.146338,589.291422,580.736486,1.105,0.516,0.044
3734,3.734000,744236.306406,-182618.989064,561617.317342,1.777665e+00,-1140.146344,589.291438,580.736525,1.179,0.971,0.044
3735,3.735000,744236.306994,-182572.729691,561663.577303,1.777729e+00,-1140.146350,589.291453,580.736564,1.124,0.752,0.050
3736,3.736000,744236.307581,-182526.493740,561709.813842,1.777793e+00,-1140.146356,589.291468,580.736603,1.242,1.334,0.056
3737,3.737000,744236.308169,-182480.281195,561756.026974,1.777857e+00,-1140.146362,589.291483,580.736642,1.147,0.574,0.056
3738,3.738000,744236.308757,-182434.092036,561802.216720,1.777921e+00,-1140.146368,589.291498,580.736682,1.127,0.415,0.052
3739,3.739000,744236.309344,-182387.926253,561848.383090,1.777985e+00,-1140.146374,589.291513,580.736721,1.178,0.455,0.051
3740,3.740000,744236.309930,-182341.783824,561894.526106,1.778049e+00,-1140.146379,589.291529,580.736760,1.235,0.712,0.057
3741,3.741000,744236.310516,-182295.664733,561940.645783,1.778112e+00,-1140.146385,589.291544,580.736799,1.082,1.763,0.044
3742,3.742000,744236.311103,-182249.568963,561986.742141,1.778176e+00,-1140.146391,589.291559,580.736838,1.183,0.450,0.049
3743,3.743000,744236.311690,-182203.496494,562032.815196,1.778240e+00,-1140.146396,589.291574,580.736877,1.241,0.211,0.049
3744,3.744000,744236.312277,-182157.447310,562078.864967,1.778304e+00,-1140.146402,589.291589,580.736916,6.830,0.719,0.050
3745,3.745000,744236.312864,-182111.421395,562124.891468,1.778367e+00,-1140.146408,589.291604,580.736955,1.127,1.487,0.044
3746,3.746000,744236.313450,-182065.418729,562170.894721,1.778431e+00,-1140.146413,589.291619,580.736994,1.140,0.793,0.098
3747,3.747000,744236.314037,-182019.439297,562216.874740,1.778495e+00,-1140.146419,589.291634,580.737033,1.096,0.554,0.048
3748,3.748000,744236.314624,-181973.483085,562262.831539,1.778558e+00,-1140.146425,589.291649,580.737072,1.122,0.627,0.068
3749,3.749000,744236.315211,-181927.550069,562308.765142,1.778622e+00,-1140.146430,589.291664,580.737111,1.081,0.420,0.049
3750,3.750000,744236.315788,-181881.640230,562354.675558,1.778686e+00,-1140.146436,589.291679,580.737149,1.161,0.238,0.046
3751,3.751000,744236.316356,-181835.753555,562400.562801,1.778749e+00,-1140.146442,589.291694,580.737186,1.239,0.435,0.068
3752,3.752000,744236.316924,-181789.890023,562446.426901,1.778813e+00,-1140.146447,589.291709,580.737223,1.131,0.518,0.044
3753,3.753000,744236.317491,-181744.049616,562492.267876,1.778876e+00,-1140.146453,589.291724,580.737260,1.193,0.253,0.047
3754,3.754000,744236.318059,-181698.232315,562538.085744,1.778940e+00,-1140.146458,589.291739,580.737297,1.163,0.233,0.048
3755,3.755000,744236.318627,-181652.438106,562583.880521,1.779003e+00,-1140.146464,589.291754,580.737334,1.655,0.261,0.142
3756,3.756000,744236.319194,-181606.666965,562629.652229,1.779066e+00,-1140.146470,589.291770,580.737370,1.104,0.246,0.055
3757,3.757000,744236.319762,-181560.918878,562675.400884,1.779130e+00,-1140.146475,589.291785,580.737407,1.046,0.234,0.052
3758,3.758000,744236.320329,-181515.193820,562721.126509,1.779193e+00,-1140.146481,589.291800,580.737444,1.151,0.233,0.050
3759,3.759000,744236.320900,-181469.491773,562766.829127,1.779256e+00,-1140.146487,589.291815,580.737481,1.286,0.519,0.079
3760,3.760000,744236.321475,-181423.812726,562812.508749,1.779320e+00,-1140.146494,589.291830,580.737518,1.062,1.195,0.044
3761,3.761000,744236.322050,-181378.156653,562858.165397,1.779383e+00,-1140.146500,589.291845,580.737555,1.074,1.155,0.041
3762,3.762000,744236.322624,-181332.523540,562903.799084,1.779446e+00,-1140.146507,589.291860,580.737592,1.398,0.260,0.064
3763,3.763000,744236.323198,-181286.913367,562949.409831,1.779509e+00,-1140.146514,589.291875,580.737629,1.284,0.284,0.060
3764,3.764000,744236.323772,-181241.326114,562994.997658,1.779572e+00,-1140.146520,589.291890,580.737665,1.115,1.315,0.045
3765,3.765000,744236.324347,-181195.761761,563040.562586,1.779635e+00,-1140.146527,589.291906,580.737700,1.157,0.292,0.055
3766,3.766000,744236.324922,-181150.220285,563086.104637,1.779698e+00,-1140.146533,589.291921,580.737735,1.222,0.682,0.055
3767,3.767000,744236.325496,-181104.701669,563131.623827,1.779762e+00,-1140.146540,589.291936,580.737770,1.466,0.520,0.054
3768,3.768000,744236.326071,-181059.205899,563177.120172,1.779824e+00,-1140.146547,589.291951,580.737805,1.168,0.904,0.124
3769,3.769000,744236.326646,-181013.732954,563222.593692,1.779887e+00,-1140.146553,589.291966,580.737841,1.730,0.266,0.057
3770,3.770000,744236.327220,-180968.282813,563268.044408,1.779950e+00,-1140.146560,589.291981,580.737876,1.355,0.408,0.060
3771,3.771000,744236.327795,-180922.855458,563313.472337,1.780013e+00,-1140.146566,589.291996,580.737911,1.292,0.258,0.066
3772,3.772000,744236.328355,-180877.450871,563358.877484,1.780076e+00,-1140.146573,589.292010,580.737946,2.558,0.277,0.067
3773,3.773000,744236.328901,-180832.069036,563404.259865,1.780139e+00,-1140.146580,589.292024,580.737981,2.725,0.576,0.056
3774,3.774000,744236.329447,-180786.709930,563449.619518,1.780202e+00,-1140.146586,589.292037,580.738016,1.094,0.642,0.067
3775,3.775000,744236.329993,-180741.373538,563494.956456,1.780265e+00,-1140.146593,589.292050,580.738051,1.088,0.230,0.050
3776,3.776000,744236.330539,-180696.059837,563540.270703,1.780327e+00,-1140.146599,589.292063,580.738086,1.061,0.206,0.053
3777,3.777000,744236.331085,-180650.768806,563585.562279,1.780390e+00,-1140.146605,589.292076,580.738121,1.139,0.219,0.045
3778,3.778000,744236.331631,-180605.500430,563630.831201,1.780453e+00,-1140.146612,589.292089,580.738156,1.094,0.497,0.044
3779,3.779000,744236.332177,-180560.254693,563676.077484,1.780515e+00,-1140.146618,589.292103,580.738191,1.090,0.241,0.056
3780,3.780000,744236.332722,-180515.031574,563721.301148,1.780578e+00,-1140.146625,589.292116,580.738226,1.827,0.861,0.121
3781,3.781000,744236.333268,-180469.831057,563766.502211,1.780641e+00,-1140.146631,589.292129,580.738261,1.197,0.308,0.066
3782,3.782000,744236.333814,-180424.653116,563811.680698,1.780703e+00,-1140.146638,589.292142,580.738296,2.276,4.083,0.119
3783,3.783000,744236.334360,-180379.497738,563856.836622,1.780766e+00,-1140.146644,589.292155,580.738331,1.150,0.894,0.056
3784,3.784000,744236.334905,-180334.364904,563901.970002,1.780828e+00,-1140.146651,589.292168,580.738366,1.217,0.244,0.058
3785,3.785000,744236.335451,-180289.254589,563947.080862,1.780891e+00,-1140.146657,589.292181,580.738401,1.206,0.427,0.051
3786,3.786000,744236.335997,-180244.166776,563992.169221,1.780953e+00,-1140.146664,589.292195,580.738435,1.372,0.253,0.056
3787,3.787000,744236.336543,-180199.101451,564037.235091,1.781015e+00,-1140.146670,589.292208,580.738470,2.450,1.514,0.065
3788,3.788000,744236.337089,-180154.058594,564082.278495,1.781078e+00,-1140.146677,589.292221,580.738504,1.449,1.461,0.093
3789,3.789000,744236.337635,-180109.038184,564127.299451,1.781140e+00,-1140.146683,589.292234,580.738539,1.115,0.380,0.052
3790,3.790000,744236.338181,-180064.040202,564172.297979,1.781203e+00,-1140.146690,589.292247,580.738573,1.103,0.222,0.046
3791,3.791000,744236.338727,-180019.064630,564217.274096,1.781265e+00,-1140.146696,589.292260,580.738607,1.070,0.579,0.049
3792,3.792000,744236.339273,-179974.111447,564262.227826,1.781327e+00,-1140.146703,589.292273,580.738642,1.072,0.487,0.049
3793,3.793000,744236.339819,-179929.180632,564307.159187,1.781389e+00,-1140.146709,589.292286,580.738676,1.091,0.242,0.062
3794,3.794000,744236.340365,-179884.272168,564352.068197,1.781451e+00,-1140.146716,589.292299,580.738710,1.084,0.426,0.056
3795,3.795000,744236.340911,-179839.386036,564396.954875,1.781514e+00,-1140.146722,589.292312,580.738745,1.080,0.242,0.051
3796,3.796000,744236.341457,-179794.522210,564441.819247,1.781576e+00,-1140.146729,589.292325,580.738779,1.109,0.260,0.048
3797,3.797000,744236.342003,-179749.680672,564486.661331,1.781638e+00,-1140.146735,589.292338,580.738813,1.188,0.261,0.067
3798,3.798000,744236.342549,-179704.861401,564531.481149,1.781700e+00,-1140.146742,589.292351,580.738848,1.092,0.242,0.053
3799,3.799000,744236.343095,-179660.064376,564576.278719,1.781762e+00,-1140.146748,589.292364,580.738882,1.170,0.250,0.062
3800,3.800000,744236.343641,-179615.289572,564621.054069,1.781824e+00,-1140.146754,589.292377,580.738916,1.071,0.238,0.057
3801,3.801000,744236.344187,-179570.536973,564665.807214,1.781886e+00,-1140.146761,589.292390,580.738951,1.151,0.858,0.043
3802,3.802000,744236.344733,-179525.806547,564710.538186,1.781948e+00,-1140.146767,589.292403,580.738985,1.133,0.697,0.076
3803,3.803000,744236.345278,-179481.098268,564755.247010,1.782010e+00,-1140.146774,589.292416,580.739019,1.106,0.220,0.062
3804,3.804000,744236.345824,-179436.412120,564799.933704,1.782072e+00,-1140.146780,589.292428,580.739054,1.162,9.002,0.052
3805,3.805000,744236.346370,-179391.748077,564844.598293,1.782133e+00,-1140.146787,589.292441,580.739088,1.151,1.477,0.051
3806,3.806000,744236.346917,-179347.106109,564889.240808,1.782195e+00,-1140.146793,589.292454,580.739123,1.061,0.655,0.044
3807,3.807000,744236.347466,-179302.486191,564933.861274,1.782257e+00,-1140.146800,589.292466,580.739157,1.183,0.527,0.048
3808,3.808000,744236.348018,-179257.888294,564978.459723,1.782319e+00,-1140.146807,589.292479,580.739192,1.099,0.234,0.057
3809,3.809000,744236.348570,-179213.312383,565023.036186,1.782381e+00,-1140.146815,589.292492,580.739226,1.188,0.523,0.043
3810,3.810000,744236.349122,-179168.758430,565067.590691,1.782442e+00,-1140.146822,589.292504,580.739261,1.166,0.406,0.046
3811,3.811000,744236.349673,-179124.226404,565112.123270,1.782504e+00,-1140.146830,589.292517,580.739296,1.215,0.235,0.048
3812,3.812000,744236.350225,-179079.716269,565156.633956,1.782566e+00,-1140.146837,589.292530,580.739330,1.180,0.310,0.046
3813,3.813000,744236.350779,-179035.227990,565201.122789,1.782627e+00,-1140.146845,589.292543,580.739365,1.077,0.333,0.055
3814,3.814000,744236.351337,-178990.761531,565245.589807,1.782689e+00,-1140.146853,589.292555,580.739400,1.084,0.523,0.045
3815,3.815000,744236.351895,-178946.316853,565290.035043,1.782750e+00,-1140.146861,589.292568,580.739434,1.066,0.562,0.045
3816,3.816000,744236.352453,-178901.893912,565334.458541,1.782812e+00,-1140.146870,589.292581,580.739469,1.105,0.246,0.053
3817,3.817000,744236.353011,-178857.492667,565378.860344,1.782873e+00,-1140.146878,589.292593,580.739504,1.138,0.214,0.052
3818,3.818000,744236.353569,-178813.113076,565423.240493,1.782935e+00,-1140.146886,589.292606,580.739538,1.107,0.211,0.051
3819,3.819000,744236.354127,-178768.755093,565467.599035,1.782996e+00,-1140.146895,589.292619,580.739573,1.091,0.242,0.051
3820,3.820000,744236.354685,-178724.418670,565511.936016,1.783057e+00,-1140.146903,589.292631,580.739607,1.084,0.486,0.044
3821,3.821000,744236.355243,-178680.103754,565556.251489,1.783119e+00,-1140.146912,589.292644,580.739642,1.077,0.522,0.041
3822,3.822000,744236.355801,-178635.810295,565600.545506,1.783180e+00,-1140.146920,589.292657,580.739677,1.081,12.388,0.064
3823,3.823000,744236.356359,-178591.538236,565644.818124,1.783241e+00,-1140.146928,589.292669,580.739711,1.178,0.242,0.058
3824,3.824000,744236.356917,-178547.287525,565689.069392,1.783303e+00,-1140.146937,589.292682,580.739746,1.166,0.265,0.052
3825,3.825000,744236.357408,-178503.058102,565733.299306,1.783364e+00,-1140.146951,589.292687,580.739765,1.158,0.228,0.058
3826,3.826000,744236.357832,-178458.849908,565777.507924,1.783425e+00,-1140.146971,589.292684,580.739769,1.329,0.321,0.070
3827,3.827000,744236.358257,-178414.662880,565821.695377,1.783486e+00,-1140.146991,589.292681,580.739773,1.151,0.240,0.076
3828,3.828000,744236.358681,-178370.496961,565865.861721,1.783548e+00,-1140.147012,589.292678,580.739776,1.186,16.577,0.086
3829,3.829000,744236.359106,-178326.352080,565910.007026,1.783609e+00,-1140.147032,589.292675,580.739780,1.915,22.250,0.103
3830,3.830000,744236.359530,-178282.228168,565954.131363,1.783670e+00,-1140.147052,589.292673,580.739784,4.530,4.556,0.068
3831,3.831000,744236.359955,-178238.125156,565998.234799,1.783731e+00,-1140.147072,589.292670,580.739787,1.177,0.324,0.061
3832,3.832000,744236.360379,-178194.042976,566042.317403,1.783792e+00,-1140.147092,589.292667,580.739791,1.194,0.287,0.092
3833,3.833000,744236.360804,-178149.981553,566086.379250,1.783853e+00,-1140.147113,589.292664,580.739794,1.860,2.499,0.063
3834,3.834000,744236.361228,-178105.940822,566130.420406,1.783914e+00,-1140.147133,589.292661,580.739798,1.099,0.211,0.047
3835,3.835000,744236.361653,-178061.920703,566174.440949,1.783975e+00,-1140.147153,589.292658,580.739802,2.349,1.028,0.043
3836,3.836000,744236.362077,-178017.921126,566218.440951,1.784036e+00,-1140.147173,589.292654,580.739805,1.158,0.241,0.049
3837,3.837000,744236.362502,-177973.942021,566262.420481,1.784097e+00,-1140.147193,589.292651,580.739809,1.194,0.242,0.047
3838,3.838000,744236.362926,-177929.983305,566306.379621,1.784158e+00,-1140.147214,589.292648,580.739812,2.639,0.821,0.057
3839,3.839000,744236.363350,-177886.044914,566350.318436,1.784218e+00,-1140.147234,589.292645,580.739816,4.668,0.569,0.063
3840,3.840000,744236.363775,-177842.126769,566394.237006,1.784279e+00,-1140.147254,589.292642,580.739820,1.761,0.419,0.063
3841,3.841000,744236.364199,-177798.228801,566438.135398,1.784340e+00,-1140.147274,589.292639,580.739824,1.223,0.561,0.051
3842,3.842000,744236.364623,-177754.350938,566482.013686,1.784401e+00,-1140.147294,589.292635,580.739827,1.158,0.255,0.055
3843,3.843000,744236.365048,-177710.493110,566525.871937,1.784461e+00,-1140.147314,589.292632,580.739831,1.112,0.224,0.059
3844,3.844000,744236.365472,-177666.655255,566569.710217,1.784522e+00,-1140.147334,589.292629,580.739835,1.891,0.503,0.084
3845,3.845000,744236.365897,-177622.837308,566613.528588,1.784583e+00,-1140.147354,589.292626,580.739838,1.360,0.996,0.076
3846,3.846000,744236.366321,-177579.039206,566657.327115,1.784644e+00,-1140.147374,589.292623,580.739842,1.762,1.719,0.069
3847,3.847000,744236.366745,-177535.260889,566701.105857,1.784704e+00,-1140.147394,589.292620,580.739846,33.996,6.333,0.099
3848,3.848000,744236.367170,-177491.502306,566744.864864,1.784765e+00,-1140.147414,589.292616,580.739850,2.165,0.539,0.059
3849,3.849000,744236.367594,-177447.763407,566788.604187,1.784825e+00,-1140.147434,589.292613,580.739853,1.291,0.272,0.073
3850,3.850000,744236.368019,-177404.044147,566832.323872,1.784886e+00,-1140.147454,589.292610,580.739857,1.815,3.757,0.085
3851,3.851000,744236.368443,-177360.344482,566876.023961,1.784946e+00,-1140.147474,589.292607,580.739861,2.186,0.665,0.065
3852,3.852000,744236.368868,-177316.664380,566919.704487,1.785007e+00,-1140.147494,589.292604,580.739865,2.031,0.238,0.132
3853,3.853000,744236.369292,-177273.003806,566963.365486,1.785067e+00,-1140.147514,589.292600,580.739868,1.088,0.217,0.055
3854,3.854000,744236.369717,-177229.362739,567007.006978,1.785128e+00,-1140.147534,589.292597,580.739872,1.227,0.319,0.072
3855,3.855000,744236.370141,-177185.741153,567050.628988,1.785188e+00,-1140.147554,589.292594,580.739876,9.251,81.311,0.090
3856,3.856000,744236.370566,-177142.139036,567094.231530,1.785248e+00,-1140.147573,589.292591,580.739879,1.168,1.452,0.067
3857,3.857000,744236.370990,-177098.556381,567137.814609,1.785309e+00,-1140.147593,589.292587,580.739883,1.565,0.728,0.069
3858,3.858000,744236.371414,-177054.993185,567181.378229,1.785369e+00,-1140.147613,589.292584,580.739887,1.152,0.422,0.069
3859,3.859000,744236.371838,-177011.449459,567224.922379,1.785429e+00,-1140.147633,589.292581,580.739891,1.170,0.255,0.071
3860,3.860000,744236.372262,-176967.925198,567268.447065,1.785490e+00,-1140.147652,589.292578,580.739894,5.541,0.254,0.148
3861,3.861000,744236.372687,-176924.420417,567311.952270,1.785550e+00,-1140.147672,589.292575,580.739898,1.184,0.275,0.069
3862,3.862000,744236.373111,-176880.935134,567355.437977,1.785610e+00,-1140.147692,589.292572,580.739902,1.132,0.258,0.061
3863,3.863000,744236.373534,-176837.469370,567398.904164,1.785670e+00,-1140.147711,589.292569,580.739906,1.654,1.502,1.908
3864,3.864000,744236.373956,-176794.023154,567442.350803,1.785731e+00,-1140.147731,589.292566,580.739910,1.361,0.602,0.063
3865,3.865000,744236.374379,-176750.596512,567485.777867,1.785791e+00,-1140.147750,589.292563,580.739914,2.077,0.262,0.058
3866,3.866000,744236.374801,-176707.189478,567529.185324,1.785851e+00,-1140.147770,589.292560,580.739918,1.038,18.456,0.064
3867,3.867000,744236.375223,-176663.802082,567572.573142,1.785911e+00,-1140.147790,589.292556,580.739922,1.285,0.236,0.056
3868,3.868000,744236.375646,-176620.434361,567615.941285,1.785971e+00,-1140.147809,589.292553,580.739927,1.186,0.226,0.055
3869,3.869000,744236.376068,-176577.086354,567659.289714,1.786031e+00,-1140.147829,589.292550,580.739931,1.048,1.088,0.059
3870,3.870000,744236.376491,-176533.758102,567702.618389,1.786091e+00,-1140.147848,589.292547,580.739935,1.008,19.492,0.053
3871,3.871000,744236.376914,-176490.449646,567745.927268,1.786151e+00,-1140.147868,589.292544,580.739939,1.023,27.900,0.050
3872,3.872000,744236.377296,-176447.161025,567789.216271,1.786211e+00,-1140.147887,589.292539,580.739943,1.784,0.463,0.203
3873,3.873000,744236.377638,-176403.892276,567832.485363,1.786271e+00,-1140.147907,589.292532,580.739947,1.082,0.236,0.062
3874,3.874000,744236.377981,-176360.643448,567875.734533,1.786331e+00,-1140.147926,589.292525,580.739951,2.599,0.314,0.102
3875,3.875000,744236.378323,-176317.414571,567918.963752,1.786390e+00,-1140.147946,589.292518,580.739955,2.464,14.895,0.055
3876,3.876000,744236.378665,-176274.205689,567962.172976,1.786450e+00,-1140.147965,589.292511,580.739959,1.078,0.213,0.069
3877,3.877000,744236.379007,-176231.016835,568005.362172,1.786510e+00,-1140.147985,589.292504,580.739963,8.787,0.566,0.077
3878,3.878000,744236.379349,-176187.848041,568048.531308,1.786570e+00,-1140.148005,589.292497,580.739967,1.346,0.327,0.076
3879,3.879000,744236.379692,-176144.699350,568091.680342,1.786630e+00,-1140.148024,589.292489,580.739971,1.216,0.301,0.068
3880,3.880000,744236.380034,-176101.570789,568134.809245,1.786689e+00,-1140.148044,589.292482,580.739975,1.143,0.217,0.063
3881,3.881000,744236.380376,-176058.462392,568177.917984,1.786749e+00,-1140.148063,589.292475,580.739979,1.221,0.261,0.062
3882,3.882000,744236.380719,-176015.374184,568221.006534,1.786809e+00,-1140.148083,589.292468,580.739983,1.401,0.377,0.081
3883,3.883000,744236.381061,-175972.306192,568264.074869,1.786868e+00,-1140.148102,589.292461,580.739987,1.243,0.280,3.867
3884,3.884000,744236.381403,-175929.258446,568307.122958,1.786928e+00,-1140.148122,589.292453,580.739990,1.148,0.603,0.104
3885,3.885000,744236.381746,-175886.230966,568350.150780,1.786988e+00,-1140.148141,589.292446,580.739994,1.160,14.453,0.071
3886,3.886000,744236.382088,-175843.223773,568393.158315,1.787047e+00,-1140.148160,589.292439,580.739998,1.070,0.202,0.054
3887,3.887000,744236.382431,-175800.236895,568436.145536,1.787107e+00,-1140.148180,589.292431,580.740001,1.032,0.200,0.043
3888,3.888000,744236.382773,-175757.270347,568479.112426,1.787166e+00,-1140.148199,589.292424,580.740005,1.103,0.246,0.060
3889,3.889000,744236.383116,-175714.324146,568522.058969,1.787226e+00,-1140.148219,589.292417,580.740009,14.617,0.481,0.051
3890,3.890000,744236.383458,-175671.398309,568564.985148,1.787285e+00,-1140.148238,589.292409,580.740013,1.900,0.650,0.372
3891,3.891000,744236.383800,-175628.492848,568607.890952,1.787344e+00,-1140.148257,589.292402,580.740017,1.368,0.324,0.058
3892,3.892000,744236.384142,-175585.607778,568650.776363,1.787404e+00,-1140.148277,589.292394,580.740021,1.054,0.234,0.054
3893,3.893000,744236.384484,-175542.743110,568693.641373,1.787463e+00,-1140.148296,589.292387,580.740025,1.145,0.252,0.051
3894,3.894000,744236.384826,-175499.898858,568736.485967,1.787522e+00,-1140.148315,589.292379,580.740029,1.169,0.597,0.060
3895,3.895000,744236.385168,-175457.075031,568779.310137,1.787582e+00,-1140.148334,589.292372,580.740033,1.100,0.234,0.043
3896,3.896000,744236.385510,-175414.271636,568822.113874,1.787641e+00,-1140.148354,589.292365,580.740037,1.783,1.466,0.073
3897,3.897000,744236.385852,-175371.488683,568864.897169,1.787700e+00,-1140.148373,589.292357,580.740041,1.078,0.420,0.114
3898,3.898000,744236.386193,-175328.726175,568907.660018,1.787760e+00,-1140.148392,589.292350,580.740045,1.163,0.238,0.051
3899,3.899000,744236.386535,-175285.984120,568950.402415,1.787819e+00,-1140.148411,589.292343,580.740049,1.055,0.387,0.054
3900,3.900000,744236.386877,-175243.262527,568993.124350,1.787878e+00,-1140.148431,589.292335,580.740053,1.207,0.333,0.059
3901,3.901000,744236.387219,-175200.561395,569035.825825,1.787937e+00,-1140.148450,589.292328,580.740057,1.065,0.577,0.052
3902,3.902000,744236.387561,-175157.880728,569078.506833,1.787996e+00,-1140.148469,589.292321,580.740061,1.206,0.725,0.045
3903,3.903000,744236.387903,-175115.220526,569121.167378,1.788055e+00,-1140.148488,589.292313,580.740065,1.176,0.235,0.053
3904,3.904000,744236.388245,-175072.580789,569163.807456,1.788114e+00,-1140.148507,589.292306,580.740069,1.684,0.887,0.047
3905,3.905000,744236.388587,-175029.961521,569206.427066,1.788173e+00,-1140.148527,589.292299,580.740073,1.163,0.380,0.064
3906,3.906000,744236.388929,-174987.362719,569249.026210,1.788232e+00,-1140.148546,589.292291,580.740077,1.084,0.237,0.059
3907,3.907000,744236.389271,-174944.784379,569291.604892,1.788291e+00,-1140.148565,589.292284,580.740081,1.111,0.240,0.047
3908,3.908000,744236.389613,-174902.226505,569334.163108,1.788350e+00,-1140.148584,589.292277,580.740085,1.414,0.325,0.062
3909,3.909000,744236.389956,-174859.689088,569376.700867,1.788409e+00,-1140.148603,589.292269,580.740089,1.112,0.223,0.063
3910,3.910000,744236.390298,-174817.172134,569419.218164,1.788468e+00,-1140.148622,589.292262,580.740093,2.864,0.538,0.054
3911,3.911000,744236.390640,-174774.675631,569461.715009,1.788527e+00,-1140.148641,589.292255,580.740097,1.062,0.566,0.052
3912,3.912000,744236.390982,-174732.199572,569504.191410,1.788586e+00,-1140.148660,589.292247,580.740101,1.084,0.428,0.049
3913,3.913000,744236.391325,-174689.743953,569546.647372,1.788644e+00,-1140.148679,589.292240,580.740106,1.097,0.258,0.052
3914,3.914000,744236.391667,-174647.308765,569589.082902,1.788703e+00,-1140.148698,589.292233,580.740110,1.115,0.208,0.050
3915,3.915000,744236.392009,-174604.894002,569631.498007,1.788762e+00,-1140.148717,589.292225,580.740114,1.089,0.921,0.058
3916,3.916000,744236.392349,-174562.499660,569673.892688,1.788821e+00,-1140.148736,589.292218,580.740117,1.098,0.494,0.049
3917,3.917000,744236.392686,-174520.125726,569716.266960,1.788879e+00,-1140.148755,589.292211,580.740120,2.079,0.564,0.058
3918,3.918000,744236.393023,-174477.772189,569758.620834,1.788938e+00,-1140.148774,589.292203,580.740123,1.078,0.593,0.047
3919,3.919000,744236.393360,-174435.439042,569800.954318,1.788996e+00,-1140.148793,589.292196,580.740126,1.111,0.925,0.058
3920,3.920000,744236.393697,-174393.126278,569843.267418,1.789055e+00,-1140.148812,589.292189,580.740130,1.130,0.539,0.059
3921,3.921000,744236.394033,-174350.833881,569885.560153,1.789114e+00,-1140.148830,589.292181,580.740133,1.138,0.209,0.052
3922,3.922000,744236.394370,-174308.561840,569927.832530,1.789172e+00,-1140.148849,589.292174,580.740136,1.126,0.731,0.054
3923,3.923000,744236.394707,-174266.310150,569970.084557,1.789231e+00,-1140.148868,589.292167,580.740139,1.169,0.255,0.055
3924,3.924000,744236.395044,-174224.078795,570012.316249,1.789289e+00,-1140.148886,589.292159,580.740142,1.120,0.211,0.051
3925,3.925000,744236.395381,-174181.867758,570054.527623,1.789348e+00,-1140.148905,589.292152,580.740145,1.210,0.383,0.048
3926,3.926000,744236.395718,-174139.677027,570096.718691,1.789406e+00,-1140.148924,589.292145,580.740148,1.129,0.824,0.048
3927,3.927000,744236.396055,-174097.506587,570138.889468,1.789464e+00,-1140.148942,589.292137,580.740151,1.086,0.521,0.050
3928,3.928000,744236.396392,-174055.356428,570181.039964,1.789523e+00,-1140.148961,589.292130,580.740154,1.208,0.237,0.044
3929,3.929000,744236.396729,-174013.226537,570223.170192,1.789581e+00,-1140.148979,589.292123,580.740157,1.107,0.204,0.050
3930,3.930000,744236.397066,-173971.116888,570265.280178,1.789639e+00,-1140.148998,589.292115,580.740161,1.237,0.524,0.051
3931,3.931000,744236.397403,-173929.027473,570307.369930,1.789698e+00,-1140.149017,589.292108,580.740164,1.151,0.234,0.050
3932,3.932000,744236.397739,-173886.958279,570349.439461,1.789756e+00,-1140.149035,589.292101,580.740167,1.188,0.217,0.057
3933,3.933000,744236.398076,-173844.909283,570391.488793,1.789814e+00,-1140.149054,589.292093,580.740170,1.198,0.228,0.054
3934,3.934000,744236.398413,-173802.880483,570433.517931,1.789872e+00,-1140.149072,589.292086,580.740173,1.080,0.640,0.044
3935,3.935000,744236.398750,-173760.871852,570475.526898,1.789931e+00,-1140.149091,589.292079,580.740176,2.082,1.066,0.103
3936,3.936000,744236.399087,-173718.883374,570517.515714,1.789989e+00,-1140.149109,589.292071,580.740179,1.091,0.554,0.051
3937,3.937000,744236.399424,-173676.915036,570559.484388,1.790047e+00,-1140.149128,589.292064,580.740182,1.108,0.255,0.051
3938,3.938000,744236.399761,-173634.966820,570601.432941,1.790105e+00,-1140.149147,589.292056,580.740186,1.110,0.230,0.057
3939,3.939000,744236.400098,-173593.038714,570643.361384,1.790163e+00,-1140.149165,589.292049,580.740189,1.093,1.142,0.046
3940,3.940000,744236.400435,-173551.130696,570685.269739,1.790221e+00,-1140.149184,589.292042,580.740192,1.058,1.962,0.043
3941,3.941000,744236.400772,-173509.242750,570727.158022,1.790279e+00,-1140.149202,589.292034,580.740195,1.048,0.733,0.046
3942,3.942000,744236.401106,-173467.374860,570769.026246,1.790337e+00,-1140.149221,589.292027,580.740198,1.074,0.725,0.047
3943,3.943000,744236.401439,-173425.527012,570810.874428,1.790395e+00,-1140.149239,589.292020,580.740201,1.073,0.458,0.059
3944,3.944000,744236.401773,-173383.699185,570852.702588,1.790453e+00,-1140.149258,589.292012,580.740204,1.118,0.221,0.045
3945,3.945000,744236.402106,-173341.891362,570894.510743,1.790511e+00,-1140.149276,589.292005,580.740207,1.077,0.218,0.046
3946,3.946000,744236.402439,-173300.103528,570936.298911,1.790569e+00,-1140.149295,589.291997,580.740210,2.258,0.534,0.053
3947,3.947000,744236.402772,-173258.335667,570978.067105,1.790626e+00,-1140.149313,589.291990,580.740213,1.082,0.498,0.048
3948,3.948000,744236.403105,-173216.587759,571019.815346,1.790684e+00,-1140.149331,589.291982,580.740216,1.982,0.552,0.121
3949,3.949000,744236.403438,-173174.859789,571061.543649,1.790742e+00,-1140.149350,589.291975,580.740218,1.280,0.234,0.049
3950,3.950000,744236.403771,-173133.151741,571103.252030,1.790800e+00,-1140.149368,589.291968,580.740221,1.113,0.231,0.047
3951,3.951000,744236.404105,-173091.463596,571144.940508,1.790857e+00,-1140.149387,589.291960,580.740224,2.428,1.296,0.131
3952,3.952000,744236.404438,-173049.795334,571186.609103,1.790915e+00,-1140.149405,589.291953,580.740227,1.030,0.490,0.039
3953,3.953000,744236.404771,-173008.146945,571228.257826,1.790973e+00,-1140.149424,589.291945,580.740230,1.111,0.242,0.050
3954,3.954000,744236.405104,-172966.518409,571269.886695,1.791030e+00,-1140.149442,589.291938,580.740233,1.224,0.301,0.045
3955,3.955000,744236.405437,-172924.909709,571311.495728,1.791088e+00,-1140.149461,589.291930,580.740235,1.560,0.289,0.066
3956,3.956000,744236.405770,-172883.320835,571353.084935,1.791146e+00,-1140.149479,589.291923,580.740238,1.225,0.271,0.049
3957,3.957000,744236.406103,-172841.751767,571394.654336,1.791203e+00,-1140.149498,589.291916,580.740241,1.086,0.240,0.045
3958,3.958000,744236.406436,-172800.202491,571436.203945,1.791261e+00,-1140.149516,589.291908,580.740244,1.110,0.231,0.055
3959,3.959000,744236.406769,-172758.672989,571477.733780,1.791318e+00,-1140.149535,589.291901,580.740247,1.166,0.646,0.048
3960,3.960000,744236.407102,-172717.163247,571519.243855,1.791376e+00,-1140.149553,589.291893,580.740250,1.171,0.234,0.066
3961,3.961000,744236.407435,-172675.673247,571560.734188,1.791433e+00,-1140.149572,589.291886,580.740253,2.179,3.696,0.061
3962,3.962000,744236.407768,-172634.202976,571602.204792,1.791491e+00,-1140.149590,589.291878,580.740256,1.060,5.231,0.049
3963,3.963000,744236.408101,-172592.752417,571643.655684,1.791548e+00,-1140.149609,589.291871,580.740259,1.113,0.208,0.058
3964,3.964000,744236.408434,-172551.321553,571685.086880,1.791605e+00,-1140.149627,589.291864,580.740262,1.041,0.369,0.051
3965,3.965000,744236.408767,-172509.910371,571726.498395,1.791663e+00,-1140.149646,589.291856,580.740265,1.056,0.243,0.058
3966,3.966000,744236.409099,-172468.518855,571767.890245,1.791720e+00,-1140.149664,589.291849,580.740268,1.155,0.233,0.056
3967,3.967000,744236.409432,-172427.146987,571809.262446,1.791777e+00,-1140.149682,589.291841,580.740271,1.083,0.291,0.049
3968,3.968000,744236.409765,-172385.794760,571850.615006,1.791835e+00,-1140.149701,589.291834,580.740274,1.168,0.905,0.047
3969,3.969000,744236.410098,-172344.462153,571891.947945,1.791892e+00,-1140.149719,589.291826,580.740278,1.211,0.214,0.048
3970,3.970000,744236.410428,-172303.149158,571933.261270,1.791949e+00,-1140.149738,589.291819,580.740280,1.072,0.469,0.053
3971,3.971000,744236.410754,-172261.855758,571974.554996,1.792006e+00,-1140.149756,589.291812,580.740282,1.099,0.210,0.052
3972,3.972000,744236.411080,-172220.581938,572015.829142,1.792063e+00,-1140.149775,589.291804,580.740284,1.129,0.216,0.053
3973,3.973000,744236.411405,-172179.327682,572057.083724,1.792120e+00,-1140.149793,589.291797,580.740286,1.116,0.215,0.047
3974,3.974000,744236.411731,-172138.092978,572098.318754,1.792178e+00,-1140.149812,589.291789,580.740288,1.161,0.221,0.047
3975,3.975000,744236.412058,-172096.877812,572139.534246,1.792235e+00,-1140.149830,589.291782,580.740290,1.102,0.213,0.046
3976,3.976000,744236.412384,-172055.682171,572180.730213,1.792292e+00,-1140.149848,589.291774,580.740292,1.106,0.209,0.048
3977,3.977000,744236.412710,-172014.506042,572221.906667,1.792349e+00,-1140.149867,589.291767,580.740295,1.100,0.430,0.054
3978,3.978000,744236.413036,-171973.349411,572263.063625,1.792406e+00,-1140.149885,589.291759,580.740297,1.091,0.472,0.053
3979,3.979000,744236.413362,-171932.212261,572304.201101,1.792463e+00,-1140.149904,589.291751,580.740299,1.083,0.236,0.060
3980,3.980000,744236.413688,-171891.094583,572345.319105,1.792520e+00,-1140.149922,589.291744,580.740301,1.079,0.433,0.047
3981,3.981000,744236.414014,-171849.996363,572386.417651,1.792577e+00,-1140.149941,589.291736,580.740303,1.134,0.214,0.051
3982,3.982000,744236.414340,-171808.917589,572427.496751,1.792633e+00,-1140.149959,589.291729,580.740305,4.491,0.326,0.128
3983,3.983000,744236.414666,-171767.858247,572468.556419,1.792690e+00,-1140.149978,589.291721,580.740307,1.069,0.475,0.044
3984,3.984000,744236.414992,-171726.818328,572509.596664,1.792747e+00,-1140.149996,589.291713,580.740309,1.165,0.465,0.051
3985,3.985000,744236.415319,-171685.797811,572550.617508,1.792804e+00,-1140.150014,589.291706,580.740312,1.073,0.240,0.049
3986,3.986000,744236.415644,-171644.796686,572591.618958,1.792861e+00,-1140.150033,589.291698,580.740313,1.130,0.221,0.050
3987,3.987000,744236.415970,-171603.814941,572632.601029,1.792917e+00,-1140.150051,589.291690,580.740315,1.074,0.586,0.051
3988,3.988000,744236.416295,-171562.852569,572673.563725,1.792974e+00,-1140.150070,589.291682,580.740317,1.267,0.220,0.043
3989,3.989000,744236.416620,-171521.909551,572714.507069,1.793031e+00,-1140.150088,589.291674,580.740319,1.098,0.411,0.050
3990,3.990000,744236.416945,-171480.985874,572755.431071,1.793087e+00,-1140.150107,589.291666,580.740320,1.122,0.573,0.049
3991,3.991000,744236.417270,-171440.081526,572796.335745,1.793144e+00,-1140.150125,589.291658,580.740322,1.121,0.209,0.051
3992,3.992000,744236.417596,-171399.196495,572837.221101,1.793201e+00,-1140.150144,589.291650,580.740324,1.107,0.216,0.059
3993,3.993000,744236.417921,-171358.330766,572878.087155,1.793257e+00,-1140.150162,589.291642,580.740326,1.217,0.265,0.073
3994,3.994000,744236.418246,-171317.484327,572918.933919,1.793314e+00,-1140.150180,589.291634,580.740327,1.092,0.236,0.052
3995,3.995000,744236.418571,-171276.657167,572959.761404,1.793370e+00,-1140.150199,589.291626,580.740329,1.306,0.646,0.055
3996,3.996000,744236.418897,-171235.849272,573000.569624,1.793427e+00,-1140.150217,589.291618,580.740331,1.110,0.424,0.060
3997,3.997000,744236.419222,-171195.060633,573041.358589,1.793483e+00,-1140.150236,589.291610,580.740332,1.227,0.252,0.066
3998,3.998000,744236.419547,-171154.291234,573082.128313,1.793540e+00,-1140.150254,589.291603,580.740334,1.106,0.341,0.051
3999,3.999000,744236.419872,-171113.541064,573122.878808,1.793596e+00,-1140.150273,589.291595,580.740336,4.039,4.078,0.129
4000,4.000000,744236.420198,-171072.810109,573163.610090,1.793653e+00,-1140.150291,589.291587,580.740337,1.041,0.602,0.044
4001,4.001000,744236.420524,-171032.098351,573204.322173,1.793709e+00,-1140.150309,589.291579,580.740339,1.095,0.219,0.047
4002,4.002000,744236.420850,-170991.405785,573245.015065,1.793765e+00,-1140.150327,589.291571,580.740340,1.147,0.376,0.054
4003,4.003000,744236.421177,-170950.732395,573285.688782,1.793822e+00,-1140.150345,589.291563,580.740342,4.710,8.361,0.055
4004,4.004000,744236.421503,-170910.078166,573326.343336,1.793878e+00,-1140.150364,589.291555,580.740343,1.052,6.479,0.045
4005,4.005000,744236.421829,-170869.443083,573366.978745,1.793934e+00,-1140.150382,589.291548,580.740344,1.101,0.683,0.045
4006,4.006000,744236.422152,-170828.827140,573407.595011,1.793991e+00,-1140.150400,589.291540,580.740346,1.055,0.245,0.051
4007,4.007000,744236.422472,-170788.230325,573448.192147,1.794047e+00,-1140.150418,589.291532,580.740346,1.248,0.259,0.052
4008,4.008000,744236.422792,-170747.652620,573488.770172,1.794103e+00,-1140.150436,589.291524,580.740347,1.119,0.211,0.058
4009,4.009000,744236.423112,-170707.094009,573529.329102,1.794159e+00,-1140.150455,589.291517,580.740348,1.226,0.271,0.054
4010,4.010000,744236.423431,-170666.554492,573569.868939,1.794215e+00,-1140.150473,589.291509,580.740348,1.273,0.245,0.063
4011,4.011000,744236.423749,-170626.034038,573610.389711,1.794271e+00,-1140.150490,589.291501,580.740349,1.319,0.228,0.061
4012,4.012000,744236.424068,-170585.532640,573650.891428,1.794327e+00,-1140.150508,589.291493,580.740350,1.230,0.229,0.057
4013,4.013000,744236.424387,-170545.050286,573691.374101,1.794383e+00,-1140.150526,589.291486,580.740351,1.160,0.252,0.050
4014,4.014000,744236.424705,-170504.586960,573731.837745,1.794439e+00,-1140.150543,589.291478,580.740352,1.078,0.435,0.054
4015,4.015000,744236.425024,-170464.142652,573772.282373,1.794495e+00,-1140.150561,589.291471,580.740353,1.042,0.420,0.052
4016,4.016000,744236.425343,-170423.717346,573812.707996,1.794551e+00,-1140.150579,589.291463,580.740353,1.076,0.791,0.050
4017,4.017000,744236.425661,-170383.311033,573853.114629,1.794607e+00,-1140.150597,589.291455,580.740354,1.087,0.230,0.062
4018,4.018000,744236.425980,-170342.923696,573893.502284,1.794663e+00,-1140.150614,589.291448,580.740355,1.065,0.212,0.048
4019,4.019000,744236.426299,-170302.555321,573933.870978,1.794719e+00,-1140.150632,589.291440,580.740356,1.162,0.245,0.052
4020,4.020000,744236.426618,-170262.205890,573974.220727,1.794775e+00,-1140.150650,589.291433,580.740357,1.085,0.430,0.051
4021,4.021000,744236.426937,-170221.875393,574014.551544,1.794831e+00,-1140.150668,589.291425,580.740358,2.842,89.314,0.154
4022,4.022000,744236.427256,-170181.563814,574054.863442,1.794887e+00,-1140.150685,589.291417,580.740359,2.475,0.663,0.236
4023,4.023000,744236.427575,-170141.271142,574095.156433,1.794943e+00,-1140.150702,589.291410,580.740359,12.457,36.664,0.088
4024,4.024000,744236.427894,-170100.997359,574135.430536,1.794998e+00,-1140.150720,589.291402,580.740360,1.309,4.875,0.068
4025,4.025000,744236.428214,-170060.742454,574175.685760,1.795054e+00,-1140.150737,589.291395,580.740361,1.876,0.864,0.129
4026,4.026000,744236.428533,-170020.506412,574215.922121,1.795110e+00,-1140.150755,589.291387,580.740362,1.483,15.448,0.079
4027,4.027000,744236.428853,-169980.289220,574256.139633,1.795165e+00,-1140.150772,589.291379,580.740364,1.216,0.512,0.079
4028,4.028000,744236.429172,-169940.090862,574296.338310,1.795221e+00,-1140.150790,589.291372,580.740365,1.990,0.339,0.181
4029,4.029000,744236.429492,-169899.911326,574336.518166,1.795277e+00,-1140.150807,589.291364,580.740366,1.178,0.549,0.077
4030,4.030000,744236.429811,-169859.750598,574376.679213,1.795332e+00,-1140.150824,589.291357,580.740367,1.255,0.404,0.083
4031,4.031000,744236.430131,-169819.608663,574416.821468,1.795388e+00,-1140.150842,589.291349,580.740368,1.505,0.264,0.067
4032,4.032000,744236.430451,-169779.485504,574456.944946,1.795444e+00,-1140.150859,589.291342,580.740369,5.404,0.596,0.063
4033,4.033000,744236.430770,-169739.381110,574497.049660,1.795499e+00,-1140.150876,589.291334,580.740370,2.614,0.266,0.070
4034,4.034000,744236.431090,-169699.295471,574537.135618,1.795555e+00,-1140.150894,589.291326,580.740371,1.881,2.365,0.056
4035,4.035000,744236.431409,-169659.228570,574577.202838,1.795610e+00,-1140.150911,589.291319,580.740372,1.820,1.758,0.054
4036,4.036000,744236.431728,-169619.180393,574617.251335,1.795666e+00,-1140.150928,589.291311,580.740373,1.079,0.225,0.062
4037,4.037000,744236.432047,-169579.150922,574657.281125,1.795721e+00,-1140.150945,589.291304,580.740374,1.093,0.245,0.082
4038,4.038000,744236.432366,-169539.140147,574697.292219,1.795776e+00,-1140.150962,589.291296,580.740375,3.176,22.263,0.118
4039,4.039000,744236.432685,-169499.148056,574737.284630,1.795832e+00,-1140.150979,589.291289,580.740376,1.178,0.284,0.076
4040,4.040000,744236.433005,-169459.174628,574777.258376,1.795887e+00,-1140.150996,589.291281,580.740377,1.131,0.273,0.051
4041,4.041000,744236.433324,-169419.219853,574817.213471,1.795942e+00,-1140.151013,589.291273,580.740378,1.138,0.279,0.061
4042,4.042000,744236.433643,-169379.283716,574857.149927,1.795998e+00,-1140.151030,589.291266,580.740379,1.237,0.307,0.062
4043,4.043000,744236.433962,-169339.366204,574897.067759,1.796053e+00,-1140.151048,589.291258,580.740380,1.389,0.662,0.061
4044,4.044000,744236.434270,-169299.467303,574936.966967,1.796108e+00,-1140.151065,589.291251,580.740381,1.233,0.356,0.059
4045,4.045000,744236.434568,-169259.586995,574976.847572,1.796163e+00,-1140.151082,589.291243,580.740380,2.303,0.490,0.391
4046,4.046000,744236.434865,-169219.725273,575016.709592,1.796219e+00,-1140.151099,589.291236,580.740379,4.253,9.745,0.118
4047,4.047000,744236.435162,-169179.882120,575056.553042,1.796274e+00,-1140.151116,589.291228,580.740378,1.111,0.271,0.063
4048,4.048000,744236.435460,-169140.057521,575096.377939,1.796329e+00,-1140.151133,589.291221,580.740377,1.484,0.258,0.069
4049,4.049000,744236.435757,-169100.251463,575136.184293,1.796384e+00,-1140.151150,589.291213,580.740377,2.827,38.321,0.087
4050,4.050000,744236.436054,-169060.463935,575175.972119,1.796439e+00,-1140.151167,589.291205,580.740376,2.345,34.482,0.393
4051,4.051000,744236.436311,-169020.694921,575215.741390,1.796494e+00,-1140.151184,589.291200,580.740375,3.749,1.477,0.068
4052,4.052000,744236.436529,-168980.944411,575255.492118,1.796549e+00,-1140.151201,589.291196,580.740374,1.280,0.266,0.070
4053,4.053000,744236.436746,-168941.212389,575295.224357,1.796604e+00,-1140.151219,589.291192,580.740373,1.233,0.250,0.062
4054,4.054000,744236.436963,-168901.498846,575334.938118,1.796659e+00,-1140.151236,589.291189,580.740373,2.217,0.584,0.062
4055,4.055000,744236.437180,-168861.803769,575374.633412,1.796714e+00,-1140.151253,589.291185,580.740372,2.627,0.230,0.123
4056,4.056000,744236.437398,-168822.127141,575414.310257,1.796769e+00,-1140.151270,589.291181,580.740371,1.981,0.457,0.060
4057,4.057000,744236.437615,-168782.468950,575453.968665,1.796824e+00,-1140.151287,589.291177,580.740370,1.111,0.925,0.055
4058,4.058000,744236.437832,-168742.829184,575493.608648,1.796879e+00,-1140.151304,589.291174,580.740369,9.434,7.251,15.490
4059,4.059000,744236.438049,-168703.207832,575533.230217,1.796934e+00,-1140.151321,589.291170,580.740369,2.673,1.595,0.127
4060,4.060000,744236.438267,-168663.604879,575572.833387,1.796989e+00,-1140.151338,589.291166,580.740368,4.771,0.311,0.062
4061,4.061000,744236.438484,-168624.020314,575612.418170,1.797044e+00,-1140.151356,589.291162,580.740367,15.570,0.952,0.061
4062,4.062000,744236.438701,-168584.454124,575651.984577,1.797098e+00,-1140.151373,589.291159,580.740366,1.059,0.216,0.065
4063,4.063000,744236.438918,-168544.906299,575691.532619,1.797153e+00,-1140.151390,589.291155,580.740365,1.063,0.215,0.057
4064,4.064000,744236.439136,-168505.376826,575731.062310,1.797208e+00,-1140.151407,589.291151,580.740365,1.105,0.808,0.089
4065,4.065000,744236.439353,-168465.865694,575770.573658,1.797263e+00,-1140.151424,589.291147,580.740364,1.159,0.295,0.073
4066,4.066000,744236.439571,-168426.372891,575810.066680,1.797317e+00,-1140.151441,589.291144,580.740363,2.831,0.324,0.079
4067,4.067000,744236.439790,-168386.898408,575849.541382,1.797372e+00,-1140.151458,589.291140,580.740362,1.178,1.443,0.053
4068,4.068000,744236.440008,-168347.442228,575888.997780,1.797426e+00,-1140.151474,589.291136,580.740361,1.810,0.303,0.149
4069,4.069000,744236.440227,-168308.004345,575928.435882,1.797481e+00,-1140.151491,589.291132,580.740361,1.215,0.665,0.065
4070,4.070000,744236.440446,-168268.584745,575967.855700,1.797536e+00,-1140.151508,589.291129,580.740360,1.077,0.267,0.055
4071,4.071000,744236.440665,-168229.183422,576007.257243,1.797590e+00,-1140.151524,589.291125,580.740359,1.179,2.373,0.058
4072,4.072000,744236.440883,-168189.800367,576046.640516,1.797645e+00,-1140.151541,589.291121,580.740358,1.091,2.924,0.060
4073,4.073000,744236.441101,-168150.435566,576086.005535,1.797699e+00,-1140.151558,589.291117,580.740358,1.906,0.603,0.402
4074,4.074000,744236.441320,-168111.089005,576125.352314,1.797754e+00,-1140.151574,589.291114,580.740357,1.559,1.017,0.079
4075,4.075000,744236.441538,-168071.760675,576164.680863,1.797808e+00,-1140.151591,589.291110,580.740357,1.170,0.258,0.087
4076,4.076000,744236.441756,-168032.450568,576203.991189,1.797863e+00,-1140.151607,589.291106,580.740356,1.066,0.941,0.054
4077,4.077000,744236.441975,-167993.158672,576243.283303,1.797917e+00,-1140.151624,589.291102,580.740356,1.250,1.608,0.097
4078,4.078000,744236.442193,-167953.884980,576282.557213,1.797971e+00,-1140.151641,589.291099,580.740355,2.133,11.682,0.063
4079,4.079000,744236.442411,-167914.629477,576321.812935,1.798026e+00,-1140.151657,589.291095,580.740355,1.080,0.577,0.056
4080,4.080000,744236.442629,-167875.392162,576361.050468,1.798080e+00,-1140.151674,589.291091,580.740354,5.067,3.899,0.107
4081,4.081000,744236.442844,-167836.173020,576400.269824,1.798134e+00,-1140.151690,589.291087,580.740353,1.266,2.906,0.079
4082,4.082000,744236.443056,-167796.972043,576439.471013,1.798189e+00,-1140.151707,589.291084,580.740352,2.432,7.310,0.118
4083,4.083000,744236.443266,-167757.789219,576478.654047,1.798243e+00,-1140.151724,589.291080,580.740350,2.643,6.146,0.348
4084,4.084000,744236.443476,-167718.624540,576517.818935,1.798297e+00,-1140.151740,589.291076,580.740348,4.417,16.183,0.154
4085,4.085000,744236.443685,-167679.477995,576556.965690,1.798351e+00,-1140.151757,589.291072,580.740346,1.088,10.824,0.072
4086,4.086000,744236.443895,-167640.349578,576596.094317,1.798406e+00,-1140.151773,589.291069,580.740344,1.130,0.881,0.077
4087,4.087000,744236.444104,-167601.239273,576635.204831,1.798460e+00,-1140.151790,589.291065,580.740342,1.601,13.114,0.050
4088,4.088000,744236.444313,-167562.147081,576674.297233,1.798514e+00,-1140.151807,589.291061,580.740340,1.091,5.335,0.050
4089,4.089000,744236.444523,-167523.072988,576713.371535,1.798568e+00,-1140.151823,589.291058,580.740338,1.083,0.250,0.059
4090,4.090000,744236.444732,-167484.016983,576752.427750,1.798622e+00,-1140.151840,589.291054,580.740336,1.195,0.265,0.068
4091,4.091000,744236.444942,-167444.979060,576791.465882,1.798676e+00,-1140.151856,589.291050,580.740334,1.187,0.386,0.067
4092,4.092000,744236.445152,-167405.959212,576830.485940,1.798730e+00,-1140.151873,589.291046,580.740332,1.126,0.287,0.070
4093,4.093000,744236.445361,-167366.957427,576869.487934,1.798784e+00,-1140.151890,589.291043,580.740330,1.150,0.322,0.066
4094,4.094000,744236.445571,-167327.973697,576908.471874,1.798838e+00,-1140.151906,589.291039,580.740328,1.168,0.256,0.057
4095,4.095000,744236.445781,-167289.008012,576947.437769,1.798892e+00,-1140.151923,589.291036,580.740326,1.077,2.802,0.045
4096,4.096000,744236.445990,-167250.060363,576986.385627,1.798946e+00,-1140.151939,589.291032,580.740324,1.079,0.227,0.051
4097,4.097000,744236.446199,-167211.130742,577025.315457,1.799000e+00,-1140.151956,589.291028,580.740322,1.316,0.238,0.056
4098,4.098000,744236.446404,-167172.219141,577064.227263,1.799054e+00,-1140.151972,589.291025,580.740320,1.227,0.305,0.053
4099,4.099000,744236.446605,-167133.325548,577103.121057,1.799108e+00,-1140.151988,589.291021,580.740317,1.268,0.276,0.055
4100,4.100000,744236.446806,-167094.449954,577141.996852,1.799161e+00,-1140.152004,589.291018,580.740314,1.173,0.299,0.056
4101,4.101000,744236.447007,-167055.592353,577180.854654,1.799215e+00,-1140.152019,589.291014,580.740311,1.122,0.267,0.054
4102,4.102000,744236.447208,-167016.752731,577219.694476,1.799269e+00,-1140.152035,589.291010,580.740308,1.262,0.250,0.055
4103,4.103000,744236.447409,-166977.931083,577258.516326,1.799323e+00,-1140.152051,589.291007,580.740305,2.455,0.596,0.110
4104,4.104000,744236.447609,-166939.127396,577297.320213,1.799377e+00,-1140.152067,589.291003,580.740303,1.170,4.516,0.054
4105,4.105000,744236.447808,-166900.341667,577336.106142,1.799430e+00,-1140.152082,589.291000,580.740300,1.118,0.217,0.045
4106,4.106000,744236.448008,-166861.573884,577374.874123,1.799484e+00,-1140.152098,589.290996,580.740297,1.289,0.268,0.050
4107,4.107000,744236.448207,-166822.824039,577413.624168,1.799538e+00,-1140.152113,589.290993,580.740294,1.227,0.271,0.060
4108,4.108000,744236.448407,-166784.092121,577452.356286,1.799591e+00,-1140.152128,589.290989,580.740291,1.631,0.243,0.121
4109,4.109000,744236.448607,-166745.378120,577491.070486,1.799645e+00,-1140.152143,589.290985,580.740288,1.094,0.220,0.053
4110,4.110000,744236.448806,-166706.682028,577529.766778,1.799698e+00,-1140.152159,589.290982,580.740285,1.125,0.221,0.057
4111,4.111000,744236.449006,-166668.003834,577568.445171,1.799752e+00,-1140.152174,589.290978,580.740282,1.241,0.250,0.050
4112,4.112000,744236.449205,-166629.343531,577607.105674,1.799806e+00,-1140.152189,589.290975,580.740279,1.247,0.257,0.059
4113,4.113000,744236.449405,-166590.701111,577645.748294,1.799859e+00,-1140.152204,589.290971,580.740277,1.086,3.014,0.050
4114,4.114000,744236.449605,-166552.076558,577684.373047,1.799913e+00,-1140.152220,589.290967,580.740274,1.068,0.214,0.060
4115,4.115000,744236.449804,-166513.469866,577722.979938,1.799966e+00,-1140.152235,589.290964,580.740271,1.395,0.559,0.047
4116,4.116000,744236.450004,-166474.881025,577761.568979,1.800019e+00,-1140.152250,589.290960,580.740268,1.164,0.256,0.047
4117,4.117000,744236.450200,-166436.310025,577800.140174,1.800073e+00,-1140.152265,589.290957,580.740266,2.553,0.267,0.128
4118,4.118000,744236.450392,-166397.756860,577838.693533,1.800126e+00,-1140.152280,589.290953,580.740264,1.459,0.565,0.121
4119,4.119000,744236.450584,-166359.221517,577877.229067,1.800180e+00,-1140.152296,589.290949,580.740262,1.184,0.253,0.053
4120,4.120000,744236.450777,-166320.703985,577915.746792,1.800233e+00,-1140.152311,589.290945,580.740260,1.123,0.469,0.053
4121,4.121000,744236.450969,-166282.204259,577954.246711,1.800286e+00,-1140.152326,589.290942,580.740258,1.125,0.221,0.053
4122,4.122000,744236.451162,-166243.722328,577992.728834,1.800339e+00,-1140.152341,589.290938,580.740256,1.129,0.596,0.059
4123,4.123000,744236.451355,-166205.258181,578031.193174,1.800393e+00,-1140.152356,589.290934,580.740254,1.135,0.223,0.069
4124,4.124000,744236.451547,-166166.811806,578069.639741,1.800446e+00,-1140.152371,589.290930,580.740252,1.091,0.495,0.050
4125,4.125000,744236.451740,-166128.383198,578108.068542,1.800499e+00,-1140.152386,589.290926,580.740250,1.122,0.488,0.060
4126,4.126000,744236.451933,-166089.972346,578146.479586,1.800552e+00,-1140.152401,589.290922,580.740248,1.411,0.394,0.084
4127,4.127000,744236.452125,-166051.579238,578184.872888,1.800606e+00,-1140.152416,589.290918,580.740246,1.297,0.258,0.062
4128,4.128000,744236.452318,-166013.203862,578223.248456,1.800659e+00,-1140.152431,589.290914,580.740244,13.353,4.769,0.067
4129,4.129000,744236.452510,-165974.846212,578261.606299,1.800712e+00,-1140.152446,589.290911,580.740242,1.092,0.217,0.094
4130,4.130000,744236.452703,-165936.506277,578299.946426,1.800765e+00,-1140.152461,589.290907,580.740240,1.042,0.623,0.050
4131,4.131000,744236.452896,-165898.184048,578338.268847,1.800818e+00,-1140.152476,589.290903,580.740239,1.145,0.901,0.050
4132,4.132000,744236.453088,-165859.879515,578376.573573,1.800871e+00,-1140.152491,589.290899,580.740237,1.415,0.250,0.064
4133,4.133000,744236.453281,-165821.592667,578414.860614,1.800924e+00,-1140.152506,589.290895,580.740235,1.232,0.248,0.064
4134,4.134000,744236.453473,-165783.323493,578453.129980,1.800977e+00,-1140.152521,589.290891,580.740233,1.275,0.291,0.066
4135,4.135000,744236.453666,-165745.071987,578491.381679,1.801030e+00,-1140.152536,589.290887,580.740231,1.061,0.200,0.052
4136,4.136000,744236.453859,-165706.838138,578529.615720,1.801083e+00,-1140.152551,589.290883,580.740229,1.233,0.978,0.047
4137,4.137000,744236.454051,-165668.621937,578567.832114,1.801136e+00,-1140.152566,589.290878,580.740227,1.131,0.471,0.051
4138,4.138000,744236.454244,-165630.423375,578606.030869,1.801189e+00,-1140.152581,589.290874,580.740225,2.085,0.275,0.056
4139,4.139000,744236.454436,-165592.242445,578644.211992,1.801242e+00,-1140.152596,589.290870,580.740223,1.303,0.456,0.076
4140,4.140000,744236.454629,-165554.079129,578682.375500,1.801294e+00,-1140.152610,589.290866,580.740221,2.410,2.887,0.878
4141,4.141000,744236.454822,-165515.933422,578720.521399,1.801347e+00,-1140.152625,589.290862,580.740219,1.250,0.237,0.059
4142,4.142000,744236.455015,-165477.805316,578758.649698,1.801400e+00,-1140.152640,589.290858,580.740217,1.216,0.331,0.053
4143,4.143000,744236.455208,-165439.694798,578796.760409,1.801453e+00,-1140.152654,589.290854,580.740216,1.433,0.301,0.070
4144,4.144000,744236.455401,-165401.601864,578834.853536,1.801506e+00,-1140.152669,589.290850,580.740214,1.143,0.481,0.054
4145,4.145000,744236.455594,-165363.526504,578872.929090,1.801558e+00,-1140.152684,589.290846,580.740212,1.340,0.383,0.059
4146,4.146000,744236.455787,-165325.468709,578910.987078,1.801611e+00,-1140.152698,589.290842,580.740210,1.126,0.509,0.049
4147,4.147000,744236.455980,-165287.428471,578949.027509,1.801664e+00,-1140.152713,589.290838,580.740208,1.125,0.260,0.057
4148,4.148000,744236.456173,-165249.405779,578987.050393,1.801716e+00,-1140.152727,589.290834,580.740206,1.152,0.425,0.052
4149,4.149000,744236.456366,-165211.400627,579025.055738,1.801769e+00,-1140.152742,589.290830,580.740204,1.184,0.295,0.060
4150,4.150000,744236.456559,-165173.413008,579063.043551,1.801822e+00,-1140.152757,589.290826,580.740202,1.135,0.246,0.056
4151,4.151000,744236.456752,-165135.442907,579101.013844,1.801874e+00,-1140.152771,589.290823,580.740200,1.095,0.254,0.054
4152,4.152000,744236.456945,-165097.490322,579138.966623,1.801927e+00,-1140.152786,589.290819,580.740198,1.758,0.588,0.115
4153,4.153000,744236.457138,-165059.555242,579176.901895,1.801979e+00,-1140.152801,589.290815,580.740196,1.411,0.273,0.048
4154,4.154000,744236.457331,-165021.637656,579214.819675,1.802032e+00,-1140.152815,589.290811,580.740194,2.070,0.592,0.173
4155,4.155000,744236.457524,-164983.737556,579252.719968,1.802084e+00,-1140.152830,589.290807,580.740192,1.167,3.131,0.052
4156,4.156000,744236.457717,-164945.854934,579290.602783,1.802137e+00,-1140.152844,589.290803,580.740190,1.060,0.416,0.053
4157,4.157000,744236.457910,-164907.989787,579328.468123,1.802189e+00,-1140.152859,589.290799,580.740188,4.296,0.577,0.125
4158,4.158000,744236.458103,-164870.142100,579366.316003,1.802241e+00,-1140.152874,589.290796,580.740187,1.228,0.255,0.057
4159,4.159000,744236.458296,-164832.311867,579404.146429,1.802294e+00,-1140.152888,589.290792,580.740185,1.172,0.253,0.065
4160,4.160000,744236.458489,-164794.499079,579441.959410,1.802346e+00,-1140.152903,589.290788,580.740183,1.141,0.466,0.059
4161,4.161000,744236.458682,-164756.703726,579479.754956,1.802399e+00,-1140.152918,589.290784,580.740181,1.316,0.242,0.064
4162,4.162000,744236.458875,-164718.925799,579517.533076,1.802451e+00,-1140.152932,589.290780,580.740179,1.353,0.599,0.052
4163,4.163000,744236.459069,-164681.165289,579555.293779,1.802503e+00,-1140.152947,589.290776,580.740177,1.188,0.278,0.063
4164,4.164000,744236.459261,-164643.422193,579593.037068,1.802555e+00,-1140.152961,589.290772,580.740175,1.120,0.247,0.058
4165,4.165000,744236.459452,-164605.696497,579630.762955,1.802608e+00,-1140.152976,589.290769,580.740174,1.220,0.301,0.057
4166,4.166000,744236.459643,-164567.988196,579668.471447,1.802660e+00,-1140.152991,589.290765,580.740172,1.206,0.306,0.077
4167,4.167000,744236.459835,-164530.297281,579706.162554,1.802712e+00,-1140.153005,589.290761,580.740171,1.115,0.594,0.051
4168,4.168000,744236.460026,-164492.623741,579743.836286,1.802764e+00,-1140.153020,589.290757,580.740169,1.347,0.276,0.050
4169,4.169000,744236.460218,-164454.967568,579781.492649,1.802816e+00,-1140.153034,589.290753,580.740168,1.858,4.141,0.061
4170,4.170000,744236.460409,-164417.328757,579819.131652,1.802868e+00,-1140.153049,589.290750,580.740166,1.074,0.806,0.047
4171,4.171000,744236.460600,-164379.707294,579856.753306,1.802921e+00,-1140.153063,589.290746,580.740165,1.098,0.615,0.053
4172,4.172000,744236.460792,-164342.103175,579894.357617,1.802973e+00,-1140.153078,589.290742,580.740163,1.109,0.481,0.051
4173,4.173000,744236.460984,-164304.516390,579931.944593,1.803025e+00,-1140.153092,589.290738,580.740162,1.242,0.237,0.067
4174,4.174000,744236.461176,-164266.946930,579969.514245,1.803077e+00,-1140.153106,589.290734,580.740161,1.156,0.486,0.054
4175,4.175000,744236.461368,-164229.394785,580007.066583,1.803129e+00,-1140.153121,589.290731,580.740159,1.178,0.231,0.052
4176,4.176000,744236.461560,-164191.859944,580044.601616,1.803181e+00,-1140.153135,589.290727,580.740158,1.076,0.875,0.054
4177,4.177000,744236.461752,-164154.342402,580082.119350,1.803233e+00,-1140.153149,589.290723,580.740156,1.156,0.225,0.058
4178,4.178000,744236.461944,-164116.842151,580119.619793,1.803285e+00,-1140.153163,589.290719,580.740155,1.116,0.217,0.059
4179,4.179000,744236.462136,-164079.359185,580157.102950,1.803336e+00,-1140.153177,589.290715,580.740153,2.047,1.266,0.207
4180,4.180000,744236.462328,-164041.893490,580194.568838,1.803388e+00,-1140.153191,589.290712,580.740152,1.090,0.214,0.045
4181,4.181000,744236.462520,-164004.445058,580232.017462,1.803440e+00,-1140.153205,589.290708,580.740150,1.105,0.412,0.063
4182,4.182000,744236.462712,-163967.013877,580269.448835,1.803492e+00,-1140.153219,589.290704,580.740149,1.119,0.449,0.064
4183,4.183000,744236.462904,-163929.599946,580306.862958,1.803544e+00,-1140.153234,589.290700,580.740147,1.152,0.204,0.065
4184,4.184000,744236.463096,-163892.203250,580344.259846,1.803596e+00,-1140.153248,589.290697,580.740146,1.116,0.471,0.058
4185,4.185000,744236.463288,-163854.823779,580381.639509,1.803647e+00,-1140.153262,589.290693,580.740144,1.574,0.269,0.080
4186,4.186000,744236.463480,-163817.461526,580419.001954,1.803699e+00,-1140.153276,589.290689,580.740143,1.226,2.791,0.060
4187,4.187000,744236.463672,-163780.116481,580456.347191,1.803751e+00,-1140.153290,589.290686,580.740141,1.250,0.244,0.071
4188,4.188000,744236.463862,-163742.788639,580493.675223,1.803803e+00,-1140.153303,589.290682,580.740140,1.095,0.204,0.049
4189,4.189000,744236.464053,-163705.477984,580530.986069,1.803854e+00,-1140.153317,589.290679,580.740138,1.061,1.374,0.057
4190,4.190000,744236.464244,-163668.184508,580568.279736,1.803906e+00,-1140.153331,589.290675,580.740137,1.315,0.975,0.055
4191,4.191000,744236.464434,-163630.908207,580605.556227,1.803957e+00,-1140.153344,589.290672,580.740135,1.484,0.282,0.057
4192,4.192000,744236.464625,-163593.649066,580642.815559,1.804009e+00,-1140.153358,589.290669,580.740134,3.326,0.223,1.281
4193,4.193000,744236.464815,-163556.407075,580680.057740,1.804061e+00,-1140.153372,589.290665,580.740133,11.643,1.472,0.067
4194,4.194000,744236.465005,-163519.182224,580717.282782,1.804112e+00,-1140.153385,589.290662,580.740132,1.143,9.779,0.050
4195,4.195000,744236.465196,-163481.974504,580754.490692,1.804164e+00,-1140.153399,589.290658,580.740130,1.641,1.845,0.064
4196,4.196000,744236.465386,-163444.783905,580791.681481,1.804215e+00,-1140.153412,589.290655,580.740129,5.154,3.914,0.286
4197,4.197000,744236.465577,-163407.610416,580828.855161,1.804267e+00,-1140.153426,589.290651,580.740128,1.022,0.900,0.046
4198,4.198000,744236.465767,-163370.454027,580866.011740,1.804318e+00,-1140.153439,589.290648,580.740127,1.052,18.002,0.051
4199,4.199000,744236.465958,-163333.314726,580903.151232,1.804370e+00,-1140.153452,589.290644,580.740125,1.120,26.950,0.046
4200,4.200000,744236.466146,-163296.192498,580940.273648,1.804421e+00,-1140.153466,589.290641,580.740124,1.047,0.283,0.047
4201,4.201000,744236.466331,-163259.087340,580977.378991,1.804472e+00,-1140.153479,589.290637,580.740121,1.193,0.277,0.066
4202,4.202000,744236.466516,-163221.999236,581014.467280,1.804524e+00,-1140.153493,589.290634,580.740119,6.145,1.736,0.062
4203,4.203000,744236.466701,-163184.928184,581051.538518,1.804575e+00,-1140.153506,589.290630,580.740117,1.085,0.220,0.050
4204,4.204000,744236.466887,-163147.874166,581088.592721,1.804626e+00,-1140.153520,589.290627,580.740115,1.054,1.248,0.046
4205,4.205000,744236.467072,-163110.837168,581125.629904,1.804678e+00,-1140.153533,589.290624,580.740113,1.282,0.255,0.060
4206,4.206000,744236.467257,-163073.817181,581162.650076,1.804729e+00,-1140.153546,589.290620,580.740110,1.987,0.550,0.103
4207,4.207000,744236.467442,-163036.814195,581199.653247,1.804780e+00,-1140.153560,589.290617,580.740108,1.063,0.215,0.052
4208,4.208000,744236.467627,-162999.828203,581236.639425,1.804831e+00,-1140.153573,589.290613,580.740106,1.193,0.293,0.060
4209,4.209000,744236.467813,-162962.859188,581273.608625,1.804882e+00,-1140.153587,589.290610,580.740104,1.055,0.269,0.073
4210,4.210000,744236.467998,-162925.907137,581310.560861,1.804934e+00,-1140.153600,589.290606,580.740102,1.191,0.469,0.064
4211,4.211000,744236.468184,-162888.972044,581347.496140,1.804985e+00,-1140.153613,589.290603,580.740100,1.201,0.268,0.046
4212,4.212000,744236.468370,-162852.053895,581384.414475,1.805036e+00,-1140.153627,589.290599,580.740098,2.511,0.796,2.017
4213,4.213000,744236.468555,-162815.152680,581421.315875,1.805087e+00,-1140.153640,589.290595,580.740096,2.139,0.269,0.057
4214,4.214000,744236.468741,-162778.268381,581458.200360,1.805138e+00,-1140.153654,589.290592,580.740094,1.059,6.324,0.057
4215,4.215000,744236.468926,-162741.400992,581495.067935,1.805189e+00,-1140.153667,589.290588,580.740092,1.373,0.252,0.065
4216,4.216000,744236.469112,-162704.550499,581531.918613,1.805240e+00,-1140.153680,589.290585,580.740090,1.280,0.338,0.056
4217,4.217000,744236.469298,-162667.716888,581568.752409,1.805291e+00,-1140.153694,589.290581,580.740088,1.039,0.231,0.052
4218,4.218000,744236.469483,-162630.900154,581605.569329,1.805342e+00,-1140.153707,589.290578,580.740086,1.280,0.875,0.050
4219,4.219000,744236.469669,-162594.100280,581642.369389,1.805393e+00,-1140.153720,589.290574,580.740084,1.213,0.562,0.050
4220,4.220000,744236.469854,-162557.317251,581679.152603,1.805444e+00,-1140.153734,589.290571,580.740082,2.365,0.558,0.127
4221,4.221000,744236.470040,-162520.551059,581715.918981,1.805495e+00,-1140.153747,589.290567,580.740080,1.083,0.506,0.047
4222,4.222000,744236.470225,-162483.801692,581752.668534,1.805546e+00,-1140.153761,589.290564,580.740078,1.066,0.530,0.055
4223,4.223000,744236.470411,-162447.069135,581789.401276,1.805597e+00,-1140.153774,589.290560,580.740076,1.077,0.203,0.053
4224,4.224000,744236.470597,-162410.353377,581826.117219,1.805648e+00,-1140.153787,589.290557,580.740074,1.096,0.224,0.055
4225,4.225000,744236.470782,-162373.654408,581862.816374,1.805698e+00,-1140.153801,589.290553,580.740072,1.058,0.459,0.048
4226,4.226000,744236.470968,-162336.972210,581899.498758,1.805749e+00,-1140.153814,589.290549,580.740070,1.115,0.277,0.052
4227,4.227000,744236.471153,-162300.306774,581936.164379,1.805800e+00,-1140.153827,589.290546,580.740068,1.114,0.675,0.058
4228,4.228000,744236.471339,-162263.658086,581972.813253,1.805851e+00,-1140.153841,589.290542,580.740066,2.219,0.504,0.112
4229,4.229000,744236.471525,-162227.026130,582009.445395,1.805901e+00,-1140.153854,589.290539,580.740064,1.067,0.365,0.063
4230,4.230000,744236.471710,-162190.410896,582046.060814,1.805952e+00,-1140.153867,589.290535,580.740062,2.199,2.674,0.072
4231,4.231000,744236.471896,-162153.812370,582082.659526,1.806003e+00,-1140.153881,589.290532,580.740060,1.084,0.550,0.051
4232,4.232000,744236.472082,-162117.230539,582119.241543,1.806053e+00,-1140.153894,589.290529,580.740058,1.189,0.242,0.060
4233,4.233000,744236.472267,-162080.665390,582155.806878,1.806104e+00,-1140.153907,589.290525,580.740057,1.149,0.216,0.056
4234,4.234000,744236.472453,-162044.116908,582192.355545,1.806155e+00,-1140.153921,589.290522,580.740055,1.200,1.562,0.058
4235,4.235000,744236.472639,-162007.585084,582228.887555,1.806205e+00,-1140.153934,589.290518,580.740053,1.087,0.224,0.071
4236,4.236000,744236.472824,-161971.069903,582265.402922,1.806256e+00,-1140.153947,589.290515,580.740051,1.560,0.414,0.055
4237,4.237000,744236.473010,-161934.571354,582301.901656,1.806306e+00,-1140.153961,589.290512,580.740049,1.319,0.411,0.061
4238,4.238000,744236.473196,-161898.089417,582338.383779,1.806357e+00,-1140.153974,589.290508,580.740047,1.319,0.267,0.055
4239,4.239000,744236.473381,-161861.624088,582374.849293,1.806407e+00,-1140.153987,589.290505,580.740045,1.993,0.213,0.055
4240,4.240000,744236.473567,-161825.175349,582411.298218,1.806458e+00,-1140.154001,589.290501,580.740043,1.147,0.221,0.058
4241,4.241000,744236.473753,-161788.743185,582447.730568,1.806508e+00,-1140.154014,589.290498,580.740041,1.278,1.170,0.060
4242,4.242000,744236.473938,-161752.327585,582484.146353,1.806559e+00,-1140.154027,589.290494,580.740039,1.042,0.208,0.053
4243,4.243000,744236.474124,-161715.928536,582520.545588,1.806609e+00,-1140.154041,589.290491,580.740037,10.192,5.936,0.052
4244,4.244000,744236.474309,-161679.546027,582556.928282,1.806659e+00,-1140.154054,589.290488,580.740035,1.163,0.268,0.056
4245,4.245000,744236.474495,-161643.180041,582593.294454,1.806710e+00,-1140.154067,589.290484,580.740033,15.507,5.753,0.068
4246,4.246000,744236.474680,-161606.830565,582629.644115,1.806760e+00,-1140.154080,589.290481,580.740030,1.160,0.210,0.066
4247,4.247000,744236.474866,-161570.497590,582665.977275,1.806810e+00,-1140.154094,589.290477,580.740028,1.080,0.251,0.039
4248,4.248000,744236.475051,-161534.181099,582702.293952,1.806861e+00,-1140.154107,589.290474,580.740026,1.155,0.229,0.042
4249,4.249000,744236.475236,-161497.881078,582738.594159,1.806911e+00,-1140.154120,589.290470,580.740024,1.129,0.450,0.052
4250,4.250000,744236.475422,-161461.597512,582774.877910,1.806961e+00,-1140.154134,589.290467,580.740022,1.006,0.189,0.041
4251,4.251000,744236.475607,-161425.330390,582811.145217,1.807011e+00,-1140.154147,589.290464,580.740019,1.177,1.324,0.038
4252,4.252000,744236.475793,-161389.079696,582847.396097,1.807062e+00,-1140.154160,589.290460,580.740017,1.363,0.461,0.045
4253,4.253000,744236.475978,-161352.845418,582883.630561,1.807112e+00,-1140.154173,589.290457,580.740015,1.117,0.245,0.050
4254,4.254000,744236.476164,-161316.627542,582919.848622,1.807162e+00,-1140.154187,589.290453,580.740013,1.042,0.446,0.048
4255,4.255000,744236.476350,-161280.426055,582956.050295,1.807212e+00,-1140.154200,589.290450,580.740011,1.097,0.503,0.052
4256,4.256000,744236.476536,-161244.240942,582992.235594,1.807262e+00,-1140.154213,589.290446,580.740010,1.248,1.828,0.038
4257,4.257000,744236.476722,-161208.072192,583028.404530,1.807312e+00,-1140.154227,589.290443,580.740008,1.042,0.196,0.046
4258,4.258000,744236.476908,-161171.919792,583064.557116,1.807362e+00,-1140.154240,589.290439,580.740006,1.196,0.489,0.054
4259,4.259000,744236.477093,-161135.783726,583100.693368,1.807412e+00,-1140.154253,589.290436,580.740004,1.750,0.571,0.044
4260,4.260000,744236.477279,-161099.663981,583136.813299,1.807462e+00,-1140.154266,589.290432,580.740002,1.044,0.453,0.052
4261,4.261000,744236.477465,-161063.560536,583172.916929,1.807512e+00,-1140.154280,589.290429,580.740000,1.177,0.275,0.040
4262,4.262000,744236.477651,-161027.473391,583209.004260,1.807562e+00,-1140.154293,589.290425,580.739998,1.080,0.205,0.045
4263,4.263000,744236.477837,-160991.402523,583245.075313,1.807612e+00,-1140.154306,589.290422,580.739996,1.038,0.279,0.051
4264,4.264000,744236.478023,-160955.347927,583281.130096,1.807662e+00,-1140.154320,589.290419,580.739994,1.121,0.640,0.063
4265,4.265000,744236.478209,-160919.309589,583317.168620,1.807712e+00,-1140.154333,589.290415,580.739992,1.089,0.206,0.046
4266,4.266000,744236.478394,-160883.287495,583353.190899,1.807762e+00,-1140.154346,589.290412,580.739990,1.742,0.286,0.059
4267,4.267000,744236.478579,-160847.281628,583389.196951,1.807812e+00,-1140.154359,589.290409,580.739988,1.251,0.738,0.056
4268,4.268000,744236.478764,-160811.291985,583425.186779,1.807862e+00,-1140.154371,589.290405,580.739986,1.033,0.205,0.056
4269,4.269000,744236.478949,-160775.318544,583461.160405,1.807912e+00,-1140.154384,589.290402,580.739984,1.154,0.747,0.050
4270,4.270000,744236.479134,-160739.361293,583497.117840,1.807961e+00,-1140.154397,589.290398,580.739982,1.006,0.199,0.046
4271,4.271000,744236.479318,-160703.420221,583533.059097,1.808011e+00,-1140.154410,589.290395,580.739981,3.013,0.642,0.127
4272,4.272000,744236.479503,-160667.495315,583568.984189,1.808061e+00,-1140.154422,589.290392,580.739979,1.360,0.291,0.071
4273,4.273000,744236.479688,-160631.586561,583604.893127,1.808111e+00,-1140.154435,589.290388,580.739977,1.004,0.228,0.051
4274,4.274000,744236.479873,-160595.693944,583640.785929,1.808160e+00,-1140.154448,589.290385,580.739975,1.150,0.234,0.042
4275,4.275000,744236.480058,-160559.817455,583676.662603,1.808210e+00,-1140.154460,589.290382,580.739973,1.183,0.480,0.051
4276,4.276000,744236.480243,-160523.957080,583712.523163,1.808260e+00,-1140.154473,589.290378,580.739971,1.051,0.203,0.037
4277,4.277000,744236.480428,-160488.112815,583748.367613,1.808309e+00,-1140.154486,589.290375,580.739969,1.103,0.786,0.049
4278,4.278000,744236.480613,-160452.284641,583784.195972,1.808359e+00,-1140.154499,589.290372,580.739967,1.170,0.470,0.069
4279,4.279000,744236.480798,-160416.472538,583820.008260,1.808408e+00,-1140.154511,589.290368,580.739965,1.048,0.486,0.045
4280,4.280000,744236.480983,-160380.676504,583855.804478,1.808458e+00,-1140.154524,589.290365,580.739963,1.055,0.432,0.046
4281,4.281000,744236.481167,-160344.896524,583891.584644,1.808508e+00,-1140.154537,589.290362,580.739961,1.049,0.196,0.041
4282,4.282000,744236.481352,-160309.132583,583927.348769,1.808557e+00,-1140.154550,589.290359,580.739960,1.092,0.205,0.046
4283,4.283000,744236.481537,-160273.384670,583963.096867,1.808607e+00,-1140.154562,589.290355,580.739958,3.522,4.025,0.124
4284,4.284000,744236.481722,-160237.652772,583998.828950,1.808656e+00,-1140.154575,589.290352,580.739956,1.755,0.620,4.117
4285,4.285000,744236.481907,-160201.936880,584034.545027,1.808706e+00,-1140.154588,589.290349,580.739954,1.393,0.292,0.078
4286,4.286000,744236.482091,-160166.236982,584070.245109,1.808755e+00,-1140.154601,589.290346,580.739952,1.791,1.290,0.058
4287,4.287000,744236.482276,-160130.553060,584105.929216,1.808804e+00,-1140.154613,589.290342,580.739950,1.020,0.269,0.057
4288,4.288000,744236.482461,-160094.885112,584141.597349,1.808854e+00,-1140.154626,589.290339,580.739948,3.530,5.572,0.116
4289,4.289000,744236.482646,-160059.233126,584177.249520,1.808903e+00,-1140.154639,589.290336,580.739946,10.079,21.796,0.048
4290,4.290000,744236.482830,-160023.597079,584212.885751,1.808952e+00,-1140.154651,589.290333,580.739944,1.037,9.322,0.049
4291,4.291000,744236.483015,-159987.976967,584248.506048,1.809002e+00,-1140.154664,589.290329,580.739942,1.118,0.222,0.047
4292,4.292000,744236.483200,-159952.372782,584284.110418,1.809051e+00,-1140.154676,589.290326,580.739940,1.717,0.280,0.085
4293,4.293000,744236.483386,-159916.784507,584319.698878,1.809100e+00,-1140.154689,589.290323,580.739938,1.117,0.347,0.064
4294,4.294000,744236.483572,-159881.212138,584355.271434,1.809150e+00,-1140.154701,589.290319,580.739936,1.188,22.919,0.037
4295,4.295000,744236.483759,-159845.655661,584390.828098,1.809199e+00,-1140.154713,589.290316,580.739935,1.253,0.926,0.054
4296,4.296000,744236.483945,-159810.115068,584426.368878,1.809248e+00,-1140.154724,589.290312,580.739933,2.421,0.786,0.131
4297,4.297000,744236.484132,-159774.590341,584461.893791,1.809297e+00,-1140.154736,589.290309,580.739931,1.002,0.193,0.050
4298,4.298000,744236.484318,-159739.081477,584497.402841,1.809346e+00,-1140.154748,589.290306,580.739929,1.132,0.216,0.050
4299,4.299000,744236.484505,-159703.588464,584532.896041,1.809396e+00,-1140.154760,589.290302,580.739927,1.283,0.801,0.072
4300,4.300000,744236.484691,-159668.111284,584568.373407,1.809445e+00,-1140.154772,589.290299,580.739925,2.076,0.538,0.124
4301,4.301000,744236.484878,-159632.649935,584603.834943,1.809494e+00,-1140.154784,589.290295,580.739923,2.174,0.923,0.125
4302,4.302000,744236.485064,-159597.204402,584639.280662,1.809543e+00,-1140.154795,589.290292,580.739921,1.167,0.256,0.047
4303,4.303000,744236.485250,-159561.774676,584674.710574,1.809592e+00,-1140.154807,589.290289,580.739919,8.712,0.203,0.041
4304,4.304000,744236.485436,-159526.360746,584710.124690,1.809641e+00,-1140.154818,589.290285,580.739917,1.054,0.228,0.044
4305,4.305000,744236.485623,-159490.962604,584745.523018,1.809690e+00,-1140.154830,589.290282,580.739915,3.405,0.661,0.050
4306,4.306000,744236.485809,-159455.580234,584780.905575,1.809739e+00,-1140.154842,589.290278,580.739914,1.096,8.969,0.055
4307,4.307000,744236.485995,-159420.213631,584816.272364,1.809788e+00,-1140.154853,589.290275,580.739912,2.292,1.300,0.108
4308,4.308000,744236.486181,-159384.862782,584851.623399,1.809837e+00,-1140.154865,589.290272,580.739910,1.427,0.494,0.056
4309,4.309000,744236.486367,-159349.527678,584886.958689,1.809886e+00,-1140.154876,589.290268,580.739908,1.270,0.268,0.077
4310,4.310000,744236.486554,-159314.208306,584922.278248,1.809935e+00,-1140.154888,589.290265,580.739906,1.229,0.512,0.553
4311,4.311000,744236.486740,-159278.904659,584957.582081,1.809984e+00,-1140.154899,589.290261,580.739904,1.423,0.206,0.054
4312,4.312000,744236.486926,-159243.616725,584992.870201,1.810033e+00,-1140.154911,589.290258,580.739902,7.612,0.276,0.109
4313,4.313000,744236.487113,-159208.344493,585028.142619,1.810081e+00,-1140.154923,589.290254,580.739900,1.132,0.223,0.049
4314,4.314000,744236.487299,-159173.087955,585063.399343,1.810130e+00,-1140.154934,589.290251,580.739898,1.034,0.194,0.043
4315,4.315000,744236.487484,-159137.847103,585098.640381,1.810179e+00,-1140.154946,589.290247,580.739897,1.021,0.195,0.046
4316,4.316000,744236.487669,-159102.621921,585133.865748,1.810228e+00,-1140.154957,589.290244,580.739895,1.177,3.761,0.047
4317,4.317000,744236.487854,-159067.412401,585169.075453,1.810276e+00,-1140.154969,589.290240,580.739894,1.125,0.239,0.044
4318,4.318000,744236.488038,-159032.218528,585204.269510,1.810325e+00,-1140.154980,589.290237,580.739892,1.187,2.393,0.040
4319,4.319000,744236.488223,-158997.040293,585239.447930,1.810374e+00,-1140.154992,589.290233,580.739891,1.214,0.251,0.047
4320,4.320000,744236.488408,-158961.877686,585274.610722,1.810423e+00,-1140.155004,589.290230,580.739889,1.060,0.222,0.055
4321,4.321000,744236.488592,-158926.730696,585309.757896,1.810471e+00,-1140.155015,589.290226,580.739888,1.213,0.228,0.052
4322,4.322000,744236.488777,-158891.599312,585344.889465,1.810520e+00,-1140.155027,589.290223,580.739886,1.201,0.463,0.043
4323,4.323000,744236.488961,-158856.483518,585380.005444,1.810569e+00,-1140.155038,589.290219,580.739885,1.028,0.400,0.055
4324,4.324000,744236.489146,-158821.383306,585415.105840,1.810617e+00,-1140.155050,589.290216,580.739884,1.037,0.253,0.049
4325,4.325000,744236.489331,-158786.298663,585450.190668,1.810666e+00,-1140.155061,589.290212,580.739882,2.388,0.425,0.047
4326,4.326000,744236.489515,-158751.229573,585485.259943,1.810714e+00,-1140.155073,589.290209,580.739881,4.608,0.457,0.060
4327,4.327000,744236.489700,-158716.176025,585520.313675,1.810763e+00,-1140.155084,589.290205,580.739879,1.095,1.246,0.043
4328,4.328000,744236.489885,-158681.138006,585555.351879,1.810811e+00,-1140.155096,589.290202,580.739878,1.313,0.251,0.050
4329,4.329000,744236.490070,-158646.115503,585590.374567,1.810860e+00,-1140.155107,589.290198,580.739876,1.134,0.230,0.053
4330,4.330000,744236.490255,-158611.108496,585625.381759,1.810908e+00,-1140.155119,589.290195,580.739874,1.102,0.231,0.053
4331,4.331000,744236.490440,-158576.116978,585660.373462,1.810957e+00,-1140.155131,589.290191,580.739873,1.148,3.703,0.049
4332,4.332000,744236.490625,-158541.140929,585695.349695,1.811005e+00,-1140.155142,589.290188,580.739871,1.173,0.238,0.077
4333,4.333000,744236.490809,-158506.180336,585730.310473,1.811054e+00,-1140.155154,589.290184,580.739869,1.078,0.321,0.054
4334,4.334000,744236.490994,-158471.235178,585765.255816,1.811102e+00,-1140.155165,589.290181,580.739868,1.455,0.365,0.085
4335,4.335000,744236.491179,-158436.305437,585800.185742,1.811150e+00,-1140.155177,589.290178,580.739866,1.147,0.207,0.043
4336,4.336000,744236.491364,-158401.391093,585835.100271,1.811199e+00,-1140.155188,589.290174,580.739864,1.246,23.538,0.045
4337,4.337000,744236.491549,-158366.492128,585869.999421,1.811247e+00,-1140.155200,589.290171,580.739863,1.045,0.818,0.053
4338,4.338000,744236.491734,-158331.608522,585904.883212,1.811295e+00,-1140.155211,589.290168,580.739861,1.899,1.243,0.046
4339,4.339000,744236.491919,-158296.740253,585939.751666,1.811344e+00,-1140.155223,589.290164,580.739859,1.008,13.756,0.044
4340,4.340000,744236.492104,-158261.887298,585974.604806,1.811392e+00,-1140.155234,589.290161,580.739858,3.585,1.922,0.121
4341,4.341000,744236.492289,-158227.049635,586009.442654,1.811440e+00,-1140.155245,589.290158,580.739856,1.029,0.805,0.045
4342,4.342000,744236.492474,-158192.227239,586044.265235,1.811488e+00,-1140.155257,589.290154,580.739854,1.121,0.632,0.038
4343,4.343000,744236.492659,-158157.420088,586079.072570,1.811537e+00,-1140.155268,589.290151,580.739853,1.328,0.274,0.048
4344,4.344000,744236.492844,-158122.628150,586113.864693,1.811585e+00,-1140.155279,589.290148,580.739851,1.232,0.250,0.053
4345,4.345000,744236.493028,-158087.851399,586148.641629,1.811633e+00,-1140.155291,589.290144,580.739849,1.094,0.213,0.053
4346,4.346000,744236.493213,-158053.089808,586183.403405,1.811681e+00,-1140.155302,589.290141,580.739847,1.081,1.525,0.053
4347,4.347000,744236.493398,-158018.343341,586218.150057,1.811729e+00,-1140.155313,589.290138,580.739845,1.079,0.257,0.058
4348,4.348000,744236.493583,-157983.611970,586252.881613,1.811777e+00,-1140.155325,589.290134,580.739843,1.174,0.359,0.050
4349,4.349000,744236.493768,-157948.895660,586287.598108,1.811825e+00,-1140.155336,589.290131,580.739841,1.088,0.984,0.052
4350,4.350000,744236.493953,-157914.194375,586322.299578,1.811873e+00,-1140.155347,589.290128,580.739839,1.079,0.232,0.046
4351,4.351000,744236.494138,-157879.508082,586356.986056,1.811921e+00,-1140.155359,589.290125,580.739838,1.602,0.255,0.052
4352,4.352000,744236.494323,-157844.836741,586391.657582,1.811969e+00,-1140.155370,589.290121,580.739836,1.096,0.219,0.034
4353,4.353000,744236.494508,-157810.180315,586426.314192,1.812017e+00,-1140.155382,589.290118,580.739834,1.061,0.227,0.047
4354,4.354000,744236.494692,-157775.538762,586460.955930,1.812065e+00,-1140.155393,589.290115,580.739832,1.249,0.274,0.040
4355,4.355000,744236.494877,-157740.912042,586495.582835,1.812113e+00,-1140.155404,589.290112,580.739830,1.099,0.371,0.050
4356,4.356000,744236.495062,-157706.300115,586530.194947,1.812161e+00,-1140.155416,589.290108,580.739828,1.084,0.202,0.060
4357,4.357000,744236.495247,-157671.702938,586564.792309,1.812209e+00,-1140.155427,589.290105,580.739826,1.065,0.223,0.047
4358,4.358000,744236.495432,-157637.120462,586599.374970,1.812257e+00,-1140.155438,589.290102,580.739824,1.440,0.349,0.098
4359,4.359000,744236.495617,-157602.552647,586633.942971,1.812305e+00,-1140.155450,589.290098,580.739823,1.094,1.202,0.056
4360,4.360000,744236.495799,-157567.999442,586668.496357,1.812353e+00,-1140.155461,589.290095,580.739821,1.118,0.208,0.059
4361,4.361000,744236.495979,-157533.460807,586703.035172,1.812401e+00,-1140.155472,589.290092,580.739820,1.176,0.260,0.051
4362,4.362000,744236.496158,-157498.936689,586737.559468,1.812448e+00,-1140.155484,589.290089,580.739819,1.095,0.209,0.050
4363,4.363000,744236.496337,-157464.427045,586772.069292,1.812496e+00,-1140.155495,589.290085,580.739818,1.159,0.314,0.052
4364,4.364000,744236.496516,-157429.931821,586806.564695,1.812544e+00,-1140.155506,589.290082,580.739817,1.029,0.841,0.039
4365,4.365000,744236.496696,-157395.450976,586841.045720,1.812592e+00,-1140.155517,589.290079,580.739817,1.181,1.317,0.045
4366,4.366000,744236.496875,-157360.984453,586875.512422,1.812639e+00,-1140.155528,589.290076,580.739816,1.078,0.826,0.045
4367,4.367000,744236.497054,-157326.532212,586909.964842,1.812687e+00,-1140.155539,589.290072,580.739815,1.081,0.223,1.094
4368,4.368000,744236.497234,-157292.094207,586944.403028,1.812735e+00,-1140.155550,589.290069,580.739813,1.048,0.242,0.051
4369,4.369000,744236.497414,-157257.670393,586978.827021,1.812782e+00,-1140.155562,589.290066,580.739812,1.069,0.579,0.052
4370,4.370000,744236.497594,-157223.260727,587013.236867,1.812830e+00,-1140.155573,589.290063,580.739811,1.191,0.815,0.053
4371,4.371000,744236.497773,-157188.865170,587047.632603,1.812878e+00,-1140.155584,589.290059,580.739810,1.044,0.563,0.044
4372,4.372000,744236.497953,-157154.483680,587082.014273,1.812925e+00,-1140.155595,589.290056,580.739809,1.121,0.222,0.048
4373,4.373000,744236.498133,-157120.116223,587116.381910,1.812973e+00,-1140.155606,589.290053,580.739808,1.103,0.218,0.043
4374,4.374000,744236.498313,-157085.762762,587150.735551,1.813020e+00,-1140.155617,589.290050,580.739807,1.112,0.468,0.041
4375,4.375000,744236.498492,-157051.423262,587185.075230,1.813068e+00,-1140.155628,589.290046,580.739805,1.114,0.214,0.053
4376,4.376000,744236.498672,-157017.097697,587219.400975,1.813116e+00,-1140.155639,589.290043,580.739804,1.107,0.261,0.052
4377,4.377000,744236.498852,-156982.786043,587253.712808,1.813163e+00,-1140.155650,589.290040,580.739803,1.326,0.216,0.053
4378,4.378000,744236.499032,-156948.488273,587288.010759,1.813211e+00,-1140.155662,589.290037,580.739802,1.142,0.442,0.051
4379,4.379000,744236.499211,-156914.204364,587322.294847,1.813258e+00,-1140.155673,589.290033,580.739801,1.030,0.196,0.046
4380,4.380000,744236.499391,-156879.934304,587356.565087,1.813305e+00,-1140.155684,589.290030,580.739800,1.036,0.204,0.043
4381,4.381000,744236.499571,-156845.678074,587390.821496,1.813353e+00,-1140.155695,589.290027,580.739798,1.075,0.223,0.050
4382,4.382000,744236.499751,-156811.435666,587425.064085,1.813400e+00,-1140.155706,589.290024,580.739797,1.154,0.488,0.050
4383,4.383000,744236.499930,-156777.207070,587459.292860,1.813448e+00,-1140.155717,589.290021,580.739796,1.185,0.203,0.051
4384,4.384000,744236.500110,-156742.992283,587493.507827,1.813495e+00,-1140.155728,589.290017,580.739795,1.040,0.195,0.049
4385,4.385000,744236.500290,-156708.791306,587527.708984,1.813542e+00,-1140.155739,589.290014,580.739794,1.145,0.242,0.049
4386,4.386000,744236.500470,-156674.604138,587561.896332,1.813590e+00,-1140.155750,589.290011,580.739793,1.075,0.220,0.041
4387,4.387000,744236.500649,-156640.430785,587596.069865,1.813637e+00,-1140.155762,589.290008,580.739791,1.216,0.781,0.054
4388,4.388000,744236.500829,-156606.271250,587630.229579,1.813684e+00,-1140.155773,589.290004,580.739790,1.146,0.248,0.049
4389,4.389000,744236.501009,-156572.125544,587664.375465,1.813732e+00,-1140.155784,589.290001,580.739789,1.082,0.243,0.057
4390,4.390000,744236.501189,-156537.993677,587698.507512,1.813779e+00,-1140.155795,589.289998,580.739788,1.125,0.236,0.055
4391,4.391000,744236.501369,-156503.875663,587732.625705,1.813826e+00,-1140.155806,589.289994,580.739787,1.170,0.291,0.082
4392,4.392000,744236.501548,-156469.771516,587766.730033,1.813873e+00,-1140.155817,589.289991,580.739786,1.159,0.287,0.054
4393,4.393000,744236.501728,-156435.681251,587800.820477,1.813921e+00,-1140.155828,589.289988,580.739784,1.077,0.233,0.060
4394,4.394000,744236.501908,-156401.604885,587834.897023,1.813968e+00,-1140.155839,589.289984,580.739783,1.111,0.285,0.056
4395,4.395000,744236.502088,-156367.542436,587868.959652,1.814015e+00,-1140.155850,589.289981,580.739782,1.120,0.674,0.048
4396,4.396000,744236.502268,-156333.493927,587903.008341,1.814062e+00,-1140.155861,589.289978,580.739781,1.224,0.231,0.048
4397,4.397000,744236.502447,-156299.459372,587937.043076,1.814109e+00,-1140.155872,589.289974,580.739780,1.080,0.198,0.043
4398,4.398000,744236.502627,-156265.438788,587971.063838,1.814156e+00,-1140.155883,589.289971,580.739779,1.019,0.235,0.040
4399,4.399000,744236.502805,-156231.432197,588005.070608,1.814203e+00,-1140.155894,589.289968,580.739777,1.102,0.252,0.052
4400,4.400000,744236.502983,-156197.439619,588039.063364,1.814251e+00,-1140.155905,589.289964,580.739775,1.275,2.560,0.052
4401,4.401000,744236.503161,-156163.461073,588073.042089,1.814298e+00,-1140.155916,589.289961,580.739774,1.212,0.304,0.068
4402,4.402000,744236.503340,-156129.496575,588107.006765,1.814345e+00,-1140.155927,589.289957,580.739772,1.107,16.303,0.054
4403,4.403000,744236.503518,-156095.546142,588140.957375,1.814392e+00,-1140.155938,589.289954,580.739770,1.181,0.205,0.064
4404,4.404000,744236.503696,-156061.609794,588174.893903,1.814439e+00,-1140.155949,589.289951,580.739769,1.046,0.197,0.037
4405,4.405000,744236.503875,-156027.687541,588208.816334,1.814486e+00,-1140.155960,589.289947,580.739767,1.213,0.195,0.039
4406,4.406000,744236.504053,-155993.779402,588242.724651,1.814533e+00,-1140.155971,589.289944,580.739766,1.141,0.321,0.046
4407,4.407000,744236.504231,-155959.885389,588276.618843,1.814579e+00,-1140.155982,589.289941,580.739764,1.171,0.227,0.050
4408,4.408000,744236.504410,-155926.005512,588310.498898,1.814626e+00,-1140.155993,589.289937,580.739762,1.133,0.225,0.062
4409,4.409000,744236.504589,-155892.139784,588344.364805,1.814673e+00,-1140.156004,589.289934,580.739760,1.300,0.224,0.050
4410,4.410000,744236.504767,-155858.288221,588378.216546,1.814720e+00,-1140.156015,589.289930,580.739758,2.361,0.756,0.136
4411,4.411000,744236.504946,-155824.450827,588412.054119,1.814767e+00,-1140.156026,589.289927,580.739757,1.185,7.316,0.058
4412,4.412000,744236.505125,-155790.627610,588445.877514,1.814814e+00,-1140.156037,589.289924,580.739755,1.204,1.304,0.069
4413,4.413000,744236.505303,-155756.818578,588479.686725,1.814861e+00,-1140.156048,589.289921,580.739753,1.028,8.303,0.049
4414,4.414000,744236.505480,-155723.023739,588513.481741,1.814907e+00,-1140.156058,589.289917,580.739751,1.201,0.229,0.052
4415,4.415000,744236.505658,-155689.243102,588547.262556,1.814954e+00,-1140.156069,589.289914,580.739750,1.227,0.301,0.048
4416,4.416000,744236.505835,-155655.476667,588581.029168,1.815001e+00,-1140.156079,589.289910,580.739748,1.339,0.284,0.049
4417,4.417000,744236.506013,-155621.724438,588614.781574,1.815048e+00,-1140.156090,589.289907,580.739746,1.060,0.203,0.047
4418,4.418000,744236.506190,-155587.986422,588648.519768,1.815094e+00,-1140.156100,589.289904,580.739744,1.061,0.202,0.045
4419,4.419000,744236.506367,-155554.262615,588682.243753,1.815141e+00,-1140.156111,589.289900,580.739743,1.041,0.231,0.043
4420,4.420000,744236.506545,-155520.553022,588715.953523,1.815188e+00,-1140.156121,589.289897,580.739741,1.333,0.627,0.043
4421,4.421000,744236.506722,-155486.857644,588749.649079,1.815234e+00,-1140.156132,589.289894,580.739739,1.051,0.574,0.046
4422,4.422000,744236.506900,-155453.176478,588783.330422,1.815281e+00,-1140.156142,589.289890,580.739737,1.079,0.457,0.059
4423,4.423000,744236.507077,-155419.509516,588816.997562,1.815328e+00,-1140.156153,589.289887,580.739736,2.750,0.708,0.187
4424,4.424000,744236.507255,-155385.856763,588850.650492,1.815374e+00,-1140.156163,589.289883,580.739734,1.108,0.217,0.056
4425,4.425000,744236.507432,-155352.218213,588884.289219,1.815421e+00,-1140.156174,589.289880,580.739732,1.045,0.195,0.047
4426,4.426000,744236.507610,-155318.593868,588917.913742,1.815467e+00,-1140.156184,589.289877,580.739730,1.128,0.613,0.058
4427,4.427000,744236.507787,-155284.983720,588951.524067,1.815514e+00,-1140.156195,589.289873,580.739729,1.156,0.238,0.062
4428,4.428000,744236.507965,-155251.387769,588985.120196,1.815561e+00,-1140.156205,589.289870,580.739727,1.154,0.219,0.053
4429,4.429000,744236.508142,-155217.806009,589018.702133,1.815607e+00,-1140.156216,589.289867,580.739725,1.327,0.265,0.052
4430,4.430000,744236.508320,-155184.238437,589052.269882,1.815654e+00,-1140.156226,589.289864,580.739723,1.090,0.550,0.054
4431,4.431000,744236.508497,-155150.685047,589085.823449,1.815700e+00,-1140.156237,589.289860,580.739721,1.181,0.278,0.047
4432,4.432000,744236.508674,-155117.145835,589119.362839,1.815746e+00,-1140.156247,589.289857,580.739719,1.194,0.229,0.055
4433,4.433000,744236.508851,-155083.620796,589152.888055,1.815793e+00,-1140.156258,589.289854,580.739717,1.092,0.238,0.052
4434,4.434000,744236.509028,-155050.109924,589186.399104,1.815839e+00,-1140.156268,589.289851,580.739715,1.103,0.233,0.051
4435,4.435000,744236.509205,-155016.613212,589219.895993,1.815886e+00,-1140.156279,589.289847,580.739713,2.917,0.830,0.062
4436,4.436000,744236.509383,-154983.130660,589253.378723,1.815932e+00,-1140.156289,589.289844,580.739711,1.362,0.353,0.061
4437,4.437000,744236.509560,-154949.662257,589286.847303,1.815978e+00,-1140.156300,589.289841,580.739710,1.172,0.243,0.057
4438,4.438000,744236.509737,-154916.208002,589320.301735,1.816025e+00,-1140.156310,589.289838,580.739708,1.068,0.236,0.047
4439,4.439000,744236.509914,-154882.767892,589353.742022,1.816071e+00,-1140.156321,589.289834,580.739706,1.056,0.208,0.045
4440,4.440000,744236.510091,-154849.341919,589387.168173,1.816117e+00,-1140.156331,589.289831,580.739704,2.750,0.233,0.054
4441,4.441000,744236.510268,-154815.930072,589420.580196,1.816163e+00,-1140.156342,589.289828,580.739702,1.255,0.294,0.052
4442,4.442000,744236.510445,-154782.532350,589453.978096,1.816210e+00,-1140.156352,589.289825,580.739700,1.019,0.199,0.044
4443,4.443000,744236.510623,-154749.148746,589487.361876,1.816256e+00,-1140.156363,589.289821,580.739698,1.070,0.200,0.043
4444,4.444000,744236.510800,-154715.779257,589520.731543,1.816302e+00,-1140.156373,589.289818,580.739696,1.128,0.259,0.055
4445,4.445000,744236.510977,-154682.423877,589554.087100,1.816348e+00,-1140.156384,589.289815,580.739694,1.066,7.693,0.052
4446,4.446000,744236.511154,-154649.082603,589587.428552,1.816395e+00,-1140.156394,589.289812,580.739692,1.095,0.694,0.072
4447,4.447000,744236.511331,-154615.755425,589620.755907,1.816441e+00,-1140.156405,589.289808,580.739690,1.052,0.382,0.045
4448,4.448000,744236.511508,-154582.442339,589654.069169,1.816487e+00,-1140.156415,589.289805,580.739688,1.082,0.270,0.044
4449,4.449000,744236.511686,-154549.143339,589687.368347,1.816533e+00,-1140.156426,589.289802,580.739686,1.166,0.227,0.046
4450,4.450000,744236.511863,-154515.858420,589720.653443,1.816579e+00,-1140.156436,589.289799,580.739684,1.115,0.226,0.046
4451,4.451000,744236.512039,-154482.587578,589753.924461,1.816625e+00,-1140.156447,589.289795,580.739682,1.192,0.233,0.052
4452,4.452000,744236.512214,-154449.330808,589787.181406,1.816671e+00,-1140.156457,589.289792,580.739680,2.047,0.402,0.052
4453,4.453000,744236.512390,-154416.088106,589820.424284,1.816717e+00,-1140.156468,589.289789,580.739678,1.273,0.425,0.052
4454,4.454000,744236.512565,-154382.859467,589853.653098,1.816763e+00,-1140.156478,589.289786,580.739675,1.177,0.244,0.059
4455,4.455000,744236.512740,-154349.644889,589886.867852,1.816809e+00,-1140.156488,589.289782,580.739673,1.118,0.393,0.052
4456,4.456000,744236.512916,-154316.444365,589920.068551,1.816855e+00,-1140.156499,589.289779,580.739670,1.079,0.257,0.043
4457,4.457000,744236.513092,-154283.257892,589953.255200,1.816901e+00,-1140.156509,589.289776,580.739668,1.159,0.216,0.051
4458,4.458000,744236.513267,-154250.085464,589986.427803,1.816947e+00,-1140.156519,589.289773,580.739666,1.032,0.198,0.048
4459,4.459000,744236.513443,-154216.927075,590019.586367,1.816993e+00,-1140.156529,589.289769,580.739663,1.301,4.367,0.049
4460,4.460000,744236.513618,-154183.782723,590052.730894,1.817039e+00,-1140.156540,589.289766,580.739661,1.078,0.571,0.049
4461,4.461000,744236.513793,-154150.652405,590085.861388,1.817085e+00,-1140.156550,589.289763,580.739658,1.207,0.272,0.049
4462,4.462000,744236.513968,-154117.536118,590118.977850,1.817131e+00,-1140.156560,589.289760,580.739655,1.181,0.243,0.053
4463,4.463000,744236.514143,-154084.433854,590152.080289,1.817176e+00,-1140.156571,589.289756,580.739653,1.040,0.229,0.050
4464,4.464000,744236.514318,-154051.345612,590185.168707,1.817222e+00,-1140.156581,589.289753,580.739650,1.138,0.245,0.044
4465,4.465000,744236.514494,-154018.271386,590218.243107,1.817268e+00,-1140.156591,589.289750,580.739648,1.094,0.326,0.047
4466,4.466000,744236.514669,-153985.211177,590251.303492,1.817314e+00,-1140.156601,589.289747,580.739645,1.162,0.214,0.077
4467,4.467000,744236.514843,-153952.164978,590284.349865,1.817360e+00,-1140.156612,589.289743,580.739642,1.216,0.554,0.075
4468,4.468000,744236.515018,-153919.132779,590317.382239,1.817405e+00,-1140.156622,589.289740,580.739639,7.885,5.554,0.047
4469,4.469000,744236.515193,-153886.114583,590350.400610,1.817451e+00,-1140.156632,589.289737,580.739637,1.245,0.243,0.070
4470,4.470000,744236.515368,-153853.110384,590383.404984,1.817497e+00,-1140.156642,589.289733,580.739634,1.197,0.246,0.065
4471,4.471000,744236.515543,-153820.120179,590416.395363,1.817542e+00,-1140.156652,589.289730,580.739631,1.101,0.248,0.050
4472,4.472000,744236.515717,-153787.143962,590449.371756,1.817588e+00,-1140.156662,589.289727,580.739628,1.054,0.202,0.048
4473,4.473000,744236.515892,-153754.181730,590482.334161,1.817634e+00,-1140.156672,589.289724,580.739625,1.088,0.224,0.043
4474,4.474000,744236.516066,-153721.233481,590515.282585,1.817679e+00,-1140.156683,589.289720,580.739623,1.014,0.197,0.044
4475,4.475000,744236.516241,-153688.299204,590548.217036,1.817725e+00,-1140.156693,589.289717,580.739620,1.346,0.489,0.056
4476,4.476000,744236.516415,-153655.378898,590581.137517,1.817771e+00,-1140.156703,589.289714,580.739617,1.430,0.249,0.064
4477,4.477000,744236.516590,-153622.472556,590614.044034,1.817816e+00,-1140.156713,589.289711,580.739614,1.025,0.201,0.043
4478,4.478000,744236.516764,-153589.580179,590646.936585,1.817862e+00,-1140.156723,589.289707,580.739612,1.141,0.204,0.054
4479,4.479000,744236.516939,-153556.701754,590679.815184,1.817907e+00,-1140.156733,589.289704,580.739609,1.292,0.249,0.059
4480,4.480000,744236.517113,-153523.837283,590712.679830,1.817953e+00,-1140.156743,589.289701,580.739606,1.102,0.208,0.046
4481,4.481000,744236.517288,-153490.986757,590745.530531,1.817998e+00,-1140.156753,589.289698,580.739603,1.107,3.147,0.046
4482,4.482000,744236.517462,-153458.150173,590778.367289,1.818044e+00,-1140.156763,589.289694,580.739600,1.034,0.389,0.061
4483,4.483000,744236.517636,-153425.327525,590811.190111,1.818089e+00,-1140.156773,589.289691,580.739598,1.212,0.441,0.049
4484,4.484000,744236.517811,-153392.518809,590843.999001,1.818134e+00,-1140.156783,589.289688,580.739595,1.279,2.781,0.044
4485,4.485000,744236.517985,-153359.724019,590876.793966,1.818180e+00,-1140.156793,589.289684,580.739592,1.293,0.406,0.045
4486,4.486000,744236.518160,-153326.943150,590909.575010,1.818225e+00,-1140.156803,589.289681,580.739590,1.245,0.277,0.050
4487,4.487000,744236.518334,-153294.176193,590942.342141,1.818271e+00,-1140.156813,589.289678,580.739587,1.197,0.490,0.049
4488,4.488000,744236.518509,-153261.423149,590975.095360,1.818316e+00,-1140.156823,589.289674,580.739584,1.048,0.229,0.048
4489,4.489000,744236.518683,-153228.684007,591007.834676,1.818361e+00,-1140.156833,589.289671,580.739582,1.070,0.374,0.049
4490,4.490000,744236.518858,-153195.958768,591040.560090,1.818407e+00,-1140.156843,589.289668,580.739579,1.083,0.234,0.047
4491,4.491000,744236.519032,-153163.247418,591073.271614,1.818452e+00,-1140.156853,589.289664,580.739576,1.112,0.608,0.052
4492,4.492000,744236.519207,-153130.549952,591105.969255,1.818497e+00,-1140.156863,589.289661,580.739574,1.046,0.202,0.043
4493,4.493000,744236.519381,-153097.866364,591138.653017,1.818542e+00,-1140.156873,589.289658,580.739571,1.209,0.240,0.051
4494,4.494000,744236.519556,-153065.196651,591171.322905,1.818588e+00,-1140.156883,589.289654,580.739568,1.112,0.460,0.046
4495,4.495000,744236.519730,-153032.540803,591203.978927,1.818633e+00,-1140.156892,589.289651,580.739566,1.166,0.242,0.046
4496,4.496000,744236.519905,-152999.898817,591236.621088,1.818678e+00,-1140.156902,589.289648,580.739563,1.560,0.698,0.127
4497,4.497000,744236.520079,-152967.270680,591269.249399,1.818723e+00,-1140.156912,589.289644,580.739561,1.102,0.206,0.055
4498,4.498000,744236.520254,-152934.656388,591301.863866,1.818768e+00,-1140.156922,589.289641,580.739558,1.083,3.406,0.042
4499,4.499000,744236.520428,-152902.055939,591334.464489,1.818814e+00,-1140.156932,589.289638,580.739555,1.122,3.150,0.034
4500,4.500000,744236.520603,-152869.469322,591367.051281,1.818859e+00,-1140.156942,589.289635,580.739553,1.385,0.498,0.081
4501,4.501000,744236.520777,-152836.896531,591399.624247,1.818904e+00,-1140.156952,589.289631,580.739550,1.365,0.239,0.062
4502,4.502000,744236.520952,-152804.337557,591432.183395,1.818949e+00,-1140.156962,589.289628,580.739548,1.078,0.210,0.052
4503,4.503000,744236.521127,-152771.792393,591464.728733,1.818994e+00,-1140.156972,589.289625,580.739545,1.191,0.363,0.046
4504,4.504000,744236.521301,-152739.261033,591497.260268,1.819039e+00,-1140.156982,589.289621,580.739543,1.066,0.445,0.050
4505,4.505000,744236.521476,-152706.743470,591529.778006,1.819084e+00,-1140.156992,589.289618,580.739540,1.144,1.310,0.052
4506,4.506000,744236.521650,-152674.239693,591562.281958,1.819129e+00,-1140.157002,589.289615,580.739537,1.121,0.208,0.051
4507,4.507000,744236.521825,-152641.749692,591594.772133,1.819174e+00,-1140.157012,589.289611,580.739535,1.102,0.574,0.054
4508,4.508000,744236.522000,-152609.273464,591627.248535,1.819219e+00,-1140.157022,589.289608,580.739532,1.062,0.384,0.055
4509,4.509000,744236.522174,-152576.811001,591659.711173,1.819264e+00,-1140.157032,589.289605,580.739530,1.195,0.218,0.056
4510,4.510000,744236.522349,-152544.362292,591692.160057,1.819309e+00,-1140.157042,589.289601,580.739527,1.353,0.247,0.070
4511,4.511000,744236.522523,-152511.927331,591724.595192,1.819354e+00,-1140.157052,589.289598,580.739525,2.450,1.071,0.126
4512,4.512000,744236.522698,-152479.506109,591757.016589,1.819399e+00,-1140.157062,589.289595,580.739522,6.610,8.563,0.073
4513,4.513000,744236.522872,-152447.098617,591789.424256,1.819444e+00,-1140.157072,589.289591,580.739519,1.510,0.713,0.063
4514,4.514000,744236.523047,-152414.704846,591821.818201,1.819488e+00,-1140.157082,589.289588,580.739517,1.362,0.247,0.081
4515,4.515000,744236.523222,-152382.324786,591854.198436,1.819533e+00,-1140.157092,589.289585,580.739514,1.031,0.248,0.065
4516,4.516000,744236.523397,-152349.958431,591886.564966,1.819578e+00,-1140.157102,589.289581,580.739512,1.148,0.223,0.059
4517,4.517000,744236.523571,-152317.605772,591918.917799,1.819623e+00,-1140.157112,589.289578,580.739510,1.156,0.219,0.064
4518,4.518000,744236.523746,-152285.266798,591951.256948,1.819668e+00,-1140.157122,589.289575,580.739508,1.083,12.783,0.064
4519,4.519000,744236.523921,-152252.941501,591983.582420,1.819712e+00,-1140.157132,589.289572,580.739506,4.995,0.252,0.117
4520,4.520000,744236.524095,-152220.629870,592015.894225,1.819757e+00,-1140.157141,589.289568,580.739503,1.085,0.200,0.045
4521,4.521000,744236.524270,-152188.331898,592048.192372,1.819802e+00,-1140.157151,589.289565,580.739501,1.326,0.246,0.049
4522,4.522000,744236.524445,-152156.047580,592080.476865,1.819847e+00,-1140.157161,589.289562,580.739499,1.211,0.568,0.052
4523,4.523000,744236.524619,-152123.776900,592112.747720,1.819891e+00,-1140.157171,589.289558,580.739497,1.289,0.252,0.052
4524,4.524000,744236.524794,-152091.519849,592145.004945,1.819936e+00,-1140.157181,589.289555,580.739495,1.192,0.263,0.048
4525,4.525000,744236.524968,-152059.276423,592177.248546,1.819981e+00,-1140.157190,589.289552,580.739493,0.993,0.491,0.049
4526,4.526000,744236.525143,-152027.046609,592209.478534,1.820025e+00,-1140.157200,589.289548,580.739491,1.088,3.479,0.045
4527,4.527000,744236.525318,-151994.830398,592241.694920,1.820070e+00,-1140.157210,589.289545,580.739489,2.293,0.284,0.056
4528,4.528000,744236.525494,-151962.627780,592273.897714,1.820114e+00,-1140.157219,589.289542,580.739487,13.831,1.363,0.694
4529,4.529000,744236.525670,-151930.438746,592306.086925,1.820159e+00,-1140.157228,589.289538,580.739485,1.076,0.216,0.065
4530,4.530000,744236.525846,-151898.263287,592338.262559,1.820204e+00,-1140.157238,589.289535,580.739483,1.110,0.354,0.056
4531,4.531000,744236.526012,-151866.101394,592370.424619,1.820248e+00,-1140.157247,589.289532,580.739482,1.061,12.885,0.056
4532,4.532000,744236.526168,-151833.953058,592402.573110,1.820293e+00,-1140.157256,589.289528,580.739483,1.901,0.455,0.065
4533,4.533000,744236.526324,-151801.818271,592434.708053,1.820337e+00,-1140.157266,589.289525,580.739483,1.245,1.189,0.052
4534,4.534000,744236.526480,-151769.697022,592466.829458,1.820382e+00,-1140.157275,589.289522,580.739483,2.453,0.543,0.139
4535,4.535000,744236.526636,-151737.589301,592498.937335,1.820426e+00,-1140.157284,589.289518,580.739483,1.489,0.268,0.056
4536,4.536000,744236.526792,-151705.495099,592531.031693,1.820471e+00,-1140.157294,589.289515,580.739483,1.183,26.028,0.052
4537,4.537000,744236.526948,-151673.414406,592563.112542,1.820515e+00,-1140.157303,589.289512,580.739483,1.253,0.251,0.059
4538,4.538000,744236.527103,-151641.347213,592595.179890,1.820559e+00,-1140.157312,589.289509,580.739483,1.082,7.065,0.050
4539,4.539000,744236.527259,-151609.293512,592627.233747,1.820604e+00,-1140.157321,589.289505,580.739483,1.132,0.217,0.065
4540,4.540000,744236.527414,-151577.253291,592659.274123,1.820648e+00,-1140.157330,589.289502,580.739483,1.229,0.323,0.071
4541,4.541000,744236.527568,-151545.226540,592691.301028,1.820692e+00,-1140.157339,589.289499,580.739483,1.174,0.236,0.059
4542,4.542000,744236.527722,-151513.213252,592723.314470,1.820737e+00,-1140.157348,589.289495,580.739483,1.243,0.248,0.060
4543,4.543000,744236.527876,-151481.213420,592755.314456,1.820781e+00,-1140.157357,589.289492,580.739484,1.288,12.244,0.064
4544,4.544000,744236.528030,-151449.227030,592787.301000,1.820825e+00,-1140.157366,589.289489,580.739484,1.137,2.210,0.059
4545,4.545000,744236.528184,-151417.254077,592819.274107,1.820870e+00,-1140.157374,589.289485,580.739484,1.274,0.947,0.070
4546,4.546000,744236.528338,-151385.294549,592851.233789,1.820914e+00,-1140.157383,589.289482,580.739484,2.671,0.348,0.060
4547,4.547000,744236.528492,-151353.348436,592883.180056,1.820958e+00,-1140.157392,589.289479,580.739484,2.970,5.537,0.134
4548,4.548000,744236.528646,-151321.415732,592915.112913,1.821002e+00,-1140.157401,589.289475,580.739484,1.221,0.257,0.063
4549,4.549000,744236.528800,-151289.496427,592947.032373,1.821047e+00,-1140.157409,589.289472,580.739484,2.213,0.352,0.237
4550,4.550000,744236.528954,-151257.590508,592978.938445,1.821091e+00,-1140.157418,589.289469,580.739484,1.139,0.238,0.092
4551,4.551000,744236.529108,-151225.697976,593010.831132,1.821135e+00,-1140.157427,589.289465,580.739485,1.275,0.302,0.061
4552,4.552000,744236.529262,-151193.818816,593042.710446,1.821179e+00,-1140.157436,589.289462,580.739485,1.181,0.274,0.057
4553,4.553000,744236.529415,-151161.953018,593074.576398,1.821223e+00,-1140.157444,589.289459,580.739485,1.070,0.208,0.051
4554,4.554000,744236.529569,-151130.100575,593106.428995,1.821267e+00,-1140.157453,589.289455,580.739485,1.035,9.600,0.051
4555,4.555000,744236.529723,-151098.261476,593138.268248,1.821311e+00,-1140.157462,589.289452,580.739485,1.066,0.716,0.059
4556,4.556000,744236.529877,-151066.435714,593170.094164,1.821355e+00,-1140.157471,589.289449,580.739485,1.111,7.934,0.063
4557,4.557000,744236.530031,-151034.623280,593201.906752,1.821399e+00,-1140.157480,589.289445,580.739485,1.091,5.095,0.055
4558,4.558000,744236.530185,-151002.824165,593233.706020,1.821443e+00,-1140.157488,589.289442,580.739485,1.032,0.200,0.051
4559,4.559000,744236.530339,-150971.038360,593265.491980,1.821488e+00,-1140.157497,589.289439,580.739485,1.064,4.836,0.073
4560,4.560000,744236.530493,-150939.265853,593297.264640,1.821531e+00,-1140.157506,589.289435,580.739485,1.040,0.232,0.056
4561,4.561000,744236.530647,-150907.506640,593329.024007,1.821575e+00,-1140.157514,589.289432,580.739486,1.149,1.144,0.056
4562,4.562000,744236.530801,-150875.760711,593360.770090,1.821619e+00,-1140.157523,589.289429,580.739486,1.045,25.678,0.041
4563,4.563000,744236.530955,-150844.028057,593392.502898,1.821663e+00,-1140.157532,589.289425,580.739486,1.081,0.306,0.052
4564,4.564000,744236.531109,-150812.308669,593424.222440,1.821707e+00,-1140.157541,589.289422,580.739486,1.057,1.079,0.054
4565,4.565000,744236.531263,-150780.602540,593455.928723,1.821751e+00,-1140.157549,589.289419,580.739486,1.145,0.381,0.047
4566,4.566000,744236.531417,-150748.909661,593487.621756,1.821795e+00,-1140.157558,589.289415,580.739486,1.218,0.445,0.060
4567,4.567000,744236.531571,-150717.230023,593519.301548,1.821839e+00,-1140.157567,589.289412,580.739486,1.036,1.162,0.052
4568,4.568000,744236.531725,-150685.563616,593550.968108,1.821883e+00,-1140.157576,589.289409,580.739486,1.066,6.954,0.056
4569,4.569000,744236.531879,-150653.910437,593582.621441,1.821927e+00,-1140.157584,589.289405,580.739486,1.190,1.699,0.056
4570,4.570000,744236.532033,-150622.270472,593614.261560,1.821970e+00,-1140.157593,589.289402,580.739486,1.122,0.346,0.058
4571,4.571000,744236.532187,-150590.643717,593645.888469,1.822014e+00,-1140.157602,589.289399,580.739486,1.054,0.206,0.050
4572,4.572000,744236.532341,-150559.030162,593677.502178,1.822058e+00,-1140.157611,589.289395,580.739486,1.110,0.215,0.055
4573,4.573000,744236.532495,-150527.429800,593709.102695,1.822102e+00,-1140.157619,589.289392,580.739486,1.108,0.298,0.050
4574,4.574000,744236.532649,-150495.842620,593740.690029,1.822146e+00,-1140.157628,589.289389,580.739486,1.123,7.275,0.053
4575,4.575000,744236.532803,-150464.268616,593772.264186,1.822189e+00,-1140.157637,589.289385,580.739486,1.263,4.035,0.078
4576,4.576000,744236.532957,-150432.707781,593803.825176,1.822233e+00,-1140.157645,589.289382,580.739486,1.127,2.449,0.051
4577,4.577000,744236.533111,-150401.160105,593835.373005,1.822277e+00,-1140.157654,589.289379,580.739486,1.246,0.269,0.058
4578,4.578000,744236.533265,-150369.625584,593866.907681,1.822320e+00,-1140.157663,589.289376,580.739486,1.096,0.247,0.055
4579,4.579000,744236.533419,-150338.104207,593898.429211,1.822364e+00,-1140.157671,589.289372,580.739487,1.132,0.281,0.050
4580,4.580000,744236.533572,-150306.595967,593929.937606,1.822408e+00,-1140.157680,589.289369,580.739487,1.060,0.210,0.049
4581,4.581000,744236.533726,-150275.100854,593961.432872,1.822451e+00,-1140.157689,589.289366,580.739487,1.038,0.205,0.049
4582,4.582000,744236.533880,-150243.618863,593992.915017,1.822495e+00,-1140.157697,589.289362,580.739487,1.174,0.204,0.063
4583,4.583000,744236.534034,-150212.149986,594024.384049,1.822538e+00,-1140.157706,589.289359,580.739487,1.062,1.787,0.048
4584,4.584000,744236.534188,-150180.694211,594055.839977,1.822582e+00,-1140.157715,589.289356,580.739487,1.262,0.209,0.064
4585,4.585000,744236.534342,-150149.251536,594087.282807,1.822625e+00,-1140.157724,589.289353,580.739487,1.281,0.212,0.050
4586,4.586000,744236.534496,-150117.821950,594118.712547,1.822669e+00,-1140.157732,589.289349,580.739487,4.188,7.679,0.061
4587,4.587000,744236.534650,-150086.405445,594150.129205,1.822712e+00,-1140.157741,589.289346,580.739487,1.240,5.854,0.053
4588,4.588000,744236.534804,-150055.002015,594181.532789,1.822756e+00,-1140.157750,589.289343,580.739487,1.583,2.517,0.058
4589,4.589000,744236.534958,-150023.611655,594212.923303,1.822799e+00,-1140.157758,589.289340,580.739487,1.286,4.177,0.060
4590,4.590000,744236.535112,-149992.234352,594244.300760,1.822843e+00,-1140.157767,589.289336,580.739487,1.038,23.998,0.046
4591,4.591000,744236.535266,-149960.870100,594275.665166,1.822886e+00,-1140.157776,589.289333,580.739487,1.085,22.174,0.050
4592,4.592000,744236.535420,-149929.518892,594307.016528,1.822930e+00,-1140.157784,589.289330,580.739487,1.292,0.471,0.052
4593,4.593000,744236.535573,-149898.180721,594338.354853,1.822973e+00,-1140.157793,589.289327,580.739486,1.179,0.236,0.085
4594,4.594000,744236.535726,-149866.855574,594369.680153,1.823016e+00,-1140.157801,589.289324,580.739486,1.110,0.327,0.071
4595,4.595000,744236.535879,-149835.543450,594400.992429,1.823060e+00,-1140.157809,589.289321,580.739486,1.109,5.349,0.061
4596,4.596000,744236.536032,-149804.244339,594432.291693,1.823103e+00,-1140.157817,589.289317,580.739486,1.139,1.309,0.065
4597,4.597000,744236.536184,-149772.958229,594463.577956,1.823146e+00,-1140.157825,589.289314,580.739486,1.052,0.205,0.049
4598,4.598000,744236.536337,-149741.685116,594494.851221,1.823190e+00,-1140.157833,589.289311,580.739486,1.070,0.421,0.052
4599,4.599000,744236.536490,-149710.424991,594526.111499,1.823233e+00,-1140.157841,589.289308,580.739486,1.195,0.263,0.047
4600,4.600000,744236.536643,-149679.177848,594557.358795,1.823276e+00,-1140.157850,589.289304,580.739485,1.313,11.130,0.056
4601,4.601000,744236.536795,-149647.943676,594588.593119,1.823320e+00,-1140.157858,589.289301,580.739485,1.087,23.403,0.057
4602,4.602000,744236.536948,-149616.722468,594619.814480,1.823363e+00,-1140.157866,589.289297,580.739485,6.647,0.468,0.052
4603,4.603000,744236.537101,-149585.514218,594651.022883,1.823406e+00,-1140.157874,589.289294,580.739485,1.118,6.407,0.116
4604,4.604000,744236.537253,-149554.318912,594682.218341,1.823449e+00,-1140.157882,589.289291,580.739485,1.231,5.142,0.061
4605,4.605000,744236.537406,-149523.136547,594713.400859,1.823492e+00,-1140.157890,589.289287,580.739485,1.095,4.335,0.052
4606,4.606000,744236.537559,-149491.967116,594744.570443,1.823536e+00,-1140.157898,589.289284,580.739485,1.088,0.210,0.052
4607,4.607000,744236.537712,-149460.810610,594775.727102,1.823579e+00,-1140.157906,589.289281,580.739484,1.552,3.664,0.143
4608,4.608000,744236.537861,-149429.667014,594806.870847,1.823622e+00,-1140.157914,589.289277,580.739484,1.176,0.247,0.048
4609,4.609000,744236.538008,-149398.536323,594838.001685,1.823665e+00,-1140.157922,589.289274,580.739483,1.278,0.274,0.062
4610,4.610000,744236.538155,-149367.418531,594869.119623,1.823708e+00,-1140.157930,589.289271,580.739482,1.073,0.209,0.049
4611,4.611000,744236.538301,-149336.313629,594900.224672,1.823751e+00,-1140.157938,589.289267,580.739480,1.085,0.235,0.052
4612,4.612000,744236.538448,-149305.221610,594931.316838,1.823794e+00,-1140.157946,589.289264,580.739479,3.358,0.568,0.141
4613,4.613000,744236.538594,-149274.142467,594962.396128,1.823837e+00,-1140.157954,589.289261,580.739478,1.146,0.244,0.058
4614,4.614000,744236.538741,-149243.076189,594993.462552,1.823880e+00,-1140.157963,589.289257,580.739477,1.088,4.372,0.044
4615,4.615000,744236.538888,-149212.022771,595024.516117,1.823923e+00,-1140.157971,589.289254,580.739476,1.125,0.226,0.048
4616,4.616000,744236.539034,-149180.982202,595055.556832,1.823966e+00,-1140.157979,589.289250,580.739475,2.745,0.271,0.050
4617,4.617000,744236.539181,-149149.954476,595086.584705,1.824009e+00,-1140.157987,589.289247,580.739474,1.165,0.539,0.051
4618,4.618000,744236.539327,-149118.939582,595117.599745,1.824052e+00,-1140.157995,589.289244,580.739472,1.190,0.246,0.066
4619,4.619000,744236.539474,-149087.937511,595148.601963,1.824095e+00,-1140.158003,589.289241,580.739471,1.114,32.086,0.085
4620,4.620000,744236.539620,-149056.948259,595179.591361,1.824138e+00,-1140.158011,589.289237,580.739470,1.430,0.237,0.077
4621,4.621000,744236.539767,-149025.971818,595210.567949,1.824181e+00,-1140.158019,589.289234,580.739469,2.115,0.402,0.125
4622,4.622000,744236.539913,-148995.008172,595241.531741,1.824224e+00,-1140.158027,589.289231,580.739467,1.174,0.238,0.041
4623,4.623000,744236.540060,-148964.057315,595272.482745,1.824267e+00,-1140.158035,589.289227,580.739466,1.061,0.221,0.037
4624,4.624000,744236.540206,-148933.119237,595303.420969,1.824309e+00,-1140.158043,589.289224,580.739465,1.193,0.297,0.052
4625,4.625000,744236.540353,-148902.193934,595334.346419,1.824352e+00,-1140.158051,589.289221,580.739463,1.037,0.234,0.047
4626,4.626000,744236.540499,-148871.281393,595365.259106,1.824395e+00,-1140.158059,589.289217,580.739462,1.194,0.251,0.056
4627,4.627000,744236.540646,-148840.381607,595396.159039,1.824438e+00,-1140.158067,589.289214,580.739461,1.106,0.232,0.050
4628,4.628000,744236.540792,-148809.494566,595427.046226,1.824481e+00,-1140.158075,589.289211,580.739459,1.091,0.209,0.048
4629,4.629000,744236.540939,-148778.620262,595457.920677,1.824523e+00,-1140.158083,589.289207,580.739458,2.210,0.262,0.102
4630,4.630000,744236.541086,-148747.758684,595488.782401,1.824566e+00,-1140.158091,589.289204,580.739456,1.041,0.202,0.049
4631,4.631000,744236.541233,-148716.909825,595519.631407,1.824609e+00,-1140.158099,589.289201,580.739454,1.100,0.261,0.050
4632,4.632000,744236.541379,-148686.073676,595550.467703,1.824651e+00,-1140.158107,589.289197,580.739453,1.087,0.259,0.047
4633,4.633000,744236.541526,-148655.250228,595581.291298,1.824694e+00,-1140.158115,589.289194,580.739451,1.127,0.218,0.052
4634,4.634000,744236.541672,-148624.439469,595612.102203,1.824737e+00,-1140.158123,589.289191,580.739450,1.072,0.508,0.052
4635,4.635000,744236.541819,-148593.641390,595642.900429,1.824779e+00,-1140.158131,589.289187,580.739448,1.090,0.216,0.047
4636,4.636000,744236.541965,-148562.855981,595673.685984,1.824822e+00,-1140.158139,589.289184,580.739447,1.204,0.233,0.051
4637,4.637000,744236.542112,-148532.083236,595704.458876,1.824865e+00,-1140.158146,589.289181,580.739445,1.154,0.670,0.042
4638,4.638000,744236.542259,-148501.323143,595735.219115,1.824907e+00,-1140.158154,589.289177,580.739443,1.149,1.748,0.045
4639,4.639000,744236.542405,-148470.575694,595765.966711,1.824950e+00,-1140.158162,589.289174,580.739442,1.294,0.224,0.069
4640,4.640000,744236.542552,-148439.840881,595796.701670,1.824992e+00,-1140.158169,589.289170,580.739440,1.093,0.408,0.046
4641,4.641000,744236.542698,-148409.118696,595827.424002,1.825035e+00,-1140.158177,589.289167,580.739439,1.177,0.817,0.052
4642,4.642000,744236.542845,-148378.409126,595858.133719,1.825078e+00,-1140.158185,589.289164,580.739437,1.283,0.270,0.054
4643,4.643000,744236.542991,-148347.712169,595888.830822,1.825120e+00,-1140.158192,589.289160,580.739436,1.200,0.578,0.044
4644,4.644000,744236.543138,-148317.027811,595919.515327,1.825162e+00,-1140.158200,589.289157,580.739434,1.114,0.216,0.050
4645,4.645000,744236.543284,-148286.356039,595950.187245,1.825205e+00,-1140.158208,589.289154,580.739433,1.202,1.048,0.054
4646,4.646000,744236.543431,-148255.696851,595980.846580,1.825247e+00,-1140.158215,589.289150,580.739431,1.115,0.437,0.049
4647,4.647000,744236.543578,-148225.050232,596011.493345,1.825290e+00,-1140.158223,589.289147,580.739429,1.186,0.531,0.049
4648,4.648000,744236.543724,-148194.416175,596042.127550,1.825332e+00,-1140.158231,589.289143,580.739428,1.040,0.286,0.047
4649,4.649000,744236.543871,-148163.794665,596072.749206,1.825375e+00,-1140.158238,589.289140,580.739426,1.123,0.217,0.049
4650,4.650000,744236.544017,-148133.185699,596103.358318,1.825417e+00,-1140.158246,589.289137,580.739424,1.211,6.090,0.047
4651,4.651000,744236.544164,-148102.589266,596133.954898,1.825459e+00,-1140.158254,589.289133,580.739423,1.055,0.616,0.049
4652,4.652000,744236.544310,-148072.005355,596164.538956,1.825502e+00,-1140.158261,589.289130,580.739421,1.146,0.304,0.054
4653,4.653000,744236.544457,-148041.433961,596195.110496,1.825544e+00,-1140.158269,589.289126,580.739420,1.179,0.238,0.044
4654,4.654000,744236.544603,-148010.875074,596225.669529,1.825586e+00,-1140.158277,589.289123,580.739418,1.167,0.579,0.061
4655,4.655000,744236.544750,-147980.328683,596256.216067,1.825629e+00,-1140.158284,589.289120,580.739416,1.049,0.812,0.046
4656,4.656000,744236.544897,-147949.794778,596286.750118,1.825671e+00,-1140.158292,589.289116,580.739415,1.055,0.237,0.047
4657,4.657000,744236.545043,-147919.273350,596317.271693,1.825713e+00,-1140.158299,589.289113,580.739413,1.121,1.636,0.050
4658,4.658000,744236.545190,-147888.764387,596347.780803,1.825756e+00,-1140.158307,589.289109,580.739412,1.171,0.710,0.051
4659,4.659000,744236.545336,-147858.267884,596378.277452,1.825798e+00,-1140.158315,589.289106,580.739410,1.175,0.326,0.047
4660,4.660000,744236.545483,-147827.783830,596408.761653,1.825840e+00,-1140.158322,589.289103,580.739408,1.102,0.220,0.052
4661,4.661000,744236.545630,-147797.312215,596439.233415,1.825882e+00,-1140.158330,589.289099,580.739406,1.035,0.231,0.040
4662,4.662000,744236.545777,-147766.853031,596469.692745,1.825924e+00,-1140.158338,589.289096,580.739405,1.089,0.241,0.050
4663,4.663000,744236.545923,-147736.406268,596500.139656,1.825966e+00,-1140.158345,589.289092,580.739403,2.212,0.700,0.050
4664,4.664000,744236.546070,-147705.971918,596530.574153,1.826009e+00,-1140.158353,589.289089,580.739401,1.097,0.463,0.051
4665,4.665000,744236.546217,-147675.549969,596560.996248,1.826051e+00,-1140.158361,589.289085,580.739399,1.068,0.454,0.051
4666,4.666000,744236.546364,-147645.140415,596591.405949,1.826093e+00,-1140.158368,589.289082,580.739397,1.069,0.203,0.051
4667,4.667000,744236.546511,-147614.743246,596621.803265,1.826135e+00,-1140.158376,589.289079,580.739395,1.331,0.231,0.058
4668,4.668000,744236.546658,-147584.358452,596652.188205,1.826177e+00,-1140.158384,589.289075,580.739394,1.267,2.400,0.062
4669,4.669000,744236.546804,-147553.986026,596682.560779,1.826219e+00,-1140.158391,589.289072,580.739392,1.021,15.097,0.057
4670,4.670000,744236.546892,-147523.625956,596712.920935,1.826261e+00,-1140.158395,589.289071,580.739391,1.203,0.236,0.065
4671,4.671000,744236.546919,-147493.278238,596743.268681,1.826303e+00,-1140.158396,589.289071,580.739391,1.183,0.592,0.052
4672,4.672000,744236.546947,-147462.942856,596773.604091,1.826345e+00,-1140.158396,589.289072,580.739392,1.030,0.193,0.064
4673,4.673000,744236.546974,-147432.619807,596803.927167,1.826387e+00,-1140.158396,589.289073,580.739392,1.001,0.191,0.046
4674,4.674000,744236.547002,-147402.309083,596834.237919,1.826429e+00,-1140.158397,589.289074,580.739393,1.045,0.185,0.089
4675,4.675000,744236.547029,-147372.010673,596864.536356,1.826471e+00,-1140.158397,589.289074,580.739393,0.969,0.191,0.037
4676,4.676000,744236.547057,-147341.724567,596894.822490,1.826513e+00,-1140.158397,589.289075,580.739393,0.990,0.223,0.042
4677,4.677000,744236.547084,-147311.450758,596925.096326,1.826555e+00,-1140.158398,589.289076,580.739394,20.515,0.267,0.760
4678,4.678000,744236.547112,-147281.189237,596955.357875,1.826597e+00,-1140.158398,589.289077,580.739394,1.052,0.257,0.054
4679,4.679000,744236.547139,-147250.939996,596985.607143,1.826639e+00,-1140.158399,589.289078,580.739395,1.090,0.242,0.061
4680,4.680000,744236.547167,-147220.703024,597015.844143,1.826681e+00,-1140.158399,589.289078,580.739395,1.101,0.225,0.072
4681,4.681000,744236.547195,-147190.478314,597046.068881,1.826722e+00,-1140.158399,589.289079,580.739396,1.162,0.232,0.052
4682,4.682000,744236.547222,-147160.265859,597076.281363,1.826764e+00,-1140.158400,589.289080,580.739396,1.277,0.218,0.053
4683,4.683000,744236.547250,-147130.065652,597106.481598,1.826806e+00,-1140.158400,589.289081,580.739396,1.045,0.228,0.049
4684,4.684000,744236.547277,-147099.877682,597136.669595,1.826848e+00,-1140.158401,589.289082,580.739397,1.083,0.204,0.051
4685,4.685000,744236.547305,-147069.701945,597166.845360,1.826890e+00,-1140.158401,589.289082,580.739397,1.118,0.238,0.052
4686,4.686000,744236.547332,-147039.538429,597197.008903,1.826931e+00,-1140.158401,589.289083,580.739398,1.224,0.263,0.042
4687,4.687000,744236.547359,-147009.387128,597227.160231,1.826973e+00,-1140.158402,589.289084,580.739399,1.037,2.691,0.064
4688,4.688000,744236.547386,-146979.248035,597257.299352,1.827015e+00,-1140.158402,589.289085,580.739399,1.144,5.071,0.063
4689,4.689000,744236.547413,-146949.121139,597287.426274,1.827057e+00,-1140.158403,589.289086,580.739400,1.068,8.975,0.051
4690,4.690000,744236.547441,-146919.006442,597317.540999,1.827098e+00,-1140.158403,589.289086,580.739400,1.173,10.010,0.060
4691,4.691000,744236.547468,-146888.903930,597347.643538,1.827140e+00,-1140.158403,589.289087,580.739401,1.203,0.507,0.079
4692,4.692000,744236.547495,-146858.813596,597377.733899,1.827182e+00,-1140.158404,589.289088,580.739402,1.270,0.265,0.048
4693,4.693000,744236.547522,-146828.735432,597407.812090,1.827223e+00,-1140.158404,589.289089,580.739402,1.100,0.582,0.055
4694,4.694000,744236.547549,-146798.669435,597437.878115,1.827265e+00,-1140.158405,589.289090,580.739403,1.188,0.223,0.048
4695,4.695000,744236.547577,-146768.615594,597467.931983,1.827307e+00,-1140.158405,589.289090,580.739403,5.021,2.772,0.051
4696,4.696000,744236.547604,-146738.573903,597497.973701,1.827348e+00,-1140.158405,589.289091,580.739404,1.129,0.498,0.048
4697,4.697000,744236.547631,-146708.544356,597528.003275,1.827390e+00,-1140.158406,589.289092,580.739405,1.164,0.267,0.053
4698,4.698000,744236.547658,-146678.526945,597558.020713,1.827431e+00,-1140.158406,589.289093,580.739405,1.185,0.303,0.060
4699,4.699000,744236.547685,-146648.521665,597588.026020,1.827473e+00,-1140.158407,589.289094,580.739406,1.150,0.242,0.052
4700,4.700000,744236.547713,-146618.528510,597618.019203,1.827514e+00,-1140.158407,589.289094,580.739406,1.280,1.194,0.050
4701,4.701000,744236.547740,-146588.547475,597648.000265,1.827556e+00,-1140.158407,589.289095,580.739407,1.962,0.990,0.038
4702,4.702000,744236.547767,-146558.578552,597677.969215,1.827597e+00,-1140.158408,589.289096,580.739407,1.227,1.018,0.056
4703,4.703000,744236.547794,-146528.621737,597707.926057,1.827639e+00,-1140.158408,589.289097,580.739408,1.378,0.696,0.042
4704,4.704000,744236.547821,-146498.677022,597737.870799,1.827680e+00,-1140.158408,589.289098,580.739409,1.070,0.224,0.047
4705,4.705000,744236.547848,-146468.744401,597767.803447,1.827722e+00,-1140.158408,589.289098,580.739409,1.151,0.444,0.055
4706,4.706000,744236.547875,-146438.823867,597797.724008,1.827763e+00,-1140.158409,589.289099,580.739410,1.107,0.218,0.054
4707,4.707000,744236.547901,-146408.915417,597827.632484,1.827805e+00,-1140.158409,589.289100,580.739410,1.098,21.928,0.043
4708,4.708000,744236.547926,-146379.019045,597857.528882,1.827846e+00,-1140.158409,589.289101,580.739411,2.166,0.540,0.152
4709,4.709000,744236.547952,-146349.134745,597887.413207,1.827887e+00,-1140.158409,589.289102,580.739412,1.017,0.187,0.045
4710,4.710000,744236.547977,-146319.262512,597917.285465,1.827929e+00,-1140.158409,589.289102,580.739413,2.332,2.570,0.129
4711,4.711000,744236.548002,-146289.402341,597947.145662,1.827970e+00,-1140.158410,589.289103,580.739413,2.092,0.654,0.116
4712,4.712000,744236.548028,-146259.554225,597976.993802,1.828011e+00,-1140.158410,589.289104,580.739414,1.036,0.407,0.050
4713,4.713000,744236.548053,-146229.718159,598006.829894,1.828053e+00,-1140.158410,589.289105,580.739415,1.396,0.232,0.062
4714,4.714000,744236.548078,-146199.894142,598036.653936,1.828094e+00,-1140.158410,589.289106,580.739416,1.072,1.283,0.044
4715,4.715000,744236.548103,-146170.082166,598066.465937,1.828135e+00,-1140.158411,589.289106,580.739417,1.207,0.711,0.050
4716,4.716000,744236.548129,-146140.282228,598096.265900,1.828177e+00,-1140.158411,589.289107,580.739418,1.114,0.229,0.049
4717,4.717000,744236.548154,-146110.494322,598126.053831,1.828218e+00,-1140.158411,589.289108,580.739418,1.056,0.195,0.116
4718,4.718000,744236.548179,-146080.718446,598155.829733,1.828259e+00,-1140.158412,589.289109,580.739419,1.018,0.526,0.044
4719,4.719000,744236.548204,-146050.954590,598185.593615,1.828300e+00,-1140.158412,589.289110,580.739420,1.058,0.376,0.044
4720,4.720000,744236.548229,-146021.202755,598215.345475,1.828342e+00,-1140.158412,589.289110,580.739421,1.021,0.581,0.044
4721,4.721000,744236.548255,-145991.462932,598245.085323,1.828383e+00,-1140.158413,589.289111,580.739422,1.189,0.505,0.052
4722,4.722000,744236.548280,-145961.735121,598274.813159,1.828424e+00,-1140.158413,589.289112,580.739422,1.050,0.350,0.054
4723,4.723000,744236.548506,-145932.019318,598304.529188,1.828465e+00,-1140.158411,589.289122,580.739428,1.033,0.366,0.054
4724,4.724000,744236.548933,-145902.315512,598334.233421,1.828506e+00,-1140.158408,589.289140,580.739440,1.127,3.543,0.054
4725,4.725000,744236.549359,-145872.623708,598363.925652,1.828547e+00,-1140.158405,589.289158,580.739451,1.040,0.373,0.043
4726,4.726000,744236.549786,-145842.943896,598393.605890,1.828588e+00,-1140.158402,589.289177,580.739462,1.177,0.240,0.047
4727,4.727000,744236.550213,-145813.276076,598423.274137,1.828629e+00,-1140.158399,589.289195,580.739473,1.117,3.286,0.050
4728,4.728000,744236.550639,-145783.620241,598452.930398,1.828670e+00,-1140.158396,589.289213,580.739484,3.923,0.796,0.129
4729,4.729000,744236.551066,-145753.976388,598482.574678,1.828712e+00,-1140.158393,589.289232,580.739495,1.036,0.234,0.051
4730,4.730000,744236.551493,-145724.344515,598512.206978,1.828753e+00,-1140.158390,589.289250,580.739506,1.053,0.205,0.048
4731,4.731000,744236.551919,-145694.724613,598541.827306,1.828794e+00,-1140.158386,589.289268,580.739518,1.163,1.563,0.051
4732,4.732000,744236.552346,-145665.116685,598571.435661,1.828835e+00,-1140.158383,589.289287,580.739529,1.145,0.837,0.039
4733,4.733000,744236.552773,-145635.520723,598601.032050,1.828876e+00,-1140.158380,589.289305,580.739540,1.124,0.595,0.045
4734,4.734000,744236.553199,-145605.936725,598630.616475,1.828917e+00,-1140.158377,589.289323,580.739551,1.268,0.438,0.043
4735,4.735000,744236.553626,-145576.364685,598660.188941,1.828957e+00,-1140.158374,589.289342,580.739562,1.316,0.584,0.049
4736,4.736000,744236.554053,-145546.804604,598689.749449,1.828998e+00,-1140.158371,589.289360,580.739573,1.097,0.199,0.053
4737,4.737000,744236.554479,-145517.256474,598719.298006,1.829039e+00,-1140.158368,589.289379,580.739584,1.088,0.210,0.057
4738,4.738000,744236.554906,-145487.720294,598748.834612,1.829080e+00,-1140.158365,589.289397,580.739595,1.037,0.505,0.046
4739,4.739000,744236.555333,-145458.196059,598778.359274,1.829121e+00,-1140.158361,589.289415,580.739606,1.362,0.246,0.060
4740,4.740000,744236.555760,-145428.683767,598807.871993,1.829162e+00,-1140.158358,589.289434,580.739617,1.108,1.283,0.049
4741,4.741000,744236.556173,-145399.183414,598837.372759,1.829203e+00,-1140.158355,589.289451,580.739628,1.205,0.739,0.048
4742,4.742000,744236.556573,-145369.694996,598866.861577,1.829244e+00,-1140.158352,589.289467,580.739639,1.050,0.199,0.046
4743,4.743000,744236.556973,-145340.218509,598896.338464,1.829284e+00,-1140.158349,589.289484,580.739650,1.028,0.195,0.145
4744,4.744000,744236.557374,-145310.753945,598925.803428,1.829325e+00,-1140.158346,589.289500,580.739661,1.110,0.228,0.055
4745,4.745000,744236.557774,-145281.301305,598955.256469,1.829366e+00,-1140.158343,589.289517,580.739672,1.188,0.230,0.048
4746,4.746000,744236.558174,-145251.860580,598984.697594,1.829407e+00,-1140.158340,589.289533,580.739683,2.069,0.640,0.121
4747,4.747000,744236.558574,-145222.431771,599014.126804,1.829448e+00,-1140.158336,589.289550,580.739694,1.228,0.215,0.051
4748,4.748000,744236.558975,-145193.014871,599043.544104,1.829488e+00,-1140.158333,589.289566,580.739705,1.027,0.226,0.042
4749,4.749000,744236.559375,-145163.609878,599072.949497,1.829529e+00,-1140.158330,589.289582,580.739716,1.250,0.210,0.044
4750,4.750000,744236.559775,-145134.216787,599102.342988,1.829570e+00,-1140.158327,589.289599,580.739726,1.072,0.202,0.045
4751,4.751000,744236.560175,-145104.835593,599131.724582,1.829610e+00,-1140.158324,589.289615,580.739737,1.173,0.196,0.051
4752,4.752000,744236.560576,-145075.466290,599161.094286,1.829651e+00,-1140.158321,589.289632,580.739748,1.159,0.223,0.065
4753,4.753000,744236.560976,-145046.108876,599190.452100,1.829692e+00,-1140.158318,589.289648,580.739759,1.193,0.426,0.038
4754,4.754000,744236.561376,-145016.763346,599219.798030,1.829732e+00,-1140.158315,589.289665,580.739770,1.117,0.209,0.048
4755,4.755000,744236.561777,-144987.429696,599249.132080,1.829773e+00,-1140.158312,589.289681,580.739780,1.198,0.239,0.053
4756,4.756000,744236.562177,-144958.107922,599278.454255,1.829814e+00,-1140.158309,589.289698,580.739791,1.065,1.026,0.044
4757,4.757000,744236.562577,-144928.798016,599307.764562,1.829854e+00,-1140.158305,589.289714,580.739802,1.027,0.502,0.045
4758,4.758000,744236.562977,-144899.499970,599337.063007,1.829895e+00,-1140.158302,589.289730,580.739813,1.208,0.223,0.141
4759,4.759000,744236.563378,-144870.213787,599366.349591,1.829935e+00,-1140.158299,589.289747,580.739824,1.186,0.770,0.051
4760,4.760000,744236.563778,-144840.939457,599395.624321,1.829976e+00,-1140.158296,589.289763,580.739835,1.086,0.602,0.046
4761,4.761000,744236.564178,-144811.676976,599424.887202,1.830016e+00,-1140.158293,589.289780,580.739845,1.041,0.707,0.049
4762,4.762000,744236.564578,-144782.426340,599454.138238,1.830057e+00,-1140.158290,589.289796,580.739856,1.075,0.215,0.051
4763,4.763000,744236.564979,-144753.187542,599483.377437,1.830097e+00,-1140.158287,589.289813,580.739867,1.119,0.227,0.047
4764,4.764000,744236.565379,-144723.960573,599512.604806,1.830138e+00,-1140.158284,589.289829,580.739878,1.136,0.521,0.109
4765,4.765000,744236.565779,-144694.745431,599541.820348,1.830178e+00,-1140.158281,589.289845,580.739889,1.139,0.391,0.052
4766,4.766000,744236.566179,-144665.542106,599571.024073,1.830219e+00,-1140.158278,589.289861,580.739900,1.201,0.244,0.052
4767,4.767000,744236.566579,-144636.350594,599600.215985,1.830259e+00,-1140.158275,589.289878,580.739910,1.163,0.400,0.041
4768,4.768000,744236.566979,-144607.170890,599629.396089,1.830300e+00,-1140.158272,589.289894,580.739921,1.254,0.384,0.054
4769,4.769000,744236.567380,-144578.002986,599658.564393,1.830340e+00,-1140.158268,589.289910,580.739932,1.092,0.215,0.042
4770,4.770000,744236.567780,-144548.846876,599687.720904,1.830380e+00,-1140.158265,589.289926,580.739943,1.084,0.202,0.047
4771,4.771000,744236.568180,-144519.702553,599716.865627,1.830421e+00,-1140.158262,589.289943,580.739954,1.231,15.155,0.045
4772,4.772000,744236.568580,-144490.570009,599745.998571,1.830461e+00,-1140.158259,589.289959,580.739965,1.042,0.221,0.042
4773,4.773000,744236.568980,-144461.449237,599775.119743,1.830501e+00,-1140.158256,589.289975,580.739975,1.167,0.263,0.060
4774,4.774000,744236.569380,-144432.340230,599804.229151,1.830542e+00,-1140.158253,589.289991,580.739986,1.030,0.398,0.047
4775,4.775000,744236.569781,-144403.242981,599833.326799,1.830582e+00,-1140.158250,589.290008,580.739997,1.195,0.199,0.052
4776,4.776000,744236.570181,-144374.157481,599862.412700,1.830622e+00,-1140.158247,589.290024,580.740008,1.086,0.209,0.042
4777,4.777000,744236.570581,-144345.083724,599891.486857,1.830662e+00,-1140.158244,589.290040,580.740019,1.054,0.200,0.043
4778,4.778000,744236.570981,-144316.021699,599920.549282,1.830703e+00,-1140.158241,589.290056,580.740029,1.083,2.157,0.044
4779,4.779000,744236.571381,-144286.971397,599949.599984,1.830743e+00,-1140.158238,589.290073,580.740040,1.056,0.228,0.042
4780,4.780000,744236.571781,-144257.932814,599978.638968,1.830783e+00,-1140.158234,589.290089,580.740051,1.212,0.244,0.052
4781,4.781000,744236.572181,-144228.905939,600007.666243,1.830823e+00,-1140.158231,589.290105,580.740062,1.118,0.934,0.065
4782,4.782000,744236.572582,-144199.890763,600036.681819,1.830863e+00,-1140.158228,589.290121,580.740073,1.227,0.200,0.045
4783,4.783000,744236.572982,-144170.887279,600065.685703,1.830904e+00,-1140.158225,589.290138,580.740083,1.358,0.242,0.063
4784,4.784000,744236.573382,-144141.895477,600094.677904,1.830944e+00,-1140.158222,589.290154,580.740094,1.071,0.840,0.051
4785,4.785000,744236.573782,-144112.915349,600123.658433,1.830984e+00,-1140.158219,589.290170,580.740105,1.223,0.260,0.053
4786,4.786000,744236.574182,-144083.946884,600152.627298,1.831024e+00,-1140.158216,589.290186,580.740116,1.333,0.260,0.034
4787,4.787000,744236.574582,-144054.990074,600181.584508,1.831064e+00,-1140.158213,589.290202,580.740126,1.233,0.275,0.052
4788,4.788000,744236.574983,-144026.044908,600210.530075,1.831104e+00,-1140.158210,589.290219,580.740137,1.133,0.466,0.045
4789,4.789000,744236.575383,-143997.111375,600239.464008,1.831144e+00,-1140.158207,589.290235,580.740148,1.091,0.555,0.049
4790,4.790000,744236.575783,-143968.189468,600268.386315,1.831184e+00,-1140.158204,589.290251,580.740158,1.225,0.202,0.046
4791,4.791000,744236.576183,-143939.279174,600297.297010,1.831224e+00,-1140.158200,589.290267,580.740169,1.230,0.794,0.045
4792,4.792000,744236.576584,-143910.380484,600326.196100,1.831264e+00,-1140.158197,589.290284,580.740180,1.055,0.912,0.042
4793,4.793000,744236.576984,-143881.493388,600355.083596,1.831304e+00,-1140.158194,589.290300,580.740190,1.087,0.433,0.054
4794,4.794000,744236.577384,-143852.617874,600383.959510,1.831344e+00,-1140.158191,589.290316,580.740201,1.114,0.266,0.053
4795,4.795000,744236.577784,-143823.753931,600412.823853,1.831384e+00,-1140.158188,589.290332,580.740212,1.119,0.258,0.055
4796,4.796000,744236.578184,-143794.901553,600441.676632,1.831424e+00,-1140.158185,589.290349,580.740222,1.092,0.203,0.056
4797,4.797000,744236.578585,-143766.060728,600470.517856,1.831464e+00,-1140.158182,589.290365,580.740233,1.057,0.196,0.041
4798,4.798000,744236.578985,-143737.231444,600499.347541,1.831504e+00,-1140.158179,589.290381,580.740244,1.051,0.439,0.040
4799,4.799000,744236.579385,-143708.413689,600528.165696,1.831544e+00,-1140.158176,589.290397,580.740254,1.255,0.263,0.051
4800,4.800000,744236.579785,-143679.607456,600556.972330,1.831584e+00,-1140.158173,589.290414,580.740265,1.044,0.572,0.045
4801,4.801000,744236.580186,-143650.812732,600585.767454,1.831624e+00,-1140.158170,589.290430,580.740276,1.070,1.011,0.051
4802,4.802000,744236.580586,-143622.029508,600614.551078,1.831664e+00,-1140.158167,589.290446,580.740286,1.132,0.229,0.042
4803,4.803000,744236.580986,-143593.257768,600643.323218,1.831703e+00,-1140.158164,589.290462,580.740297,1.275,0.247,0.047
4804,4.804000,744236.581386,-143564.497502,600672.083884,1.831743e+00,-1140.158161,589.290479,580.740308,1.114,1.596,0.042
4805,4.805000,744236.581786,-143535.748700,600700.833086,1.831783e+00,-1140.158158,589.290495,580.740318,1.070,0.202,0.054
4806,4.806000,744236.582187,-143507.011354,600729.570832,1.831823e+00,-1140.158155,589.290511,580.740329,1.189,0.232,0.049
4807,4.807000,744236.582587,-143478.285454,600758.297133,1.831863e+00,-1140.158152,589.290527,580.740339,1.123,0.568,0.056
4808,4.808000,744236.582987,-143449.570982,600787.012005,1.831902e+00,-1140.158148,589.290544,580.740350,1.028,0.395,0.044
4809,4.809000,744236.583387,-143420.867928,600815.715459,1.831942e+00,-1140.158145,589.290560,580.740361,1.254,0.275,0.050
4810,4.810000,744236.583787,-143392.176278,600844.407509,1.831982e+00,-1140.158142,589.290576,580.740372,1.037,0.386,0.044
4811,4.811000,744236.584186,-143363.496023,600873.088163,1.832022e+00,-1140.158138,589.290592,580.740383,1.130,0.209,0.059
4812,4.812000,744236.584586,-143334.827149,600901.757437,1.832061e+00,-1140.158135,589.290608,580.740393,1.243,0.631,0.052
4813,4.813000,744236.584976,-143306.169645,600930.415331,1.832101e+00,-1140.158132,589.290624,580.740404,1.099,0.649,0.075
4814,4.814000,744236.585357,-143277.523499,600959.061857,1.832141e+00,-1140.158128,589.290638,580.740415,1.153,0.491,0.055
4815,4.815000,744236.585737,-143248.888700,600987.697037,1.832180e+00,-1140.158125,589.290652,580.740425,1.213,0.616,0.060
4816,4.816000,744236.586117,-143220.265234,601016.320883,1.832220e+00,-1140.158122,589.290667,580.740436,1.195,0.485,0.050
4817,4.817000,744236.586497,-143191.653089,601044.933407,1.832260e+00,-1140.158118,589.290681,580.740446,1.163,0.244,0.054
4818,4.818000,744236.586877,-143163.052253,601073.534623,1.832299e+00,-1140.158115,589.290695,580.740457,1.183,0.230,0.050
4819,4.819000,744236.587257,-143134.462714,601102.124542,1.832339e+00,-1140.158112,589.290710,580.740467,1.106,0.218,0.042
4820,4.820000,744236.587636,-143105.884464,601130.703173,1.832378e+00,-1140.158108,589.290724,580.740478,1.107,0.244,0.048
4821,4.821000,744236.587838,-143077.317489,601159.270349,1.832418e+00,-1140.158107,589.290731,580.740483,1.128,0.199,0.053
4822,4.822000,744236.587860,-143048.761774,601187.826086,1.832457e+00,-1140.158107,589.290732,580.740482,1.961,0.461,0.129
4823,4.823000,744236.587883,-143020.217310,601216.370573,1.832497e+00,-1140.158107,589.290733,580.740482,1.135,0.231,0.047
4824,4.824000,744236.587906,-142991.684082,601244.903824,1.832536e+00,-1140.158107,589.290734,580.740481,1.170,0.241,0.053
4825,4.825000,744236.587928,-142963.162079,601273.425850,1.832576e+00,-1140.158107,589.290734,580.740480,1.232,0.364,0.043
4826,4.826000,744236.587951,-142934.651288,601301.936663,1.832615e+00,-1140.158107,589.290735,580.740479,1.087,0.435,0.049
4827,4.827000,744236.587973,-142906.151694,601330.436279,1.832655e+00,-1140.158107,589.290736,580.740478,1.050,1.097,0.050
4828,4.828000,744236.587995,-142877.663286,601358.924709,1.832694e+00,-1140.158107,589.290737,580.740477,1.102,0.418,0.049
4829,4.829000,744236.588018,-142849.186055,601387.401963,1.832734e+00,-1140.158107,589.290737,580.740477,1.985,1.277,0.118
4830,4.830000,744236.588040,-142820.719986,601415.868054,1.832773e+00,-1140.158107,589.290738,580.740476,1.216,0.253,0.056
4831,4.831000,744236.588062,-142792.265069,601444.322994,1.832813e+00,-1140.158107,589.290739,580.740475,1.085,0.515,0.054
4832,4.832000,744236.588084,-142763.821289,601472.766795,1.832852e+00,-1140.158107,589.290740,580.740474,1.250,0.232,0.054
4833,4.833000,744236.588107,-142735.388639,601501.199468,1.832891e+00,-1140.158107,589.290740,580.740473,1.053,0.199,0.051
4834,4.834000,744236.588129,-142706.967100,601529.621029,1.832931e+00,-1140.158107,589.290741,580.740472,1.072,0.684,0.051
4835,4.835000,744236.588151,-142678.556664,601558.031487,1.832970e+00,-1140.158107,589.290742,580.740471,1.103,0.203,0.048
4836,4.836000,744236.588174,-142650.157320,601586.430854,1.833009e+00,-1140.158107,589.290743,580.740470,1.216,0.267,0.047
4837,4.837000,744236.588196,-142621.769055,601614.819141,1.833049e+00,-1140.158107,589.290743,580.740469,3.362,10.059,0.047
4838,4.838000,744236.588218,-142593.391860,601643.196359,1.833088e+00,-1140.158107,589.290744,580.740468,1.215,0.241,0.058
4839,4.839000,744236.588241,-142565.025724,601671.562517,1.833127e+00,-1140.158107,589.290745,580.740467,1.351,0.248,0.048
4840,4.840000,744236.588263,-142536.670632,601699.917631,1.833167e+00,-1140.158107,589.290746,580.740466,1.040,0.199,0.041
4841,4.841000,744236.588285,-142508.326574,601728.261712,1.833206e+00,-1140.158107,589.290746,580.740466,1.045,0.553,0.042
4842,4.842000,744236.588308,-142479.993544,601756.594763,1.833245e+00,-1140.158107,589.290747,580.740465,1.210,0.267,0.054
4843,4.843000,744236.588330,-142451.671528,601784.916801,1.833284e+00,-1140.158107,589.290748,580.740464,1.668,0.669,0.139
4844,4.844000,744236.588352,-142423.360516,601813.227835,1.833323e+00,-1140.158106,589.290749,580.740464,1.130,0.234,0.062
4845,4.845000,744236.588374,-142395.060502,601841.527872,1.833363e+00,-1140.158106,589.290749,580.740463,1.083,0.206,0.052
4846,4.846000,744236.588396,-142366.771474,601869.816921,1.833402e+00,-1140.158106,589.290750,580.740462,2.034,0.886,0.105
4847,4.847000,744236.588418,-142338.493426,601898.094992,1.833441e+00,-1140.158106,589.290751,580.740462,1.252,0.621,0.051
4848,4.848000,744236.588440,-142310.226347,601926.362093,1.833480e+00,-1140.158105,589.290752,580.740461,1.352,0.216,0.042
4849,4.849000,744236.588462,-142281.970229,601954.618233,1.833519e+00,-1140.158105,589.290752,580.740460,1.252,0.253,0.048
4850,4.850000,744236.588484,-142253.725067,601982.863416,1.833558e+00,-1140.158105,589.290753,580.740460,1.166,0.247,0.063
4851,4.851000,744236.588506,-142225.490851,602011.097654,1.833597e+00,-1140.158105,589.290754,580.740459,1.185,0.292,0.057
4852,4.852000,744236.588528,-142197.267577,602039.320951,1.833637e+00,-1140.158105,589.290754,580.740458,1.058,0.206,0.047
4853,4.853000,744236.588550,-142169.055237,602067.533312,1.833676e+00,-1140.158104,589.290755,580.740458,1.180,12.467,0.050
4854,4.854000,744236.588572,-142140.853826,602095.734745,1.833715e+00,-1140.158104,589.290756,580.740457,1.591,0.705,0.414
4855,4.855000,744236.588594,-142112.663338,602123.925256,1.833754e+00,-1140.158104,589.290757,580.740456,3.763,0.764,0.057
4856,4.856000,744236.588616,-142084.483772,602152.104844,1.833793e+00,-1140.158104,589.290757,580.740455,1.284,0.594,0.059
4857,4.857000,744236.588638,-142056.315120,602180.273518,1.833832e+00,-1140.158103,589.290758,580.740455,1.248,0.599,0.071
4858,4.858000,744236.588660,-142028.157380,602208.431280,1.833871e+00,-1140.158103,589.290759,580.740454,1.204,8.750,0.061
4859,4.859000,744236.588682,-142000.010544,602236.578138,1.833910e+00,-1140.158103,589.290760,580.740453,1.055,0.307,0.055
4860,4.860000,744236.588704,-141971.874616,602264.714088,1.833949e+00,-1140.158103,589.290760,580.740453,1.580,4.872,0.054
4861,4.861000,744236.588726,-141943.749587,602292.839138,1.833988e+00,-1140.158102,589.290761,580.740452,1.205,1.080,0.053
4862,4.862000,744236.588748,-141915.635457,602320.953291,1.834026e+00,-1140.158102,589.290762,580.740451,1.928,21.178,0.114
4863,4.863000,744236.588770,-141887.532223,602349.056547,1.834065e+00,-1140.158102,589.290763,580.740451,1.752,0.480,0.066
4864,4.864000,744236.588792,-141859.439881,602377.148910,1.834104e+00,-1140.158102,589.290763,580.740450,1.062,0.533,0.054
4865,4.865000,744236.588814,-141831.358435,602405.230379,1.834143e+00,-1140.158102,589.290764,580.740449,1.242,1.064,0.062
4866,4.866000,744236.588836,-141803.287878,602433.300958,1.834182e+00,-1140.158101,589.290765,580.740449,2.777,0.719,0.137
4867,4.867000,744236.588858,-141775.228210,602461.360648,1.834221e+00,-1140.158101,589.290766,580.740448,1.889,1.128,0.075
4868,4.868000,744236.588880,-141747.179430,602489.409450,1.834260e+00,-1140.158101,589.290766,580.740447,1.141,0.871,0.046
4869,4.869000,744236.588902,-141719.141540,602517.447362,1.834299e+00,-1140.158101,589.290767,580.740446,1.152,0.226,0.048
4870,4.870000,744236.588924,-141691.114538,602545.474386,1.834337e+00,-1140.158100,589.290768,580.740446,1.199,0.256,0.059
4871,4.871000,744236.588947,-141663.098424,602573.490522,1.834376e+00,-1140.158100,589.290769,580.740445,1.270,0.520,0.052
4872,4.872000,744236.588969,-141635.093202,602601.495767,1.834415e+00,-1140.158099,589.290769,580.740444,1.166,0.233,0.049
4873,4.873000,744236.588991,-141607.098868,602629.490123,1.834454e+00,-1140.158099,589.290770,580.740444,1.125,0.502,0.053
4874,4.874000,744236.589014,-141579.115425,602657.473589,1.834492e+00,-1140.158098,589.290771,580.740443,1.351,1.035,0.059
4875,4.875000,744236.589036,-141551.142869,602685.446167,1.834531e+00,-1140.158098,589.290772,580.740442,1.273,0.217,0.058
4876,4.876000,744236.589059,-141523.181203,602713.407856,1.834570e+00,-1140.158097,589.290772,580.740442,1.088,0.217,0.048
4877,4.877000,744236.589081,-141495.230427,602741.358654,1.834609e+00,-1140.158097,589.290773,580.740441,1.135,19.002,0.056
4878,4.878000,744236.589103,-141467.290540,602769.298563,1.834647e+00,-1140.158096,589.290774,580.740440,1.300,0.592,0.051
4879,4.879000,744236.589126,-141439.361544,602797.227582,1.834686e+00,-1140.158096,589.290775,580.740439,1.036,0.245,0.051
4880,4.880000,744236.589148,-141411.443434,602825.145714,1.834725e+00,-1140.158096,589.290775,580.740438,1.449,0.450,0.058
4881,4.881000,744236.589170,-141383.536212,602853.052958,1.834763e+00,-1140.158095,589.290776,580.740438,1.074,0.212,0.058
4882,4.882000,744236.589193,-141355.639877,602880.949315,1.834802e+00,-1140.158095,589.290777,580.740437,1.338,0.275,0.063
4883,4.883000,744236.589215,-141327.754428,602908.834787,1.834841e+00,-1140.158094,589.290778,580.740436,1.206,0.201,0.043
4884,4.884000,744236.589237,-141299.879862,602936.709375,1.834879e+00,-1140.158094,589.290779,580.740435,1.104,0.423,0.052
4885,4.885000,744236.589259,-141272.016182,602964.573078,1.834918e+00,-1140.158093,589.290779,580.740434,1.105,0.750,0.052
4886,4.886000,744236.589282,-141244.163384,602992.425898,1.834956e+00,-1140.158093,589.290780,580.740433,1.204,0.581,0.058
4887,4.887000,744236.589304,-141216.321466,603020.267838,1.834995e+00,-1140.158093,589.290781,580.740433,1.313,0.213,0.052
4888,4.888000,744236.589326,-141188.490424,603048.098902,1.835033e+00,-1140.158092,589.290782,580.740432,1.181,2.118,0.036
4889,4.889000,744236.589349,-141160.670255,603075.919093,1.835072e+00,-1140.158092,589.290782,580.740431,1.318,0.250,0.049
4890,4.890000,744236.589371,-141132.860955,603103.728416,1.835110e+00,-1140.158091,589.290783,580.740430,1.087,0.226,0.046
4891,4.891000,744236.589393,-141105.062521,603131.526872,1.835149e+00,-1140.158091,589.290784,580.740429,1.091,0.549,0.050
4892,4.892000,744236.589415,-141077.274949,603159.314467,1.835187e+00,-1140.158091,589.290785,580.740428,1.091,0.208,0.049
4893,4.893000,744236.589438,-141049.498234,603187.091203,1.835226e+00,-1140.158090,589.290785,580.740428,1.205,0.449,0.065
4894,4.894000,744236.589460,-141021.732374,603214.857086,1.835264e+00,-1140.158090,589.290786,580.740427,1.129,0.548,0.051
4895,4.895000,744236.589482,-140993.977360,603242.612122,1.835303e+00,-1140.158089,589.290787,580.740426,1.291,0.203,0.097
4896,4.896000,744236.589505,-140966.233190,603270.356315,1.835341e+00,-1140.158089,589.290788,580.740425,1.089,0.582,0.050
4897,4.897000,744236.589527,-140938.499854,603298.089673,1.835380e+00,-1140.158089,589.290788,580.740424,1.165,0.221,0.054
4898,4.898000,744236.589549,-140910.777346,603325.812203,1.835418e+00,-1140.158088,589.290789,580.740423,1.144,0.213,0.053
4899,4.899000,744236.589572,-140883.065659,603353.523913,1.835456e+00,-1140.158088,589.290790,580.740423,1.035,0.229,0.048
4900,4.900000,744236.589594,-140855.364784,603381.224810,1.835495e+00,-1140.158088,589.290791,580.740422,1.046,0.223,0.057
4901,4.901000,744236.589616,-140827.674710,603408.914906,1.835533e+00,-1140.158087,589.290791,580.740421,1.106,0.311,0.055
4902,4.902000,744236.589638,-140799.995429,603436.594210,1.835571e+00,-1140.158087,589.290792,580.740420,1.109,33.632,0.054
4903,4.903000,744236.589661,-140772.326933,603464.262727,1.835610e+00,-1140.158087,589.290793,580.740419,1.033,0.534,0.049
4904,4.904000,744236.589683,-140744.669211,603491.920472,1.835648e+00,-1140.158086,589.290793,580.740419,1.048,0.240,0.054
4905,4.905000,744236.589705,-140717.022256,603519.567450,1.835686e+00,-1140.158086,589.290794,580.740418,1.347,0.255,0.059
4906,4.906000,744236.589728,-140689.386049,603547.203678,1.835724e+00,-1140.158085,589.290795,580.740417,1.132,0.385,0.062
4907,4.907000,744236.589749,-140661.760585,603574.829165,1.835763e+00,-1140.158085,589.290795,580.740416,1.202,0.339,0.051
4908,4.908000,744236.589771,-140634.145846,603602.443926,1.835801e+00,-1140.158084,589.290796,580.740415,1.053,0.227,0.052
4909,4.909000,744236.589793,-140606.541819,603630.047974,1.835839e+00,-1140.158084,589.290797,580.740414,3.149,0.750,0.131
4910,4.910000,744236.589814,-140578.948494,603657.641321,1.835877e+00,-1140.158083,589.290798,580.740413,1.085,14.299,0.048
4911,4.911000,744236.589836,-140551.365856,603685.223979,1.835916e+00,-1140.158082,589.290798,580.740413,1.056,7.684,0.052
4912,4.912000,744236.589857,-140523.793890,603712.795967,1.835954e+00,-1140.158081,589.290799,580.740412,1.034,0.555,0.053
4913,4.913000,744236.589879,-140496.232581,603740.357297,1.835992e+00,-1140.158080,589.290800,580.740411,1.070,0.206,0.054
4914,4.914000,744236.589900,-140468.681913,603767.907987,1.836030e+00,-1140.158080,589.290800,580.740410,1.071,0.250,0.042
4915,4.915000,744236.589921,-140441.141869,603795.448053,1.836068e+00,-1140.158079,589.290801,580.740409,1.103,0.223,0.053
4916,4.916000,744236.589943,-140413.612433,603822.977509,1.836106e+00,-1140.158078,589.290802,580.740408,1.101,0.243,0.041
4917,4.917000,744236.589964,-140386.093588,603850.496376,1.836144e+00,-1140.158077,589.290803,580.740407,1.109,2.320,0.050
4918,4.918000,744236.589986,-140358.585317,603878.004669,1.836183e+00,-1140.158076,589.290803,580.740407,1.177,0.574,0.038
4919,4.919000,744236.590008,-140331.087601,603905.502406,1.836221e+00,-1140.158075,589.290804,580.740406,1.163,0.251,0.046
4920,4.920000,744236.590029,-140303.600422,603932.989607,1.836259e+00,-1140.158075,589.290805,580.740405,1.087,0.230,0.052
4921,4.921000,744236.590051,-140276.123765,603960.466286,1.836297e+00,-1140.158074,589.290805,580.740404,1.040,0.241,0.054
4922,4.922000,744236.590073,-140248.657610,603987.932463,1.836335e+00,-1140.158073,589.290806,580.740403,1.295,0.235,0.072
4923,4.923000,744236.590094,-140221.201944,604015.388150,1.836373e+00,-1140.158073,589.290807,580.740402,1.136,0.271,0.051
4924,4.924000,744236.590116,-140193.756742,604042.833374,1.836411e+00,-1140.158072,589.290808,580.740401,1.142,0.312,0.049
4925,4.925000,744236.590138,-140166.321989,604070.268148,1.836449e+00,-1140.158071,589.290808,580.740401,2.449,0.254,0.132
4926,4.926000,744236.590160,-140138.897670,604097.692490,1.836487e+00,-1140.158071,589.290809,580.740400,1.175,0.533,0.089
4927,4.927000,744236.590181,-140111.483764,604125.106418,1.836525e+00,-1140.158070,589.290810,580.740399,1.122,0.265,0.055
4928,4.928000,744236.590203,-140084.080258,604152.509945,1.836563e+00,-1140.158069,589.290810,580.740398,1.161,0.218,0.059
4929,4.929000,744236.590225,-140056.687136,604179.903089,1.836601e+00,-1140.158069,589.290811,580.740397,1.072,0.219,0.049
4930,4.930000,744236.590246,-140029.304381,604207.285865,1.836638e+00,-1140.158068,589.290812,580.740396,7.406,1.165,0.121
4931,4.931000,744236.590268,-140001.931982,604234.658285,1.836676e+00,-1140.158067,589.290813,580.740395,1.058,2.347,0.044
4932,4.932000,744236.590290,-139974.569919,604262.020370,1.836714e+00,-1140.158067,589.290813,580.740394,1.668,0.899,0.056
4933,4.933000,744236.590311,-139947.218181,604289.372130,1.836752e+00,-1140.158066,589.290814,580.740393,1.203,0.228,0.048
4934,4.934000,744236.590333,-139919.876756,604316.713577,1.836790e+00,-1140.158065,589.290815,580.740392,2.322,1.355,0.115
4935,4.935000,744236.590355,-139892.545632,604344.044723,1.836828e+00,-1140.158065,589.290815,580.740391,1.048,0.285,0.049
4936,4.936000,744236.590376,-139865.224797,604371.365579,1.836866e+00,-1140.158064,589.290816,580.740390,1.122,0.222,0.062
4937,4.937000,744236.590398,-139837.914246,604398.676152,1.836903e+00,-1140.158064,589.290817,580.740389,4.939,0.734,0.128
4938,4.938000,744236.590420,-139810.613970,604425.976450,1.836941e+00,-1140.158063,589.290818,580.740388,1.139,1.096,0.053
4939,4.939000,744236.590441,-139783.323960,604453.266481,1.836979e+00,-1140.158062,589.290818,580.740387,1.152,0.228,0.047
4940,4.940000,744236.590463,-139756.044209,604480.546253,1.837017e+00,-1140.158062,589.290819,580.740386,1.233,0.242,0.059
4941,4.941000,744236.590485,-139728.774715,604507.815770,1.837055e+00,-1140.158061,589.290820,580.740385,1.383,0.302,0.049
4942,4.942000,744236.590506,-139701.515472,604535.075034,1.837092e+00,-1140.158060,589.290820,580.740384,1.171,0.287,0.057
4943,4.943000,744236.590528,-139674.266478,604562.324050,1.837130e+00,-1140.158060,589.290821,580.740383,1.058,1.126,0.050
4944,4.944000,744236.590550,-139647.027731,604589.562819,1.837168e+00,-1140.158059,589.290822,580.740382,1.054,0.200,0.044
4945,4.945000,744236.590571,-139619.799230,604616.791341,1.837206e+00,-1140.158058,589.290823,580.740381,1.093,4.723,0.046
4946,4.946000,744236.590593,-139592.580977,604644.009616,1.837243e+00,-1140.158058,589.290823,580.740380,1.122,7.603,0.044
4947,4.947000,744236.590615,-139565.372971,604671.217643,1.837281e+00,-1140.158057,589.290824,580.740379,1.063,0.201,0.041
4948,4.948000,744236.590636,-139538.175215,604698.415421,1.837319e+00,-1140.158057,589.290825,580.740378,1.153,1.483,0.052
4949,4.949000,744236.590658,-139510.987711,604725.602947,1.837356e+00,-1140.158056,589.290826,580.740377,1.097,0.843,0.052
4950,4.950000,744236.590680,-139483.810461,604752.780218,1.837394e+00,-1140.158055,589.290826,580.740376,1.092,4.778,0.053
4951,4.951000,744236.590701,-139456.643473,604779.947228,1.837431e+00,-1140.158055,589.290827,580.740375,1.063,4.368,0.040
4952,4.952000,744236.590723,-139429.486754,604807.103969,1.837469e+00,-1140.158054,589.290828,580.740374,1.413,1.449,0.053
4953,4.953000,744236.590745,-139402.340307,604834.250438,1.837507e+00,-1140.158053,589.290828,580.740373,1.092,1.006,0.042
4954,4.954000,744236.590766,-139375.204136,604861.386630,1.837544e+00,-1140.158053,589.290829,580.740372,1.359,0.441,0.060
4955,4.955000,744236.590788,-139348.078249,604888.512539,1.837582e+00,-1140.158052,589.290830,580.740372,1.100,0.576,0.045
4956,4.956000,744236.590810,-139320.962654,604915.628155,1.837619e+00,-1140.158052,589.290830,580.740371,1.041,0.416,0.050
4957,4.957000,744236.590831,-139293.857356,604942.733476,1.837657e+00,-1140.158051,589.290831,580.740370,1.033,0.206,0.049
4958,4.958000,744236.590853,-139266.762360,604969.828494,1.837694e+00,-1140.158050,589.290832,580.740369,1.180,3.358,0.058
4959,4.959000,744236.590875,-139239.677674,604996.913201,1.837732e+00,-1140.158050,589.290832,580.740368,1.119,0.215,0.051
4960,4.960000,744236.590896,-139212.603307,605023.987590,1.837769e+00,-1140.158049,589.290833,580.740367,1.105,0.436,0.055
4961,4.961000,744236.590918,-139185.539263,605051.051655,1.837807e+00,-1140.158048,589.290834,580.740366,1.098,0.235,0.062
4962,4.962000,744236.590939,-139158.485549,605078.105391,1.837844e+00,-1140.158048,589.290834,580.740364,3.107,4.697,0.051
4963,4.963000,744236.590961,-139131.442169,605105.148792,1.837882e+00,-1140.158047,589.290835,580.740363,1.024,0.562,0.050
4964,4.964000,744236.590982,-139104.409130,605132.181852,1.837919e+00,-1140.158047,589.290836,580.740362,1.139,0.233,0.048
4965,4.965000,744236.591004,-139077.386439,605159.204564,1.837957e+00,-1140.158046,589.290836,580.740361,1.150,6.145,0.050
4966,4.966000,744236.591025,-139050.374099,605186.216926,1.837994e+00,-1140.158045,589.290837,580.740360,1.053,26.738,0.041
4967,4.967000,744236.591047,-139023.372115,605213.218932,1.838031e+00,-1140.158045,589.290838,580.740359,1.272,18.716,0.039
4968,4.968000,744236.591068,-138996.380492,605240.210577,1.838069e+00,-1140.158044,589.290838,580.740357,2.911,5.971,0.042
4969,4.969000,744236.591090,-138969.399234,605267.191856,1.838106e+00,-1140.158044,589.290839,580.740356,1.027,0.236,0.054
4970,4.970000,744236.591112,-138942.428344,605294.162768,1.838143e+00,-1140.158044,589.290840,580.740355,1.145,0.501,0.062
4971,4.971000,744236.591134,-138915.467828,605321.123306,1.838181e+00,-1140.158043,589.290840,580.740354,1.107,0.237,0.048
4972,4.972000,744236.591155,-138888.517686,605348.073470,1.838218e+00,-1140.158043,589.290841,580.740353,1.011,0.189,0.041
4973,4.973000,744236.591177,-138861.577919,605375.013259,1.838255e+00,-1140.158042,589.290842,580.740351,1.178,0.672,0.050
4974,4.974000,744236.591199,-138834.648528,605401.942671,1.838293e+00,-1140.158042,589.290842,580.740350,1.071,0.298,0.039
4975,4.975000,744236.591221,-138807.729513,605428.861708,1.838330e+00,-1140.158042,589.290843,580.740349,4.202,0.823,0.049
4976,4.976000,744236.591242,-138780.820875,605455.770367,1.838367e+00,-1140.158041,589.290844,580.740348,2.324,1.082,0.041
4977,4.977000,744236.591264,-138753.922615,605482.668649,1.838404e+00,-1140.158041,589.290844,580.740346,1.702,0.249,0.132
4978,4.978000,744236.591286,-138727.034733,605509.556552,1.838442e+00,-1140.158041,589.290845,580.740345,1.005,0.770,0.040
4979,4.979000,744236.591307,-138700.157230,605536.434077,1.838479e+00,-1140.158040,589.290846,580.740344,1.001,0.191,0.039
4980,4.980000,744236.591329,-138673.290100,605563.301229,1.838516e+00,-1140.158040,589.290846,580.740342,1.139,0.278,0.040
4981,4.981000,744236.591351,-138646.433345,605590.158006,1.838553e+00,-1140.158039,589.290847,580.740341,1.594,0.579,0.650
4982,4.982000,744236.591372,-138619.586958,605617.004415,1.838590e+00,-1140.158039,589.290848,580.740340,1.208,0.324,0.042
4983,4.983000,744236.591394,-138592.750938,605643.840456,1.838628e+00,-1140.158039,589.290848,580.740338,1.070,0.469,0.048
4984,4.984000,744236.591416,-138565.925284,605670.666131,1.838665e+00,-1140.158038,589.290849,580.740337,1.057,0.211,0.050
4985,4.985000,744236.591437,-138539.109992,605697.481445,1.838702e+00,-1140.158038,589.290850,580.740336,1.040,0.893,0.046
4986,4.986000,744236.591459,-138512.305055,605724.286403,1.838739e+00,-1140.158037,589.290850,580.740334,1.024,0.224,0.043
4987,4.987000,744236.591480,-138485.510471,605751.081009,1.838776e+00,-1140.158036,589.290851,580.740333,1.034,0.234,0.048
4988,4.988000,744236.591501,-138458.726236,605777.865265,1.838813e+00,-1140.158036,589.290852,580.740332,1.077,3.334,0.044
4989,4.989000,744236.591523,-138431.952344,605804.639178,1.838850e+00,-1140.158035,589.290852,580.740330,1.098,1.417,0.044
4990,4.990000,744236.591544,-138405.188789,605831.402755,1.838887e+00,-1140.158035,589.290853,580.740329,1.055,0.229,0.043
4991,4.991000,744236.591565,-138378.435568,605858.155997,1.838924e+00,-1140.158034,589.290853,580.740328,1.155,0.229,0.039
4992,4.992000,744236.591587,-138351.692677,605884.898909,1.838961e+00,-1140.158033,589.290854,580.740326,1.129,0.254,0.041
4993,4.993000,744236.591608,-138324.960108,605911.631500,1.838998e+00,-1140.158033,589.290855,580.740325,1.108,0.309,0.045
4994,4.994000,744236.591629,-138298.237855,605938.353774,1.839035e+00,-1140.158032,589.290855,580.740324,1.030,0.439,0.046
4995,4.995000,744236.591651,-138271.525915,605965.065736,1.839072e+00,-1140.158031,589.290856,580.740322,1.175,0.606,0.048
4996,4.996000,744236.591672,-138244.824283,605991.767389,1.839109e+00,-1140.158031,589.290857,580.740321,1.143,0.480,0.039
4997,4.997000,744236.591693,-138218.132949,606018.458744,1.839146e+00,-1140.158030,589.290857,580.740319,1.084,0.244,0.059
4998,4.998000,744236.591715,-138191.451909,606045.139806,1.839183e+00,-1140.158030,589.290858,580.740318,1.045,0.226,0.048
4999,4.999000,744236.591736,-138164.781155,606071.810581,1.839220e+00,-1140.158029,589.290858,580.740317,1.055,0.233,0.059
5000,5.000000,744236.591757,-138138.120681,606098.471076,1.839257e+00,-1140.158028,589.290859,580.740315,1.026,0.442,0.118
