step,time,kinetic_energy,potential_energy,total_energy,energy_drift,px,py,pz,tree_build_ms,force_ms,integrate_ms,separation,orbital_period,eccentricity
1,0.001000,744221.756840,-1351337.736134,-607115.979293,0.000000e+00,-1140.215208,589.464493,581.105654,1.768,18.385,0.106,0.000,0.000,0.000
2,0.002000,744201.235675,-1351316.875349,-607115.639675,5.593963e-07,-1140.153325,589.433449,580.892319,0.252,4.683,0.026,0.000,0.000,0.000
3,0.003000,744177.766896,-1351293.125548,-607115.358652,1.022278e-06,-1140.591918,589.145686,581.091035,0.229,4.687,0.021,0.000,0.000,0.000
4,0.004000,744151.670333,-1351266.457502,-607114.787169,1.963585e-06,-1141.142696,588.732681,581.459532,0.213,6.136,0.020,0.000,0.000,0.000
5,0.005000,744122.589354,-1351236.858665,-607114.269311,2.816566e-06,-1141.209575,588.519383,581.559219,0.206,6.121,0.018,0.000,0.000,0.000
6,0.006000,744090.531717,-1351204.361765,-607113.830048,3.540089e-06,-1141.350020,588.440515,581.684914,0.208,9.226,0.018,0.000,0.000,0.000
7,0.007000,744055.809758,-1351168.964388,-607113.154630,4.652592e-06,-1141.580289,588.407841,582.044448,0.212,4.700,0.027,0.000,0.000,0.000
8,0.008000,744018.003784,-1351130.647751,-607112.643967,5.493722e-06,-1141.717622,588.377083,582.410615,0.210,10.736,0.021,0.000,0.000,0.000
9,0.009000,743976.934668,-1351089.447085,-607112.512417,5.710401e-06,-1141.786643,588.236728,582.576058,0.201,5.807,0.019,0.000,0.000,0.000
10,0.010000,743933.037602,-1351045.366298,-607112.328696,6.013014e-06,-1141.944542,588.079727,582.631725,0.203,12.254,0.019,0.000,0.000,0.000
11,0.011000,743886.317663,-1350998.389439,-607112.071775,6.436197e-06,-1142.077394,587.998464,582.647297,0.206,4.697,0.024,0.000,0.000,0.000
12,0.012000,743836.657740,-1350948.534394,-607111.876654,6.757587e-06,-1142.044600,587.608617,582.897397,0.197,6.167,0.019,0.000,0.000,0.000
13,0.013000,743783.923079,-1350895.781527,-607111.858448,6.787575e-06,-1141.939248,587.217478,582.979458,0.196,10.407,0.018,0.000,0.000,0.000
14,0.014000,743728.365460,-1350840.156044,-607111.790584,6.899356e-06,-1142.045993,587.004442,582.900873,0.203,4.679,0.020,0.000,0.000,0.000
15,0.015000,743669.944633,-1350781.600823,-607111.656190,7.120720e-06,-1142.188377,586.785560,582.927147,0.196,10.669,0.019,0.000,0.000,0.000
16,0.016000,743608.969426,-1350720.184486,-607111.215060,7.847320e-06,-1141.895672,586.138687,583.132190,0.194,4.681,0.019,0.000,0.000,0.000
17,0.017000,743545.559805,-1350655.841076,-607110.281271,9.385393e-06,-1141.604117,585.531919,583.168153,0.192,10.759,0.018,0.000,0.000,0.000
18,0.018000,743478.873293,-1350588.583794,-607109.710501,1.032553e-05,-1141.457372,585.231993,583.054600,0.185,4.619,0.018,0.000,0.000,0.000
19,0.019000,743408.987583,-1350518.445644,-607109.458060,1.074133e-05,-1141.172981,584.719337,583.123445,0.184,10.654,0.020,0.000,0.000,0.000
20,0.020000,743336.027872,-1350445.424805,-607109.396933,1.084201e-05,-1140.832770,584.370260,582.862651,0.180,4.599,0.017,0.000,0.000,0.000
21,0.021000,743261.301930,-1350369.528538,-607108.226607,1.276969e-05,-1140.578063,584.325454,582.741821,0.190,4.611,0.018,0.000,0.000,0.000
22,0.022000,743183.813902,-1350290.654523,-607106.840621,1.505260e-05,-1140.540761,584.401700,582.929182,0.214,13.743,0.018,0.000,0.000,0.000
23,0.023000,743102.195943,-1350208.930445,-607106.734502,1.522739e-05,-1140.454669,584.204192,583.036626,0.184,6.153,0.018,0.000,0.000,0.000
24,0.024000,743017.650057,-1350124.364418,-607106.714361,1.526056e-05,-1140.325919,583.915556,583.200458,0.195,4.623,0.023,0.000,0.000,0.000
25,0.025000,742931.242489,-1350036.971630,-607105.729142,1.688335e-05,-1140.528936,584.090043,583.786616,0.182,4.613,0.018,0.000,0.000,0.000
26,0.026000,742841.886300,-1349946.643135,-607104.756835,1.848487e-05,-1140.711711,584.219375,584.344706,0.224,9.214,0.020,0.000,0.000,0.000
27,0.027000,742748.688986,-1349853.499259,-607104.810273,1.839685e-05,-1140.646372,583.936909,584.490212,0.205,4.677,0.019,0.000,0.000,0.000
28,0.028000,742652.528874,-1349757.547001,-607105.018127,1.805448e-05,-1140.633885,583.810751,584.611249,0.185,10.739,0.019,0.000,0.000,0.000
29,0.029000,742553.603282,-1349658.812860,-607105.209578,1.773914e-05,-1140.627249,583.690834,584.785815,0.182,4.619,0.017,0.000,0.000,0.000
30,0.030000,742452.015259,-1349557.286814,-607105.271555,1.763706e-05,-1140.536944,583.386544,585.006219,0.183,4.616,0.018,0.000,0.000,0.000
31,0.031000,742347.625637,-1349452.967020,-607105.341382,1.752204e-05,-1140.349022,582.993540,585.035964,0.190,10.659,0.018,0.000,0.000,0.000
32,0.032000,742240.302277,-1349345.840678,-607105.538401,1.719752e-05,-1140.174835,582.622434,585.087614,0.190,4.614,0.020,0.000,0.000,0.000
33,0.033000,742129.995117,-1349235.947896,-607105.952779,1.651499e-05,-1140.111353,582.468252,585.211933,0.183,4.668,0.017,0.000,0.000,0.000
34,0.034000,742016.901080,-1349123.317135,-607106.416055,1.575191e-05,-1140.098534,582.439903,585.282271,0.178,10.725,0.017,0.000,0.000,0.000
35,0.035000,741901.126238,-1349007.953745,-607106.827507,1.507420e-05,-1140.100622,582.405084,585.378175,0.184,4.617,0.017,0.000,0.000,0.000
36,0.036000,741782.766558,-1348889.867339,-607107.100781,1.462408e-05,-1140.125672,582.475933,585.493984,0.200,10.763,0.018,0.000,0.000,0.000
37,0.037000,741661.669221,-1348769.049443,-607107.380223,1.416380e-05,-1140.147162,582.544407,585.628079,0.188,4.673,0.022,0.000,0.000,0.000
38,0.038000,741537.727604,-1348645.522924,-607107.795319,1.348008e-05,-1140.131658,582.520828,585.712156,0.173,13.688,0.017,0.000,0.000,0.000
39,0.039000,741411.188551,-1348519.294393,-607108.105842,1.296861e-05,-1140.076043,582.529628,585.659799,0.298,12.191,0.039,0.000,0.000,0.000
40,0.040000,741281.874762,-1348390.359363,-607108.484601,1.234475e-05,-1140.013685,582.511812,585.592478,0.285,4.624,0.034,0.000,0.000,0.000
41,0.041000,741149.864602,-1348258.742228,-607108.877625,1.169738e-05,-1139.997309,582.417406,585.566213,0.326,11.933,0.060,0.000,0.000,0.000
42,0.042000,741015.402257,-1348124.438754,-607109.036497,1.143570e-05,-1139.918114,582.146925,585.594956,0.251,4.627,0.024,0.000,0.000,0.000
43,0.043000,740878.302720,-1347987.443926,-607109.141207,1.126323e-05,-1139.806663,581.778252,585.733097,0.224,4.624,0.021,0.000,0.000,0.000
44,0.044000,740739.603557,-1347847.775074,-607108.171516,1.286044e-05,-1139.632144,581.557551,585.618713,0.348,4.618,0.019,0.000,0.000,0.000
45,0.045000,740598.656016,-1347705.364312,-607106.708296,1.527055e-05,-1139.353284,581.352474,585.182315,0.209,9.036,0.020,0.000,0.000,0.000
46,0.046000,740454.474092,-1347560.241008,-607105.766916,1.682113e-05,-1139.059971,581.223380,584.696502,0.230,6.118,0.024,0.000,0.000,0.000
47,0.047000,740308.267502,-1347412.415155,-607104.147653,1.948827e-05,-1138.276889,581.413975,584.162186,0.219,4.598,0.020,0.000,0.000,0.000
48,0.048000,740159.323763,-1347261.836925,-607102.513162,2.218049e-05,-1137.300644,581.182042,583.399321,0.221,10.694,0.032,0.000,0.000,0.000
49,0.049000,740006.741308,-1347108.497555,-607101.756247,2.342723e-05,-1136.889088,580.933918,582.842440,0.207,6.187,0.019,0.000,0.000,0.000
50,0.050000,739851.202865,-1346952.527462,-607101.324597,2.413822e-05,-1136.790881,581.143709,582.685971,0.202,4.688,0.019,0.000,0.000,0.000
51,0.051000,739692.819829,-1346793.922488,-607101.102659,2.450378e-05,-1136.671366,581.075054,582.640779,0.203,10.732,0.019,0.000,0.000,0.000
52,0.052000,739531.970258,-1346632.728404,-607100.758146,2.507124e-05,-1136.598074,580.922120,582.575883,0.203,4.665,0.018,0.000,0.000,0.000
53,0.053000,739368.524453,-1346468.918428,-607100.393975,2.567107e-05,-1136.482645,580.868788,582.323261,0.188,13.690,0.018,0.000,0.000,0.000
54,0.054000,739201.848425,-1346302.541682,-607100.693257,2.517812e-05,-1136.308211,580.843016,582.127399,0.185,9.204,0.017,0.000,0.000,0.000
55,0.055000,739032.307500,-1346133.634024,-607101.326524,2.413504e-05,-1136.195040,580.839993,582.056669,0.182,4.576,0.017,0.000,0.000,0.000
56,0.056000,738860.272441,-1345962.204839,-607101.932398,2.313709e-05,-1136.076888,580.826159,581.951548,0.193,4.688,0.020,0.000,0.000,0.000
57,0.057000,738686.738253,-1345788.264534,-607101.526281,2.380601e-05,-1135.643278,580.827770,581.402489,0.212,12.036,0.022,0.000,0.000,0.000
58,0.058000,738510.522841,-1345611.722551,-607101.199710,2.434392e-05,-1135.240732,580.818894,580.902295,0.177,4.615,0.018,0.000,0.000,0.000
59,0.059000,738330.973825,-1345432.698610,-607101.724784,2.347905e-05,-1135.195635,580.810261,580.817450,0.178,4.663,0.019,0.000,0.000,0.000
60,0.060000,738149.558773,-1345251.190439,-607101.631666,2.363243e-05,-1135.123924,580.627632,580.643575,0.177,10.692,0.018,0.000,0.000,0.000
61,0.061000,737965.357821,-1345067.162134,-607101.804313,2.334806e-05,-1135.038548,580.433955,580.515205,0.182,4.611,0.018,0.000,0.000,0.000
62,0.062000,737778.040414,-1344880.690096,-607102.649682,2.195563e-05,-1134.965006,580.413500,580.467874,0.188,10.683,0.017,0.000,0.000,0.000
63,0.063000,737588.866505,-1344691.784231,-607102.917726,2.151412e-05,-1134.858839,580.198015,580.365775,0.176,4.673,0.017,0.000,0.000,0.000
64,0.064000,737397.989450,-1344500.410069,-607102.420619,2.233292e-05,-1134.724383,579.749900,580.166790,0.201,12.183,0.021,0.000,0.000,0.000
65,0.065000,737204.804721,-1344306.559208,-607101.754487,2.343013e-05,-1134.839026,579.474563,580.055693,0.266,4.629,0.034,0.000,0.000,0.000
66,0.066000,737009.404316,-1344110.257619,-607100.853303,2.491450e-05,-1135.037804,579.462187,580.010905,0.241,10.748,0.024,0.000,0.000,0.000
67,0.067000,736814.162107,-1343911.489154,-607097.327046,3.072271e-05,-1135.903357,579.579727,580.188010,0.240,4.635,0.020,0.000,0.000,0.000
68,0.068000,736616.755220,-1343710.100077,-607093.344857,3.728190e-05,-1136.602339,579.422183,580.326645,0.209,10.766,0.020,0.000,0.000,0.000
69,0.069000,736415.072845,-1343506.239399,-607091.166554,4.086985e-05,-1136.158806,578.791848,580.143634,0.222,4.694,0.027,0.000,0.000,0.000
70,0.070000,736213.532980,-1343299.906192,-607086.373212,4.876512e-05,-1135.407363,577.612079,579.593438,0.211,13.683,0.018,0.000,0.000,0.000
71,0.071000,736008.274665,-1343090.898828,-607082.624163,5.494029e-05,-1134.790155,576.643911,579.223926,0.201,4.681,0.022,0.000,0.000,0.000
72,0.072000,735797.834513,-1342879.505519,-607081.671006,5.651027e-05,-1134.509579,576.135880,579.333164,0.202,11.687,0.036,0.000,0.000,0.000
73,0.073000,735585.578340,-1342665.697411,-607080.119071,5.906651e-05,-1134.511699,575.674874,579.546361,0.201,4.613,0.019,0.000,0.000,0.000
74,0.074000,735371.738186,-1342449.500471,-607077.762285,6.294845e-05,-1134.421207,575.229024,580.036854,0.183,4.685,0.018,0.000,0.000,0.000
75,0.075000,735155.218447,-1342230.911466,-607075.693019,6.635680e-05,-1133.996974,574.673885,580.449171,0.185,4.529,0.017,0.000,0.000,0.000
76,0.076000,734935.118237,-1342009.998050,-607074.879813,6.769626e-05,-1133.671671,574.233805,580.645196,0.182,6.138,0.017,0.000,0.000,0.000
77,0.077000,734713.027558,-1341786.768828,-607073.741269,6.957159e-05,-1133.457271,573.721998,580.725183,0.180,6.114,0.017,0.000,0.000,0.000
78,0.078000,734489.844045,-1341561.205352,-607071.361307,7.349170e-05,-1133.160239,573.276005,580.861440,0.177,9.137,0.017,0.000,0.000,0.000
79,0.079000,734265.035081,-1341333.301136,-607068.266055,7.858999e-05,-1133.078466,572.936395,580.982090,0.220,4.703,0.024,0.000,0.000,0.000
80,0.080000,734037.285373,-1341103.041028,-607065.755655,8.272495e-05,-1133.054797,572.414616,581.085746,0.193,10.538,0.018,0.000,0.000,0.000
81,0.081000,733806.555672,-1340870.483351,-607063.927680,8.573586e-05,-1132.874200,571.833595,581.535074,0.203,4.626,0.035,0.000,0.000,0.000
82,0.082000,733573.024866,-1340635.661803,-607062.636937,8.786189e-05,-1132.665628,571.312908,582.050433,0.191,10.740,0.018,0.000,0.000,0.000
83,0.083000,733337.420418,-1340398.597698,-607061.177280,9.026614e-05,-1132.320005,570.705062,582.426545,0.274,4.679,0.029,0.000,0.000,0.000
84,0.084000,733099.713587,-1340159.291582,-607059.577995,9.290037e-05,-1132.200573,570.276392,582.548952,0.179,9.153,0.017,0.000,0.000,0.000
85,0.085000,732860.529986,-1339917.742718,-607057.212732,9.679627e-05,-1132.026194,570.005009,582.544582,0.178,4.600,0.017,0.000,0.000,0.000
86,0.086000,732620.316137,-1339673.889278,-607053.573142,1.027912e-04,-1131.837132,569.824999,582.807310,0.175,10.719,0.017,0.000,0.000,0.000
87,0.087000,732378.080661,-1339427.744641,-607049.663980,1.092301e-04,-1131.834276,569.849989,583.085452,0.175,4.608,0.017,0.000,0.000,0.000
88,0.088000,732133.263336,-1339179.337441,-607046.074104,1.151431e-04,-1131.497088,569.753407,583.141636,0.173,10.736,0.017,0.000,0.000,0.000
89,0.089000,731884.844603,-1338928.654965,-607043.810362,1.188717e-04,-1130.963506,569.525077,583.114025,0.175,7.622,0.017,0.000,0.000,0.000
90,0.090000,731632.761179,-1338675.801119,-607043.039939,1.201407e-04,-1130.578244,569.412169,583.124669,0.174,6.120,0.018,0.000,0.000,0.000
91,0.091000,731378.260357,-1338420.816007,-607042.555650,1.209384e-04,-1130.300393,569.200202,583.214947,0.172,10.762,0.018,0.000,0.000,0.000
92,0.092000,731122.018401,-1338163.702138,-607041.683738,1.223746e-04,-1129.931164,568.886633,583.326242,0.185,4.607,0.023,0.000,0.000,0.000
93,0.093000,730864.570304,-1337904.465947,-607039.895643,1.253198e-04,-1129.446241,568.534213,583.374930,0.203,10.739,0.021,0.000,0.000,0.000
94,0.094000,730604.979283,-1337643.070598,-607038.091315,1.282918e-04,-1129.098350,568.163064,583.504951,0.185,4.623,0.019,0.000,0.000,0.000
95,0.095000,730342.332113,-1337379.581867,-607037.249753,1.296779e-04,-1128.925113,567.876493,583.724329,0.187,10.647,0.025,0.000,0.000,0.000
96,0.096000,730077.654831,-1337114.024067,-607036.369235,1.311283e-04,-1128.766536,567.536936,583.960275,0.177,4.612,0.017,0.000,0.000,0.000
97,0.097000,729810.807137,-1336846.398301,-607035.591164,1.324098e-04,-1128.591144,567.247033,584.255547,0.232,4.682,0.016,0.000,0.000,0.000
98,0.098000,729542.657731,-1336576.736450,-607034.078719,1.349010e-04,-1128.351763,566.974488,584.437325,0.174,12.169,0.018,0.000,0.000,0.000
99,0.099000,729272.294086,-1336304.990227,-607032.696141,1.371783e-04,-1128.125906,566.617194,584.757483,0.187,4.689,0.024,0.000,0.000,0.000
100,0.100000,729000.411076,-1336031.218313,-607030.807238,1.402896e-04,-1127.716710,566.339284,585.170496,0.177,13.713,0.019,0.000,0.000,0.000
101,0.101000,728727.258882,-1335755.365206,-607028.106325,1.447384e-04,-1127.403575,565.999994,585.537155,0.191,4.606,0.019,0.000,0.000,0.000
102,0.102000,728451.632237,-1335477.498200,-607025.865963,1.484285e-04,-1127.318831,565.689817,585.883117,0.191,10.468,0.019,0.000,0.000,0.000
103,0.103000,728173.642335,-1335197.611215,-607023.968880,1.515533e-04,-1127.079651,565.377688,586.306362,0.186,4.605,0.020,0.000,0.000,0.000
104,0.104000,727894.653460,-1334915.766393,-607021.112933,1.562574e-04,-1126.695717,564.941064,586.905370,0.177,6.181,0.019,0.000,0.000,0.000
105,0.105000,727613.837871,-1334631.872110,-607018.034239,1.613284e-04,-1126.404664,564.746626,587.352668,0.218,4.611,0.021,0.000,0.000,0.000
106,0.106000,727329.934640,-1334346.020916,-607016.086276,1.645370e-04,-1126.383971,564.792642,587.647614,0.202,7.655,0.022,0.000,0.000,0.000
107,0.107000,727045.787066,-1334058.203512,-607012.416446,1.705817e-04,-1125.981163,564.390627,588.143493,0.192,6.111,0.019,0.000,0.000,0.000
108,0.108000,726763.622232,-1333768.348265,-607004.726033,1.832488e-04,-1124.842235,563.211849,589.387644,0.188,6.198,0.019,0.000,0.000,0.000
109,0.109000,726477.035677,-1333476.342188,-606999.306510,1.921754e-04,-1124.088353,562.363651,590.443054,0.182,4.694,0.017,0.000,0.000,0.000
110,0.110000,726183.778443,-1333182.438357,-606998.659914,1.932405e-04,-1123.730320,562.001662,590.782681,0.175,10.395,0.018,0.000,0.000,0.000
111,0.111000,725889.879498,-1332886.642229,-606996.762731,1.963654e-04,-1123.059516,561.332957,591.279684,0.178,4.688,0.018,0.000,0.000,0.000
112,0.112000,725595.517110,-1332588.931937,-606993.414827,2.018798e-04,-1122.349194,560.418178,591.969287,0.180,10.751,0.018,0.000,0.000,0.000
113,0.113000,725298.244628,-1332289.304357,-606991.059730,2.057590e-04,-1121.791341,559.748512,592.558507,0.196,4.616,0.017,0.000,0.000,0.000
114,0.114000,724998.453814,-1331987.824640,-606989.370826,2.085408e-04,-1121.293488,559.189390,593.040531,0.171,10.670,0.018,0.000,0.000,0.000
115,0.115000,724697.797240,-1331684.478258,-606986.681018,2.129713e-04,-1120.622351,558.393467,593.576524,0.211,4.693,0.018,0.000,0.000,0.000
116,0.116000,724397.940221,-1331379.265136,-606981.324916,2.217935e-04,-1119.527734,557.429726,594.256976,0.171,4.611,0.019,0.000,0.000,0.000
117,0.117000,724097.116464,-1331072.092428,-606974.975964,2.322511e-04,-1118.402294,556.337331,595.111244,0.172,10.646,0.020,0.000,0.000,0.000
118,0.118000,723790.604077,-1330763.041984,-606972.437907,2.364316e-04,-1118.047540,555.643797,595.784263,0.192,4.614,0.020,0.000,0.000,0.000
119,0.119000,723481.563374,-1330452.259720,-606970.696346,2.393002e-04,-1117.916716,555.313377,596.088704,0.201,10.738,0.020,0.000,0.000,0.000
120,0.120000,723173.736268,-1330139.658268,-606965.921999,2.471641e-04,-1117.560151,554.706332,596.474816,0.186,6.178,0.018,0.000,0.000,0.000
121,0.121000,722864.510677,-1329825.191023,-606960.680346,2.557978e-04,-1117.328860,554.258395,596.665898,0.197,4.614,0.019,0.000,0.000,0.000
122,0.122000,722553.109440,-1329508.928491,-606955.819051,2.638050e-04,-1116.660277,553.646800,597.086386,0.177,6.138,0.017,0.000,0.000,0.000
123,0.123000,722239.965456,-1329190.861804,-606950.896348,2.719134e-04,-1116.014467,553.022781,597.536098,0.190,6.209,0.021,0.000,0.000,0.000
124,0.124000,721925.815268,-1328871.035301,-606945.220033,2.812630e-04,-1115.468354,552.661401,597.673935,0.214,6.199,0.036,0.000,0.000,0.000
125,0.125000,721609.755447,-1328549.373207,-606939.617760,2.904907e-04,-1114.771135,552.208276,597.971141,0.189,10.653,0.020,0.000,0.000,0.000
126,0.126000,721290.252943,-1328225.976458,-606935.723515,2.969050e-04,-1114.644623,552.073859,598.024983,0.175,7.665,0.018,0.000,0.000,0.000
127,0.127000,720968.286372,-1327900.871419,-606932.585048,3.020745e-04,-1114.704514,552.072313,598.019758,0.173,4.696,0.018,0.000,0.000,0.000
128,0.128000,720644.529577,-1327574.098023,-606929.568446,3.070432e-04,-1114.717106,551.981819,598.347168,0.175,4.589,0.019,0.000,0.000,0.000
129,0.129000,720319.419456,-1327245.656831,-606926.237375,3.125299e-04,-1114.238495,551.849126,598.693354,0.181,13.198,0.018,0.000,0.000,0.000
130,0.130000,719993.076729,-1326915.558409,-606922.481680,3.187161e-04,-1113.577127,551.662418,599.022026,0.185,4.688,0.019,0.000,0.000,0.000
131,0.131000,719665.505210,-1326583.764299,-606918.259088,3.256712e-04,-1113.294689,551.308917,599.504686,0.182,12.282,0.019,0.000,0.000,0.000
132,0.132000,719334.797164,-1326250.325274,-606915.528110,3.301695e-04,-1113.011057,550.788513,600.304152,0.186,4.695,0.019,0.000,0.000,0.000
133,0.133000,719000.279804,-1325915.286667,-606915.006863,3.310281e-04,-1112.866841,550.403628,601.064265,0.175,6.079,0.020,0.000,0.000,0.000
134,0.134000,718665.524085,-1325578.732617,-606913.208532,3.339902e-04,-1113.022236,550.175699,601.715833,0.171,6.206,0.018,0.000,0.000,0.000
135,0.135000,718328.992140,-1325240.549385,-606911.557245,3.367100e-04,-1113.130941,549.942735,602.314562,0.173,4.611,0.019,0.000,0.000,0.000
136,0.136000,717992.903881,-1324900.880504,-606907.976623,3.426078e-04,-1112.715714,549.452028,602.910046,0.171,6.177,0.017,0.000,0.000,0.000
137,0.137000,717655.505942,-1324559.585230,-606904.079288,3.490272e-04,-1112.189107,549.058399,603.289568,0.172,12.166,0.018,0.000,0.000,0.000
138,0.138000,717315.437731,-1324216.812784,-606901.375053,3.534815e-04,-1111.621246,548.722094,603.382057,0.171,4.607,0.022,0.000,0.000,0.000
139,0.139000,716975.578929,-1323872.477300,-606896.898371,3.608551e-04,-1110.930819,548.016900,603.944773,0.174,12.155,0.022,0.000,0.000,0.000
140,0.140000,716635.341914,-1323526.595244,-606891.253330,3.701533e-04,-1110.136741,546.849648,604.050561,0.172,4.612,0.018,0.000,0.000,0.000
141,0.141000,716294.385689,-1323179.048389,-606884.662700,3.810089e-04,-1109.153948,545.406228,604.396093,0.180,10.714,0.019,0.000,0.000,0.000
142,0.142000,715948.395194,-1322829.934910,-606881.539716,3.861529e-04,-1108.651114,544.563799,605.531322,0.181,13.747,0.019,0.000,0.000,0.000
143,0.143000,715599.875378,-1322479.366191,-606879.490814,3.895277e-04,-1108.262624,543.919462,606.659850,0.187,9.177,0.022,0.000,0.000,0.000
144,0.144000,715249.843409,-1322127.311805,-606877.468396,3.928589e-04,-1107.840134,543.267802,607.485238,0.183,4.614,0.017,0.000,0.000,0.000
145,0.145000,714897.498809,-1321773.836913,-606876.338103,3.947206e-04,-1107.674856,542.669495,608.099148,0.222,4.687,0.020,0.000,0.000,0.000
146,0.146000,714545.069160,-1321418.927027,-606873.857867,3.988059e-04,-1107.328013,541.983557,608.751844,0.213,12.240,0.023,0.000,0.000,0.000
147,0.147000,714190.800093,-1321062.602884,-606871.802790,4.021909e-04,-1107.060286,541.501263,609.106819,0.180,4.672,0.022,0.000,0.000,0.000
148,0.148000,713834.453206,-1320704.920345,-606870.467139,4.043909e-04,-1106.907684,541.081614,609.670542,0.176,4.690,0.017,0.000,0.000,0.000
149,0.149000,713477.759229,-1320345.837317,-606868.078088,4.083259e-04,-1106.438283,540.592963,610.297744,0.177,10.749,0.018,0.000,0.000,0.000
150,0.150000,713120.792598,-1319985.382170,-606864.589572,4.140720e-04,-1105.800261,540.112025,610.779839,0.188,4.595,0.020,0.000,0.000,0.000
151,0.151000,712761.384477,-1319623.565263,-606862.180785,4.180396e-04,-1105.314714,539.700530,611.224593,0.206,10.675,0.023,0.000,0.000,0.000
152,0.152000,712399.539384,-1319260.447050,-606860.907666,4.201366e-04,-1104.941489,539.294798,611.519763,0.173,4.602,0.018,0.000,0.000,0.000
153,0.153000,712038.465067,-1318896.024867,-606857.559800,4.256509e-04,-1104.407375,538.598165,612.401514,0.190,12.271,0.019,0.000,0.000,0.000
154,0.154000,711678.074906,-1318530.227957,-606852.153051,4.345566e-04,-1103.770844,537.829004,613.477877,0.171,4.607,0.017,0.000,0.000,0.000
155,0.155000,711315.134095,-1318163.089571,-606847.955477,4.414705e-04,-1103.191224,537.245505,614.050841,0.174,10.729,0.018,0.000,0.000,0.000
156,0.156000,710950.960003,-1317794.666247,-606843.706244,4.484696e-04,-1102.576363,536.653485,614.604713,0.176,4.683,0.019,0.000,0.000,0.000
157,0.157000,710585.395858,-1317424.919703,-606839.523845,4.553585e-04,-1102.084155,536.219974,615.195255,0.172,10.667,0.017,0.000,0.000,0.000
158,0.158000,710215.037585,-1317053.920417,-606838.882832,4.564144e-04,-1101.869143,536.011507,615.449796,0.238,4.614,0.022,0.000,0.000,0.000
159,0.159000,709843.574650,-1316681.733250,-606838.158600,4.576073e-04,-1101.509847,535.629768,615.698246,0.195,4.670,0.019,0.000,0.000,0.000
160,0.160000,709474.583057,-1316308.313854,-606833.730797,4.649005e-04,-1100.816547,534.956823,616.304547,0.180,10.674,0.018,0.000,0.000,0.000
161,0.161000,709108.339284,-1315933.610122,-606825.270839,4.788351e-04,-1100.096706,534.231370,617.003794,0.181,6.181,0.020,0.000,0.000,0.000
162,0.162000,708740.055942,-1315557.558882,-606817.502939,4.916299e-04,-1099.599156,533.727250,617.521528,0.187,6.197,0.019,0.000,0.000,0.000
163,0.163000,708366.625600,-1315180.270599,-606813.644999,4.979844e-04,-1099.123188,533.289252,617.875564,0.173,6.103,0.018,0.000,0.000,0.000
164,0.164000,707989.874613,-1314801.799955,-606811.925342,5.008169e-04,-1098.925790,533.071850,618.109877,0.173,4.610,0.021,0.000,0.000,0.000
165,0.165000,707610.269611,-1314422.191827,-606811.922216,5.008221e-04,-1098.985034,533.104347,618.215581,0.177,6.210,0.021,0.000,0.000,0.000
166,0.166000,707229.117600,-1314041.481823,-606812.364223,5.000940e-04,-1098.894320,533.091992,618.236723,0.192,12.243,0.020,0.000,0.000,0.000
167,0.167000,706846.920058,-1313659.674131,-606812.754072,4.994519e-04,-1098.791296,532.997482,618.211188,0.175,13.195,0.021,0.000,0.000,0.000
168,0.168000,706464.725049,-1313276.787660,-606812.062611,5.005908e-04,-1098.756692,532.620641,618.166243,0.173,6.188,0.018,0.000,0.000,0.000
169,0.169000,706081.496357,-1312892.787797,-606811.291440,5.018610e-04,-1098.663907,532.270327,618.106377,0.186,4.612,0.021,0.000,0.000,0.000
170,0.170000,705696.123161,-1312507.728997,-606811.605837,5.013432e-04,-1098.657698,532.177339,618.069721,0.179,10.699,0.021,0.000,0.000,0.000
171,0.171000,705310.537799,-1312121.623026,-606811.085227,5.022007e-04,-1098.895686,532.137097,618.211197,0.175,4.669,0.018,0.000,0.000,0.000
172,0.172000,704923.254609,-1311734.456350,-606811.201741,5.020088e-04,-1099.043228,532.031467,618.406028,0.197,7.616,0.019,0.000,0.000,0.000
173,0.173000,704533.901279,-1311346.286784,-606812.385505,5.000590e-04,-1098.979996,531.890553,618.557292,0.271,12.157,0.025,0.000,0.000,0.000
174,0.174000,704144.013980,-1310957.107387,-606813.093407,4.988930e-04,-1098.882677,531.940390,618.719458,0.229,4.628,0.021,0.000,0.000,0.000
175,0.175000,703753.275712,-1310566.928746,-606813.653034,4.979712e-04,-1098.756316,531.980861,618.802950,0.222,4.617,0.019,0.000,0.000,0.000
176,0.176000,703362.493196,-1310175.757627,-606813.264431,4.986113e-04,-1098.578881,531.935838,618.819504,0.204,4.565,0.019,0.000,0.000,0.000
177,0.177000,702971.663875,-1309783.579643,-606811.915768,5.008327e-04,-1098.528308,531.974158,618.876537,0.201,7.700,0.019,0.000,0.000,0.000
178,0.178000,702581.061903,-1309390.405691,-606809.343788,5.050691e-04,-1098.422223,531.883459,618.947781,0.227,7.716,0.022,0.000,0.000,0.000
179,0.179000,702188.343957,-1308996.211870,-606807.867913,5.075000e-04,-1098.238977,531.742352,618.989921,0.262,4.686,0.029,0.000,0.000,0.000
180,0.180000,701793.009681,-1308601.083178,-606808.073497,5.071614e-04,-1098.159092,531.685190,619.186746,0.218,10.563,0.020,0.000,0.000,0.000
181,0.181000,701397.880687,-1308205.011971,-606807.131284,5.087134e-04,-1098.003718,531.575553,619.254829,0.204,6.112,0.020,0.000,0.000,0.000
182,0.182000,701004.515142,-1307807.988901,-606803.473759,5.147378e-04,-1097.699091,531.321950,619.399890,0.201,4.603,0.018,0.000,0.000,0.000
183,0.183000,700612.443678,-1307409.959287,-606797.515609,5.245516e-04,-1097.276582,530.963796,619.853541,0.191,6.125,0.018,0.000,0.000,0.000
184,0.184000,700218.424705,-1307010.925623,-606792.500918,5.328115e-04,-1096.858084,530.623274,620.378764,0.193,6.180,0.020,0.000,0.000,0.000
185,0.185000,699820.697866,-1306610.936737,-606790.238871,5.365374e-04,-1096.802355,530.331130,620.876758,0.274,5.825,0.033,0.000,0.000,0.000
186,0.186000,699421.238734,-1306210.057676,-606788.818942,5.388762e-04,-1097.184201,530.082075,621.303520,0.222,12.253,0.019,0.000,0.000,0.000
187,0.187000,699023.657923,-1305808.273463,-606784.615540,5.457998e-04,-1097.420846,529.808979,621.919584,0.204,10.679,0.019,0.000,0.000,0.000
188,0.188000,698626.878801,-1305405.534680,-606778.655879,5.556161e-04,-1097.409060,529.404762,622.626972,0.211,4.696,0.027,0.000,0.000,0.000
189,0.189000,698228.113939,-1305001.858069,-606773.744131,5.637064e-04,-1097.231901,529.001601,623.102749,0.208,4.605,0.018,0.000,0.000,0.000
190,0.190000,697825.772998,-1304597.281061,-606771.508063,5.673895e-04,-1097.137296,528.791080,623.369949,0.200,10.464,0.020,0.000,0.000,0.000
191,0.191000,697423.598713,-1304191.867643,-606768.268930,5.727248e-04,-1097.312221,528.602551,623.851105,0.203,4.639,0.021,0.000,0.000,0.000
192,0.192000,697022.697678,-1303785.543743,-606762.846065,5.816569e-04,-1097.281472,528.459571,624.476263,0.193,6.128,0.019,0.000,0.000,0.000
193,0.193000,696618.424047,-1303378.342954,-606759.918906,5.864784e-04,-1097.182231,528.707933,624.897686,0.195,4.603,0.018,0.000,0.000,0.000
194,0.194000,696211.373967,-1302970.330977,-606758.957009,5.880627e-04,-1097.209883,529.214427,625.214007,0.185,7.609,0.017,0.000,0.000,0.000
195,0.195000,695803.770620,-1302561.523255,-606757.752634,5.900465e-04,-1097.291176,529.808758,625.503533,0.192,6.116,0.018,0.000,0.000,0.000
196,0.196000,695395.139043,-1302151.921030,-606756.781986,5.916453e-04,-1097.318467,530.054916,625.596803,0.182,6.131,0.019,0.000,0.000,0.000
197,0.197000,694985.727201,-1301741.543828,-606755.816628,5.932354e-04,-1097.126546,529.966814,625.528768,0.190,4.622,0.022,0.000,0.000,0.000
198,0.198000,694575.490828,-1301330.387441,-606754.896613,5.947507e-04,-1096.968684,530.068245,625.525009,0.188,12.168,0.019,0.000,0.000,0.000
199,0.199000,694164.005390,-1300918.482994,-606754.477605,5.954409e-04,-1097.162547,530.166080,625.430422,0.372,4.701,0.019,0.000,0.000,0.000
200,0.200000,693753.198792,-1300505.834694,-606752.635902,5.984744e-04,-1097.237678,530.249405,625.307973,0.199,12.225,0.019,0.000,0.000,0.000
201,0.201000,693341.576528,-1300092.413534,-606750.837005,6.014375e-04,-1097.114571,530.417271,625.451483,0.194,6.194,0.018,0.000,0.000,0.000
202,0.202000,692929.146540,-1299678.271604,-606749.125064,6.042572e-04,-1097.298379,530.434012,625.839089,0.182,4.679,0.019,0.000,0.000,0.000
203,0.203000,692516.747240,-1299263.383196,-606746.635957,6.083571e-04,-1097.474105,530.332536,625.948816,0.187,7.671,0.017,0.000,0.000,0.000
204,0.204000,692104.380411,-1298847.766729,-606743.386318,6.137097e-04,-1097.297561,530.186737,626.021397,0.179,13.742,0.018,0.000,0.000,0.000
205,0.205000,691689.915598,-1298431.395645,-606741.480047,6.168496e-04,-1097.105058,530.039239,626.247644,0.188,4.596,0.018,0.000,0.000,0.000
206,0.206000,691274.304337,-1298014.359887,-606740.055550,6.191959e-04,-1096.828859,529.960636,626.162497,0.194,10.570,0.018,0.000,0.000,0.000
207,0.207000,690858.731938,-1297596.599105,-606737.867168,6.228005e-04,-1096.495756,529.929041,626.124335,0.238,4.691,0.026,0.000,0.000,0.000
208,0.208000,690442.444363,-1297178.173212,-606735.728849,6.263226e-04,-1096.155031,529.885981,626.087735,0.213,6.196,0.023,0.000,0.000,0.000
209,0.209000,690024.751193,-1296759.041971,-606734.290778,6.286913e-04,-1095.816680,529.790785,626.007559,0.197,6.134,0.019,0.000,0.000,0.000
210,0.210000,689604.683623,-1296339.287813,-606734.604190,6.281750e-04,-1095.636023,529.711127,626.108845,0.206,6.208,0.019,0.000,0.000,0.000
211,0.211000,689185.547295,-1295918.909083,-606733.361788,6.302214e-04,-1095.310279,529.480088,626.521344,0.192,6.126,0.020,0.000,0.000,0.000
212,0.212000,688765.707968,-1295497.889047,-606732.181079,6.321662e-04,-1095.008493,529.242737,626.907134,0.182,6.177,0.018,0.000,0.000,0.000
213,0.213000,688344.659769,-1295076.269705,-606731.609936,6.331070e-04,-1094.917218,529.228432,626.867915,0.181,10.665,0.019,0.000,0.000,0.000
214,0.214000,687922.812992,-1294654.037983,-606731.224991,6.337410e-04,-1094.956334,529.213666,626.826172,0.179,4.686,0.019,0.000,0.000,0.000
215,0.215000,687499.630457,-1294231.230883,-606731.600426,6.331226e-04,-1095.022232,529.138726,626.900339,0.186,4.676,0.022,0.000,0.000,0.000
216,0.216000,687076.029243,-1293807.850319,-606731.821076,6.327592e-04,-1094.954085,529.071693,627.013508,0.187,10.725,0.018,0.000,0.000,0.000
217,0.217000,686651.521632,-1293383.908815,-606732.387183,6.318267e-04,-1094.781296,529.028522,627.165452,0.179,4.591,0.017,0.000,0.000,0.000
218,0.218000,686232.462893,-1292959.424895,-606726.962003,6.407627e-04,-1094.949451,528.978681,627.352546,0.185,13.695,0.017,0.000,0.000,0.000
219,0.219000,685814.340445,-1292534.225686,-606719.885241,6.524191e-04,-1095.082757,528.759534,627.482220,0.179,4.674,0.019,0.000,0.000,0.000
220,0.220000,685389.567382,-1292108.459725,-606718.892343,6.540545e-04,-1094.860312,528.559423,627.654654,0.187,12.185,0.019,0.000,0.000,0.000
221,0.221000,684963.145942,-1291682.176433,-606719.030491,6.538270e-04,-1094.918873,528.528027,627.788998,0.185,6.117,0.018,0.000,0.000,0.000
222,0.222000,684535.709211,-1291255.378369,-606719.669158,6.527750e-04,-1095.057799,528.538265,627.822232,0.176,4.616,0.017,0.000,0.000,0.000
223,0.223000,684108.456624,-1290828.095530,-606719.638905,6.528248e-04,-1095.157648,528.607579,627.947412,0.182,4.618,0.017,0.000,0.000,0.000
224,0.224000,683682.935857,-1290400.299362,-606717.363506,6.565727e-04,-1095.173749,528.568576,628.248557,0.177,7.650,0.018,0.000,0.000,0.000
225,0.225000,683256.106999,-1289971.978131,-606715.871133,6.590309e-04,-1095.063919,528.369352,628.589227,0.212,6.206,0.022,0.000,0.000,0.000
226,0.226000,682826.991844,-1289543.183447,-606716.191603,6.585030e-04,-1095.062072,528.151144,628.802825,0.195,12.179,0.018,0.000,0.000,0.000
227,0.227000,682396.922132,-1289113.932445,-606717.010312,6.571545e-04,-1095.085680,528.104483,628.919262,0.182,4.678,0.019,0.000,0.000,0.000
228,0.228000,681966.629837,-1288684.240824,-606717.610987,6.561651e-04,-1095.114317,528.203524,629.034574,0.184,12.148,0.019,0.000,0.000,0.000
229,0.229000,681537.776484,-1288254.105073,-606716.328589,6.582774e-04,-1095.060359,528.184941,629.638409,0.177,4.614,0.017,0.000,0.000,0.000
230,0.230000,681109.424852,-1287823.488766,-606714.063914,6.620076e-04,-1094.837928,528.021971,630.308959,0.175,4.601,0.017,0.000,0.000,0.000
231,0.231000,680681.128374,-1287392.417914,-606711.289541,6.665773e-04,-1094.541437,527.895717,631.125506,0.190,4.613,0.018,0.000,0.000,0.000
232,0.232000,680251.925978,-1286960.865083,-606708.939105,6.704488e-04,-1094.306067,527.725559,631.894454,0.182,6.115,0.019,0.000,0.000,0.000
233,0.233000,679821.390055,-1286528.888941,-606707.498885,6.728210e-04,-1094.052819,527.477491,632.192547,0.173,6.113,0.017,0.000,0.000,0.000
234,0.234000,679389.784995,-1286096.483544,-606706.698549,6.741393e-04,-1093.819251,527.365765,632.325978,0.187,9.145,0.022,0.000,0.000,0.000
235,0.235000,678959.962704,-1285663.687683,-606703.724979,6.790372e-04,-1093.573452,527.272180,632.540249,0.181,4.680,0.018,0.000,0.000,0.000
236,0.236000,678533.092821,-1285230.425080,-606697.332259,6.895668e-04,-1093.177341,527.088931,633.193225,0.171,10.715,0.017,0.000,0.000,0.000
237,0.237000,678105.614444,-1284796.700698,-606691.086255,6.998548e-04,-1092.794805,526.921333,633.962410,0.173,10.707,0.017,0.000,0.000,0.000
238,0.238000,677677.765631,-1284362.532366,-606684.766735,7.102639e-04,-1092.567420,526.769944,634.574022,0.269,4.671,0.027,0.000,0.000,0.000
239,0.239000,677250.260344,-1283927.918480,-606677.658136,7.219727e-04,-1092.421130,526.605236,635.080748,0.199,12.154,0.018,0.000,0.000,0.000
240,0.240000,676822.063350,-1283492.852704,-606670.789353,7.332865e-04,-1092.174828,526.447027,635.678786,0.219,4.687,0.016,0.000,0.000,0.000
241,0.241000,676391.603916,-1283057.363157,-606665.759241,7.415717e-04,-1092.199296,526.297300,636.216779,0.179,12.256,0.017,0.000,0.000,0.000
242,0.242000,675956.783194,-1282621.487364,-606664.704170,7.433096e-04,-1092.441561,526.250911,636.444820,0.217,4.667,0.017,0.000,0.000,0.000
243,0.243000,675525.000920,-1282185.307044,-606660.306124,7.505537e-04,-1092.547342,526.082390,636.684796,0.176,10.668,0.019,0.000,0.000,0.000
244,0.244000,675096.808347,-1281748.665637,-606651.857291,7.644701e-04,-1092.595249,525.727861,636.815903,0.174,4.680,0.017,0.000,0.000,0.000
245,0.245000,674666.274947,-1281311.629597,-606645.354650,7.751808e-04,-1092.881603,525.598498,636.971122,0.175,10.705,0.018,0.000,0.000,0.000
246,0.246000,674231.404862,-1280874.201486,-606642.796623,7.793942e-04,-1093.197309,525.660226,637.246882,0.175,4.678,0.018,0.000,0.000,0.000
247,0.247000,673794.990028,-1280436.497744,-606641.507716,7.815172e-04,-1093.153147,525.532940,637.914543,0.172,12.160,0.017,0.000,0.000,0.000
248,0.248000,673360.859963,-1279998.436968,-606637.577006,7.879916e-04,-1093.381634,525.382142,638.698544,0.200,4.691,0.017,0.000,0.000,0.000
249,0.249000,672926.915523,-1279560.045795,-606633.130272,7.953159e-04,-1093.901303,525.355015,639.080428,0.171,13.745,0.018,0.000,0.000,0.000
250,0.250000,672492.048078,-1279121.314184,-606629.266106,8.016807e-04,-1093.838555,525.046553,639.575438,0.170,5.692,0.017,0.000,0.000,0.000
251,0.251000,672054.198554,-1278682.277885,-606628.079330,8.036355e-04,-1093.487617,524.786870,639.961768,0.169,10.755,0.017,0.000,0.000,0.000
252,0.252000,671614.414998,-1278242.983944,-606628.568947,8.028291e-04,-1093.410705,524.864191,640.164534,0.183,6.187,0.027,0.000,0.000,0.000
253,0.253000,671174.239193,-1277803.448613,-606629.209419,8.017741e-04,-1093.405639,524.879893,640.353917,0.174,6.184,0.017,0.000,0.000,0.000
254,0.254000,670734.467037,-1277363.672663,-606629.205626,8.017804e-04,-1093.393561,524.848406,640.624392,0.172,6.102,0.017,0.000,0.000,0.000
255,0.255000,670296.003799,-1276923.654414,-606627.650616,8.043417e-04,-1093.290021,524.768700,641.033887,0.170,4.556,0.017,0.000,0.000,0.000
256,0.256000,669857.426783,-1276483.372865,-606625.946082,8.071493e-04,-1093.228504,524.667323,641.468270,0.190,6.202,0.022,0.000,0.000,0.000
257,0.257000,669417.793357,-1276042.856638,-606625.063281,8.086033e-04,-1093.248892,524.640396,641.840780,0.186,10.659,0.020,0.000,0.000,0.000
258,0.258000,668977.500996,-1275602.112805,-606624.611809,8.093470e-04,-1093.378267,524.605006,642.090208,0.172,10.665,0.017,0.000,0.000,0.000
259,0.259000,668536.296822,-1275161.158789,-606624.861967,8.089349e-04,-1093.527052,524.539474,642.218889,0.171,4.629,0.017,0.000,0.000,0.000
260,0.260000,668095.553395,-1274720.008056,-606624.454661,8.096058e-04,-1093.663622,524.435986,642.320263,0.182,12.239,0.019,0.000,0.000,0.000
261,0.261000,667655.452826,-1274278.643915,-606623.191089,8.116871e-04,-1093.623420,524.295124,642.496278,0.187,4.661,0.018,0.000,0.000,0.000
262,0.262000,667217.783536,-1273837.069845,-606619.286309,8.181188e-04,-1093.216346,523.940561,643.008709,0.188,13.657,0.019,0.000,0.000,0.000
263,0.263000,666781.504973,-1273395.228875,-606613.723902,8.272808e-04,-1092.892191,523.651272,643.688282,0.189,4.677,0.018,0.000,0.000,0.000
264,0.264000,666342.717458,-1272953.156038,-606610.438580,8.326922e-04,-1092.889704,523.578812,643.940693,0.193,10.716,0.019,0.000,0.000,0.000
265,0.265000,665901.768699,-1272510.891434,-606609.122735,8.348595e-04,-1092.878145,523.383778,643.885178,0.212,4.611,0.019,0.000,0.000,0.000
266,0.266000,665460.217493,-1272068.459810,-606608.242317,8.363097e-04,-1092.958482,523.180042,643.823625,0.193,4.609,0.017,0.000,0.000,0.000
267,0.267000,665022.042498,-1271625.858744,-606603.816246,8.436000e-04,-1092.995881,522.966275,643.655878,0.181,4.607,0.018,0.000,0.000,0.000
268,0.268000,664586.749465,-1271183.012063,-606596.262598,8.560419e-04,-1092.839144,522.769062,643.562696,0.177,7.626,0.019,0.000,0.000,0.000
269,0.269000,664149.004487,-1270739.938877,-606590.934390,8.648181e-04,-1092.767879,522.553504,643.474441,0.175,4.605,0.017,0.000,0.000,0.000
270,0.270000,663707.848250,-1270296.691110,-606588.842861,8.682631e-04,-1092.743635,522.400820,643.429011,0.186,9.141,0.022,0.000,0.000,0.000
271,0.271000,663268.418865,-1269853.305935,-606584.887070,8.747789e-04,-1092.639855,522.379052,643.595648,0.177,4.686,0.018,0.000,0.000,0.000
272,0.272000,662828.934264,-1269409.714239,-606580.779975,8.815438e-04,-1092.487373,522.207757,643.737708,0.174,10.732,0.018,0.000,0.000,0.000
273,0.273000,662386.205933,-1268965.992838,-606579.786905,8.831795e-04,-1092.474679,522.063314,643.871666,0.173,4.613,0.018,0.000,0.000,0.000
274,0.274000,661945.802930,-1268522.157119,-606576.354189,8.888336e-04,-1092.397221,521.975330,644.279344,0.173,10.417,0.017,0.000,0.000,0.000
275,0.275000,661505.934328,-1268078.148927,-606572.214599,8.956521e-04,-1092.308497,521.885176,644.781707,0.184,4.604,0.018,0.000,0.000,0.000
276,0.276000,661065.763927,-1267634.017799,-606568.253872,9.021759e-04,-1092.357623,521.734256,644.711692,0.174,10.279,0.017,0.000,0.000,0.000
277,0.277000,660629.322043,-1267189.730567,-606560.408524,9.150982e-04,-1092.351751,521.448395,644.268001,0.184,4.686,0.019,0.000,0.000,0.000
278,0.278000,660205.130448,-1266745.234204,-606540.103756,9.485429e-04,-1091.986173,520.582446,643.963039,0.217,4.692,0.020,0.000,0.000,0.000
279,0.279000,659777.616335,-1266300.278720,-606522.662385,9.772711e-04,-1091.599054,519.747214,644.081764,0.203,10.726,0.020,0.000,0.000,0.000
280,0.280000,659336.605003,-1265855.201041,-606518.596038,9.839689e-04,-1091.567253,519.560418,644.422547,0.194,4.610,0.017,0.000,0.000,0.000
281,0.281000,658894.782118,-1265410.015921,-606515.233803,9.895070e-04,-1091.496826,519.437835,644.743051,0.179,4.599,0.017,0.000,0.000,0.000
282,0.282000,658452.652007,-1264964.741014,-606512.089006,9.946869e-04,-1091.387180,519.348627,645.188692,0.177,4.612,0.018,0.000,0.000,0.000
283,0.283000,658010.038801,-1264519.376349,-606509.337548,9.992189e-04,-1091.313399,519.183524,645.759623,0.176,6.124,0.017,0.000,0.000,0.000
284,0.284000,657566.056553,-1264073.943412,-606507.886859,1.001608e-03,-1091.211734,519.098109,646.221105,0.174,6.114,0.017,0.000,0.000,0.000
285,0.285000,657123.874689,-1263628.464799,-606504.590111,1.007039e-03,-1091.150125,519.188225,646.644379,0.176,9.206,0.017,0.000,0.000,0.000
286,0.286000,656685.284232,-1263182.888828,-606497.604596,1.018545e-03,-1091.170484,519.216441,647.394898,0.182,4.677,0.017,0.000,0.000,0.000
287,0.287000,656245.511759,-1262737.192536,-606491.680777,1.028302e-03,-1091.301653,519.212215,648.048868,0.174,10.692,0.018,0.000,0.000,0.000
288,0.288000,655805.284492,-1262291.433973,-606486.149481,1.037413e-03,-1091.314302,519.115334,648.405663,0.176,4.596,0.017,0.000,0.000,0.000
289,0.289000,655365.436989,-1261845.572458,-606480.135469,1.047319e-03,-1091.408141,519.107911,648.713692,0.173,10.693,0.018,0.000,0.000,0.000
290,0.290000,654923.620940,-1261399.657955,-606476.037015,1.054069e-03,-1091.619755,519.184125,648.886577,0.184,4.688,0.019,0.000,0.000,0.000
291,0.291000,654480.124620,-1260953.701911,-606473.577291,1.058121e-03,-1091.685448,519.489296,648.878969,0.173,12.221,0.018,0.000,0.000,0.000
292,0.292000,654038.816740,-1260507.739060,-606468.922321,1.065788e-03,-1091.816596,520.000512,649.102005,0.171,4.675,0.018,0.000,0.000,0.000
293,0.293000,653605.049215,-1260061.695512,-606456.646297,1.086008e-03,-1092.105440,520.303977,650.329292,0.193,6.172,0.025,0.000,0.000,0.000
294,0.294000,653169.133522,-1259615.491235,-606446.357713,1.102955e-03,-1092.369792,520.592596,651.273756,0.197,10.206,0.019,0.000,0.000,0.000
295,0.295000,652725.685171,-1259169.260315,-606443.575144,1.107538e-03,-1092.457240,520.769174,651.202784,0.194,4.698,0.021,0.000,0.000,0.000
296,0.296000,652281.388261,-1258723.039181,-606441.650920,1.110708e-03,-1092.655691,520.848573,651.073598,0.180,10.733,0.018,0.000,0.000,0.000
297,0.297000,651843.818609,-1258276.825437,-606433.006829,1.124946e-03,-1092.940742,520.553708,651.654503,0.173,4.672,0.021,0.000,0.000,0.000
298,0.298000,651412.773786,-1257830.483534,-606417.709748,1.150142e-03,-1092.997880,519.931120,653.213539,0.180,10.622,0.022,0.000,0.000,0.000
299,0.299000,650975.206465,-1257384.008463,-606408.801998,1.164814e-03,-1093.041091,520.112892,654.082725,0.170,4.604,0.018,0.000,0.000,0.000
300,0.300000,650532.838150,-1256937.561706,-606404.723556,1.171532e-03,-1093.093883,520.509747,654.145350,0.190,4.702,0.021,0.000,0.000,0.000
301,0.301000,650092.823379,-1256491.103322,-606398.279942,1.182145e-03,-1092.921723,520.370002,654.356409,0.174,10.709,0.018,0.000,0.000,0.000
302,0.302000,649651.051066,-1256044.627155,-606393.576089,1.189893e-03,-1092.706871,520.233024,654.487470,0.183,4.678,0.019,0.000,0.000,0.000
303,0.303000,649207.333406,-1255598.191702,-606390.858296,1.194370e-03,-1092.543976,520.086805,654.418379,0.173,10.723,0.018,0.000,0.000,0.000
304,0.304000,648767.239332,-1255151.796813,-606384.557480,1.204748e-03,-1092.200051,519.810495,654.450108,0.183,4.677,0.022,0.000,0.000,0.000
305,0.305000,648326.895274,-1254705.370889,-606378.475616,1.214766e-03,-1091.905197,519.499716,654.454512,0.216,13.741,0.022,0.000,0.000,0.000
306,0.306000,647892.740384,-1254259.001596,-606366.261213,1.234884e-03,-1091.721740,518.907989,655.800550,0.193,4.611,0.017,0.000,0.000,0.000
307,0.307000,647463.190266,-1253812.490973,-606349.300707,1.262821e-03,-1091.302218,518.485593,657.205336,0.199,10.675,0.019,0.000,0.000,0.000
308,0.308000,647037.337819,-1253365.944372,-606328.606553,1.296907e-03,-1089.680431,519.355447,656.822473,0.189,4.609,0.021,0.000,0.000,0.000
309,0.309000,646617.150157,-1252919.138435,-606301.988279,1.340750e-03,-1088.083154,519.773970,657.571152,0.183,10.681,0.019,0.000,0.000,0.000
310,0.310000,646195.024112,-1252472.173749,-606277.149637,1.381663e-03,-1086.621431,520.386163,657.754474,0.175,4.601,0.017,0.000,0.000,0.000
311,0.311000,645760.715402,-1252025.001048,-606264.285646,1.402852e-03,-1085.358040,521.384612,656.802240,0.177,4.681,0.017,0.000,0.000,0.000
312,0.312000,645313.088959,-1251577.944480,-606264.855521,1.401913e-03,-1085.317682,521.361675,656.747942,0.183,4.607,0.018,0.000,0.000,0.000
313,0.313000,644866.450495,-1251131.019918,-606264.569423,1.402384e-03,-1085.357457,521.291248,656.537838,0.174,7.618,0.023,0.000,0.000,0.000
314,0.314000,644421.167826,-1250684.202533,-606263.034707,1.404912e-03,-1085.408413,521.146495,656.224363,0.170,4.677,0.018,0.000,0.000,0.000
315,0.315000,643990.926160,-1250237.499742,-606246.573583,1.432026e-03,-1084.936220,520.644987,657.217705,0.173,7.695,0.018,0.000,0.000,0.000
316,0.316000,643572.354994,-1249790.591719,-606218.236725,1.478700e-03,-1084.247621,519.497637,659.939771,0.169,4.590,0.019,0.000,0.000,0.000
317,0.317000,643154.551620,-1249343.556371,-606189.004752,1.526849e-03,-1082.725341,519.716722,661.231589,0.182,9.206,0.021,0.000,0.000,0.000
318,0.318000,642742.426989,-1248896.278082,-606153.851093,1.584752e-03,-1080.723358,520.497289,661.992159,0.219,4.626,0.021,0.000,0.000,0.000
319,0.319000,642329.856245,-1248448.759616,-606118.903371,1.642315e-03,-1079.870542,519.527689,664.000304,0.188,10.675,0.017,0.000,0.000,0.000
320,0.320000,641911.535247,-1248001.036040,-606089.500793,1.690745e-03,-1079.573310,518.067093,666.486081,0.188,4.598,0.017,0.000,0.000,0.000
321,0.321000,641500.624673,-1247553.204609,-606052.579936,1.751559e-03,-1078.114687,517.749653,668.776196,0.179,4.612,0.018,0.000,0.000,0.000
322,0.322000,641088.527596,-1247105.005776,-606016.478180,1.811023e-03,-1075.615011,518.918625,668.699327,0.178,13.757,0.016,0.000,0.000,0.000
323,0.323000,640664.876738,-1246656.692820,-605991.816082,1.851645e-03,-1073.555612,520.660605,667.035860,0.172,4.609,0.017,0.000,0.000,0.000
324,0.324000,640254.102280,-1246208.270258,-605954.167978,1.913656e-03,-1071.277660,521.789739,666.700023,0.187,4.624,0.027,0.000,0.000,0.000
325,0.325000,639845.843474,-1245759.477526,-605913.634052,1.980421e-03,-1068.786159,522.729061,666.874158,0.223,4.615,0.030,0.000,0.000,0.000
326,0.326000,639435.938861,-1245310.527259,-605874.588397,2.044734e-03,-1066.505934,523.651325,667.231807,0.172,9.237,0.019,0.000,0.000,0.000
327,0.327000,639021.849235,-1244861.257851,-605839.408617,2.102680e-03,-1065.164940,523.182234,669.184770,0.170,6.112,0.017,0.000,0.000,0.000
328,0.328000,638589.158713,-1244411.950649,-605822.791936,2.130050e-03,-1064.540507,522.647700,670.210637,0.209,6.185,0.027,0.000,0.000,0.000
329,0.329000,638167.592048,-1243962.741712,-605795.149664,2.175580e-03,-1062.700598,523.482139,670.364850,0.220,7.465,0.021,0.000,0.000,0.000
330,0.330000,637751.811426,-1243513.262813,-605761.451387,2.231086e-03,-1061.296269,523.763114,671.971978,0.254,13.802,0.027,0.000,0.000,0.000
331,0.331000,637327.576147,-1243063.787492,-605736.211344,2.272660e-03,-1060.799480,522.790919,674.207518,0.212,4.680,0.020,0.000,0.000,0.000
332,0.332000,636895.276068,-1242614.247542,-605718.971475,2.301056e-03,-1060.171601,522.059749,675.525930,0.206,10.661,0.022,0.000,0.000,0.000
333,0.333000,636451.324675,-1242164.860422,-605713.535747,2.310009e-03,-1059.791241,522.105981,675.515040,0.199,6.181,0.019,0.000,0.000,0.000
334,0.334000,636013.191112,-1241715.651640,-605702.460528,2.328252e-03,-1059.477628,521.909708,676.249865,0.202,4.598,0.018,0.000,0.000,0.000
335,0.335000,635584.649724,-1241266.514223,-605681.864499,2.362176e-03,-1059.057961,521.296257,678.037688,0.224,4.618,0.020,0.000,0.000,0.000
336,0.336000,635159.049861,-1240817.390664,-605658.340803,2.400923e-03,-1058.447506,520.929323,679.475804,0.239,9.169,0.022,0.000,0.000,0.000
337,0.337000,634729.643229,-1240368.287190,-605638.643961,2.433366e-03,-1057.460296,521.245895,679.690341,0.202,4.678,0.019,0.000,0.000,0.000
338,0.338000,634292.050609,-1239919.256748,-605627.206139,2.452206e-03,-1056.663937,521.443499,679.636010,0.198,9.224,0.018,0.000,0.000,0.000
339,0.339000,633848.898411,-1239470.411632,-605621.513221,2.461583e-03,-1056.487065,521.457266,680.248362,0.187,4.611,0.017,0.000,0.000,0.000
340,0.340000,633412.288639,-1239021.772789,-605609.484151,2.481396e-03,-1055.655492,521.910745,680.237263,0.190,4.674,0.018,0.000,0.000,0.000
341,0.341000,632983.121179,-1238573.193846,-605590.072667,2.513369e-03,-1054.195925,522.277920,679.789820,0.183,7.647,0.018,0.000,0.000,0.000
342,0.342000,632551.824123,-1238124.687129,-605572.863006,2.541716e-03,-1052.796218,522.834354,679.070169,0.239,10.734,0.030,0.000,0.000,0.000
343,0.343000,632121.005336,-1237676.294625,-605555.289289,2.570662e-03,-1051.380331,523.059582,678.385558,0.222,4.708,0.020,0.000,0.000,0.000
344,0.344000,631699.971880,-1237227.961852,-605527.989972,2.615628e-03,-1049.639952,523.623124,677.768121,0.201,12.162,0.018,0.000,0.000,0.000
345,0.345000,631276.480411,-1236779.533518,-605503.053107,2.656702e-03,-1048.188891,524.508879,676.980273,0.224,4.669,0.021,0.000,0.000,0.000
346,0.346000,630843.943369,-1236331.238746,-605487.295377,2.682657e-03,-1047.249999,524.409980,676.381690,0.205,13.761,0.017,0.000,0.000,0.000
347,0.347000,630412.153554,-1235883.054803,-605470.901249,2.709660e-03,-1046.456763,524.192068,676.210791,0.200,4.597,0.027,0.000,0.000,0.000
348,0.348000,629979.656497,-1235434.999343,-605455.342846,2.735287e-03,-1045.522750,523.988674,675.929035,0.193,4.604,0.019,0.000,0.000,0.000
349,0.349000,629546.107723,-1234987.084364,-605440.976641,2.758950e-03,-1044.683251,523.748082,675.411306,0.184,4.672,0.023,0.000,0.000,0.000
350,0.350000,629109.411110,-1234539.322981,-605429.911871,2.777175e-03,-1044.096400,523.261377,675.206640,0.183,7.715,0.018,0.000,0.000,0.000
351,0.351000,628673.616898,-1234091.785132,-605418.168233,2.796518e-03,-1043.323632,522.199019,674.999787,0.181,6.115,0.018,0.000,0.000,0.000
352,0.352000,628242.361066,-1233644.408779,-605402.047714,2.823071e-03,-1042.497118,520.873958,675.101084,0.189,4.602,0.020,0.000,0.000,0.000
353,0.353000,627804.535046,-1233197.170240,-605392.635195,2.838575e-03,-1042.169588,519.913559,675.547302,0.189,9.171,0.019,0.000,0.000,0.000
354,0.354000,627359.541616,-1232750.220426,-605390.678810,2.841797e-03,-1042.416440,519.657995,675.827590,0.178,4.605,0.018,0.000,0.000,0.000
355,0.355000,626921.905050,-1232303.566863,-605381.661813,2.856649e-03,-1042.209651,519.828378,675.533482,0.184,10.671,0.020,0.000,0.000,0.000
356,0.356000,626485.071420,-1231857.070744,-605371.999325,2.872565e-03,-1042.015120,519.964352,675.308064,0.184,4.611,0.018,0.000,0.000,0.000
357,0.357000,626043.373717,-1231410.864329,-605367.490612,2.879991e-03,-1042.216528,519.845736,675.501652,0.178,4.611,0.017,0.000,0.000,0.000
358,0.358000,625606.151613,-1230964.930254,-605358.778642,2.894341e-03,-1042.319012,519.751191,675.857940,0.216,4.616,0.020,0.000,0.000,0.000
359,0.359000,625177.814699,-1230519.227286,-605341.412587,2.922945e-03,-1042.355275,519.216308,677.099814,0.222,7.706,0.025,0.000,0.000,0.000
360,0.360000,624754.743816,-1230073.657183,-605318.913366,2.960004e-03,-1042.184218,518.421148,678.798557,0.200,4.688,0.018,0.000,0.000,0.000
361,0.361000,624324.799142,-1229628.239879,-605303.440737,2.985490e-03,-1042.021558,517.969986,679.717068,0.192,7.613,0.018,0.000,0.000,0.000
362,0.362000,623894.835862,-1229183.073418,-605288.237556,3.010531e-03,-1041.876579,517.529906,680.607845,0.184,4.681,0.017,0.000,0.000,0.000
363,0.363000,623472.556893,-1228738.071482,-605265.514589,3.047959e-03,-1041.669416,516.726406,682.215368,0.181,4.659,0.018,0.000,0.000,0.000
364,0.364000,623047.759533,-1228293.205358,-605245.445825,3.081015e-03,-1041.195469,515.604774,683.298343,0.179,13.733,0.018,0.000,0.000,0.000
365,0.365000,622623.926992,-1227848.538988,-605224.611996,3.115331e-03,-1040.643147,514.428246,684.400996,0.187,10.593,0.021,0.000,0.000,0.000
366,0.366000,622199.089114,-1227404.002632,-605204.913518,3.147777e-03,-1040.391463,513.784090,685.621967,0.214,4.685,0.018,0.000,0.000,0.000
367,0.367000,621766.833915,-1226959.697441,-605192.863526,3.167625e-03,-1040.126848,513.569702,686.115772,0.177,4.687,0.017,0.000,0.000,0.000
368,0.368000,621330.760833,-1226515.654362,-605184.893529,3.180753e-03,-1039.956182,513.165977,686.502096,0.175,10.719,0.018,0.000,0.000,0.000
369,0.369000,620892.717201,-1226071.909490,-605179.192289,3.190143e-03,-1039.672055,512.831575,686.640531,0.174,4.672,0.017,0.000,0.000,0.000
370,0.370000,620457.128055,-1225628.467803,-605171.339748,3.203078e-03,-1039.142738,512.851534,686.676909,0.181,6.186,0.017,0.000,0.000,0.000
371,0.371000,620023.530399,-1225185.295041,-605161.764642,3.218849e-03,-1038.879818,512.859813,687.085616,0.173,6.190,0.017,0.000,0.000,0.000
372,0.372000,619590.580414,-1224742.383992,-605151.803578,3.235256e-03,-1038.856749,512.483551,687.549003,0.177,7.723,0.020,0.000,0.000,0.000
373,0.373000,619158.900064,-1224299.724168,-605140.824104,3.253341e-03,-1038.897823,512.189728,687.771745,0.174,9.225,0.018,0.000,0.000,0.000
374,0.374000,618726.812173,-1223857.323072,-605130.510900,3.270328e-03,-1038.777891,512.436411,687.621484,0.178,4.598,0.017,0.000,0.000,0.000
375,0.375000,618294.166017,-1223415.205639,-605121.039621,3.285928e-03,-1038.699090,512.765615,687.525523,0.189,10.662,0.018,0.000,0.000,0.000
376,0.376000,617863.247373,-1222973.368924,-605110.121550,3.303912e-03,-1038.503560,512.953422,687.856538,0.172,4.690,0.016,0.000,0.000,0.000
377,0.377000,617432.361808,-1222531.794529,-605099.432721,3.321518e-03,-1038.390447,512.557613,688.816349,0.170,4.680,0.017,0.000,0.000,0.000
378,0.378000,617001.705242,-1222090.506795,-605088.801554,3.339029e-03,-1038.579634,511.711979,690.149262,0.171,13.743,0.016,0.000,0.000,0.000
379,0.379000,616570.430041,-1221649.480621,-605079.050581,3.355090e-03,-1038.746525,511.046346,691.131442,0.171,6.135,0.018,0.000,0.000,0.000
380,0.380000,616134.256961,-1221208.762313,-605074.505352,3.362577e-03,-1039.002003,510.783868,691.626065,0.174,4.680,0.017,0.000,0.000,0.000
381,0.381000,615695.870486,-1220768.407561,-605072.537075,3.365819e-03,-1039.131647,510.805720,691.851334,0.222,5.962,0.025,0.000,0.000,0.000
382,0.382000,615258.312970,-1220328.406572,-605070.093602,3.369843e-03,-1039.420829,510.663841,692.145380,0.280,7.731,0.024,0.000,0.000,0.000
383,0.383000,614821.465520,-1219888.760868,-605067.295348,3.374452e-03,-1039.949868,510.315002,692.642941,0.203,4.696,0.018,0.000,0.000,0.000
384,0.384000,614385.976710,-1219449.468059,-605063.491349,3.380718e-03,-1040.515525,510.053858,693.201471,0.185,10.471,0.024,0.000,0.000,0.000
385,0.385000,613951.082200,-1219010.515243,-605059.433043,3.387403e-03,-1040.948052,509.987836,693.710280,0.195,4.602,0.020,0.000,0.000,0.000
386,0.386000,613516.017848,-1218571.914620,-605055.896772,3.393227e-03,-1041.303243,509.741865,694.187818,0.241,4.652,0.030,0.000,0.000,0.000
387,0.387000,613081.136605,-1218133.668776,-605052.532171,3.398769e-03,-1041.614367,509.527845,694.671677,0.211,10.748,0.022,0.000,0.000,0.000
388,0.388000,612647.085810,-1217695.783199,-605048.697388,3.405086e-03,-1041.730691,509.660417,695.077350,0.226,4.617,0.022,0.000,0.000,0.000
389,0.389000,612218.201942,-1217258.247486,-605040.045544,3.419336e-03,-1042.097532,510.077118,695.807353,0.216,10.652,0.021,0.000,0.000,0.000
390,0.390000,611790.336177,-1216820.993872,-605030.657695,3.434799e-03,-1042.101118,509.727100,696.489843,0.198,4.656,0.018,0.000,0.000,0.000
391,0.391000,611362.058187,-1216384.073901,-605022.015715,3.449034e-03,-1041.274034,508.740102,696.437753,0.211,4.676,0.018,0.000,0.000,0.000
392,0.392000,610931.426755,-1215947.449163,-605016.022408,3.458906e-03,-1040.689806,508.355809,696.258332,0.191,13.453,0.017,0.000,0.000,0.000
393,0.393000,610498.490384,-1215511.214873,-605012.724488,3.464338e-03,-1040.650896,507.749303,696.497485,0.194,9.123,0.018,0.000,0.000,0.000
394,0.394000,610067.238730,-1215075.319903,-605008.081173,3.471986e-03,-1040.586048,507.180469,696.746347,0.183,4.671,0.017,0.000,0.000,0.000
395,0.395000,609634.224097,-1214639.793218,-605005.569121,3.476124e-03,-1040.402341,507.079574,696.845903,0.179,9.149,0.018,0.000,0.000,0.000
396,0.396000,609200.449130,-1214204.651371,-605004.202241,3.478375e-03,-1040.247344,507.186043,697.015232,0.176,4.674,0.017,0.000,0.000,0.000
397,0.397000,608766.765466,-1213769.901800,-605003.136333,3.480131e-03,-1040.147808,507.391802,697.187038,0.177,10.725,0.017,0.000,0.000,0.000
398,0.398000,608335.058841,-1213335.545782,-605000.486941,3.484495e-03,-1040.121874,507.491281,697.322948,0.179,4.609,0.017,0.000,0.000,0.000
399,0.399000,607904.766307,-1212901.555422,-604996.789115,3.490585e-03,-1039.996666,507.739618,697.412022,0.217,9.256,0.022,0.000,0.000,0.000
400,0.400000,607473.987606,-1212467.945405,-604993.957799,3.495249e-03,-1039.766799,508.114620,697.521535,0.209,10.747,0.021,0.000,0.000,0.000
401,0.401000,607042.859781,-1212034.720898,-604991.861117,3.498702e-03,-1039.580302,508.180583,697.660679,0.200,4.622,0.021,0.000,0.000,0.000
402,0.402000,606611.578888,-1211601.893605,-604990.314717,3.501250e-03,-1039.460164,508.008885,697.786619,0.193,10.675,0.022,0.000,0.000,0.000
403,0.403000,606180.791250,-1211169.467847,-604988.676597,3.503948e-03,-1039.372594,507.952476,697.910211,0.184,4.606,0.019,0.000,0.000,0.000
404,0.404000,605754.392668,-1210737.442062,-604983.049394,3.513217e-03,-1039.057692,507.623239,698.087220,0.181,10.705,0.018,0.000,0.000,0.000
405,0.405000,605327.950618,-1210305.731867,-604977.781249,3.521894e-03,-1038.769830,507.176500,698.347641,0.186,4.629,0.017,0.000,0.000,0.000
406,0.406000,604898.014475,-1209874.427947,-604976.413472,3.524147e-03,-1038.849333,507.019381,698.577970,0.181,4.681,0.018,0.000,0.000,0.000
407,0.407000,604469.311308,-1209443.528243,-604974.216935,3.527765e-03,-1039.020279,506.973743,698.756838,0.184,13.743,0.018,0.000,0.000,0.000
408,0.408000,604044.298850,-1209013.025517,-604968.726668,3.536808e-03,-1038.831172,506.760246,698.897696,0.193,11.764,0.021,0.000,0.000,0.000
409,0.409000,603619.848610,-1208582.868758,-604963.020148,3.546207e-03,-1038.695533,506.674161,699.112358,0.188,4.687,0.019,0.000,0.000,0.000
410,0.410000,603195.306807,-1208153.114369,-604957.807563,3.554793e-03,-1038.639208,506.703176,699.230830,0.189,13.561,0.018,0.000,0.000,0.000
411,0.411000,602770.025923,-1207723.721196,-604953.695274,3.561567e-03,-1038.499477,506.655163,699.193789,0.187,10.667,0.021,0.000,0.000,0.000
412,0.412000,602343.335602,-1207294.747840,-604951.412237,3.565327e-03,-1038.694948,506.645664,699.260342,0.206,4.676,0.032,0.000,0.000,0.000
413,0.413000,601918.832550,-1206866.174742,-604947.342192,3.572031e-03,-1039.127066,506.653231,699.594393,0.176,4.601,0.018,0.000,0.000,0.000
414,0.414000,601495.800943,-1206437.997208,-604942.196265,3.580507e-03,-1039.594815,506.874607,699.964065,0.187,10.723,0.024,0.000,0.000,0.000
415,0.415000,601071.789555,-1206010.208624,-604938.419069,3.586729e-03,-1039.844992,507.014541,700.159459,0.177,6.124,0.019,0.000,0.000,0.000
416,0.416000,600646.885428,-1205582.838988,-604935.953561,3.590790e-03,-1039.991457,506.902556,700.451786,0.175,6.117,0.017,0.000,0.000,0.000
417,0.417000,600227.688440,-1205155.878318,-604928.189878,3.603577e-03,-1040.413752,506.968230,701.041457,0.173,6.118,0.017,0.000,0.000,0.000
418,0.418000,599808.893488,-1204729.261039,-604920.367551,3.616462e-03,-1040.785924,506.911654,701.585338,0.180,4.675,0.017,0.000,0.000,0.000
419,0.419000,599386.252285,-1204303.055646,-604916.803362,3.622332e-03,-1040.972627,506.755747,701.934688,0.197,6.190,0.025,0.000,0.000,0.000
420,0.420000,598965.290769,-1203877.255247,-604911.964478,3.630303e-03,-1041.254159,506.911926,702.275868,0.227,12.236,0.034,0.000,0.000,0.000
421,0.421000,598543.565503,-1203451.851116,-604908.285613,3.636362e-03,-1041.419521,506.997209,702.487463,0.191,4.609,0.018,0.000,0.000,0.000
422,0.422000,598122.857380,-1203026.874075,-604904.016695,3.643394e-03,-1041.667026,506.850987,702.671676,0.201,10.739,0.019,0.000,0.000,0.000
423,0.423000,597704.185087,-1202602.273092,-604898.088005,3.653159e-03,-1042.023288,506.695936,702.993923,0.182,13.698,0.018,0.000,0.000,0.000
424,0.424000,597285.018663,-1202178.076859,-604893.058195,3.661444e-03,-1042.421686,506.675528,703.382446,0.188,9.155,0.017,0.000,0.000,0.000
425,0.425000,596866.368378,-1201754.281519,-604887.913141,3.669918e-03,-1042.877407,506.562723,703.778539,0.222,4.694,0.024,0.000,0.000,0.000
426,0.426000,596448.432737,-1201330.891303,-604882.458566,3.678903e-03,-1043.188658,506.342773,704.374907,0.203,7.708,0.018,0.000,0.000,0.000
427,0.427000,596030.460623,-1200907.901679,-604877.441057,3.687167e-03,-1043.434555,506.179992,704.949455,0.187,10.737,0.020,0.000,0.000,0.000
428,0.428000,595613.247807,-1200485.317198,-604872.069391,3.696015e-03,-1043.662645,506.235908,705.312645,0.192,13.731,0.017,0.000,0.000,0.000
429,0.429000,595198.036941,-1200063.132765,-604865.095824,3.707502e-03,-1043.941368,506.440373,705.800933,0.180,4.613,0.017,0.000,0.000,0.000
430,0.430000,594781.297646,-1199641.332370,-604860.034725,3.715838e-03,-1044.180122,506.540587,706.158086,0.180,4.647,0.018,0.000,0.000,0.000
431,0.431000,594362.501393,-1199219.958645,-604857.457253,3.720083e-03,-1044.235272,506.579872,706.246496,0.190,10.693,0.020,0.000,0.000,0.000
432,0.432000,593944.489053,-1198799.011287,-604854.522234,3.724918e-03,-1044.385699,506.641461,706.452488,0.181,4.674,0.019,0.000,0.000,0.000
433,0.433000,593529.160699,-1198378.486194,-604849.325495,3.733477e-03,-1044.795679,506.788595,706.788635,0.178,10.722,0.018,0.000,0.000,0.000
434,0.434000,593114.885244,-1197958.358147,-604843.472903,3.743117e-03,-1045.481382,506.808589,707.153028,0.177,4.588,0.018,0.000,0.000,0.000
435,0.435000,592698.404996,-1197538.644355,-604840.239359,3.748443e-03,-1046.115210,506.700308,707.491139,0.177,10.632,0.018,0.000,0.000,0.000
436,0.436000,592281.587299,-1197119.368375,-604837.781076,3.752493e-03,-1046.379309,506.834275,707.744127,0.179,4.676,0.017,0.000,0.000,0.000
437,0.437000,591867.358476,-1196700.516389,-604833.157913,3.760108e-03,-1046.669729,506.861796,708.195966,0.185,4.619,0.020,0.000,0.000,0.000
438,0.438000,591454.430029,-1196282.067447,-604827.637418,3.769201e-03,-1047.207260,506.686028,708.759548,0.270,10.672,0.029,0.000,0.000,0.000
439,0.439000,591041.206443,-1195864.035243,-604822.828800,3.777121e-03,-1047.563153,506.631858,709.244304,0.301,6.165,0.045,0.000,0.000,0.000
440,0.440000,590627.264485,-1195446.419740,-604819.155255,3.783172e-03,-1047.724592,506.613367,709.705828,0.272,6.128,0.039,0.000,0.000,0.000
441,0.441000,590215.355378,-1195029.240805,-604813.885427,3.791852e-03,-1048.245950,506.698086,710.093493,0.262,7.668,0.034,0.000,0.000,0.000
442,0.442000,589804.317885,-1194612.461709,-604808.143825,3.801309e-03,-1048.847399,506.733568,710.487891,0.233,7.649,0.022,0.000,0.000,0.000
443,0.443000,589390.782484,-1194196.112933,-604805.330449,3.805943e-03,-1049.260694,506.574431,710.733267,0.237,4.625,0.023,0.000,0.000,0.000
444,0.444000,588976.855585,-1193780.203400,-604803.347814,3.809209e-03,-1049.534048,506.479134,710.849435,0.219,10.765,0.031,0.000,0.000,0.000
445,0.445000,588562.115790,-1193364.739914,-604802.624124,3.810401e-03,-1049.591420,506.490926,710.973504,0.228,6.177,0.024,0.000,0.000,0.000
446,0.446000,588148.528849,-1192949.739275,-604801.210426,3.812729e-03,-1049.620664,506.405362,711.092782,0.210,6.200,0.019,0.000,0.000,0.000
447,0.447000,587738.415757,-1192535.175022,-604796.759265,3.820061e-03,-1049.899188,506.279961,711.296103,0.204,6.145,0.019,0.000,0.000,0.000
448,0.448000,587327.952783,-1192121.028621,-604793.075837,3.826128e-03,-1050.220111,506.225230,711.508513,0.202,4.685,0.018,0.000,0.000,0.000
449,0.449000,586918.055136,-1191707.329027,-604789.273891,3.832390e-03,-1050.318460,506.152322,711.772668,0.206,6.197,0.023,0.000,0.000,0.000
450,0.450000,586509.038677,-1191294.050355,-604785.011678,3.839411e-03,-1050.532880,505.983432,712.071061,0.216,12.237,0.021,0.000,0.000,0.000
451,0.451000,586102.554004,-1190881.210255,-604778.656250,3.849879e-03,-1050.579627,505.951601,712.285150,0.201,13.764,0.020,0.000,0.000,0.000
452,0.452000,585699.091245,-1190468.751096,-604769.659851,3.864697e-03,-1050.398910,506.103669,712.414851,0.198,10.693,0.018,0.000,0.000,0.000
453,0.453000,585296.703264,-1190056.698205,-604759.994941,3.880617e-03,-1050.227916,505.982152,712.602783,0.196,4.636,0.023,0.000,0.000,0.000
454,0.454000,584893.435475,-1189645.022312,-604751.586837,3.894466e-03,-1050.111997,505.655215,712.979593,0.193,10.648,0.019,0.000,0.000,0.000
455,0.455000,584497.665874,-1189233.774138,-604736.108264,3.919961e-03,-1049.911822,504.991631,714.138992,0.195,4.597,0.018,0.000,0.000,0.000
456,0.456000,584108.105121,-1188822.827255,-604714.722134,3.955187e-03,-1049.600409,504.134634,715.796730,0.193,4.676,0.022,0.000,0.000,0.000
457,0.457000,583709.424695,-1188412.241047,-604702.816352,3.974797e-03,-1049.559228,503.729785,716.590649,0.188,10.607,0.020,0.000,0.000,0.000
458,0.458000,583312.863385,-1188002.077342,-604689.213957,3.997202e-03,-1049.486879,503.387621,717.191541,0.180,4.606,0.017,0.000,0.000,0.000
459,0.459000,582916.152841,-1187592.240317,-604676.087476,4.018823e-03,-1049.496975,503.078328,717.823256,0.220,4.627,0.021,0.000,0.000,0.000
460,0.460000,582514.461920,-1187182.835060,-604668.373140,4.031530e-03,-1049.676970,502.995707,717.958055,0.210,10.686,0.020,0.000,0.000,0.000
461,0.461000,582114.416439,-1186773.821600,-604659.405161,4.046301e-03,-1049.732558,502.944859,717.922638,0.199,4.681,0.018,0.000,0.000,0.000
462,0.462000,581714.858255,-1186365.216526,-604650.358271,4.061203e-03,-1049.512533,503.143315,717.631725,0.184,10.740,0.018,0.000,0.000,0.000
463,0.463000,581316.085552,-1185957.006633,-604640.921081,4.076747e-03,-1049.026029,503.390185,717.381357,0.198,4.606,0.023,0.000,0.000,0.000
464,0.464000,580918.679531,-1185549.194205,-604630.514674,4.093888e-03,-1048.859789,503.385222,717.334317,0.226,10.654,0.026,0.000,0.000,0.000
465,0.465000,580520.682048,-1185141.749902,-604621.067854,4.109448e-03,-1048.987720,503.157394,717.261559,0.203,4.098,0.018,0.000,0.000,0.000
466,0.466000,580119.514867,-1184734.717062,-604615.202194,4.119109e-03,-1049.095005,502.763301,717.260957,0.192,4.663,0.017,0.000,0.000,0.000
467,0.467000,579715.943514,-1184328.122357,-604612.178844,4.124089e-03,-1049.358511,502.520374,717.284668,0.184,13.697,0.019,0.000,0.000,0.000
468,0.468000,579327.292122,-1183921.997493,-604594.705371,4.152870e-03,-1049.847365,501.679134,719.052196,0.192,12.192,0.020,0.000,0.000,0.000
469,0.469000,578943.858328,-1183516.073080,-604572.214751,4.189915e-03,-1050.377013,500.648440,721.348135,0.187,4.677,0.018,0.000,0.000,0.000
470,0.470000,578545.135155,-1183110.540487,-604565.405333,4.201131e-03,-1050.797609,500.454485,721.927499,0.188,13.678,0.017,0.000,0.000,0.000
471,0.471000,578141.852397,-1182705.473270,-604563.620873,4.204071e-03,-1051.071196,500.494183,722.029152,0.180,4.685,0.019,0.000,0.000,0.000
472,0.472000,577740.998947,-1182300.881170,-604559.882223,4.210229e-03,-1051.360998,500.452332,722.174510,0.174,10.704,0.018,0.000,0.000,0.000
473,0.473000,577342.576883,-1181896.728309,-604554.151426,4.219668e-03,-1051.460746,500.547289,722.223961,0.179,6.187,0.018,0.000,0.000,0.000
474,0.474000,576947.732511,-1181493.018647,-604545.286136,4.234270e-03,-1051.892508,500.979216,721.700198,0.175,6.170,0.017,0.000,0.000,0.000
475,0.475000,576553.349605,-1181089.691438,-604536.341833,4.249003e-03,-1052.562191,501.319214,721.283187,0.183,6.130,0.020,0.000,0.000,0.000
476,0.476000,576157.619502,-1180686.809758,-604529.190256,4.260782e-03,-1052.736637,501.550197,721.251042,0.177,4.613,0.018,0.000,0.000,0.000
477,0.477000,575769.038101,-1180284.341874,-604515.303774,4.283655e-03,-1053.115197,501.573762,721.616296,0.213,6.204,0.020,0.000,0.000,0.000
478,0.478000,575385.728442,-1179882.229017,-604496.500575,4.314627e-03,-1053.868457,501.224221,722.688190,0.200,12.179,0.018,0.000,0.000,0.000
479,0.479000,575002.386750,-1179480.471468,-604478.084718,4.344960e-03,-1054.461658,500.877066,723.807966,0.198,9.166,0.020,0.000,0.000,0.000
480,0.480000,574618.112135,-1179079.078741,-604460.966607,4.373156e-03,-1054.981151,500.387282,725.085115,0.184,4.603,0.019,0.000,0.000,0.000
481,0.481000,574236.281287,-1178678.063306,-604441.782019,4.404755e-03,-1055.302668,499.980249,726.375712,0.189,10.648,0.018,0.000,0.000,0.000
482,0.482000,573859.362577,-1178277.368611,-604418.006034,4.443917e-03,-1055.590285,499.738436,727.534612,0.217,4.684,0.047,0.000,0.000,0.000
483,0.483000,573480.268419,-1177876.977830,-604396.709411,4.478996e-03,-1056.215444,499.958212,727.413181,0.177,9.168,0.018,0.000,0.000,0.000
484,0.484000,573091.754017,-1177476.933605,-604385.179588,4.497987e-03,-1056.643533,500.170948,726.997258,0.175,4.587,0.017,0.000,0.000,0.000
485,0.485000,572697.299322,-1177077.348069,-604380.048747,4.506438e-03,-1056.903674,499.970612,727.425479,0.180,4.673,0.017,0.000,0.000,0.000
486,0.486000,572311.797858,-1176678.224822,-604366.426964,4.528875e-03,-1057.130884,499.506883,728.630837,0.179,12.241,0.018,0.000,0.000,0.000
487,0.487000,571935.215964,-1176279.436046,-604344.220082,4.565453e-03,-1057.301488,498.695984,730.821429,0.188,4.614,0.019,0.000,0.000,0.000
488,0.488000,571559.286954,-1175880.990429,-604321.703475,4.602540e-03,-1057.649912,497.905796,733.026627,0.174,4.618,0.018,0.000,0.000,0.000
489,0.489000,571176.151367,-1175482.875664,-604306.724297,4.627213e-03,-1058.146931,497.728716,733.730136,0.276,4.626,0.020,0.000,0.000,0.000
490,0.490000,570785.496629,-1175085.199893,-604299.703264,4.638778e-03,-1058.430480,497.925309,733.565305,0.174,9.229,0.019,0.000,0.000,0.000
491,0.491000,570403.216540,-1174687.972074,-604284.755535,4.663399e-03,-1058.731388,497.471238,734.881601,0.178,6.107,0.020,0.000,0.000,0.000
492,0.492000,570028.009674,-1174291.075096,-604263.065422,4.699125e-03,-1059.268317,496.649194,737.091719,0.175,6.187,0.018,0.000,0.000,0.000
493,0.493000,569652.615439,-1173894.527951,-604241.912512,4.733967e-03,-1059.675587,495.911658,739.384216,0.180,10.572,0.018,0.000,0.000,0.000
494,0.494000,569275.524044,-1173498.327731,-604222.803687,4.765441e-03,-1059.837423,495.325422,741.434893,0.174,4.673,0.018,0.000,0.000,0.000
495,0.495000,568896.173520,-1173102.512221,-604206.338700,4.792561e-03,-1059.982759,494.826511,743.129094,0.173,4.605,0.018,0.000,0.000,0.000
496,0.496000,568514.748149,-1172707.090640,-604192.342491,4.815615e-03,-1060.370871,494.824970,743.794138,0.172,11.758,0.018,0.000,0.000,0.000
497,0.497000,568126.613399,-1172312.082670,-604185.469271,4.826936e-03,-1060.840525,495.098812,743.726391,0.174,4.673,0.019,0.000,0.000,0.000
498,0.498000,567743.181432,-1171917.567408,-604174.385975,4.845192e-03,-1061.151188,494.958383,744.570597,0.174,13.553,0.018,0.000,0.000,0.000
499,0.499000,567368.290659,-1171523.412835,-604155.122176,4.876922e-03,-1061.299467,494.609991,746.178895,0.215,10.738,0.019,0.000,0.000,0.000
500,0.500000,566994.259581,-1171129.637485,-604135.377904,4.909443e-03,-1061.434976,494.419939,747.473855,0.285,4.699,0.022,0.000,0.000,0.000
501,0.501000,566620.444911,-1170736.215940,-604115.771029,4.941738e-03,-1061.635707,494.223498,748.751362,0.181,4.687,0.022,0.000,0.000,0.000
502,0.502000,566249.226495,-1170343.175763,-604093.949268,4.977682e-03,-1062.112263,494.251355,749.420244,0.188,10.660,0.018,0.000,0.000,0.000
503,0.503000,565872.227663,-1169950.447010,-604078.219348,5.003591e-03,-1062.716734,494.355223,749.557160,0.188,4.593,0.019,0.000,0.000,0.000
504,0.504000,565491.470699,-1169558.192187,-604066.721488,5.022529e-03,-1063.368397,493.948483,750.605626,0.216,6.209,0.019,0.000,0.000,0.000
505,0.505000,565112.807780,-1169166.328869,-604053.521089,5.044272e-03,-1064.111671,493.691908,751.792646,0.191,6.183,0.018,0.000,0.000,0.000
506,0.506000,564731.070281,-1168774.909855,-604043.839574,5.060219e-03,-1064.801409,493.855462,752.638980,0.211,6.212,0.024,0.000,0.000,0.000
507,0.507000,564355.654803,-1168383.928505,-604028.273703,5.085858e-03,-1065.520672,493.715467,753.924931,0.185,6.129,0.019,0.000,0.000,0.000
508,0.508000,563994.804263,-1167993.307764,-603998.503501,5.134893e-03,-1066.077503,493.281110,756.439086,0.181,4.592,0.018,0.000,0.000,0.000
509,0.509000,563623.947388,-1167602.923351,-603978.975963,5.167058e-03,-1066.195937,493.220781,758.115928,0.189,10.585,0.017,0.000,0.000,0.000
510,0.510000,563243.374603,-1167213.048058,-603969.673454,5.182380e-03,-1066.033205,493.307347,758.824300,0.186,4.685,0.026,0.000,0.000,0.000
511,0.511000,562872.584891,-1166823.559368,-603950.974477,5.213180e-03,-1065.894895,493.254106,760.483186,0.175,4.691,0.017,0.000,0.000,0.000
512,0.512000,562500.707039,-1166434.443212,-603933.736173,5.241574e-03,-1065.849799,492.978876,762.290580,0.177,10.713,0.017,0.000,0.000,0.000
513,0.513000,562128.387651,-1166045.738684,-603917.351032,5.268562e-03,-1065.958353,492.533244,764.013807,0.193,4.702,0.024,0.000,0.000,0.000
514,0.514000,561758.868687,-1165657.428031,-603898.559343,5.299515e-03,-1066.349329,492.230968,765.848689,0.222,13.700,0.022,0.000,0.000,0.000
515,0.515000,561390.695825,-1165269.492688,-603878.796864,5.332066e-03,-1066.902815,491.806828,767.743991,0.224,4.477,0.022,0.000,0.000,0.000
516,0.516000,561021.493337,-1164881.930006,-603860.436669,5.362308e-03,-1067.434682,491.186896,769.397814,0.230,13.745,0.021,0.000,0.000,0.000
517,0.517000,560651.851104,-1164494.762238,-603842.911133,5.391174e-03,-1067.914525,490.788697,770.846613,0.226,4.683,0.021,0.000,0.000,0.000
518,0.518000,560274.870181,-1164107.984532,-603833.114351,5.407311e-03,-1068.080985,490.831838,771.651505,0.204,10.747,0.018,0.000,0.000,0.000
519,0.519000,559899.062881,-1163721.710299,-603822.647417,5.424551e-03,-1068.061305,490.817786,772.538974,0.206,6.178,0.018,0.000,0.000,0.000
520,0.520000,559532.245909,-1163335.823330,-603803.577421,5.455962e-03,-1068.233251,490.721893,774.131244,0.195,6.199,0.018,0.000,0.000,0.000
521,0.521000,559164.974461,-1162950.320420,-603785.345959,5.485992e-03,-1068.469862,490.737672,775.646614,0.187,6.120,0.018,0.000,0.000,0.000
522,0.522000,558788.928782,-1162565.214632,-603776.285850,5.500915e-03,-1068.624765,490.787026,776.463019,0.182,4.618,0.017,0.000,0.000,0.000
523,0.523000,558404.635782,-1162180.619689,-603775.983908,5.501412e-03,-1068.637801,490.988795,776.585883,0.194,6.186,0.021,0.000,0.000,0.000
524,0.524000,558029.422584,-1161796.543590,-603767.121005,5.516011e-03,-1068.596937,490.964243,777.422951,0.214,12.250,0.020,0.000,0.000,0.000
525,0.525000,557654.679185,-1161412.863879,-603758.184694,5.530730e-03,-1068.551797,490.919564,778.214135,0.191,13.693,0.018,0.000,0.000,0.000
526,0.526000,557271.822518,-1161029.701691,-603757.879173,5.531233e-03,-1068.444527,491.184728,778.146673,0.186,4.608,0.019,0.000,0.000,0.000
527,0.527000,556889.208173,-1160647.051271,-603757.843097,5.531293e-03,-1068.393839,491.409397,778.011317,0.198,12.111,0.019,0.000,0.000,0.000
528,0.528000,556509.057704,-1160264.922762,-603755.865059,5.534551e-03,-1068.526989,491.817440,778.126000,0.192,13.707,0.018,0.000,0.000,0.000
529,0.529000,556131.789935,-1159883.275046,-603751.485111,5.541765e-03,-1068.666361,492.050643,778.675205,0.181,4.673,0.017,0.000,0.000,0.000
530,0.530000,555752.618782,-1159502.118654,-603749.499871,5.545035e-03,-1068.678082,491.992857,778.938003,0.204,11.856,0.020,0.000,0.000,0.000
531,0.531000,555371.298448,-1159121.482161,-603750.183713,5.543909e-03,-1068.688163,492.059740,778.859040,0.177,4.605,0.020,0.000,0.000,0.000
532,0.532000,554990.273038,-1158741.375286,-603751.102248,5.542396e-03,-1068.724031,492.088118,778.892102,0.184,4.224,0.017,0.000,0.000,0.000
533,0.533000,554609.655535,-1158361.794348,-603752.138813,5.540688e-03,-1068.751274,492.102534,778.934187,0.180,10.791,0.019,0.000,0.000,0.000
534,0.534000,554229.374454,-1157982.741966,-603753.367512,5.538665e-03,-1068.743706,492.094383,778.962794,0.175,4.676,0.017,0.000,0.000,0.000
535,0.535000,553859.703249,-1157604.218810,-603744.515561,5.553245e-03,-1068.731371,491.980065,779.607235,0.176,10.678,0.018,0.000,0.000,0.000
536,0.536000,553490.626028,-1157226.084495,-603735.458468,5.568163e-03,-1068.714965,491.899668,780.273658,0.183,4.590,0.018,0.000,0.000,0.000
537,0.537000,553111.964130,-1156848.476502,-603736.512372,5.566427e-03,-1068.712105,491.920330,780.329697,0.197,10.673,0.019,0.000,0.000,0.000
538,0.538000,552734.402965,-1156471.397805,-603736.994840,5.565633e-03,-1068.738781,491.921948,780.369640,0.222,4.697,0.029,0.000,0.000,0.000
539,0.539000,552357.336042,-1156094.837965,-603737.501923,5.564797e-03,-1068.758862,491.926135,780.407641,0.198,6.198,0.018,0.000,0.000,0.000
540,0.540000,551980.752345,-1155718.807297,-603738.054952,5.563886e-03,-1068.875255,491.907302,780.381424,0.203,10.673,0.019,0.000,0.000,0.000
541,0.541000,551605.370251,-1155343.296761,-603737.926511,5.564098e-03,-1068.975798,491.940082,780.197939,0.184,10.736,0.018,0.000,0.000,0.000
542,0.542000,551229.963532,-1154968.302586,-603738.339054,5.563418e-03,-1068.957907,491.991818,780.098631,0.261,4.685,0.018,0.000,0.000,0.000
543,0.543000,550854.425970,-1154593.836642,-603739.410672,5.561653e-03,-1068.957195,491.993650,780.148639,0.236,4.613,0.025,0.000,0.000,0.000
544,0.544000,550479.185952,-1154219.899375,-603740.713423,5.559508e-03,-1068.959081,491.983879,780.161133,0.208,10.715,0.025,0.000,0.000,0.000
545,0.545000,550105.109804,-1153846.491695,-603741.381890,5.558406e-03,-1069.007452,492.022141,780.150792,0.196,4.603,0.019,0.000,0.000,0.000
546,0.546000,549731.899243,-1153473.601915,-603741.702672,5.557878e-03,-1069.069492,492.104099,780.195064,0.184,6.209,0.017,0.000,0.000,0.000
547,0.547000,549358.690526,-1153101.237527,-603742.547001,5.556487e-03,-1069.089885,492.127518,780.256744,0.190,6.213,0.019,0.000,0.000,0.000
548,0.548000,548990.080912,-1152729.400653,-603739.319740,5.561803e-03,-1069.351306,492.366860,780.045685,0.195,6.120,0.020,0.000,0.000,0.000
549,0.549000,548624.390981,-1152358.022878,-603733.631898,5.571172e-03,-1069.620020,492.874845,779.525525,0.213,6.143,0.023,0.000,0.000,0.000
550,0.550000,548256.577490,-1151987.130779,-603730.553289,5.576243e-03,-1069.585500,493.203526,779.339085,0.184,4.638,0.018,0.000,0.000,0.000
551,0.551000,547890.259794,-1151616.742779,-603726.482985,5.582947e-03,-1069.457064,493.445077,779.474730,0.178,10.740,0.018,0.000,0.000,0.000
552,0.552000,547523.388583,-1151246.831495,-603723.442911,5.587954e-03,-1069.341244,493.651527,779.551790,0.177,4.675,0.018,0.000,0.000,0.000
553,0.553000,547155.682480,-1150877.438382,-603721.755902,5.590733e-03,-1069.201778,493.799218,779.618689,0.178,4.675,0.017,0.000,0.000,0.000
554,0.554000,546790.367332,-1150508.544364,-603718.177032,5.596628e-03,-1068.966122,493.963385,779.839195,0.174,10.652,0.018,0.000,0.000,0.000
555,0.555000,546424.781813,-1150140.138903,-603715.357090,5.601273e-03,-1068.768155,494.140057,780.079709,0.211,4.687,0.030,0.000,0.000,0.000
556,0.556000,546058.156378,-1149772.242709,-603714.086331,5.603366e-03,-1068.641826,494.323379,780.183413,0.204,13.761,0.028,0.000,0.000,0.000
557,0.557000,545692.372858,-1149404.860827,-603712.487969,5.605999e-03,-1068.542238,494.537420,780.237106,0.204,9.144,0.019,0.000,0.000,0.000
558,0.558000,545328.169376,-1149037.982657,-603709.813282,5.610404e-03,-1068.461859,494.764063,780.245938,0.185,4.693,0.017,0.000,0.000,0.000
559,0.559000,544963.569987,-1148671.604409,-603708.034422,5.613334e-03,-1068.447220,494.923373,780.204107,0.186,4.680,0.018,0.000,0.000,0.000
560,0.560000,544599.355681,-1148305.739484,-603706.383803,5.616053e-03,-1068.517532,495.246748,779.904347,0.205,12.270,0.020,0.000,0.000,0.000
561,0.561000,544235.282663,-1147940.368041,-603705.085378,5.618192e-03,-1068.576582,495.530417,779.662165,0.183,4.608,0.019,0.000,0.000,0.000
562,0.562000,543871.768247,-1147575.517064,-603703.748817,5.620393e-03,-1068.570505,495.753351,779.726717,0.175,10.743,0.021,0.000,0.000,0.000
563,0.563000,543508.202090,-1147211.165531,-603702.963441,5.621687e-03,-1068.550037,495.928641,779.815986,0.187,6.197,0.020,0.000,0.000,0.000
564,0.564000,543146.708623,-1146847.342633,-603700.634010,5.625524e-03,-1068.399304,496.280144,780.055509,0.178,4.618,0.017,0.000,0.000,0.000
565,0.565000,542787.607741,-1146483.988155,-603696.380414,5.632530e-03,-1068.212045,496.768563,780.340173,0.175,6.170,0.017,0.000,0.000,0.000
566,0.566000,542426.922622,-1146121.132864,-603694.210242,5.636104e-03,-1068.107981,497.037209,780.423632,0.180,5.650,0.019,0.000,0.000,0.000
567,0.567000,542065.867551,-1145758.783629,-603692.916078,5.638236e-03,-1067.990364,497.247723,780.525498,0.176,6.122,0.019,0.000,0.000,0.000
568,0.568000,541704.425516,-1145396.944804,-603692.519288,5.638890e-03,-1067.976988,497.350289,780.593018,0.174,12.218,0.020,0.000,0.000,0.000
569,0.569000,541342.531207,-1145035.622263,-603693.091056,5.637948e-03,-1068.008744,497.379206,780.603300,0.175,9.151,0.021,0.000,0.000,0.000
570,0.570000,540980.448597,-1144674.826788,-603694.378190,5.635828e-03,-1068.005779,497.374464,780.620588,0.172,4.665,0.017,0.000,0.000,0.000
571,0.571000,540619.382112,-1144314.559300,-603695.177188,5.634512e-03,-1068.076413,497.298164,780.692340,0.172,7.702,0.017,0.000,0.000,0.000
572,0.572000,540258.841612,-1143954.808245,-603695.966633,5.633211e-03,-1068.148370,497.217912,780.765791,0.187,4.676,0.024,0.000,0.000,0.000
573,0.573000,539899.860282,-1143595.583731,-603695.723449,5.633612e-03,-1068.092752,497.198051,780.776390,0.173,12.225,0.022,0.000,0.000,0.000
574,0.574000,539541.896685,-1143236.862400,-603694.965715,5.634860e-03,-1068.035796,497.106779,780.710404,0.177,4.596,0.017,0.000,0.000,0.000
575,0.575000,539184.404707,-1142878.658083,-603694.253376,5.636033e-03,-1067.984093,497.021907,780.642213,0.175,10.726,0.017,0.000,0.000,0.000
576,0.576000,538827.304248,-1142520.957583,-603693.653335,5.637022e-03,-1067.925377,497.024225,780.655957,0.187,9.242,0.019,0.000,0.000,0.000
577,0.577000,538469.739429,-1142163.781311,-603694.041882,5.636382e-03,-1067.918191,497.109300,780.617055,0.193,4.690,0.020,0.000,0.000,0.000
578,0.578000,538112.540924,-1141807.124003,-603694.583079,5.635490e-03,-1067.918051,497.207585,780.579643,0.214,10.727,0.021,0.000,0.000,0.000
579,0.579000,537755.561062,-1141450.991417,-603695.430355,5.634095e-03,-1067.919592,497.248727,780.606988,0.201,4.678,0.021,0.000,0.000,0.000
580,0.580000,537400.279004,-1141095.383887,-603695.104884,5.634631e-03,-1067.854887,497.382681,780.712752,0.199,11.686,0.018,0.000,0.000,0.000
581,0.581000,537045.802419,-1140740.283690,-603694.481271,5.635658e-03,-1067.771628,497.531603,780.839572,0.182,4.675,0.017,0.000,0.000,0.000
582,0.582000,536690.734805,-1140385.705026,-603694.970220,5.634853e-03,-1067.763534,497.612679,780.861087,0.215,4.677,0.030,0.000,0.000,0.000
583,0.583000,536337.416327,-1140031.650458,-603694.234131,5.636065e-03,-1067.805026,497.890344,780.694412,0.214,13.759,0.021,0.000,0.000,0.000
584,0.584000,535987.055106,-1139678.100421,-603691.045316,5.641317e-03,-1067.875219,498.519521,780.069179,0.198,10.263,0.017,0.000,0.000,0.000
585,0.585000,535636.661056,-1139325.028607,-603688.367551,5.645728e-03,-1067.930258,499.055647,779.443399,0.196,4.699,0.019,0.000,0.000,0.000
586,0.586000,535284.672703,-1138972.466539,-603687.793836,5.646673e-03,-1067.970098,499.232416,779.262631,0.187,10.645,0.017,0.000,0.000,0.000
587,0.587000,534932.775952,-1138620.423036,-603687.647084,5.646915e-03,-1067.999268,499.317113,779.280431,0.229,4.632,0.025,0.000,0.000,0.000
588,0.588000,534581.562971,-1138268.897964,-603687.334993,5.647429e-03,-1068.024331,499.393885,779.286139,0.189,13.690,0.018,0.000,0.000,0.000
589,0.589000,534230.595618,-1137917.888676,-603687.293059,5.647498e-03,-1068.084876,499.468741,779.201102,0.178,4.687,0.017,0.000,0.000,0.000
590,0.590000,533879.782355,-1137567.397662,-603687.615307,5.646967e-03,-1068.154535,499.542665,779.125582,0.181,12.248,0.018,0.000,0.000,0.000
591,0.591000,533529.248241,-1137217.428221,-603688.179981,5.646037e-03,-1068.172111,499.582179,779.104352,0.175,4.609,0.019,0.000,0.000,0.000
592,0.592000,533179.323887,-1136867.982464,-603688.658577,5.645249e-03,-1068.192413,499.605462,779.196141,0.173,4.607,0.017,0.000,0.000,0.000
593,0.593000,532830.729920,-1136519.057759,-603688.327840,5.645794e-03,-1068.185733,499.746380,779.407291,0.173,4.596,0.017,0.000,0.000,0.000
594,0.594000,532485.715831,-1136170.645983,-603684.930153,5.651390e-03,-1068.182896,500.207854,779.598161,0.168,9.175,0.018,0.000,0.000,0.000
595,0.595000,532140.672896,-1135822.701806,-603682.028910,5.656169e-03,-1068.225273,500.599659,779.734622,0.188,6.124,0.020,0.000,0.000,0.000
596,0.596000,531793.730241,-1135475.276972,-603681.546731,5.656963e-03,-1068.249479,500.734886,779.860761,0.217,6.184,0.022,0.000,0.000,0.000
597,0.597000,531447.723339,-1135128.363246,-603680.639907,5.658457e-03,-1068.253444,500.859888,779.972478,0.190,4.597,0.017,0.000,0.000,0.000
598,0.598000,531102.441904,-1134781.966908,-603679.525004,5.660293e-03,-1068.371027,501.036933,780.143566,0.184,12.182,0.017,0.000,0.000,0.000
599,0.599000,530757.493784,-1134436.077179,-603678.583395,5.661844e-03,-1068.497605,501.211737,780.263086,0.223,4.702,0.018,0.000,0.000,0.000
600,0.600000,530414.293327,-1134090.704217,-603676.410890,5.665422e-03,-1068.547284,501.418269,780.453139,0.194,13.765,0.025,0.000,0.000,0.000
601,0.601000,530071.858128,-1133745.814190,-603673.956062,5.669466e-03,-1068.606589,501.769268,780.696182,0.179,9.195,0.017,0.000,0.000,0.000
602,0.602000,529728.118866,-1133401.438091,-603673.319225,5.670515e-03,-1068.674091,501.970132,780.821982,0.174,4.676,0.020,0.000,0.000,0.000
603,0.603000,529387.857224,-1133057.579716,-603669.722492,5.676439e-03,-1068.829484,502.225934,780.946394,0.189,9.210,0.023,0.000,0.000,0.000
604,0.604000,529050.650851,-1132714.186079,-603663.535227,5.686630e-03,-1069.070489,502.248706,780.952398,0.188,4.622,0.020,0.000,0.000,0.000
605,0.605000,528714.532794,-1132371.259629,-603656.726834,5.697845e-03,-1069.338893,501.897824,780.926436,0.192,12.192,0.021,0.000,0.000,0.000
606,0.606000,528378.911314,-1132028.782158,-603649.870844,5.709137e-03,-1069.586395,502.014368,781.006223,0.180,4.671,0.022,0.000,0.000,0.000
607,0.607000,528044.271351,-1131686.776628,-603642.505277,5.721269e-03,-1069.851548,502.329296,780.900965,0.177,12.213,0.020,0.000,0.000,0.000
608,0.608000,527709.764038,-1131345.203925,-603635.439887,5.732907e-03,-1070.217830,502.612401,780.911646,0.188,6.189,0.019,0.000,0.000,0.000
609,0.609000,527372.040609,-1131004.113544,-603632.072935,5.738453e-03,-1070.571677,503.261420,781.104274,0.183,4.677,0.020,0.000,0.000,0.000
610,0.610000,527034.059690,-1130663.529260,-603629.469570,5.742741e-03,-1070.821449,503.718012,781.426456,0.171,10.276,0.018,0.000,0.000,0.000
611,0.611000,526695.989921,-1130323.438367,-603627.448447,5.746070e-03,-1071.126631,503.693163,781.828611,0.201,4.288,0.019,0.000,0.000,0.000
612,0.612000,526358.324318,-1129983.862025,-603625.537706,5.749217e-03,-1071.383997,503.761565,782.060236,0.176,4.601,0.018,0.000,0.000,0.000
613,0.613000,526022.296123,-1129644.783993,-603622.487870,5.754241e-03,-1071.520684,504.001044,782.318897,0.171,10.648,0.018,0.000,0.000,0.000
614,0.614000,525685.239549,-1129306.204810,-603620.965261,5.756749e-03,-1071.612345,504.163424,782.403117,0.172,4.676,0.018,0.000,0.000,0.000
615,0.615000,525348.067399,-1128968.145142,-603620.077744,5.758210e-03,-1071.696077,504.312476,782.293834,0.174,12.185,0.018,0.000,0.000,0.000
616,0.616000,525011.956129,-1128630.592660,-603618.636531,5.760584e-03,-1071.796885,504.460058,782.157809,0.179,4.671,0.017,0.000,0.000,0.000
617,0.617000,524675.382382,-1128293.552521,-603618.170139,5.761352e-03,-1071.879796,504.520815,782.035182,0.221,13.781,0.021,0.000,0.000,0.000
618,0.618000,524339.444240,-1127957.036669,-603617.592429,5.762304e-03,-1071.937246,504.608690,782.101934,0.200,6.186,0.020,0.000,0.000,0.000
619,0.619000,524004.256668,-1127621.033182,-603616.776515,5.763648e-03,-1071.945717,504.663111,782.211559,0.183,6.116,0.018,0.000,0.000,0.000
620,0.620000,523669.716748,-1127285.551111,-603615.834363,5.765200e-03,-1071.954904,504.668154,782.354110,0.191,7.630,0.018,0.000,0.000,0.000
621,0.621000,523337.278820,-1126950.581787,-603613.302967,5.769369e-03,-1071.922793,504.640144,782.694289,0.184,7.628,0.018,0.000,0.000,0.000
622,0.622000,523004.659223,-1126616.111144,-603611.451921,5.772418e-03,-1071.864437,504.611446,782.905129,0.225,4.618,0.020,0.000,0.000,0.000
623,0.623000,522672.134772,-1126282.161795,-603610.027022,5.774765e-03,-1071.896184,504.632668,783.080810,0.208,10.700,0.018,0.000,0.000,0.000
624,0.624000,522341.400312,-1125948.717312,-603607.317000,5.779229e-03,-1071.996983,504.710182,783.458817,0.195,4.605,0.020,0.000,0.000,0.000
625,0.625000,522012.540656,-1125615.770462,-603603.229807,5.785961e-03,-1072.042213,504.789484,784.099908,0.187,4.609,0.018,0.000,0.000,0.000
626,0.626000,521683.914080,-1125283.303405,-603599.389325,5.792287e-03,-1072.079440,504.769560,784.661427,0.180,10.727,0.018,0.000,0.000,0.000
627,0.627000,521353.939344,-1124951.337648,-603597.398303,5.795566e-03,-1072.209868,504.772131,784.854653,0.179,4.508,0.018,0.000,0.000,0.000
628,0.628000,521023.827797,-1124619.886810,-603596.059013,5.797772e-03,-1072.186885,504.738873,784.867498,0.185,10.720,0.017,0.000,0.000,0.000
629,0.629000,520693.986633,-1124288.951575,-603594.964942,5.799574e-03,-1071.994386,504.594146,784.848381,0.178,4.610,0.017,0.000,0.000,0.000
630,0.630000,520365.234606,-1123958.533113,-603593.298507,5.802319e-03,-1071.859103,504.462648,785.006178,0.176,4.692,0.017,0.000,0.000,0.000
631,0.631000,520036.358975,-1123628.620667,-603592.261692,5.804027e-03,-1071.893418,504.406673,785.165010,0.175,13.785,0.017,0.000,0.000,0.000
632,0.632000,519711.699776,-1123299.233779,-603587.534003,5.811814e-03,-1072.163018,504.598801,785.157437,0.178,13.722,0.018,0.000,0.000,0.000
633,0.633000,519387.378671,-1122970.299418,-603582.920747,5.819413e-03,-1072.364930,504.782812,785.110862,0.177,4.676,0.017,0.000,0.000,0.000
634,0.634000,519058.504913,-1122641.895543,-603583.390630,5.818639e-03,-1072.378447,504.773793,785.069144,0.178,10.645,0.019,0.000,0.000,0.000
635,0.635000,518731.694380,-1122314.022234,-603582.327854,5.820389e-03,-1072.365741,504.873819,785.122840,0.216,4.602,0.020,0.000,0.000,0.000
636,0.636000,518405.518068,-1121986.654623,-603581.136555,5.822352e-03,-1072.372885,504.997771,785.174322,0.198,4.688,0.018,0.000,0.000,0.000
637,0.637000,518079.121396,-1121659.815596,-603580.694200,5.823080e-03,-1072.438475,505.087533,785.167390,0.184,10.677,0.018,0.000,0.000,0.000
638,0.638000,517753.552418,-1121333.497659,-603579.945241,5.824314e-03,-1072.497074,505.165750,785.098303,0.189,4.665,0.019,0.000,0.000,0.000
639,0.639000,517430.676139,-1121007.703811,-603577.027672,5.829120e-03,-1072.505595,504.914814,784.898401,0.179,10.752,0.017,0.000,0.000,0.000
640,0.640000,517109.664520,-1120682.391262,-603572.726742,5.836204e-03,-1072.383893,504.672651,784.749670,0.178,4.681,0.017,0.000,0.000,0.000
641,0.641000,516790.420646,-1120357.586054,-603567.165407,5.845364e-03,-1072.117946,504.415356,784.831921,0.185,12.189,0.019,0.000,0.000,0.000
642,0.642000,516470.740479,-1120033.239384,-603562.498904,5.853050e-03,-1071.986896,504.184775,784.967798,0.176,4.680,0.016,0.000,0.000,0.000
643,0.643000,516148.310724,-1119709.412976,-603561.102252,5.855351e-03,-1071.907063,504.158891,784.961868,0.177,12.227,0.019,0.000,0.000,0.000
644,0.644000,515828.686760,-1119386.104562,-603557.417802,5.861420e-03,-1071.834675,503.928587,784.781191,0.179,4.616,0.018,0.000,0.000,0.000
645,0.645000,515510.162945,-1119063.287430,-603553.124485,5.868491e-03,-1071.880897,503.721208,784.493808,0.179,13.228,0.018,0.000,0.000,0.000
646,0.646000,515189.559765,-1118740.982056,-603551.422292,5.871295e-03,-1071.908853,503.615243,784.311331,0.185,9.202,0.017,0.000,0.000,0.000
647,0.647000,514869.721449,-1118419.201683,-603549.480234,5.874494e-03,-1071.843371,503.487120,784.191273,0.175,4.672,0.017,0.000,0.000,0.000
648,0.648000,514551.725456,-1118097.929428,-603546.203971,5.879890e-03,-1071.763896,503.315303,784.027484,0.172,10.648,0.018,0.000,0.000,0.000
649,0.649000,514234.238055,-1117777.164119,-603542.926065,5.885289e-03,-1071.811038,503.218345,783.924851,0.173,4.668,0.017,0.000,0.000,0.000
650,0.650000,513919.309060,-1117456.908189,-603537.599129,5.894064e-03,-1071.706959,502.962786,783.720296,0.177,10.695,0.018,0.000,0.000,0.000
651,0.651000,513606.927112,-1117137.129333,-603530.202221,5.906247e-03,-1071.643690,502.518803,783.247574,0.175,9.168,0.018,0.000,0.000,0.000
652,0.652000,513294.619130,-1116817.826893,-603523.207763,5.917768e-03,-1071.831618,502.154153,782.664521,0.186,4.684,0.032,0.000,0.000,0.000
653,0.653000,512982.868578,-1116499.002317,-603516.133739,5.929420e-03,-1071.891408,501.814890,782.303500,0.175,10.570,0.017,0.000,0.000,0.000
654,0.654000,512670.411513,-1116180.650400,-603510.238887,5.939129e-03,-1071.814049,501.610679,782.114485,0.181,4.613,0.018,0.000,0.000,0.000
655,0.655000,512358.521969,-1115862.792425,-603504.270455,5.948960e-03,-1071.739425,501.356586,781.732951,0.172,10.691,0.018,0.000,0.000,0.000
656,0.656000,512048.088164,-1115545.403378,-603497.315215,5.960416e-03,-1071.804788,500.985024,781.278773,0.216,4.668,0.021,0.000,0.000,0.000
657,0.657000,511736.928678,-1115228.496965,-603491.568287,5.969882e-03,-1071.945638,500.623689,780.943906,0.216,4.682,0.018,0.000,0.000,0.000
658,0.658000,511424.786311,-1114912.082493,-603487.296182,5.976919e-03,-1071.990824,500.215917,780.680107,0.198,13.684,0.019,0.000,0.000,0.000
659,0.659000,511113.744200,-1114596.171711,-603482.427511,5.984938e-03,-1072.115031,499.905118,780.346159,0.227,13.083,0.022,0.000,0.000,0.000
660,0.660000,510803.928400,-1114280.743739,-603476.815339,5.994182e-03,-1072.253507,499.604992,779.943136,0.238,4.671,0.022,0.000,0.000,0.000
661,0.661000,510494.867597,-1113965.809774,-603470.942177,6.003856e-03,-1072.309631,499.301038,779.678070,0.254,13.783,0.022,0.000,0.000,0.000
662,0.662000,510186.883792,-1113651.357068,-603464.473276,6.014511e-03,-1072.276274,499.013718,779.403625,0.212,6.126,0.021,0.000,0.000,0.000
663,0.663000,509880.827185,-1113337.387015,-603456.559830,6.027546e-03,-1072.142357,498.690754,779.167126,0.200,6.178,0.019,0.000,0.000,0.000
664,0.664000,509575.205875,-1113023.869864,-603448.663990,6.040551e-03,-1072.037404,498.416574,778.957211,0.196,7.640,0.018,0.000,0.000,0.000
665,0.665000,509266.975302,-1112710.831579,-603443.856277,6.048470e-03,-1071.860781,498.387483,778.669216,0.194,9.214,0.018,0.000,0.000,0.000
666,0.666000,508958.611307,-1112398.291528,-603439.680220,6.055349e-03,-1071.609139,498.286443,778.376953,0.195,4.589,0.018,0.000,0.000,0.000
667,0.667000,508650.878790,-1112086.239296,-603435.360506,6.062464e-03,-1071.519633,497.829772,778.005967,0.189,10.729,0.018,0.000,0.000,0.000
668,0.668000,508347.730214,-1111774.683037,-603426.952822,6.076313e-03,-1071.742991,497.988935,777.479308,0.193,6.178,0.018,0.000,0.000,0.000
669,0.669000,508043.769903,-1111463.559864,-603419.789961,6.088111e-03,-1071.883093,498.384041,777.089182,0.179,4.589,0.018,0.000,0.000,0.000
670,0.670000,507734.213233,-1111152.949164,-603418.735931,6.089847e-03,-1071.720493,498.323130,776.959463,0.179,6.192,0.018,0.000,0.000,0.000
671,0.671000,507426.925214,-1110842.853370,-603415.928156,6.094472e-03,-1071.482015,498.230289,776.989688,0.189,6.211,0.019,0.000,0.000,0.000
672,0.672000,507122.383700,-1110533.243229,-603410.859528,6.102820e-03,-1071.360213,497.992892,776.958430,0.176,4.681,0.018,0.000,0.000,0.000
673,0.673000,506817.813607,-1110224.120890,-603406.307282,6.110319e-03,-1071.296766,497.852758,776.755673,0.187,9.015,0.017,0.000,0.000,0.000
674,0.674000,506511.505527,-1109915.489755,-603403.984228,6.114145e-03,-1071.034764,497.863784,776.707077,0.256,4.702,0.047,0.000,0.000,0.000
675,0.675000,506204.744638,-1109607.370012,-603402.625374,6.116383e-03,-1070.968050,497.826509,776.539335,0.205,13.266,0.020,0.000,0.000,0.000
676,0.676000,505899.667912,-1109299.754525,-603400.086613,6.120565e-03,-1071.176355,497.949608,776.218803,0.185,9.261,0.018,0.000,0.000,0.000
677,0.677000,505594.269825,-1108992.635804,-603398.365980,6.123399e-03,-1071.301023,498.097457,776.063976,0.182,4.677,0.017,0.000,0.000,0.000
678,0.678000,505288.618547,-1108686.037077,-603397.418530,6.124959e-03,-1071.436254,498.109633,775.918596,0.188,4.676,0.018,0.000,0.000,0.000
679,0.679000,504983.900315,-1108379.947168,-603396.046853,6.127219e-03,-1071.595003,498.086288,775.693365,0.201,13.736,0.019,0.000,0.000,0.000
680,0.680000,504679.412141,-1108074.366495,-603394.954354,6.129018e-03,-1071.680421,498.070601,775.478744,0.189,6.219,0.020,0.000,0.000,0.000
681,0.681000,504375.419610,-1107769.294951,-603393.875341,6.130796e-03,-1071.730792,498.025387,775.237251,0.176,6.169,0.018,0.000,0.000,0.000
682,0.682000,504071.596101,-1107464.734634,-603393.138534,6.132009e-03,-1071.757091,497.952889,775.047879,0.176,6.117,0.018,0.000,0.000,0.000
683,0.683000,503768.350700,-1107160.689810,-603392.339110,6.133326e-03,-1071.795627,497.921959,774.894611,0.177,4.603,0.017,0.000,0.000,0.000
684,0.684000,503468.187967,-1106857.156641,-603388.968674,6.138877e-03,-1071.848591,497.585836,774.529623,0.192,6.207,0.026,0.000,0.000,0.000
685,0.685000,503170.835681,-1106554.095231,-603383.259550,6.148281e-03,-1071.921919,496.909963,773.948470,0.178,10.664,0.020,0.000,0.000,0.000
686,0.686000,502871.599806,-1106251.504391,-603379.904585,6.153807e-03,-1071.998197,496.509902,773.541459,0.172,10.719,0.018,0.000,0.000,0.000
687,0.687000,502570.216991,-1105949.427664,-603379.210673,6.154950e-03,-1072.043686,496.402889,773.354720,0.185,4.613,0.022,0.000,0.000,0.000
688,0.688000,502269.095707,-1105647.865404,-603378.769697,6.155677e-03,-1072.069028,496.311047,773.177409,0.175,10.659,0.018,0.000,0.000,0.000
689,0.689000,501968.770715,-1105346.818636,-603378.047921,6.156865e-03,-1072.077478,496.240807,772.963689,0.177,4.689,0.017,0.000,0.000,0.000
690,0.690000,501669.880952,-1105046.283170,-603376.402218,6.159576e-03,-1072.170216,496.224098,772.680396,0.184,9.932,0.018,0.000,0.000,0.000
691,0.691000,501371.789336,-1104746.247824,-603374.458489,6.162778e-03,-1072.341586,496.165162,772.439353,0.185,4.593,0.017,0.000,0.000,0.000
692,0.692000,501076.439050,-1104446.718257,-603370.279207,6.169662e-03,-1072.356722,495.813813,772.303248,0.185,10.656,0.018,0.000,0.000,0.000
693,0.693000,500782.027139,-1104147.649809,-603365.622670,6.177331e-03,-1072.198911,495.301723,772.062245,0.175,4.676,0.018,0.000,0.000,0.000
694,0.694000,500485.372724,-1103849.079378,-603363.706654,6.180487e-03,-1072.152265,494.983645,771.799255,0.173,10.636,0.017,0.000,0.000,0.000
695,0.695000,500188.739584,-1103551.020696,-603362.281113,6.182835e-03,-1072.263683,494.746765,771.676383,0.173,7.665,0.018,0.000,0.000,0.000
696,0.696000,499893.371774,-1103253.468278,-603360.096505,6.186434e-03,-1072.283590,494.385361,771.479953,0.237,4.690,0.024,0.000,0.000,0.000
697,0.697000,499598.365203,-1102956.415830,-603358.050627,6.189804e-03,-1072.345201,494.045252,771.237727,0.196,10.700,0.020,0.000,0.000,0.000
698,0.698000,499303.472659,-1102659.868452,-603356.395792,6.192529e-03,-1072.404433,493.829688,771.010927,0.191,4.680,0.018,0.000,0.000,0.000
699,0.699000,499009.175940,-1102363.825587,-603354.649647,6.195405e-03,-1072.404601,493.453328,770.699828,0.190,10.767,0.017,0.000,0.000,0.000
700,0.700000,498716.502971,-1102068.286734,-603351.783763,6.200126e-03,-1072.338477,493.127269,770.742642,0.191,4.601,0.018,0.000,0.000,0.000
701,0.701000,498425.480111,-1101773.238847,-603347.758735,6.206756e-03,-1072.087162,493.028258,771.185435,0.265,4.683,0.037,0.000,0.000,0.000
702,0.702000,498135.160521,-1101478.679044,-603343.518523,6.213740e-03,-1071.835230,492.899173,771.669719,0.203,13.307,0.018,0.000,0.000,0.000
703,0.703000,497843.556530,-1101184.604674,-603341.048144,6.217809e-03,-1071.732157,492.721827,771.856293,0.194,7.720,0.019,0.000,0.000,0.000
704,0.704000,497550.659731,-1100891.046887,-603340.387156,6.218898e-03,-1071.758536,492.563804,771.826836,0.189,4.691,0.018,0.000,0.000,0.000
705,0.705000,497258.844184,-1100598.003257,-603339.159073,6.220920e-03,-1071.820513,492.360364,771.703491,0.179,4.676,0.018,0.000,0.000,0.000
706,0.706000,496973.477628,-1100305.466927,-603331.989299,6.232730e-03,-1072.113058,492.710981,770.036839,0.178,13.763,0.018,0.000,0.000,0.000
707,0.707000,496690.591290,-1100013.312691,-603322.721401,6.247995e-03,-1072.528084,493.222588,767.950839,0.177,4.610,0.017,0.000,0.000,0.000
708,0.708000,496405.345795,-1099721.631467,-603316.285672,6.258596e-03,-1072.852126,493.304102,766.655096,0.181,10.715,0.019,0.000,0.000,0.000
709,0.709000,496119.517254,-1099430.410876,-603310.893622,6.267477e-03,-1073.027654,493.297588,765.641786,0.175,4.609,0.018,0.000,0.000,0.000
710,0.710000,495833.656362,-1099139.684065,-603306.027703,6.275492e-03,-1073.126088,493.148802,764.665674,0.172,4.615,0.017,0.000,0.000,0.000
711,0.711000,495549.456849,-1098849.428064,-603299.971215,6.285468e-03,-1073.314398,493.203002,763.429245,0.181,4.615,0.018,0.000,0.000,0.000
712,0.712000,495266.133580,-1098559.647882,-603293.514302,6.296103e-03,-1073.431030,493.729520,762.581985,0.170,9.205,0.018,0.000,0.000,0.000
713,0.713000,494983.343426,-1098270.343127,-603286.999701,6.306834e-03,-1073.527309,494.118903,761.594847,0.192,6.191,0.021,0.000,0.000,0.000
714,0.714000,494700.766715,-1097981.512786,-603280.746071,6.317134e-03,-1073.746409,494.279528,760.330123,0.214,4.679,0.020,0.000,0.000,0.000
715,0.715000,494418.550960,-1097693.155272,-603274.604312,6.327251e-03,-1073.927897,494.462786,759.087100,0.188,10.245,0.017,0.000,0.000,0.000
716,0.716000,494134.356751,-1097405.272034,-603270.915283,6.333327e-03,-1073.970271,494.191381,758.187848,0.187,6.195,0.018,0.000,0.000,0.000
717,0.717000,493847.859211,-1097117.897561,-603270.038350,6.334771e-03,-1073.938994,493.856811,757.950419,0.191,10.728,0.024,0.000,0.000,0.000
718,0.718000,493562.391803,-1096831.045077,-603268.653274,6.337053e-03,-1074.043011,493.604275,757.807942,0.186,4.635,0.017,0.000,0.000,0.000
719,0.719000,493278.489809,-1096544.694060,-603266.204251,6.341087e-03,-1074.327473,493.285290,757.618562,0.179,4.689,0.018,0.000,0.000,0.000
720,0.720000,492999.155445,-1096258.846680,-603259.691235,6.351814e-03,-1074.787563,493.556670,757.556235,0.184,13.758,0.017,0.000,0.000,0.000
721,0.721000,492721.596982,-1095973.453517,-603251.856535,6.364719e-03,-1075.385756,493.987415,757.669716,0.176,4.690,0.018,0.000,0.000,0.000
722,0.722000,492440.296775,-1095688.535490,-603248.238715,6.370678e-03,-1075.702637,494.113973,757.917086,0.176,12.233,0.021,0.000,0.000,0.000
723,0.723000,492159.406780,-1095404.124538,-603244.717758,6.376478e-03,-1075.932806,493.984527,757.909263,0.176,4.608,0.019,0.000,0.000,0.000
724,0.724000,491879.024086,-1095120.199741,-603241.175655,6.382312e-03,-1076.207839,493.839744,757.879660,0.172,10.736,0.017,0.000,0.000,0.000
725,0.725000,491600.275754,-1094836.782616,-603236.506862,6.390002e-03,-1076.815740,493.818653,757.935260,0.181,6.179,0.022,0.000,0.000,0.000
726,0.726000,491324.516336,-1094553.823655,-603229.307320,6.401861e-03,-1077.904990,493.614614,757.853412,0.175,4.677,0.018,0.000,0.000,0.000
727,0.727000,491045.793392,-1094271.320860,-603225.527468,6.408087e-03,-1078.455087,493.506175,757.803667,0.173,6.126,0.017,0.000,0.000,0.000
728,0.728000,490765.041290,-1093989.342249,-603224.300959,6.410107e-03,-1078.474319,493.455967,757.884291,0.174,5.985,0.018,0.000,0.000,0.000
729,0.729000,490484.838814,-1093707.871704,-603223.032890,6.412196e-03,-1078.496022,493.410522,757.963546,0.172,6.201,0.018,0.000,0.000,0.000
730,0.730000,490205.286434,-1093426.923963,-603221.637530,6.414494e-03,-1078.552218,493.454714,758.001837,0.178,10.666,0.020,0.000,0.000,0.000
731,0.731000,489926.506558,-1093146.484424,-603219.977866,6.417228e-03,-1078.610278,493.455317,758.074928,0.180,9.163,0.020,0.000,0.000,0.000
732,0.732000,489647.646938,-1092866.565461,-603218.918523,6.418972e-03,-1078.680155,493.159375,757.871584,0.171,4.676,0.018,0.000,0.000,0.000
733,0.733000,489369.439305,-1092587.159129,-603217.719824,6.420947e-03,-1078.757296,492.856861,757.658504,0.169,6.108,0.018,0.000,0.000,0.000
734,0.734000,489091.866968,-1092308.271726,-603216.404757,6.423113e-03,-1078.788932,492.828892,757.607498,0.175,10.630,0.018,0.000,0.000,0.000
735,0.735000,488815.322289,-1092029.898566,-603214.576277,6.426125e-03,-1078.955056,492.875284,757.402581,0.210,6.109,0.020,0.000,0.000,0.000
736,0.736000,488539.170705,-1091752.035781,-603212.865075,6.428943e-03,-1079.125062,492.881839,757.234391,0.186,4.633,0.017,0.000,0.000,0.000
737,0.737000,488262.705543,-1091474.691442,-603211.985899,6.430391e-03,-1079.138928,492.878857,757.191993,0.191,4.614,0.019,0.000,0.000,0.000
738,0.738000,487986.408792,-1091197.870460,-603211.461668,6.431255e-03,-1079.140066,492.883077,757.160119,0.203,7.618,0.019,0.000,0.000,0.000
739,0.739000,487713.634880,-1090921.572966,-603207.938086,6.437059e-03,-1079.567433,492.769124,757.105235,0.180,4.676,0.018,0.000,0.000,0.000
740,0.740000,487444.410404,-1090645.743815,-603201.333411,6.447937e-03,-1080.415629,492.575950,757.023139,0.182,7.609,0.018,0.000,0.000,0.000
741,0.741000,487172.643437,-1090370.382648,-603197.739211,6.453858e-03,-1080.814358,492.441330,756.983836,0.215,7.638,0.025,0.000,0.000,0.000
742,0.742000,486898.852188,-1090095.543977,-603196.691788,6.455583e-03,-1080.778104,492.324961,756.907837,0.201,4.606,0.018,0.000,0.000,0.000
743,0.743000,486628.894211,-1089821.219143,-603192.324931,6.462776e-03,-1081.342790,492.066205,756.796572,0.185,4.675,0.017,0.000,0.000,0.000
744,0.744000,486361.911296,-1089547.345741,-603185.434445,6.474125e-03,-1082.504658,491.708846,756.730992,0.179,10.188,0.018,0.000,0.000,0.000
745,0.745000,486091.851960,-1089273.924686,-603182.072726,6.479662e-03,-1083.087577,491.525964,756.682104,0.182,4.605,0.019,0.000,0.000,0.000
746,0.746000,485820.817405,-1089001.029276,-603180.211871,6.482727e-03,-1083.290911,491.222908,756.466288,0.219,4.673,0.026,0.000,0.000,0.000
747,0.747000,485557.534236,-1088728.629690,-603171.095455,6.497743e-03,-1083.149912,490.185040,755.882722,0.187,13.728,0.018,0.000,0.000,0.000
748,0.748000,485295.174459,-1088456.643480,-603161.469022,6.513599e-03,-1083.062222,489.330859,755.473660,0.177,9.156,0.017,0.000,0.000,0.000
749,0.749000,485027.323655,-1088185.140873,-603157.817218,6.519614e-03,-1083.255849,488.979057,755.391735,0.189,4.705,0.020,0.000,0.000,0.000
750,0.750000,484758.390937,-1087914.140633,-603155.749695,6.523020e-03,-1083.080819,488.690244,755.296281,0.183,9.168,0.019,0.000,0.000,0.000
751,0.751000,484489.314366,-1087643.655115,-603154.340749,6.525341e-03,-1082.922501,488.571084,755.197068,0.185,4.618,0.019,0.000,0.000,0.000
752,0.752000,484222.605138,-1087373.684015,-603151.078877,6.530713e-03,-1082.771994,488.196521,754.970060,0.174,10.722,0.018,0.000,0.000,0.000
753,0.753000,483956.949749,-1087104.187470,-603147.237721,6.537040e-03,-1082.649905,487.842880,754.711306,0.190,4.598,0.017,0.000,0.000,0.000
754,0.754000,483693.225752,-1086835.196451,-603141.970698,6.545716e-03,-1082.524508,487.327961,754.339090,0.220,10.714,0.021,0.000,0.000,0.000
755,0.755000,483430.346115,-1086566.650719,-603136.304604,6.555048e-03,-1082.301061,486.603818,754.026579,0.306,4.709,0.018,0.000,0.000,0.000
756,0.756000,483176.642027,-1086298.603839,-603121.961812,6.578673e-03,-1081.492611,485.186242,753.292232,0.182,12.252,0.017,0.000,0.000,0.000
757,0.757000,482936.533834,-1086030.893832,-603094.359998,6.624137e-03,-1079.575467,482.470699,751.664367,0.178,6.111,0.017,0.000,0.000,0.000
758,0.758000,482684.867883,-1085763.467523,-603078.599640,6.650096e-03,-1078.272451,480.700817,750.625158,0.178,4.595,0.018,0.000,0.000,0.000
759,0.759000,482419.312863,-1085496.551504,-603077.238641,6.652338e-03,-1078.100291,480.330499,750.502753,0.176,10.715,0.017,0.000,0.000,0.000
760,0.760000,482154.377997,-1085230.152079,-603075.774081,6.654750e-03,-1077.880458,480.149265,750.447546,0.184,4.606,0.020,0.000,0.000,0.000
761,0.761000,481889.638630,-1084964.261704,-603074.623074,6.656646e-03,-1077.690399,480.016628,750.395981,0.173,4.669,0.017,0.000,0.000,0.000
762,0.762000,481625.845569,-1084698.890492,-603073.044923,6.659246e-03,-1077.620804,479.853742,750.360125,0.171,10.476,0.017,0.000,0.000,0.000
763,0.763000,481363.201056,-1084434.022071,-603070.821014,6.662909e-03,-1077.589697,479.714398,750.272161,0.174,4.589,0.017,0.000,0.000,0.000
764,0.764000,481101.554881,-1084169.663564,-603068.108683,6.667376e-03,-1077.382302,479.109401,750.121664,0.176,10.722,0.018,0.000,0.000,0.000
765,0.765000,480841.366974,-1083905.790462,-603064.423489,6.673446e-03,-1077.003419,478.237011,750.061092,0.174,4.685,0.019,0.000,0.000,0.000
766,0.766000,480580.304875,-1083642.409763,-603062.104888,6.677265e-03,-1076.685940,477.645705,750.037838,0.171,10.723,0.017,0.000,0.000,0.000
767,0.767000,480318.581584,-1083379.539641,-603060.958057,6.679154e-03,-1076.417691,477.227557,749.932069,0.183,4.641,0.019,0.000,0.000,0.000
768,0.768000,480058.263130,-1083117.181154,-603058.918024,6.682514e-03,-1076.164318,476.694955,749.767050,0.194,12.237,0.019,0.000,0.000,0.000
769,0.769000,479798.529619,-1082855.319364,-603056.789745,6.686020e-03,-1076.038373,476.211271,749.618630,0.181,4.612,0.018,0.000,0.000,0.000
770,0.770000,479540.870362,-1082593.968869,-603053.098507,6.692100e-03,-1075.862654,475.804454,749.498495,0.185,13.767,0.023,0.000,0.000,0.000
771,0.771000,479284.187181,-1082333.112373,-603048.925192,6.698974e-03,-1075.636153,475.371812,749.391620,0.173,4.684,0.020,0.000,0.000,0.000
772,0.772000,479027.419308,-1082072.762466,-603045.343157,6.704874e-03,-1075.471852,475.000097,749.313607,0.171,4.688,0.017,0.000,0.000,0.000
773,0.773000,478770.861603,-1081812.913262,-603042.051660,6.710296e-03,-1075.379793,474.796640,749.245772,0.189,4.602,0.020,0.000,0.000,0.000
774,0.774000,478513.649930,-1081553.574178,-603039.924248,6.713800e-03,-1075.354670,474.831304,749.233389,0.169,7.708,0.018,0.000,0.000,0.000
775,0.775000,478257.534129,-1081294.735352,-603037.201223,6.718285e-03,-1075.250675,474.753899,749.200004,0.186,4.616,0.021,0.000,0.000,0.000
776,0.776000,478003.154629,-1081036.409828,-603033.255199,6.724784e-03,-1075.148029,474.566797,749.109022,0.214,7.731,0.020,0.000,0.000,0.000
777,0.777000,477748.896035,-1080778.586409,-603029.690374,6.730656e-03,-1075.139145,474.323199,748.975883,0.194,9.191,0.018,0.000,0.000,0.000
778,0.778000,477493.553785,-1080521.268101,-603027.714315,6.733911e-03,-1075.142944,474.118545,748.826832,0.190,13.760,0.019,0.000,0.000,0.000
779,0.779000,477238.283773,-1080264.459979,-603026.176206,6.736444e-03,-1075.128746,474.029570,748.764412,0.182,10.713,0.018,0.000,0.000,0.000
780,0.780000,476993.938346,-1080008.165888,-603014.227542,6.756126e-03,-1074.695615,473.049851,748.011768,0.338,4.721,0.020,0.000,0.000,0.000
781,0.781000,476760.675623,-1079752.221523,-602991.545900,6.793485e-03,-1073.925338,471.227305,746.535440,0.198,13.774,0.018,0.000,0.000,0.000
782,0.782000,476518.264721,-1079496.636833,-602978.372111,6.815184e-03,-1073.785523,470.220793,745.647544,0.182,4.598,0.017,0.000,0.000,0.000
783,0.783000,476267.530035,-1079241.544963,-602974.014929,6.822361e-03,-1074.230721,470.162954,745.317840,0.185,12.234,0.018,0.000,0.000,0.000
784,0.784000,476016.720269,-1078986.930742,-602970.210473,6.828627e-03,-1074.555455,470.326539,745.195443,0.193,4.685,0.020,0.000,0.000,0.000
785,0.785000,475767.070443,-1078732.818080,-602965.747637,6.835978e-03,-1074.804106,470.525949,745.191133,0.176,6.126,0.017,0.000,0.000,0.000
786,0.786000,475516.921365,-1078479.180936,-602962.259571,6.841724e-03,-1074.961869,470.586820,745.153661,0.180,6.198,0.017,0.000,0.000,0.000
787,0.787000,475265.625169,-1078226.064772,-602960.439602,6.844721e-03,-1075.029526,470.470288,745.054715,0.198,6.110,0.021,0.000,0.000,0.000
788,0.788000,475015.721238,-1077973.448876,-602957.727638,6.849188e-03,-1075.252883,470.440990,744.855125,0.187,6.109,0.018,0.000,0.000,0.000
789,0.789000,474766.867890,-1077721.340931,-602954.473041,6.854549e-03,-1075.549967,470.510603,744.618134,0.189,6.128,0.074,0.000,0.000,0.000
790,0.790000,474519.055631,-1077469.724380,-602950.668749,6.860815e-03,-1075.783541,470.577114,744.452519,0.174,4.592,0.018,0.000,0.000,0.000
791,0.791000,474270.860553,-1077218.605229,-602947.744677,6.865632e-03,-1076.069905,470.758633,744.308849,0.184,10.715,0.018,0.000,0.000,0.000
792,0.792000,474022.274809,-1076967.987904,-602945.713095,6.868978e-03,-1076.296085,470.880725,744.142156,0.170,4.618,0.017,0.000,0.000,0.000
793,0.793000,473773.678963,-1076717.883301,-602944.204338,6.871463e-03,-1076.449967,470.941818,743.994126,0.185,10.737,0.018,0.000,0.000,0.000
794,0.794000,473525.236787,-1076468.292687,-602943.055901,6.873355e-03,-1076.684025,471.014866,743.777686,0.224,4.697,0.019,0.000,0.000,0.000
795,0.795000,473278.040992,-1076219.216217,-602941.175225,6.876452e-03,-1076.903474,471.039743,743.527683,0.193,10.663,0.018,0.000,0.000,0.000
796,0.796000,473031.933790,-1075970.641445,-602938.707655,6.880517e-03,-1077.264978,471.211926,743.192734,0.302,4.611,0.017,0.000,0.000,0.000
797,0.797000,472786.328053,-1075722.570437,-602936.242384,6.884577e-03,-1077.725668,471.439970,742.795528,0.191,13.736,0.020,0.000,0.000,0.000
798,0.798000,472541.392553,-1075474.996962,-602933.604409,6.888922e-03,-1078.088974,471.563762,742.466356,0.185,4.682,0.017,0.000,0.000,0.000
799,0.799000,472296.790490,-1075227.929304,-602931.138814,6.892984e-03,-1078.338136,471.594556,742.213597,0.189,4.680,0.021,0.000,0.000,0.000
800,0.800000,472052.748118,-1074981.363838,-602928.615720,6.897139e-03,-1078.575636,471.623668,741.963980,0.182,12.201,0.019,0.000,0.000,0.000
801,0.801000,471809.112919,-1074735.303992,-602926.191073,6.901133e-03,-1078.870302,471.707912,741.684830,0.175,4.678,0.017,0.000,0.000,0.000
802,0.802000,471566.524613,-1074489.747808,-602923.223195,6.906022e-03,-1079.214085,471.849605,741.401126,0.177,10.674,0.017,0.000,0.000,0.000
803,0.803000,471324.202934,-1074244.685971,-602920.483037,6.910535e-03,-1079.417367,471.913810,741.264864,0.176,4.595,0.017,0.000,0.000,0.000
804,0.804000,471081.229262,-1074000.134619,-602918.905357,6.913134e-03,-1079.465700,471.866577,741.242172,0.199,10.662,0.021,0.000,0.000,0.000
805,0.805000,470838.389305,-1073756.097107,-602917.707803,6.915106e-03,-1079.516822,471.842733,741.168354,0.172,4.608,0.017,0.000,0.000,0.000
806,0.806000,470597.534312,-1073512.575778,-602915.041465,6.919498e-03,-1079.498829,471.705833,740.934739,0.175,10.730,0.019,0.000,0.000,0.000
807,0.807000,470357.457690,-1073269.562256,-602912.104566,6.924335e-03,-1079.460660,471.528759,740.678324,0.175,4.667,0.017,0.000,0.000,0.000
808,0.808000,470116.411601,-1073027.060953,-602910.649353,6.926732e-03,-1079.480135,471.474948,740.565022,0.170,10.543,0.018,0.000,0.000,0.000
809,0.809000,469875.569086,-1072785.076157,-602909.507072,6.928614e-03,-1079.515097,471.466739,740.524288,0.172,4.612,0.017,0.000,0.000,0.000
810,0.810000,469635.494087,-1072543.609170,-602908.115083,6.930907e-03,-1079.524690,471.424909,740.528923,0.172,9.226,0.019,0.000,0.000,0.000
811,0.811000,469395.712570,-1072302.654000,-602906.941430,6.932840e-03,-1079.525135,471.382701,740.478940,0.176,4.684,0.017,0.000,0.000,0.000
812,0.812000,469156.264608,-1072062.215851,-602905.951243,6.934471e-03,-1079.541743,471.344866,740.412506,0.171,10.709,0.017,0.000,0.000,0.000
813,0.813000,468917.671810,-1071822.290238,-602904.618427,6.936666e-03,-1079.565138,471.302224,740.329369,0.170,4.594,0.017,0.000,0.000,0.000
814,0.814000,468679.267808,-1071582.877093,-602903.609285,6.938328e-03,-1079.603414,471.309073,740.232832,0.172,11.829,0.017,0.000,0.000,0.000
815,0.815000,468442.576065,-1071343.981101,-602901.405035,6.941959e-03,-1079.627567,471.278882,740.097504,0.222,7.725,0.020,0.000,0.000,0.000
816,0.816000,468206.895038,-1071105.588436,-602898.693399,6.946425e-03,-1079.619758,471.161904,739.976979,0.213,4.683,0.024,0.000,0.000,0.000
817,0.817000,467970.300902,-1070867.705512,-602897.404610,6.948548e-03,-1079.680902,471.136411,739.902452,0.193,10.728,0.024,0.000,0.000,0.000
818,0.818000,467735.773727,-1070630.336971,-602894.563244,6.953228e-03,-1079.858484,471.326457,739.795749,0.193,4.677,0.019,0.000,0.000,0.000
819,0.819000,467502.635974,-1070393.457612,-602890.821638,6.959391e-03,-1079.954034,471.378858,739.722326,0.224,4.635,0.023,0.000,0.000,0.000
820,0.820000,467268.162883,-1070157.087610,-602888.924727,6.962516e-03,-1079.942332,471.227688,739.602840,0.218,10.663,0.020,0.000,0.000,0.000
821,0.821000,467033.157180,-1069921.228416,-602888.071236,6.963922e-03,-1079.958535,471.167364,739.508015,0.203,4.679,0.018,0.000,0.000,0.000
822,0.822000,466801.562238,-1069685.884200,-602884.321962,6.970097e-03,-1080.157459,471.053217,739.606098,0.193,13.765,0.018,0.000,0.000,0.000
823,0.823000,466571.912863,-1069451.002493,-602879.089630,6.978715e-03,-1080.269549,470.656427,739.489448,0.188,9.166,0.017,0.000,0.000,0.000
824,0.824000,466340.840526,-1069216.616472,-602875.775945,6.984174e-03,-1080.141039,470.122168,739.040390,0.179,4.669,0.019,0.000,0.000,0.000
825,0.825000,466111.121765,-1068982.727428,-602871.605663,6.991043e-03,-1080.168141,469.991364,738.740455,0.178,7.637,0.018,0.000,0.000,0.000
826,0.826000,465883.554381,-1068749.316912,-602865.762531,7.000667e-03,-1080.422528,470.220569,738.719154,0.176,4.661,0.017,0.000,0.000,0.000
827,0.827000,465655.355090,-1068516.378918,-602861.023829,7.008472e-03,-1080.719178,470.557301,738.777199,0.177,10.708,0.022,0.000,0.000,0.000
828,0.828000,465427.251334,-1068283.928524,-602856.677190,7.015632e-03,-1080.966631,470.914245,738.821861,0.176,10.696,0.017,0.000,0.000,0.000
829,0.829000,465200.439190,-1068051.954537,-602851.515346,7.024134e-03,-1081.342329,471.279964,739.025708,0.174,6.175,0.016,0.000,0.000,0.000
830,0.830000,464973.363416,-1067820.457272,-602847.093856,7.031417e-03,-1081.779461,471.836721,739.190187,0.173,6.107,0.017,0.000,0.000,0.000
831,0.831000,464745.971431,-1067589.438297,-602843.466866,7.037391e-03,-1082.027792,472.118534,739.092957,0.173,4.604,0.018,0.000,0.000,0.000
832,0.832000,464518.032751,-1067358.918172,-602840.885421,7.041643e-03,-1082.170477,472.165435,739.050159,0.173,6.070,0.018,0.000,0.000,0.000
833,0.833000,464296.935519,-1067128.897842,-602831.962322,7.056340e-03,-1081.956417,472.814941,738.856579,0.266,6.138,0.029,0.000,0.000,0.000
834,0.834000,464078.536748,-1066899.251178,-602820.714431,7.074867e-03,-1081.847970,473.521368,738.744941,0.507,4.678,0.023,0.000,0.000,0.000
835,0.835000,463855.012293,-1066670.071117,-602815.058823,7.084183e-03,-1082.081927,473.549229,739.005705,0.277,10.674,0.041,0.000,0.000,0.000
836,0.836000,463630.480504,-1066441.378040,-602810.897536,7.091037e-03,-1082.088536,473.484934,739.043835,0.283,4.712,0.049,0.000,0.000,0.000
837,0.837000,463412.852891,-1066213.168839,-602800.315949,7.108466e-03,-1081.753377,472.949566,738.587067,0.230,12.246,0.022,0.000,0.000,0.000
838,0.838000,463194.777430,-1065985.349610,-602790.572181,7.124515e-03,-1081.593995,472.529656,738.146003,0.234,4.714,0.020,0.000,0.000,0.000
839,0.839000,462969.999849,-1065758.025232,-602788.025383,7.128710e-03,-1081.699389,472.635314,737.979523,0.232,13.678,0.024,0.000,0.000,0.000
840,0.840000,462746.973173,-1065531.190671,-602784.217498,7.134982e-03,-1081.578155,472.239223,737.626144,0.230,9.175,0.026,0.000,0.000,0.000
841,0.841000,462524.644482,-1065304.834311,-602780.189829,7.141616e-03,-1081.516918,471.797177,737.282693,0.216,4.700,0.018,0.000,0.000,0.000
842,0.842000,462301.679546,-1065078.963312,-602777.283766,7.146403e-03,-1081.499855,471.611563,737.158493,0.205,4.490,0.021,0.000,0.000,0.000
843,0.843000,462079.868193,-1064853.586508,-602773.718315,7.152276e-03,-1081.569606,471.487972,736.843632,0.216,12.274,0.020,0.000,0.000,0.000
844,0.844000,461857.864937,-1064628.686019,-602770.821081,7.157048e-03,-1081.714084,471.472647,736.563667,0.215,4.587,0.021,0.000,0.000,0.000
845,0.845000,461635.584393,-1064404.287064,-602768.702671,7.160537e-03,-1081.688130,471.419858,736.545990,0.191,4.249,0.018,0.000,0.000,0.000
846,0.846000,461415.084990,-1064180.381048,-602765.296058,7.166148e-03,-1081.583074,471.138460,736.351612,0.196,10.742,0.019,0.000,0.000,0.000
847,0.847000,461196.029599,-1063956.960691,-602760.931092,7.173338e-03,-1081.458822,470.673036,736.071141,0.198,4.679,0.022,0.000,0.000,0.000
848,0.848000,460980.472079,-1063734.011813,-602753.539734,7.185513e-03,-1081.489371,470.408010,735.837000,0.184,12.179,0.018,0.000,0.000,0.000
849,0.849000,460764.910158,-1063511.497859,-602746.587702,7.196964e-03,-1081.571082,470.237857,735.541354,0.188,4.588,0.016,0.000,0.000,0.000
850,0.850000,460548.369488,-1063289.464415,-602741.094927,7.206011e-03,-1081.483321,469.619307,735.095076,0.185,10.713,0.018,0.000,0.000,0.000
851,0.851000,460332.125637,-1063067.891921,-602735.766283,7.214788e-03,-1081.472032,469.044231,734.602840,0.182,4.590,0.017,0.000,0.000,0.000
852,0.852000,460114.952627,-1062846.798223,-602731.845595,7.221246e-03,-1081.469265,468.634944,734.177700,0.181,11.845,0.017,0.000,0.000,0.000
853,0.853000,459898.433591,-1062626.182376,-602727.748785,7.227994e-03,-1081.366551,468.245662,733.782879,0.202,4.295,0.016,0.000,0.000,0.000
854,0.854000,459682.395142,-1062406.043511,-602723.648369,7.234748e-03,-1081.302577,468.063909,733.478828,0.219,13.775,0.021,0.000,0.000,0.000
855,0.855000,459465.798379,-1062186.387853,-602720.589475,7.239786e-03,-1081.303841,468.006001,733.348458,0.195,9.210,0.018,0.000,0.000,0.000
856,0.856000,459250.884502,-1061967.220288,-602716.335786,7.246792e-03,-1081.385433,467.681405,732.999191,0.196,4.571,0.017,0.000,0.000,0.000
857,0.857000,459035.962751,-1061748.502837,-602712.540086,7.253044e-03,-1081.458212,467.252136,732.542513,0.194,4.675,0.017,0.000,0.000,0.000
858,0.858000,458821.170910,-1061530.274466,-602709.103556,7.258705e-03,-1081.582105,467.194101,732.313255,0.205,12.197,0.019,0.000,0.000,0.000
859,0.859000,458607.805370,-1061312.499332,-602704.693962,7.265968e-03,-1081.766069,467.161189,731.998893,0.262,4.638,0.024,0.000,0.000,0.000
860,0.860000,458395.223480,-1061095.199839,-602699.976359,7.273739e-03,-1081.953605,467.244304,731.783752,0.204,4.603,0.020,0.000,0.000,0.000
861,0.861000,458183.609994,-1060878.359318,-602694.749323,7.282348e-03,-1082.129048,467.522204,731.681542,0.201,4.615,0.019,0.000,0.000,0.000
862,0.862000,457971.461682,-1060661.978876,-602690.517195,7.289319e-03,-1082.202080,467.677774,731.480086,0.194,7.711,0.018,0.000,0.000,0.000
863,0.863000,457760.712289,-1060446.069566,-602685.357277,7.297818e-03,-1082.545160,467.581704,731.454327,0.181,7.706,0.018,0.000,0.000,0.000
864,0.864000,457550.425105,-1060230.612822,-602680.187717,7.306333e-03,-1082.850031,467.396838,731.493981,0.182,12.075,0.019,0.000,0.000,0.000
865,0.865000,457338.715458,-1060015.624923,-602676.909464,7.311733e-03,-1082.830957,467.330357,731.506357,0.193,4.678,0.020,0.000,0.000,0.000
866,0.866000,457127.126406,-1059801.118701,-602673.992295,7.316538e-03,-1082.828338,467.332622,731.515588,0.192,13.519,0.020,0.000,0.000,0.000
867,0.867000,456916.650833,-1059587.080471,-602670.429639,7.322406e-03,-1082.936039,467.407155,731.414287,0.193,4.673,0.023,0.000,0.000,0.000
868,0.868000,456705.852133,-1059373.512142,-602667.660009,7.326968e-03,-1083.056261,467.461109,731.349105,0.176,6.143,0.018,0.000,0.000,0.000
869,0.869000,456494.361852,-1059160.425214,-602666.063362,7.329598e-03,-1083.033377,467.401589,731.355314,0.185,6.196,0.018,0.000,0.000,0.000
870,0.870000,456283.849339,-1058947.824283,-602663.974944,7.333038e-03,-1083.129439,467.409880,731.325847,0.182,6.104,0.020,0.000,0.000,0.000
871,0.871000,456074.681762,-1058735.696568,-602661.014807,7.337913e-03,-1083.166460,467.233047,731.153198,0.187,4.684,0.092,0.000,0.000,0.000
872,0.872000,455866.017771,-1058524.038235,-602658.020464,7.342845e-03,-1083.061770,467.019914,731.005728,0.217,12.243,0.023,0.000,0.000,0.000
873,0.873000,455657.225729,-1058312.853706,-602655.627977,7.346786e-03,-1083.036027,467.013173,730.972189,0.206,4.678,0.018,0.000,0.000,0.000
874,0.874000,455448.314812,-1058102.152301,-602653.837489,7.349735e-03,-1082.989778,466.948181,730.977304,0.200,11.999,0.048,0.000,0.000,0.000
875,0.875000,455242.409382,-1057891.932024,-602649.522642,7.356843e-03,-1083.306598,467.586575,730.985755,0.195,4.622,0.020,0.000,0.000,0.000
876,0.876000,455037.121514,-1057682.116636,-602644.995122,7.364300e-03,-1083.695506,468.328580,730.977039,0.180,4.598,0.018,0.000,0.000,0.000
877,0.877000,454830.959394,-1057472.779944,-602641.820550,7.369529e-03,-1083.713367,468.436701,730.988068,0.179,4.614,0.018,0.000,0.000,0.000
878,0.878000,454626.017343,-1057263.908589,-602637.891246,7.376001e-03,-1083.689375,468.633791,730.991167,0.185,6.131,0.018,0.000,0.000,0.000
879,0.879000,454422.575232,-1057055.501163,-602632.925931,7.384179e-03,-1083.871354,468.853337,730.724659,0.175,6.102,0.017,0.000,0.000,0.000
880,0.880000,454219.757903,-1056847.543882,-602627.785979,7.392646e-03,-1084.040977,468.942302,730.476930,0.173,9.155,0.017,0.000,0.000,0.000
881,0.881000,454015.546594,-1056640.053239,-602624.506645,7.398047e-03,-1084.009383,468.996707,730.477980,0.176,4.673,0.017,0.000,0.000,0.000
882,0.882000,453810.957503,-1056433.035819,-602622.078316,7.402047e-03,-1084.033858,469.098994,730.439371,0.174,10.323,0.018,0.000,0.000,0.000
883,0.883000,453606.802542,-1056226.493818,-602619.691276,7.405979e-03,-1084.091367,469.233309,730.392425,0.179,4.688,0.018,0.000,0.000,0.000
884,0.884000,453404.259822,-1056020.426514,-602616.166692,7.411784e-03,-1084.097681,469.309235,730.386201,0.172,10.248,0.018,0.000,0.000,0.000
885,0.885000,453202.175289,-1055814.824922,-602612.649633,7.417577e-03,-1084.065940,469.352814,730.383580,0.179,4.677,0.017,0.000,0.000,0.000
886,0.886000,452999.734458,-1055609.695630,-602609.961172,7.422005e-03,-1084.118801,469.497662,730.364711,0.175,10.677,0.017,0.000,0.000,0.000
887,0.887000,452797.151562,-1055405.037000,-602607.885438,7.425424e-03,-1084.201354,469.665288,730.337632,0.235,4.693,0.030,0.000,0.000,0.000
888,0.888000,452595.535507,-1055200.859641,-602605.324135,7.429643e-03,-1084.240893,469.790764,730.305738,0.183,9.143,0.020,0.000,0.000,0.000
889,0.889000,452395.262430,-1054997.145548,-602601.883118,7.435311e-03,-1084.212455,469.753487,730.260647,0.175,4.626,0.018,0.000,0.000,0.000
890,0.890000,452193.901138,-1054793.906491,-602600.005353,7.438404e-03,-1084.288876,469.624430,730.317509,0.174,7.701,0.017,0.000,0.000,0.000
891,0.891000,451992.872300,-1054591.146530,-602598.274230,7.441255e-03,-1084.354311,469.546761,730.445994,0.173,4.624,0.017,0.000,0.000,0.000
892,0.892000,451793.016141,-1054388.855486,-602595.839345,7.445266e-03,-1084.230894,469.456612,730.467367,0.171,12.255,0.018,0.000,0.000,0.000
893,0.893000,451593.581586,-1054187.039213,-602593.457628,7.449189e-03,-1084.087784,469.301834,730.449317,0.173,4.590,0.017,0.000,0.000,0.000
894,0.894000,451394.650858,-1053985.697158,-602591.046300,7.453161e-03,-1083.930989,469.269156,730.443559,0.213,10.726,0.020,0.000,0.000,0.000
895,0.895000,451195.332839,-1053784.819921,-602589.487082,7.455729e-03,-1083.809531,469.314051,730.432941,0.189,4.372,0.020,0.000,0.000,0.000
896,0.896000,450997.301914,-1053584.420271,-602587.118357,7.459631e-03,-1083.715411,469.199145,730.377152,0.196,10.673,0.023,0.000,0.000,0.000
897,0.897000,450801.007900,-1053384.484523,-602583.476623,7.465629e-03,-1083.869150,469.029637,730.459462,0.193,4.688,0.018,0.000,0.000,0.000
898,0.898000,450605.090008,-1053185.005645,-602579.915637,7.471494e-03,-1084.011282,468.863347,730.552567,0.182,10.741,0.018,0.000,0.000,0.000
899,0.899000,450408.830439,-1052985.994157,-602577.163718,7.476027e-03,-1083.987509,468.799798,730.388147,0.266,4.683,0.044,0.000,0.000,0.000
900,0.900000,450211.813331,-1052787.452270,-602575.638939,7.478539e-03,-1083.994500,468.801333,730.219216,0.205,10.682,0.022,0.000,0.000,0.000
901,0.901000,450014.462713,-1052589.384673,-602574.921961,7.479720e-03,-1083.947027,468.799991,730.156838,0.226,4.691,0.033,0.000,0.000,0.000
902,0.902000,449817.825225,-1052391.797818,-602573.972593,7.481283e-03,-1083.889135,468.696736,730.146924,0.183,13.750,0.018,0.000,0.000,0.000
903,0.903000,449622.478573,-1052194.677666,-602572.199093,7.484205e-03,-1083.860800,468.582962,730.020331,0.192,4.690,0.018,0.000,0.000,0.000
904,0.904000,449427.288006,-1051998.025600,-602570.737594,7.486612e-03,-1083.843144,468.545718,729.845955,0.187,4.653,0.018,0.000,0.000,0.000
905,0.905000,449232.106461,-1051801.845980,-602569.739519,7.488256e-03,-1084.026649,468.456584,729.944604,0.180,12.231,0.018,0.000,0.000,0.000
906,0.906000,449037.535298,-1051606.134537,-602568.599239,7.490134e-03,-1084.206964,468.391554,730.039666,0.179,4.613,0.017,0.000,0.000,0.000
907,0.907000,448843.384113,-1051410.892792,-602567.508679,7.491930e-03,-1084.141668,468.348994,729.939945,0.190,11.684,0.018,0.000,0.000,0.000
908,0.908000,448649.299100,-1051216.122517,-602566.823417,7.493059e-03,-1084.110374,468.319044,729.879095,0.187,4.673,0.018,0.000,0.000,0.000
909,0.909000,448456.140597,-1051021.827347,-602565.686750,7.494931e-03,-1084.218913,468.290997,729.913159,0.182,10.719,0.019,0.000,0.000,0.000
910,0.910000,448263.484151,-1050827.993921,-602564.509770,7.496870e-03,-1084.303057,468.180417,729.974730,0.209,4.692,0.018,0.000,0.000,0.000
911,0.911000,448071.841264,-1050634.633363,-602562.792099,7.499699e-03,-1084.305479,468.198571,729.933322,0.184,10.744,0.019,0.000,0.000,0.000
912,0.912000,447881.080999,-1050441.730882,-602560.649883,7.503228e-03,-1084.294831,468.213811,729.866944,0.232,4.683,0.022,0.000,0.000,0.000
913,0.913000,447690.670054,-1050249.294260,-602558.624206,7.506564e-03,-1084.288648,468.204919,729.821275,0.203,10.644,0.018,0.000,0.000,0.000
914,0.914000,447501.631044,-1050057.317120,-602555.686076,7.511404e-03,-1084.401988,468.220746,729.795762,0.196,4.697,0.089,0.000,0.000,0.000
915,0.915000,447313.334772,-1049865.779092,-602552.444319,7.516743e-03,-1084.535409,468.144415,729.848288,0.190,13.287,0.018,0.000,0.000,0.000
916,0.916000,447124.300928,-1049674.690902,-602550.389974,7.520127e-03,-1084.558905,468.097444,729.848857,0.187,4.679,0.017,0.000,0.000,0.000
917,0.917000,446934.661783,-1049484.069899,-602549.408117,7.521744e-03,-1084.500948,468.037836,729.751502,0.196,12.207,0.019,0.000,0.000,0.000
918,0.918000,446745.537512,-1049293.915078,-602548.377566,7.523442e-03,-1084.441983,467.989905,729.653663,0.176,4.598,0.019,0.000,0.000,0.000
919,0.919000,446557.425158,-1049104.226315,-602546.801157,7.526038e-03,-1084.355258,467.928354,729.488588,0.175,10.759,0.017,0.000,0.000,0.000
920,0.920000,446370.531231,-1048914.987866,-602544.456636,7.529900e-03,-1084.290214,467.933435,729.267401,0.175,6.114,0.018,0.000,0.000,0.000
921,0.921000,446183.829661,-1048726.204821,-602542.375160,7.533329e-03,-1084.235342,467.863296,729.188100,0.174,4.250,0.017,0.000,0.000,0.000
922,0.922000,445996.771990,-1048537.879929,-602541.107939,7.535416e-03,-1084.203481,467.782880,729.182636,0.180,6.205,0.019,0.000,0.000,0.000
923,0.923000,445810.316621,-1048350.021338,-602539.704717,7.537727e-03,-1084.225186,467.853439,729.122394,0.182,6.116,0.020,0.000,0.000,0.000
924,0.924000,445624.501712,-1048162.623243,-602538.121531,7.540335e-03,-1084.197548,467.859877,729.037857,0.258,6.186,0.027,0.000,0.000,0.000
925,0.925000,445439.677650,-1047975.687974,-602536.010324,7.543812e-03,-1084.133106,467.847987,728.852585,0.195,12.208,0.017,0.000,0.000,0.000
926,0.926000,445256.249664,-1047789.203122,-602532.953458,7.548847e-03,-1084.078882,467.884282,728.574054,0.176,9.154,0.017,0.000,0.000,0.000
927,0.927000,445072.016103,-1047603.166354,-602531.150251,7.551817e-03,-1084.040629,467.898683,728.429422,0.176,4.677,0.017,0.000,0.000,0.000
928,0.928000,444887.169315,-1047417.598895,-602530.429579,7.553004e-03,-1084.003548,467.870085,728.401484,0.173,9.231,0.017,0.000,0.000,0.000
929,0.929000,444704.190196,-1047232.494504,-602528.304308,7.556505e-03,-1084.016906,467.892312,728.262225,0.178,4.664,0.016,0.000,0.000,0.000
930,0.930000,444522.704215,-1047047.838194,-602525.133978,7.561727e-03,-1084.121208,467.975780,728.093764,0.187,10.723,0.018,0.000,0.000,0.000
931,0.931000,444341.692399,-1046863.628472,-602521.936073,7.566994e-03,-1084.288497,468.079910,728.033168,0.179,4.691,0.018,0.000,0.000,0.000
932,0.932000,444160.744282,-1046679.868168,-602519.123886,7.571626e-03,-1084.405796,468.236827,727.963400,0.173,10.723,0.017,0.000,0.000,0.000
933,0.933000,443979.830387,-1046496.560700,-602516.730312,7.575569e-03,-1084.428669,468.379559,727.773007,0.184,7.631,0.025,0.000,0.000,0.000
934,0.934000,443799.270036,-1046313.702913,-602514.432877,7.579353e-03,-1084.443548,468.476006,727.609073,0.207,6.172,0.019,0.000,0.000,0.000
935,0.935000,443620.095912,-1046131.300180,-602511.204267,7.584671e-03,-1084.529294,468.608237,727.539874,0.184,10.289,0.018,0.000,0.000,0.000
936,0.936000,443442.404229,-1045949.338399,-602506.934170,7.591705e-03,-1084.613179,468.662858,727.417280,0.209,4.681,0.023,0.000,0.000,0.000
937,0.937000,443264.065619,-1045767.821838,-602503.756219,7.596939e-03,-1084.615108,468.638764,727.245311,0.194,10.722,0.018,0.000,0.000,0.000
938,0.938000,443084.937829,-1045586.756670,-602501.818841,7.600130e-03,-1084.620460,468.686829,727.080310,0.192,4.617,0.019,0.000,0.000,0.000
939,0.939000,442906.380233,-1045406.145455,-602499.765222,7.603513e-03,-1084.635777,468.777697,726.890224,0.218,10.759,0.018,0.000,0.000,0.000
940,0.940000,442728.433915,-1045225.982562,-602497.548646,7.607164e-03,-1084.673616,468.856162,726.701772,0.208,4.613,0.021,0.000,0.000,0.000
941,0.941000,442551.303073,-1045046.272944,-602494.969870,7.611411e-03,-1084.665201,468.897947,726.519705,0.296,4.688,0.017,0.000,0.000,0.000
942,0.942000,442375.673067,-1044866.995849,-602491.322782,7.617419e-03,-1084.624036,468.897312,726.298333,0.180,12.194,0.019,0.000,0.000,0.000
943,0.943000,442201.802383,-1044688.140384,-602486.338000,7.625629e-03,-1084.653322,468.893540,726.149919,0.192,6.193,0.018,0.000,0.000,0.000
944,0.944000,442027.938680,-1044509.693447,-602481.754768,7.633178e-03,-1084.764679,468.965012,726.081051,0.182,12.263,0.019,0.000,0.000,0.000
945,0.945000,441853.401683,-1044331.684552,-602478.282869,7.638897e-03,-1084.923319,469.155511,726.007237,0.177,13.761,0.018,0.000,0.000,0.000
946,0.946000,441679.871762,-1044154.109905,-602474.238143,7.645559e-03,-1085.247556,469.650547,725.977994,0.191,4.686,0.021,0.000,0.000,0.000
947,0.947000,441506.974893,-1043976.931893,-602469.957000,7.652611e-03,-1085.695919,470.115952,726.017539,0.187,10.674,0.019,0.000,0.000,0.000
948,0.948000,441333.421892,-1043800.164901,-602466.743009,7.657905e-03,-1086.049348,470.273288,726.026541,0.174,4.611,0.017,0.000,0.000,0.000
949,0.949000,441160.092008,-1043623.834118,-602463.742110,7.662848e-03,-1086.371341,470.378936,725.997510,0.183,4.618,0.023,0.000,0.000,0.000
950,0.950000,440988.005187,-1043447.929719,-602459.924532,7.669136e-03,-1086.735626,470.515714,725.905795,0.170,4.613,0.017,0.000,0.000,0.000
951,0.951000,440816.933823,-1043272.442650,-602455.508828,7.676409e-03,-1087.013535,470.649122,725.742453,0.190,7.242,0.019,0.000,0.000,0.000
952,0.952000,440645.401946,-1043097.387676,-602451.985730,7.682212e-03,-1087.123535,470.669448,725.615496,0.207,6.132,0.018,0.000,0.000,0.000
953,0.953000,440475.593522,-1042922.784578,-602447.191056,7.690109e-03,-1087.106054,470.651388,725.449840,0.194,10.643,0.018,0.000,0.000,0.000
954,0.954000,440307.133187,-1042748.590019,-602441.456832,7.699554e-03,-1087.041599,470.630388,725.249352,0.183,4.675,0.017,0.000,0.000,0.000
955,0.955000,440137.268249,-1042574.833309,-602437.565060,7.705965e-03,-1087.118218,470.676182,725.114289,0.182,13.700,0.018,0.000,0.000,0.000
956,0.956000,439968.184619,-1042401.513554,-602433.328935,7.712942e-03,-1087.266563,470.732333,725.008506,0.179,4.612,0.017,0.000,0.000,0.000
957,0.957000,439800.455104,-1042228.630444,-602428.175341,7.721431e-03,-1087.440533,470.803057,724.737282,0.184,12.257,0.019,0.000,0.000,0.000
958,0.958000,439632.918610,-1042056.144816,-602423.226206,7.729583e-03,-1087.584024,470.789453,724.317080,0.174,13.662,0.019,0.000,0.000,0.000
959,0.959000,439466.369340,-1041884.087347,-602417.718007,7.738655e-03,-1087.579335,470.549184,723.851020,0.188,9.247,0.023,0.000,0.000,0.000
960,0.960000,439300.372497,-1041712.446094,-602412.073597,7.747952e-03,-1087.571765,470.353407,723.495691,0.176,4.694,0.018,0.000,0.000,0.000
961,0.961000,439134.447582,-1041541.243431,-602406.795848,7.756646e-03,-1087.593972,470.137304,723.213911,0.176,10.715,0.018,0.000,0.000,0.000
962,0.962000,438969.339306,-1041370.448861,-602401.109555,7.766012e-03,-1087.583408,469.874013,722.928841,0.172,4.688,0.018,0.000,0.000,0.000
963,0.963000,438802.999851,-1041200.084984,-602397.085133,7.772640e-03,-1087.530646,469.768400,722.699604,0.174,9.129,0.018,0.000,0.000,0.000
964,0.964000,438635.725187,-1041030.166339,-602394.441152,7.776995e-03,-1087.519311,469.671135,722.422061,0.172,10.699,0.017,0.000,0.000,0.000
965,0.965000,438469.938272,-1040860.688237,-602390.749965,7.783075e-03,-1087.567062,469.500001,722.131533,0.202,4.679,0.019,0.000,0.000,0.000
966,0.966000,438304.754174,-1040691.647881,-602386.893708,7.789427e-03,-1087.605044,469.385902,721.809269,0.171,10.767,0.018,0.000,0.000,0.000
967,0.967000,438139.906351,-1040523.040685,-602383.134333,7.795619e-03,-1087.671018,469.324968,721.444770,0.175,4.676,0.019,0.000,0.000,0.000
968,0.968000,437975.989843,-1040354.856525,-602378.866682,7.802649e-03,-1087.770722,469.294283,721.035482,0.212,12.235,0.019,0.000,0.000,0.000
969,0.969000,437812.616831,-1040187.097963,-602374.481132,7.809872e-03,-1087.986208,469.337511,720.605582,0.235,4.688,0.022,0.000,0.000,0.000
970,0.970000,437650.263923,-1040019.751336,-602369.487412,7.818097e-03,-1088.151777,469.334040,720.290846,0.281,10.682,0.022,0.000,0.000,0.000
971,0.971000,437488.439538,-1039852.836385,-602364.396847,7.826482e-03,-1088.204408,469.130785,719.931952,0.207,4.208,0.019,0.000,0.000,0.000
972,0.972000,437326.268813,-1039686.341373,-602360.072560,7.833605e-03,-1088.323282,468.995714,719.596720,0.234,4.618,0.022,0.000,0.000,0.000
973,0.973000,437164.836423,-1039520.280865,-602355.444442,7.841228e-03,-1088.454058,468.994761,719.455264,0.241,13.770,0.030,0.000,0.000,0.000
974,0.974000,437003.411553,-1039354.649152,-602351.237599,7.848157e-03,-1088.605381,469.015443,719.342323,0.249,13.771,0.023,0.000,0.000,0.000
975,0.975000,436841.277372,-1039189.458680,-602348.181308,7.853191e-03,-1088.784777,469.114741,719.243905,0.219,4.676,0.019,0.000,0.000,0.000
976,0.976000,436679.319042,-1039024.706210,-602345.387167,7.857794e-03,-1088.949975,469.203512,719.165626,0.223,10.733,0.021,0.000,0.000,0.000
977,0.977000,436517.417345,-1038860.398649,-602342.981304,7.861756e-03,-1089.143056,469.249845,718.902118,0.231,4.613,0.022,0.000,0.000,0.000
978,0.978000,436356.304689,-1038696.528546,-602340.223857,7.866298e-03,-1089.385318,469.326395,718.504289,0.205,6.182,0.019,0.000,0.000,0.000
979,0.979000,436196.241221,-1038533.094077,-602336.852856,7.871851e-03,-1089.594935,469.429662,718.111661,0.222,4.617,0.021,0.000,0.000,0.000
980,0.980000,436036.145682,-1038370.090042,-602333.944359,7.876642e-03,-1089.839282,469.467275,717.739054,0.230,9.202,0.021,0.000,0.000,0.000
981,0.981000,435876.495416,-1038207.528613,-602331.033197,7.881437e-03,-1089.961671,469.270388,717.314573,0.214,7.646,0.027,0.000,0.000,0.000
982,0.982000,435718.337230,-1038045.398739,-602327.061509,7.887978e-03,-1089.913298,468.931600,716.798436,0.200,4.679,0.018,0.000,0.000,0.000
983,0.983000,435560.934648,-1037883.690152,-602322.755504,7.895071e-03,-1089.892544,468.650945,716.223029,0.198,10.653,0.018,0.000,0.000,0.000
984,0.984000,435403.615071,-1037722.403659,-602318.788588,7.901605e-03,-1089.896001,468.392705,715.656469,0.194,4.412,0.019,0.000,0.000,0.000
985,0.985000,435246.891984,-1037561.546071,-602314.654087,7.908415e-03,-1089.869488,468.041514,715.220865,0.190,4.674,0.018,0.000,0.000,0.000
986,0.986000,435091.217794,-1037401.114660,-602309.896866,7.916251e-03,-1089.787519,467.676294,714.795903,0.191,12.166,0.017,0.000,0.000,0.000
987,0.987000,434935.788889,-1037241.102784,-602305.313895,7.923800e-03,-1089.744395,467.498826,714.393119,0.183,4.674,0.018,0.000,0.000,0.000
988,0.988000,434780.050594,-1037081.518138,-602301.467544,7.930135e-03,-1089.774549,467.552254,714.130983,0.188,13.739,0.024,0.000,0.000,0.000
989,0.989000,434624.392063,-1036922.370778,-602297.978715,7.935882e-03,-1089.807247,467.594376,713.836384,0.192,13.730,0.020,0.000,0.000,0.000
990,0.990000,434469.392110,-1036763.654400,-602294.262290,7.942003e-03,-1089.852017,467.627619,713.593218,0.217,4.668,0.021,0.000,0.000,0.000
991,0.991000,434315.580475,-1036605.373288,-602289.792813,7.949365e-03,-1089.841302,467.682979,713.403734,0.192,4.677,0.020,0.000,0.000,0.000
992,0.992000,434162.610282,-1036447.511435,-602284.901153,7.957422e-03,-1089.824168,467.549653,713.088737,0.200,12.238,0.022,0.000,0.000,0.000
993,0.993000,434008.790747,-1036290.068660,-602281.277913,7.963390e-03,-1089.895187,467.408824,712.839905,0.186,4.609,0.017,0.000,0.000,0.000
994,0.994000,433854.169394,-1036133.069240,-602278.899846,7.967307e-03,-1089.891804,467.197921,712.522579,0.222,10.646,0.020,0.000,0.000,0.000
995,0.995000,433698.856137,-1035976.509083,-602277.652946,7.969361e-03,-1089.841555,466.991932,712.258251,0.182,4.678,0.017,0.000,0.000,0.000
996,0.996000,433544.299529,-1035820.405991,-602276.106462,7.971908e-03,-1089.921030,467.073407,712.135329,0.201,10.741,0.017,0.000,0.000,0.000
997,0.997000,433391.624212,-1035664.740125,-602273.115913,7.976834e-03,-1090.047991,467.321888,711.996631,0.178,4.647,0.017,0.000,0.000,0.000
998,0.998000,433239.606476,-1035509.509591,-602269.903116,7.982126e-03,-1090.139245,467.580113,711.857294,0.185,10.742,0.021,0.000,0.000,0.000
999,0.999000,433088.019805,-1035354.713746,-602266.693941,7.987412e-03,-1090.253256,467.826225,711.694637,0.176,4.689,0.016,0.000,0.000,0.000
1000,1.000000,432937.132409,-1035200.350728,-602263.218319,7.993137e-03,-1090.316575,467.872861,711.385211,0.180,10.764,0.018,0.000,0.000,0.000
1001,1.001000,432787.530669,-1035046.415948,-602258.885278,8.000274e-03,-1090.382601,467.830066,711.121130,0.176,4.612,0.022,0.000,0.000,0.000
1002,1.002000,432638.982949,-1034892.901932,-602253.918983,8.008454e-03,-1090.456252,467.793536,710.863908,0.176,10.659,0.017,0.000,0.000,0.000
1003,1.003000,432491.528223,-1034739.803843,-602248.275620,8.017749e-03,-1090.436195,467.563117,710.361909,0.182,4.687,0.020,0.000,0.000,0.000
1004,1.004000,432344.764619,-1034587.116975,-602242.352356,8.027506e-03,-1090.360148,467.359692,709.998498,0.177,4.610,0.021,0.000,0.000,0.000
1005,1.005000,432196.847477,-1034434.852988,-602238.005510,8.034665e-03,-1090.328835,467.203545,709.717888,0.179,10.716,0.018,0.000,0.000,0.000
1006,1.006000,432048.379927,-1034283.018873,-602234.638947,8.040211e-03,-1090.353860,467.113281,709.412497,0.177,4.596,0.017,0.000,0.000,0.000
1007,1.007000,431901.076058,-1034131.610892,-602230.534834,8.046971e-03,-1090.607195,467.255260,709.134669,0.176,6.204,0.018,0.000,0.000,0.000
1008,1.008000,431754.588306,-1033980.582507,-602225.994201,8.054450e-03,-1090.883920,467.263120,708.760855,0.192,6.207,0.023,0.000,0.000,0.000
1009,1.009000,431609.581432,-1033829.974633,-602220.393201,8.063675e-03,-1091.095326,467.053760,708.445009,0.194,7.708,0.022,0.000,0.000,0.000
1010,1.010000,431463.935671,-1033679.781333,-602215.845662,8.071166e-03,-1091.341401,466.989738,708.272467,0.173,7.172,0.018,0.000,0.000,0.000
1011,1.011000,431317.463066,-1033530.023967,-602212.560901,8.076576e-03,-1091.640304,467.246686,708.143749,0.175,4.678,0.018,0.000,0.000,0.000
1012,1.012000,431172.756718,-1033380.659652,-602207.902933,8.084248e-03,-1091.938080,467.438819,707.963735,0.212,10.685,0.020,0.000,0.000,0.000
1013,1.013000,431028.421733,-1033231.708677,-602203.286944,8.091852e-03,-1092.007624,467.416705,707.786971,0.195,4.612,0.018,0.000,0.000,0.000
1014,1.014000,430884.193287,-1033083.173814,-602198.980526,8.098945e-03,-1092.093551,467.423562,707.598958,0.302,4.696,0.017,0.000,0.000,0.000
1015,1.015000,430740.293781,-1032935.048715,-602194.754934,8.105905e-03,-1092.253075,467.430648,707.370807,0.189,13.769,0.020,0.000,0.000,0.000
1016,1.016000,430597.134691,-1032787.343630,-602190.208939,8.113393e-03,-1092.293972,467.418990,707.055131,0.183,9.139,0.018,0.000,0.000,0.000
1017,1.017000,430454.386756,-1032640.048754,-602185.661998,8.120882e-03,-1092.419802,467.431466,706.810383,0.216,4.681,0.020,0.000,0.000,0.000
1018,1.018000,430310.996864,-1032493.172954,-602182.176090,8.126624e-03,-1092.603955,467.456356,706.695732,0.193,4.662,0.018,0.000,0.000,0.000
1019,1.019000,430168.396091,-1032346.723350,-602178.327259,8.132963e-03,-1092.612080,467.483960,706.485227,0.202,12.259,0.021,0.000,0.000,0.000
1020,1.020000,430026.133813,-1032200.673157,-602174.539344,8.139203e-03,-1092.606438,467.412852,706.228302,0.182,4.610,0.018,0.000,0.000,0.000
1021,1.021000,429883.376150,-1032055.047468,-602171.671318,8.143927e-03,-1092.697328,467.313211,706.044288,0.178,4.696,0.017,0.000,0.000,0.000
1022,1.022000,429741.567955,-1031909.849645,-602168.281690,8.149510e-03,-1092.750243,467.061898,705.772036,0.183,10.741,0.017,0.000,0.000,0.000
1023,1.023000,429600.992673,-1031765.068719,-602164.076046,8.156437e-03,-1092.673984,466.713278,705.454755,0.177,4.644,0.018,0.000,0.000,0.000
1024,1.024000,429460.636235,-1031620.702336,-602160.066101,8.163042e-03,-1092.601693,466.609725,705.286929,0.190,10.651,0.019,0.000,0.000,0.000
1025,1.025000,429321.147477,-1031476.752547,-602155.605071,8.170390e-03,-1092.828692,466.615641,705.260513,0.187,4.591,0.018,0.000,0.000,0.000
1026,1.026000,429182.085808,-1031333.185252,-602151.099444,8.177811e-03,-1093.161637,466.625175,705.228903,0.197,10.721,0.021,0.000,0.000,0.000
1027,1.027000,429042.605087,-1031190.036506,-602147.431419,8.183853e-03,-1093.337920,466.604704,705.075561,0.175,4.606,0.018,0.000,0.000,0.000
1028,1.028000,428903.543119,-1031047.304093,-602143.760974,8.189899e-03,-1093.535889,466.598355,704.940332,0.173,10.648,0.019,0.000,0.000,0.000
1029,1.029000,428764.455555,-1030904.977786,-602140.522231,8.195233e-03,-1093.677019,466.573480,704.824632,0.170,4.588,0.017,0.000,0.000,0.000
1030,1.030000,428625.359589,-1030763.074049,-602137.714460,8.199858e-03,-1093.800589,466.559613,704.751940,0.221,9.237,0.023,0.000,0.000,0.000
1031,1.031000,428486.297085,-1030621.592543,-602135.295457,8.203842e-03,-1093.953628,466.540087,704.704170,0.190,4.598,0.017,0.000,0.000,0.000
1032,1.032000,428348.478002,-1030480.541451,-602132.063449,8.209166e-03,-1094.086828,466.519674,704.609637,0.184,10.736,0.018,0.000,0.000,0.000
1033,1.033000,428212.029420,-1030339.883374,-602127.853954,8.216100e-03,-1094.093593,466.477343,704.529539,0.179,4.610,0.016,0.000,0.000,0.000
1034,1.034000,428075.845219,-1030199.636773,-602123.791554,8.222791e-03,-1094.187026,466.563899,704.477998,0.179,10.734,0.018,0.000,0.000,0.000
1035,1.035000,427939.674032,-1030059.772361,-602120.098329,8.228874e-03,-1094.422921,466.825674,704.431629,0.193,8.709,0.017,0.000,0.000,0.000
1036,1.036000,427803.096710,-1029920.308134,-602117.211424,8.233629e-03,-1094.546433,466.913764,704.377491,0.195,4.611,0.021,0.000,0.000,0.000
1037,1.037000,427666.504518,-1029781.262642,-602114.758125,8.237670e-03,-1094.634696,466.870978,704.311454,0.181,10.734,0.024,0.000,0.000,0.000
1038,1.038000,427530.078527,-1029642.640086,-602112.561559,8.241288e-03,-1094.705230,466.820438,704.257966,0.195,4.674,0.020,0.000,0.000,0.000
1039,1.039000,427394.507177,-1029504.441585,-602109.934408,8.245615e-03,-1094.862944,466.724053,704.312888,0.172,4.663,0.016,0.000,0.000,0.000
1040,1.040000,427260.090625,-1029366.651229,-602106.560604,8.251173e-03,-1095.205497,466.689704,704.501626,0.188,10.738,0.020,0.000,0.000,0.000
1041,1.041000,427126.638342,-1029229.255043,-602102.616702,8.257669e-03,-1095.683858,466.785704,704.662686,0.181,4.690,0.017,0.000,0.000,0.000
1042,1.042000,426994.125090,-1029092.241471,-602098.116381,8.265081e-03,-1096.088918,466.802183,704.796675,0.174,10.656,0.017,0.000,0.000,0.000
1043,1.043000,426862.202588,-1028955.623039,-602093.420452,8.272816e-03,-1096.140187,466.337495,704.954954,0.207,4.662,0.029,0.000,0.000,0.000
1044,1.044000,426730.820928,-1028819.388182,-602088.567254,8.280810e-03,-1095.902622,465.666920,705.102485,0.169,13.670,0.017,0.000,0.000,0.000
1045,1.045000,426599.388911,-1028683.541182,-602084.152271,8.288082e-03,-1095.709663,465.169210,705.296159,0.171,9.244,0.017,0.000,0.000,0.000
1046,1.046000,426466.579656,-1028548.083484,-602081.503828,8.292444e-03,-1095.651533,464.923318,705.377824,0.176,4.598,0.017,0.000,0.000,0.000
1047,1.047000,426334.222941,-1028413.046768,-602078.823827,8.296859e-03,-1095.835532,464.935966,705.375979,0.173,4.660,0.017,0.000,0.000,0.000
1048,1.048000,426203.170620,-1028278.399592,-602075.228973,8.302780e-03,-1096.093261,465.031147,705.302733,0.187,12.230,0.019,0.000,0.000,0.000
1049,1.049000,426070.940921,-1028144.143434,-602073.202514,8.306118e-03,-1096.155651,465.088084,705.180929,0.175,4.598,0.017,0.000,0.000,0.000
1050,1.050000,425938.588073,-1028010.312238,-602071.724165,8.308553e-03,-1096.185640,465.116578,705.133470,0.175,10.708,0.017,0.000,0.000,0.000
1051,1.051000,425807.158862,-1027876.895231,-602069.736369,8.311827e-03,-1096.199798,465.138446,705.023537,0.215,4.603,0.022,0.000,0.000,0.000
1052,1.052000,425676.899184,-1027743.894437,-602066.995253,8.316342e-03,-1096.059936,464.786522,705.027458,0.187,4.684,0.018,0.000,0.000,0.000
1053,1.053000,425547.241057,-1027611.287339,-602064.046282,8.321199e-03,-1096.000162,464.376907,705.105096,0.196,4.597,0.019,0.000,0.000,0.000
1054,1.054000,425417.458161,-1027479.085876,-602061.627715,8.325183e-03,-1096.103656,464.369879,705.056320,0.182,7.699,0.018,0.000,0.000,0.000
1055,1.055000,425288.220756,-1027347.291847,-602059.071092,8.329394e-03,-1096.240953,464.472050,705.039281,0.184,4.690,0.017,0.000,0.000,0.000
1056,1.056000,425159.356528,-1027215.900819,-602056.544291,8.333556e-03,-1096.446130,464.556636,705.003045,0.182,9.146,0.017,0.000,0.000,0.000
1057,1.057000,425031.255577,-1027084.912891,-602053.657314,8.338311e-03,-1096.612164,464.521769,704.959890,0.217,4.692,0.021,0.000,0.000,0.000
1058,1.058000,424903.659603,-1026954.319609,-602050.660005,8.343248e-03,-1096.742492,464.392809,705.021617,0.203,10.731,0.021,0.000,0.000,0.000
1059,1.059000,424775.487096,-1026824.124751,-602048.637655,8.346579e-03,-1096.837375,464.357121,705.009701,0.203,3.705,0.021,0.000,0.000,0.000
1060,1.060000,424648.098252,-1026694.336890,-602046.238638,8.350531e-03,-1096.903700,464.243059,704.969521,0.180,10.724,0.019,0.000,0.000,0.000
1061,1.061000,424521.541202,-1026564.941756,-602043.400555,8.355205e-03,-1096.971740,464.082283,705.040518,0.185,4.227,0.020,0.000,0.000,0.000
1062,1.062000,424394.821309,-1026435.941904,-602041.120594,8.358961e-03,-1097.008964,464.072991,705.057846,0.180,4.690,0.019,0.000,0.000,0.000
1063,1.063000,424268.443320,-1026307.343718,-602038.900398,8.362618e-03,-1097.166617,464.102805,705.003094,0.178,10.664,0.019,0.000,0.000,0.000
1064,1.064000,424142.346383,-1026179.142343,-602036.795959,8.366084e-03,-1097.322996,464.087299,704.990529,0.178,4.612,0.017,0.000,0.000,0.000
1065,1.065000,424017.404096,-1026051.343019,-602033.938923,8.370790e-03,-1097.373545,464.143515,705.022360,0.174,4.611,0.017,0.000,0.000,0.000
1066,1.066000,423893.011249,-1025923.929641,-602030.918391,8.375765e-03,-1097.442690,464.224260,705.046378,0.175,10.691,0.017,0.000,0.000,0.000
1067,1.067000,423768.616206,-1025796.910191,-602028.293985,8.380088e-03,-1097.449972,464.204016,705.055051,0.178,4.688,0.017,0.000,0.000,0.000
1068,1.068000,423645.248559,-1025670.287955,-602025.039396,8.385449e-03,-1097.583057,464.416480,705.060376,0.177,10.718,0.018,0.000,0.000,0.000
1069,1.069000,423523.735639,-1025544.036848,-602020.301209,8.393253e-03,-1097.838531,464.637333,705.068927,0.174,4.597,0.018,0.000,0.000,0.000
1070,1.070000,423402.588293,-1025418.173657,-602015.585365,8.401021e-03,-1097.986723,464.594665,705.233011,0.237,10.676,0.019,0.000,0.000,0.000
1071,1.071000,423280.279195,-1025292.699908,-602012.420713,8.406233e-03,-1098.109049,464.505276,705.344273,0.197,4.681,0.017,0.000,0.000,0.000
1072,1.072000,423160.156228,-1025167.619051,-602007.462822,8.414400e-03,-1098.454678,464.679556,705.404152,0.196,4.676,0.017,0.000,0.000,0.000
1073,1.073000,423041.021890,-1025042.884816,-602001.862926,8.423623e-03,-1099.030088,465.263535,705.561262,0.189,13.690,0.019,0.000,0.000,0.000
1074,1.074000,422919.608455,-1024918.513193,-601998.904737,8.428496e-03,-1099.409620,465.552582,705.678583,0.181,13.557,0.022,0.000,0.000,0.000
1075,1.075000,422798.285218,-1024794.538969,-601996.253751,8.432862e-03,-1099.580398,465.572047,705.707578,0.192,4.676,0.022,0.000,0.000,0.000
1076,1.076000,422678.656663,-1024670.956290,-601992.299627,8.439375e-03,-1099.837430,465.579948,705.642925,0.190,10.723,0.021,0.000,0.000,0.000
1077,1.077000,422559.281951,-1024547.738679,-601988.456727,8.445705e-03,-1100.120555,465.348865,705.537834,0.180,4.590,0.018,0.000,0.000,0.000
1078,1.078000,422439.118169,-1024424.893552,-601985.775383,8.450122e-03,-1100.271545,465.134882,705.403472,0.183,4.606,0.018,0.000,0.000,0.000
1079,1.079000,422319.532556,-1024302.441619,-601982.909063,8.454843e-03,-1100.634602,465.510962,705.429347,0.183,5.739,0.020,0.000,0.000,0.000
1080,1.080000,422201.039752,-1024180.346787,-601979.307034,8.460776e-03,-1101.308043,466.344588,705.588756,0.173,7.696,0.018,0.000,0.000,0.000
1081,1.081000,422081.619094,-1024058.606306,-601976.987212,8.464597e-03,-1101.669359,466.764220,705.597406,0.175,6.106,0.019,0.000,0.000,0.000
1082,1.082000,421962.286795,-1023937.268550,-601974.981755,8.467900e-03,-1101.706036,466.777035,705.504171,0.181,12.163,0.018,0.000,0.000,0.000
1083,1.083000,421843.838312,-1023816.319487,-601972.481175,8.472019e-03,-1101.796702,466.784198,705.428418,0.174,4.609,0.018,0.000,0.000,0.000
1084,1.084000,421725.491415,-1023695.766178,-601970.274762,8.475653e-03,-1101.941604,466.807587,705.381013,0.220,13.750,0.019,0.000,0.000,0.000
1085,1.085000,421609.444430,-1023575.607945,-601966.163514,8.482425e-03,-1102.713658,466.673993,705.903108,0.242,5.793,0.023,0.000,0.000,0.000
1086,1.086000,421495.913650,-1023455.775918,-601959.862268,8.492804e-03,-1104.219800,466.242427,706.926142,0.257,10.763,0.023,0.000,0.000,0.000
1087,1.087000,421382.072522,-1023336.252396,-601954.179874,8.502164e-03,-1105.134919,465.719665,707.332388,0.210,13.749,0.020,0.000,0.000,0.000
1088,1.088000,421267.390319,-1023217.091677,-601949.701358,8.509540e-03,-1105.536850,465.289313,707.410292,0.205,13.751,0.020,0.000,0.000,0.000
1089,1.089000,421152.028365,-1023098.285776,-601946.257411,8.515213e-03,-1105.858418,464.967379,707.501728,0.232,4.659,0.021,0.000,0.000,0.000
1090,1.090000,421036.825067,-1022979.862275,-601943.037208,8.520517e-03,-1106.032299,464.686472,707.381735,0.237,10.661,0.024,0.000,0.000,0.000
1091,1.091000,420922.363581,-1022861.805465,-601939.441884,8.526439e-03,-1106.374531,464.423419,707.405119,0.223,4.617,0.019,0.000,0.000,0.000
1092,1.092000,420808.861114,-1022744.117407,-601935.256293,8.533333e-03,-1107.288890,464.185090,707.960871,0.205,4.615,0.017,0.000,0.000,0.000
1093,1.093000,420696.113816,-1022626.760496,-601930.646679,8.540926e-03,-1108.134418,464.003801,708.411234,0.200,4.616,0.018,0.000,0.000,0.000
1094,1.094000,420584.036641,-1022509.773342,-601925.736702,8.549013e-03,-1109.084048,463.778951,708.872184,0.194,8.729,0.017,0.000,0.000,0.000
1095,1.095000,420473.250201,-1022393.098723,-601919.848522,8.558712e-03,-1110.751898,463.417810,709.866545,0.223,7.691,0.024,0.000,0.000,0.000
1096,1.096000,420364.897220,-1022276.729817,-601911.832597,8.571915e-03,-1112.390196,462.773868,710.684172,0.246,13.766,0.026,0.000,0.000,0.000
1097,1.097000,420257.307085,-1022160.618104,-601903.311019,8.585951e-03,-1113.315197,462.093777,710.929661,0.217,4.676,0.023,0.000,0.000,0.000
1098,1.098000,420147.779898,-1022044.852355,-601897.072457,8.596227e-03,-1113.582921,461.831738,710.871810,0.193,4.673,0.019,0.000,0.000,0.000
1099,1.099000,420038.578180,-1021929.451113,-601890.872933,8.606439e-03,-1113.927926,461.568614,710.870477,0.200,4.612,0.024,0.000,0.000,0.000
1100,1.100000,419929.085905,-1021814.394200,-601885.308295,8.615604e-03,-1114.289017,461.336065,710.854627,0.186,7.711,0.018,0.000,0.000,0.000
1101,1.101000,419818.032413,-1021699.706703,-601881.674290,8.621590e-03,-1114.503709,461.356892,710.788007,0.183,4.638,0.017,0.000,0.000,0.000
1102,1.102000,419708.198349,-1021585.397922,-601877.199573,8.628960e-03,-1114.492158,461.364590,710.582104,0.194,7.661,0.019,0.000,0.000,0.000
1103,1.103000,419598.591013,-1021471.442722,-601872.851709,8.636122e-03,-1114.458555,461.371534,710.381938,0.181,4.597,0.018,0.000,0.000,0.000
1104,1.104000,419488.642927,-1021357.867883,-601869.224956,8.642096e-03,-1114.726203,461.511105,710.180933,0.180,9.216,0.017,0.000,0.000,0.000
1105,1.105000,419379.024322,-1021244.635669,-601865.611346,8.648048e-03,-1115.053857,461.626736,709.903789,0.179,10.644,0.017,0.000,0.000,0.000
1106,1.106000,419269.235137,-1021131.779468,-601862.544331,8.653099e-03,-1115.211761,461.224990,709.760469,0.180,6.131,0.018,0.000,0.000,0.000
1107,1.107000,419160.622618,-1021019.270067,-601858.647449,8.659518e-03,-1115.468714,460.806208,709.704187,0.179,6.178,0.017,0.000,0.000,0.000
1108,1.108000,419054.000462,-1020907.126279,-601853.125817,8.668613e-03,-1115.853664,460.151462,709.506609,0.229,9.208,0.026,0.000,0.000,0.000
1109,1.109000,418948.330390,-1020795.305316,-601846.974926,8.678744e-03,-1116.057860,459.373275,709.263068,0.254,7.665,0.027,0.000,0.000,0.000
1110,1.110000,418842.136012,-1020683.823551,-601841.687539,8.687453e-03,-1116.182781,459.095295,708.978143,0.228,6.188,0.021,0.000,0.000,0.000
1111,1.111000,418736.046909,-1020572.692123,-601836.645214,8.695759e-03,-1116.758497,458.812348,709.158177,0.207,12.170,0.019,0.000,0.000,0.000
1112,1.112000,418630.591977,-1020461.903331,-601831.311354,8.704544e-03,-1117.652451,458.246238,709.663569,0.204,4.609,0.019,0.000,0.000,0.000
1113,1.113000,418525.265557,-1020351.437702,-601826.172145,8.713009e-03,-1118.235651,457.176209,709.625887,0.198,10.659,0.019,0.000,0.000,0.000
1114,1.114000,418421.009977,-1020241.300714,-601820.290737,8.722697e-03,-1119.928113,456.083645,709.968448,0.196,4.595,0.018,0.000,0.000,0.000
1115,1.115000,418316.778055,-1020131.440183,-601814.662128,8.731968e-03,-1121.457169,455.609650,710.334324,0.196,4.676,0.019,0.000,0.000,0.000
1116,1.116000,418211.617556,-1020021.941088,-601810.323531,8.739114e-03,-1121.524545,455.517789,709.949964,0.187,13.729,0.019,0.000,0.000,0.000
1117,1.117000,418106.636573,-1019912.797992,-601806.161419,8.745970e-03,-1121.553854,455.458156,709.548650,0.192,13.669,0.018,0.000,0.000,0.000
1118,1.118000,418001.111406,-1019804.013956,-601802.902550,8.751337e-03,-1121.530541,455.494335,709.337055,0.191,4.676,0.018,0.000,0.000,0.000
1119,1.119000,417895.816432,-1019695.605129,-601799.788697,8.756466e-03,-1121.518678,455.488651,709.141403,0.200,12.306,0.020,0.000,0.000,0.000
1120,1.120000,417792.130828,-1019587.557925,-601795.427097,8.763650e-03,-1121.652443,455.414134,708.945226,0.204,4.623,0.022,0.000,0.000,0.000
1121,1.121000,417689.254702,-1019479.863668,-601790.608966,8.771586e-03,-1121.871924,455.334137,708.647333,0.179,4.613,0.018,0.000,0.000,0.000
1122,1.122000,417586.995160,-1019372.516347,-601785.521187,8.779967e-03,-1121.984234,455.273267,708.195320,0.255,4.627,0.019,0.000,0.000,0.000
1123,1.123000,417486.454222,-1019265.506058,-601779.051836,8.790623e-03,-1122.119798,455.296074,707.831031,0.184,9.220,0.020,0.000,0.000,0.000
1124,1.124000,417386.022115,-1019158.820695,-601772.798580,8.800923e-03,-1122.169619,455.313932,707.492822,0.178,6.113,0.021,0.000,0.000,0.000
1125,1.125000,417284.276898,-1019052.467036,-601768.190138,8.808513e-03,-1122.210483,455.297096,707.175998,0.178,6.186,0.018,0.000,0.000,0.000
1126,1.126000,417182.567459,-1018946.462520,-601763.895061,8.815588e-03,-1122.312667,455.286180,706.994350,0.177,4.591,0.017,0.000,0.000,0.000
1127,1.127000,417081.145438,-1018840.817273,-601759.671836,8.822544e-03,-1122.484079,455.242590,706.923067,0.176,9.129,0.017,0.000,0.000,0.000
1128,1.128000,416980.207469,-1018735.521096,-601755.313627,8.829723e-03,-1122.593933,455.089780,706.691154,0.181,4.664,0.017,0.000,0.000,0.000
1129,1.129000,416879.290306,-1018630.549303,-601751.258997,8.836401e-03,-1122.571775,454.967323,706.326647,0.176,10.649,0.019,0.000,0.000,0.000
1130,1.130000,416778.986415,-1018525.932621,-601746.946206,8.843505e-03,-1122.654432,455.053881,706.137400,0.182,4.608,0.021,0.000,0.000,0.000
1131,1.131000,416679.750282,-1018421.646640,-601741.896358,8.851823e-03,-1122.906894,455.160523,706.060935,0.212,10.716,0.018,0.000,0.000,0.000
1132,1.132000,416580.092098,-1018317.690941,-601737.598843,8.858901e-03,-1123.075030,455.142817,705.899630,0.191,4.604,0.017,0.000,0.000,0.000
1133,1.133000,416480.669086,-1018214.086734,-601733.417648,8.865788e-03,-1123.129920,454.968199,705.828194,0.184,9.217,0.017,0.000,0.000,0.000
1134,1.134000,416381.109949,-1018110.819649,-601729.709700,8.871896e-03,-1123.274037,454.732289,705.969589,0.181,4.603,0.017,0.000,0.000,0.000
1135,1.135000,416280.674176,-1018007.898213,-601727.224037,8.875990e-03,-1123.376428,454.647493,706.061605,0.180,10.653,0.017,0.000,0.000,0.000
1136,1.136000,416180.733675,-1017905.343476,-601724.609801,8.880296e-03,-1123.564205,454.632875,706.134806,0.220,4.635,0.022,0.000,0.000,0.000
1137,1.137000,416082.104958,-1017803.144062,-601721.039104,8.886177e-03,-1123.848417,454.571294,706.256180,0.204,10.775,0.020,0.000,0.000,0.000
1138,1.138000,415983.394664,-1017701.296683,-601717.902020,8.891344e-03,-1124.030672,454.516694,706.282696,0.193,7.649,0.018,0.000,0.000,0.000
1139,1.139000,415884.424145,-1017599.809149,-601715.385004,8.895490e-03,-1124.099685,454.500987,706.191157,0.189,4.591,0.018,0.000,0.000,0.000
1140,1.140000,415786.944045,-1017498.677374,-601711.733329,8.901505e-03,-1124.225305,454.218556,706.062833,0.191,10.655,0.021,0.000,0.000,0.000
1141,1.141000,415690.034477,-1017397.885354,-601707.850877,8.907900e-03,-1124.347303,453.933124,705.998943,0.211,4.611,0.029,0.000,0.000,0.000
1142,1.142000,415592.780362,-1017297.450790,-601704.670429,8.913139e-03,-1124.381613,453.911432,705.969344,0.183,4.680,0.018,0.000,0.000,0.000
1143,1.143000,415495.676442,-1017197.372395,-601701.695953,8.918038e-03,-1124.548998,453.891218,706.024673,0.179,10.687,0.018,0.000,0.000,0.000
1144,1.144000,415398.557834,-1017097.645330,-601699.087496,8.922334e-03,-1124.720331,453.904933,706.071695,0.177,4.610,0.017,0.000,0.000,0.000
1145,1.145000,415302.450455,-1016998.276809,-601695.826355,8.927706e-03,-1124.766403,453.939303,706.062997,0.187,10.739,0.021,0.000,0.000,0.000
1146,1.146000,415207.313294,-1016899.252369,-601691.939075,8.934109e-03,-1124.965075,453.859727,705.919090,0.181,4.690,0.018,0.000,0.000,0.000
1147,1.147000,415111.749260,-1016800.567557,-601688.818297,8.939249e-03,-1125.171788,453.779940,705.723909,0.175,10.727,0.018,0.000,0.000,0.000
1148,1.148000,415016.340783,-1016702.238904,-601685.898121,8.944059e-03,-1125.231785,453.886634,705.655729,0.175,4.662,0.018,0.000,0.000,0.000
1149,1.149000,414921.582038,-1016604.254500,-601682.672462,8.949372e-03,-1125.328523,453.994517,705.681958,0.237,13.697,0.022,0.000,0.000,0.000
1150,1.150000,414826.514342,-1016506.604948,-601680.090606,8.953625e-03,-1125.426900,453.912874,705.717190,0.201,4.684,0.018,0.000,0.000,0.000
1151,1.151000,414731.801812,-1016409.310379,-601677.508566,8.957878e-03,-1125.521921,453.749354,705.653100,0.198,12.248,0.018,0.000,0.000,0.000
1152,1.152000,414639.092564,-1016312.361875,-601673.269311,8.964860e-03,-1125.604647,453.658966,705.508674,0.182,4.681,0.019,0.000,0.000,0.000
1153,1.153000,414547.352642,-1016215.731414,-601668.378772,8.972916e-03,-1125.684090,453.670544,705.260833,0.182,10.721,0.018,0.000,0.000,0.000
1154,1.154000,414454.773194,-1016119.426746,-601664.653552,8.979052e-03,-1125.767154,453.663353,705.113461,0.179,6.178,0.018,0.000,0.000,0.000
1155,1.155000,414363.006343,-1016023.462019,-601660.455676,8.985966e-03,-1125.820696,453.614956,704.963824,0.175,4.662,0.018,0.000,0.000,0.000
1156,1.156000,414271.811705,-1015927.823802,-601656.012097,8.993285e-03,-1125.850867,453.570914,704.732393,0.172,6.130,0.018,0.000,0.000,0.000
1157,1.157000,414180.193853,-1015832.512871,-601652.319018,8.999368e-03,-1125.826237,453.493231,704.615878,0.178,6.129,0.018,0.000,0.000,0.000
1158,1.158000,414089.785721,-1015737.529870,-601647.744149,9.006904e-03,-1126.021603,453.411677,704.690844,0.186,6.191,0.017,0.000,0.000,0.000
1159,1.159000,413999.207495,-1015642.871388,-601643.663893,9.013624e-03,-1126.246640,453.402456,704.765256,0.174,11.832,0.018,0.000,0.000,0.000
1160,1.160000,413907.822829,-1015548.560707,-601640.737878,9.018444e-03,-1126.237974,453.504210,704.705610,0.184,9.162,0.020,0.000,0.000,0.000
1161,1.161000,413817.212750,-1015454.593879,-601637.381129,9.023973e-03,-1126.187962,453.784527,704.764157,0.188,4.615,0.021,0.000,0.000,0.000
1162,1.162000,413727.203533,-1015360.957642,-601633.754109,9.029947e-03,-1126.182770,454.234611,704.857709,0.175,9.214,0.022,0.000,0.000,0.000
1163,1.163000,413638.761130,-1015267.628695,-601628.867565,9.037996e-03,-1126.534859,454.299352,704.956010,0.173,4.670,0.017,0.000,0.000,0.000
1164,1.164000,413550.617481,-1015174.590482,-601623.973001,9.046058e-03,-1126.893596,454.062524,705.023757,0.171,10.726,0.018,0.000,0.000,0.000
1165,1.165000,413461.118523,-1015081.882315,-601620.763792,9.051344e-03,-1126.998142,454.031339,704.921735,0.172,4.610,0.018,0.000,0.000,0.000
1166,1.166000,413372.115501,-1014989.515317,-601617.399816,9.056885e-03,-1127.019561,454.144763,704.765888,0.176,10.660,0.017,0.000,0.000,0.000
1167,1.167000,413284.400859,-1014897.476418,-601613.075559,9.064007e-03,-1126.926174,454.213794,704.536530,0.185,9.217,0.019,0.000,0.000,0.000
1168,1.168000,413197.807153,-1014805.749470,-601607.942317,9.072463e-03,-1127.001219,453.893646,704.311460,0.200,4.692,0.021,0.000,0.000,0.000
1169,1.169000,413110.869705,-1014714.320026,-601603.450321,9.079861e-03,-1127.148297,453.584558,704.273871,0.171,10.673,0.018,0.000,0.000,0.000
1170,1.170000,413023.104967,-1014623.215301,-601600.110334,9.085363e-03,-1127.239795,453.663621,704.377420,0.254,4.682,0.032,0.000,0.000,0.000
1171,1.171000,412936.351822,-1014532.444118,-601596.092296,9.091981e-03,-1127.303238,453.720370,704.520728,0.196,12.175,0.018,0.000,0.000,0.000
1172,1.172000,412850.152159,-1014441.976151,-601591.823992,9.099012e-03,-1127.322484,453.790162,704.631044,0.181,4.683,0.018,0.000,0.000,0.000
1173,1.173000,412763.572356,-1014351.835743,-601588.263387,9.104876e-03,-1127.392934,454.117007,704.706569,0.196,11.778,0.023,0.000,0.000,0.000
1174,1.174000,412677.934770,-1014261.994860,-601584.060089,9.111800e-03,-1127.433013,454.512381,704.693037,0.185,4.694,0.018,0.000,0.000,0.000
1175,1.175000,412592.333966,-1014172.463161,-601580.129195,9.118274e-03,-1127.481851,454.762907,704.575505,0.229,12.212,0.024,0.000,0.000,0.000
1176,1.176000,412506.370076,-1014083.255854,-601576.885778,9.123617e-03,-1127.527762,454.969547,704.512302,0.203,4.678,0.019,0.000,0.000,0.000
1177,1.177000,412421.267480,-1013994.373449,-601573.105969,9.129843e-03,-1127.572970,455.153516,704.383612,0.192,12.229,0.018,0.000,0.000,0.000
1178,1.178000,412336.451643,-1013905.808099,-601569.356456,9.136019e-03,-1127.714867,455.276334,704.144294,0.191,4.675,0.018,0.000,0.000,0.000
1179,1.179000,412251.929699,-1013817.566291,-601565.636592,9.142146e-03,-1127.823797,455.441208,703.892383,0.181,13.735,0.019,0.000,0.000,0.000
1180,1.180000,412167.765426,-1013729.639301,-601561.873875,9.148343e-03,-1127.870141,455.607604,703.608916,0.190,4.605,0.020,0.000,0.000,0.000
1181,1.181000,412084.069292,-1013642.030028,-601557.960736,9.154789e-03,-1127.968912,455.733499,703.382278,0.179,10.241,0.019,0.000,0.000,0.000
1182,1.182000,412000.519239,-1013554.736476,-601554.217237,9.160955e-03,-1128.251976,455.989927,703.121206,0.178,4.590,0.020,0.000,0.000,0.000
1183,1.183000,411916.969722,-1013467.715581,-601550.745859,9.166673e-03,-1128.544234,456.264363,702.817783,0.178,6.109,0.018,0.000,0.000,0.000
1184,1.184000,411833.972194,-1013381.018406,-601547.046212,9.172766e-03,-1128.660332,456.469866,702.583494,0.175,4.601,0.018,0.000,0.000,0.000
1185,1.185000,411751.122688,-1013294.640682,-601543.517993,9.178578e-03,-1128.745503,456.641255,702.331295,0.176,8.702,0.017,0.000,0.000,0.000
1186,1.186000,411668.681015,-1013208.576633,-601539.895617,9.184544e-03,-1128.834508,456.743510,701.996396,0.174,6.143,0.017,0.000,0.000,0.000
1187,1.187000,411587.391476,-1013122.820126,-601535.428650,9.191902e-03,-1129.012478,456.965759,701.766141,0.174,4.589,0.018,0.000,0.000,0.000
1188,1.188000,411506.197491,-1013037.324068,-601531.126577,9.198988e-03,-1129.258084,457.152621,701.604465,0.215,4.672,0.021,0.000,0.000,0.000
1189,1.189000,411424.998215,-1012952.133021,-601527.134806,9.205563e-03,-1129.411589,457.306125,701.445156,0.194,10.722,0.023,0.000,0.000,0.000
1190,1.190000,411344.024588,-1012867.245143,-601523.220555,9.212010e-03,-1129.455865,457.568548,701.441150,0.183,4.675,0.017,0.000,0.000,0.000
1191,1.191000,411263.375714,-1012782.669956,-601519.294242,9.218478e-03,-1129.494520,457.864135,701.427826,0.185,10.722,0.018,0.000,0.000,0.000
1192,1.192000,411183.322999,-1012698.402349,-601515.079350,9.225420e-03,-1129.544748,458.220500,701.402148,0.183,4.302,0.017,0.000,0.000,0.000
1193,1.193000,411103.603071,-1012614.453030,-601510.849959,9.232386e-03,-1129.680169,458.535151,701.272693,0.190,10.688,0.020,0.000,0.000,0.000
1194,1.194000,411023.822028,-1012530.799745,-601506.977716,9.238765e-03,-1129.831890,458.816663,701.159191,0.226,4.687,0.033,0.000,0.000,0.000
1195,1.195000,410943.883721,-1012447.463557,-601503.579835,9.244361e-03,-1129.962097,458.993818,701.094836,0.184,4.605,0.018,0.000,0.000,0.000
1196,1.196000,410864.455690,-1012364.436546,-601499.980856,9.250289e-03,-1130.096237,459.115536,700.952052,0.180,10.762,0.018,0.000,0.000,0.000
1197,1.197000,410785.559114,-1012281.729525,-601496.170411,9.256566e-03,-1130.146579,459.323674,700.865525,0.202,4.618,0.020,0.000,0.000,0.000
1198,1.198000,410706.800302,-1012199.338487,-601492.538185,9.262548e-03,-1130.200774,459.526693,700.818631,0.173,4.590,0.017,0.000,0.000,0.000
1199,1.199000,410628.817628,-1012117.266801,-601488.449173,9.269283e-03,-1130.229510,459.738497,700.879294,0.251,4.613,0.018,0.000,0.000,0.000
1200,1.200000,410551.228240,-1012035.502199,-601484.273959,9.276161e-03,-1130.271772,459.886343,700.921762,0.181,7.706,0.019,0.000,0.000,0.000
1201,1.201000,410474.380882,-1011954.052005,-601479.671123,9.283742e-03,-1130.722389,459.924145,701.129500,0.170,4.588,0.017,0.000,0.000,0.000
1202,1.202000,410399.005171,-1011872.886398,-601473.881226,9.293279e-03,-1131.520650,459.974138,701.601804,0.170,9.159,0.017,0.000,0.000,0.000
1203,1.203000,410323.121029,-1011792.003924,-601468.882896,9.301512e-03,-1131.911595,460.086546,701.869836,0.169,4.602,0.017,0.000,0.000,0.000
1204,1.204000,410246.281839,-1011711.426258,-601465.144419,9.307669e-03,-1131.898480,460.233057,701.842251,0.174,10.742,0.018,0.000,0.000,0.000
1205,1.205000,410168.544719,-1011631.166667,-601462.621947,9.311824e-03,-1131.912444,460.294982,701.802602,0.171,4.607,0.017,0.000,0.000,0.000
1206,1.206000,410091.824224,-1011551.229761,-601459.405538,9.317122e-03,-1131.982785,460.371943,701.799333,0.172,10.719,0.017,0.000,0.000,0.000
1207,1.207000,410016.528348,-1011471.587905,-601455.059557,9.324281e-03,-1132.025396,460.540854,701.872471,0.171,4.584,0.018,0.000,0.000,0.000
1208,1.208000,409940.813093,-1011392.249555,-601451.436463,9.330248e-03,-1132.101474,460.596791,701.889779,0.172,9.133,0.018,0.000,0.000,0.000
1209,1.209000,409864.921172,-1011313.216065,-601448.294893,9.335423e-03,-1132.230353,460.606897,701.893935,0.177,4.622,0.017,0.000,0.000,0.000
1210,1.210000,409789.312992,-1011234.484778,-601445.171786,9.340567e-03,-1132.271582,460.695848,701.924754,0.214,10.430,0.022,0.000,0.000,0.000
1211,1.211000,409715.143480,-1011156.068107,-601440.924626,9.347563e-03,-1132.550697,460.785004,702.099355,0.204,8.829,0.020,0.000,0.000,0.000
1212,1.212000,409642.546260,-1011077.935676,-601435.389416,9.356680e-03,-1133.009548,460.904751,702.243444,0.223,4.619,0.021,0.000,0.000,0.000
1213,1.213000,409569.820309,-1011000.081873,-601430.261564,9.365126e-03,-1133.271566,461.098582,702.120118,0.187,10.666,0.023,0.000,0.000,0.000
1214,1.214000,409496.701417,-1010922.519151,-601425.817734,9.372446e-03,-1133.423570,461.283564,702.027611,0.180,4.681,0.017,0.000,0.000,0.000
1215,1.215000,409424.401704,-1010845.244299,-601420.842595,9.380640e-03,-1133.541531,461.580490,702.004558,0.222,10.721,0.021,0.000,0.000,0.000
1216,1.216000,409351.963530,-1010768.235907,-601416.272377,9.388168e-03,-1133.645708,461.842489,702.006392,0.202,4.662,0.022,0.000,0.000,0.000
1217,1.217000,409278.494642,-1010691.523479,-601413.028837,9.393511e-03,-1133.710339,461.970964,701.959920,0.195,4.677,0.021,0.000,0.000,0.000
1218,1.218000,409206.607704,-1010615.121651,-601408.513947,9.400947e-03,-1133.714729,462.260420,701.905999,0.181,13.771,0.018,0.000,0.000,0.000
1219,1.219000,409136.487009,-1010538.975024,-601402.488015,9.410873e-03,-1133.672230,462.645754,701.848453,0.178,12.181,0.017,0.000,0.000,0.000
1220,1.220000,409065.683055,-1010463.084787,-601397.401732,9.419251e-03,-1133.599602,463.022156,701.813237,0.190,4.676,0.019,0.000,0.000,0.000
1221,1.221000,408995.451190,-1010387.482668,-601392.031478,9.428096e-03,-1133.583659,463.282807,701.724058,0.182,13.726,0.018,0.000,0.000,0.000
1222,1.222000,408925.759058,-1010312.122316,-601386.363257,9.437432e-03,-1133.655630,463.452126,701.492874,0.178,10.646,0.017,0.000,0.000,0.000
1223,1.223000,408855.486634,-1010237.033828,-601381.547195,9.445365e-03,-1133.822932,463.539793,701.183623,0.227,4.676,0.032,0.000,0.000,0.000
1224,1.224000,408785.290531,-1010162.218548,-601376.928017,9.452974e-03,-1134.035506,463.594254,700.941117,0.175,4.679,0.019,0.000,0.000,0.000
1225,1.225000,408714.632886,-1010087.676340,-601373.043454,9.459372e-03,-1134.138543,463.755861,700.827064,0.177,10.699,0.018,0.000,0.000,0.000
1226,1.226000,408644.209018,-1010013.432833,-601369.223815,9.465663e-03,-1134.163596,463.947792,700.772045,0.174,6.181,0.019,0.000,0.000,0.000
1227,1.227000,408574.233840,-1009939.477416,-601365.243575,9.472219e-03,-1134.251839,464.167737,700.670290,0.182,6.182,0.020,0.000,0.000,0.000
1228,1.228000,408504.954619,-1009865.817046,-601360.862427,9.479436e-03,-1134.473084,464.362804,700.403669,0.263,6.151,0.033,0.000,0.000,0.000
1229,1.229000,408436.561236,-1009792.411206,-601355.849971,9.487692e-03,-1134.885486,464.495493,700.314034,0.277,4.637,0.039,0.000,0.000,0.000
1230,1.230000,408368.205387,-1009719.265985,-601351.060598,9.495581e-03,-1135.297606,464.813905,700.311744,0.317,9.163,0.033,0.000,0.000,0.000
1231,1.231000,408298.976416,-1009646.379520,-601347.403105,9.501605e-03,-1135.406151,465.070340,700.166335,0.286,4.723,0.054,0.000,0.000,0.000
1232,1.232000,408229.106364,-1009573.789905,-601344.683541,9.506084e-03,-1135.446054,465.115971,700.059426,0.269,10.680,0.023,0.000,0.000,0.000
1233,1.233000,408159.672520,-1009501.493520,-601341.821000,9.510799e-03,-1135.703929,465.113568,699.845342,0.242,4.619,0.022,0.000,0.000,0.000
1234,1.234000,408090.779002,-1009429.464485,-601338.685483,9.515964e-03,-1136.031313,465.132429,699.556570,0.215,13.780,0.020,0.000,0.000,0.000
1235,1.235000,408022.304665,-1009357.702565,-601335.397900,9.521379e-03,-1136.268823,465.254371,699.349749,0.221,10.721,0.020,0.000,0.000,0.000
1236,1.236000,407953.904569,-1009286.204079,-601332.299510,9.526483e-03,-1136.314013,465.332854,699.251497,0.227,4.691,0.019,0.000,0.000,0.000
1237,1.237000,407885.499674,-1009214.992027,-601329.492353,9.531106e-03,-1136.231523,465.431192,699.188355,0.205,4.612,0.019,0.000,0.000,0.000
1238,1.238000,407817.146215,-1009144.077358,-601326.931143,9.535325e-03,-1136.183318,465.528889,699.147324,0.203,10.726,0.020,0.000,0.000,0.000
1239,1.239000,407749.052196,-1009073.456564,-601324.404367,9.539487e-03,-1136.136739,465.540102,699.114639,0.199,4.666,0.019,0.000,0.000,0.000
1240,1.240000,407681.014111,-1009003.131064,-601322.116953,9.543255e-03,-1136.096011,465.539861,699.088554,0.187,6.129,0.017,0.000,0.000,0.000
1241,1.241000,407613.292066,-1008933.102038,-601319.809972,9.547054e-03,-1136.127886,465.505016,699.064762,0.200,6.204,0.018,0.000,0.000,0.000
1242,1.242000,407546.549411,-1008863.359357,-601316.809946,9.551996e-03,-1136.234896,465.440760,698.912863,0.206,6.126,0.019,0.000,0.000,0.000
1243,1.243000,407479.854662,-1008793.893768,-601314.039106,9.556560e-03,-1136.387141,465.477536,698.703451,0.201,7.216,0.030,0.000,0.000,0.000
1244,1.244000,407412.693955,-1008724.715573,-601312.021619,9.559883e-03,-1136.582026,465.441333,698.505674,0.208,4.693,0.024,0.000,0.000,0.000
1245,1.245000,407346.305264,-1008655.827529,-601309.522265,9.564000e-03,-1136.794263,465.323675,698.297247,0.183,10.764,0.019,0.000,0.000,0.000
1246,1.246000,407280.611872,-1008587.218214,-601306.606342,9.568803e-03,-1136.945492,465.255040,698.095930,0.198,4.673,0.022,0.000,0.000,0.000
1247,1.247000,407214.952335,-1008518.898730,-601303.946395,9.573184e-03,-1137.101015,465.092501,697.854887,0.192,4.631,0.020,0.000,0.000,0.000
1248,1.248000,407150.606084,-1008450.865612,-601300.259527,9.579257e-03,-1137.329965,465.095149,697.604941,0.193,12.276,0.020,0.000,0.000,0.000
1249,1.249000,407086.595631,-1008383.094228,-601296.498597,9.585451e-03,-1137.482022,465.157857,697.460713,0.224,4.615,0.025,0.000,0.000,0.000
1250,1.250000,407022.779859,-1008315.615882,-601292.836023,9.591484e-03,-1137.664422,465.182168,697.304980,0.212,13.748,0.020,0.000,0.000,0.000
1251,1.251000,406959.899895,-1008248.403456,-601288.503561,9.598620e-03,-1137.845735,465.404291,697.168921,0.199,6.203,0.023,0.000,0.000,0.000
1252,1.252000,406897.646927,-1008181.471891,-601283.824964,9.606327e-03,-1137.997422,465.531670,697.032887,0.195,10.718,0.018,0.000,0.000,0.000
1253,1.253000,406835.336924,-1008114.812621,-601279.475697,9.613490e-03,-1138.134164,465.585960,696.870314,0.208,6.217,0.020,0.000,0.000,0.000
1254,1.254000,406772.986606,-1008048.438123,-601275.451517,9.620119e-03,-1138.262305,465.706939,696.692023,0.239,4.629,0.030,0.000,0.000,0.000
1255,1.255000,406711.810667,-1007982.327553,-601270.516885,9.628247e-03,-1138.343527,465.799106,696.593828,0.227,7.729,0.021,0.000,0.000,0.000
1256,1.256000,406650.757780,-1007916.470967,-601265.713187,9.636159e-03,-1138.318335,465.936569,696.648250,0.223,6.135,0.019,0.000,0.000,0.000
1257,1.257000,406589.227455,-1007850.881975,-601261.654520,9.642844e-03,-1138.300401,466.171598,696.649743,0.208,9.158,0.019,0.000,0.000,0.000
1258,1.258000,406527.698634,-1007785.572176,-601257.873542,9.649072e-03,-1138.327069,466.299548,696.548701,0.201,4.678,0.017,0.000,0.000,0.000
1259,1.259000,406466.146258,-1007720.543284,-601254.397026,9.654798e-03,-1138.405533,466.324036,696.429559,0.201,12.033,0.023,0.000,0.000,0.000
1260,1.260000,406404.871508,-1007655.793694,-601250.922187,9.660522e-03,-1138.379394,466.463676,696.388238,0.199,4.607,0.025,0.000,0.000,0.000
1261,1.261000,406343.813862,-1007591.328048,-601247.514186,9.666135e-03,-1138.314651,466.615918,696.348311,0.197,10.280,0.019,0.000,0.000,0.000
1262,1.262000,406282.773807,-1007527.137856,-601244.364049,9.671324e-03,-1138.297542,466.714321,696.276326,0.198,4.615,0.021,0.000,0.000,0.000
1263,1.263000,406223.564485,-1007463.224987,-601239.660502,9.679071e-03,-1138.064882,466.756205,696.308789,0.191,13.720,0.018,0.000,0.000,0.000
1264,1.264000,406165.385441,-1007399.553684,-601234.168243,9.688118e-03,-1137.808437,466.786682,696.380596,0.181,9.155,0.017,0.000,0.000,0.000
1265,1.265000,406106.591157,-1007336.157854,-601229.566697,9.695697e-03,-1137.811381,466.880292,696.313192,0.202,4.677,0.018,0.000,0.000,0.000
1266,1.266000,406047.624975,-1007273.029891,-601225.404916,9.702552e-03,-1137.830086,467.004819,696.212127,0.179,4.675,0.018,0.000,0.000,0.000
1267,1.267000,405989.011261,-1007210.163323,-601221.152062,9.709557e-03,-1137.767577,467.100849,696.178690,0.236,12.190,0.024,0.000,0.000,0.000
1268,1.268000,405930.456641,-1007147.567831,-601217.111190,9.716213e-03,-1137.790678,467.115508,696.085129,0.204,4.616,0.018,0.000,0.000,0.000
1269,1.269000,405871.536277,-1007085.251790,-601213.715514,9.721806e-03,-1137.916791,467.007680,695.886925,0.188,4.606,0.017,0.000,0.000,0.000
1270,1.270000,405812.341427,-1007023.220115,-601210.878688,9.726479e-03,-1137.973558,466.827553,695.686879,0.198,4.617,0.020,0.000,0.000,0.000
1271,1.271000,405753.585377,-1006961.466646,-601207.881269,9.731416e-03,-1137.912134,466.687510,695.569648,0.191,6.117,0.019,0.000,0.000,0.000
1272,1.272000,405695.871773,-1006899.992131,-601204.120358,9.737611e-03,-1137.830824,466.710348,695.612847,0.179,6.114,0.017,0.000,0.000,0.000
1273,1.273000,405638.770459,-1006838.791429,-601200.020970,9.744363e-03,-1137.838003,466.808459,695.584558,0.192,9.181,0.024,0.000,0.000,0.000
1274,1.274000,405580.967248,-1006777.856953,-601196.889705,9.749520e-03,-1137.863807,466.926651,695.451209,0.185,4.686,0.018,0.000,0.000,0.000
1275,1.275000,405522.411716,-1006717.202789,-601194.791073,9.752977e-03,-1137.931390,467.077513,695.303270,0.179,10.741,0.018,0.000,0.000,0.000
1276,1.276000,405464.703289,-1006656.816890,-601192.113601,9.757387e-03,-1138.355496,468.283960,695.289929,0.173,4.611,0.017,0.000,0.000,0.000
1277,1.277000,405407.278872,-1006596.613332,-601189.334460,9.761965e-03,-1138.686330,469.478692,695.410262,0.175,10.710,0.017,0.000,0.000,0.000
1278,1.278000,405349.617047,-1006536.699984,-601187.082936,9.765673e-03,-1138.765102,469.493334,695.321833,0.172,4.611,0.017,0.000,0.000,0.000
1279,1.279000,405292.810621,-1006477.064677,-601184.254057,9.770333e-03,-1139.161167,469.492103,694.974579,0.176,9.173,0.017,0.000,0.000,0.000
1280,1.280000,405236.667551,-1006417.652341,-601180.984790,9.775718e-03,-1139.480964,469.633147,694.708081,0.175,4.595,0.017,0.000,0.000,0.000
1281,1.281000,405180.850692,-1006358.522372,-601177.671680,9.781175e-03,-1139.646413,469.843933,694.550375,0.175,4.679,0.017,0.000,0.000,0.000
1282,1.282000,405125.481200,-1006299.669359,-601174.188159,9.786913e-03,-1139.835810,470.000215,694.316878,0.176,12.245,0.018,0.000,0.000,0.000
1283,1.283000,405070.815037,-1006241.095522,-601170.280485,9.793349e-03,-1140.381677,471.065141,694.200282,0.183,4.595,0.024,0.000,0.000,0.000
1284,1.284000,405016.921437,-1006182.658871,-601165.737434,9.800832e-03,-1141.390372,473.107563,694.153956,0.173,6.110,0.019,0.000,0.000,0.000
1285,1.285000,404963.035766,-1006124.358991,-601161.323226,9.808103e-03,-1142.264060,475.235716,694.133093,0.175,5.989,0.017,0.000,0.000,0.000
1286,1.286000,404908.108725,-1006066.229021,-601158.120296,9.813379e-03,-1142.678681,476.316580,694.061720,0.212,4.612,0.019,0.000,0.000,0.000
1287,1.287000,404852.958901,-1006008.381413,-601155.422512,9.817822e-03,-1142.781988,476.264427,693.854468,0.175,7.681,0.017,0.000,0.000,0.000
1288,1.288000,404799.629014,-1005950.804373,-601151.175359,9.824818e-03,-1143.316196,477.109807,693.654269,0.175,12.271,0.018,0.000,0.000,0.000
1289,1.289000,404747.447050,-1005893.354130,-601145.907080,9.833495e-03,-1143.971741,478.565789,693.539548,0.210,4.672,0.020,0.000,0.000,0.000
1290,1.290000,404693.946029,-1005836.117993,-601142.171964,9.839648e-03,-1144.230666,479.113823,693.349650,0.198,12.087,0.019,0.000,0.000,0.000
1291,1.291000,404640.314934,-1005779.156959,-601138.842024,9.845133e-03,-1144.657115,479.682260,693.152035,0.191,4.603,0.020,0.000,0.000,0.000
1292,1.292000,404586.896592,-1005722.365964,-601135.469371,9.850688e-03,-1145.134277,480.231253,693.000861,0.178,6.118,0.018,0.000,0.000,0.000
1293,1.293000,404533.231089,-1005665.806861,-601132.575773,9.855454e-03,-1145.381293,480.111593,692.668564,0.190,4.672,0.018,0.000,0.000,0.000
1294,1.294000,404479.978371,-1005609.518302,-601129.539931,9.860454e-03,-1145.529076,479.937937,692.295433,0.179,7.684,0.018,0.000,0.000,0.000
1295,1.295000,404426.255334,-1005553.507573,-601127.252239,9.864222e-03,-1145.557841,479.923795,692.072298,0.214,6.202,0.018,0.000,0.000,0.000
1296,1.296000,404372.786953,-1005497.773703,-601124.986750,9.867954e-03,-1145.498298,479.947312,691.910954,0.200,12.270,0.077,0.000,0.000,0.000
1297,1.297000,404319.944575,-1005442.325199,-601122.380624,9.872247e-03,-1145.435203,479.860549,691.756604,0.184,4.681,0.017,0.000,0.000,0.000
1298,1.298000,404266.970169,-1005387.164496,-601120.194327,9.875848e-03,-1145.414401,479.801140,691.660270,0.193,4.615,0.020,0.000,0.000,0.000
1299,1.299000,404214.040011,-1005332.294790,-601118.254779,9.879042e-03,-1145.402589,479.723392,691.648186,0.179,12.238,0.017,0.000,0.000,0.000
1300,1.300000,404161.627906,-1005277.709847,-601116.081941,9.882621e-03,-1145.379680,479.675496,691.639881,0.178,4.613,0.017,0.000,0.000,0.000
1301,1.301000,404109.458374,-1005223.416204,-601113.957830,9.886120e-03,-1145.354891,479.628011,691.618541,0.197,10.713,0.017,0.000,0.000,0.000
1302,1.302000,404057.544871,-1005169.407526,-601111.862655,9.889571e-03,-1145.314234,479.552446,691.627177,0.184,4.595,0.017,0.000,0.000,0.000
1303,1.303000,404006.147764,-1005115.689351,-601109.541587,9.893394e-03,-1145.244726,479.546236,691.608537,0.243,10.680,0.018,0.000,0.000,0.000
1304,1.304000,403955.187604,-1005062.253183,-601107.065579,9.897473e-03,-1145.187617,479.521601,691.574644,0.171,4.682,0.016,0.000,0.000,0.000
1305,1.305000,403904.247865,-1005009.103875,-601104.856009,9.901112e-03,-1145.155272,479.497834,691.566790,0.184,10.711,0.021,0.000,0.000,0.000
1306,1.306000,403853.474918,-1004956.245344,-601102.770426,9.904547e-03,-1145.166317,479.494791,691.566362,0.189,4.595,0.018,0.000,0.000,0.000
1307,1.307000,403803.249222,-1004903.664604,-601100.415382,9.908426e-03,-1145.176056,479.481118,691.546463,0.171,12.196,0.017,0.000,0.000,0.000
1308,1.308000,403753.177016,-1004851.367725,-601098.190709,9.912091e-03,-1145.161639,479.557748,691.548215,0.294,4.725,0.023,0.000,0.000,0.000
1309,1.309000,403703.368312,-1004799.351434,-601095.983122,9.915727e-03,-1145.163202,479.577571,691.515569,0.198,13.806,0.020,0.000,0.000,0.000
1310,1.310000,403654.094760,-1004747.613999,-601093.519239,9.919785e-03,-1145.161729,479.477620,691.315436,0.200,10.723,0.025,0.000,0.000,0.000
1311,1.311000,403605.249508,-1004696.124768,-601090.875260,9.924140e-03,-1145.130088,479.367704,691.055533,0.193,4.679,0.022,0.000,0.000,0.000
1312,1.312000,403557.062820,-1004644.913872,-601087.851051,9.929121e-03,-1145.050929,479.271836,690.874118,0.187,4.614,0.019,0.000,0.000,0.000
1313,1.313000,403509.022986,-1004593.986393,-601084.963406,9.933878e-03,-1145.042970,479.319597,690.703775,0.192,10.659,0.019,0.000,0.000,0.000
1314,1.314000,403460.814769,-1004543.311170,-601082.496401,9.937941e-03,-1145.044489,479.363823,690.570885,0.186,4.612,0.024,0.000,0.000,0.000
1315,1.315000,403413.335955,-1004492.925418,-601079.589462,9.942729e-03,-1145.057276,479.286383,690.390361,0.181,4.609,0.018,0.000,0.000,0.000
1316,1.316000,403365.926559,-1004442.793908,-601076.867349,9.947213e-03,-1145.084579,479.143173,690.149116,0.171,4.612,0.017,0.000,0.000,0.000
1317,1.317000,403318.175281,-1004392.931589,-601074.756308,9.950690e-03,-1144.999941,478.972384,689.966543,0.173,9.222,0.019,0.000,0.000,0.000
1318,1.318000,403270.747962,-1004343.353483,-601072.605521,9.954233e-03,-1144.939471,478.838597,689.777887,0.184,4.609,0.022,0.000,0.000,0.000
1319,1.319000,403223.903416,-1004294.040918,-601070.137502,9.958298e-03,-1144.950833,478.647959,689.634776,0.170,12.224,0.017,0.000,0.000,0.000
1320,1.320000,403177.512788,-1004244.984911,-601067.472123,9.962688e-03,-1144.954417,478.468179,689.592253,0.170,4.675,0.017,0.000,0.000,0.000
1321,1.321000,403130.967913,-1004196.213592,-601065.245679,9.966355e-03,-1144.924256,478.387149,689.565935,0.173,13.729,0.019,0.000,0.000,0.000
1322,1.322000,403084.673428,-1004147.730606,-601063.057178,9.969960e-03,-1144.916373,478.263452,689.510537,0.172,13.713,0.016,0.000,0.000,0.000
1323,1.323000,403038.570770,-1004099.516669,-601060.945899,9.973438e-03,-1144.947162,478.096633,689.425013,0.172,9.237,0.018,0.000,0.000,0.000
1324,1.324000,402992.924728,-1004051.592444,-601058.667716,9.977190e-03,-1144.965613,477.979844,689.592585,0.170,4.688,0.017,0.000,0.000,0.000
1325,1.325000,402947.774464,-1004003.926126,-601056.151662,9.981334e-03,-1144.986417,477.881105,689.767421,0.173,4.611,0.018,0.000,0.000,0.000
1326,1.326000,402902.522362,-1003956.542392,-601054.020031,9.984846e-03,-1145.072438,477.849134,689.700149,0.175,12.166,0.022,0.000,0.000,0.000
1327,1.327000,402857.583373,-1003909.426525,-601051.843151,9.988431e-03,-1145.206662,477.859675,689.562437,0.172,4.596,0.017,0.000,0.000,0.000
1328,1.328000,402813.111741,-1003862.581930,-601049.470189,9.992340e-03,-1145.273846,477.869546,689.454585,0.167,4.617,0.017,0.000,0.000,0.000
1329,1.329000,402768.809175,-1003816.022655,-601047.213479,9.996057e-03,-1145.262762,477.900147,689.422217,0.219,4.614,0.024,0.000,0.000,0.000
1330,1.330000,402724.964694,-1003769.757201,-601044.792507,1.000004e-02,-1145.178908,477.848678,689.294825,0.197,6.125,0.018,0.000,0.000,0.000
1331,1.331000,402681.596611,-1003723.780317,-601042.183706,1.000434e-02,-1145.093234,477.763615,689.124592,0.181,6.110,0.019,0.000,0.000,0.000
1332,1.332000,402638.518292,-1003678.085524,-601039.567232,1.000865e-02,-1145.051281,477.739944,689.018320,0.192,9.157,0.018,0.000,0.000,0.000
1333,1.333000,402596.017061,-1003632.676498,-601036.659437,1.001344e-02,-1144.983183,477.619085,688.956580,0.181,4.683,0.018,0.000,0.000,0.000
1334,1.334000,402553.519001,-1003587.549961,-601034.030960,1.001777e-02,-1144.885782,477.453943,688.871798,0.226,10.759,0.023,0.000,0.000,0.000
1335,1.335000,402511.041306,-1003542.715308,-601031.674003,1.002165e-02,-1144.863012,477.433212,688.788006,0.198,4.592,0.018,0.000,0.000,0.000
1336,1.336000,402469.257719,-1003498.156873,-601028.899154,1.002622e-02,-1144.972596,477.226961,688.898271,0.192,12.182,0.018,0.000,0.000,0.000
1337,1.337000,402427.845910,-1003453.870875,-601026.024965,1.003096e-02,-1145.051886,477.027696,689.005900,0.199,4.693,0.021,0.000,0.000,0.000
1338,1.338000,402386.666194,-1003409.871021,-601023.204827,1.003560e-02,-1145.037047,477.066705,688.899673,0.188,13.682,0.018,0.000,0.000,0.000
1339,1.339000,402346.275934,-1003366.157675,-601019.881741,1.004108e-02,-1145.180360,477.178313,688.874477,0.184,4.676,0.017,0.000,0.000,0.000
1340,1.340000,402307.208765,-1003322.708187,-601015.499422,1.004829e-02,-1145.531799,477.218327,688.993023,0.180,12.181,0.019,0.000,0.000,0.000
1341,1.341000,402268.336515,-1003279.496198,-601011.159683,1.005544e-02,-1146.005855,477.110168,689.245935,0.180,4.596,0.019,0.000,0.000,0.000
1342,1.342000,402229.434853,-1003236.546997,-601007.112144,1.006211e-02,-1146.369880,477.238838,689.387049,0.176,6.135,0.020,0.000,0.000,0.000
1343,1.343000,402190.754367,-1003193.865024,-601003.110657,1.006870e-02,-1146.752039,477.287518,689.482397,0.174,4.659,0.017,0.000,0.000,0.000
1344,1.344000,402151.601841,-1003151.432171,-600999.830330,1.007410e-02,-1147.170153,477.233448,689.600208,0.191,7.614,0.020,0.000,0.000,0.000
1345,1.345000,402113.052923,-1003109.279399,-600996.226476,1.008004e-02,-1147.371152,477.194488,689.593468,0.203,6.128,0.027,0.000,0.000,0.000
1346,1.346000,402075.121700,-1003067.382403,-600992.260702,1.008657e-02,-1147.570380,476.958344,689.738809,0.174,6.177,0.020,0.000,0.000,0.000
1347,1.347000,402037.562485,-1003025.755252,-600988.192767,1.009327e-02,-1147.747269,476.920142,689.812179,0.220,4.688,0.020,0.000,0.000,0.000
1348,1.348000,402000.403036,-1002984.396310,-600983.993274,1.010019e-02,-1147.977829,476.835943,689.833512,0.207,10.747,0.021,0.000,0.000,0.000
1349,1.349000,401962.877476,-1002943.291727,-600980.414252,1.010608e-02,-1148.186878,476.684015,689.754577,0.196,4.683,0.017,0.000,0.000,0.000
1350,1.350000,401925.697922,-1002902.463037,-600976.765115,1.011209e-02,-1148.294277,476.812038,689.516157,0.182,10.669,0.017,0.000,0.000,0.000
1351,1.351000,401888.450553,-1002861.901253,-600973.450700,1.011755e-02,-1148.364255,477.026799,689.420145,0.308,4.691,0.019,0.000,0.000,0.000
1352,1.352000,401850.684111,-1002821.636997,-600970.952886,1.012167e-02,-1148.485745,476.959784,689.561832,0.177,13.692,0.021,0.000,0.000,0.000
1353,1.353000,401815.095149,-1002781.659962,-600966.564812,1.012890e-02,-1148.861613,476.980730,689.830915,0.179,4.687,0.018,0.000,0.000,0.000
1354,1.354000,401780.529271,-1002741.969217,-600961.439946,1.013734e-02,-1149.090035,477.262347,689.813671,0.204,10.714,0.019,0.000,0.000,0.000
1355,1.355000,401744.652892,-1002702.563831,-600957.910939,1.014315e-02,-1149.073301,477.400292,689.691348,0.184,4.623,0.021,0.000,0.000,0.000
1356,1.356000,401708.022796,-1002663.462595,-600955.439799,1.014722e-02,-1149.122218,477.523100,689.701893,0.172,4.676,0.017,0.000,0.000,0.000
1357,1.357000,401672.088423,-1002624.665348,-600952.576925,1.015194e-02,-1149.149311,477.663327,689.554555,0.174,4.612,0.017,0.000,0.000,0.000
1358,1.358000,401636.919133,-1002586.154252,-600949.235119,1.015744e-02,-1149.148472,477.817288,689.374532,0.177,7.634,0.017,0.000,0.000,0.000
1359,1.359000,401601.886699,-1002547.939776,-600946.053078,1.016268e-02,-1149.103805,478.017097,689.165401,0.175,7.684,0.017,0.000,0.000,0.000
1360,1.360000,401567.248331,-1002510.008797,-600942.760466,1.016810e-02,-1149.088831,478.183722,689.001506,0.173,12.177,0.018,0.000,0.000,0.000
1361,1.361000,401532.589818,-1002472.381002,-600939.791185,1.017300e-02,-1149.116141,478.247569,688.961304,0.174,4.686,0.017,0.000,0.000,0.000
1362,1.362000,401498.513855,-1002435.056056,-600936.542200,1.017835e-02,-1149.143208,478.305876,688.937300,0.179,12.170,0.018,0.000,0.000,0.000
1363,1.363000,401464.915912,-1002398.021738,-600933.105826,1.018401e-02,-1149.157498,478.426117,688.936663,0.170,4.595,0.017,0.000,0.000,0.000
1364,1.364000,401431.851138,-1002361.283967,-600929.432829,1.019006e-02,-1149.231244,478.432951,688.841982,0.171,4.608,0.017,0.000,0.000,0.000
1365,1.365000,401398.776253,-1002324.810827,-600926.034575,1.019565e-02,-1149.422225,478.489078,688.847271,0.174,4.681,0.017,0.000,0.000,0.000
1366,1.366000,401365.464582,-1002288.635898,-600923.171315,1.020037e-02,-1149.556919,478.668236,688.948410,0.169,6.118,0.021,0.000,0.000,0.000
1367,1.367000,401332.754734,-1002252.764998,-600920.010264,1.020558e-02,-1149.751168,478.787256,689.079322,0.169,6.110,0.017,0.000,0.000,0.000
1368,1.368000,401300.401706,-1002217.190193,-600916.788487,1.021088e-02,-1150.014990,478.861287,689.252298,0.169,9.139,0.017,0.000,0.000,0.000
1369,1.369000,401267.502370,-1002181.912513,-600914.410143,1.021480e-02,-1150.135084,478.899818,689.299765,0.227,4.711,0.026,0.000,0.000,0.000
1370,1.370000,401234.706774,-1002146.949264,-600912.242490,1.021837e-02,-1150.259559,479.041734,689.294769,0.197,6.192,0.017,0.000,0.000,0.000
1371,1.371000,401202.810700,-1002112.286319,-600909.475619,1.022293e-02,-1150.436991,479.224646,689.323559,0.198,10.676,0.019,0.000,0.000,0.000
1372,1.372000,401171.329982,-1002077.927616,-600906.597634,1.022767e-02,-1150.541792,479.363310,689.300105,0.191,4.611,0.018,0.000,0.000,0.000
1373,1.373000,401141.707671,-1002043.871652,-600902.163981,1.023497e-02,-1150.806553,479.531605,689.329810,0.181,4.677,0.018,0.000,0.000,0.000
1374,1.374000,401112.888864,-1002010.116961,-600897.228097,1.024310e-02,-1151.151872,479.702388,689.444361,0.212,10.668,0.020,0.000,0.000,0.000
1375,1.375000,401083.125948,-1001976.662619,-600893.536671,1.024918e-02,-1151.303100,479.878673,689.514942,0.197,4.677,0.018,0.000,0.000,0.000
1376,1.376000,401054.535408,-1001943.509249,-600888.973841,1.025670e-02,-1151.570708,480.175779,689.621485,0.193,4.677,0.019,0.000,0.000,0.000
1377,1.377000,401027.730466,-1001910.651336,-600882.920870,1.026667e-02,-1152.067805,480.534969,689.864043,0.195,13.759,0.018,0.000,0.000,0.000
1378,1.378000,401001.534015,-1001878.087434,-600876.553419,1.027716e-02,-1152.584233,480.838620,690.168241,0.190,12.187,0.017,0.000,0.000,0.000
1379,1.379000,400975.542935,-1001845.814871,-600870.271936,1.028750e-02,-1153.005066,481.143657,690.416134,0.179,4.679,0.017,0.000,0.000,0.000
1380,1.380000,400949.908208,-1001813.840780,-600863.932572,1.029794e-02,-1153.422357,481.472161,690.631663,0.175,13.753,0.017,0.000,0.000,0.000
1381,1.381000,400923.336483,-1001782.154586,-600858.818103,1.030637e-02,-1153.805086,481.734152,690.841389,0.179,10.667,0.017,0.000,0.000,0.000
1382,1.382000,400897.072797,-1001750.768369,-600853.695573,1.031481e-02,-1154.142900,481.978027,691.012174,0.300,4.679,0.019,0.000,0.000,0.000
1383,1.383000,400872.679603,-1001719.681787,-600847.002184,1.032583e-02,-1154.495227,482.337407,691.305849,0.178,4.629,0.021,0.000,0.000,0.000
1384,1.384000,400848.941047,-1001688.884631,-600839.943584,1.033746e-02,-1154.784030,482.786529,691.731369,0.175,10.718,0.018,0.000,0.000,0.000
1385,1.385000,400825.490212,-1001658.376120,-600832.885909,1.034908e-02,-1155.233453,482.985486,692.146609,0.176,4.608,0.018,0.000,0.000,0.000
1386,1.386000,400801.941528,-1001628.146618,-600826.205090,1.036009e-02,-1155.747129,483.088146,692.418098,0.175,6.188,0.017,0.000,0.000,0.000
1387,1.387000,400778.442973,-1001598.217016,-600819.774043,1.037068e-02,-1156.252832,483.176905,692.704763,0.217,6.191,0.020,0.000,0.000,0.000
1388,1.388000,400755.108325,-1001568.577159,-600813.468835,1.038107e-02,-1156.758240,483.250841,692.993807,0.193,4.673,0.018,0.000,0.000,0.000
1389,1.389000,400732.018494,-1001539.236160,-600807.217666,1.039136e-02,-1157.184224,483.504594,693.141228,0.203,6.198,0.019,0.000,0.000,0.000
1390,1.390000,400707.934372,-1001510.195431,-600802.261059,1.039953e-02,-1157.464242,483.683553,693.217412,0.185,11.890,0.018,0.000,0.000,0.000
1391,1.391000,400682.866182,-1001481.463523,-600798.597341,1.040556e-02,-1157.642822,483.793508,693.198751,0.182,7.644,0.018,0.000,0.000,0.000
1392,1.392000,400659.225632,-1001453.030339,-600793.804707,1.041345e-02,-1157.875725,483.888448,693.160967,0.178,4.677,0.017,0.000,0.000,0.000
1393,1.393000,400635.827916,-1001424.885724,-600789.057808,1.042127e-02,-1158.095679,483.975350,693.135371,0.185,4.675,0.020,0.000,0.000,0.000
1394,1.394000,400612.036390,-1001397.038784,-600785.002395,1.042795e-02,-1158.345696,484.047363,693.132048,0.180,13.685,0.018,0.000,0.000,0.000
1395,1.395000,400588.654768,-1001369.487169,-600780.832401,1.043482e-02,-1158.414207,484.277236,692.972283,0.175,10.507,0.018,0.000,0.000,0.000
1396,1.396000,400565.289110,-1001342.229531,-600776.940421,1.044123e-02,-1158.416841,484.533879,692.794194,0.178,4.604,0.017,0.000,0.000,0.000
1397,1.397000,400541.596249,-1001315.278251,-600773.682002,1.044660e-02,-1158.570938,484.624907,692.657768,0.174,4.674,0.017,0.000,0.000,0.000
1398,1.398000,400518.065934,-1001288.635081,-600770.569147,1.045173e-02,-1158.583951,484.795162,692.426253,0.179,10.671,0.017,0.000,0.000,0.000
1399,1.399000,400495.342810,-1001262.278689,-600766.935879,1.045771e-02,-1158.715839,485.030816,692.281492,0.174,4.599,0.017,0.000,0.000,0.000
1400,1.400000,400472.878581,-1001236.222940,-600763.344359,1.046363e-02,-1158.980311,485.176308,692.256677,0.173,4.605,0.017,0.000,0.000,0.000
1401,1.401000,400450.405154,-1001210.475148,-600760.069994,1.046902e-02,-1159.103450,485.118334,692.279281,0.260,4.611,0.028,0.000,0.000,0.000
1402,1.402000,400428.513673,-1001185.033317,-600756.519644,1.047487e-02,-1158.708757,485.342532,691.814322,0.171,7.719,0.019,0.000,0.000,0.000
1403,1.403000,400407.324152,-1001159.846562,-600752.522410,1.048145e-02,-1158.355481,485.714078,691.307209,0.171,4.602,0.017,0.000,0.000,0.000
1404,1.404000,400386.267684,-1001134.968053,-600748.700369,1.048775e-02,-1158.484460,486.053637,691.002420,0.171,7.642,0.017,0.000,0.000,0.000
1405,1.405000,400365.303930,-1001110.357005,-600745.053075,1.049375e-02,-1158.656257,486.433609,690.765844,0.172,4.625,0.017,0.000,0.000,0.000
1406,1.406000,400344.739536,-1001086.050554,-600741.311018,1.049992e-02,-1158.865618,486.485574,690.838466,0.203,9.151,0.021,0.000,0.000,0.000
1407,1.407000,400325.273678,-1001062.044482,-600736.770803,1.050740e-02,-1158.995509,486.745100,690.621064,0.182,4.702,0.018,0.000,0.000,0.000
1408,1.408000,400306.991089,-1001038.319901,-600731.328812,1.051636e-02,-1159.311982,487.088920,690.478667,0.181,4.681,0.019,0.000,0.000,0.000
1409,1.409000,400288.957980,-1001014.888105,-600725.930125,1.052525e-02,-1159.755339,487.210630,690.522399,0.222,13.693,0.023,0.000,0.000,0.000
1410,1.410000,400270.622088,-1000991.742489,-600721.120401,1.053318e-02,-1160.141848,487.323721,690.434819,0.199,10.746,0.021,0.000,0.000,0.000
1411,1.411000,400251.340675,-1000968.892706,-600717.552031,1.053905e-02,-1160.387204,487.260834,690.439002,0.193,4.684,0.020,0.000,0.000,0.000
1412,1.412000,400232.722429,-1000946.350844,-600713.628415,1.054552e-02,-1160.508839,487.288121,690.460509,0.188,4.611,0.018,0.000,0.000,0.000
1413,1.413000,400215.695582,-1000924.110656,-600708.415074,1.055410e-02,-1160.783217,487.435834,690.569227,0.182,10.711,0.019,0.000,0.000,0.000
1414,1.414000,400198.801788,-1000902.165699,-600703.363911,1.056242e-02,-1161.177465,487.561142,690.698667,0.226,4.622,0.020,0.000,0.000,0.000
1415,1.415000,400182.575038,-1000880.521716,-600697.946678,1.057135e-02,-1161.659225,487.793463,690.645718,0.191,6.129,0.018,0.000,0.000,0.000
1416,1.416000,400166.421738,-1000859.171927,-600692.750190,1.057990e-02,-1162.243914,488.085101,690.516765,0.183,6.184,0.017,0.000,0.000,0.000
1417,1.417000,400150.310241,-1000838.089953,-600687.779712,1.058809e-02,-1162.790886,488.455363,690.403728,0.194,6.220,0.020,0.000,0.000,0.000
1418,1.418000,400134.691325,-1000817.301535,-600682.610210,1.059661e-02,-1163.247477,488.780263,690.247494,0.177,6.135,0.018,0.000,0.000,0.000
1419,1.419000,400118.502828,-1000796.805064,-600678.302236,1.060370e-02,-1163.579697,488.954529,690.049612,0.177,4.597,0.018,0.000,0.000,0.000
1420,1.420000,400101.736346,-1000776.613787,-600674.877440,1.060934e-02,-1163.714644,489.036994,689.922918,0.179,10.704,0.018,0.000,0.000,0.000
1421,1.421000,400085.996485,-1000756.734858,-600670.738373,1.061616e-02,-1163.837445,489.323129,689.777261,0.195,4.689,0.022,0.000,0.000,0.000
1422,1.422000,400072.284677,-1000737.148990,-600664.864312,1.062584e-02,-1164.026421,489.787528,689.479967,0.175,10.714,0.019,0.000,0.000,0.000
1423,1.423000,400059.275719,-1000717.848427,-600658.572708,1.063620e-02,-1164.275328,490.070929,689.153780,0.185,4.684,0.021,0.000,0.000,0.000
1424,1.424000,400046.766818,-1000698.846487,-600652.079669,1.064689e-02,-1164.606244,490.403424,688.859656,0.174,10.497,0.017,0.000,0.000,0.000
1425,1.425000,400034.218547,-1000680.129084,-600645.910537,1.065706e-02,-1164.907120,490.752351,688.555417,0.172,4.676,0.018,0.000,0.000,0.000
1426,1.426000,400020.958755,-1000661.710896,-600640.752141,1.066555e-02,-1165.136943,490.929834,688.226678,0.208,4.703,0.018,0.000,0.000,0.000
1427,1.427000,400007.863053,-1000643.590578,-600635.727525,1.067383e-02,-1165.352598,491.075452,687.938475,0.173,10.682,0.018,0.000,0.000,0.000
1428,1.428000,399994.886772,-1000625.755132,-600630.868360,1.068183e-02,-1165.553105,491.188651,687.798617,0.218,4.685,0.020,0.000,0.000,0.000
1429,1.429000,399981.616940,-1000608.227582,-600626.610642,1.068885e-02,-1165.732130,491.291199,687.637737,0.187,13.730,0.019,0.000,0.000,0.000
1430,1.430000,399967.832181,-1000590.986473,-600623.154292,1.069454e-02,-1165.892832,491.393731,687.485510,0.185,4.681,0.018,0.000,0.000,0.000
1431,1.431000,399954.042336,-1000574.052880,-600620.010544,1.069972e-02,-1166.035597,491.470108,687.459811,0.213,4.597,0.021,0.000,0.000,0.000
1432,1.432000,399940.246352,-1000557.427601,-600617.181249,1.070438e-02,-1166.153732,491.504045,687.405787,0.190,12.226,0.018,0.000,0.000,0.000
1433,1.433000,399927.704325,-1000541.113251,-600613.408926,1.071059e-02,-1166.362688,491.608416,687.463206,0.184,4.665,0.019,0.000,0.000,0.000
1434,1.434000,399916.249342,-1000525.105695,-600608.856353,1.071809e-02,-1166.551919,491.723013,687.513661,0.184,12.229,0.017,0.000,0.000,0.000
1435,1.435000,399904.703607,-1000509.410488,-600604.706881,1.072492e-02,-1166.625422,491.809818,687.388820,0.173,4.596,0.016,0.000,0.000,0.000
1436,1.436000,399893.601966,-1000494.015640,-600600.413674,1.073199e-02,-1166.737552,491.970468,687.286976,0.173,10.724,0.017,0.000,0.000,0.000
1437,1.437000,399882.359045,-1000478.918920,-600596.559875,1.073834e-02,-1166.785997,492.081623,687.209684,0.185,4.689,0.025,0.000,0.000,0.000
1438,1.438000,399871.195636,-1000464.131036,-600592.935400,1.074431e-02,-1166.759792,492.280139,687.219671,0.176,12.234,0.018,0.000,0.000,0.000
1439,1.439000,399860.128791,-1000449.641275,-600589.512484,1.074995e-02,-1166.716892,492.431254,687.168602,0.176,4.670,0.018,0.000,0.000,0.000
1440,1.440000,399849.035599,-1000435.466908,-600586.431309,1.075503e-02,-1166.671449,492.398064,686.949312,0.189,13.746,0.018,0.000,0.000,0.000
1441,1.441000,399839.037020,-1000421.608737,-600582.571717,1.076138e-02,-1166.569216,492.406005,686.498537,0.173,10.658,0.017,0.000,0.000,0.000
1442,1.442000,399830.000035,-1000408.026853,-600578.026818,1.076887e-02,-1166.452576,492.432702,685.937482,0.177,4.678,0.016,0.000,0.000,0.000
1443,1.443000,399819.972322,-1000394.734306,-600574.761985,1.077425e-02,-1166.397640,492.433017,685.675795,0.170,4.618,0.017,0.000,0.000,0.000
1444,1.444000,399809.750368,-1000381.762699,-600572.012332,1.077878e-02,-1166.443741,492.426022,685.646349,0.189,10.715,0.021,0.000,0.000,0.000
1445,1.445000,399800.010741,-1000369.109730,-600569.098989,1.078357e-02,-1166.550475,492.414282,685.606986,0.175,4.603,0.019,0.000,0.000,0.000
1446,1.446000,399790.380810,-1000356.774233,-600566.393424,1.078803e-02,-1166.599639,492.347732,685.472922,0.172,6.212,0.017,0.000,0.000,0.000
1447,1.447000,399781.457744,-1000344.746271,-600563.288526,1.079314e-02,-1166.655958,492.317881,685.305012,0.173,4.645,0.018,0.000,0.000,0.000
1448,1.448000,399772.870697,-1000333.031495,-600560.160798,1.079830e-02,-1166.756644,492.349470,685.073008,0.171,9.134,0.017,0.000,0.000,0.000
1449,1.449000,399764.775497,-1000321.605628,-600556.830131,1.080378e-02,-1166.843495,492.347997,684.785472,0.220,7.639,0.091,0.000,0.000,0.000
1450,1.450000,399756.804309,-1000310.476477,-600553.672167,1.080898e-02,-1166.814937,492.366110,684.331412,0.198,4.676,0.019,0.000,0.000,0.000
1451,1.451000,399748.600454,-1000299.627441,-600551.026987,1.081334e-02,-1166.661783,492.380676,683.682447,0.197,12.248,0.018,0.000,0.000,0.000
1452,1.452000,399741.884693,-1000289.051687,-600547.166994,1.081970e-02,-1166.542505,492.422321,682.990658,0.190,4.597,0.019,0.000,0.000,0.000
1453,1.453000,399735.398949,-1000278.756426,-600543.357477,1.082597e-02,-1166.401021,492.439906,682.340663,0.207,10.761,0.024,0.000,0.000,0.000
1454,1.454000,399728.275625,-1000268.754586,-600540.478961,1.083072e-02,-1166.278024,492.406025,681.904716,0.223,4.690,0.023,0.000,0.000,0.000
1455,1.455000,399722.374613,-1000259.066241,-600536.691628,1.083695e-02,-1166.195490,492.367036,681.488376,0.200,6.131,0.018,0.000,0.000,0.000
1456,1.456000,399717.671768,-1000249.666426,-600531.994658,1.084469e-02,-1166.175061,492.344229,681.048313,0.202,10.669,0.019,0.000,0.000,0.000
1457,1.457000,399712.732306,-1000240.574240,-600527.841934,1.085153e-02,-1166.286796,492.346782,680.745414,0.182,6.203,0.018,0.000,0.000,0.000
1458,1.458000,399707.994541,-1000231.798481,-600523.803940,1.085818e-02,-1166.406539,492.410728,680.453331,0.178,4.610,0.017,0.000,0.000,0.000
1459,1.459000,399704.153464,-1000223.328051,-600519.174587,1.086581e-02,-1166.377105,492.502864,680.008455,0.185,4.615,0.018,0.000,0.000,0.000
1460,1.460000,399700.210134,-1000215.145881,-600514.935747,1.087279e-02,-1166.248734,492.475051,679.421591,0.177,9.225,0.017,0.000,0.000,0.000
1461,1.461000,399695.646907,-1000207.244532,-600511.597625,1.087829e-02,-1166.047867,492.331442,678.817133,0.191,4.680,0.062,0.000,0.000,0.000
1462,1.462000,399691.301415,-1000199.632626,-600508.331211,1.088367e-02,-1165.885968,492.286098,678.202864,0.183,10.483,0.019,0.000,0.000,0.000
1463,1.463000,399687.187845,-1000192.298307,-600505.110462,1.088897e-02,-1165.885347,492.423712,677.894491,0.211,6.217,0.024,0.000,0.000,0.000
1464,1.464000,399682.779389,-1000185.290653,-600502.511263,1.089325e-02,-1165.769680,492.581368,677.548615,0.192,4.612,0.021,0.000,0.000,0.000
1465,1.465000,399679.607812,-1000178.559353,-600498.951540,1.089912e-02,-1165.649344,492.724929,676.986253,0.171,10.651,0.017,0.000,0.000,0.000
1466,1.466000,399676.880204,-1000172.117427,-600495.237222,1.090523e-02,-1165.676905,492.833652,676.675487,0.204,4.668,0.021,0.000,0.000,0.000
1467,1.467000,399673.672296,-1000165.992068,-600492.319772,1.091004e-02,-1165.822567,492.973287,676.608398,0.217,10.675,0.027,0.000,0.000,0.000
1468,1.468000,399670.562430,-1000160.174581,-600489.612151,1.091450e-02,-1166.017809,493.094166,676.626631,0.202,4.678,0.019,0.000,0.000,0.000
1469,1.469000,399668.029406,-1000154.663950,-600486.634544,1.091940e-02,-1166.731277,493.025538,675.396712,0.186,4.692,0.017,0.000,0.000,0.000
1470,1.470000,399666.019317,-1000149.358951,-600483.339634,1.092483e-02,-1167.467480,492.907397,674.145548,0.185,10.655,0.017,0.000,0.000,0.000
1471,1.471000,399664.331491,-1000144.361500,-600480.030009,1.093028e-02,-1167.417162,493.074041,673.879253,0.248,4.710,0.020,0.000,0.000,0.000
1472,1.472000,399663.407238,-1000139.640192,-600476.232954,1.093654e-02,-1167.399658,493.402565,673.576818,0.198,13.760,0.020,0.000,0.000,0.000
1473,1.473000,399663.672021,-1000135.217898,-600471.545877,1.094426e-02,-1167.695220,493.685428,673.069615,0.176,10.733,0.017,0.000,0.000,0.000
1474,1.474000,399664.544745,-1000131.052125,-600466.507380,1.095256e-02,-1167.871329,493.895711,672.458346,0.180,4.677,0.017,0.000,0.000,0.000
1475,1.475000,399666.024520,-1000127.179749,-600461.155229,1.096137e-02,-1167.950310,494.066792,672.240777,0.173,4.611,0.017,0.000,0.000,0.000
1476,1.476000,399667.415322,-1000123.625437,-600456.210116,1.096952e-02,-1168.203112,494.236671,672.065856,0.176,10.677,0.018,0.000,0.000,0.000
1477,1.477000,399668.340370,-1000120.362230,-600452.021861,1.097642e-02,-1168.576145,494.283133,672.022336,0.185,4.606,0.021,0.000,0.000,0.000
1478,1.478000,399668.873148,-1000117.409594,-600448.536445,1.098216e-02,-1169.039148,494.243175,671.820967,0.174,4.590,0.019,0.000,0.000,0.000
1479,1.479000,399668.565667,-1000114.728994,-600446.163326,1.098607e-02,-1169.439027,494.196744,671.527789,0.247,4.613,0.018,0.000,0.000,0.000
1480,1.480000,399668.527918,-1000112.356989,-600443.829071,1.098991e-02,-1169.642658,494.180928,671.510337,0.181,6.109,0.019,0.000,0.000,0.000
1481,1.481000,399669.279914,-1000110.316653,-600441.036739,1.099451e-02,-1169.768183,493.966754,671.457447,0.173,6.119,0.017,0.000,0.000,0.000
1482,1.482000,399670.557661,-1000108.566824,-600438.009163,1.099950e-02,-1169.991589,493.787061,671.244826,0.182,9.135,0.023,0.000,0.000,0.000
1483,1.483000,399671.797517,-1000107.123722,-600435.326205,1.100392e-02,-1170.237741,493.798426,671.034254,0.172,4.588,0.017,0.000,0.000,0.000
1484,1.484000,399672.565838,-1000106.009074,-600433.443235,1.100702e-02,-1170.675755,493.832700,670.603006,0.171,10.710,0.018,0.000,0.000,0.000
1485,1.485000,399673.945713,-1000105.150784,-600431.205071,1.101070e-02,-1171.265291,493.918929,670.090585,0.175,4.609,0.017,0.000,0.000,0.000
1486,1.486000,399675.748494,-1000104.586017,-600428.837523,1.101460e-02,-1171.759410,493.919240,669.574747,0.173,12.239,0.020,0.000,0.000,0.000
1487,1.487000,399677.290342,-1000104.281341,-600426.990998,1.101764e-02,-1172.132880,493.842913,669.093549,0.173,4.686,0.018,0.000,0.000,0.000
1488,1.488000,399680.410982,-1000104.289217,-600423.878235,1.102277e-02,-1172.361004,493.809816,668.778051,0.174,13.187,0.018,0.000,0.000,0.000
1489,1.489000,399684.294034,-1000104.591844,-600420.297810,1.102867e-02,-1172.593232,493.858083,668.499712,0.213,4.679,0.019,0.000,0.000,0.000
1490,1.490000,399687.900213,-1000105.218947,-600417.318733,1.103358e-02,-1172.863815,493.923830,668.315347,0.210,11.718,0.019,0.000,0.000,0.000
1491,1.491000,399692.361445,-1000106.144302,-600413.782856,1.103940e-02,-1173.167311,493.991145,668.095566,0.186,4.625,0.019,0.000,0.000,0.000
1492,1.492000,399696.658347,-1000107.376189,-600410.717841,1.104445e-02,-1173.456558,494.156641,667.998132,0.179,4.681,0.018,0.000,0.000,0.000
1493,1.493000,399700.755905,-1000108.907781,-600408.151876,1.104868e-02,-1173.829629,494.432779,667.964199,0.178,4.615,0.018,0.000,0.000,0.000
1494,1.494000,399705.236635,-1000110.728087,-600405.491452,1.105306e-02,-1174.256755,494.679328,667.908876,0.227,6.137,0.027,0.000,0.000,0.000
1495,1.495000,399710.524929,-1000112.849647,-600402.324718,1.105827e-02,-1174.480831,494.724338,667.794262,0.200,6.111,0.018,0.000,0.000,0.000
1496,1.496000,399716.388206,-1000115.301405,-600398.913199,1.106389e-02,-1174.677734,494.711840,667.562137,0.194,9.141,0.018,0.000,0.000,0.000
1497,1.497000,399722.287524,-1000118.044521,-600395.756996,1.106909e-02,-1174.949902,494.815716,667.347851,0.183,4.684,0.018,0.000,0.000,0.000
1498,1.498000,399729.557743,-1000121.112273,-600391.554530,1.107601e-02,-1175.103513,494.935772,667.240435,0.189,10.737,0.021,0.000,0.000,0.000
1499,1.499000,399736.954423,-1000124.479791,-600387.525368,1.108265e-02,-1175.223687,495.030313,667.172681,0.178,4.674,0.017,0.000,0.000,0.000
1500,1.500000,399745.216732,-1000128.162901,-600382.946169,1.109019e-02,-1175.485990,495.334972,667.048834,0.177,10.241,0.017,0.000,0.000,0.000
1501,1.501000,399754.247567,-1000132.099220,-600377.851653,1.109858e-02,-1175.797265,495.641880,666.861053,0.173,4.611,0.021,0.000,0.000,0.000
1502,1.502000,399762.263996,-1000136.344264,-600374.080267,1.110480e-02,-1175.957082,495.694177,666.656865,0.177,9.228,0.017,0.000,0.000,0.000
1503,1.503000,399770.238868,-1000140.909092,-600370.670224,1.111041e-02,-1176.122599,495.766717,666.367266,0.177,4.673,0.017,0.000,0.000,0.000
1504,1.504000,399777.907698,-1000145.783154,-600367.875456,1.111502e-02,-1176.270099,495.790529,666.166349,0.172,10.719,0.017,0.000,0.000,0.000
1505,1.505000,399785.635002,-1000150.992070,-600365.357068,1.111916e-02,-1176.447433,495.824108,666.032125,0.173,4.603,0.018,0.000,0.000,0.000
1506,1.506000,399794.656447,-1000156.512269,-600361.855822,1.112493e-02,-1176.688288,495.873728,665.887689,0.173,9.216,0.022,0.000,0.000,0.000
1507,1.507000,399804.169312,-1000162.356332,-600358.187019,1.113097e-02,-1176.794789,495.963189,665.880842,0.224,4.622,0.021,0.000,0.000,0.000
1508,1.508000,399813.593541,-1000168.516147,-600354.922606,1.113635e-02,-1176.968561,496.223775,665.900037,0.200,10.726,0.019,0.000,0.000,0.000
1509,1.509000,399823.451261,-1000174.995685,-600351.544424,1.114192e-02,-1177.277040,496.499396,665.826194,0.196,4.679,0.020,0.000,0.000,0.000
1510,1.510000,399833.663399,-1000181.795516,-600348.132117,1.114754e-02,-1177.512053,496.694643,665.730677,0.182,10.498,0.017,0.000,0.000,0.000
1511,1.511000,399844.960116,-1000188.917024,-600343.956908,1.115441e-02,-1177.644582,497.019436,665.615379,0.203,4.691,0.018,0.000,0.000,0.000
1512,1.512000,399857.067599,-1000196.344065,-600339.276466,1.116212e-02,-1177.721983,497.375542,665.406340,0.186,10.710,0.017,0.000,0.000,0.000
1513,1.513000,399870.338964,-1000204.078389,-600333.739426,1.117124e-02,-1177.800865,497.580925,665.238433,0.189,4.571,0.017,0.000,0.000,0.000
1514,1.514000,399883.600043,-1000212.113952,-600328.513909,1.117985e-02,-1177.973310,497.788002,665.100855,0.176,10.604,0.017,0.000,0.000,0.000
1515,1.515000,399895.366312,-1000220.468907,-600325.102595,1.118547e-02,-1178.221762,498.010653,664.923595,0.210,4.688,0.019,0.000,0.000,0.000
1516,1.516000,399907.510346,-1000229.143729,-600321.633383,1.119118e-02,-1178.464467,498.226855,664.699105,0.191,13.798,0.018,0.000,0.000,0.000
1517,1.517000,399920.037300,-1000238.135155,-600318.097855,1.119701e-02,-1178.710734,498.427615,664.470362,0.184,4.691,0.020,0.000,0.000,0.000
1518,1.518000,399932.793967,-1000247.447028,-600314.653061,1.120268e-02,-1178.928155,498.610826,664.318068,0.183,12.237,0.023,0.000,0.000,0.000
1519,1.519000,399946.361922,-1000257.078114,-600310.716192,1.120916e-02,-1179.033346,498.687527,664.197095,0.174,4.680,0.020,0.000,0.000,0.000
1520,1.520000,399960.401334,-1000267.033815,-600306.632481,1.121589e-02,-1179.183514,498.758416,664.056036,0.172,6.176,0.018,0.000,0.000,0.000
1521,1.521000,399974.050380,-1000277.304911,-600303.254531,1.122146e-02,-1179.462339,498.921261,663.928428,0.171,6.179,0.018,0.000,0.000,0.000
1522,1.522000,399987.768950,-1000287.891074,-600300.122124,1.122661e-02,-1179.674564,499.006209,663.653805,0.179,6.106,0.019,0.000,0.000,0.000
1523,1.523000,400002.331698,-1000298.790019,-600296.458320,1.123265e-02,-1179.835064,499.039771,663.183014,0.172,6.131,0.018,0.000,0.000,0.000
1524,1.524000,400016.629239,-1000310.001336,-600293.372097,1.123773e-02,-1179.988028,499.061886,662.718460,0.170,6.182,0.018,0.000,0.000,0.000
1525,1.525000,400031.071153,-1000321.523856,-600290.452703,1.124254e-02,-1180.161314,499.076424,662.268795,0.175,4.587,0.017,0.000,0.000,0.000
1526,1.526000,400046.275361,-1000333.356942,-600287.081581,1.124809e-02,-1180.353774,499.144862,661.960037,0.176,10.721,0.018,0.000,0.000,0.000
1527,1.527000,400061.444925,-1000345.510668,-600284.065743,1.125306e-02,-1180.576245,499.195601,661.726632,0.174,4.670,0.018,0.000,0.000,0.000
1528,1.528000,400077.123331,-1000357.977559,-600280.854228,1.125835e-02,-1180.773734,499.177947,661.462719,0.172,13.726,0.018,0.000,0.000,0.000
1529,1.529000,400093.618338,-1000370.763448,-600277.145110,1.126446e-02,-1180.900151,499.134099,661.284887,0.215,6.198,0.019,0.000,0.000,0.000
1530,1.530000,400109.951205,-1000383.870271,-600273.919066,1.126977e-02,-1181.018092,499.060277,660.891047,0.190,4.676,0.018,0.000,0.000,0.000
1531,1.531000,400126.142741,-1000397.262631,-600271.119891,1.127439e-02,-1181.097437,498.964908,660.467236,0.181,12.228,0.018,0.000,0.000,0.000
1532,1.532000,400142.749766,-1000410.979737,-600268.229971,1.127915e-02,-1181.130950,498.881653,660.375788,0.184,4.588,0.023,0.000,0.000,0.000
1533,1.533000,400160.150867,-1000425.027727,-600264.876860,1.128467e-02,-1181.213667,498.853502,660.280624,0.183,4.433,0.019,0.000,0.000,0.000
1534,1.534000,400178.268484,-1000439.387165,-600261.118681,1.129086e-02,-1181.472397,498.818933,660.000629,0.224,13.745,0.023,0.000,0.000,0.000
1535,1.535000,400196.251093,-1000454.055054,-600257.803961,1.129632e-02,-1181.714931,498.731616,659.707922,0.201,4.626,0.019,0.000,0.000,0.000
1536,1.536000,400214.558746,-1000469.041912,-600254.483166,1.130179e-02,-1181.779718,498.672697,659.420113,0.180,4.615,0.021,0.000,0.000,0.000
1537,1.537000,400233.812588,-1000484.332475,-600250.519888,1.130832e-02,-1181.786473,498.651859,659.067304,0.184,12.075,0.018,0.000,0.000,0.000
1538,1.538000,400253.673016,-1000499.923891,-600246.250874,1.131535e-02,-1181.790170,498.634078,658.694009,0.190,4.590,0.020,0.000,0.000,0.000
1539,1.539000,400273.530762,-1000515.814395,-600242.283632,1.132188e-02,-1181.816395,498.611505,658.322284,0.187,10.655,0.019,0.000,0.000,0.000
1540,1.540000,400293.425689,-1000532.007877,-600238.582188,1.132798e-02,-1181.866034,498.595428,657.976897,0.176,4.611,0.018,0.000,0.000,0.000
1541,1.541000,400313.582904,-1000548.505120,-600234.922216,1.133401e-02,-1182.017987,498.529071,657.998488,0.182,10.712,0.025,0.000,0.000,0.000
1542,1.542000,400333.457605,-1000565.323796,-600231.866190,1.133904e-02,-1182.248248,498.353392,658.316881,0.176,4.583,0.018,0.000,0.000,0.000
1543,1.543000,400353.443605,-1000582.466805,-600229.023200,1.134372e-02,-1182.403261,498.272237,658.494458,0.183,10.659,0.018,0.000,0.000,0.000
1544,1.544000,400373.740683,-1000599.935779,-600226.195096,1.134838e-02,-1182.545943,498.364129,658.628808,0.174,4.672,0.018,0.000,0.000,0.000
1545,1.545000,400393.722512,-1000617.717141,-600223.994629,1.135201e-02,-1182.835632,498.520340,658.806946,0.173,9.216,0.017,0.000,0.000,0.000
1546,1.546000,400414.242724,-1000635.795834,-600221.553110,1.135603e-02,-1183.201502,498.649170,658.973114,0.172,4.609,0.017,0.000,0.000,0.000
1547,1.547000,400435.215226,-1000654.171676,-600218.956450,1.136031e-02,-1183.543139,498.696099,659.012216,0.219,10.732,0.021,0.000,0.000,0.000
1548,1.548000,400456.155852,-1000672.852098,-600216.696247,1.136403e-02,-1183.763175,498.686395,658.984707,0.199,4.611,0.017,0.000,0.000,0.000
1549,1.549000,400477.383709,-1000691.858512,-600214.474803,1.136769e-02,-1183.983107,498.548363,659.081626,0.193,4.678,0.018,0.000,0.000,0.000
1550,1.550000,400499.633588,-1000711.163100,-600211.529512,1.137254e-02,-1184.381119,498.552023,659.310485,0.187,12.248,0.018,0.000,0.000,0.000
1551,1.551000,400522.770111,-1000730.775797,-600208.005686,1.137834e-02,-1184.632776,498.772104,659.440360,0.190,4.596,0.020,0.000,0.000,0.000
1552,1.552000,400545.869265,-1000750.678146,-600204.808882,1.138361e-02,-1184.783001,499.089150,659.721886,0.182,6.105,0.019,0.000,0.000,0.000
1553,1.553000,400568.987075,-1000770.882402,-600201.895327,1.138841e-02,-1184.996309,499.377344,660.177847,0.179,6.184,0.019,0.000,0.000,0.000
1554,1.554000,400591.652741,-1000791.398576,-600199.745834,1.139195e-02,-1185.078822,499.405569,660.356915,0.185,6.114,0.019,0.000,0.000,0.000
1555,1.555000,400614.044193,-1000812.232105,-600198.187912,1.139451e-02,-1185.124266,499.351536,660.371241,0.205,7.176,0.017,0.000,0.000,0.000
1556,1.556000,400636.894132,-1000833.384853,-600196.490721,1.139731e-02,-1185.253088,499.442499,660.476323,0.202,4.694,0.021,0.000,0.000,0.000
1557,1.557000,400660.852510,-1000854.855429,-600194.002919,1.140141e-02,-1185.710264,499.743008,660.794745,0.187,10.753,0.019,0.000,0.000,0.000
1558,1.558000,400684.762388,-1000876.621236,-600191.858848,1.140494e-02,-1186.174823,500.124393,661.185696,0.175,4.673,0.018,0.000,0.000,0.000
1559,1.559000,400708.517191,-1000898.693147,-600190.175957,1.140771e-02,-1186.371098,500.460638,661.546845,0.174,4.119,0.017,0.000,0.000,0.000
1560,1.560000,400733.148397,-1000921.073847,-600187.925450,1.141142e-02,-1186.622776,500.806703,661.874987,0.172,10.654,0.017,0.000,0.000,0.000
1561,1.561000,400759.032149,-1000943.757041,-600184.724892,1.141669e-02,-1186.781365,501.003650,661.935636,0.206,4.615,0.020,0.000,0.000,0.000
1562,1.562000,400786.303712,-1000966.752500,-600180.448788,1.142373e-02,-1186.918054,501.263988,661.807661,0.171,13.664,0.019,0.000,0.000,0.000
1563,1.563000,400814.040292,-1000990.016580,-600175.976287,1.143110e-02,-1187.145462,501.526161,661.737910,0.172,9.238,0.017,0.000,0.000,0.000
1564,1.564000,400842.244483,-1001013.584791,-600171.340308,1.143874e-02,-1187.347300,501.541429,661.712322,0.171,4.672,0.017,0.000,0.000,0.000
1565,1.565000,400870.762899,-1001037.459578,-600166.696678,1.144638e-02,-1187.544649,501.552007,661.641257,0.172,4.674,0.017,0.000,0.000,0.000
1566,1.566000,400899.052375,-1001061.638735,-600162.586359,1.145315e-02,-1187.662313,501.598122,661.363404,0.175,12.197,0.019,0.000,0.000,0.000
1567,1.567000,400927.107425,-1001086.087886,-600158.980461,1.145909e-02,-1187.745353,501.731360,661.065551,0.172,4.611,0.017,0.000,0.000,0.000
1568,1.568000,400955.099507,-1001110.837977,-600155.738469,1.146443e-02,-1187.879750,501.834690,660.928556,0.177,4.653,0.020,0.000,0.000,0.000
1569,1.569000,400983.631396,-1001135.892238,-600152.260841,1.147016e-02,-1187.951213,501.826556,660.802228,0.226,4.616,0.025,0.000,0.000,0.000
1570,1.570000,401012.616028,-1001161.223453,-600148.607425,1.147618e-02,-1188.058882,501.831034,660.486461,0.196,6.130,0.018,0.000,0.000,0.000
1571,1.571000,401041.724650,-1001186.820436,-600145.095786,1.148196e-02,-1188.158872,501.886714,660.163610,0.185,6.114,0.017,0.000,0.000,0.000
1572,1.572000,401071.231854,-1001212.695449,-600141.463595,1.148795e-02,-1188.177891,501.934840,659.999396,0.177,9.144,0.018,0.000,0.000,0.000
1573,1.573000,401100.960194,-1001238.840141,-600137.879947,1.149385e-02,-1188.232094,502.018503,659.682787,0.186,4.691,0.017,0.000,0.000,0.000
1574,1.574000,401130.766145,-1001265.265069,-600134.498924,1.149942e-02,-1188.274847,502.052617,659.389856,0.226,10.726,0.021,0.000,0.000,0.000
1575,1.575000,401160.625864,-1001291.998241,-600131.372376,1.150457e-02,-1188.367507,501.989141,659.236969,0.192,4.614,0.017,0.000,0.000,0.000
1576,1.576000,401191.330846,-1001319.020016,-600127.689170,1.151063e-02,-1188.533880,501.994373,659.086132,0.186,12.254,0.017,0.000,0.000,0.000
1577,1.577000,401222.935636,-1001346.343508,-600123.407871,1.151769e-02,-1188.672295,502.055526,658.958553,0.262,4.620,0.031,0.000,0.000,0.000
1578,1.578000,401254.729158,-1001373.970792,-600119.241634,1.152455e-02,-1188.826275,502.105905,658.773445,0.197,13.765,0.023,0.000,0.000,0.000
1579,1.579000,401287.040651,-1001401.900683,-600114.860032,1.153177e-02,-1189.010739,502.197951,658.594080,0.189,4.604,0.019,0.000,0.000,0.000
1580,1.580000,401318.425021,-1001430.133784,-600111.708763,1.153696e-02,-1189.055540,502.226452,658.364529,0.198,10.651,0.020,0.000,0.000,0.000
1581,1.581000,401348.849465,-1001458.661082,-600109.811617,1.154008e-02,-1188.993426,502.098269,658.101962,0.178,4.604,0.018,0.000,0.000,0.000
1582,1.582000,401380.937896,-1001487.480883,-600106.542987,1.154547e-02,-1189.099169,502.014982,658.009659,0.191,4.608,0.018,0.000,0.000,0.000
1583,1.583000,401414.134652,-1001516.591551,-600102.456899,1.155220e-02,-1189.325364,502.047352,657.999714,0.191,4.640,0.020,0.000,0.000,0.000
1584,1.584000,401447.717707,-1001546.005257,-600098.287550,1.155906e-02,-1189.548478,502.099805,657.938837,0.175,7.643,0.018,0.000,0.000,0.000
1585,1.585000,401481.805661,-1001575.705234,-600093.899573,1.156629e-02,-1189.814985,502.145212,657.874651,0.175,4.589,0.017,0.000,0.000,0.000
1586,1.586000,401514.744765,-1001605.692607,-600090.947842,1.157115e-02,-1189.998000,502.159645,657.820175,0.172,9.191,0.018,0.000,0.000,0.000
1587,1.587000,401546.528666,-1001635.990642,-600089.461976,1.157360e-02,-1190.086683,502.144403,657.725001,0.222,4.682,0.020,0.000,0.000,0.000
1588,1.588000,401578.772125,-1001666.598135,-600087.826010,1.157629e-02,-1190.157551,502.135897,657.582463,0.207,10.763,0.021,0.000,0.000,0.000
1589,1.589000,401611.491979,-1001697.512274,-600086.020294,1.157927e-02,-1190.358724,502.215809,657.540030,0.185,4.616,0.018,0.000,0.000,0.000
1590,1.590000,401644.650766,-1001728.720381,-600084.069614,1.158248e-02,-1190.526415,502.204408,657.487122,0.183,10.659,0.017,0.000,0.000,0.000
1591,1.591000,401678.403059,-1001760.217786,-600081.814727,1.158620e-02,-1190.587446,502.101196,657.301877,0.183,4.610,0.017,0.000,0.000,0.000
1592,1.592000,401712.668612,-1001792.005402,-600079.336789,1.159028e-02,-1190.703047,502.099556,657.136433,0.180,9.225,0.018,0.000,0.000,0.000
1593,1.593000,401747.157273,-1001824.096235,-600076.938962,1.159423e-02,-1190.759730,502.109159,657.090321,0.186,4.675,0.020,0.000,0.000,0.000
1594,1.594000,401781.736973,-1001856.488343,-600074.751370,1.159783e-02,-1190.824001,502.116784,657.063137,0.173,10.645,0.018,0.000,0.000,0.000
1595,1.595000,401816.848349,-1001889.184970,-600072.336621,1.160181e-02,-1190.931386,502.133377,656.959486,0.178,4.536,0.019,0.000,0.000,0.000
1596,1.596000,401852.465233,-1001922.185687,-600069.720454,1.160612e-02,-1191.055140,502.165382,656.869532,0.174,4.676,0.018,0.000,0.000,0.000
1597,1.597000,401888.687988,-1001955.489835,-600066.801846,1.161092e-02,-1191.190542,502.201436,656.812646,0.179,12.149,0.019,0.000,0.000,0.000
1598,1.598000,401925.126238,-1001989.092000,-600063.965762,1.161560e-02,-1191.339183,502.227728,656.790464,0.174,4.598,0.019,0.000,0.000,0.000
1599,1.599000,401961.473664,-1002022.997917,-600061.524253,1.161962e-02,-1191.571659,502.220892,656.665181,0.177,4.703,0.017,0.000,0.000,0.000
1600,1.600000,401998.696227,-1002057.199074,-600058.502847,1.162459e-02,-1191.840650,502.243111,656.518256,0.172,4.613,0.018,0.000,0.000,0.000
1601,1.601000,402036.236524,-1002091.698990,-600055.462466,1.162960e-02,-1191.990499,502.305886,656.459777,0.182,7.720,0.018,0.000,0.000,0.000
1602,1.602000,402073.548514,-1002126.501232,-600052.952718,1.163374e-02,-1192.080338,502.344536,656.377976,0.172,4.692,0.016,0.000,0.000,0.000
1603,1.603000,402111.045538,-1002161.604517,-600050.558979,1.163768e-02,-1192.156502,502.345205,656.280049,0.173,7.633,0.017,0.000,0.000,0.000
1604,1.604000,402148.787346,-1002197.000750,-600048.213404,1.164154e-02,-1192.197177,502.348945,656.193414,0.170,4.613,0.017,0.000,0.000,0.000
1605,1.605000,402186.932425,-1002232.697884,-600045.765459,1.164557e-02,-1192.298853,502.369586,656.071471,0.172,10.711,0.017,0.000,0.000,0.000
1606,1.606000,402225.092723,-1002268.690507,-600043.597784,1.164914e-02,-1192.478774,502.315410,655.991648,0.183,4.592,0.021,0.000,0.000,0.000
1607,1.607000,402263.130966,-1002304.981102,-600041.850137,1.165202e-02,-1192.655724,502.230842,655.950270,0.186,9.133,0.019,0.000,0.000,0.000
1608,1.608000,402301.172396,-1002341.562428,-600040.390032,1.165443e-02,-1192.864251,502.152433,656.017598,0.172,4.149,0.018,0.000,0.000,0.000
1609,1.609000,402339.909986,-1002378.412313,-600038.502327,1.165754e-02,-1192.994486,502.178506,656.212183,0.192,10.662,0.021,0.000,0.000,0.000
1610,1.610000,402379.077357,-1002415.551950,-600036.474593,1.166088e-02,-1193.031932,502.211524,656.363914,0.171,4.603,0.019,0.000,0.000,0.000
1611,1.611000,402418.566912,-1002452.984725,-600034.417813,1.166426e-02,-1193.175573,502.155202,656.466106,0.171,6.192,0.018,0.000,0.000,0.000
1612,1.612000,402458.831227,-1002490.709960,-600031.878733,1.166845e-02,-1193.382389,502.126936,656.538940,0.174,12.131,0.019,0.000,0.000,0.000
1613,1.613000,402499.466805,-1002528.727761,-600029.260956,1.167276e-02,-1193.551464,502.120130,656.568455,0.174,4.610,0.019,0.000,0.000,0.000
1614,1.614000,402540.220323,-1002567.039863,-600026.819540,1.167678e-02,-1193.707368,502.129259,656.556674,0.172,4.137,0.017,0.000,0.000,0.000
1615,1.615000,402581.124970,-1002605.639365,-600024.514396,1.168058e-02,-1193.873738,502.126597,656.523535,0.331,4.612,0.035,0.000,0.000,0.000
1616,1.616000,402622.362548,-1002644.518984,-600022.156437,1.168446e-02,-1194.041108,502.088365,656.509752,0.196,7.642,0.018,0.000,0.000,0.000
1617,1.617000,402664.538923,-1002683.678445,-600019.139522,1.168943e-02,-1194.135940,502.154792,656.567045,0.182,4.642,0.018,0.000,0.000,0.000
1618,1.618000,402707.329510,-1002723.117254,-600015.787743,1.169495e-02,-1194.167296,502.344919,656.710484,0.192,7.632,0.021,0.000,0.000,0.000
1619,1.619000,402750.487920,-1002762.838870,-600012.350950,1.170061e-02,-1194.304058,502.456882,656.784319,0.177,4.597,0.017,0.000,0.000,0.000
1620,1.620000,402794.093145,-1002802.840844,-600008.747699,1.170655e-02,-1194.460211,502.508339,656.676491,0.187,9.233,0.050,0.000,0.000,0.000
1621,1.621000,402837.272402,-1002843.128810,-600005.856409,1.171131e-02,-1194.557712,502.526728,656.537900,0.172,4.681,0.018,0.000,0.000,0.000
1622,1.622000,402880.417031,-1002883.696680,-600003.279649,1.171555e-02,-1194.659176,502.543309,656.427307,0.174,4.663,0.018,0.000,0.000,0.000
1623,1.623000,402923.867440,-1002924.554042,-600000.686602,1.171982e-02,-1194.667318,502.627694,656.138342,0.177,13.767,0.018,0.000,0.000,0.000
1624,1.624000,402967.819931,-1002965.668908,-599997.848977,1.172450e-02,-1194.666024,502.715054,655.791568,0.174,4.616,0.017,0.000,0.000,0.000
1625,1.625000,403012.204413,-1003007.068377,-599994.863965,1.172942e-02,-1194.749953,502.845207,655.304316,0.198,10.794,0.020,0.000,0.000,0.000
1626,1.626000,403056.741824,-1003048.703700,-599991.961875,1.173420e-02,-1194.841337,502.945526,654.858314,0.186,4.621,0.020,0.000,0.000,0.000
1627,1.627000,403101.769478,-1003090.608798,-599988.839320,1.173934e-02,-1194.911386,502.983411,654.731355,0.170,4.610,0.017,0.000,0.000,0.000
1628,1.628000,403146.190172,-1003132.798723,-599986.608550,1.174301e-02,-1195.229991,503.151063,654.155489,0.304,4.639,0.037,0.000,0.000,0.000
1629,1.629000,403190.358186,-1003175.213361,-599984.855175,1.174590e-02,-1195.552695,503.307066,653.627983,0.200,9.128,0.021,0.000,0.000,0.000
1630,1.630000,403235.171863,-1003217.915264,-599982.743401,1.174938e-02,-1195.603385,503.350007,653.599414,0.195,6.131,0.022,0.000,0.000,0.000
1631,1.631000,403280.268166,-1003260.906741,-599980.638575,1.175285e-02,-1195.698006,503.384212,653.536260,0.179,6.188,0.018,0.000,0.000,0.000
1632,1.632000,403325.929357,-1003304.183178,-599978.253822,1.175677e-02,-1195.977035,503.509286,653.572502,0.189,4.700,0.018,0.000,0.000,0.000
1633,1.633000,403371.729771,-1003347.728961,-599975.999189,1.176049e-02,-1196.298107,503.674003,653.625797,0.176,10.716,0.019,0.000,0.000,0.000
1634,1.634000,403417.323459,-1003391.555855,-599974.232396,1.176340e-02,-1196.480063,503.796411,653.478443,0.172,4.595,0.017,0.000,0.000,0.000
1635,1.635000,403463.357883,-1003435.648471,-599972.290588,1.176660e-02,-1196.751889,503.972333,653.420134,0.174,10.751,0.017,0.000,0.000,0.000
1636,1.636000,403509.681252,-1003480.017326,-599970.336074,1.176982e-02,-1196.995359,504.072228,653.335162,0.172,4.610,0.018,0.000,0.000,0.000
1637,1.637000,403556.722040,-1003524.661832,-599967.939792,1.177376e-02,-1197.186015,504.146146,653.169559,0.172,10.663,0.017,0.000,0.000,0.000
1638,1.638000,403604.633335,-1003569.573234,-599964.939899,1.177870e-02,-1197.538565,504.290080,653.155594,0.210,4.678,0.033,0.000,0.000,0.000
1639,1.639000,403652.504466,-1003614.754954,-599962.250488,1.178313e-02,-1197.845899,504.306713,653.155153,0.175,13.658,0.018,0.000,0.000,0.000
1640,1.640000,403699.668016,-1003660.206384,-599960.538368,1.178595e-02,-1197.892091,504.268858,652.840766,0.173,4.674,0.018,0.000,0.000,0.000
1641,1.641000,403746.248359,-1003705.897090,-599959.648731,1.178742e-02,-1197.828444,504.327529,652.266667,0.175,12.183,0.019,0.000,0.000,0.000
1642,1.642000,403793.660665,-1003751.821779,-599958.161115,1.178987e-02,-1197.937276,504.420235,651.961305,0.186,4.605,0.020,0.000,0.000,0.000
1643,1.643000,403841.524831,-1003798.014269,-599956.489438,1.179262e-02,-1198.105883,504.478948,651.770131,0.172,4.603,0.017,0.000,0.000,0.000
1644,1.644000,403889.698550,-1003844.474964,-599954.776414,1.179544e-02,-1198.213373,504.512920,651.527860,0.198,4.609,0.029,0.000,0.000,0.000
1645,1.645000,403938.946992,-1003891.214160,-599952.267168,1.179958e-02,-1198.362347,504.579318,651.422671,0.172,7.692,0.018,0.000,0.000,0.000
1646,1.646000,403988.119983,-1003938.226990,-599950.107008,1.180314e-02,-1198.453890,504.667674,651.160129,0.199,7.311,0.018,0.000,0.000,0.000
1647,1.647000,404037.618205,-1003985.473619,-599947.855414,1.180684e-02,-1198.546499,504.728215,650.877105,0.184,12.015,0.018,0.000,0.000,0.000
1648,1.648000,404087.552995,-1004032.985993,-599945.432998,1.181083e-02,-1198.676465,504.779602,650.703389,0.174,4.676,0.018,0.000,0.000,0.000
1649,1.649000,404137.566024,-1004080.763062,-599943.197038,1.181452e-02,-1198.811501,504.837701,650.550196,0.188,12.248,0.021,0.000,0.000,0.000
1650,1.650000,404188.497643,-1004128.809474,-599940.311831,1.181927e-02,-1199.145329,505.015191,650.612052,0.171,4.609,0.016,0.000,0.000,0.000
1651,1.651000,404239.408462,-1004177.117302,-599937.708840,1.182356e-02,-1199.639907,505.289844,650.818660,0.174,6.196,0.017,0.000,0.000,0.000
1652,1.652000,404289.628216,-1004225.686886,-599936.058670,1.182628e-02,-1199.914492,505.426890,650.914177,0.169,4.676,0.017,0.000,0.000,0.000
1653,1.653000,404339.384949,-1004274.539804,-599935.154855,1.182776e-02,-1200.000764,505.423346,650.884644,0.168,7.616,0.019,0.000,0.000,0.000
1654,1.654000,404389.369507,-1004323.666484,-599934.296977,1.182918e-02,-1200.013957,505.433058,650.960756,0.184,4.614,0.018,0.000,0.000,0.000
1655,1.655000,404439.716834,-1004373.071711,-599933.354878,1.183073e-02,-1199.884495,505.482762,650.765632,0.219,7.641,0.020,0.000,0.000,0.000
1656,1.656000,404490.454504,-1004422.710498,-599932.255995,1.183254e-02,-1199.859200,505.451645,650.469386,0.194,7.618,0.017,0.000,0.000,0.000
1657,1.657000,404541.182542,-1004472.617025,-599931.434482,1.183389e-02,-1199.747294,505.448423,650.193219,0.192,4.613,0.021,0.000,0.000,0.000
1658,1.658000,404592.022921,-1004522.754593,-599930.731671,1.183505e-02,-1199.575533,505.548299,649.976344,0.176,10.668,0.018,0.000,0.000,0.000
1659,1.659000,404643.397433,-1004573.155300,-599929.757868,1.183665e-02,-1199.553779,505.627578,650.134283,0.194,4.676,0.025,0.000,0.000,0.000
1660,1.660000,404694.952468,-1004623.812301,-599928.859834,1.183813e-02,-1199.611716,505.667217,650.213134,0.176,6.187,0.018,0.000,0.000,0.000
1661,1.661000,404747.126388,-1004674.734825,-599927.608437,1.184019e-02,-1199.779799,505.655671,650.132306,0.178,6.180,0.021,0.000,0.000,0.000
1662,1.662000,404799.623351,-1004725.918035,-599926.294683,1.184236e-02,-1199.847074,505.636493,649.918152,0.174,4.686,0.019,0.000,0.000,0.000
1663,1.663000,404852.335320,-1004777.347779,-599925.012459,1.184447e-02,-1199.769290,505.675178,649.557127,0.218,6.229,0.027,0.000,0.000,0.000
1664,1.664000,404905.278998,-1004829.001682,-599923.722684,1.184659e-02,-1199.690051,505.731775,649.112467,0.174,12.168,0.018,0.000,0.000,0.000
1665,1.665000,404958.293435,-1004880.897527,-599922.604092,1.184844e-02,-1199.718595,505.727284,648.778727,0.176,7.634,0.017,0.000,0.000,0.000
1666,1.666000,405011.364859,-1004933.057746,-599921.692887,1.184994e-02,-1199.805468,505.687259,648.563119,0.172,4.676,0.017,0.000,0.000,0.000
1667,1.667000,405065.081310,-1004985.469439,-599920.388129,1.185209e-02,-1199.858230,505.675415,648.296650,0.172,4.663,0.017,0.000,0.000,0.000
1668,1.668000,405119.250504,-1005038.134100,-599918.883596,1.185456e-02,-1200.094574,505.765116,648.208260,0.293,12.187,0.036,0.000,0.000,0.000
1669,1.669000,405173.216345,-1005091.054593,-599917.838248,1.185629e-02,-1200.312006,505.823293,648.111910,0.281,6.151,0.039,0.000,0.000,0.000
1670,1.670000,405227.675080,-1005144.224142,-599916.549062,1.185841e-02,-1200.369696,505.773420,648.001831,0.273,4.632,0.043,0.000,0.000,0.000
1671,1.671000,405282.824212,-1005197.656258,-599914.832046,1.186124e-02,-1200.397385,505.691105,648.053294,0.261,6.157,0.034,0.000,0.000,0.000
1672,1.672000,405338.013190,-1005251.340564,-599913.327374,1.186372e-02,-1200.449906,505.561577,648.097921,0.227,6.129,0.021,0.000,0.000,0.000
1673,1.673000,405393.200383,-1005305.289747,-599912.089364,1.186576e-02,-1200.532880,505.530406,648.199621,0.231,9.242,0.022,0.000,0.000,0.000
1674,1.674000,405448.469488,-1005359.498550,-599911.029063,1.186750e-02,-1200.521721,505.569756,648.246342,0.219,4.693,0.024,0.000,0.000,0.000
1675,1.675000,405503.932420,-1005413.974617,-599910.042197,1.186913e-02,-1200.518663,505.557535,648.215622,0.263,11.419,0.024,0.000,0.000,0.000
1676,1.676000,405559.818924,-1005468.719808,-599908.900884,1.187101e-02,-1200.588240,505.560224,648.134459,0.232,4.604,0.021,0.000,0.000,0.000
1677,1.677000,405616.120027,-1005523.727975,-599907.607948,1.187314e-02,-1200.702326,505.588351,647.996185,0.202,10.723,0.020,0.000,0.000,0.000
1678,1.678000,405672.763746,-1005579.004080,-599906.240333,1.187539e-02,-1200.760044,505.622024,648.028983,0.198,4.613,0.017,0.000,0.000,0.000
1679,1.679000,405729.653912,-1005634.534833,-599904.880921,1.187763e-02,-1200.738421,505.633614,648.117234,0.195,10.674,0.018,0.000,0.000,0.000
1680,1.680000,405786.588331,-1005690.324244,-599903.735913,1.187951e-02,-1200.755633,505.600833,648.218648,0.211,4.698,0.017,0.000,0.000,0.000
1681,1.681000,405843.498199,-1005746.360379,-599902.862180,1.188095e-02,-1200.794367,505.654344,648.426520,0.194,10.734,0.018,0.000,0.000,0.000
1682,1.682000,405900.844915,-1005802.652972,-599901.808057,1.188269e-02,-1200.806048,505.785428,648.611947,0.195,4.676,0.020,0.000,0.000,0.000
1683,1.683000,405958.226786,-1005859.207318,-599900.980532,1.188405e-02,-1200.862484,505.772876,648.737484,0.191,13.688,0.017,0.000,0.000,0.000
1684,1.684000,406015.938383,-1005916.008772,-599900.070390,1.188555e-02,-1200.963024,505.720733,648.767219,0.182,9.152,0.017,0.000,0.000,0.000
1685,1.685000,406073.936880,-1005973.076588,-599899.139709,1.188709e-02,-1201.036845,505.615985,648.782744,0.184,4.690,0.018,0.000,0.000,0.000
1686,1.686000,406132.196192,-1006030.386248,-599898.190057,1.188865e-02,-1201.109075,505.508589,648.799943,0.186,7.648,0.017,0.000,0.000,0.000
1687,1.687000,406190.678036,-1006087.959846,-599897.281810,1.189015e-02,-1201.163860,505.390463,648.900112,0.178,4.691,0.017,0.000,0.000,0.000
1688,1.688000,406249.405675,-1006145.762538,-599896.356863,1.189167e-02,-1201.222468,505.272791,648.991871,0.185,10.662,0.024,0.000,0.000,0.000
1689,1.689000,406309.204890,-1006203.827595,-599894.622705,1.189453e-02,-1201.412407,505.295781,649.029458,0.181,4.524,0.018,0.000,0.000,0.000
1690,1.690000,406369.243056,-1006262.133271,-599892.890215,1.189738e-02,-1201.597709,505.292724,649.086483,0.194,10.674,0.022,0.000,0.000,0.000
1691,1.691000,406429.077328,-1006320.696077,-599891.618750,1.189947e-02,-1201.692650,505.258083,649.044800,0.189,4.679,0.019,0.000,0.000,0.000
1692,1.692000,406489.218923,-1006379.514260,-599890.295337,1.190165e-02,-1201.794021,505.220422,649.049308,0.200,10.746,0.019,0.000,0.000,0.000
1693,1.693000,406549.481531,-1006438.583337,-599889.101806,1.190362e-02,-1201.844502,505.131517,649.109907,0.185,4.685,0.018,0.000,0.000,0.000
1694,1.694000,406610.332662,-1006497.897062,-599887.564400,1.190615e-02,-1201.930439,505.119454,649.239256,0.194,10.244,0.020,0.000,0.000,0.000
1695,1.695000,406671.978877,-1006557.442549,-599885.463672,1.190961e-02,-1202.103383,505.229409,649.449932,0.225,4.211,0.021,0.000,0.000,0.000
1696,1.696000,406733.348912,-1006617.220505,-599883.871593,1.191223e-02,-1202.125816,505.252166,649.565268,0.205,10.675,0.019,0.000,0.000,0.000
1697,1.697000,406794.692048,-1006677.228994,-599882.536946,1.191443e-02,-1202.058905,505.170736,649.597725,0.196,4.620,0.018,0.000,0.000,0.000
1698,1.698000,406856.273506,-1006737.481506,-599881.208000,1.191662e-02,-1202.021594,505.072500,649.623221,0.196,10.731,0.020,0.000,0.000,0.000
1699,1.699000,406918.458790,-1006797.969389,-599879.510599,1.191942e-02,-1201.997575,505.020478,649.684725,0.191,4.545,0.017,0.000,0.000,0.000
1700,1.700000,406980.998536,-1006858.670419,-599877.671883,1.192245e-02,-1202.043863,505.151094,649.780080,0.180,10.661,0.018,0.000,0.000,0.000
1701,1.701000,407043.245621,-1006919.573090,-599876.327469,1.192466e-02,-1202.043911,505.262023,649.788692,0.188,4.614,0.018,0.000,0.000,0.000
1702,1.702000,407106.065101,-1006980.711455,-599874.646354,1.192743e-02,-1202.041311,505.240728,649.787302,0.179,10.643,0.017,0.000,0.000,0.000
1703,1.703000,407169.449459,-1007042.088935,-599872.639476,1.193073e-02,-1202.050019,505.209850,649.772792,0.265,4.678,0.035,0.000,0.000,0.000
1704,1.704000,407233.283284,-1007103.695175,-599870.411890,1.193440e-02,-1202.088652,505.181546,649.802097,0.175,4.611,0.018,0.000,0.000,0.000
1705,1.705000,407297.200626,-1007165.527196,-599868.326570,1.193784e-02,-1202.158146,505.187489,649.840074,0.172,10.759,0.018,0.000,0.000,0.000
1706,1.706000,407361.166646,-1007227.597244,-599866.430598,1.194096e-02,-1202.179885,505.191740,649.792346,0.175,6.175,0.020,0.000,0.000,0.000
1707,1.707000,407424.145536,-1007289.902562,-599865.757025,1.194207e-02,-1201.851329,505.077889,649.696427,0.183,6.189,0.019,0.000,0.000,0.000
1708,1.708000,407485.668456,-1007352.361401,-599866.692945,1.194053e-02,-1201.139507,504.898366,649.111062,0.224,7.641,0.021,0.000,0.000,0.000
1709,1.709000,407547.053426,-1007414.960360,-599867.906934,1.193853e-02,-1200.500954,504.818417,648.079510,0.225,4.615,0.023,0.000,0.000,0.000
1710,1.710000,407608.889104,-1007477.694586,-599868.805482,1.193705e-02,-1199.904167,504.765470,647.141739,0.229,6.137,0.032,0.000,0.000,0.000
1711,1.711000,407672.131913,-1007540.592404,-599868.460491,1.193762e-02,-1199.621098,504.777978,646.652106,0.231,10.726,0.023,0.000,0.000,0.000
1712,1.712000,407736.225706,-1007603.701027,-599867.475321,1.193924e-02,-1199.771031,504.897864,646.556646,0.205,4.638,0.018,0.000,0.000,0.000
1713,1.713000,407800.859563,-1007667.028648,-599866.169084,1.194139e-02,-1199.903942,505.193506,646.375110,0.201,10.706,0.020,0.000,0.000,0.000
1714,1.714000,407865.758758,-1007730.542822,-599864.784064,1.194367e-02,-1199.900940,505.440388,646.044515,0.190,6.193,0.017,0.000,0.000,0.000
1715,1.715000,407930.509906,-1007794.249147,-599863.739241,1.194539e-02,-1199.879256,505.553063,645.689518,0.191,4.686,0.017,0.000,0.000,0.000
1716,1.716000,407995.640185,-1007858.148464,-599862.508279,1.194742e-02,-1199.822813,505.706746,645.369324,0.194,4.595,0.020,0.000,0.000,0.000
1717,1.717000,408060.917200,-1007922.250877,-599861.333677,1.194936e-02,-1199.753688,505.860763,645.056099,0.221,9.213,0.019,0.000,0.000,0.000
1718,1.718000,408126.074957,-1007986.539717,-599860.464760,1.195079e-02,-1199.747346,506.027459,644.692918,0.188,4.677,0.019,0.000,0.000,0.000
1719,1.719000,408191.722270,-1008051.012780,-599859.290510,1.195272e-02,-1199.823023,506.142172,644.493317,0.192,9.116,0.018,0.000,0.000,0.000
1720,1.720000,408258.087634,-1008115.694898,-599857.607264,1.195549e-02,-1199.947407,506.180565,644.469055,0.202,4.677,0.019,0.000,0.000,0.000
1721,1.721000,408324.094752,-1008180.582086,-599856.487334,1.195734e-02,-1200.008961,506.157579,644.488205,0.179,4.590,0.018,0.000,0.000,0.000
1722,1.722000,408389.478090,-1008245.667449,-599856.189359,1.195783e-02,-1200.024867,506.102536,644.551298,0.177,7.652,0.018,0.000,0.000,0.000
1723,1.723000,408455.442624,-1008310.941791,-599855.499167,1.195897e-02,-1200.061465,506.142741,644.610719,0.172,4.604,0.018,0.000,0.000,0.000
1724,1.724000,408522.085025,-1008376.408217,-599854.323192,1.196090e-02,-1200.123543,506.219835,644.665610,0.180,12.218,0.019,0.000,0.000,0.000
1725,1.725000,408588.551654,-1008442.070383,-599853.518728,1.196223e-02,-1200.088345,506.267417,644.562845,0.174,4.588,0.018,0.000,0.000,0.000
1726,1.726000,408655.309502,-1008507.902623,-599852.593121,1.196375e-02,-1200.009835,506.370384,644.255868,0.174,4.674,0.017,0.000,0.000,0.000
1727,1.727000,408721.347461,-1008573.913300,-599852.565839,1.196380e-02,-1199.602986,506.402298,643.355724,0.171,4.623,0.018,0.000,0.000,0.000
1728,1.728000,408786.002507,-1008640.010587,-599854.008080,1.196142e-02,-1198.821130,506.332790,641.912805,0.176,7.627,0.018,0.000,0.000,0.000
1729,1.729000,408851.766845,-1008706.188687,-599854.421842,1.196074e-02,-1198.404098,506.317110,641.006450,0.171,4.602,0.017,0.000,0.000,0.000
1730,1.730000,408917.375971,-1008772.535125,-599855.159155,1.195953e-02,-1197.914997,506.270681,640.044205,0.183,9.229,0.021,0.000,0.000,0.000
1731,1.731000,408981.640296,-1008838.943404,-599857.303108,1.195600e-02,-1196.990993,506.103254,638.475235,0.172,4.596,0.018,0.000,0.000,0.000
1732,1.732000,409045.667443,-1008905.417966,-599859.750523,1.195196e-02,-1196.106377,505.068454,637.328001,0.168,10.739,0.018,0.000,0.000,0.000
1733,1.733000,409110.434058,-1008971.928851,-599861.494793,1.194909e-02,-1195.428396,504.130623,636.510087,0.172,4.609,0.017,0.000,0.000,0.000
1734,1.734000,409175.941321,-1009038.545935,-599862.604614,1.194726e-02,-1194.916507,504.106552,635.613665,0.173,4.673,0.018,0.000,0.000,0.000
1735,1.735000,409242.436181,-1009105.262186,-599862.826005,1.194690e-02,-1194.729283,504.078259,635.199824,0.190,10.646,0.019,0.000,0.000,0.000
1736,1.736000,409310.370242,-1009172.159923,-599861.789681,1.194861e-02,-1194.870632,504.065128,635.243749,0.349,4.807,0.062,0.000,0.000,0.000
1737,1.737000,409378.557983,-1009239.237673,-599860.679690,1.195043e-02,-1194.874964,503.984682,635.331003,0.278,6.238,0.041,0.000,0.000,0.000
1738,1.738000,409447.143137,-1009306.494720,-599859.351584,1.195262e-02,-1194.876044,503.936111,635.399634,0.237,6.190,0.022,0.000,0.000,0.000
1739,1.739000,409516.234593,-1009373.935799,-599857.701206,1.195534e-02,-1194.942744,503.955610,635.414304,0.233,6.122,0.023,0.000,0.000,0.000
1740,1.740000,409585.604185,-1009441.574664,-599855.970478,1.195819e-02,-1195.037279,503.938810,635.404584,0.216,6.132,0.021,0.000,0.000,0.000
1741,1.741000,409655.018091,-1009509.392853,-599854.374761,1.196082e-02,-1195.231119,503.909835,635.368381,0.205,5.758,0.021,0.000,0.000,0.000
1742,1.742000,409724.884670,-1009577.389268,-599852.504598,1.196390e-02,-1195.469742,503.847448,635.418339,0.206,4.593,0.018,0.000,0.000,0.000
1743,1.743000,409794.736691,-1009645.548417,-599850.811726,1.196669e-02,-1195.708054,503.813305,635.481058,0.202,12.144,0.018,0.000,0.000,0.000
1744,1.744000,409864.212253,-1009713.885167,-599849.672914,1.196856e-02,-1195.892669,503.792333,635.461805,0.200,4.676,0.019,0.000,0.000,0.000
1745,1.745000,409934.020079,-1009782.396782,-599848.376703,1.197070e-02,-1196.001081,503.534149,635.430767,0.200,13.739,0.020,0.000,0.000,0.000
1746,1.746000,410004.293804,-1009851.055843,-599846.762039,1.197336e-02,-1196.085891,503.276808,635.426614,0.195,9.175,0.019,0.000,0.000,0.000
1747,1.747000,410073.400708,-1009919.885275,-599846.484566,1.197382e-02,-1195.988612,503.057937,635.004568,0.202,4.671,0.023,0.000,0.000,0.000
1748,1.748000,410142.322355,-1009988.790100,-599846.467745,1.197384e-02,-1195.908915,502.803310,634.561287,0.186,9.188,0.018,0.000,0.000,0.000
1749,1.749000,410213.044378,-1010057.861139,-599844.816761,1.197656e-02,-1195.990849,502.716256,634.562896,0.279,10.674,0.034,0.000,0.000,0.000
1750,1.750000,410283.493161,-1010127.116970,-599843.623809,1.197853e-02,-1196.073794,502.609904,634.625824,0.245,12.171,0.025,0.000,0.000,0.000
1751,1.751000,410353.307754,-1010196.526658,-599843.218904,1.197919e-02,-1196.233564,502.483840,634.721857,0.221,4.613,0.019,0.000,0.000,0.000
1752,1.752000,410423.550142,-1010266.100186,-599842.550044,1.198030e-02,-1196.375740,502.306064,634.818478,0.229,4.613,0.021,0.000,0.000,0.000
1753,1.753000,410493.877709,-1010335.825039,-599841.947330,1.198129e-02,-1196.544893,502.137306,634.909619,0.305,4.601,0.051,0.000,0.000,0.000
1754,1.754000,410565.292360,-1010405.707868,-599840.415509,1.198381e-02,-1196.740029,502.086495,635.035148,0.221,7.707,0.021,0.000,0.000,0.000
1755,1.755000,410637.433061,-1010475.747417,-599838.314356,1.198727e-02,-1196.910718,502.051263,635.162519,0.200,7.716,0.018,0.000,0.000,0.000
1756,1.756000,410708.632333,-1010545.951155,-599837.318822,1.198891e-02,-1197.035079,501.933428,635.236645,0.203,11.698,0.019,0.000,0.000,0.000
1757,1.757000,410779.476660,-1010616.315626,-599836.838966,1.198970e-02,-1197.127624,501.762505,635.320619,0.241,4.668,0.023,0.000,0.000,0.000
1758,1.758000,410851.156828,-1010686.839499,-599835.682670,1.199161e-02,-1197.127048,501.599232,635.538053,0.255,12.204,0.038,0.000,0.000,0.000
1759,1.759000,410923.293836,-1010757.516433,-599834.222597,1.199401e-02,-1197.036755,501.207379,635.828271,0.221,4.620,0.021,0.000,0.000,0.000
1760,1.760000,410994.712522,-1010828.342924,-599833.630402,1.199499e-02,-1196.917185,500.750565,636.058900,0.204,4.372,0.019,0.000,0.000,0.000
1761,1.761000,411066.547102,-1010899.317675,-599832.770573,1.199640e-02,-1196.841720,500.551381,636.192877,0.265,4.694,0.018,0.000,0.000,0.000
1762,1.762000,411138.891527,-1010970.469039,-599831.577513,1.199837e-02,-1196.819752,500.348859,636.429582,0.195,6.117,0.018,0.000,0.000,0.000
1763,1.763000,411210.632890,-1011041.751974,-599831.119084,1.199912e-02,-1196.689097,500.014988,636.742985,0.190,6.134,0.018,0.000,0.000,0.000
1764,1.764000,411282.618124,-1011113.186421,-599830.568297,1.200003e-02,-1196.592148,499.765925,636.898521,0.185,7.650,0.018,0.000,0.000,0.000
1765,1.765000,411354.760162,-1011184.778138,-599830.017976,1.200094e-02,-1196.505401,499.485553,637.086726,0.184,9.214,0.018,0.000,0.000,0.000
1766,1.766000,411425.876747,-1011256.515182,-599830.638435,1.199992e-02,-1196.266993,499.248914,636.916096,0.182,4.614,0.018,0.000,0.000,0.000
1767,1.767000,411497.193261,-1011328.339831,-599831.146569,1.199908e-02,-1196.150615,499.121071,636.686706,0.185,10.675,0.026,0.000,0.000,0.000
1768,1.768000,411569.137644,-1011400.314158,-599831.176514,1.199903e-02,-1196.132952,498.641464,636.898844,0.192,6.203,0.023,0.000,0.000,0.000
1769,1.769000,411640.983131,-1011472.407799,-599831.424668,1.199862e-02,-1196.101014,497.928277,637.150287,0.186,6.115,0.019,0.000,0.000,0.000
1770,1.770000,411713.023916,-1011544.627823,-599831.603906,1.199833e-02,-1196.039633,497.296340,637.456207,0.180,7.708,0.018,0.000,0.000,0.000
1771,1.771000,411785.073009,-1011616.958754,-599831.885745,1.199786e-02,-1195.903996,496.823600,637.778171,0.221,4.684,0.021,0.000,0.000,0.000
1772,1.772000,411857.664077,-1011689.417289,-599831.753212,1.199808e-02,-1195.862040,496.503505,637.987592,0.226,6.142,0.025,0.000,0.000,0.000
1773,1.773000,411930.469001,-1011762.012686,-599831.543685,1.199843e-02,-1195.770449,495.985550,638.187696,0.223,4.685,0.021,0.000,0.000,0.000
1774,1.774000,412003.246291,-1011834.739396,-599831.493105,1.199851e-02,-1195.441781,495.355826,638.257841,0.193,9.211,0.018,0.000,0.000,0.000
1775,1.775000,412077.219872,-1011907.580187,-599830.360316,1.200037e-02,-1195.133707,494.770155,638.302931,0.215,4.697,0.020,0.000,0.000,0.000
1776,1.776000,412151.148273,-1011980.558781,-599829.410508,1.200194e-02,-1194.970728,494.145683,638.475164,0.227,10.764,0.030,0.000,0.000,0.000
1777,1.777000,412223.317951,-1012053.670158,-599830.352207,1.200039e-02,-1194.563168,493.914708,638.061986,0.240,4.671,0.026,0.000,0.000,0.000
1778,1.778000,412295.576656,-1012126.848897,-599831.272240,1.199887e-02,-1194.151979,494.029736,637.384163,0.258,12.313,0.022,0.000,0.000,0.000
1779,1.779000,412368.643319,-1012200.128201,-599831.484882,1.199852e-02,-1193.930843,493.887053,636.960455,0.209,4.695,0.021,0.000,0.000,0.000
1780,1.780000,412441.792061,-1012273.520085,-599831.728024,1.199812e-02,-1193.631021,493.503717,636.586101,0.199,4.677,0.018,0.000,0.000,0.000
1781,1.781000,412515.959631,-1012347.010999,-599831.051368,1.199924e-02,-1193.311119,493.317915,636.504000,0.190,13.766,0.018,0.000,0.000,0.000
1782,1.782000,412590.436307,-1012420.633429,-599830.197122,1.200064e-02,-1193.087604,493.244456,636.516472,0.224,4.688,0.020,0.000,0.000,0.000
1783,1.783000,412664.925014,-1012494.361803,-599829.436789,1.200190e-02,-1193.060275,493.184420,636.337501,0.236,4.647,0.030,0.000,0.000,0.000
1784,1.784000,412739.907727,-1012568.225855,-599828.318128,1.200374e-02,-1192.981437,493.179700,636.049202,0.228,10.689,0.021,0.000,0.000,0.000
1785,1.785000,412814.601071,-1012642.215897,-599827.614825,1.200490e-02,-1192.899391,493.120285,635.812139,0.219,4.684,0.019,0.000,0.000,0.000
1786,1.786000,412887.728428,-1012716.322289,-599828.593861,1.200328e-02,-1192.457207,493.067878,635.200237,0.207,12.182,0.017,0.000,0.000,0.000
1787,1.787000,412961.982230,-1012790.476383,-599828.494153,1.200345e-02,-1191.905306,493.000646,634.793784,0.238,4.612,0.023,0.000,0.000,0.000
1788,1.788000,413036.759071,-1012864.780718,-599828.021647,1.200423e-02,-1191.349803,492.900081,634.463915,0.230,12.169,0.021,0.000,0.000,0.000
1789,1.789000,413107.832509,-1012939.114644,-599831.282135,1.199886e-02,-1190.398768,492.470954,633.493393,0.344,4.707,0.050,0.000,0.000,0.000
1790,1.790000,413179.219857,-1013013.420219,-599834.200362,1.199405e-02,-1189.812368,491.848113,633.105314,0.213,13.757,0.020,0.000,0.000,0.000
1791,1.791000,413252.632726,-1013087.809706,-599835.176980,1.199244e-02,-1189.631325,491.286284,633.404778,0.202,10.757,0.019,0.000,0.000,0.000
1792,1.792000,413326.449033,-1013162.282573,-599835.833541,1.199136e-02,-1189.446707,490.875128,633.363714,0.211,4.683,0.020,0.000,0.000,0.000
1793,1.793000,413401.768499,-1013236.856662,-599835.088163,1.199259e-02,-1189.311281,490.706700,633.038700,0.225,13.686,0.020,0.000,0.000,0.000
1794,1.794000,413478.333940,-1013311.571886,-599833.237947,1.199563e-02,-1189.220557,490.626473,632.979682,0.225,4.547,0.019,0.000,0.000,0.000
1795,1.795000,413555.368931,-1013386.428124,-599831.059193,1.199922e-02,-1189.122804,490.539057,632.990759,0.245,12.286,0.024,0.000,0.000,0.000
1796,1.796000,413630.478088,-1013461.434169,-599830.956081,1.199939e-02,-1188.597111,490.401784,632.009204,0.228,4.686,0.028,0.000,0.000,0.000
1797,1.797000,413702.983798,-1013536.450603,-599833.466805,1.199526e-02,-1187.609512,490.292915,630.148678,0.201,6.130,0.020,0.000,0.000,0.000
1798,1.798000,413777.892307,-1013611.476576,-599833.584269,1.199506e-02,-1187.110005,490.186577,629.167765,0.198,6.198,0.019,0.000,0.000,0.000
1799,1.799000,413854.797797,-1013686.647054,-599831.849257,1.199792e-02,-1187.029906,490.074779,628.962970,0.216,4.677,0.021,0.000,0.000,0.000
1800,1.800000,413929.249806,-1013761.943263,-599832.693457,1.199653e-02,-1186.463122,489.971784,627.771523,0.188,7.525,0.018,0.000,0.000,0.000
1801,1.801000,414004.016828,-1013837.238320,-599833.221492,1.199566e-02,-1185.963519,489.832651,626.761049,0.186,12.202,0.019,0.000,0.000,0.000
1802,1.802000,414081.037673,-1013912.679715,-599831.642043,1.199826e-02,-1185.928572,489.752376,626.717571,0.182,4.673,0.017,0.000,0.000,0.000
1803,1.803000,414157.939393,-1013988.257791,-599830.318398,1.200044e-02,-1185.866495,489.669118,626.659129,0.196,13.586,0.035,0.000,0.000,0.000
1804,1.804000,414235.425028,-1014063.986476,-599828.561448,1.200334e-02,-1185.843352,489.588539,626.605730,0.196,6.177,0.018,0.000,0.000,0.000
1805,1.805000,414313.352765,-1014139.854638,-599826.501873,1.200673e-02,-1185.836443,489.509236,626.528087,0.188,4.417,0.017,0.000,0.000,0.000
1806,1.806000,414390.922277,-1014215.862659,-599824.940383,1.200930e-02,-1185.749535,489.301979,626.593426,0.195,6.197,0.020,0.000,0.000,0.000
1807,1.807000,414468.576023,-1014291.997678,-599823.421655,1.201180e-02,-1185.686423,489.070096,626.708322,0.184,6.190,0.022,0.000,0.000,0.000
1808,1.808000,414546.422727,-1014368.270736,-599821.848009,1.201440e-02,-1185.728504,488.693575,626.894663,0.181,4.675,0.021,0.000,0.000,0.000
1809,1.809000,414624.271249,-1014444.672628,-599820.401379,1.201678e-02,-1185.780718,488.462889,627.045330,0.181,9.226,0.019,0.000,0.000,0.000
1810,1.810000,414701.899821,-1014521.217018,-599819.317197,1.201856e-02,-1185.746713,488.447380,627.060045,0.254,4.669,0.047,0.000,0.000,0.000
1811,1.811000,414779.374217,-1014597.896883,-599818.522666,1.201987e-02,-1185.649991,488.357469,627.066691,0.191,9.144,0.018,0.000,0.000,0.000
1812,1.812000,414857.426753,-1014674.712937,-599817.286184,1.202191e-02,-1185.632475,488.278410,627.062191,0.190,7.701,0.018,0.000,0.000,0.000
1813,1.813000,414935.986905,-1014751.668959,-599815.682054,1.202455e-02,-1185.670131,488.121775,627.106553,0.207,4.609,0.025,0.000,0.000,0.000
1814,1.814000,415014.873502,-1014828.762606,-599813.889104,1.202750e-02,-1185.704722,487.995703,627.150100,0.189,10.735,0.019,0.000,0.000,0.000
1815,1.815000,415093.979781,-1014905.998513,-599812.018732,1.203059e-02,-1185.751146,487.990053,627.124708,0.248,4.688,0.029,0.000,0.000,0.000
1816,1.816000,415173.136560,-1014983.375772,-599810.239212,1.203352e-02,-1185.799474,487.991592,627.084208,0.203,4.624,0.017,0.000,0.000,0.000
1817,1.817000,415251.736675,-1015060.892064,-599809.155389,1.203530e-02,-1185.736504,487.896442,627.185736,0.196,10.724,0.019,0.000,0.000,0.000
1818,1.818000,415329.713770,-1015138.524213,-599808.810443,1.203587e-02,-1185.547368,487.658164,627.437894,0.189,4.687,0.017,0.000,0.000,0.000
1819,1.819000,415408.058455,-1015216.269510,-599808.211055,1.203686e-02,-1185.316608,487.328892,627.669814,0.180,11.998,0.017,0.000,0.000,0.000
1820,1.820000,415486.484983,-1015294.129596,-599807.644613,1.203779e-02,-1185.061088,486.954877,627.868100,0.195,4.678,0.020,0.000,0.000,0.000
1821,1.821000,415565.033901,-1015372.105646,-599807.071745,1.203873e-02,-1184.781770,486.662428,628.027111,0.184,13.661,0.018,0.000,0.000,0.000
1822,1.822000,415643.961683,-1015450.207662,-599806.245978,1.204009e-02,-1184.488768,486.473880,628.146461,0.177,12.219,0.018,0.000,0.000,0.000
1823,1.823000,415722.950739,-1015528.423939,-599805.473200,1.204137e-02,-1184.249974,486.296352,628.168995,0.190,4.676,0.018,0.000,0.000,0.000
1824,1.824000,415802.284832,-1015606.757790,-599804.472958,1.204301e-02,-1184.090506,486.167141,628.172522,0.178,13.778,0.023,0.000,0.000,0.000
1825,1.825000,415881.830332,-1015685.227430,-599803.397098,1.204479e-02,-1183.898307,486.046414,628.265714,0.187,4.602,0.018,0.000,0.000,0.000
1826,1.826000,415961.395812,-1015763.822289,-599802.426477,1.204638e-02,-1183.628163,485.883746,628.370492,0.173,4.603,0.018,0.000,0.000,0.000
1827,1.827000,416040.887718,-1015842.536632,-599801.648913,1.204767e-02,-1183.360154,485.720895,628.474631,0.174,10.750,0.018,0.000,0.000,0.000
1828,1.828000,416120.593190,-1015921.375329,-599800.782139,1.204909e-02,-1183.191970,485.478949,628.592531,0.219,4.626,0.023,0.000,0.000,0.000
1829,1.829000,416200.424251,-1016000.338180,-599799.913930,1.205052e-02,-1183.073703,485.266696,628.668274,0.192,12.261,0.020,0.000,0.000,0.000
1830,1.830000,416281.022956,-1016079.421865,-599798.398910,1.205302e-02,-1182.975372,485.046428,628.755936,0.193,4.663,0.018,0.000,0.000,0.000
1831,1.831000,416362.223568,-1016158.621626,-599796.398058,1.205631e-02,-1182.976279,484.879881,628.866259,0.216,10.655,0.024,0.000,0.000,0.000
1832,1.832000,416443.047260,-1016237.949955,-599794.902695,1.205878e-02,-1183.012544,484.869150,628.938016,0.227,4.693,0.023,0.000,0.000,0.000
1833,1.833000,416523.512123,-1016317.406361,-599793.894238,1.206044e-02,-1182.896388,484.734239,629.011250,0.200,10.737,0.019,0.000,0.000,0.000
1834,1.834000,416604.025151,-1016396.976121,-599792.950969,1.206199e-02,-1182.775112,484.567140,629.032063,0.202,4.684,0.018,0.000,0.000,0.000
1835,1.835000,416684.369885,-1016476.680601,-599792.310716,1.206305e-02,-1182.631728,484.440632,628.999950,0.201,12.149,0.019,0.000,0.000,0.000
1836,1.836000,416764.808946,-1016556.486208,-599791.677261,1.206409e-02,-1182.499443,484.335546,629.029924,0.184,4.614,0.018,0.000,0.000,0.000
1837,1.837000,416845.145009,-1016636.411904,-599791.266895,1.206477e-02,-1182.288712,484.180138,629.034409,0.182,13.703,0.019,0.000,0.000,0.000
1838,1.838000,416924.179303,-1016716.415374,-599792.236071,1.206317e-02,-1181.982984,484.011076,629.062636,0.198,13.697,0.019,0.000,0.000,0.000
1839,1.839000,417003.688583,-1016796.491075,-599792.802492,1.206224e-02,-1181.741347,483.819360,629.149289,0.183,4.680,0.018,0.000,0.000,0.000
1840,1.840000,417083.932503,-1016876.672343,-599792.739840,1.206234e-02,-1181.450415,483.581288,629.206573,0.206,4.678,0.020,0.000,0.000,0.000
1841,1.841000,417163.988821,-1016956.945806,-599792.956985,1.206198e-02,-1181.268802,483.477224,629.261903,0.183,10.671,0.020,0.000,0.000,0.000
1842,1.842000,417244.695146,-1017037.301799,-599792.606654,1.206256e-02,-1181.185379,483.398337,629.342892,0.191,4.679,0.020,0.000,0.000,0.000
1843,1.843000,417325.778436,-1017117.769666,-599791.991230,1.206357e-02,-1181.052915,483.198465,629.516395,0.184,10.692,0.019,0.000,0.000,0.000
1844,1.844000,417406.818045,-1017198.325408,-599791.507363,1.206437e-02,-1180.818876,482.966325,629.675959,0.182,4.673,0.018,0.000,0.000,0.000
1845,1.845000,417488.234926,-1017278.985834,-599790.750909,1.206562e-02,-1180.490678,482.761452,629.752469,0.181,12.249,0.020,0.000,0.000,0.000
1846,1.846000,417570.189764,-1017359.743566,-599789.553802,1.206759e-02,-1180.228201,482.606166,629.767320,0.179,4.604,0.017,0.000,0.000,0.000
1847,1.847000,417652.165848,-1017440.619442,-599788.453594,1.206940e-02,-1179.984955,482.431403,629.766908,0.214,10.665,0.032,0.000,0.000,0.000
1848,1.848000,417733.727197,-1017521.594070,-599787.866873,1.207037e-02,-1179.620397,482.094900,629.826653,0.174,4.692,0.017,0.000,0.000,0.000
1849,1.849000,417815.849228,-1017602.661059,-599786.811831,1.207210e-02,-1179.391879,481.812085,629.920689,0.218,4.638,0.021,0.000,0.000,0.000
1850,1.850000,417897.716768,-1017683.839893,-599786.123125,1.207324e-02,-1179.208741,481.448288,630.036387,0.200,13.687,0.017,0.000,0.000,0.000
1851,1.851000,417979.380938,-1017765.094288,-599785.713350,1.207391e-02,-1178.944847,481.023560,630.170002,0.193,6.185,0.020,0.000,0.000,0.000
1852,1.852000,418061.405821,-1017846.442794,-599785.036973,1.207503e-02,-1178.647436,480.780918,630.254121,0.179,6.213,0.017,0.000,0.000,0.000
1853,1.853000,418142.906916,-1017927.876102,-599784.969186,1.207514e-02,-1178.364345,480.510081,630.302166,0.182,4.383,0.017,0.000,0.000,0.000
1854,1.854000,418224.835819,-1018009.377720,-599784.541901,1.207584e-02,-1178.171990,480.197858,630.305730,0.230,7.700,0.021,0.000,0.000,0.000
1855,1.855000,418307.820612,-1018090.976912,-599783.156300,1.207813e-02,-1178.013113,479.912506,630.260727,0.205,4.609,0.020,0.000,0.000,0.000
1856,1.856000,418390.732529,-1018172.678535,-599781.946006,1.208012e-02,-1177.839884,479.716260,630.276473,0.236,12.096,0.023,0.000,0.000,0.000
1857,1.857000,418473.490225,-1018254.476877,-599780.986652,1.208170e-02,-1177.784008,479.713041,630.299791,0.221,4.678,0.021,0.000,0.000,0.000
1858,1.858000,418556.838660,-1018336.383222,-599779.544562,1.208407e-02,-1177.768327,479.631064,630.229098,0.210,4.678,0.021,0.000,0.000,0.000
1859,1.859000,418640.231697,-1018418.381972,-599778.150275,1.208637e-02,-1177.702832,479.323122,630.155463,0.200,12.249,0.018,0.000,0.000,0.000
1860,1.860000,418723.031210,-1018500.456448,-599777.425239,1.208757e-02,-1177.705932,479.125895,630.042604,0.193,4.615,0.017,0.000,0.000,0.000
1861,1.861000,418805.361348,-1018582.612278,-599777.250930,1.208785e-02,-1177.620901,479.020775,629.939845,0.182,10.677,0.018,0.000,0.000,0.000
1862,1.862000,418888.174641,-1018664.838677,-599776.664036,1.208882e-02,-1177.570165,478.810118,629.917654,0.187,4.692,0.017,0.000,0.000,0.000
1863,1.863000,418971.155459,-1018747.143232,-599775.987773,1.208993e-02,-1177.640793,478.421713,629.967309,0.185,4.659,0.017,0.000,0.000,0.000
1864,1.864000,419053.412393,-1018829.529590,-599776.117197,1.208972e-02,-1177.518798,478.019617,630.012884,0.180,13.755,0.017,0.000,0.000,0.000
1865,1.865000,419136.023938,-1018911.977360,-599775.953422,1.208999e-02,-1177.349109,477.839501,629.937796,0.179,6.193,0.017,0.000,0.000,0.000
1866,1.866000,419219.832286,-1018994.524330,-599774.692044,1.209207e-02,-1177.325113,477.744110,629.865723,0.177,6.129,0.017,0.000,0.000,0.000
1867,1.867000,419303.497931,-1019077.156841,-599773.658910,1.209377e-02,-1177.182413,477.600985,629.811500,0.219,7.638,0.020,0.000,0.000,0.000
1868,1.868000,419387.264859,-1019159.860547,-599772.595687,1.209552e-02,-1177.158685,477.607097,629.675658,0.203,7.621,0.026,0.000,0.000,0.000
1869,1.869000,419471.187191,-1019242.656905,-599771.469714,1.209737e-02,-1177.119429,477.645946,629.562964,0.201,4.676,0.024,0.000,0.000,0.000
1870,1.870000,419554.491920,-1019325.529230,-599771.037311,1.209809e-02,-1176.993388,477.519548,629.617784,0.201,11.851,0.020,0.000,0.000,0.000
1871,1.871000,419638.650536,-1019408.464735,-599769.814199,1.210010e-02,-1177.092783,477.484278,629.657598,0.206,4.673,0.019,0.000,0.000,0.000
1872,1.872000,419724.058408,-1019491.484645,-599767.426237,1.210403e-02,-1177.246772,477.484042,629.687104,0.179,4.655,0.018,0.000,0.000,0.000
1873,1.873000,419809.671616,-1019574.596272,-599764.924656,1.210816e-02,-1177.520009,477.510136,629.775817,0.187,4.609,0.019,0.000,0.000,0.000
1874,1.874000,419894.683127,-1019657.797740,-599763.114613,1.211114e-02,-1177.744400,477.584144,629.847970,0.178,7.720,0.018,0.000,0.000,0.000
1875,1.875000,419979.070392,-1019741.069121,-599761.998729,1.211297e-02,-1177.876898,477.569478,629.883608,0.192,4.672,0.017,0.000,0.000,0.000
1876,1.876000,420064.285366,-1019824.423024,-599760.137658,1.211604e-02,-1177.894172,477.443166,629.810994,0.180,9.132,0.017,0.000,0.000,0.000
1877,1.877000,420149.738818,-1019907.870745,-599758.131927,1.211934e-02,-1177.868897,477.295234,629.796005,0.176,4.630,0.017,0.000,0.000,0.000
1878,1.878000,420234.480924,-1019991.383559,-599756.902636,1.212137e-02,-1177.779935,477.183713,629.808276,0.172,10.732,0.018,0.000,0.000,0.000
1879,1.879000,420319.455737,-1020074.979210,-599755.523474,1.212364e-02,-1177.611783,477.105981,629.730793,0.186,4.688,0.018,0.000,0.000,0.000
1880,1.880000,420404.940053,-1020158.669066,-599753.729013,1.212660e-02,-1177.581727,477.103048,629.660846,0.176,10.634,0.017,0.000,0.000,0.000
1881,1.881000,420490.199744,-1020242.461001,-599752.261257,1.212901e-02,-1177.532089,477.133583,629.574416,0.275,4.687,0.022,0.000,0.000,0.000
1882,1.882000,420575.732871,-1020326.338467,-599750.605596,1.213174e-02,-1177.532481,477.221002,629.421160,0.172,4.601,0.019,0.000,0.000,0.000
1883,1.883000,420661.510802,-1020410.312699,-599748.801897,1.213471e-02,-1177.547931,477.304293,629.270998,0.176,10.672,0.021,0.000,0.000,0.000
1884,1.884000,420747.132368,-1020494.363071,-599747.230703,1.213730e-02,-1177.538029,477.361292,629.144193,0.177,6.195,0.017,0.000,0.000,0.000
1885,1.885000,420833.365440,-1020578.514948,-599745.149508,1.214073e-02,-1177.616701,477.464772,629.004347,0.171,6.189,0.017,0.000,0.000,0.000
1886,1.886000,420920.568684,-1020662.770730,-599742.202046,1.214558e-02,-1177.617568,477.538609,628.911632,0.178,7.710,0.018,0.000,0.000,0.000
1887,1.887000,421007.144421,-1020747.119156,-599739.974735,1.214925e-02,-1177.600351,477.564004,628.829215,0.174,4.670,0.017,0.000,0.000,0.000
1888,1.888000,421091.736557,-1020831.536900,-599739.800343,1.214954e-02,-1177.485570,477.520350,628.734986,0.174,6.126,0.017,0.000,0.000,0.000
1889,1.889000,421175.912854,-1020916.030242,-599740.117388,1.214902e-02,-1177.038245,477.278561,628.593567,0.196,4.613,0.018,0.000,0.000,0.000
1890,1.890000,421260.509184,-1021000.585693,-599740.076509,1.214908e-02,-1176.470335,476.975549,628.471410,0.212,9.172,0.021,0.000,0.000,0.000
1891,1.891000,421345.125702,-1021085.212050,-599740.086348,1.214907e-02,-1175.957369,476.789859,628.307555,0.200,12.154,0.020,0.000,0.000,0.000
1892,1.892000,421430.132785,-1021169.892481,-599739.759696,1.214961e-02,-1175.506271,476.640603,628.020327,0.192,4.597,0.017,0.000,0.000,0.000
1893,1.893000,421514.822159,-1021254.655550,-599739.833391,1.214948e-02,-1174.983788,476.656436,627.396021,0.180,4.612,0.024,0.000,0.000,0.000
1894,1.894000,421599.662995,-1021339.438523,-599739.775528,1.214958e-02,-1174.612575,476.706276,626.855709,0.221,4.695,0.022,0.000,0.000,0.000
1895,1.895000,421685.990517,-1021424.325608,-599738.335091,1.215195e-02,-1174.402864,476.565060,626.826677,0.202,7.686,0.019,0.000,0.000,0.000
1896,1.896000,421772.292678,-1021509.308831,-599737.016153,1.215412e-02,-1174.212477,476.272344,626.968062,0.187,6.195,0.017,0.000,0.000,0.000
1897,1.897000,421857.631386,-1021594.368229,-599736.736843,1.215458e-02,-1174.091139,476.082987,626.958899,0.182,11.956,0.018,0.000,0.000,0.000
1898,1.898000,421942.369263,-1021679.479648,-599737.110385,1.215397e-02,-1173.917407,475.848428,626.921872,0.188,4.682,0.020,0.000,0.000,0.000
1899,1.899000,422026.714092,-1021764.654759,-599737.940668,1.215260e-02,-1173.557159,475.600702,626.712102,0.182,6.106,0.019,0.000,0.000,0.000
1900,1.900000,422111.431380,-1021849.874249,-599738.442870,1.215177e-02,-1173.106497,475.518694,626.407692,0.179,10.682,0.019,0.000,0.000,0.000
1901,1.901000,422197.911674,-1021935.175529,-599737.263854,1.215372e-02,-1172.863838,475.402004,626.419523,0.198,4.673,0.020,0.000,0.000,0.000
1902,1.902000,422284.605393,-1022020.583747,-599735.978354,1.215583e-02,-1172.730156,475.315496,626.259736,0.178,12.239,0.018,0.000,0.000,0.000
1903,1.903000,422370.722909,-1022106.079887,-599735.356978,1.215686e-02,-1172.550087,475.195546,625.891289,0.184,4.610,0.018,0.000,0.000,0.000
1904,1.904000,422457.654109,-1022191.660725,-599734.006615,1.215908e-02,-1172.442751,475.069103,625.643134,0.175,12.191,0.018,0.000,0.000,0.000
1905,1.905000,422545.069871,-1022277.344754,-599732.274883,1.216193e-02,-1172.427892,475.025909,625.538293,0.174,4.596,0.017,0.000,0.000,0.000
1906,1.906000,422632.469524,-1022363.131318,-599730.661794,1.216459e-02,-1172.358137,475.067584,625.367607,0.173,10.733,0.017,0.000,0.000,0.000
1907,1.907000,422720.293032,-1022449.009700,-599728.716668,1.216779e-02,-1172.296290,475.181584,625.123024,0.219,4.635,0.021,0.000,0.000,0.000
1908,1.908000,422806.660872,-1022534.984244,-599728.323373,1.216844e-02,-1172.004954,475.384532,624.538314,0.206,9.152,0.027,0.000,0.000,0.000
1909,1.909000,422892.578947,-1022620.986863,-599728.407916,1.216830e-02,-1171.704446,475.543273,624.018236,0.182,4.597,0.017,0.000,0.000,0.000
1910,1.910000,422979.484373,-1022707.088586,-599727.604214,1.216963e-02,-1171.573282,475.605208,623.818606,0.183,9.150,0.017,0.000,0.000,0.000
1911,1.911000,423066.533178,-1022793.274039,-599726.740860,1.217105e-02,-1171.424827,475.657920,623.616857,0.181,4.685,0.018,0.000,0.000,0.000
1912,1.912000,423154.383431,-1022879.556030,-599725.172599,1.217363e-02,-1171.363994,475.749637,623.443293,0.184,10.733,0.019,0.000,0.000,0.000
1913,1.913000,423243.231061,-1022965.933102,-599722.702041,1.217770e-02,-1171.273326,475.814997,623.308828,0.186,9.144,0.021,0.000,0.000,0.000
1914,1.914000,423332.166021,-1023052.412547,-599720.246526,1.218175e-02,-1171.110222,475.804527,623.281024,0.200,4.599,0.021,0.000,0.000,0.000
1915,1.915000,423420.919054,-1023138.989158,-599718.070105,1.218533e-02,-1170.989337,475.801285,623.240105,0.225,10.629,0.022,0.000,0.000,0.000
1916,1.916000,423509.537107,-1023225.673609,-599716.136502,1.218852e-02,-1170.932273,475.788652,623.238904,0.237,4.680,0.023,0.000,0.000,0.000
1917,1.917000,423598.229088,-1023312.460920,-599714.231833,1.219165e-02,-1170.891503,475.750712,623.249803,0.206,12.201,0.019,0.000,0.000,0.000
1918,1.918000,423687.251035,-1023399.345185,-599712.094151,1.219517e-02,-1170.760732,475.745861,623.097549,0.196,4.591,0.017,0.000,0.000,0.000
1919,1.919000,423776.440706,-1023486.311283,-599709.870576,1.219884e-02,-1170.513979,475.810059,622.965046,0.214,10.759,0.024,0.000,0.000,0.000
1920,1.920000,423865.655341,-1023573.366156,-599707.710815,1.220239e-02,-1170.347425,475.859267,622.908428,0.203,4.619,0.020,0.000,0.000,0.000
1921,1.921000,423954.507136,-1023660.521112,-599706.013976,1.220519e-02,-1170.234597,475.892646,622.904381,0.228,10.672,0.022,0.000,0.000,0.000
1922,1.922000,424043.693378,-1023747.773662,-599704.080284,1.220837e-02,-1170.118021,475.918366,622.987793,0.223,4.618,0.021,0.000,0.000,0.000
1923,1.923000,424133.320103,-1023835.128373,-599701.808270,1.221212e-02,-1170.037308,475.886713,623.063882,0.229,10.757,0.022,0.000,0.000,0.000
1924,1.924000,424222.226279,-1023922.581044,-599700.354765,1.221451e-02,-1169.981223,475.925322,623.080121,0.237,4.707,0.026,0.000,0.000,0.000
1925,1.925000,424310.204221,-1024010.097039,-599699.892819,1.221527e-02,-1169.934269,476.046776,622.993487,0.197,4.130,0.019,0.000,0.000,0.000
1926,1.926000,424398.080123,-1024097.673706,-599699.593583,1.221576e-02,-1169.840584,476.157617,622.842669,0.212,12.274,0.023,0.000,0.000,0.000
1927,1.927000,424486.470644,-1024185.309217,-599698.838573,1.221701e-02,-1169.801321,476.302235,622.717939,0.190,5.338,0.020,0.000,0.000,0.000
1928,1.928000,424575.305976,-1024273.017993,-599697.712017,1.221886e-02,-1169.827626,476.482493,622.690719,0.199,6.221,0.020,0.000,0.000,0.000
1929,1.929000,424664.200681,-1024360.793315,-599696.592633,1.222071e-02,-1169.807610,476.692617,622.672277,0.225,7.268,0.022,0.000,0.000,0.000
1930,1.930000,424753.367128,-1024448.634087,-599695.266959,1.222289e-02,-1169.810291,476.983184,622.598437,0.201,4.689,0.018,0.000,0.000,0.000
1931,1.931000,424842.624562,-1024536.532087,-599693.907526,1.222513e-02,-1169.850793,477.159780,622.503105,0.196,6.204,0.021,0.000,0.000,0.000
1932,1.932000,424931.921990,-1024624.524056,-599692.602066,1.222728e-02,-1169.772401,477.110839,622.414950,0.204,10.664,0.020,0.000,0.000,0.000
1933,1.933000,425021.343813,-1024712.605790,-599691.261977,1.222949e-02,-1169.676043,477.029616,622.384859,0.186,4.663,0.020,0.000,0.000,0.000
1934,1.934000,425108.925732,-1024800.786983,-599691.861251,1.222850e-02,-1169.403568,477.116857,621.949006,0.236,12.263,0.030,0.000,0.000,0.000
1935,1.935000,425196.590420,-1024888.985819,-599692.395399,1.222762e-02,-1169.092921,477.222045,621.470372,0.213,4.620,0.019,0.000,0.000,0.000
1936,1.936000,425284.428124,-1024977.281150,-599692.853026,1.222687e-02,-1168.796431,477.357393,621.007708,0.186,6.180,0.018,0.000,0.000,0.000
1937,1.937000,425372.339798,-1025065.581795,-599693.241997,1.222623e-02,-1168.444753,477.517890,620.476455,0.198,6.195,0.017,0.000,0.000,0.000
1938,1.938000,425462.329432,-1025153.964318,-599691.634886,1.222887e-02,-1168.347544,477.537365,620.367308,0.201,6.118,0.019,0.000,0.000,0.000
1939,1.939000,425552.000067,-1025242.434388,-599690.434321,1.223085e-02,-1168.319963,477.525041,620.375759,0.237,4.615,0.034,0.000,0.000,0.000
1940,1.940000,425640.898539,-1025330.988042,-599690.089503,1.223142e-02,-1168.210044,477.501923,620.355297,0.192,9.145,0.022,0.000,0.000,0.000
1941,1.941000,425729.316873,-1025419.599986,-599690.283113,1.223110e-02,-1168.067600,477.620585,620.371413,0.194,4.696,0.019,0.000,0.000,0.000
1942,1.942000,425817.568780,-1025508.265387,-599690.696607,1.223042e-02,-1168.050997,477.835991,620.481990,0.177,10.661,0.018,0.000,0.000,0.000
1943,1.943000,425906.201289,-1025596.975958,-599690.774669,1.223029e-02,-1168.034620,478.021866,620.456692,0.177,7.717,0.017,0.000,0.000,0.000
1944,1.944000,425995.776271,-1025685.734482,-599689.958211,1.223164e-02,-1167.949409,478.147121,620.373073,0.198,4.662,0.021,0.000,0.000,0.000
1945,1.945000,426085.390994,-1025774.562681,-599689.171687,1.223293e-02,-1167.904632,478.305202,620.472673,0.174,12.203,0.017,0.000,0.000,0.000
1946,1.946000,426172.955011,-1025863.433173,-599690.478162,1.223078e-02,-1167.635247,478.559805,620.047547,0.184,4.661,0.017,0.000,0.000,0.000
1947,1.947000,426256.368108,-1025952.294744,-599695.926636,1.222180e-02,-1166.862237,478.849763,617.939788,0.217,12.245,0.021,0.000,0.000,0.000
1948,1.948000,426339.759290,-1026041.017599,-599701.258308,1.221302e-02,-1166.093895,479.137928,615.978194,0.195,4.689,0.023,0.000,0.000,0.000
1949,1.949000,426427.618596,-1026129.728916,-599702.110320,1.221162e-02,-1165.728254,479.295323,615.402702,0.184,12.174,0.018,0.000,0.000,0.000
1950,1.950000,426515.371777,-1026218.501483,-599703.129705,1.220994e-02,-1165.510228,479.409195,614.839447,0.183,4.687,0.018,0.000,0.000,0.000
1951,1.951000,426603.297759,-1026307.252838,-599703.955079,1.220858e-02,-1165.386021,479.475492,614.294427,0.194,13.674,0.018,0.000,0.000,0.000
1952,1.952000,426692.901274,-1026396.068918,-599703.167644,1.220988e-02,-1165.371895,479.410494,613.880063,0.179,9.139,0.018,0.000,0.000,0.000
1953,1.953000,426782.242296,-1026484.921232,-599702.678936,1.221068e-02,-1165.267502,479.469425,613.542990,0.177,4.675,0.018,0.000,0.000,0.000
1954,1.954000,426872.015700,-1026573.822476,-599701.806776,1.221212e-02,-1165.079570,479.633637,613.315400,0.176,7.647,0.018,0.000,0.000,0.000
1955,1.955000,426960.533713,-1026662.771907,-599702.238194,1.221141e-02,-1164.813123,479.751533,612.838392,0.175,4.687,0.017,0.000,0.000,0.000
1956,1.956000,427049.624424,-1026751.739896,-599702.115472,1.221161e-02,-1164.575120,479.821873,612.503716,0.174,12.273,0.017,0.000,0.000,0.000
1957,1.957000,427140.458297,-1026840.779753,-599700.321456,1.221457e-02,-1164.430824,479.833714,612.266525,0.175,4.674,0.017,0.000,0.000,0.000
1958,1.958000,427231.185298,-1026929.863874,-599698.678576,1.221727e-02,-1164.270003,479.841503,611.916291,0.174,7.698,0.017,0.000,0.000,0.000
1959,1.959000,427320.145910,-1027019.017856,-599698.871945,1.221695e-02,-1163.890270,479.814285,611.642542,0.174,4.674,0.017,0.000,0.000,0.000
1960,1.960000,427409.334845,-1027108.178868,-599698.844023,1.221700e-02,-1163.564461,479.766456,611.338988,0.173,12.253,0.018,0.000,0.000,0.000
1961,1.961000,427500.649764,-1027197.399963,-599696.750199,1.222045e-02,-1163.487561,479.794310,611.210486,0.172,4.595,0.017,0.000,0.000,0.000
1962,1.962000,427592.247209,-1027286.677101,-599694.429893,1.222427e-02,-1163.356764,479.862441,611.088709,0.173,10.724,0.018,0.000,0.000,0.000
1963,1.963000,427683.999191,-1027376.021698,-599692.022508,1.222823e-02,-1163.278864,479.849530,610.918230,0.173,4.682,0.018,0.000,0.000,0.000
1964,1.964000,427775.743890,-1027465.429324,-599689.685434,1.223208e-02,-1163.258253,479.814535,610.854198,0.184,12.184,0.020,0.000,0.000,0.000
1965,1.965000,427867.643219,-1027554.909463,-599687.266244,1.223607e-02,-1163.261090,479.772502,610.791430,0.185,4.682,0.019,0.000,0.000,0.000
1966,1.966000,427956.612676,-1027644.457909,-599687.845233,1.223512e-02,-1162.906408,479.838931,609.994217,0.175,13.742,0.019,0.000,0.000,0.000
1967,1.967000,428045.259201,-1027733.949886,-599688.690685,1.223372e-02,-1162.556462,479.903582,609.191205,0.172,10.715,0.018,0.000,0.000,0.000
1968,1.968000,428131.792192,-1027823.508598,-599691.716406,1.222874e-02,-1162.118580,479.912093,607.002357,0.223,4.691,0.027,0.000,0.000,0.000
1969,1.969000,428215.252251,-1027912.867412,-599697.615161,1.221902e-02,-1161.257882,480.104316,604.112273,0.191,13.703,0.018,0.000,0.000,0.000
1970,1.970000,428303.429694,-1028002.169818,-599698.740124,1.221717e-02,-1160.812595,480.245511,603.320950,0.192,4.612,0.019,0.000,0.000,0.000
1971,1.971000,428394.417454,-1028091.535814,-599697.118360,1.221984e-02,-1160.690310,480.265926,603.152894,0.190,12.176,0.018,0.000,0.000,0.000
1972,1.972000,428482.688671,-1028180.950774,-599698.262103,1.221796e-02,-1160.221836,480.401701,602.395185,0.187,4.591,0.022,0.000,0.000,0.000
1973,1.973000,428570.852763,-1028270.316575,-599699.463812,1.221598e-02,-1159.800365,480.488453,601.763139,0.218,4.681,0.021,0.000,0.000,0.000
1974,1.974000,428661.429505,-1028359.742983,-599698.313479,1.221787e-02,-1159.699846,480.484583,601.745036,0.220,4.605,0.019,0.000,0.000,0.000
1975,1.975000,428752.099411,-1028449.213850,-599697.114439,1.221985e-02,-1159.597535,480.530996,601.646857,0.192,7.624,0.021,0.000,0.000,0.000
1976,1.976000,428842.834050,-1028538.736384,-599695.902335,1.222184e-02,-1159.494678,480.526757,601.559222,0.183,7.683,0.017,0.000,0.000,0.000
1977,1.977000,428934.079530,-1028628.314062,-599694.234532,1.222459e-02,-1159.413166,480.490048,601.553969,0.184,12.267,0.018,0.000,0.000,0.000
1978,1.978000,429025.589769,-1028717.951839,-599692.362069,1.222768e-02,-1159.371606,480.473639,601.541142,0.178,4.684,0.017,0.000,0.000,0.000
1979,1.979000,429116.560214,-1028807.652439,-599691.092225,1.222977e-02,-1159.263850,480.459714,601.500665,0.181,12.154,0.018,0.000,0.000,0.000
1980,1.980000,429207.423437,-1028897.399614,-599689.976176,1.223161e-02,-1159.071630,480.447096,601.473140,0.176,4.600,0.018,0.000,0.000,0.000
1981,1.981000,429298.624767,-1028987.191990,-599688.567223,1.223393e-02,-1158.856479,480.426757,601.475975,0.182,6.196,0.018,0.000,0.000,0.000
1982,1.982000,429390.337122,-1029077.030231,-599686.693109,1.223701e-02,-1158.713057,480.440791,601.507914,0.178,4.685,0.017,0.000,0.000,0.000
1983,1.983000,429481.635447,-1029166.910226,-599685.274779,1.223935e-02,-1158.575033,480.349431,601.563055,0.178,7.731,0.020,0.000,0.000,0.000
1984,1.984000,429572.878546,-1029256.830879,-599683.952333,1.224153e-02,-1158.392233,480.137350,601.618685,0.171,4.675,0.056,0.000,0.000,0.000
1985,1.985000,429664.474657,-1029346.794344,-599682.319687,1.224422e-02,-1158.229646,480.023355,601.635720,0.176,9.204,0.018,0.000,0.000,0.000
1986,1.986000,429755.647860,-1029436.803851,-599681.155991,1.224613e-02,-1158.132402,480.009742,601.600529,0.224,4.695,0.021,0.000,0.000,0.000
1987,1.987000,429843.797506,-1029526.854142,-599683.056636,1.224300e-02,-1157.735135,480.236512,600.826475,0.202,7.666,0.025,0.000,0.000,0.000
1988,1.988000,429932.147702,-1029616.824910,-599684.677208,1.224033e-02,-1157.320194,480.355182,600.112481,0.182,9.214,0.018,0.000,0.000,0.000
1989,1.989000,430023.692289,-1029706.837806,-599683.145517,1.224286e-02,-1157.179223,480.190792,600.058476,0.181,4.656,0.019,0.000,0.000,0.000
1990,1.990000,430114.737453,-1029796.889389,-599682.151936,1.224449e-02,-1157.090972,480.050316,600.388874,0.180,10.650,0.019,0.000,0.000,0.000
1991,1.991000,430205.197979,-1029886.943246,-599681.745267,1.224516e-02,-1156.995677,479.793727,600.762241,0.200,4.688,0.020,0.000,0.000,0.000
1992,1.992000,430296.352425,-1029977.034995,-599680.682570,1.224691e-02,-1156.749285,479.481849,600.681213,0.175,4.589,0.017,0.000,0.000,0.000
1993,1.993000,430387.321248,-1030067.161788,-599679.840540,1.224830e-02,-1156.499829,479.112619,600.582297,0.182,10.655,0.019,0.000,0.000,0.000
1994,1.994000,430477.548396,-1030157.310786,-599679.762391,1.224843e-02,-1156.336223,478.730017,600.499650,0.169,4.621,0.017,0.000,0.000,0.000
1995,1.995000,430568.356591,-1030247.481682,-599679.125090,1.224948e-02,-1156.133534,478.305877,600.436600,0.200,10.677,0.018,0.000,0.000,0.000
1996,1.996000,430659.919779,-1030337.679122,-599677.759343,1.225173e-02,-1155.940500,478.015096,600.376096,0.183,4.674,0.017,0.000,0.000,0.000
1997,1.997000,430751.589466,-1030427.915982,-599676.326516,1.225409e-02,-1155.795858,477.922663,600.319698,0.172,10.741,0.017,0.000,0.000,0.000
1998,1.998000,430843.416248,-1030518.185974,-599674.769725,1.225665e-02,-1155.680248,477.839871,600.265862,0.175,4.668,0.017,0.000,0.000,0.000
1999,1.999000,430934.902490,-1030608.502510,-599673.600020,1.225858e-02,-1155.626135,477.670503,600.207056,0.180,4.587,0.017,0.000,0.000,0.000
2000,2.000000,431025.459467,-1030698.826895,-599673.367427,1.225896e-02,-1155.476302,477.557454,600.076575,0.175,10.499,0.018,0.000,0.000,0.000
2001,2.001000,431115.298891,-1030789.146974,-599673.848083,1.225817e-02,-1155.378894,477.787793,599.932866,0.175,4.612,0.025,0.000,0.000,0.000
2002,2.002000,431205.732114,-1030879.464278,-599673.732164,1.225836e-02,-1155.374505,478.010327,599.811270,0.169,6.215,0.018,0.000,0.000,0.000
2003,2.003000,431296.985894,-1030969.810043,-599672.824150,1.225986e-02,-1155.390859,478.110131,599.681658,0.174,4.653,0.019,0.000,0.000,0.000
2004,2.004000,431388.270144,-1031060.188100,-599671.917957,1.226135e-02,-1155.446581,478.257576,599.541433,0.171,9.003,0.017,0.000,0.000,0.000
2005,2.005000,431478.976911,-1031150.596564,-599671.619653,1.226184e-02,-1155.527397,478.557967,599.419227,0.205,7.683,0.025,0.000,0.000,0.000
2006,2.006000,431569.486668,-1031241.007063,-599671.520395,1.226200e-02,-1155.583331,478.806072,599.375638,0.179,4.687,0.018,0.000,0.000,0.000
2007,2.007000,431660.714677,-1031331.447976,-599670.733299,1.226330e-02,-1155.593161,478.874590,599.393840,0.204,12.230,0.018,0.000,0.000,0.000
2008,2.008000,431751.656244,-1031421.927356,-599670.271113,1.226406e-02,-1155.604929,478.971618,599.408025,0.172,4.177,0.017,0.000,0.000,0.000
2009,2.009000,431842.131288,-1031512.429311,-599670.298023,1.226402e-02,-1155.645634,479.185907,599.371490,0.216,12.251,0.023,0.000,0.000,0.000
2010,2.010000,431933.038826,-1031602.944344,-599669.905518,1.226466e-02,-1155.687958,479.369219,599.332201,0.194,4.602,0.017,0.000,0.000,0.000
2011,2.011000,432024.546227,-1031693.497464,-599668.951237,1.226624e-02,-1155.707683,479.431193,599.317888,0.192,10.743,0.019,0.000,0.000,0.000
2012,2.012000,432115.460973,-1031784.092754,-599668.631781,1.226676e-02,-1155.520151,479.499294,599.187902,0.178,4.600,0.018,0.000,0.000,0.000
2013,2.013000,432206.383876,-1031874.705754,-599668.321878,1.226727e-02,-1155.311070,479.539815,599.059353,0.221,12.268,0.021,0.000,0.000,0.000
2014,2.014000,432298.829151,-1031965.362742,-599666.533591,1.227022e-02,-1155.321604,479.525639,599.034325,0.205,4.673,0.060,0.000,0.000,0.000
2015,2.015000,432391.511786,-1032056.062036,-599664.550250,1.227349e-02,-1155.430865,479.723746,598.897133,0.196,4.597,0.019,0.000,0.000,0.000
2016,2.016000,432483.740604,-1032146.789741,-599663.049136,1.227596e-02,-1155.484080,479.943462,598.750086,0.185,10.638,0.017,0.000,0.000,0.000
2017,2.017000,432576.087739,-1032237.558734,-599661.470996,1.227856e-02,-1155.523468,480.124366,598.623261,0.185,6.180,0.019,0.000,0.000,0.000
2018,2.018000,432668.241516,-1032328.359021,-599660.117505,1.228079e-02,-1155.588249,480.300378,598.499919,0.177,6.192,0.017,0.000,0.000,0.000
2019,2.019000,432760.077535,-1032419.211630,-599659.134094,1.228241e-02,-1155.545671,480.320176,598.446069,0.176,7.686,0.017,0.000,0.000,0.000
2020,2.020000,432852.128960,-1032510.106983,-599657.978023,1.228431e-02,-1155.431023,480.338328,598.319957,0.177,4.686,0.016,0.000,0.000,0.000
2021,2.021000,432943.363909,-1032601.033464,-599657.669555,1.228482e-02,-1155.287602,480.483167,598.189507,0.175,6.128,0.017,0.000,0.000,0.000
2022,2.022000,433034.750317,-1032691.961632,-599657.211315,1.228557e-02,-1155.200094,480.627888,598.157955,0.171,4.688,0.030,0.000,0.000,0.000
2023,2.023000,433127.580618,-1032782.933616,-599655.352998,1.228863e-02,-1155.152898,480.660861,598.163797,0.174,7.676,0.019,0.000,0.000,0.000
2024,2.024000,433220.405561,-1032873.951837,-599653.546277,1.229161e-02,-1155.111979,480.715159,598.165757,0.182,6.171,0.019,0.000,0.000,0.000
2025,2.025000,433313.405555,-1032965.018172,-599651.612616,1.229480e-02,-1155.066258,480.748675,598.166781,0.173,4.621,0.019,0.000,0.000,0.000
2026,2.026000,433406.479576,-1033056.134714,-599649.655138,1.229802e-02,-1155.104524,480.734393,598.253238,0.171,10.765,0.018,0.000,0.000,0.000
2027,2.027000,433499.432164,-1033147.293280,-599647.861115,1.230097e-02,-1155.125614,480.737981,598.334690,0.220,4.363,0.019,0.000,0.000,0.000
2028,2.028000,433592.363859,-1033238.497463,-599646.133604,1.230382e-02,-1154.992491,480.797092,598.253482,0.188,10.721,0.017,0.000,0.000,0.000
2029,2.029000,433685.342856,-1033329.742986,-599644.400130,1.230668e-02,-1154.891121,480.840464,598.176091,0.184,4.676,0.018,0.000,0.000,0.000
2030,2.030000,433777.446461,-1033421.039481,-599643.593021,1.230800e-02,-1154.855660,480.912329,598.132749,0.182,4.601,0.017,0.000,0.000,0.000
2031,2.031000,433869.158718,-1033512.356830,-599643.198112,1.230866e-02,-1154.831806,480.994985,598.087983,0.187,10.727,0.019,0.000,0.000,0.000
2032,2.032000,433961.263259,-1033603.716366,-599642.453108,1.230988e-02,-1154.727832,481.025159,598.012870,0.186,4.646,0.017,0.000,0.000,0.000
2033,2.033000,434053.210618,-1033695.081777,-599641.871159,1.231084e-02,-1154.569498,481.128175,597.848700,0.178,6.119,0.017,0.000,0.000,0.000
2034,2.034000,434145.091149,-1033786.465938,-599641.374789,1.231166e-02,-1154.548863,481.305779,597.710044,0.176,4.652,0.017,0.000,0.000,0.000
2035,2.035000,434237.092627,-1033877.876971,-599640.784344,1.231263e-02,-1154.611180,481.453955,597.683339,0.175,9.214,0.018,0.000,0.000,0.000
2036,2.036000,434329.039578,-1033969.325182,-599640.285605,1.231345e-02,-1154.626130,481.586198,597.687888,0.209,7.619,0.025,0.000,0.000,0.000
2037,2.037000,434420.657787,-1034060.804617,-599640.146831,1.231368e-02,-1154.638534,481.745749,597.663575,0.178,4.674,0.018,0.000,0.000,0.000
2038,2.038000,434512.102154,-1034152.313275,-599640.211121,1.231358e-02,-1154.612515,481.954161,597.540926,0.184,12.259,0.023,0.000,0.000,0.000
2039,2.039000,434603.365207,-1034243.842314,-599640.477107,1.231314e-02,-1154.529005,482.089120,597.370521,0.175,4.610,0.018,0.000,0.000,0.000
2040,2.040000,434694.506701,-1034335.392210,-599640.885508,1.231246e-02,-1154.517369,482.197137,597.368668,0.172,4.677,0.017,0.000,0.000,0.000
2041,2.041000,434784.760002,-1034426.959755,-599642.199753,1.231030e-02,-1154.324461,482.424471,597.169252,0.175,13.707,0.017,0.000,0.000,0.000
2042,2.042000,434874.322217,-1034518.520757,-599644.198540,1.230701e-02,-1153.909647,482.688577,596.660092,0.175,13.682,0.017,0.000,0.000,0.000
2043,2.043000,434963.863163,-1034610.073280,-599646.210117,1.230369e-02,-1153.535825,482.933067,596.186521,0.188,4.678,0.024,0.000,0.000,0.000
2044,2.044000,435052.801265,-1034701.614150,-599648.812885,1.229941e-02,-1153.130531,483.270488,595.535215,0.184,13.486,0.020,0.000,0.000,0.000
2045,2.045000,435142.458165,-1034793.112839,-599650.654674,1.229637e-02,-1153.041987,483.687601,594.982198,0.188,6.129,0.020,0.000,0.000,0.000
2046,2.046000,435233.291577,-1034884.621967,-599651.330390,1.229526e-02,-1153.063612,484.005841,594.651701,0.184,4.590,0.017,0.000,0.000,0.000
2047,2.047000,435324.265867,-1034976.131866,-599651.865999,1.229438e-02,-1152.799216,484.195516,594.339028,0.175,4.617,0.019,0.000,0.000,0.000
2048,2.048000,435414.172140,-1035067.660441,-599653.488301,1.229171e-02,-1152.240697,484.395272,593.933736,0.175,7.695,0.020,0.000,0.000,0.000
2049,2.049000,435503.107976,-1035159.156038,-599656.048061,1.228749e-02,-1151.475606,484.660478,593.370726,0.304,6.209,0.032,0.000,0.000,0.000
2050,2.050000,435593.447309,-1035250.625858,-599657.178550,1.228563e-02,-1151.204034,484.965577,593.119644,0.196,4.634,0.018,0.000,0.000,0.000
2051,2.051000,435684.708445,-1035342.091489,-599657.383044,1.228529e-02,-1151.266854,485.238156,593.165399,0.185,9.198,0.018,0.000,0.000,0.000
2052,2.052000,435774.864159,-1035433.581393,-599658.717234,1.228309e-02,-1150.944279,485.434223,592.907808,0.186,6.177,0.017,0.000,0.000,0.000
2053,2.053000,435865.368957,-1035525.063271,-599659.694315,1.228148e-02,-1150.600343,485.572547,592.570414,0.219,4.618,0.021,0.000,0.000,0.000
2054,2.054000,435956.024200,-1035616.589339,-599660.565139,1.228005e-02,-1150.254897,485.718099,592.258823,0.214,10.737,0.018,0.000,0.000,0.000
2055,2.055000,436046.341909,-1035708.106820,-599661.764911,1.227807e-02,-1149.915567,485.927286,591.952909,0.206,4.687,0.020,0.000,0.000,0.000
2056,2.056000,436136.855683,-1035799.650471,-599662.794788,1.227638e-02,-1149.727444,486.129460,591.835506,0.185,10.709,0.019,0.000,0.000,0.000
2057,2.057000,436227.052452,-1035891.204434,-599664.151983,1.227414e-02,-1149.533502,486.368410,591.638381,0.181,4.682,0.018,0.000,0.000,0.000
2058,2.058000,436316.734772,-1035982.773713,-599666.038941,1.227103e-02,-1149.218802,486.631784,591.266807,0.186,13.653,0.018,0.000,0.000,0.000
2059,2.059000,436405.256864,-1036074.328935,-599669.072072,1.226604e-02,-1148.675302,486.973482,590.626827,0.178,4.630,0.017,0.000,0.000,0.000
2060,2.060000,436494.244959,-1036165.852423,-599671.607464,1.226186e-02,-1148.096554,487.344520,589.948417,0.197,12.006,0.022,0.000,0.000,0.000
2061,2.061000,436583.639325,-1036257.351299,-599673.711973,1.225839e-02,-1147.581629,487.692313,589.412569,0.189,4.613,0.020,0.000,0.000,0.000
2062,2.062000,436672.804104,-1036348.814691,-599676.010586,1.225461e-02,-1147.008370,487.821538,589.019067,0.175,4.660,0.020,0.000,0.000,0.000
2063,2.063000,436761.140968,-1036440.241826,-599679.100858,1.224952e-02,-1146.254643,487.633086,588.979069,0.224,4.621,0.019,0.000,0.000,0.000
2064,2.064000,436849.159137,-1036531.622134,-599682.462997,1.224398e-02,-1145.496733,487.401533,588.975469,0.172,7.644,0.019,0.000,0.000,0.000
2065,2.065000,436939.225834,-1036622.971210,-599683.745376,1.224187e-02,-1145.114821,487.352676,588.789168,0.173,7.717,0.018,0.000,0.000,0.000
2066,2.066000,437030.457842,-1036714.359900,-599683.902058,1.224161e-02,-1145.079658,487.478418,588.786010,0.288,10.684,0.073,0.000,0.000,0.000
2067,2.067000,437121.891677,-1036805.742322,-599683.850645,1.224169e-02,-1145.016692,487.632033,588.918103,0.292,4.623,0.044,0.000,0.000,0.000
2068,2.068000,437212.913901,-1036897.133863,-599684.219962,1.224109e-02,-1144.721037,487.724501,588.817389,0.282,10.665,0.051,0.000,0.000,0.000
2069,2.069000,437301.705567,-1036988.513279,-599686.807711,1.223682e-02,-1143.722825,487.691785,588.203337,0.268,6.227,0.033,0.000,0.000,0.000
2070,2.070000,437391.409648,-1037079.820003,-599688.410355,1.223418e-02,-1142.976103,487.600166,587.842266,0.241,4.387,0.023,0.000,0.000,0.000
2071,2.071000,437483.848979,-1037171.175965,-599687.326986,1.223597e-02,-1142.939660,487.579650,587.980783,0.224,7.737,0.025,0.000,0.000,0.000
2072,2.072000,437576.623090,-1037262.584300,-599685.961210,1.223822e-02,-1142.930602,487.703445,588.024287,0.209,6.121,0.020,0.000,0.000,0.000
2073,2.073000,437668.208358,-1037354.036117,-599685.827759,1.223844e-02,-1142.947696,487.727612,588.164014,0.228,7.662,0.033,0.000,0.000,0.000
2074,2.074000,437759.166170,-1037445.502171,-599686.336001,1.223760e-02,-1142.905610,487.572744,588.516708,0.209,7.645,0.020,0.000,0.000,0.000
2075,2.075000,437850.367979,-1037536.994469,-599686.626491,1.223712e-02,-1142.819141,487.525537,588.786399,0.202,4.677,0.019,0.000,0.000,0.000
2076,2.076000,437941.077634,-1037628.518776,-599687.441142,1.223578e-02,-1142.635291,487.710959,588.787276,0.204,10.685,0.019,0.000,0.000,0.000
2077,2.077000,438031.581601,-1037720.049210,-599688.467609,1.223409e-02,-1142.534101,487.922153,588.736777,0.197,5.869,0.018,0.000,0.000,0.000
2078,2.078000,438122.423727,-1037811.599225,-599689.175498,1.223292e-02,-1142.491650,487.988929,588.809687,0.205,6.139,0.021,0.000,0.000,0.000
2079,2.079000,438214.260619,-1037903.174064,-599688.913446,1.223336e-02,-1142.376205,487.981370,588.958357,0.199,6.201,0.021,0.000,0.000,0.000
2080,2.080000,438306.525996,-1037994.789580,-599688.263584,1.223443e-02,-1142.482426,487.851545,589.179392,0.198,4.678,0.019,0.000,0.000,0.000
2081,2.081000,438398.678195,-1038086.429057,-599687.750862,1.223527e-02,-1142.622189,487.708773,589.515090,0.200,6.207,0.019,0.000,0.000,0.000
2082,2.082000,438490.743439,-1038178.106980,-599687.363541,1.223591e-02,-1142.580228,487.693529,589.810979,0.193,12.169,0.019,0.000,0.000,0.000
2083,2.083000,438582.575938,-1038269.817826,-599687.241887,1.223611e-02,-1142.581645,487.659908,590.084534,0.194,4.679,0.021,0.000,0.000,0.000
2084,2.084000,438674.741728,-1038361.566824,-599686.825096,1.223680e-02,-1142.628888,487.602413,590.382341,0.194,12.179,0.019,0.000,0.000,0.000
2085,2.085000,438766.986481,-1038453.354560,-599686.368078,1.223755e-02,-1142.664254,487.550723,590.636270,0.180,4.613,0.017,0.000,0.000,0.000
2086,2.086000,438859.168510,-1038545.185176,-599686.016666,1.223813e-02,-1142.754515,487.492823,590.882075,0.185,4.612,0.018,0.000,0.000,0.000
2087,2.087000,438951.384244,-1038637.055824,-599685.671580,1.223870e-02,-1142.845938,487.430364,591.129633,0.291,4.684,0.022,0.000,0.000,0.000
2088,2.088000,439043.736872,-1038728.970805,-599685.233934,1.223942e-02,-1142.925900,487.364869,591.456614,0.179,6.128,0.019,0.000,0.000,0.000
2089,2.089000,439136.093357,-1038820.925844,-599684.832487,1.224008e-02,-1143.034753,487.349358,591.778605,0.212,6.134,0.021,0.000,0.000,0.000
2090,2.090000,439228.308510,-1038912.925351,-599684.616841,1.224043e-02,-1143.132870,487.342088,592.050467,0.198,4.677,0.018,0.000,0.000,0.000
2091,2.091000,439320.415038,-1039004.968432,-599684.553394,1.224054e-02,-1143.209923,487.224963,592.289186,0.203,9.204,0.018,0.000,0.000,0.000
2092,2.092000,439412.871953,-1039097.049865,-599684.177912,1.224116e-02,-1143.215960,487.081003,592.578691,0.191,4.624,0.020,0.000,0.000,0.000
2093,2.093000,439505.685764,-1039189.164961,-599683.479197,1.224231e-02,-1143.210664,487.009889,592.917068,0.195,12.154,0.018,0.000,0.000,0.000
2094,2.094000,439598.546731,-1039281.323464,-599682.776733,1.224346e-02,-1143.265353,487.009284,593.147306,0.225,4.617,0.023,0.000,0.000,0.000
2095,2.095000,439691.162934,-1039373.531087,-599682.368152,1.224414e-02,-1143.350926,487.040791,593.418107,0.202,4.608,0.019,0.000,0.000,0.000
2096,2.096000,439783.672068,-1039465.772602,-599682.100534,1.224458e-02,-1143.435153,487.024755,593.719280,0.200,4.605,0.019,0.000,0.000,0.000
2097,2.097000,439876.448991,-1039558.061451,-599681.612460,1.224538e-02,-1143.482909,486.959730,593.956520,0.192,6.105,0.019,0.000,0.000,0.000
2098,2.098000,439969.391801,-1039650.396373,-599681.004572,1.224638e-02,-1143.532729,486.935240,594.164258,0.190,6.110,0.018,0.000,0.000,0.000
2099,2.099000,440062.107431,-1039742.779268,-599680.671837,1.224693e-02,-1143.517499,486.954436,594.399686,0.188,9.146,0.019,0.000,0.000,0.000
2100,2.100000,440154.737225,-1039835.184264,-599680.447039,1.224730e-02,-1143.500984,486.930206,594.671974,0.187,4.702,0.017,0.000,0.000,0.000
2101,2.101000,440247.883736,-1039927.634560,-599679.750824,1.224845e-02,-1143.540716,486.911921,594.884145,0.189,10.680,0.021,0.000,0.000,0.000
2102,2.102000,440341.153428,-1040020.133641,-599678.980213,1.224972e-02,-1143.577051,486.898516,595.100551,0.189,4.695,0.017,0.000,0.000,0.000
2103,2.103000,440434.427544,-1040112.678749,-599678.251206,1.225092e-02,-1143.619937,486.879253,595.313049,0.191,10.732,0.019,0.000,0.000,0.000
2104,2.104000,440527.780440,-1040205.272581,-599677.492142,1.225217e-02,-1143.660685,486.894880,595.481122,0.177,4.671,0.017,0.000,0.000,0.000
2105,2.105000,440621.143797,-1040297.915940,-599676.772143,1.225335e-02,-1143.699297,486.911206,595.652186,0.187,4.686,0.020,0.000,0.000,0.000
2106,2.106000,440714.482339,-1040390.608873,-599676.126534,1.225442e-02,-1143.738302,486.897696,595.874213,0.279,10.756,0.031,0.000,0.000,0.000
2107,2.107000,440807.811777,-1040483.345883,-599675.534106,1.225539e-02,-1143.775984,486.841418,596.124289,0.318,6.202,0.059,0.000,0.000,0.000
2108,2.108000,440901.267105,-1040576.129400,-599674.862295,1.225650e-02,-1143.807837,486.772590,596.354168,0.348,6.219,0.052,0.000,0.000,0.000
2109,2.109000,440994.835623,-1040668.958322,-599674.122699,1.225772e-02,-1143.828448,486.717419,596.585299,0.240,8.488,0.025,0.000,0.000,0.000
2110,2.110000,441088.439607,-1040761.832266,-599673.392659,1.225892e-02,-1143.839553,486.653081,596.833001,0.233,6.126,0.021,0.000,0.000,0.000
2111,2.111000,441181.983075,-1040854.748809,-599672.765733,1.225995e-02,-1143.850414,486.574021,597.100311,0.234,11.938,0.033,0.000,0.000,0.000
2112,2.112000,441275.489737,-1040947.708584,-599672.218847,1.226085e-02,-1143.879163,486.510592,597.395287,0.220,4.669,0.021,0.000,0.000,0.000
2113,2.113000,441368.867185,-1041040.708196,-599671.841011,1.226148e-02,-1143.928685,486.452502,597.711300,0.225,12.066,0.021,0.000,0.000,0.000
2114,2.114000,441462.467158,-1041133.745798,-599671.278640,1.226240e-02,-1143.947930,486.371087,597.938975,0.217,4.612,0.020,0.000,0.000,0.000
2115,2.115000,441556.274501,-1041226.835921,-599670.561420,1.226358e-02,-1143.964571,486.328625,598.117646,0.204,4.598,0.018,0.000,0.000,0.000
2116,2.116000,441649.797693,-1041319.969538,-599670.171845,1.226423e-02,-1144.021393,486.289946,598.394996,0.207,4.685,0.018,0.000,0.000,0.000
2117,2.117000,441743.043461,-1041413.140121,-599670.096661,1.226435e-02,-1144.094331,486.199657,598.740622,0.199,6.123,0.020,0.000,0.000,0.000
2118,2.118000,441836.178559,-1041506.345817,-599670.167258,1.226423e-02,-1144.179178,486.114280,599.093610,0.195,6.121,0.018,0.000,0.000,0.000
2119,2.119000,441929.435007,-1041599.586197,-599670.151189,1.226426e-02,-1144.261108,486.031571,599.444762,0.197,4.676,0.018,0.000,0.000,0.000
2120,2.120000,442022.446862,-1041692.863239,-599670.416378,1.226382e-02,-1144.421901,486.126822,599.855042,0.204,9.149,0.019,0.000,0.000,0.000
2121,2.121000,442115.537110,-1041786.145727,-599670.608618,1.226351e-02,-1144.617972,486.407705,600.211808,0.187,4.676,0.018,0.000,0.000,0.000
2122,2.122000,442208.679637,-1041879.454856,-599670.775218,1.226323e-02,-1144.783297,486.567109,600.582039,0.198,10.750,0.018,0.000,0.000,0.000
2123,2.123000,442301.797542,-1041972.782591,-599670.985049,1.226289e-02,-1144.904023,486.554814,600.986447,0.209,4.707,0.019,0.000,0.000,0.000
2124,2.124000,442394.989220,-1042066.144909,-599671.155690,1.226261e-02,-1145.006109,486.629253,601.320678,0.201,4.676,0.019,0.000,0.000,0.000
2125,2.125000,442488.008660,-1042159.527646,-599671.518986,1.226201e-02,-1145.328763,487.111775,601.427957,0.181,11.713,0.018,0.000,0.000,0.000
2126,2.126000,442580.939219,-1042252.911326,-599671.972107,1.226126e-02,-1145.761971,487.834550,601.252512,0.186,4.605,0.018,0.000,0.000,0.000
2127,2.127000,442673.900057,-1042346.292812,-599672.392756,1.226057e-02,-1146.181239,488.568930,601.042510,0.214,4.675,0.017,0.000,0.000,0.000
2128,2.128000,442767.000274,-1042439.681132,-599672.680858,1.226009e-02,-1146.668232,489.320317,600.898166,0.183,13.741,0.022,0.000,0.000,0.000
2129,2.129000,442859.857589,-1042533.070092,-599673.212503,1.225922e-02,-1147.172306,490.054167,600.849234,0.223,10.765,0.022,0.000,0.000,0.000
2130,2.130000,442952.863848,-1042626.454992,-599673.591144,1.225859e-02,-1147.389796,490.327046,600.931072,0.349,4.698,0.020,0.000,0.000,0.000
2131,2.131000,443045.585880,-1042719.867759,-599674.281879,1.225746e-02,-1147.411888,490.250681,601.274035,0.195,13.686,0.021,0.000,0.000,0.000
2132,2.132000,443138.443753,-1042813.277450,-599674.833697,1.225655e-02,-1147.513316,490.239131,601.681563,0.191,9.171,0.018,0.000,0.000,0.000
2133,2.133000,443231.910021,-1042906.721731,-599674.811710,1.225658e-02,-1147.605536,490.159384,602.015514,0.205,5.852,0.021,0.000,0.000,0.000
2134,2.134000,443325.201010,-1043000.197308,-599674.996298,1.225628e-02,-1147.643628,490.098003,602.345492,0.212,4.664,0.019,0.000,0.000,0.000
2135,2.135000,443418.624269,-1043093.693889,-599675.069620,1.225616e-02,-1147.627242,490.113746,602.597253,0.211,12.265,0.019,0.000,0.000,0.000
2136,2.136000,443512.382259,-1043187.224891,-599674.842632,1.225653e-02,-1147.646966,490.171039,602.789526,0.203,6.203,0.027,0.000,0.000,0.000
2137,2.137000,443606.260786,-1043280.797037,-599674.536251,1.225704e-02,-1147.642778,490.169547,602.947231,0.192,6.182,0.020,0.000,0.000,0.000
2138,2.138000,443700.062904,-1043374.400468,-599674.337563,1.225736e-02,-1147.635991,490.035981,603.228710,0.192,7.677,0.019,0.000,0.000,0.000
2139,2.139000,443793.843808,-1043468.032425,-599674.188617,1.225761e-02,-1147.701697,489.805748,603.668339,0.189,4.673,0.018,0.000,0.000,0.000
2140,2.140000,443887.697129,-1043561.691019,-599673.993890,1.225793e-02,-1147.779351,489.663872,603.986551,0.181,6.138,0.018,0.000,0.000,0.000
2141,2.141000,443981.802330,-1043655.381630,-599673.579300,1.225861e-02,-1147.849530,489.610182,604.172754,0.190,4.661,0.019,0.000,0.000,0.000
2142,2.142000,444076.036156,-1043749.103854,-599673.067698,1.225946e-02,-1147.909101,489.579135,604.358039,0.179,7.663,0.017,0.000,0.000,0.000
2143,2.143000,444170.365091,-1043842.861012,-599672.495922,1.226040e-02,-1147.948715,489.542739,604.517350,0.186,13.761,0.021,0.000,0.000,0.000
2144,2.144000,444264.610157,-1043936.650045,-599672.039888,1.226115e-02,-1147.988156,489.504821,604.671544,0.178,4.610,0.018,0.000,0.000,0.000
2145,2.145000,444358.594663,-1044030.473758,-599671.879095,1.226141e-02,-1147.978313,489.475111,604.818774,0.180,10.664,0.019,0.000,0.000,0.000
2146,2.146000,444452.585675,-1044124.327281,-599671.741606,1.226164e-02,-1147.959617,489.439137,604.968228,0.196,6.118,0.019,0.000,0.000,0.000
2147,2.147000,444546.758971,-1044218.215841,-599671.456870,1.226211e-02,-1147.984231,489.383901,605.107053,0.204,4.680,0.018,0.000,0.000,0.000
2148,2.148000,444640.941311,-1044312.135165,-599671.193854,1.226254e-02,-1148.005342,489.293452,605.220451,0.185,6.197,0.017,0.000,0.000,0.000
2149,2.149000,444735.087567,-1044406.081147,-599670.993579,1.226287e-02,-1148.027423,489.186812,605.330487,0.188,7.648,0.020,0.000,0.000,0.000
2150,2.150000,444829.129165,-1044500.058110,-599670.928945,1.226298e-02,-1147.967587,489.040514,605.370473,0.204,4.661,0.018,0.000,0.000,0.000
2151,2.151000,444923.356273,-1044594.058833,-599670.702560,1.226335e-02,-1147.799069,488.880701,605.410851,0.191,10.663,0.017,0.000,0.000,0.000
2152,2.152000,445017.470505,-1044688.060098,-599670.589592,1.226354e-02,-1147.574777,488.682035,605.436578,0.182,4.612,0.017,0.000,0.000,0.000
2153,2.153000,445111.227575,-1044782.063486,-599670.835911,1.226313e-02,-1147.470311,488.538346,605.511994,0.182,4.612,0.018,0.000,0.000,0.000
2154,2.154000,445205.229920,-1044876.088065,-599670.858144,1.226310e-02,-1147.573694,488.485259,605.703682,0.176,10.685,0.017,0.000,0.000,0.000
2155,2.155000,445299.195082,-1044970.136326,-599670.941244,1.226296e-02,-1147.648567,488.429604,605.883959,0.205,4.697,0.020,0.000,0.000,0.000
2156,2.156000,445392.933495,-1045064.205844,-599671.272349,1.226241e-02,-1147.622640,488.390430,606.046421,0.190,4.591,0.018,0.000,0.000,0.000
2157,2.157000,445486.955920,-1045158.297604,-599671.341684,1.226230e-02,-1147.610092,488.332592,606.177821,0.176,12.188,0.024,0.000,0.000,0.000
2158,2.158000,445581.264302,-1045252.415702,-599671.151400,1.226261e-02,-1147.713261,488.269195,606.354547,0.212,4.696,0.034,0.000,0.000,0.000
2159,2.159000,445675.352081,-1045346.557339,-599671.205258,1.226252e-02,-1147.749028,488.290033,606.590097,0.174,13.203,0.018,0.000,0.000,0.000
2160,2.160000,445769.268207,-1045440.703832,-599671.435625,1.226214e-02,-1147.666911,488.356183,606.799498,0.186,9.152,0.018,0.000,0.000,0.000
2161,2.161000,445863.521144,-1045534.874306,-599671.353162,1.226228e-02,-1147.553343,488.431364,606.973778,0.175,4.675,0.017,0.000,0.000,0.000
2162,2.162000,445957.564558,-1045629.049593,-599671.485035,1.226206e-02,-1147.515561,488.304125,607.052326,0.173,7.631,0.017,0.000,0.000,0.000
2163,2.163000,446051.204522,-1045723.226337,-599672.021815,1.226118e-02,-1147.521322,487.947883,607.017189,0.180,4.675,0.017,0.000,0.000,0.000
2164,2.164000,446145.219649,-1045817.409668,-599672.190019,1.226090e-02,-1147.444944,487.758907,607.036589,0.175,4.661,0.022,0.000,0.000,0.000
2165,2.165000,446239.515515,-1045911.618032,-599672.102517,1.226105e-02,-1147.383102,487.756596,607.167616,0.172,13.779,0.018,0.000,0.000,0.000
2166,2.166000,446334.094922,-1046005.849258,-599671.754336,1.226162e-02,-1147.303300,487.781526,607.293187,0.176,4.666,0.017,0.000,0.000,0.000
2167,2.167000,446428.533798,-1046100.102109,-599671.568311,1.226193e-02,-1147.212680,487.829982,607.442670,0.174,4.687,0.017,0.000,0.000,0.000
2168,2.168000,446522.726605,-1046194.372504,-599671.645900,1.226180e-02,-1147.253977,487.904055,607.666132,0.190,12.244,0.022,0.000,0.000,0.000
2169,2.169000,446617.203274,-1046288.656406,-599671.453132,1.226212e-02,-1147.350009,487.929699,607.857495,0.220,4.597,0.021,0.000,0.000,0.000
2170,2.170000,446711.842561,-1046382.957082,-599671.114521,1.226267e-02,-1147.301057,487.892847,607.957612,0.238,10.655,0.018,0.000,0.000,0.000
2171,2.171000,446806.663661,-1046477.270370,-599670.606709,1.226351e-02,-1147.270793,487.902040,608.080656,0.190,4.685,0.017,0.000,0.000,0.000
2172,2.172000,446901.715761,-1046571.606234,-599669.890473,1.226469e-02,-1147.242361,487.913865,608.201907,0.185,10.715,0.020,0.000,0.000,0.000
2173,2.173000,446997.511885,-1046665.956065,-599668.444179,1.226707e-02,-1146.991570,487.672288,608.165641,0.209,4.596,0.019,0.000,0.000,0.000
2174,2.174000,447093.500293,-1046760.295793,-599666.795500,1.226979e-02,-1146.735133,487.471551,608.077073,0.210,10.707,0.019,0.000,0.000,0.000
2175,2.175000,447188.954157,-1046854.658081,-599665.703924,1.227159e-02,-1146.656611,487.513407,608.069399,0.255,4.701,0.033,0.000,0.000,0.000
2176,2.176000,447284.035781,-1046949.053088,-599665.017308,1.227272e-02,-1146.643238,487.734500,608.146817,0.194,9.165,0.017,0.000,0.000,0.000
2177,2.177000,447378.096358,-1047043.433788,-599665.337430,1.227219e-02,-1146.654927,487.429752,608.016170,0.183,4.590,0.022,0.000,0.000,0.000
2178,2.178000,447471.929498,-1047137.795650,-599665.866152,1.227132e-02,-1146.739184,487.144879,607.870717,0.188,9.230,0.017,0.000,0.000,0.000
2179,2.179000,447566.196723,-1047232.147551,-599665.950828,1.227118e-02,-1146.898246,487.502710,607.930477,0.188,4.127,0.017,0.000,0.000,0.000
2180,2.180000,447660.527381,-1047326.473761,-599665.946380,1.227119e-02,-1147.019971,487.765259,607.985192,0.194,10.734,0.026,0.000,0.000,0.000
2181,2.181000,447754.989013,-1047420.785483,-599665.796470,1.227143e-02,-1147.117327,487.908739,608.143133,0.177,4.598,0.019,0.000,0.000,0.000
2182,2.182000,447849.539677,-1047515.104989,-599665.565312,1.227181e-02,-1147.227029,488.061595,608.317272,0.178,7.709,0.018,0.000,0.000,0.000
2183,2.183000,447944.682796,-1047609.412922,-599664.730127,1.227319e-02,-1147.252339,488.215920,608.406449,0.176,4.602,0.018,0.000,0.000,0.000
2184,2.184000,448040.120769,-1047703.740024,-599663.619255,1.227502e-02,-1148.434745,488.392744,608.896432,0.185,10.717,0.019,0.000,0.000,0.000
2185,2.185000,448135.393903,-1047798.043122,-599662.649219,1.227662e-02,-1149.660704,488.619556,609.433833,0.175,4.365,0.016,0.000,0.000,0.000
2186,2.186000,448230.708187,-1047892.358633,-599661.650445,1.227826e-02,-1149.724048,488.712710,609.541517,0.194,10.681,0.022,0.000,0.000,0.000
2187,2.187000,448325.544337,-1047986.669234,-599661.124897,1.227913e-02,-1149.848817,488.929039,609.650623,0.216,4.593,0.018,0.000,0.000,0.000
2188,2.188000,448420.173607,-1048080.953455,-599660.779847,1.227970e-02,-1149.819956,489.174062,609.720583,0.199,10.744,0.019,0.000,0.000,0.000
2189,2.189000,448514.849721,-1048175.240628,-599660.390907,1.228034e-02,-1149.746352,489.076475,609.994460,0.192,4.604,0.017,0.000,0.000,0.000
2190,2.190000,448609.578440,-1048269.492035,-599659.913595,1.228112e-02,-1149.794948,488.979429,610.360669,0.180,10.713,0.017,0.000,0.000,0.000
2191,2.191000,448704.193959,-1048363.745920,-599659.551961,1.228172e-02,-1149.701447,489.102262,610.501585,0.182,4.587,0.017,0.000,0.000,0.000
2192,2.192000,448798.694277,-1048457.988253,-599659.293976,1.228214e-02,-1149.544631,489.238334,610.624317,0.181,10.729,0.017,0.000,0.000,0.000
2193,2.193000,448893.616462,-1048552.233717,-599658.617255,1.228326e-02,-1149.479637,489.313705,610.749848,0.210,4.686,0.034,0.000,0.000,0.000
2194,2.194000,448988.536015,-1048646.483172,-599657.947157,1.228436e-02,-1149.469052,489.390640,610.920829,0.173,10.723,0.017,0.000,0.000,0.000
2195,2.195000,449083.530647,-1048740.733918,-599657.203272,1.228559e-02,-1149.456105,489.482105,611.120531,0.178,4.613,0.018,0.000,0.000,0.000
2196,2.196000,449178.629018,-1048834.987329,-599656.358312,1.228698e-02,-1149.447666,489.553864,611.303258,0.187,4.605,0.017,0.000,0.000,0.000
2197,2.197000,449273.310595,-1048929.238259,-599655.927665,1.228769e-02,-1149.515388,489.758724,611.627428,0.188,10.669,0.019,0.000,0.000,0.000
2198,2.198000,449367.218155,-1049023.467317,-599656.249161,1.228716e-02,-1149.525928,490.011159,612.032944,0.177,4.638,0.019,0.000,0.000,0.000
2199,2.199000,449460.432541,-1049117.659139,-599657.226598,1.228555e-02,-1149.456593,490.291248,612.437815,0.194,6.205,0.025,0.000,0.000,0.000
2200,2.200000,449553.992265,-1049211.803916,-599657.811651,1.228458e-02,-1149.468673,490.561785,612.866644,0.188,4.663,0.018,0.000,0.000,0.000
2201,2.201000,449647.399668,-1049305.916981,-599658.517313,1.228342e-02,-1149.517304,490.635275,613.480694,0.181,7.631,0.018,0.000,0.000,0.000
2202,2.202000,449740.474122,-1049399.961923,-599659.487801,1.228182e-02,-1149.507521,490.817128,614.140952,0.183,6.117,0.021,0.000,0.000,0.000
2203,2.203000,449834.317654,-1049493.955316,-599659.637661,1.228158e-02,-1149.544374,491.108147,614.551647,0.176,6.196,0.018,0.000,0.000,0.000
2204,2.204000,449930.652204,-1049587.917831,-599657.265627,1.228548e-02,-1149.646161,490.757411,614.652218,0.174,4.698,0.017,0.000,0.000,0.000
2205,2.205000,450026.724687,-1049681.828281,-599655.103595,1.228905e-02,-1149.603796,490.320878,614.730346,0.173,10.709,0.018,0.000,0.000,0.000
2206,2.206000,450120.629095,-1049775.717443,-599655.088348,1.228907e-02,-1149.500584,490.363440,614.995678,0.171,4.633,0.018,0.000,0.000,0.000
2207,2.207000,450212.980553,-1049869.583220,-599656.602667,1.228658e-02,-1149.430720,490.307774,615.301317,0.194,10.388,0.022,0.000,0.000,0.000
2208,2.208000,450304.652621,-1049963.378943,-599658.726322,1.228308e-02,-1149.287761,490.299130,615.696908,0.187,4.690,0.021,0.000,0.000,0.000
2209,2.209000,450398.178901,-1050057.133369,-599658.954468,1.228270e-02,-1149.094880,490.374484,616.035220,0.215,13.695,0.021,0.000,0.000,0.000
2210,2.210000,450492.044316,-1050150.864410,-599658.820094,1.228292e-02,-1148.906910,490.126749,616.184031,0.200,4.691,0.022,0.000,0.000,0.000
2211,2.211000,450585.796295,-1050244.552960,-599658.756664,1.228303e-02,-1148.756022,489.896982,616.330951,0.201,13.739,0.018,0.000,0.000,0.000
2212,2.212000,450680.114151,-1050338.223827,-599658.109676,1.228409e-02,-1148.519095,489.941176,616.651132,0.195,6.172,0.020,0.000,0.000,0.000
2213,2.213000,450774.037832,-1050431.856824,-599657.818992,1.228457e-02,-1148.218653,490.049341,616.943148,0.209,4.609,0.019,0.000,0.000,0.000
2214,2.214000,450867.604291,-1050525.460083,-599657.855792,1.228451e-02,-1148.059894,490.111847,617.099303,0.202,6.189,0.018,0.000,0.000,0.000
2215,2.215000,450961.300087,-1050619.042301,-599657.742214,1.228470e-02,-1148.044706,490.153547,617.268902,0.198,6.201,0.018,0.000,0.000,0.000
2216,2.216000,451054.073521,-1050712.599002,-599658.525481,1.228341e-02,-1148.052103,490.384879,617.606727,0.229,6.212,0.028,0.000,0.000,0.000
2217,2.217000,451146.330568,-1050806.087912,-599659.757345,1.228138e-02,-1148.123603,490.609267,618.072522,0.192,10.634,0.028,0.000,0.000,0.000
2218,2.218000,451238.236687,-1050899.539916,-599661.303229,1.227883e-02,-1148.209221,490.696677,618.655943,0.180,4.675,0.017,0.000,0.000,0.000
2219,2.219000,451329.648853,-1050992.927489,-599663.278637,1.227558e-02,-1148.229650,490.884454,619.320132,0.192,12.182,0.018,0.000,0.000,0.000
2220,2.220000,451421.174454,-1051086.251936,-599665.077482,1.227262e-02,-1148.317266,491.179311,619.997512,0.193,4.617,0.019,0.000,0.000,0.000
2221,2.221000,451512.745156,-1051179.505508,-599666.760352,1.226984e-02,-1148.400045,491.460263,620.648555,0.186,4.615,0.019,0.000,0.000,0.000
2222,2.222000,451604.823959,-1051272.697253,-599667.873294,1.226801e-02,-1148.319119,491.653105,621.103057,0.296,4.685,0.018,0.000,0.000,0.000
2223,2.223000,451697.349684,-1051365.848759,-599668.499075,1.226698e-02,-1148.221674,491.786407,621.483469,0.179,7.714,0.020,0.000,0.000,0.000
2224,2.224000,451792.238134,-1051458.951332,-599666.713199,1.226992e-02,-1148.016840,491.786383,621.809505,0.176,7.697,0.016,0.000,0.000,0.000
2225,2.225000,451887.080471,-1051552.012709,-599664.932238,1.227286e-02,-1147.763133,491.803432,622.159990,0.178,12.267,0.018,0.000,0.000,0.000
2226,2.226000,451981.694684,-1051645.024935,-599663.330251,1.227549e-02,-1147.492220,491.845666,622.528417,0.183,4.661,0.020,0.000,0.000,0.000
2227,2.227000,452076.932763,-1051737.992147,-599661.059384,1.227924e-02,-1147.265698,491.880861,622.840400,0.227,12.020,0.020,0.000,0.000,0.000
2228,2.228000,452170.599161,-1051830.918744,-599660.319583,1.228045e-02,-1147.279584,491.969028,623.135264,0.196,4.612,0.020,0.000,0.000,0.000
2229,2.229000,452263.901830,-1051923.790002,-599659.888172,1.228116e-02,-1147.368082,491.949702,623.310155,0.184,4.674,0.018,0.000,0.000,0.000
2230,2.230000,452356.161134,-1052016.623406,-599660.462272,1.228022e-02,-1147.403419,491.705398,623.899432,0.279,4.599,0.017,0.000,0.000,0.000
2231,2.231000,452447.742771,-1052109.392753,-599661.649982,1.227826e-02,-1147.297573,491.545426,624.589745,0.179,7.712,0.018,0.000,0.000,0.000
2232,2.232000,452540.238931,-1052202.093167,-599661.854236,1.227793e-02,-1147.326662,491.650128,624.795117,0.193,4.677,0.017,0.000,0.000,0.000
2233,2.233000,452633.184210,-1052294.761071,-599661.576862,1.227838e-02,-1147.553734,491.670141,624.886670,0.177,9.162,0.017,0.000,0.000,0.000
2234,2.234000,452726.434279,-1052387.379499,-599660.945220,1.227942e-02,-1147.719253,491.650764,625.067064,0.175,4.678,0.015,0.000,0.000,0.000
2235,2.235000,452819.897447,-1052479.967115,-599660.069668,1.228087e-02,-1147.815914,491.692054,625.346430,0.184,10.721,0.017,0.000,0.000,0.000
2236,2.236000,452912.898190,-1052572.517851,-599659.619661,1.228161e-02,-1147.944462,491.758838,625.578996,0.172,4.662,0.017,0.000,0.000,0.000
2237,2.237000,453006.195076,-1052665.041572,-599658.846496,1.228288e-02,-1148.052280,491.799638,625.722267,0.186,10.722,0.018,0.000,0.000,0.000
2238,2.238000,453099.200782,-1052757.539127,-599658.338345,1.228372e-02,-1148.086426,491.912574,625.812715,0.182,4.680,0.018,0.000,0.000,0.000
2239,2.239000,453191.471805,-1052849.991464,-599658.519659,1.228342e-02,-1148.127004,492.206101,625.962623,0.176,12.184,0.017,0.000,0.000,0.000
2240,2.240000,453283.468835,-1052942.392507,-599658.923672,1.228275e-02,-1148.141482,492.472492,626.192535,0.182,4.688,0.022,0.000,0.000,0.000
2241,2.241000,453375.328315,-1053034.739254,-599659.410939,1.228195e-02,-1148.081846,492.577679,626.368625,0.177,13.813,0.019,0.000,0.000,0.000
2242,2.242000,453467.776456,-1053127.029242,-599659.252785,1.228221e-02,-1148.084177,492.562064,626.435982,0.185,4.621,0.020,0.000,0.000,0.000
2243,2.243000,453561.580281,-1053219.287932,-599657.707651,1.228476e-02,-1148.102072,492.397298,626.452324,0.171,4.597,0.018,0.000,0.000,0.000
2244,2.244000,453655.323079,-1053311.511797,-599656.188719,1.228726e-02,-1148.120131,492.315950,626.517897,0.170,12.173,0.017,0.000,0.000,0.000
2245,2.245000,453748.068964,-1053403.704422,-599655.635459,1.228817e-02,-1148.151317,492.377860,626.610531,0.171,4.700,0.017,0.000,0.000,0.000
2246,2.246000,453840.585144,-1053495.853216,-599655.268071,1.228877e-02,-1148.087973,492.612386,626.693068,0.187,10.519,0.019,0.000,0.000,0.000
2247,2.247000,453932.988557,-1053587.960252,-599654.971695,1.228926e-02,-1148.002436,492.937014,626.761986,0.185,4.691,0.018,0.000,0.000,0.000
2248,2.248000,454024.782665,-1053680.006658,-599655.223993,1.228885e-02,-1147.998116,493.294935,626.836028,0.173,10.637,0.018,0.000,0.000,0.000
2249,2.249000,454117.207410,-1053771.993267,-599654.785857,1.228957e-02,-1148.003343,493.598769,626.993217,0.211,4.622,0.018,0.000,0.000,0.000
2250,2.250000,454209.635842,-1053863.932510,-599654.296668,1.229037e-02,-1147.992295,493.699562,627.283924,0.195,10.731,0.017,0.000,0.000,0.000
2251,2.251000,454301.203377,-1053955.795694,-599654.592318,1.228989e-02,-1148.044410,493.865112,627.568071,0.182,4.642,0.017,0.000,0.000,0.000
2252,2.252000,454392.628148,-1054047.623021,-599654.994873,1.228922e-02,-1148.107997,494.093999,627.906244,0.186,10.657,0.018,0.000,0.000,0.000
2253,2.253000,454482.812058,-1054139.393353,-599656.581295,1.228661e-02,-1148.106788,494.400851,628.430356,0.224,4.682,0.021,0.000,0.000,0.000
2254,2.254000,454571.962400,-1054231.084739,-599659.122338,1.228243e-02,-1148.156298,494.458909,628.910703,0.213,10.732,0.023,0.000,0.000,0.000
2255,2.255000,454660.578096,-1054322.681649,-599662.103553,1.227752e-02,-1148.201716,494.248291,629.355294,0.223,4.675,0.019,0.000,0.000,0.000
2256,2.256000,454749.643594,-1054414.179165,-599664.535572,1.227351e-02,-1148.152863,494.253302,629.817419,0.195,4.607,0.021,0.000,0.000,0.000
2257,2.257000,454839.565291,-1054505.622387,-599666.057096,1.227100e-02,-1148.097862,494.420978,630.259829,0.189,10.659,0.019,0.000,0.000,0.000
2258,2.258000,454929.284415,-1054597.006860,-599667.722445,1.226826e-02,-1148.209788,494.597722,630.749021,0.181,6.185,0.018,0.000,0.000,0.000
2259,2.259000,455018.141688,-1054688.313705,-599670.172017,1.226423e-02,-1148.304967,494.670566,631.321226,0.181,6.104,0.018,0.000,0.000,0.000
2260,2.260000,455107.310347,-1054779.524990,-599672.214643,1.226086e-02,-1148.348625,494.821985,631.898083,0.178,7.702,0.017,0.000,0.000,0.000
2261,2.261000,455198.130047,-1054870.664442,-599672.534395,1.226033e-02,-1148.500058,495.072821,632.160466,0.175,4.605,0.016,0.000,0.000,0.000
2262,2.262000,455287.948880,-1054961.773104,-599673.824224,1.225821e-02,-1148.566827,495.337802,632.688413,0.181,6.107,0.017,0.000,0.000,0.000
2263,2.263000,455376.494192,-1055052.758610,-599676.264419,1.225419e-02,-1148.544352,495.665450,633.390500,0.200,4.605,0.020,0.000,0.000,0.000
2264,2.264000,455464.828253,-1055143.666284,-599678.838031,1.224995e-02,-1148.541406,495.971412,634.080540,0.178,9.235,0.018,0.000,0.000,0.000
2265,2.265000,455552.516512,-1055234.441533,-599681.925021,1.224487e-02,-1148.606117,496.270328,635.124044,0.204,4.675,0.018,0.000,0.000,0.000
2266,2.266000,455641.321889,-1055325.091693,-599683.769804,1.224183e-02,-1148.772245,496.536966,635.920818,0.173,10.646,0.018,0.000,0.000,0.000
2267,2.267000,455731.008320,-1055415.658705,-599684.650385,1.224038e-02,-1148.870885,496.867322,636.539746,0.219,4.612,0.020,0.000,0.000,0.000
2268,2.268000,455819.649541,-1055506.134451,-599686.484910,1.223736e-02,-1149.363165,497.150135,637.637081,0.305,4.685,0.018,0.000,0.000,0.000
2269,2.269000,455906.938481,-1055596.357213,-599689.418732,1.223252e-02,-1150.411951,497.395455,639.182760,0.182,13.732,0.020,0.000,0.000,0.000
2270,2.270000,455994.089675,-1055686.316987,-599692.227312,1.222790e-02,-1150.693017,497.583800,640.345927,0.189,9.180,0.020,0.000,0.000,0.000
2271,2.271000,456082.411908,-1055776.163856,-599693.751947,1.222539e-02,-1150.474126,497.621898,640.841507,0.204,4.597,0.020,0.000,0.000,0.000
2272,2.272000,456171.202100,-1055865.979351,-599694.777251,1.222370e-02,-1150.624296,497.682955,641.293045,0.180,4.663,0.017,0.000,0.000,0.000
2273,2.273000,456259.045371,-1055955.711153,-599696.665782,1.222059e-02,-1150.531280,497.753953,642.034319,0.179,13.733,0.017,0.000,0.000,0.000
2274,2.274000,456346.634764,-1056045.344676,-599698.709911,1.221722e-02,-1150.113759,497.798762,642.871197,0.176,6.182,0.019,0.000,0.000,0.000
2275,2.275000,456435.052820,-1056134.883092,-599699.830272,1.221537e-02,-1149.995803,497.867735,643.527677,0.185,6.128,0.017,0.000,0.000,0.000
2276,2.276000,456523.801591,-1056224.358171,-599700.556580,1.221418e-02,-1150.138580,497.957424,643.955368,0.175,6.113,0.018,0.000,0.000,0.000
2277,2.277000,456612.135277,-1056313.775648,-599701.640371,1.221239e-02,-1150.261715,498.091095,644.340641,0.175,4.679,0.017,0.000,0.000,0.000
2278,2.278000,456700.715986,-1056403.124759,-599702.408773,1.221113e-02,-1150.369668,498.163848,644.727540,0.211,6.193,0.029,0.000,0.000,0.000
2279,2.279000,456789.319313,-1056492.421209,-599703.101896,1.220999e-02,-1150.471252,498.170933,645.097807,0.175,12.227,0.017,0.000,0.000,0.000
2280,2.280000,456878.517760,-1056581.663045,-599703.145286,1.220991e-02,-1150.593820,498.197458,645.413926,0.186,4.689,0.020,0.000,0.000,0.000
2281,2.281000,456967.907634,-1056670.854550,-599702.946917,1.221024e-02,-1150.757509,498.163723,645.764763,0.177,10.645,0.018,0.000,0.000,0.000
2282,2.282000,457057.429463,-1056759.986607,-599702.557144,1.221088e-02,-1150.838493,498.142534,645.948156,0.173,4.609,0.016,0.000,0.000,0.000
2283,2.283000,457146.018055,-1056849.097298,-599703.079242,1.221002e-02,-1150.893275,497.927183,645.971653,0.171,4.611,0.017,0.000,0.000,0.000
2284,2.284000,457233.481018,-1056938.111201,-599704.630183,1.220747e-02,-1151.121195,498.015445,646.490171,0.223,4.697,0.031,0.000,0.000,0.000
2285,2.285000,457321.959804,-1057027.006951,-599705.047147,1.220678e-02,-1151.262322,497.864397,646.815013,0.172,7.701,0.018,0.000,0.000,0.000
2286,2.286000,457411.403241,-1057115.854478,-599704.451237,1.220776e-02,-1151.232079,497.286961,646.681220,0.169,7.690,0.017,0.000,0.000,0.000
2287,2.287000,457500.689097,-1057204.684396,-599703.995299,1.220851e-02,-1151.206797,496.861328,646.491280,0.183,9.138,0.021,0.000,0.000,0.000
2288,2.288000,457589.996152,-1057293.463205,-599703.467053,1.220938e-02,-1151.173148,496.517296,646.251852,0.224,4.695,0.018,0.000,0.000,0.000
2289,2.289000,457680.248602,-1057382.225453,-599701.976850,1.221184e-02,-1151.147020,496.573012,646.215733,0.217,4.610,0.021,0.000,0.000,0.000
2290,2.290000,457769.365158,-1057470.974839,-599701.609681,1.221244e-02,-1151.175594,496.109711,645.955227,0.188,7.615,0.018,0.000,0.000,0.000
2291,2.291000,457858.303620,-1057559.662918,-599701.359298,1.221286e-02,-1151.193739,495.587825,645.679500,0.183,4.672,0.018,0.000,0.000,0.000
2292,2.292000,457946.198029,-1057648.338797,-599702.140768,1.221157e-02,-1151.297486,494.341990,644.946446,0.181,11.852,0.019,0.000,0.000,0.000
2293,2.293000,458034.035109,-1057736.898800,-599702.863691,1.221038e-02,-1151.396717,493.074036,644.222551,0.181,4.604,0.019,0.000,0.000,0.000
2294,2.294000,458123.174577,-1057825.449951,-599702.275375,1.221135e-02,-1151.403817,492.556833,643.957099,0.222,4.608,0.021,0.000,0.000,0.000
2295,2.295000,458210.215406,-1057913.939447,-599703.724041,1.220896e-02,-1151.539686,490.683885,642.930524,0.204,10.652,0.019,0.000,0.000,0.000
2296,2.296000,458296.025976,-1058002.315584,-599706.289608,1.220474e-02,-1151.435000,488.872213,642.120878,0.192,4.684,0.018,0.000,0.000,0.000
2297,2.297000,458382.914242,-1058090.581193,-599707.666952,1.220247e-02,-1151.027745,488.545763,642.282987,0.183,10.715,0.018,0.000,0.000,0.000
2298,2.298000,458469.530060,-1058178.792969,-599709.262909,1.219984e-02,-1150.996562,487.249396,641.637626,0.193,4.601,0.020,0.000,0.000,0.000
2299,2.299000,458556.935771,-1058266.880999,-599709.945228,1.219871e-02,-1151.147243,485.842032,640.777387,0.183,4.686,0.017,0.000,0.000,0.000
2300,2.300000,458646.345551,-1058354.957247,-599708.611696,1.220091e-02,-1151.157049,485.948633,640.777549,0.177,13.696,0.017,0.000,0.000,0.000
2301,2.301000,458735.510021,-1058443.016312,-599707.506291,1.220273e-02,-1151.270727,486.054937,640.785144,0.178,6.130,0.018,0.000,0.000,0.000
2302,2.302000,458824.740562,-1058531.057239,-599706.316677,1.220469e-02,-1151.371152,486.114464,640.783117,0.176,4.334,0.016,0.000,0.000,0.000
2303,2.303000,458914.056012,-1058619.084289,-599705.028277,1.220681e-02,-1151.377648,486.165697,640.755568,0.175,4.604,0.019,0.000,0.000,0.000
2304,2.304000,459003.340588,-1058707.097657,-599703.757069,1.220891e-02,-1151.369816,486.228588,640.726018,0.173,9.127,0.018,0.000,0.000,0.000
2305,2.305000,459092.517457,-1058795.096221,-599702.578763,1.221085e-02,-1151.373870,486.369928,640.700584,0.250,4.682,0.017,0.000,0.000,0.000
2306,2.306000,459181.512571,-1058883.073462,-599701.560892,1.221252e-02,-1151.376460,486.464842,640.689265,0.214,8.770,0.021,0.000,0.000,0.000
2307,2.307000,459270.341510,-1058971.021092,-599700.679581,1.221398e-02,-1151.343795,486.453493,640.707006,0.257,4.701,0.031,0.000,0.000,0.000
2308,2.308000,459358.984059,-1059058.949810,-599699.965751,1.221515e-02,-1151.300916,486.407538,640.773301,0.246,9.182,0.024,0.000,0.000,0.000
2309,2.309000,459447.698002,-1059146.855742,-599699.157740,1.221648e-02,-1151.264055,486.358078,640.815516,0.217,9.229,0.020,0.000,0.000,0.000
2310,2.310000,459536.575424,-1059234.730007,-599698.154583,1.221813e-02,-1151.247198,486.387793,640.824776,0.229,4.689,0.021,0.000,0.000,0.000
2311,2.311000,459625.466501,-1059322.581875,-599697.115374,1.221985e-02,-1151.230907,486.461173,640.851466,0.198,12.155,0.019,0.000,0.000,0.000
2312,2.312000,459714.406905,-1059410.411723,-599696.004817,1.222168e-02,-1151.197243,486.506562,640.865548,0.198,4.695,0.018,0.000,0.000,0.000
2313,2.313000,459803.260198,-1059498.221482,-599694.961284,1.222339e-02,-1151.195333,486.646906,640.942248,0.198,4.674,0.019,0.000,0.000,0.000
2314,2.314000,459891.863216,-1059586.000096,-599694.136880,1.222475e-02,-1151.193538,486.803464,641.029278,0.184,13.742,0.018,0.000,0.000,0.000
2315,2.315000,459980.730661,-1059673.745334,-599693.014673,1.222660e-02,-1151.134847,486.877298,641.036237,0.193,10.735,0.019,0.000,0.000,0.000
2316,2.316000,460069.648152,-1059761.470946,-599691.822793,1.222856e-02,-1151.077464,486.936541,640.972965,0.273,4.684,0.018,0.000,0.000,0.000
2317,2.317000,460158.506554,-1059849.160551,-599690.653997,1.223049e-02,-1151.036179,486.964151,640.902320,0.191,13.700,0.018,0.000,0.000,0.000
2318,2.318000,460248.453378,-1059936.832192,-599688.378814,1.223424e-02,-1150.951638,486.966331,640.872280,0.182,9.249,0.018,0.000,0.000,0.000
2319,2.319000,460338.330962,-1060024.470605,-599686.139643,1.223792e-02,-1150.872136,487.006449,640.843882,0.181,4.593,0.017,0.000,0.000,0.000
2320,2.320000,460427.461679,-1060112.087821,-599684.626142,1.224042e-02,-1150.838918,487.112038,640.829840,0.177,10.725,0.017,0.000,0.000,0.000
2321,2.321000,460516.376723,-1060199.684709,-599683.307986,1.224259e-02,-1150.886810,487.192342,640.838513,0.176,4.615,0.017,0.000,0.000,0.000
2322,2.322000,460605.209598,-1060287.243188,-599682.033591,1.224469e-02,-1150.950551,487.293294,640.825423,0.175,9.226,0.017,0.000,0.000,0.000
2323,2.323000,460694.460242,-1060374.776285,-599680.316043,1.224752e-02,-1150.931343,487.392784,640.788798,0.177,4.614,0.017,0.000,0.000,0.000
2324,2.324000,460783.575029,-1060462.289873,-599678.714844,1.225015e-02,-1150.899450,487.469431,640.759879,0.186,10.727,0.018,0.000,0.000,0.000
2325,2.325000,460872.292828,-1060549.773405,-599677.480577,1.225219e-02,-1150.873413,487.500049,640.742018,0.183,4.656,0.017,0.000,0.000,0.000
2326,2.326000,460960.872368,-1060637.222810,-599676.350442,1.225405e-02,-1150.840456,487.467404,640.739891,0.171,10.677,0.017,0.000,0.000,0.000
2327,2.327000,461049.427624,-1060724.637157,-599675.209533,1.225593e-02,-1150.795115,487.452329,640.739515,0.204,4.679,0.033,0.000,0.000,0.000
2328,2.328000,461138.056339,-1060812.026298,-599673.969959,1.225797e-02,-1150.739027,487.478354,640.740023,0.181,10.638,0.017,0.000,0.000,0.000
2329,2.329000,461227.599939,-1060899.387515,-599671.787576,1.226156e-02,-1150.690786,487.562140,640.714652,0.219,4.518,0.023,0.000,0.000,0.000
2330,2.330000,461316.033087,-1060986.725406,-599670.692319,1.226337e-02,-1150.638089,487.504837,640.734175,0.202,12.255,0.018,0.000,0.000,0.000
2331,2.331000,461403.348967,-1061074.001504,-599670.652537,1.226343e-02,-1150.526570,487.390316,640.788328,0.184,4.675,0.018,0.000,0.000,0.000
2332,2.332000,461491.589437,-1061161.248611,-599669.659174,1.226507e-02,-1150.488391,487.399880,640.872813,0.181,13.724,0.017,0.000,0.000,0.000
2333,2.333000,461579.898191,-1061248.464819,-599668.566628,1.226687e-02,-1150.549998,487.409522,641.017074,0.221,6.197,0.021,0.000,0.000,0.000
2334,2.334000,461668.027004,-1061335.632760,-599667.605756,1.226845e-02,-1150.539702,487.414982,641.099123,0.201,6.195,0.017,0.000,0.000,0.000
2335,2.335000,461756.261715,-1061422.760108,-599666.498393,1.227028e-02,-1150.438946,487.483143,641.051669,0.206,7.667,0.021,0.000,0.000,0.000
2336,2.336000,461844.594357,-1061509.856750,-599665.262393,1.227231e-02,-1150.331050,487.538650,641.011329,0.188,9.033,0.018,0.000,0.000,0.000
2337,2.337000,461932.562801,-1061596.911575,-599664.348774,1.227382e-02,-1150.266197,487.575182,641.061240,0.191,4.609,0.023,0.000,0.000,0.000
2338,2.338000,462020.192058,-1061683.923556,-599663.731497,1.227483e-02,-1150.213060,487.639616,641.140458,0.183,10.715,0.019,0.000,0.000,0.000
2339,2.339000,462107.934514,-1061770.879630,-599662.945116,1.227613e-02,-1150.167280,487.675045,641.195361,0.198,6.180,0.017,0.000,0.000,0.000
2340,2.340000,462195.914892,-1061857.807501,-599661.892608,1.227786e-02,-1150.196735,487.758844,641.225696,0.178,4.377,0.017,0.000,0.000,0.000
2341,2.341000,462283.882076,-1061944.701793,-599660.819717,1.227963e-02,-1150.230004,487.847082,641.256229,0.176,6.183,0.017,0.000,0.000,0.000
2342,2.342000,462371.730212,-1062031.565283,-599659.835071,1.228125e-02,-1150.200809,487.845779,641.284303,0.178,6.179,0.018,0.000,0.000,0.000
2343,2.343000,462459.524863,-1062118.380026,-599658.855164,1.228287e-02,-1150.173352,487.840233,641.312267,0.260,6.206,0.020,0.000,0.000,0.000
2344,2.344000,462547.445643,-1062205.163439,-599657.717797,1.228474e-02,-1150.146439,487.818430,641.380100,0.177,12.231,0.017,0.000,0.000,0.000
2345,2.345000,462635.244884,-1062291.910418,-599656.665533,1.228647e-02,-1150.113935,487.735138,641.507639,0.173,10.720,0.019,0.000,0.000,0.000
2346,2.346000,462723.260752,-1062378.620445,-599655.359693,1.228862e-02,-1150.088478,487.712989,641.578260,0.242,4.623,0.044,0.000,0.000,0.000
2347,2.347000,462811.419077,-1062465.296241,-599653.877165,1.229107e-02,-1150.080590,487.757180,641.524448,0.200,10.658,0.018,0.000,0.000,0.000
2348,2.348000,462899.107353,-1062551.932520,-599652.825167,1.229280e-02,-1150.035128,487.772411,641.414936,0.197,4.682,0.093,0.000,0.000,0.000
2349,2.349000,462986.469035,-1062638.523297,-599652.054262,1.229407e-02,-1149.939739,487.766033,641.319465,0.181,4.611,0.018,0.000,0.000,0.000
2350,2.350000,463073.830880,-1062725.067387,-599651.236507,1.229541e-02,-1149.831184,487.655066,641.243946,0.175,10.633,0.017,0.000,0.000,0.000
2351,2.351000,463161.168188,-1062811.552291,-599650.384103,1.229682e-02,-1149.756665,487.411623,641.217696,0.190,4.598,0.022,0.000,0.000,0.000
2352,2.352000,463248.015010,-1062897.986072,-599649.971062,1.229750e-02,-1149.646956,486.907372,641.107534,0.187,6.182,0.019,0.000,0.000,0.000
2353,2.353000,463334.798781,-1062984.342250,-599649.543468,1.229820e-02,-1149.501785,486.539161,640.977946,0.178,6.121,0.018,0.000,0.000,0.000
2354,2.354000,463422.376399,-1063070.654957,-599648.278558,1.230029e-02,-1149.377304,486.543275,640.938589,0.188,7.705,0.019,0.000,0.000,0.000
2355,2.355000,463510.021660,-1063156.917675,-599646.896015,1.230256e-02,-1149.289792,486.555996,640.905080,0.177,9.157,0.020,0.000,0.000,0.000
2356,2.356000,463597.412600,-1063243.140454,-599645.727853,1.230449e-02,-1149.268407,486.579930,640.894559,0.172,4.597,0.017,0.000,0.000,0.000
2357,2.357000,463684.645569,-1063329.322779,-599644.677210,1.230622e-02,-1149.196512,486.589548,640.914380,0.204,10.661,0.017,0.000,0.000,0.000
2358,2.358000,463771.979313,-1063415.457038,-599643.477725,1.230819e-02,-1149.121471,486.564277,640.971525,0.171,4.689,0.017,0.000,0.000,0.000
2359,2.359000,463859.277397,-1063501.543963,-599642.266566,1.231019e-02,-1149.075184,486.548743,641.011368,0.172,10.736,0.019,0.000,0.000,0.000
2360,2.360000,463946.110165,-1063587.583678,-599641.473513,1.231150e-02,-1149.004165,486.436180,641.024015,0.170,4.595,0.016,0.000,0.000,0.000
2361,2.361000,464032.785034,-1063673.553619,-599640.768585,1.231266e-02,-1148.925080,486.310595,641.050952,0.182,9.216,0.021,0.000,0.000,0.000
2362,2.362000,464119.611617,-1063759.476407,-599639.864790,1.231415e-02,-1148.879066,486.313659,641.045934,0.174,4.611,0.016,0.000,0.000,0.000
2363,2.363000,464206.497414,-1063845.354835,-599638.857421,1.231580e-02,-1148.788891,486.312478,641.023160,0.171,10.746,0.017,0.000,0.000,0.000
2364,2.364000,464294.218741,-1063931.178956,-599636.960215,1.231893e-02,-1148.617120,486.294208,641.045900,0.171,4.610,0.015,0.000,0.000,0.000
2365,2.365000,464382.176297,-1064016.950537,-599634.774240,1.232253e-02,-1148.524743,486.297763,641.061674,0.174,10.659,0.017,0.000,0.000,0.000
2366,2.366000,464469.270803,-1064102.677332,-599633.406529,1.232478e-02,-1148.512754,486.278578,641.070059,0.175,9.248,0.017,0.000,0.000,0.000
2367,2.367000,464556.263436,-1064188.335187,-599632.071750,1.232698e-02,-1148.502306,486.259579,641.076308,0.196,4.704,0.019,0.000,0.000,0.000
2368,2.368000,464643.234167,-1064273.946704,-599630.712537,1.232922e-02,-1148.446505,486.270105,641.079420,0.213,10.686,0.020,0.000,0.000,0.000
2369,2.369000,464730.090338,-1064359.505862,-599629.415524,1.233136e-02,-1148.339231,486.266065,641.084996,0.203,4.692,0.021,0.000,0.000,0.000
2370,2.370000,464816.909157,-1064445.011182,-599628.102025,1.233352e-02,-1148.277971,486.306756,640.987093,0.189,10.663,0.017,0.000,0.000,0.000
2371,2.371000,464903.718524,-1064530.461574,-599626.743049,1.233576e-02,-1148.339779,486.363878,640.937241,0.179,4.676,0.018,0.000,0.000,0.000
2372,2.372000,464990.346881,-1064615.859070,-599625.512189,1.233779e-02,-1148.409030,486.382328,640.986422,0.184,10.692,0.020,0.000,0.000,0.000
2373,2.373000,465077.606160,-1064701.207586,-599623.601426,1.234093e-02,-1148.368688,486.330559,641.079239,0.216,4.669,0.021,0.000,0.000,0.000
2374,2.374000,465164.764871,-1064786.475968,-599621.711097,1.234405e-02,-1148.318520,486.279860,641.160436,0.222,4.678,0.019,0.000,0.000,0.000
2375,2.375000,465250.795931,-1064871.696257,-599620.900326,1.234538e-02,-1148.371529,486.266550,641.230516,0.186,13.735,0.019,0.000,0.000,0.000
2376,2.376000,465336.767961,-1064956.855930,-599620.087969,1.234672e-02,-1148.428065,486.251179,641.324087,0.183,10.346,0.018,0.000,0.000,0.000
2377,2.377000,465422.725513,-1065041.964066,-599619.238553,1.234812e-02,-1148.472519,486.240172,641.418986,0.210,4.688,0.017,0.000,0.000,0.000
2378,2.378000,465508.473591,-1065127.010450,-599618.536859,1.234928e-02,-1148.559418,486.217559,641.524149,0.183,4.601,0.017,0.000,0.000,0.000
2379,2.379000,465594.267369,-1065211.984051,-599617.716682,1.235063e-02,-1148.671062,486.216138,641.648160,0.188,10.672,0.019,0.000,0.000,0.000
2380,2.380000,465679.982773,-1065296.900581,-599616.917808,1.235194e-02,-1148.820464,486.164287,641.813727,0.176,4.589,0.017,0.000,0.000,0.000
2381,2.381000,465765.508899,-1065381.738019,-599616.229120,1.235308e-02,-1148.926541,486.037401,641.927463,0.176,4.602,0.017,0.000,0.000,0.000
2382,2.382000,465851.030656,-1065466.497572,-599615.466916,1.235433e-02,-1148.930504,485.994957,641.965853,0.191,4.600,0.022,0.000,0.000,0.000
2383,2.383000,465936.406514,-1065551.204123,-599614.797609,1.235543e-02,-1148.942823,486.005636,642.029564,0.174,7.702,0.019,0.000,0.000,0.000
2384,2.384000,466021.807713,-1065635.846305,-599614.038592,1.235668e-02,-1148.951133,485.964427,642.129826,0.173,4.596,0.017,0.000,0.000,0.000
2385,2.385000,466107.167661,-1065720.426698,-599613.259036,1.235797e-02,-1148.909958,485.930285,642.102290,0.172,9.225,0.017,0.000,0.000,0.000
2386,2.386000,466192.150765,-1065804.940850,-599612.790085,1.235874e-02,-1148.883874,485.879790,642.045340,0.226,4.619,0.019,0.000,0.000,0.000
2387,2.387000,466277.022709,-1065889.378786,-599612.356077,1.235946e-02,-1148.930680,485.902309,641.983166,0.198,10.713,0.018,0.000,0.000,0.000
2388,2.388000,466361.627044,-1065973.746446,-599612.119402,1.235985e-02,-1148.920667,485.914177,641.943273,0.181,4.613,0.017,0.000,0.000,0.000
2389,2.389000,466446.004321,-1066058.018976,-599612.014655,1.236002e-02,-1148.742532,485.843530,641.991417,0.221,12.080,0.027,0.000,0.000,0.000
2390,2.390000,466530.452840,-1066142.213379,-599611.760540,1.236044e-02,-1148.548478,485.778969,642.057040,0.197,4.700,0.020,0.000,0.000,0.000
2391,2.391000,466614.837297,-1066226.336712,-599611.499415,1.236087e-02,-1148.383692,485.594441,642.143301,0.183,13.684,0.019,0.000,0.000,0.000
2392,2.392000,466699.281663,-1066310.385403,-599611.103740,1.236152e-02,-1148.225574,485.331085,642.240700,0.179,9.154,0.017,0.000,0.000,0.000
2393,2.393000,466784.840904,-1066394.357070,-599609.516166,1.236413e-02,-1148.044322,485.229167,642.306273,0.177,4.217,0.017,0.000,0.000,0.000
2394,2.394000,466870.206429,-1066478.251774,-599608.045346,1.236656e-02,-1147.918409,485.092021,642.334006,0.174,4.686,0.016,0.000,0.000,0.000
2395,2.395000,466954.435365,-1066562.074567,-599607.639202,1.236723e-02,-1147.890941,484.810802,642.393101,0.208,13.726,0.019,0.000,0.000,0.000
2396,2.396000,467038.672929,-1066645.829293,-599607.156364,1.236802e-02,-1147.872438,484.575932,642.459155,0.183,4.613,0.020,0.000,0.000,0.000
2397,2.397000,467122.523178,-1066729.513160,-599606.989982,1.236829e-02,-1147.784187,484.307146,642.514941,0.173,4.486,0.017,0.000,0.000,0.000
2398,2.398000,467206.139515,-1066813.122057,-599606.982542,1.236831e-02,-1147.665322,484.061404,642.492354,0.178,4.620,0.022,0.000,0.000,0.000
2399,2.399000,467289.751828,-1066896.656533,-599606.904705,1.236844e-02,-1147.562057,483.948359,642.393043,0.174,7.697,0.019,0.000,0.000,0.000
2400,2.400000,467373.192507,-1066980.120354,-599606.927847,1.236840e-02,-1147.471303,483.802693,642.452370,0.169,4.623,0.017,0.000,0.000,0.000
2401,2.401000,467456.760993,-1067063.511291,-599606.750299,1.236869e-02,-1147.379726,483.533265,642.551894,0.175,9.217,0.019,0.000,0.000,0.000
2402,2.402000,467540.390663,-1067146.822360,-599606.431697,1.236921e-02,-1147.247408,483.329597,642.566463,0.169,4.683,0.018,0.000,0.000,0.000
2403,2.403000,467623.680718,-1067230.062546,-599606.381829,1.236930e-02,-1147.112716,483.217302,642.559463,0.176,10.743,0.017,0.000,0.000,0.000
2404,2.404000,467706.867288,-1067313.229693,-599606.362405,1.236933e-02,-1146.975225,483.114399,642.574842,0.170,4.681,0.017,0.000,0.000,0.000
2405,2.405000,467790.207791,-1067396.327846,-599606.120056,1.236973e-02,-1146.841235,483.028308,642.661113,0.182,10.737,0.019,0.000,0.000,0.000
2406,2.406000,467873.521795,-1067479.359851,-599605.838056,1.237019e-02,-1146.769621,482.980606,642.709610,0.180,4.665,0.018,0.000,0.000,0.000
2407,2.407000,467956.663432,-1067562.329707,-599605.666275,1.237047e-02,-1146.725910,482.909241,642.737745,0.180,13.672,0.018,0.000,0.000,0.000
2408,2.408000,468039.817133,-1067645.233935,-599605.416802,1.237089e-02,-1146.663598,482.801060,642.778870,0.224,4.672,0.027,0.000,0.000,0.000
2409,2.409000,468122.990316,-1067728.072955,-599605.082638,1.237144e-02,-1146.609586,482.724753,642.815438,0.206,12.146,0.020,0.000,0.000,0.000
2410,2.410000,468206.076381,-1067810.850624,-599604.774243,1.237194e-02,-1146.578485,482.688346,642.866795,0.186,4.595,0.018,0.000,0.000,0.000
2411,2.411000,468289.089581,-1067893.569791,-599604.480211,1.237243e-02,-1146.559009,482.678341,642.898829,0.197,4.605,0.018,0.000,0.000,0.000
2412,2.412000,468371.625275,-1067976.227994,-599604.602719,1.237223e-02,-1146.502256,482.606804,642.912305,0.234,4.608,0.018,0.000,0.000,0.000
2413,2.413000,468454.049833,-1068058.782986,-599604.733153,1.237201e-02,-1146.459952,482.463794,642.975464,0.219,9.148,0.022,0.000,0.000,0.000
2414,2.414000,468536.865169,-1068141.271438,-599604.406269,1.237255e-02,-1146.488084,482.306992,643.118447,0.200,7.701,0.018,0.000,0.000,0.000
2415,2.415000,468619.528220,-1068223.695354,-599604.167134,1.237294e-02,-1146.496132,482.192862,643.277718,0.212,4.609,0.021,0.000,0.000,0.000
2416,2.416000,468701.927396,-1068306.043782,-599604.116386,1.237303e-02,-1146.437442,482.052435,643.426638,0.184,10.650,0.018,0.000,0.000,0.000
2417,2.417000,468784.104403,-1068388.321211,-599604.216808,1.237286e-02,-1146.340943,481.830176,643.583456,0.189,4.616,0.018,0.000,0.000,0.000
2418,2.418000,468865.991824,-1068470.520798,-599604.528974,1.237235e-02,-1146.211996,481.507501,643.717359,0.189,4.682,0.018,0.000,0.000,0.000
2419,2.419000,468947.638066,-1068552.637929,-599604.999863,1.237157e-02,-1146.051628,481.215732,643.859962,0.187,13.731,0.018,0.000,0.000,0.000
2420,2.420000,469029.099603,-1068634.661342,-599605.561739,1.237065e-02,-1145.858110,480.966330,643.869334,0.178,9.168,0.017,0.000,0.000,0.000
2421,2.421000,469111.738070,-1068716.579706,-599604.841636,1.237183e-02,-1145.636167,480.754747,643.887357,0.177,4.597,0.017,0.000,0.000,0.000
2422,2.422000,469194.502388,-1068798.421421,-599603.919033,1.237335e-02,-1145.531228,480.664363,643.953513,0.175,7.725,0.018,0.000,0.000,0.000
2423,2.423000,469276.089275,-1068880.180192,-599604.090916,1.237307e-02,-1145.572454,480.638383,643.803075,0.179,4.685,0.017,0.000,0.000,0.000
2424,2.424000,469357.657248,-1068961.851838,-599604.194590,1.237290e-02,-1145.620358,480.613156,643.617395,0.173,12.276,0.017,0.000,0.000,0.000
2425,2.425000,469439.238031,-1069043.442917,-599604.204886,1.237288e-02,-1145.591189,480.593202,643.531504,0.184,4.520,0.017,0.000,0.000,0.000
2426,2.426000,469520.797484,-1069124.957525,-599604.160041,1.237296e-02,-1145.460717,480.570793,643.561011,0.219,10.743,0.022,0.000,0.000,0.000
2427,2.427000,469602.293459,-1069206.395892,-599604.102433,1.237305e-02,-1145.300618,480.485799,643.689462,0.188,4.615,0.018,0.000,0.000,0.000
2428,2.428000,469683.709453,-1069287.759592,-599604.050139,1.237314e-02,-1145.160272,480.402872,643.845400,0.191,9.170,0.023,0.000,0.000,0.000
2429,2.429000,469766.081242,-1069369.050152,-599602.968910,1.237492e-02,-1145.026987,480.343277,643.932312,0.191,4.693,0.017,0.000,0.000,0.000
2430,2.430000,469848.433905,-1069450.265532,-599601.831627,1.237679e-02,-1144.892213,480.294265,644.012588,0.177,10.710,0.017,0.000,0.000,0.000
2431,2.431000,469930.737731,-1069531.403364,-599600.665633,1.237871e-02,-1144.778146,480.238209,644.081171,0.177,4.627,0.016,0.000,0.000,0.000
2432,2.432000,470012.887493,-1069612.463636,-599599.576143,1.238051e-02,-1144.713553,480.175858,644.039660,0.179,10.749,0.017,0.000,0.000,0.000
2433,2.433000,470095.017190,-1069693.439748,-599598.422558,1.238241e-02,-1144.657698,480.144091,643.996452,0.177,4.697,0.018,0.000,0.000,0.000
2434,2.434000,470177.057248,-1069774.340470,-599597.283221,1.238428e-02,-1144.582898,480.158610,643.936657,0.191,10.649,0.019,0.000,0.000,0.000
2435,2.435000,470258.853761,-1069855.152969,-599596.299207,1.238590e-02,-1144.423353,479.961781,644.200421,0.185,4.675,0.017,0.000,0.000,0.000
2436,2.436000,470340.645101,-1069935.822681,-599595.177580,1.238775e-02,-1144.217220,479.553221,644.834643,0.174,10.648,0.017,0.000,0.000,0.000
2437,2.437000,470421.271921,-1070016.349565,-599595.077644,1.238792e-02,-1144.042591,479.223661,645.403781,0.202,4.674,0.033,0.000,0.000,0.000
2438,2.438000,470501.627926,-1070096.754605,-599595.126679,1.238784e-02,-1143.922179,479.029134,645.842633,0.188,13.747,0.023,0.000,0.000,0.000
2439,2.439000,470581.556546,-1070177.057391,-599595.500845,1.238722e-02,-1143.718691,478.881817,646.301727,0.176,10.736,0.018,0.000,0.000,0.000
2440,2.440000,470661.339545,-1070257.220976,-599595.881431,1.238659e-02,-1143.425452,478.944355,646.479902,0.187,4.124,0.017,0.000,0.000,0.000
2441,2.441000,470741.634059,-1070337.293312,-599595.659252,1.238696e-02,-1143.291339,479.075464,646.403224,0.173,4.608,0.017,0.000,0.000,0.000
2442,2.442000,470822.022138,-1070417.291232,-599595.269094,1.238760e-02,-1143.209287,479.036800,646.485879,0.179,12.262,0.019,0.000,0.000,0.000
2443,2.443000,470903.303966,-1070497.205428,-599593.901462,1.238985e-02,-1143.030487,479.093042,646.645114,0.170,6.185,0.017,0.000,0.000,0.000
2444,2.444000,470985.439727,-1070577.026986,-599591.587259,1.239366e-02,-1142.847511,479.152190,646.789195,0.170,6.116,0.018,0.000,0.000,0.000
2445,2.445000,471066.542762,-1070656.763339,-599590.220576,1.239592e-02,-1142.764398,479.109376,646.866231,0.184,7.710,0.021,0.000,0.000,0.000
2446,2.446000,471146.661476,-1070736.421911,-599589.760435,1.239667e-02,-1142.858885,479.002739,646.927262,0.189,4.686,0.017,0.000,0.000,0.000
2447,2.447000,471227.416248,-1070815.994894,-599588.578645,1.239862e-02,-1142.898381,478.816049,647.099322,0.171,6.129,0.017,0.000,0.000,0.000
2448,2.448000,471308.179539,-1070895.451432,-599587.271893,1.240077e-02,-1142.842564,478.728861,647.265455,0.214,4.615,0.021,0.000,0.000,0.000
2449,2.449000,471387.770561,-1070974.823518,-599587.052957,1.240113e-02,-1142.765444,478.662315,647.364201,0.186,8.774,0.017,0.000,0.000,0.000
2450,2.450000,471467.117339,-1071054.091305,-599586.973966,1.240126e-02,-1142.764001,478.572385,647.288802,0.204,4.629,0.026,0.000,0.000,0.000
2451,2.451000,471546.496921,-1071133.264143,-599586.767222,1.240160e-02,-1142.803115,478.500782,647.240041,0.191,10.472,0.020,0.000,0.000,0.000
2452,2.452000,471625.978547,-1071212.335267,-599586.356721,1.240228e-02,-1142.805158,478.408708,647.137485,0.226,4.124,0.021,0.000,0.000,0.000
2453,2.453000,471704.745857,-1071291.306806,-599586.560949,1.240194e-02,-1142.791996,478.199292,647.216721,0.236,4.605,0.022,0.000,0.000,0.000
2454,2.454000,471783.149679,-1071370.066813,-599586.917135,1.240136e-02,-1142.697065,477.943644,647.261488,0.228,10.679,0.020,0.000,0.000,0.000
2455,2.455000,471862.294861,-1071448.715545,-599586.420685,1.240217e-02,-1142.558454,478.071912,646.863237,0.208,4.678,0.018,0.000,0.000,0.000
2456,2.456000,471940.577658,-1071527.251590,-599586.673932,1.240176e-02,-1142.406248,478.143201,646.733742,0.199,4.609,0.019,0.000,0.000,0.000
2457,2.457000,472018.062792,-1071605.637471,-599587.574678,1.240027e-02,-1142.227711,477.903452,646.871613,0.187,10.670,0.018,0.000,0.000,0.000
2458,2.458000,472096.486869,-1071683.886877,-599587.400008,1.240056e-02,-1142.113925,477.815916,646.983128,0.189,6.129,0.018,0.000,0.000,0.000
2459,2.459000,472175.966701,-1071762.032559,-599586.065858,1.240276e-02,-1142.121950,477.849163,646.989178,0.233,6.099,0.017,0.000,0.000,0.000
2460,2.460000,472255.374964,-1071840.083855,-599584.708891,1.240499e-02,-1142.127898,477.914968,646.960805,0.181,6.132,0.018,0.000,0.000,0.000
2461,2.461000,472333.354528,-1071918.035870,-599584.681342,1.240504e-02,-1143.396635,478.013066,645.446310,0.182,4.609,0.016,0.000,0.000,0.000
2462,2.462000,472411.291958,-1071995.737491,-599584.445533,1.240543e-02,-1144.759363,478.045686,643.946097,0.232,6.208,0.027,0.000,0.000,0.000
2463,2.463000,472490.482849,-1072073.331257,-599582.848407,1.240806e-02,-1144.869118,478.076336,643.871442,0.184,12.249,0.017,0.000,0.000,0.000
2464,2.464000,472569.380163,-1072150.821073,-599581.440910,1.241038e-02,-1144.873247,478.163448,643.786947,0.192,6.182,0.020,0.000,0.000,0.000
2465,2.465000,472648.013577,-1072228.209610,-599580.196032,1.241243e-02,-1145.060986,478.170130,643.661220,0.190,4.608,0.018,0.000,0.000,0.000
2466,2.466000,472726.489923,-1072305.478321,-599578.988398,1.241442e-02,-1145.251226,478.181662,643.529586,0.273,10.210,0.040,0.000,0.000,0.000
2467,2.467000,472805.025706,-1072382.642161,-599577.616455,1.241668e-02,-1145.251402,478.266827,643.463502,0.292,4.642,0.041,0.000,0.000,0.000
2468,2.468000,472883.486712,-1072459.699258,-599576.212547,1.241899e-02,-1145.429092,478.263705,643.329472,0.302,12.245,0.038,0.000,0.000,0.000
2469,2.469000,472961.533943,-1072536.632832,-599575.098890,1.242082e-02,-1145.610006,478.250385,643.203355,0.308,4.704,0.038,0.000,0.000,0.000
2470,2.470000,473039.369959,-1072613.456229,-599574.086269,1.242249e-02,-1145.594585,478.307537,643.057979,0.232,13.771,0.022,0.000,0.000,0.000
2471,2.471000,473117.144266,-1072690.165994,-599573.021728,1.242424e-02,-1145.631861,478.223253,642.903513,0.222,4.208,0.020,0.000,0.000,0.000
2472,2.472000,473195.026007,-1072766.749470,-599571.723463,1.242638e-02,-1145.669750,478.155540,642.740765,0.217,6.212,0.023,0.000,0.000,0.000
2473,2.473000,473272.901758,-1072843.214235,-599570.312477,1.242871e-02,-1145.760872,478.152917,642.600363,0.229,6.211,0.021,0.000,0.000,0.000
2474,2.474000,473350.569417,-1072919.555960,-599568.986543,1.243089e-02,-1145.978267,478.072201,642.501552,0.254,7.696,0.021,0.000,0.000,0.000
2475,2.475000,473428.113973,-1072995.769230,-599567.655258,1.243308e-02,-1146.186212,478.107218,642.328546,0.203,9.225,0.019,0.000,0.000,0.000
2476,2.476000,473505.484377,-1073071.857425,-599566.373048,1.243520e-02,-1146.260567,478.202143,642.203951,0.201,4.676,0.017,0.000,0.000,0.000
2477,2.477000,473582.701650,-1073147.828915,-599565.127265,1.243725e-02,-1146.354631,478.169072,642.153450,0.198,10.665,0.018,0.000,0.000,0.000
2478,2.478000,473659.742416,-1073223.673767,-599563.931351,1.243922e-02,-1146.396856,478.247180,641.960338,0.194,4.689,0.017,0.000,0.000,0.000
2479,2.479000,473736.257564,-1073299.382859,-599563.125296,1.244055e-02,-1146.350145,478.515609,641.497498,0.193,10.730,0.018,0.000,0.000,0.000
2480,2.480000,473813.177129,-1073374.945406,-599561.768277,1.244278e-02,-1146.425982,478.684526,640.940453,0.186,4.676,0.018,0.000,0.000,0.000
2481,2.481000,473890.225529,-1073450.367837,-599560.142308,1.244546e-02,-1146.478328,478.803164,640.676036,0.202,7.668,0.034,0.000,0.000,0.000
2482,2.482000,473967.666014,-1073525.653988,-599557.987974,1.244901e-02,-1146.445513,478.943912,640.653400,0.192,4.678,0.019,0.000,0.000,0.000
2483,2.483000,474045.187184,-1073600.815717,-599555.628533,1.245289e-02,-1146.334509,479.022648,640.617909,0.209,4.681,0.022,0.000,0.000,0.000
2484,2.484000,474121.604772,-1073675.843106,-599554.238334,1.245518e-02,-1146.326316,479.062344,640.468788,0.183,13.706,0.018,0.000,0.000,0.000
2485,2.485000,474197.879258,-1073750.729257,-599552.850000,1.245747e-02,-1146.381007,479.123828,640.282031,0.192,10.661,0.019,0.000,0.000,0.000
2486,2.486000,474273.836591,-1073825.489452,-599551.652861,1.245944e-02,-1146.451709,479.139817,640.204295,0.192,4.684,0.018,0.000,0.000,0.000
2487,2.487000,474349.924129,-1073900.116559,-599550.192431,1.246185e-02,-1146.584382,479.226097,640.041704,0.205,4.611,0.018,0.000,0.000,0.000
2488,2.488000,474425.564519,-1073974.573583,-599549.009064,1.246380e-02,-1146.514728,479.429869,639.857111,0.223,10.674,0.022,0.000,0.000,0.000
2489,2.489000,474500.815521,-1074048.858206,-599548.042685,1.246539e-02,-1146.404426,479.561244,639.752446,0.216,4.607,0.019,0.000,0.000,0.000
2490,2.490000,474576.209035,-1074123.013100,-599546.804065,1.246743e-02,-1146.479018,479.702845,639.631577,0.187,6.197,0.019,0.000,0.000,0.000
2491,2.491000,474651.163716,-1074197.009723,-599545.846007,1.246901e-02,-1146.599822,479.826593,639.524072,0.182,6.191,0.018,0.000,0.000,0.000
2492,2.492000,474726.136156,-1074270.848606,-599544.712450,1.247087e-02,-1146.690688,479.882755,639.476739,0.197,6.098,0.020,0.000,0.000,0.000
2493,2.493000,474800.965238,-1074344.534193,-599543.568955,1.247276e-02,-1146.639884,480.057294,639.375005,0.219,6.188,0.018,0.000,0.000,0.000
2494,2.494000,474874.765658,-1074418.071007,-599543.305349,1.247319e-02,-1146.124352,480.241867,639.251907,0.206,13.729,0.018,0.000,0.000,0.000
2495,2.495000,474949.063325,-1074491.416825,-599542.353500,1.247476e-02,-1145.608322,480.444366,639.176053,0.196,4.632,0.019,0.000,0.000,0.000
2496,2.496000,475025.048227,-1074564.617615,-599539.569388,1.247935e-02,-1145.496856,480.690565,639.127366,0.184,4.677,0.017,0.000,0.000,0.000
2497,2.497000,475101.108311,-1074637.680417,-599536.572106,1.248428e-02,-1145.428780,480.796192,639.094106,0.225,4.610,0.033,0.000,0.000,0.000
2498,2.498000,475176.091988,-1074710.607742,-599534.515753,1.248767e-02,-1145.393288,480.809121,638.928556,0.183,7.639,0.018,0.000,0.000,0.000
2499,2.499000,475250.816479,-1074783.392361,-599532.575882,1.249086e-02,-1145.430551,480.862679,638.806770,0.185,4.614,0.019,0.000,0.000,0.000
2500,2.500000,475325.306596,-1074856.025128,-599530.718532,1.249392e-02,-1145.433469,480.946080,638.811248,0.187,4.671,0.018,0.000,0.000,0.000
2501,2.501000,475399.971345,-1074928.526393,-599528.555049,1.249749e-02,-1145.359008,481.010823,638.762702,0.184,7.626,0.023,0.000,0.000,0.000
2502,2.502000,475475.633272,-1075000.891220,-599525.257948,1.250292e-02,-1145.274035,481.094424,638.715604,0.178,7.653,0.019,0.000,0.000,0.000
2503,2.503000,475551.171579,-1075073.120979,-599521.949400,1.250837e-02,-1145.212124,481.175155,638.677518,0.188,10.664,0.019,0.000,0.000,0.000
2504,2.504000,475626.274989,-1075145.211727,-599518.936738,1.251333e-02,-1145.174316,481.295944,638.633656,0.174,4.610,0.018,0.000,0.000,0.000
2505,2.505000,475701.285086,-1075217.151606,-599515.866521,1.251839e-02,-1145.131233,481.410108,638.579260,0.173,4.612,0.018,0.000,0.000,0.000
2506,2.506000,475775.280138,-1075288.953308,-599513.673170,1.252200e-02,-1145.089018,481.475828,638.497711,0.268,4.643,0.021,0.000,0.000,0.000
2507,2.507000,475848.983052,-1075360.618106,-599511.635054,1.252536e-02,-1145.044632,481.529094,638.429049,0.199,7.728,0.019,0.000,0.000,0.000
2508,2.508000,475922.692281,-1075432.143525,-599509.451244,1.252895e-02,-1145.011991,481.683440,638.306181,0.185,4.614,0.017,0.000,0.000,0.000
2509,2.509000,475995.106074,-1075503.518630,-599508.412557,1.253066e-02,-1144.991002,481.833872,638.150113,0.179,9.220,0.017,0.000,0.000,0.000
2510,2.510000,476066.877699,-1075574.756812,-599507.879113,1.253154e-02,-1145.008116,481.984635,637.650922,0.181,4.675,0.018,0.000,0.000,0.000
2511,2.511000,476138.331477,-1075645.833699,-599507.502222,1.253216e-02,-1145.064674,482.215528,636.773420,0.182,10.431,0.017,0.000,0.000,0.000
2512,2.512000,476209.908380,-1075716.751100,-599506.842720,1.253325e-02,-1145.062856,482.334084,636.331780,0.180,4.609,0.017,0.000,0.000,0.000
2513,2.513000,476282.401268,-1075787.533707,-599505.132438,1.253607e-02,-1145.043698,482.371166,636.220286,0.176,10.750,0.018,0.000,0.000,0.000
2514,2.514000,476354.778094,-1075858.172093,-599503.393999,1.253893e-02,-1145.025814,482.408420,636.106399,0.177,4.687,0.015,0.000,0.000,0.000
2515,2.515000,476426.001698,-1075928.674766,-599502.673067,1.254012e-02,-1144.939657,482.427381,636.069833,0.177,10.721,0.017,0.000,0.000,0.000
2516,2.516000,476497.023507,-1075999.022271,-599501.998764,1.254123e-02,-1144.799529,482.447646,636.042440,0.191,4.681,0.024,0.000,0.000,0.000
2517,2.517000,476567.993306,-1076069.227470,-599501.234164,1.254249e-02,-1144.784248,482.548283,636.014804,0.184,4.591,0.018,0.000,0.000,0.000
2518,2.518000,476638.753587,-1076139.287955,-599500.534368,1.254364e-02,-1144.726093,482.597908,635.973851,0.185,10.747,0.019,0.000,0.000,0.000
2519,2.519000,476709.431827,-1076209.199252,-599499.767426,1.254490e-02,-1144.603566,482.602565,635.910485,0.182,6.196,0.023,0.000,0.000,0.000
2520,2.520000,476779.922621,-1076278.968859,-599499.046238,1.254609e-02,-1144.580381,482.717598,635.651289,0.181,6.181,0.021,0.000,0.000,0.000
2521,2.521000,476850.226140,-1076348.588249,-599498.362109,1.254722e-02,-1144.588550,482.852323,635.371293,0.176,6.124,0.018,0.000,0.000,0.000
2522,2.522000,476920.485004,-1076418.061577,-599497.576573,1.254851e-02,-1144.680769,483.005994,635.198262,0.172,4.670,0.018,0.000,0.000,0.000
2523,2.523000,476990.817974,-1076487.382106,-599496.564133,1.255018e-02,-1144.787352,483.103928,635.071764,0.174,6.178,0.018,0.000,0.000,0.000
2524,2.524000,477061.003568,-1076556.559334,-599495.555766,1.255184e-02,-1144.847586,483.309749,635.081565,0.178,12.139,0.018,0.000,0.000,0.000
2525,2.525000,477131.111415,-1076625.577113,-599494.465697,1.255364e-02,-1144.852815,483.559543,635.111361,0.176,4.675,0.020,0.000,0.000,0.000
2526,2.526000,477200.980172,-1076694.456072,-599493.475900,1.255527e-02,-1144.817960,483.670778,634.891186,0.176,12.234,0.019,0.000,0.000,0.000
2527,2.527000,477270.258789,-1076763.180014,-599492.921225,1.255618e-02,-1144.888487,483.851192,634.636280,0.177,4.593,0.019,0.000,0.000,0.000
2528,2.528000,477339.455533,-1076831.750228,-599492.294694,1.255721e-02,-1144.883493,484.084599,634.439295,0.176,4.672,0.017,0.000,0.000,0.000
2529,2.529000,477408.519707,-1076900.166460,-599491.646754,1.255828e-02,-1144.755985,484.281211,634.059181,0.250,4.614,0.019,0.000,0.000,0.000
2530,2.530000,477477.376215,-1076968.427224,-599491.051009,1.255926e-02,-1144.653875,484.429609,633.638761,0.193,9.044,0.018,0.000,0.000,0.000
2531,2.531000,477547.198491,-1077036.532298,-599489.333807,1.256209e-02,-1144.561352,484.528591,633.429980,0.182,4.618,0.018,0.000,0.000,0.000
2532,2.532000,477616.848721,-1077104.497490,-599487.648769,1.256487e-02,-1144.597668,484.612057,633.244139,0.186,7.644,0.019,0.000,0.000,0.000
2533,2.533000,477685.185408,-1077172.309222,-599487.123814,1.256573e-02,-1144.687720,484.743261,632.883867,0.219,7.646,0.020,0.000,0.000,0.000
2534,2.534000,477753.675768,-1077239.965015,-599486.289247,1.256710e-02,-1144.715929,484.845281,632.688028,0.204,4.678,0.019,0.000,0.000,0.000
2535,2.535000,477822.150329,-1077307.481012,-599485.330683,1.256868e-02,-1144.727153,484.862674,632.703845,0.196,10.724,0.019,0.000,0.000,0.000
2536,2.536000,477890.443282,-1077374.842038,-599484.398756,1.257022e-02,-1144.748609,484.891167,632.717137,0.193,6.130,0.018,0.000,0.000,0.000
2537,2.537000,477958.814330,-1077442.061350,-599483.247019,1.257212e-02,-1144.768803,484.958423,632.694817,0.180,4.615,0.017,0.000,0.000,0.000
2538,2.538000,478027.039843,-1077509.140430,-599482.100588,1.257400e-02,-1144.774928,485.008408,632.671199,0.182,6.133,0.017,0.000,0.000,0.000
2539,2.539000,478096.144045,-1077576.079694,-599479.935648,1.257757e-02,-1144.735012,485.081580,632.668772,0.176,4.676,0.016,0.000,0.000,0.000
2540,2.540000,478164.917676,-1077642.875955,-599477.958279,1.258083e-02,-1144.727408,485.200759,632.667664,0.237,6.196,0.030,0.000,0.000,0.000
2541,2.541000,478232.199814,-1077709.527168,-599477.327355,1.258187e-02,-1144.919954,485.367305,632.472170,0.184,10.656,0.018,0.000,0.000,0.000
2542,2.542000,478300.554456,-1077776.017746,-599475.463290,1.258494e-02,-1145.056279,485.507302,632.287581,0.177,4.610,0.018,0.000,0.000,0.000
2543,2.543000,478368.763341,-1077842.365099,-599473.601758,1.258800e-02,-1145.196524,485.626382,632.104157,0.174,13.761,0.018,0.000,0.000,0.000
2544,2.544000,478435.876486,-1077908.551487,-599472.675001,1.258953e-02,-1145.341896,485.734577,631.869130,0.175,6.114,0.018,0.000,0.000,0.000
2545,2.545000,478503.344418,-1077974.592360,-599471.247942,1.259188e-02,-1145.307336,485.802147,631.812665,0.171,4.597,0.017,0.000,0.000,0.000
2546,2.546000,478570.427458,-1078040.489996,-599470.062538,1.259383e-02,-1145.252714,485.825493,631.826621,0.174,6.119,0.017,0.000,0.000,0.000
2547,2.547000,478636.931922,-1078106.233879,-599469.301957,1.259508e-02,-1145.219795,485.806656,631.802374,0.224,7.674,0.021,0.000,0.000,0.000
2548,2.548000,478703.558327,-1078171.818304,-599468.259977,1.259680e-02,-1145.260063,485.832456,631.652916,0.216,7.706,0.024,0.000,0.000,0.000
2549,2.549000,478770.291988,-1078237.252535,-599466.960547,1.259894e-02,-1145.311303,485.912487,631.522237,0.183,4.674,0.018,0.000,0.000,0.000
2550,2.550000,478836.910003,-1078302.538355,-599465.628352,1.260114e-02,-1145.338052,486.005723,631.467784,0.192,12.168,0.018,0.000,0.000,0.000
2551,2.551000,478902.623535,-1078367.676134,-599465.052599,1.260208e-02,-1145.326701,485.903955,631.907044,0.180,4.595,0.017,0.000,0.000,0.000
2552,2.552000,478967.478164,-1078432.568955,-599465.090791,1.260202e-02,-1145.300330,485.747145,632.478303,0.178,10.607,0.017,0.000,0.000,0.000
2553,2.553000,479032.830166,-1078497.290001,-599464.459835,1.260306e-02,-1145.299606,485.776717,632.539802,0.178,4.694,0.017,0.000,0.000,0.000
2554,2.554000,479098.664441,-1078561.858033,-599463.193592,1.260515e-02,-1145.298656,485.866574,632.467230,0.208,10.666,0.018,0.000,0.000,0.000
2555,2.555000,479164.354973,-1078626.272263,-599461.917291,1.260725e-02,-1145.267161,485.990362,632.411457,0.176,4.693,0.017,0.000,0.000,0.000
2556,2.556000,479229.784992,-1078690.531391,-599460.746399,1.260918e-02,-1145.305230,486.259096,632.278715,0.173,10.739,0.016,0.000,0.000,0.000
2557,2.557000,479295.529810,-1078754.620989,-599459.091179,1.261190e-02,-1145.340459,486.512995,632.146351,0.173,4.675,0.017,0.000,0.000,0.000
2558,2.558000,479361.182000,-1078818.556046,-599457.374046,1.261473e-02,-1145.297194,486.603182,632.092492,0.176,10.751,0.017,0.000,0.000,0.000
2559,2.559000,479426.441436,-1078882.337112,-599455.895676,1.261717e-02,-1145.277443,486.670771,632.054106,0.191,4.526,0.021,0.000,0.000,0.000
2560,2.560000,479491.557870,-1078945.964451,-599454.406581,1.261962e-02,-1145.294178,486.686540,632.011680,0.173,10.718,0.018,0.000,0.000,0.000
2561,2.561000,479556.563842,-1079009.435883,-599452.872041,1.262215e-02,-1145.307111,486.698351,631.961015,0.173,4.676,0.018,0.000,0.000,0.000
2562,2.562000,479621.265290,-1079072.752712,-599451.487422,1.262443e-02,-1145.328929,486.875707,631.949195,0.172,10.658,0.017,0.000,0.000,0.000
2563,2.563000,479685.383322,-1079135.886671,-599450.503349,1.262605e-02,-1145.328358,486.997564,631.885181,0.223,4.630,0.030,0.000,0.000,0.000
2564,2.564000,479749.323528,-1079198.854835,-599449.531307,1.262765e-02,-1145.313382,486.970179,631.791831,0.172,13.733,0.019,0.000,0.000,0.000
2565,2.565000,479812.283112,-1079261.659353,-599449.376240,1.262791e-02,-1145.314729,487.003573,631.878666,0.171,4.679,0.017,0.000,0.000,0.000
2566,2.566000,479875.064377,-1079324.281190,-599449.216814,1.262817e-02,-1145.304224,487.087803,631.984616,0.173,4.659,0.020,0.000,0.000,0.000
2567,2.567000,479937.877763,-1079386.741050,-599448.863287,1.262875e-02,-1145.304200,487.219491,632.098631,0.173,12.239,0.017,0.000,0.000,0.000
2568,2.568000,480000.409525,-1079449.021468,-599448.611944,1.262916e-02,-1145.294426,487.300570,632.216069,0.186,4.603,0.019,0.000,0.000,0.000
2569,2.569000,480062.749435,-1079511.135241,-599448.385806,1.262954e-02,-1145.293026,487.386890,632.334660,0.210,12.277,0.020,0.000,0.000,0.000
2570,2.570000,480125.464973,-1079573.067678,-599447.602706,1.263083e-02,-1145.299743,487.604159,632.392148,0.198,4.593,0.020,0.000,0.000,0.000
2571,2.571000,480188.025525,-1079634.826427,-599446.800902,1.263215e-02,-1145.342842,487.927604,632.392577,0.319,10.707,0.049,0.000,0.000,0.000
2572,2.572000,480249.181585,-1079696.394510,-599447.212925,1.263147e-02,-1145.424774,488.315464,632.491819,0.295,4.718,0.030,0.000,0.000,0.000
2573,2.573000,480310.299251,-1079757.771612,-599447.472361,1.263104e-02,-1145.489540,488.712375,632.582908,0.244,10.668,0.025,0.000,0.000,0.000
2574,2.574000,480371.586948,-1079818.958265,-599447.371317,1.263121e-02,-1145.536125,488.970143,632.630444,0.306,4.725,0.021,0.000,0.000,0.000
2575,2.575000,480432.965001,-1079879.963437,-599446.998436,1.263182e-02,-1145.550851,489.088268,632.684976,0.215,13.604,0.022,0.000,0.000,0.000
2576,2.576000,480493.976149,-1079940.791998,-599446.815849,1.263212e-02,-1145.531513,489.216978,632.835339,0.225,10.740,0.019,0.000,0.000,0.000
2577,2.577000,480554.849746,-1080001.442805,-599446.593059,1.263249e-02,-1145.442993,489.341123,632.953169,0.232,4.669,0.019,0.000,0.000,0.000
2578,2.578000,480615.403854,-1080061.917455,-599446.513601,1.263262e-02,-1145.331151,489.477988,633.106096,0.203,4.613,0.019,0.000,0.000,0.000
2579,2.579000,480675.283672,-1080122.208252,-599446.924580,1.263194e-02,-1145.280351,489.600161,633.292855,0.207,10.658,0.019,0.000,0.000,0.000
2580,2.580000,480734.989313,-1080182.302051,-599447.312738,1.263130e-02,-1145.287180,489.725124,633.382980,0.192,4.613,0.019,0.000,0.000,0.000
2581,2.581000,480795.509772,-1080242.196574,-599446.686802,1.263234e-02,-1145.279241,489.880398,633.411356,0.195,4.613,0.018,0.000,0.000,0.000
2582,2.582000,480856.449443,-1080301.916409,-599445.466965,1.263434e-02,-1145.222378,489.994462,633.430420,0.280,4.619,0.027,0.000,0.000,0.000
2583,2.583000,480917.167325,-1080361.462905,-599444.295580,1.263627e-02,-1145.162588,490.117318,633.440835,0.229,9.126,0.019,0.000,0.000,0.000
2584,2.584000,480977.615229,-1080420.833489,-599443.218259,1.263805e-02,-1145.062951,490.223431,633.459797,0.199,6.195,0.018,0.000,0.000,0.000
2585,2.585000,481037.826243,-1080480.024056,-599442.197813,1.263973e-02,-1144.920292,490.300880,633.480789,0.190,6.190,0.019,0.000,0.000,0.000
2586,2.586000,481097.785476,-1080539.033692,-599441.248216,1.264129e-02,-1144.778472,490.371963,633.494718,0.229,4.638,0.032,0.000,0.000,0.000
2587,2.587000,481157.404770,-1080597.863584,-599440.458814,1.264259e-02,-1144.689998,490.412368,633.526108,0.203,12.186,0.018,0.000,0.000,0.000
2588,2.588000,481216.098656,-1080656.518950,-599440.420295,1.264266e-02,-1144.685400,490.497148,633.612299,0.204,4.687,0.087,0.000,0.000,0.000
2589,2.589000,481274.560457,-1080714.972301,-599440.411844,1.264267e-02,-1144.716193,490.628897,633.689395,0.195,13.733,0.019,0.000,0.000,0.000
2590,2.590000,481333.660530,-1080773.242815,-599439.582285,1.264404e-02,-1144.755737,490.795645,633.708149,0.192,4.605,0.018,0.000,0.000,0.000
2591,2.591000,481392.599768,-1080831.328862,-599438.729094,1.264544e-02,-1144.760189,490.916794,633.746208,0.214,10.685,0.035,0.000,0.000,0.000
2592,2.592000,481451.487395,-1080889.238951,-599437.751556,1.264705e-02,-1144.725454,490.969377,633.783643,0.193,6.208,0.018,0.000,0.000,0.000
2593,2.593000,481509.397562,-1080946.969551,-599437.571989,1.264735e-02,-1144.710218,491.049773,633.917518,0.183,5.695,0.018,0.000,0.000,0.000
2594,2.594000,481567.105305,-1081004.504289,-599437.398984,1.264763e-02,-1144.697881,491.128640,634.052528,0.186,6.133,0.019,0.000,0.000,0.000
2595,2.595000,481625.409262,-1081061.859166,-599436.449904,1.264920e-02,-1144.673061,491.182242,634.090329,0.190,7.692,0.020,0.000,0.000,0.000
2596,2.596000,481682.521913,-1081119.034898,-599436.512984,1.264909e-02,-1144.670429,491.397624,634.292681,0.177,4.674,0.018,0.000,0.000,0.000
2597,2.597000,481739.235367,-1081175.993984,-599436.758617,1.264869e-02,-1144.628709,491.771176,634.490769,0.179,10.698,0.018,0.000,0.000,0.000
2598,2.598000,481796.440344,-1081232.721072,-599436.280727,1.264948e-02,-1144.639150,491.976551,634.313510,0.189,4.603,0.019,0.000,0.000,0.000
2599,2.599000,481853.668065,-1081289.252593,-599435.584528,1.265062e-02,-1144.688857,492.047785,634.066034,0.196,4.674,0.024,0.000,0.000,0.000
2600,2.600000,481911.017219,-1081345.596120,-599434.578901,1.265228e-02,-1144.725971,492.228843,634.004313,0.174,10.753,0.018,0.000,0.000,0.000
2601,2.601000,481968.102228,-1081401.748879,-599433.646651,1.265381e-02,-1144.766284,492.368733,633.999027,0.198,4.676,0.021,0.000,0.000,0.000
2602,2.602000,482024.856361,-1081457.721208,-599432.864847,1.265510e-02,-1144.756592,492.382272,633.998155,0.182,4.598,0.018,0.000,0.000,0.000
2603,2.603000,482081.413265,-1081513.510358,-599432.097093,1.265637e-02,-1144.768189,492.432440,633.981079,0.173,10.734,0.021,0.000,0.000,0.000
2604,2.604000,482138.075005,-1081569.114013,-599431.039008,1.265811e-02,-1144.769788,492.513312,633.976850,0.174,4.670,0.017,0.000,0.000,0.000
2605,2.605000,482194.400968,-1081624.536180,-599430.135211,1.265960e-02,-1144.783173,492.586945,633.952955,0.173,10.661,0.017,0.000,0.000,0.000
2606,2.606000,482250.042692,-1081679.765605,-599429.722912,1.266028e-02,-1144.900637,492.562990,633.868386,0.211,4.686,0.019,0.000,0.000,0.000
2607,2.607000,482305.192393,-1081734.792784,-599429.600391,1.266048e-02,-1145.105494,492.575810,633.760621,0.239,13.191,0.022,0.000,0.000,0.000
2608,2.608000,482360.182087,-1081789.589397,-599429.407310,1.266080e-02,-1145.273323,492.858184,633.615557,0.250,9.166,0.023,0.000,0.000,0.000
2609,2.609000,482415.200065,-1081844.169801,-599428.969736,1.266152e-02,-1145.505886,493.449419,633.390868,0.233,4.669,0.022,0.000,0.000,0.000
2610,2.610000,482469.936411,-1081898.511567,-599428.575157,1.266217e-02,-1145.841282,494.108900,633.126328,0.211,10.574,0.018,0.000,0.000,0.000
2611,2.611000,482524.679337,-1081952.611937,-599427.932601,1.266323e-02,-1146.021049,494.355555,633.009767,0.216,4.699,0.018,0.000,0.000,0.000
2612,2.612000,482579.349379,-1082006.528850,-599427.179471,1.266447e-02,-1146.027788,494.423861,633.080617,0.206,10.487,0.018,0.000,0.000,0.000
2613,2.613000,482633.673932,-1082060.239372,-599426.565439,1.266548e-02,-1145.994705,494.690114,633.016667,0.255,9.104,0.032,0.000,0.000,0.000
2614,2.614000,482688.083707,-1082113.737485,-599425.653778,1.266698e-02,-1145.978451,494.859457,632.888664,0.279,4.653,0.032,0.000,0.000,0.000
2615,2.615000,482742.510212,-1082167.056952,-599424.546740,1.266880e-02,-1146.018244,494.974267,632.858661,0.213,10.669,0.022,0.000,0.000,0.000
2616,2.616000,482796.522444,-1082220.175116,-599423.652673,1.267028e-02,-1145.957492,495.122254,632.665848,0.231,4.685,0.023,0.000,0.000,0.000
2617,2.617000,482851.373660,-1082273.099404,-599421.725744,1.267345e-02,-1145.821427,495.167442,632.523210,0.204,4.623,0.022,0.000,0.000,0.000
2618,2.618000,482906.282279,-1082325.841540,-599419.559261,1.267702e-02,-1145.736862,495.185866,632.471775,0.194,10.678,0.019,0.000,0.000,0.000
2619,2.619000,482960.194743,-1082378.401425,-599418.206682,1.267925e-02,-1145.685966,495.204129,632.376926,0.247,4.688,0.019,0.000,0.000,0.000
2620,2.620000,483013.647389,-1082430.783032,-599417.135643,1.268101e-02,-1145.606835,495.255109,632.144384,0.228,13.715,0.019,0.000,0.000,0.000
2621,2.621000,483066.659928,-1082482.968985,-599416.309058,1.268237e-02,-1145.598077,495.288484,631.822101,0.209,9.196,0.020,0.000,0.000,0.000
2622,2.622000,483119.438605,-1082534.965574,-599415.526969,1.268366e-02,-1145.647727,495.286368,631.625668,0.199,4.607,0.018,0.000,0.000,0.000
2623,2.623000,483171.777973,-1082586.772293,-599414.994320,1.268454e-02,-1145.637062,495.306150,631.358473,0.195,6.135,0.018,0.000,0.000,0.000
2624,2.624000,483223.955515,-1082638.377335,-599414.421820,1.268548e-02,-1145.641761,495.246471,631.060090,0.200,12.216,0.018,0.000,0.000,0.000
2625,2.625000,483276.171317,-1082689.789473,-599413.618156,1.268680e-02,-1145.676168,495.113278,630.954570,0.231,6.133,0.019,0.000,0.000,0.000
2626,2.626000,483328.127947,-1082741.019170,-599412.891223,1.268800e-02,-1145.724094,495.148842,630.842074,0.208,6.145,0.019,0.000,0.000,0.000
2627,2.627000,483379.748050,-1082792.023954,-599412.275904,1.268901e-02,-1145.716413,495.230371,630.629901,0.200,7.659,0.021,0.000,0.000,0.000
2628,2.628000,483431.341630,-1082842.840769,-599411.499139,1.269029e-02,-1145.675034,495.235861,630.338216,0.193,7.621,0.018,0.000,0.000,0.000
2629,2.629000,483482.828165,-1082893.458131,-599410.629966,1.269173e-02,-1145.661554,495.211415,630.102278,0.194,6.194,0.025,0.000,0.000,0.000
2630,2.630000,483534.046729,-1082943.891968,-599409.845238,1.269302e-02,-1146.128558,495.165166,629.840909,0.185,4.664,0.017,0.000,0.000,0.000
2631,2.631000,483585.042589,-1082994.118554,-599409.075965,1.269429e-02,-1146.617927,495.123325,629.583295,0.199,10.652,0.020,0.000,0.000,0.000
2632,2.632000,483635.897104,-1083044.162095,-599408.264992,1.269562e-02,-1146.731654,494.995077,629.458470,0.185,4.610,0.017,0.000,0.000,0.000
2633,2.633000,483686.633261,-1083094.014856,-599407.381594,1.269708e-02,-1146.894219,494.941722,629.353572,0.184,10.731,0.018,0.000,0.000,0.000
2634,2.634000,483737.098679,-1083143.681107,-599406.582428,1.269839e-02,-1147.022530,495.157101,629.482881,0.180,4.595,0.017,0.000,0.000,0.000
2635,2.635000,483787.377717,-1083193.130342,-599405.752625,1.269976e-02,-1147.151209,495.397739,629.616357,0.179,10.721,0.018,0.000,0.000,0.000
2636,2.636000,483837.509358,-1083242.389784,-599404.880426,1.270120e-02,-1147.267875,495.574591,629.673601,0.177,4.608,0.017,0.000,0.000,0.000
2637,2.637000,483887.551033,-1083291.456168,-599403.905135,1.270280e-02,-1147.400585,495.724242,629.606681,0.180,9.245,0.017,0.000,0.000,0.000
2638,2.638000,483937.572341,-1083340.331714,-599402.759373,1.270469e-02,-1147.536161,495.829496,629.510827,0.174,4.608,0.017,0.000,0.000,0.000
2639,2.639000,483987.323383,-1083389.020026,-599401.696643,1.270644e-02,-1147.585334,495.913665,629.461774,0.174,10.719,0.018,0.000,0.000,0.000
2640,2.640000,484036.971921,-1083437.509376,-599400.537455,1.270835e-02,-1147.650713,495.981109,629.370821,0.175,4.611,0.017,0.000,0.000,0.000
2641,2.641000,484086.640582,-1083485.815439,-599399.174857,1.271059e-02,-1147.754844,496.042456,629.279095,0.173,10.661,0.018,0.000,0.000,0.000
2642,2.642000,484136.118390,-1083533.936634,-599397.818245,1.271283e-02,-1147.810128,496.034661,629.096338,0.175,7.634,0.017,0.000,0.000,0.000
2643,2.643000,484185.702548,-1083581.868583,-599396.166035,1.271555e-02,-1147.928196,495.915289,628.873686,0.174,6.183,0.020,0.000,0.000,0.000
2644,2.644000,484234.836788,-1083629.590581,-599394.753792,1.271788e-02,-1148.229044,495.513911,628.626404,0.175,12.205,0.018,0.000,0.000,0.000
2645,2.645000,484283.181596,-1083677.095936,-599393.914340,1.271926e-02,-1148.513641,495.136495,628.383630,0.175,4.609,0.017,0.000,0.000,0.000
2646,2.646000,484331.533326,-1083724.414424,-599392.881097,1.272096e-02,-1148.616838,495.088472,628.292250,0.191,4.697,0.017,0.000,0.000,0.000
2647,2.647000,484379.600390,-1083771.549930,-599391.949540,1.272249e-02,-1148.703844,495.189328,628.328539,0.176,13.643,0.018,0.000,0.000,0.000
2648,2.648000,484427.099348,-1083818.494728,-599391.395380,1.272341e-02,-1148.826969,495.334758,628.325181,0.206,9.162,0.019,0.000,0.000,0.000
2649,2.649000,484473.625998,-1083865.245519,-599391.619521,1.272304e-02,-1148.834121,495.261214,627.957387,0.188,4.685,0.017,0.000,0.000,0.000
2650,2.650000,484520.117586,-1083911.758441,-599391.640855,1.272300e-02,-1148.881917,495.184837,627.627770,0.183,10.659,0.018,0.000,0.000,0.000
2651,2.651000,484567.467116,-1083958.078802,-599390.611686,1.272470e-02,-1149.027362,495.294003,627.649774,0.180,4.595,0.016,0.000,0.000,0.000
2652,2.652000,484614.668495,-1084004.218161,-599389.549666,1.272645e-02,-1149.169263,495.411622,627.678570,0.218,9.176,0.019,0.000,0.000,0.000
2653,2.653000,484660.795047,-1084050.166048,-599389.371001,1.272674e-02,-1149.517328,495.495072,627.447243,0.204,4.629,0.021,0.000,0.000,0.000
2654,2.654000,484706.129783,-1084095.895948,-599389.766165,1.272609e-02,-1149.947886,495.532816,626.991100,0.200,10.724,0.019,0.000,0.000,0.000
2655,2.655000,484752.540216,-1084141.418237,-599388.878020,1.272755e-02,-1150.112943,495.627715,626.776345,0.198,4.657,0.020,0.000,0.000,0.000
2656,2.656000,484800.014157,-1084186.744272,-599386.730115,1.273109e-02,-1150.107776,495.752749,626.741305,0.196,4.674,0.020,0.000,0.000,0.000
2657,2.657000,484846.442200,-1084231.874647,-599385.432447,1.273323e-02,-1150.192721,495.955819,626.736047,0.189,12.220,0.019,0.000,0.000,0.000
2658,2.658000,484891.877426,-1084276.803215,-599384.925789,1.273406e-02,-1150.322683,496.150751,626.731851,0.179,4.599,0.018,0.000,0.000,0.000
2659,2.659000,484937.063302,-1084321.539893,-599384.476591,1.273480e-02,-1150.658831,495.984977,626.877809,0.191,4.595,0.021,0.000,0.000,0.000
2660,2.660000,484981.848495,-1084366.051273,-599384.202777,1.273525e-02,-1151.030343,495.761922,627.011033,0.172,4.597,0.018,0.000,0.000,0.000
2661,2.661000,485025.813869,-1084410.364513,-599384.550644,1.273468e-02,-1151.366282,495.633718,627.209063,0.187,7.650,0.018,0.000,0.000,0.000
2662,2.662000,485068.879204,-1084454.455050,-599385.575846,1.273299e-02,-1151.837802,495.350465,627.568617,0.202,4.674,0.018,0.000,0.000,0.000
2663,2.663000,485111.812367,-1084498.314838,-599386.502471,1.273147e-02,-1152.306689,495.051275,627.900361,0.180,9.200,0.017,0.000,0.000,0.000
2664,2.664000,485154.972837,-1084541.953378,-599386.980541,1.273068e-02,-1152.626313,494.999724,628.190009,0.174,4.610,0.017,0.000,0.000,0.000
2665,2.665000,485198.176813,-1084585.397612,-599387.220799,1.273028e-02,-1152.749651,495.176501,628.371960,0.186,10.743,0.019,0.000,0.000,0.000
2666,2.666000,485241.080344,-1084628.647441,-599387.567097,1.272971e-02,-1152.851403,495.254794,628.602478,0.246,4.278,0.020,0.000,0.000,0.000
2667,2.667000,485283.699406,-1084671.703226,-599388.003821,1.272899e-02,-1153.092411,495.118872,628.943781,0.197,10.728,0.018,0.000,0.000,0.000
2668,2.668000,485326.116945,-1084714.542225,-599388.425279,1.272830e-02,-1153.279489,495.075653,629.233673,0.196,4.612,0.018,0.000,0.000,0.000
2669,2.669000,485368.658305,-1084757.185876,-599388.527570,1.272813e-02,-1153.321048,495.142126,629.378025,0.178,6.179,0.017,0.000,0.000,0.000
2670,2.670000,485410.819980,-1084799.636978,-599388.816998,1.272765e-02,-1153.364117,495.170141,629.540776,0.177,10.709,0.018,0.000,0.000,0.000
2671,2.671000,485452.247991,-1084841.894094,-599389.646103,1.272629e-02,-1153.384417,495.296719,629.741339,0.180,5.803,0.017,0.000,0.000,0.000
2672,2.672000,485493.495510,-1084883.952599,-599390.457089,1.272495e-02,-1153.559243,495.254609,629.996703,0.229,6.134,0.023,0.000,0.000,0.000
2673,2.673000,485535.432892,-1084925.799765,-599390.366873,1.272510e-02,-1153.737683,495.096284,630.255502,0.221,7.705,0.022,0.000,0.000,0.000
2674,2.674000,485577.297510,-1084967.455582,-599390.158072,1.272545e-02,-1153.946428,494.925127,630.534342,0.205,4.625,0.022,0.000,0.000,0.000
2675,2.675000,485617.938968,-1085008.900852,-599390.961884,1.272412e-02,-1154.344238,494.651235,630.835844,0.198,7.720,0.018,0.000,0.000,0.000
2676,2.676000,485658.192038,-1085050.118947,-599391.926910,1.272253e-02,-1154.458344,494.764541,630.968345,0.195,4.385,0.018,0.000,0.000,0.000
2677,2.677000,485698.386242,-1085091.131218,-599392.744976,1.272118e-02,-1154.296680,495.044346,631.019852,0.185,7.725,0.018,0.000,0.000,0.000
2678,2.678000,485738.356411,-1085131.947135,-599393.590723,1.271979e-02,-1154.242283,495.117171,631.109386,0.191,12.181,0.018,0.000,0.000,0.000
2679,2.679000,485778.667974,-1085172.567848,-599393.899874,1.271928e-02,-1154.245123,495.192720,631.180930,0.190,4.615,0.018,0.000,0.000,0.000
2680,2.680000,485819.739961,-1085213.001893,-599393.261932,1.272033e-02,-1154.311864,495.237996,631.248547,0.181,4.598,0.018,0.000,0.000,0.000
2681,2.681000,485860.254330,-1085253.233631,-599392.979301,1.272080e-02,-1154.368285,495.318944,631.378369,0.181,4.609,0.017,0.000,0.000,0.000
2682,2.682000,485899.717315,-1085293.272783,-599393.555468,1.271985e-02,-1154.347102,495.427225,631.552278,0.185,6.124,0.022,0.000,0.000,0.000
2683,2.683000,485939.059300,-1085333.123659,-599394.064358,1.271901e-02,-1154.310035,495.523977,631.736890,0.177,6.131,0.018,0.000,0.000,0.000
2684,2.684000,485978.357204,-1085372.786064,-599394.428860,1.271841e-02,-1154.271971,495.629931,631.940638,0.187,4.689,0.017,0.000,0.000,0.000
2685,2.685000,486017.555024,-1085412.261539,-599394.706515,1.271795e-02,-1154.249663,495.762430,632.139728,0.201,9.101,0.024,0.000,0.000,0.000
2686,2.686000,486057.177247,-1085451.547250,-599394.370003,1.271851e-02,-1154.215233,495.894618,632.331088,0.181,4.688,0.018,0.000,0.000,0.000
2687,2.687000,486095.957714,-1085490.637792,-599394.680078,1.271800e-02,-1154.216987,496.027013,632.723176,0.192,10.690,0.016,0.000,0.000,0.000
2688,2.688000,486133.834321,-1085529.509837,-599395.675516,1.271636e-02,-1154.251336,496.361808,633.420606,0.215,4.603,0.021,0.000,0.000,0.000
2689,2.689000,486171.305002,-1085568.135916,-599396.830914,1.271445e-02,-1154.307082,496.769094,634.100355,0.245,4.691,0.085,0.000,0.000,0.000
2690,2.690000,486208.274634,-1085606.540939,-599398.266304,1.271209e-02,-1154.406648,497.061231,634.485015,0.185,10.659,0.017,0.000,0.000,0.000
2691,2.691000,486245.708725,-1085644.747695,-599399.038970,1.271082e-02,-1154.474021,497.258306,634.675944,0.181,4.661,0.018,0.000,0.000,0.000
2692,2.692000,486283.114010,-1085682.757286,-599399.643276,1.270982e-02,-1154.501718,497.435948,634.849590,0.189,4.697,0.017,0.000,0.000,0.000
2693,2.693000,486320.029784,-1085720.569720,-599400.539936,1.270835e-02,-1154.510130,497.572791,635.059860,0.221,13.696,0.020,0.000,0.000,0.000
2694,2.694000,486356.552978,-1085758.177636,-599401.624657,1.270656e-02,-1154.513706,497.626991,635.295141,0.207,9.245,0.022,0.000,0.000,0.000
2695,2.695000,486393.799645,-1085795.584408,-599401.784763,1.270629e-02,-1154.512019,497.739042,635.526365,0.195,4.688,0.018,0.000,0.000,0.000
2696,2.696000,486431.598189,-1085832.790356,-599401.192167,1.270727e-02,-1154.450796,497.816219,635.704765,0.186,4.623,0.018,0.000,0.000,0.000
2697,2.697000,486468.235802,-1085869.760800,-599401.524998,1.270672e-02,-1154.498134,497.754296,635.959693,0.190,13.771,0.018,0.000,0.000,0.000
2698,2.698000,486503.877891,-1085906.525222,-599402.647331,1.270487e-02,-1154.793934,497.570862,636.375442,0.192,6.184,0.020,0.000,0.000,0.000
2699,2.699000,486539.059845,-1085943.069876,-599404.010030,1.270263e-02,-1155.229416,497.294489,636.810679,0.185,5.661,0.018,0.000,0.000,0.000
2700,2.700000,486574.070532,-1085979.386071,-599405.315539,1.270048e-02,-1155.481887,497.091516,637.108231,0.190,7.646,0.020,0.000,0.000,0.000
2701,2.701000,486609.224647,-1086015.493208,-599406.268560,1.269891e-02,-1155.513221,497.127372,637.278282,0.184,7.635,0.020,0.000,0.000,0.000
2702,2.702000,486644.240915,-1086051.405362,-599407.164447,1.269743e-02,-1155.536367,497.233260,637.422709,0.180,4.676,0.018,0.000,0.000,0.000
2703,2.703000,486680.208541,-1086087.120352,-599406.911811,1.269785e-02,-1155.698937,497.141154,637.638067,0.177,4.660,0.019,0.000,0.000,0.000
2704,2.704000,486715.929760,-1086122.614204,-599406.684444,1.269822e-02,-1155.975712,496.858034,637.929389,0.174,12.234,0.017,0.000,0.000,0.000
2705,2.705000,486750.067211,-1086157.861892,-599407.794681,1.269640e-02,-1156.078885,496.681884,637.977664,0.176,4.686,0.017,0.000,0.000,0.000
2706,2.706000,486784.079602,-1086192.844613,-599408.765011,1.269480e-02,-1156.085763,496.670906,637.899486,0.224,10.671,0.020,0.000,0.000,0.000
2707,2.707000,486817.917858,-1086227.584716,-599409.666858,1.269331e-02,-1156.043923,496.873355,638.293777,0.198,4.592,0.017,0.000,0.000,0.000
2708,2.708000,486851.010725,-1086261.978143,-599410.967418,1.269117e-02,-1156.119341,497.264361,639.277063,0.211,10.656,0.027,0.000,0.000,0.000
2709,2.709000,486883.928147,-1086296.053385,-599412.125238,1.268926e-02,-1156.399670,497.516859,640.509410,0.182,4.673,0.022,0.000,0.000,0.000
2710,2.710000,486917.964264,-1086329.772459,-599411.808195,1.268978e-02,-1156.663978,497.720426,641.909474,0.181,6.113,0.017,0.000,0.000,0.000
2711,2.711000,486951.680203,-1086363.169206,-599411.489003,1.269031e-02,-1156.703184,498.154322,643.248185,0.183,12.256,0.018,0.000,0.000,0.000
2712,2.712000,486983.782337,-1086396.244083,-599412.461746,1.268871e-02,-1156.618677,498.548262,643.772552,0.188,6.140,0.019,0.000,0.000,0.000
2713,2.713000,487015.043552,-1086429.089017,-599414.045465,1.268610e-02,-1156.808128,498.742136,644.489230,0.177,4.674,0.017,0.000,0.000,0.000
2714,2.714000,487045.595374,-1086461.587511,-599415.992137,1.268289e-02,-1157.034652,499.297072,645.996447,0.178,6.199,0.019,0.000,0.000,0.000
2715,2.715000,487075.842691,-1086493.736581,-599417.893890,1.267976e-02,-1157.264757,499.967950,647.630822,0.199,7.656,0.019,0.000,0.000,0.000
2716,2.716000,487105.478260,-1086525.520081,-599420.041822,1.267622e-02,-1157.471241,500.630300,649.311508,0.172,9.225,0.018,0.000,0.000,0.000
2717,2.717000,487135.941797,-1086556.953922,-599421.012125,1.267462e-02,-1157.494560,501.076623,650.025486,0.174,4.594,0.017,0.000,0.000,0.000
2718,2.718000,487166.199481,-1086588.190884,-599421.991404,1.267301e-02,-1157.714349,500.842555,650.155128,0.174,10.673,0.017,0.000,0.000,0.000
2719,2.719000,487194.834559,-1086619.153217,-599424.318658,1.266918e-02,-1158.108813,500.650334,650.419483,0.174,4.606,0.017,0.000,0.000,0.000
2720,2.720000,487224.604737,-1086649.884078,-599425.279340,1.266760e-02,-1158.508728,500.508882,650.786744,0.183,10.785,0.020,0.000,0.000,0.000
2721,2.721000,487254.437187,-1086680.379014,-599425.941828,1.266650e-02,-1158.839125,500.418055,651.149310,0.172,4.590,0.020,0.000,0.000,0.000
2722,2.722000,487282.209563,-1086710.661261,-599428.451699,1.266237e-02,-1159.071621,501.054050,652.119614,0.174,10.735,0.018,0.000,0.000,0.000
2723,2.723000,487308.870592,-1086740.547254,-599431.676662,1.265706e-02,-1159.184919,502.087636,654.114424,0.172,5.696,0.017,0.000,0.000,0.000
2724,2.724000,487335.267548,-1086770.052511,-599434.784963,1.265194e-02,-1159.134945,502.657700,655.078381,0.171,10.737,0.018,0.000,0.000,0.000
2725,2.725000,487362.695207,-1086799.303876,-599436.608669,1.264894e-02,-1159.107199,502.814517,655.488581,0.175,4.629,0.017,0.000,0.000,0.000
2726,2.726000,487389.906431,-1086828.239801,-599438.333370,1.264609e-02,-1159.191329,502.783852,656.167919,0.173,12.247,0.017,0.000,0.000,0.000
2727,2.727000,487415.640049,-1086856.871817,-599441.231768,1.264132e-02,-1159.174961,503.119717,657.454202,0.178,4.677,0.018,0.000,0.000,0.000
2728,2.728000,487440.465450,-1086885.059630,-599444.594180,1.263578e-02,-1159.122344,503.825146,659.697710,0.221,13.768,0.020,0.000,0.000,0.000
2729,2.729000,487465.492404,-1086912.777622,-599447.285218,1.263135e-02,-1159.104238,504.030128,661.194043,0.194,4.618,0.024,0.000,0.000,0.000
2730,2.730000,487491.433391,-1086940.244710,-599448.811320,1.262884e-02,-1159.524484,503.601615,661.678677,0.181,4.668,0.017,0.000,0.000,0.000
2731,2.731000,487516.277460,-1086967.458778,-599451.181318,1.262493e-02,-1160.487976,503.098295,662.626246,0.202,4.615,0.018,0.000,0.000,0.000
2732,2.732000,487541.333325,-1086994.226352,-599452.893027,1.262211e-02,-1161.205521,502.977917,663.997091,0.177,9.202,0.017,0.000,0.000,0.000
2733,2.733000,487566.542664,-1087020.730589,-599454.187926,1.261998e-02,-1161.841154,502.562552,664.507325,0.228,6.117,0.021,0.000,0.000,0.000
2734,2.734000,487592.031733,-1087046.967960,-599454.936227,1.261875e-02,-1162.461117,501.906917,664.583728,0.201,6.179,0.017,0.000,0.000,0.000
2735,2.735000,487619.244073,-1087073.004534,-599453.760461,1.262068e-02,-1162.874754,501.386065,664.727270,0.185,10.668,0.018,0.000,0.000,0.000
2736,2.736000,487646.203996,-1087098.832673,-599452.628677,1.262255e-02,-1163.180965,501.045432,664.699638,0.211,4.664,0.019,0.000,0.000,0.000
2737,2.737000,487672.363492,-1087124.470924,-599452.107433,1.262341e-02,-1163.646834,500.477799,664.424320,0.179,4.614,0.017,0.000,0.000,0.000
2738,2.738000,487698.212053,-1087149.880718,-599451.668665,1.262413e-02,-1164.289499,499.845799,663.960183,0.180,10.670,0.017,0.000,0.000,0.000
2739,2.739000,487724.463032,-1087175.076429,-599450.613397,1.262587e-02,-1164.939494,499.167995,663.591790,0.191,4.681,0.021,0.000,0.000,0.000
2740,2.740000,487750.536811,-1087200.043862,-599449.507050,1.262769e-02,-1165.712033,498.323227,663.445696,0.175,10.697,0.017,0.000,0.000,0.000
2741,2.741000,487775.835285,-1087224.792915,-599448.957629,1.262859e-02,-1167.415511,497.991636,662.713032,0.233,4.696,0.023,0.000,0.000,0.000
2742,2.742000,487800.644332,-1087249.257859,-599448.613527,1.262916e-02,-1168.875577,497.475969,662.186076,0.176,13.679,0.019,0.000,0.000,0.000
2743,2.743000,487825.391467,-1087273.492671,-599448.101205,1.263001e-02,-1169.228324,496.698748,662.521243,0.175,9.217,0.017,0.000,0.000,0.000
2744,2.744000,487850.170441,-1087297.526547,-599447.356106,1.263123e-02,-1169.450252,496.668304,663.248036,0.171,4.670,0.017,0.000,0.000,0.000
2745,2.745000,487873.525416,-1087321.303034,-599447.777618,1.263054e-02,-1169.743052,496.777853,664.231376,0.171,11.754,0.017,0.000,0.000,0.000
2746,2.746000,487897.551557,-1087344.826792,-599447.275235,1.263137e-02,-1170.232861,496.242136,664.833079,0.213,4.616,0.018,0.000,0.000,0.000
2747,2.747000,487923.479151,-1087368.137488,-599444.658337,1.263568e-02,-1170.641713,495.533820,664.821987,0.185,13.615,0.018,0.000,0.000,0.000
2748,2.748000,487948.471430,-1087391.254705,-599442.783276,1.263876e-02,-1170.928255,494.980977,664.694056,0.185,6.188,0.024,0.000,0.000,0.000
2749,2.749000,487972.993452,-1087414.181833,-599441.188381,1.264139e-02,-1171.266246,494.438043,664.899933,0.191,4.607,0.019,0.000,0.000,0.000
2750,2.750000,487997.033184,-1087436.899153,-599439.865969,1.264357e-02,-1171.731693,493.836420,665.146600,0.214,12.228,0.018,0.000,0.000,0.000
2751,2.751000,488020.451303,-1087459.418306,-599438.967003,1.264505e-02,-1171.932012,493.571891,665.178893,0.181,4.642,0.018,0.000,0.000,0.000
2752,2.752000,488044.113377,-1087481.768169,-599437.654792,1.264721e-02,-1171.914959,493.538479,665.097947,0.182,10.663,0.018,0.000,0.000,0.000
2753,2.753000,488067.540117,-1087503.950768,-599436.410652,1.264926e-02,-1171.919267,493.479382,665.057774,0.177,4.598,0.017,0.000,0.000,0.000
2754,2.754000,488090.840841,-1087525.965377,-599435.124536,1.265138e-02,-1171.917999,493.431917,665.017740,0.174,4.675,0.017,0.000,0.000,0.000
2755,2.755000,488113.698502,-1087547.814274,-599434.115772,1.265304e-02,-1171.859185,493.283473,664.988627,0.175,13.706,0.018,0.000,0.000,0.000
2756,2.756000,488136.117777,-1087569.482531,-599433.364754,1.265428e-02,-1171.790359,493.074173,664.976441,0.176,7.699,0.017,0.000,0.000,0.000
2757,2.757000,488159.316058,-1087590.981993,-599431.665936,1.265708e-02,-1171.704727,492.917072,664.942050,0.179,4.608,0.016,0.000,0.000,0.000
2758,2.758000,488182.424449,-1087612.304415,-599429.879966,1.266002e-02,-1171.704215,492.832818,664.862593,0.171,6.127,0.017,0.000,0.000,0.000
2759,2.759000,488204.400495,-1087633.460410,-599429.059915,1.266137e-02,-1171.936853,492.566155,664.859676,0.173,6.131,0.017,0.000,0.000,0.000
2760,2.760000,488226.337373,-1087654.417405,-599428.080032,1.266298e-02,-1172.106540,492.305100,664.892132,0.172,4.673,0.017,0.000,0.000,0.000
2761,2.761000,488248.298047,-1087675.215232,-599426.917185,1.266490e-02,-1172.221145,492.113679,664.908537,0.175,9.139,0.018,0.000,0.000,0.000
2762,2.762000,488269.849486,-1087695.839221,-599425.989735,1.266643e-02,-1172.384796,491.727492,664.913946,0.169,6.115,0.016,0.000,0.000,0.000
2763,2.763000,488291.375971,-1087716.281380,-599424.905409,1.266821e-02,-1172.465435,491.437996,664.859525,0.182,6.184,0.017,0.000,0.000,0.000
2764,2.764000,488312.784546,-1087736.561307,-599423.776761,1.267007e-02,-1172.494386,491.258021,664.777793,0.167,10.683,0.017,0.000,0.000,0.000
2765,2.765000,488334.761352,-1087756.675822,-599421.914470,1.267314e-02,-1172.424069,491.070275,664.673080,0.212,4.621,0.020,0.000,0.000,0.000
2766,2.766000,488356.293847,-1087776.612762,-599420.318916,1.267577e-02,-1172.680364,490.622357,664.716253,0.238,12.239,0.023,0.000,0.000,0.000
2767,2.767000,488376.743833,-1087796.354897,-599419.611064,1.267693e-02,-1173.120790,490.124532,664.834990,0.235,4.633,0.027,0.000,0.000,0.000
2768,2.768000,488397.609256,-1087815.924727,-599418.315471,1.267907e-02,-1173.282098,489.810295,664.835729,0.296,10.713,0.020,0.000,0.000,0.000
2769,2.769000,488418.442626,-1087835.315022,-599416.872396,1.268144e-02,-1173.301710,489.635583,664.727084,0.209,4.620,0.019,0.000,0.000,0.000
2770,2.770000,488438.310854,-1087854.536847,-599416.225993,1.268251e-02,-1173.239896,489.504724,664.538869,0.229,6.129,0.022,0.000,0.000,0.000
2771,2.771000,488458.481182,-1087873.584885,-599415.103704,1.268436e-02,-1173.219660,489.448030,664.372358,0.245,12.246,0.024,0.000,0.000,0.000
2772,2.772000,488478.812917,-1087892.470881,-599413.657964,1.268674e-02,-1173.280164,489.427503,664.244219,0.233,6.127,0.021,0.000,0.000,0.000
2773,2.773000,488498.472562,-1087911.197771,-599412.725209,1.268827e-02,-1173.482197,489.226581,664.053132,0.221,4.677,0.018,0.000,0.000,0.000
2774,2.774000,488518.149986,-1087929.758735,-599411.608749,1.269011e-02,-1173.687301,489.027907,663.869159,0.203,6.133,0.018,0.000,0.000,0.000
2775,2.775000,488537.206812,-1087948.157413,-599410.950601,1.269120e-02,-1173.905333,488.896141,663.675381,0.210,6.207,0.020,0.000,0.000,0.000
2776,2.776000,488555.613755,-1087966.378972,-599410.765217,1.269150e-02,-1174.184856,488.802751,663.430657,0.198,6.200,0.019,0.000,0.000,0.000
2777,2.777000,488574.720585,-1087984.428955,-599409.708370,1.269324e-02,-1174.408302,488.718858,663.234907,0.226,4.644,0.030,0.000,0.000,0.000
2778,2.778000,488594.752315,-1088002.301601,-599407.549286,1.269680e-02,-1174.477348,488.665732,663.100943,0.221,9.218,0.021,0.000,0.000,0.000
2779,2.779000,488614.047676,-1088020.019990,-599405.972315,1.269940e-02,-1174.514552,488.620378,663.019007,0.204,6.184,0.018,0.000,0.000,0.000
2780,2.780000,488633.242567,-1088037.579810,-599404.337243,1.270209e-02,-1174.657693,488.473002,662.948135,0.191,10.679,0.022,0.000,0.000,0.000
2781,2.781000,488652.196593,-1088054.970355,-599402.773762,1.270467e-02,-1174.848531,488.250431,662.842533,0.201,4.683,0.021,0.000,0.000,0.000
2782,2.782000,488669.225407,-1088072.196341,-599402.970934,1.270434e-02,-1175.101719,487.989473,662.747823,0.209,4.695,0.019,0.000,0.000,0.000
2783,2.783000,488684.951154,-1088089.240605,-599404.289451,1.270217e-02,-1175.446228,487.762706,662.677430,0.185,10.651,0.018,0.000,0.000,0.000
2784,2.784000,488700.029311,-1088106.092114,-599406.062803,1.269925e-02,-1175.846069,487.604865,662.675103,0.195,4.342,0.018,0.000,0.000,0.000
2785,2.785000,488715.278877,-1088122.747368,-599407.468491,1.269693e-02,-1176.179864,487.372429,662.712342,0.183,10.653,0.018,0.000,0.000,0.000
2786,2.786000,488731.137701,-1088139.221783,-599408.084083,1.269592e-02,-1176.456616,487.207161,662.693860,0.353,4.673,0.022,0.000,0.000,0.000
2787,2.787000,488746.119370,-1088155.518500,-599409.399129,1.269375e-02,-1176.878840,487.099873,662.625854,0.196,13.717,0.020,0.000,0.000,0.000
2788,2.788000,488759.835710,-1088171.588344,-599411.752634,1.268988e-02,-1177.488762,486.942450,662.535555,0.194,4.670,0.017,0.000,0.000,0.000
2789,2.789000,488773.155812,-1088187.424899,-599414.269086,1.268573e-02,-1178.264164,487.703970,661.959731,0.188,12.233,0.019,0.000,0.000,0.000
2790,2.790000,488786.461382,-1088202.957888,-599416.496506,1.268206e-02,-1178.895637,488.508744,661.344191,0.191,4.592,0.018,0.000,0.000,0.000
2791,2.791000,488799.715421,-1088218.290301,-599418.574880,1.267864e-02,-1179.265916,488.448299,661.272104,0.180,6.215,0.018,0.000,0.000,0.000
2792,2.792000,488813.753880,-1088233.413899,-599419.660019,1.267685e-02,-1179.579534,488.442532,661.215605,0.192,6.149,0.020,0.000,0.000,0.000
2793,2.793000,488827.708260,-1088248.351228,-599420.642968,1.267523e-02,-1180.009969,488.365747,661.002534,0.199,6.123,0.021,0.000,0.000,0.000
2794,2.794000,488841.665015,-1088263.053515,-599421.388499,1.267400e-02,-1180.583690,489.135789,660.207584,0.177,6.134,0.017,0.000,0.000,0.000
2795,2.795000,488855.420633,-1088277.509549,-599422.088916,1.267285e-02,-1181.186854,489.971158,659.489714,0.178,6.182,0.017,0.000,0.000,0.000
2796,2.796000,488868.091814,-1088291.736779,-599423.644965,1.267029e-02,-1181.747043,489.869126,659.422294,0.184,12.207,0.021,0.000,0.000,0.000
2797,2.797000,488881.693598,-1088305.741803,-599424.048205,1.266962e-02,-1182.068996,489.839143,659.449917,0.182,4.675,0.017,0.000,0.000,0.000
2798,2.798000,488895.344423,-1088319.564231,-599424.219807,1.266934e-02,-1182.534697,489.753148,659.538508,0.181,4.606,0.020,0.000,0.000,0.000
2799,2.799000,488907.938389,-1088333.162253,-599425.223865,1.266769e-02,-1183.069134,489.520283,659.482327,0.175,13.370,0.017,0.000,0.000,0.000
2800,2.800000,488920.726027,-1088346.567940,-599425.841913,1.266667e-02,-1183.451933,489.309596,659.526627,0.174,10.487,0.017,0.000,0.000,0.000
2801,2.801000,488934.543119,-1088359.750099,-599425.206980,1.266772e-02,-1184.182061,488.960989,659.904538,0.181,4.678,0.018,0.000,0.000,0.000
2802,2.802000,488947.990933,-1088372.644949,-599424.654017,1.266863e-02,-1184.905891,488.644752,660.281460,0.173,10.709,0.018,0.000,0.000,0.000
2803,2.803000,488960.514153,-1088385.311474,-599424.797321,1.266839e-02,-1185.088340,488.533929,660.483426,0.203,4.565,0.021,0.000,0.000,0.000
2804,2.804000,488973.439328,-1088397.800418,-599424.361091,1.266911e-02,-1184.916093,488.405636,660.432112,0.178,4.615,0.017,0.000,0.000,0.000
2805,2.805000,488985.788342,-1088410.117947,-599424.329605,1.266916e-02,-1184.789390,488.325961,660.406993,0.179,10.578,0.018,0.000,0.000,0.000
2806,2.806000,488997.776000,-1088422.238992,-599424.462992,1.266894e-02,-1184.776969,488.211876,660.502692,0.173,4.604,0.019,0.000,0.000,0.000
2807,2.807000,489010.539023,-1088434.162984,-599423.623962,1.267032e-02,-1184.839899,488.065745,660.592735,0.174,6.184,0.018,0.000,0.000,0.000
2808,2.808000,489022.256657,-1088445.899799,-599423.643142,1.267029e-02,-1185.024232,488.466503,660.427405,0.211,6.193,0.019,0.000,0.000,0.000
2809,2.809000,489032.765222,-1088457.430459,-599424.665237,1.266861e-02,-1185.255306,488.776376,660.200855,0.206,7.704,0.024,0.000,0.000,0.000
2810,2.810000,489043.548235,-1088468.778058,-599425.229823,1.266768e-02,-1185.464726,488.663856,660.182074,0.196,7.699,0.022,0.000,0.000,0.000
2811,2.811000,489054.000648,-1088479.961279,-599425.960630,1.266647e-02,-1185.640269,488.556933,660.160481,0.188,4.678,0.018,0.000,0.000,0.000
2812,2.812000,489063.643567,-1088490.941758,-599427.298192,1.266427e-02,-1185.950401,488.352006,660.143534,0.212,10.683,0.020,0.000,0.000,0.000
2813,2.813000,489073.138491,-1088501.688131,-599428.549640,1.266221e-02,-1186.254493,488.181904,660.191298,0.199,4.612,0.018,0.000,0.000,0.000
2814,2.814000,489083.087523,-1088512.238618,-599429.151095,1.266122e-02,-1186.398971,488.076223,660.273518,0.212,4.675,0.017,0.000,0.000,0.000
2815,2.815000,489092.841320,-1088522.618523,-599429.777203,1.266019e-02,-1186.520981,487.795735,660.372730,0.184,13.779,0.018,0.000,0.000,0.000
2816,2.816000,489100.808206,-1088532.772519,-599431.964313,1.265658e-02,-1186.679648,487.298032,660.488186,0.195,10.649,0.019,0.000,0.000,0.000
2817,2.817000,489108.560906,-1088542.665661,-599434.104755,1.265306e-02,-1186.928830,486.886533,660.560869,0.199,4.620,0.022,0.000,0.000,0.000
2818,2.818000,489117.000897,-1088552.343889,-599435.342992,1.265102e-02,-1187.281405,486.594976,660.541010,0.180,4.619,0.018,0.000,0.000,0.000
2819,2.819000,489125.247420,-1088561.830009,-599436.582590,1.264898e-02,-1187.559112,486.308993,660.494124,0.188,10.718,0.018,0.000,0.000,0.000
2820,2.820000,489133.116628,-1088571.104335,-599437.987706,1.264666e-02,-1187.802499,486.027939,660.462205,0.177,4.594,0.019,0.000,0.000,0.000
2821,2.821000,489141.300091,-1088580.175983,-599438.875891,1.264520e-02,-1187.493814,485.648482,659.927358,0.177,4.612,0.017,0.000,0.000,0.000
2822,2.822000,489149.292469,-1088588.891414,-599439.598944,1.264401e-02,-1187.314160,485.098684,659.478104,0.258,4.601,0.030,0.000,0.000,0.000
2823,2.823000,489156.984487,-1088597.383133,-599440.398646,1.264269e-02,-1187.400173,484.347421,658.838097,0.184,9.210,0.017,0.000,0.000,0.000
2824,2.824000,489164.807043,-1088605.507280,-599440.700237,1.264220e-02,-1187.358561,483.580526,658.060827,0.177,6.118,0.018,0.000,0.000,0.000
2825,2.825000,489171.822688,-1088613.427540,-599441.604851,1.264071e-02,-1187.765464,482.973195,657.923603,0.212,6.170,0.019,0.000,0.000,0.000
2826,2.826000,489178.073575,-1088621.131401,-599443.057826,1.263831e-02,-1188.268110,482.297278,657.829173,0.201,4.678,0.017,0.000,0.000,0.000
2827,2.827000,489184.102608,-1088628.608174,-599444.505565,1.263593e-02,-1188.858960,481.709316,657.655800,0.185,12.177,0.017,0.000,0.000,0.000
2828,2.828000,489189.910434,-1088635.870037,-599445.959603,1.263353e-02,-1189.473282,481.245888,657.340308,0.258,4.702,0.030,0.000,0.000,0.000
2829,2.829000,489195.326033,-1088642.916450,-599447.590417,1.263085e-02,-1189.749131,480.637518,657.051104,0.193,13.733,0.024,0.000,0.000,0.000
2830,2.830000,489200.612279,-1088649.707555,-599449.095276,1.262837e-02,-1189.854770,479.792265,656.622375,0.177,10.715,0.018,0.000,0.000,0.000
2831,2.831000,489206.910319,-1088656.264570,-599449.354251,1.262794e-02,-1190.144798,479.102313,656.184911,0.192,4.604,0.018,0.000,0.000,0.000
2832,2.832000,489213.250186,-1088662.646302,-599449.396117,1.262787e-02,-1190.261542,478.567504,655.957865,0.178,10.665,0.018,0.000,0.000,0.000
2833,2.833000,489218.949072,-1088668.831220,-599449.882148,1.262707e-02,-1190.204415,477.858560,655.778102,0.276,4.681,0.017,0.000,0.000,0.000
2834,2.834000,489224.763833,-1088674.816663,-599450.052830,1.262679e-02,-1190.217713,477.284334,656.323443,0.174,13.742,0.019,0.000,0.000,0.000
2835,2.835000,489230.384932,-1088680.570726,-599450.185794,1.262657e-02,-1190.284360,476.860918,657.607375,0.177,4.623,0.018,0.000,0.000,0.000
2836,2.836000,489236.196827,-1088686.083205,-599449.886378,1.262706e-02,-1190.523691,476.499978,658.854913,0.182,4.470,0.018,0.000,0.000,0.000
2837,2.837000,489241.917643,-1088691.375280,-599449.457638,1.262777e-02,-1190.895024,476.315871,659.940965,0.186,9.200,0.019,0.000,0.000,0.000
2838,2.838000,489247.208772,-1088696.426747,-599449.217975,1.262817e-02,-1191.321862,476.200638,660.919143,0.194,4.606,0.019,0.000,0.000,0.000
2839,2.839000,489252.400161,-1088701.236721,-599448.836560,1.262879e-02,-1191.602045,476.088752,661.183498,0.174,10.652,0.018,0.000,0.000,0.000
2840,2.840000,489257.341523,-1088705.859595,-599448.518072,1.262932e-02,-1191.692808,475.800657,660.855970,0.181,4.688,0.018,0.000,0.000,0.000
2841,2.841000,489262.792515,-1088710.299865,-599447.507350,1.263098e-02,-1191.875841,475.584209,661.315603,0.174,4.660,0.017,0.000,0.000,0.000
2842,2.842000,489268.130525,-1088714.532780,-599446.402255,1.263280e-02,-1192.151901,475.461086,661.832317,0.172,12.165,0.019,0.000,0.000,0.000
2843,2.843000,489272.653831,-1088718.557154,-599445.903323,1.263363e-02,-1192.277685,475.258791,661.701445,0.259,4.681,0.029,0.000,0.000,0.000
2844,2.844000,489277.289578,-1088722.393963,-599445.104385,1.263494e-02,-1192.317541,475.228193,661.476451,0.172,13.747,0.018,0.000,0.000,0.000
2845,2.845000,489281.532621,-1088726.014703,-599444.482082,1.263597e-02,-1192.312888,475.460463,661.459437,0.174,10.750,0.020,0.000,0.000,0.000
2846,2.846000,489285.002357,-1088729.408344,-599444.405987,1.263609e-02,-1192.234288,475.446488,661.437253,0.183,4.676,0.020,0.000,0.000,0.000
2847,2.847000,489288.760954,-1088732.610583,-599443.849629,1.263701e-02,-1192.323387,475.093476,661.158211,0.218,10.687,0.021,0.000,0.000,0.000
2848,2.848000,489293.262624,-1088735.597619,-599442.334995,1.263950e-02,-1192.492030,474.708796,660.891545,0.246,4.686,0.031,0.000,0.000,0.000
2849,2.849000,489297.339429,-1088738.407673,-599441.068244,1.264159e-02,-1192.653533,474.294481,660.697407,0.192,4.607,0.019,0.000,0.000,0.000
2850,2.850000,489300.592384,-1088741.048167,-599440.455783,1.264260e-02,-1192.810452,474.178863,660.587218,0.176,10.675,0.019,0.000,0.000,0.000
2851,2.851000,489304.128891,-1088743.521893,-599439.393002,1.264435e-02,-1193.066187,474.213508,661.071932,0.182,6.166,0.018,0.000,0.000,0.000
2852,2.852000,489307.850364,-1088745.775559,-599437.925195,1.264677e-02,-1193.374178,474.256579,661.599349,0.212,6.218,0.019,0.000,0.000,0.000
2853,2.853000,489310.963961,-1088747.852081,-599436.888121,1.264847e-02,-1193.566171,474.280347,661.550002,0.198,6.153,0.018,0.000,0.000,0.000
2854,2.854000,489313.188672,-1088749.751896,-599436.563224,1.264901e-02,-1193.849576,474.245104,661.432365,0.207,4.688,0.017,0.000,0.000,0.000
2855,2.855000,489315.702076,-1088751.462760,-599435.760684,1.265033e-02,-1194.265692,474.325806,661.251239,0.187,6.135,0.024,0.000,0.000,0.000
2856,2.856000,489317.882856,-1088752.967068,-599435.084213,1.265145e-02,-1194.659065,474.340080,661.039152,0.188,12.291,0.017,0.000,0.000,0.000
2857,2.857000,489319.138400,-1088754.276790,-599435.138390,1.265136e-02,-1194.820340,474.282984,660.879878,0.191,4.675,0.019,0.000,0.000,0.000
2858,2.858000,489320.848269,-1088755.429133,-599434.580864,1.265228e-02,-1194.909270,474.182173,660.784636,0.181,4.496,0.020,0.000,0.000,0.000
2859,2.859000,489322.650207,-1088756.419425,-599433.769218,1.265361e-02,-1195.121636,474.034323,660.659466,0.185,9.168,0.018,0.000,0.000,0.000
2860,2.860000,489324.237210,-1088757.230388,-599432.993178,1.265489e-02,-1195.319521,474.040082,660.547482,0.193,4.680,0.021,0.000,0.000,0.000
2861,2.861000,489325.880807,-1088757.877480,-599431.996673,1.265653e-02,-1195.567391,473.991676,660.467665,0.178,12.242,0.018,0.000,0.000,0.000
2862,2.862000,489327.573187,-1088758.357162,-599430.783975,1.265853e-02,-1195.942352,474.001699,660.457026,0.177,4.612,0.017,0.000,0.000,0.000
2863,2.863000,489329.058159,-1088758.647416,-599429.589257,1.266050e-02,-1196.255818,474.104145,660.423667,0.175,4.679,0.019,0.000,0.000,0.000
2864,2.864000,489330.289737,-1088758.764606,-599428.474869,1.266233e-02,-1196.498964,474.042422,660.355442,0.174,13.731,0.019,0.000,0.000,0.000
2865,2.865000,489331.328436,-1088758.716736,-599427.388300,1.266412e-02,-1196.647488,474.036481,660.354506,0.262,6.155,0.022,0.000,0.000,0.000
2866,2.866000,489332.126187,-1088758.499899,-599426.373712,1.266579e-02,-1196.691895,474.055578,660.306382,0.278,9.165,0.036,0.000,0.000,0.000
2867,2.867000,489332.550728,-1088758.102613,-599425.551884,1.266715e-02,-1196.814265,474.010467,660.238972,0.270,4.620,0.034,0.000,0.000,0.000
2868,2.868000,489332.742844,-1088757.529042,-599424.786197,1.266841e-02,-1197.122848,473.950665,660.036462,0.279,10.717,0.050,0.000,0.000,0.000
2869,2.869000,489332.893124,-1088756.770991,-599423.877867,1.266990e-02,-1197.511639,473.820342,659.618639,0.228,4.673,0.021,0.000,0.000,0.000
2870,2.870000,489332.804067,-1088755.825407,-599423.021340,1.267132e-02,-1197.551678,473.870462,659.349337,0.219,10.741,0.021,0.000,0.000,0.000
2871,2.871000,489332.703718,-1088754.653060,-599421.949342,1.267308e-02,-1197.566332,473.910524,659.195167,0.210,4.601,0.018,0.000,0.000,0.000
2872,2.872000,489332.353947,-1088753.307887,-599420.953940,1.267472e-02,-1197.892228,473.844080,658.884017,0.235,10.756,0.034,0.000,0.000,0.000
2873,2.873000,489331.424181,-1088751.765171,-599420.340990,1.267573e-02,-1198.288167,473.838545,658.477385,0.235,4.702,0.024,0.000,0.000,0.000
2874,2.874000,489330.023793,-1088750.038340,-599420.014548,1.267627e-02,-1198.637770,473.781919,658.153525,0.204,10.723,0.020,0.000,0.000,0.000
2875,2.875000,489328.438495,-1088748.119265,-599419.680771,1.267682e-02,-1199.251201,473.724252,657.613954,0.200,4.607,0.018,0.000,0.000,0.000
2876,2.876000,489326.771311,-1088745.979998,-599419.208688,1.267760e-02,-1200.010323,473.771503,657.087296,0.204,8.755,0.022,0.000,0.000,0.000
2877,2.877000,489324.850830,-1088743.647630,-599418.796800,1.267827e-02,-1200.448182,473.851659,656.959126,0.192,4.661,0.018,0.000,0.000,0.000
2878,2.878000,489322.834917,-1088741.116497,-599418.281580,1.267912e-02,-1200.856699,473.944229,656.827424,0.187,10.726,0.018,0.000,0.000,0.000
2879,2.879000,489320.697106,-1088738.395899,-599417.698793,1.268008e-02,-1201.328677,473.970828,656.540871,0.184,4.632,0.018,0.000,0.000,0.000
2880,2.880000,489318.655377,-1088735.504890,-599416.849513,1.268148e-02,-1201.799571,473.898112,656.233086,0.217,9.206,0.017,0.000,0.000,0.000
2881,2.881000,489316.541209,-1088732.446557,-599415.905348,1.268304e-02,-1201.966721,473.762234,656.056267,0.180,4.613,0.017,0.000,0.000,0.000
2882,2.882000,489314.172215,-1088729.228304,-599415.056089,1.268444e-02,-1202.059186,473.425941,655.795636,0.181,10.734,0.017,0.000,0.000,0.000
2883,2.883000,489311.741916,-1088725.844056,-599414.102140,1.268601e-02,-1202.313043,473.179743,655.444985,0.179,4.607,0.016,0.000,0.000,0.000
2884,2.884000,489309.092516,-1088722.279609,-599413.187093,1.268751e-02,-1202.693390,473.206250,655.228198,0.178,10.643,0.017,0.000,0.000,0.000
2885,2.885000,489306.164905,-1088718.524282,-599412.359377,1.268888e-02,-1202.916879,473.461612,655.197025,0.237,4.614,0.031,0.000,0.000,0.000
2886,2.886000,489303.124329,-1088714.603424,-599411.479095,1.269033e-02,-1203.135129,473.681464,655.004587,0.187,10.648,0.018,0.000,0.000,0.000
2887,2.887000,489300.029576,-1088710.492003,-599410.462427,1.269200e-02,-1203.488437,473.825284,654.819799,0.216,4.676,0.018,0.000,0.000,0.000
2888,2.888000,489296.889469,-1088706.242191,-599409.352722,1.269383e-02,-1203.770926,473.932972,654.706884,0.205,12.211,0.021,0.000,0.000,0.000
2889,2.889000,489293.878742,-1088701.812280,-599407.933538,1.269617e-02,-1203.942048,473.723754,654.429727,0.195,4.675,0.018,0.000,0.000,0.000
2890,2.890000,489291.081122,-1088697.218530,-599406.137408,1.269913e-02,-1203.652018,473.770927,653.791411,0.183,13.764,0.017,0.000,0.000,0.000
2891,2.891000,489287.564540,-1088692.335734,-599404.771194,1.270138e-02,-1203.663711,474.102176,653.144686,0.246,6.218,0.024,0.000,0.000,0.000
2892,2.892000,489283.386726,-1088687.281015,-599403.894288,1.270282e-02,-1204.124874,474.291674,652.882604,0.208,6.201,0.019,0.000,0.000,0.000
2893,2.893000,489278.974073,-1088682.043825,-599403.069752,1.270418e-02,-1204.298534,474.591114,652.773935,0.198,7.646,0.018,0.000,0.000,0.000
2894,2.894000,489274.417145,-1088676.653418,-599402.236273,1.270555e-02,-1204.208598,475.055167,652.871997,0.196,7.609,0.018,0.000,0.000,0.000
2895,2.895000,489269.608037,-1088671.090658,-599401.482621,1.270679e-02,-1204.262750,475.462351,653.036116,0.187,4.702,0.018,0.000,0.000,0.000
2896,2.896000,489264.549326,-1088665.359192,-599400.809866,1.270790e-02,-1204.513172,475.786381,653.288088,0.199,12.037,0.018,0.000,0.000,0.000
2897,2.897000,489259.255970,-1088659.476259,-599400.220290,1.270887e-02,-1204.751502,476.060946,653.330544,0.192,6.179,0.018,0.000,0.000,0.000
2898,2.898000,489253.918631,-1088653.412191,-599399.493560,1.271007e-02,-1204.721935,476.203915,653.225456,0.189,4.599,0.017,0.000,0.000,0.000
2899,2.899000,489248.749681,-1088647.220634,-599398.470954,1.271175e-02,-1204.547888,476.335918,653.212322,0.178,6.200,0.018,0.000,0.000,0.000
2900,2.900000,489243.399869,-1088640.884097,-599397.484228,1.271338e-02,-1204.580928,476.556196,653.280488,0.187,6.194,0.018,0.000,0.000,0.000
2901,2.901000,489238.075780,-1088634.405810,-599396.330030,1.271528e-02,-1204.392923,477.156667,653.253898,0.181,5.997,0.017,0.000,0.000,0.000
2902,2.902000,489232.611726,-1088627.711459,-599395.099733,1.271731e-02,-1204.372580,477.677067,652.936990,0.237,12.226,0.021,0.000,0.000,0.000
2903,2.903000,489226.740958,-1088620.858579,-599394.117621,1.271892e-02,-1204.621039,478.058315,652.486652,0.272,10.668,0.022,0.000,0.000,0.000
2904,2.904000,489220.756988,-1088613.785318,-599393.028330,1.272072e-02,-1204.870492,478.478163,652.178631,0.302,4.703,0.043,0.000,0.000,0.000
2905,2.905000,489214.792831,-1088606.569898,-599391.777067,1.272278e-02,-1205.040838,478.722311,652.010270,0.215,13.757,0.020,0.000,0.000,0.000
2906,2.906000,489208.557315,-1088599.196568,-599390.639253,1.272465e-02,-1205.170971,478.899272,651.950223,0.191,10.736,0.017,0.000,0.000,0.000
2907,2.907000,489202.045152,-1088591.691399,-599389.646247,1.272629e-02,-1205.455049,478.989336,651.969253,0.200,4.612,0.018,0.000,0.000,0.000
2908,2.908000,489195.412674,-1088584.057393,-599388.644719,1.272794e-02,-1205.980163,479.040993,651.743706,0.195,4.611,0.018,0.000,0.000,0.000
2909,2.909000,489188.922620,-1088576.249742,-599387.327121,1.273011e-02,-1206.892319,479.062511,651.334624,0.189,10.718,0.019,0.000,0.000,0.000
2910,2.910000,489182.380380,-1088568.278475,-599385.898095,1.273246e-02,-1207.418197,479.186242,651.206213,0.198,4.603,0.021,0.000,0.000,0.000
2911,2.911000,489175.533847,-1088560.193623,-599384.659776,1.273450e-02,-1207.582803,479.261627,651.310985,0.214,6.108,0.018,0.000,0.000,0.000
2912,2.912000,489168.239443,-1088551.996893,-599383.757450,1.273599e-02,-1207.770035,479.255926,651.396761,0.185,4.603,0.018,0.000,0.000,0.000
2913,2.913000,489160.645059,-1088543.680450,-599383.035391,1.273718e-02,-1207.931603,479.246139,651.460205,0.185,9.184,0.017,0.000,0.000,0.000
2914,2.914000,489153.527705,-1088535.247228,-599381.719524,1.273934e-02,-1208.004132,479.161062,651.434398,0.188,7.639,0.092,0.000,0.000,0.000
2915,2.915000,489146.296397,-1088526.712569,-599380.416172,1.274149e-02,-1208.321123,479.124935,651.298867,0.173,4.684,0.018,0.000,0.000,0.000
2916,2.916000,489138.713392,-1088518.037918,-599379.324527,1.274329e-02,-1208.811091,479.248824,651.140631,0.188,12.173,0.021,0.000,0.000,0.000
2917,2.917000,489130.975422,-1088509.208211,-599378.232790,1.274509e-02,-1209.139595,479.608031,650.789703,0.178,4.590,0.018,0.000,0.000,0.000
2918,2.918000,489122.482185,-1088500.164313,-599377.682128,1.274599e-02,-1209.463922,479.932046,650.602143,0.219,4.675,0.018,0.000,0.000,0.000
2919,2.919000,489113.761874,-1088490.992545,-599377.230671,1.274674e-02,-1209.930067,479.997631,650.615286,0.177,13.728,0.019,0.000,0.000,0.000
2920,2.920000,489105.081383,-1088481.682190,-599376.600807,1.274778e-02,-1210.296831,480.011035,650.523400,0.174,13.753,0.018,0.000,0.000,0.000
2921,2.921000,489096.068695,-1088472.263570,-599376.194876,1.274844e-02,-1210.630129,480.053856,650.645360,0.179,4.678,0.018,0.000,0.000,0.000
2922,2.922000,489087.144536,-1088462.720563,-599375.576028,1.274946e-02,-1211.029857,479.954798,650.757189,0.178,12.231,0.019,0.000,0.000,0.000
2923,2.923000,489078.509233,-1088453.009798,-599374.500565,1.275124e-02,-1211.551937,479.875663,650.537970,0.174,4.601,0.018,0.000,0.000,0.000
2924,2.924000,489069.465338,-1088443.152271,-599373.686933,1.275258e-02,-1212.258047,479.755293,650.154725,0.171,6.219,0.018,0.000,0.000,0.000
2925,2.925000,489059.932323,-1088433.164430,-599373.232106,1.275332e-02,-1212.655940,479.703825,649.998237,0.188,4.647,0.023,0.000,0.000,0.000
2926,2.926000,489050.620902,-1088423.065079,-599372.444177,1.275462e-02,-1213.143943,479.601663,649.819077,0.228,7.628,0.022,0.000,0.000,0.000
2927,2.927000,489041.169534,-1088412.824740,-599371.655206,1.275592e-02,-1213.768045,479.213156,649.417736,0.201,6.198,0.054,0.000,0.000,0.000
2928,2.928000,489031.342697,-1088402.429124,-599371.086427,1.275686e-02,-1214.397148,478.857352,649.023215,0.185,6.194,0.017,0.000,0.000,0.000
2929,2.929000,489021.505675,-1088391.900664,-599370.394990,1.275800e-02,-1215.098826,478.717447,648.745423,0.188,4.619,0.018,0.000,0.000,0.000
2930,2.930000,489011.458565,-1088381.241526,-599369.782960,1.275901e-02,-1215.981470,478.606924,648.337061,0.190,10.658,0.018,0.000,0.000,0.000
2931,2.931000,489001.284341,-1088370.426576,-599369.142234,1.276006e-02,-1216.905502,478.471649,647.874967,0.215,4.691,0.019,0.000,0.000,0.000
2932,2.932000,488991.006382,-1088359.478319,-599368.471937,1.276117e-02,-1217.607418,478.345257,647.607509,0.202,10.731,0.018,0.000,0.000,0.000
2933,2.933000,488980.532838,-1088348.403606,-599367.870768,1.276216e-02,-1218.094319,478.332319,647.525166,0.197,4.681,0.017,0.000,0.000,0.000
2934,2.934000,488969.833378,-1088337.221724,-599367.388346,1.276295e-02,-1218.296771,478.466605,647.510373,0.193,12.250,0.017,0.000,0.000,0.000
2935,2.935000,488959.049523,-1088325.927706,-599366.878183,1.276379e-02,-1218.333606,478.648223,647.419835,0.204,4.676,0.018,0.000,0.000,0.000
2936,2.936000,488948.165893,-1088314.484531,-599366.318637,1.276471e-02,-1218.553980,478.959086,647.295082,0.180,13.669,0.017,0.000,0.000,0.000
2937,2.937000,488936.966669,-1088302.913897,-599365.947228,1.276532e-02,-1218.886707,479.302527,647.226024,0.192,6.125,0.022,0.000,0.000,0.000
2938,2.938000,488925.352776,-1088291.195716,-599365.842940,1.276550e-02,-1219.064236,479.772506,647.221710,0.187,6.190,0.018,0.000,0.000,0.000
2939,2.939000,488913.674520,-1088279.343219,-599365.668700,1.276578e-02,-1218.940569,480.146104,647.210254,0.180,9.216,0.018,0.000,0.000,0.000
2940,2.940000,488902.072146,-1088267.356467,-599365.284321,1.276642e-02,-1218.822691,480.354109,647.311116,0.178,7.645,0.017,0.000,0.000,0.000
2941,2.941000,488890.427173,-1088255.263728,-599364.836555,1.276715e-02,-1219.342322,480.439180,647.158592,0.178,4.602,0.018,0.000,0.000,0.000
2942,2.942000,488878.690543,-1088243.029100,-599364.338558,1.276797e-02,-1219.580368,480.447014,646.844292,0.189,12.163,0.019,0.000,0.000,0.000
2943,2.943000,488866.907097,-1088230.660999,-599363.753902,1.276894e-02,-1219.424949,480.493687,646.797296,0.221,6.197,0.020,0.000,0.000,0.000
2944,2.944000,488854.919108,-1088218.201453,-599363.282344,1.276971e-02,-1219.508453,480.516656,646.815047,0.200,4.685,0.021,0.000,0.000,0.000
2945,2.945000,488842.959592,-1088205.647642,-599362.688050,1.277069e-02,-1219.696843,480.574842,646.816535,0.198,6.183,0.021,0.000,0.000,0.000
2946,2.946000,488831.063925,-1088192.991270,-599361.927344,1.277195e-02,-1219.913005,480.656815,646.814246,0.181,6.117,0.018,0.000,0.000,0.000
2947,2.947000,488819.004164,-1088180.228000,-599361.223837,1.277310e-02,-1220.086905,480.680595,646.745839,0.182,6.132,0.018,0.000,0.000,0.000
2948,2.948000,488807.004011,-1088167.352855,-599360.348844,1.277455e-02,-1220.440830,480.698239,646.573806,0.189,10.281,0.017,0.000,0.000,0.000
2949,2.949000,488794.519205,-1088154.337833,-599359.818628,1.277542e-02,-1220.804423,480.809483,646.350740,0.186,9.165,0.018,0.000,0.000,0.000
2950,2.950000,488781.426011,-1088141.186483,-599359.760472,1.277551e-02,-1220.858122,480.992000,645.969406,0.183,4.682,0.018,0.000,0.000,0.000
2951,2.951000,488768.970881,-1088127.886302,-599358.915422,1.277691e-02,-1221.276403,481.052736,645.354044,0.187,9.246,0.018,0.000,0.000,0.000
2952,2.952000,488756.533601,-1088114.422538,-599357.888937,1.277860e-02,-1221.731293,481.074414,644.877085,0.177,4.678,0.017,0.000,0.000,0.000
2953,2.953000,488743.246087,-1088100.835472,-599357.589386,1.277909e-02,-1221.798089,481.284759,644.559614,0.176,10.670,0.018,0.000,0.000,0.000
2954,2.954000,488729.969904,-1088087.105805,-599357.135901,1.277984e-02,-1221.888037,481.521044,644.389671,0.173,4.671,0.017,0.000,0.000,0.000
2955,2.955000,488716.667375,-1088073.280256,-599356.612881,1.278070e-02,-1221.763985,481.517701,644.334179,0.189,10.694,0.025,0.000,0.000,0.000
2956,2.956000,488703.015878,-1088059.339564,-599356.323685,1.278118e-02,-1221.549095,481.471783,644.113295,0.173,4.609,0.016,0.000,0.000,0.000
2957,2.957000,488689.628656,-1088045.283264,-599355.654608,1.278228e-02,-1221.744626,481.538887,643.861867,0.175,9.243,0.018,0.000,0.000,0.000
2958,2.958000,488676.226908,-1088031.111087,-599354.884179,1.278355e-02,-1222.094005,481.710702,643.754509,0.171,4.608,0.017,0.000,0.000,0.000
2959,2.959000,488662.593664,-1088016.836452,-599354.242788,1.278460e-02,-1222.221674,481.851575,643.743275,0.171,10.670,0.017,0.000,0.000,0.000
2960,2.960000,488648.786100,-1088002.474403,-599353.688303,1.278552e-02,-1222.228250,481.954568,643.694277,0.183,4.691,0.017,0.000,0.000,0.000
2961,2.961000,488634.936850,-1087987.995408,-599353.058558,1.278655e-02,-1222.321743,482.136385,643.623225,0.173,10.666,0.018,0.000,0.000,0.000
2962,2.962000,488621.161667,-1087973.399633,-599352.237966,1.278790e-02,-1222.419943,482.230711,643.592379,0.171,4.606,0.017,0.000,0.000,0.000
2963,2.963000,488607.258937,-1087958.719702,-599351.460765,1.278918e-02,-1222.420489,482.308634,643.609396,0.171,10.532,0.017,0.000,0.000,0.000
2964,2.964000,488593.346279,-1087943.947508,-599350.601229,1.279060e-02,-1222.568891,482.548383,643.603502,0.194,4.692,0.019,0.000,0.000,0.000
2965,2.965000,488579.353090,-1087929.063949,-599349.710860,1.279207e-02,-1222.642198,482.774010,643.650303,0.178,10.637,0.017,0.000,0.000,0.000
2966,2.966000,488565.489780,-1087914.070245,-599348.580464,1.279393e-02,-1222.738342,482.922642,643.712675,0.276,4.690,0.034,0.000,0.000,0.000
2967,2.967000,488551.645958,-1087898.956732,-599347.310774,1.279602e-02,-1223.128774,483.073578,643.748704,0.196,13.757,0.019,0.000,0.000,0.000
2968,2.968000,488537.451729,-1087883.712053,-599346.260324,1.279775e-02,-1223.327588,483.256791,643.836298,0.195,4.682,0.018,0.000,0.000,0.000
2969,2.969000,488522.956622,-1087868.363610,-599345.406987,1.279916e-02,-1223.391249,483.419921,643.922789,0.182,4.660,0.019,0.000,0.000,0.000
2970,2.970000,488508.178925,-1087852.911138,-599344.732213,1.280027e-02,-1223.376332,483.577624,644.036663,0.233,12.249,0.020,0.000,0.000,0.000
2971,2.971000,488493.291990,-1087837.342128,-599344.050138,1.280139e-02,-1223.519306,483.665638,644.085286,0.190,4.590,0.019,0.000,0.000,0.000
2972,2.972000,488478.357611,-1087821.661095,-599343.303484,1.280262e-02,-1223.818583,483.766158,644.150735,0.222,10.665,0.018,0.000,0.000,0.000
2973,2.973000,488463.263051,-1087805.860963,-599342.597912,1.280378e-02,-1223.812031,484.000177,644.281968,0.186,4.691,0.017,0.000,0.000,0.000
2974,2.974000,488448.117193,-1087789.941046,-599341.823852,1.280506e-02,-1223.717682,484.215963,644.488332,0.190,10.711,0.021,0.000,0.000,0.000
2975,2.975000,488432.810737,-1087773.896996,-599341.086259,1.280627e-02,-1223.784981,484.364322,644.623211,0.179,4.590,0.017,0.000,0.000,0.000
2976,2.976000,488417.432521,-1087757.751848,-599340.319327,1.280754e-02,-1223.926880,484.433314,644.578835,0.180,12.237,0.018,0.000,0.000,0.000
2977,2.977000,488401.979366,-1087741.483470,-599339.504105,1.280888e-02,-1223.939088,484.470430,644.567374,0.179,4.659,0.018,0.000,0.000,0.000
2978,2.978000,488386.274322,-1087725.089464,-599338.815141,1.281001e-02,-1223.855721,484.594460,644.614802,0.177,10.650,0.017,0.000,0.000,0.000
2979,2.979000,488370.514039,-1087708.574407,-599338.060368,1.281126e-02,-1223.818236,484.796104,644.691376,0.190,4.679,0.023,0.000,0.000,0.000
2980,2.980000,488354.677850,-1087691.965318,-599337.287468,1.281253e-02,-1223.898072,484.947005,644.750390,0.189,13.779,0.019,0.000,0.000,0.000
2981,2.981000,488338.775527,-1087675.265799,-599336.490272,1.281384e-02,-1223.939471,484.991675,644.768319,0.185,4.589,0.023,0.000,0.000,0.000
2982,2.982000,488322.848916,-1087658.485685,-599335.636769,1.281525e-02,-1223.989024,484.985573,644.761446,0.189,10.695,0.019,0.000,0.000,0.000
2983,2.983000,488306.819668,-1087641.613611,-599334.793943,1.281664e-02,-1223.846745,485.087219,644.794245,0.216,4.611,0.022,0.000,0.000,0.000
2984,2.984000,488290.712637,-1087624.630861,-599333.918224,1.281808e-02,-1223.625399,485.154797,644.805628,0.193,4.604,0.018,0.000,0.000,0.000
2985,2.985000,488274.507983,-1087607.565948,-599333.057965,1.281950e-02,-1223.249460,485.250376,644.806168,0.184,4.605,0.018,0.000,0.000,0.000
2986,2.986000,488258.280383,-1087590.395325,-599332.114942,1.282105e-02,-1222.673054,485.437826,644.837701,0.181,7.611,0.019,0.000,0.000,0.000
2987,2.987000,488242.007152,-1087573.133013,-599331.125861,1.282268e-02,-1222.171212,485.593496,644.877006,0.179,7.698,0.017,0.000,0.000,0.000
2988,2.988000,488225.676357,-1087555.772912,-599330.096555,1.282437e-02,-1221.688222,485.733250,644.965001,0.185,4.591,0.018,0.000,0.000,0.000
2989,2.989000,488209.295448,-1087538.322797,-599329.027349,1.282614e-02,-1221.337591,485.831750,645.050707,0.191,10.704,0.030,0.000,0.000,0.000
2990,2.990000,488192.749524,-1087520.786647,-599328.037123,1.282777e-02,-1221.001139,485.890471,645.076337,0.191,6.193,0.024,0.000,0.000,0.000
2991,2.991000,488176.009526,-1087503.153774,-599327.144248,1.282924e-02,-1220.758715,485.879090,645.015904,0.188,4.614,0.018,0.000,0.000,0.000
2992,2.992000,488159.151451,-1087485.437336,-599326.285885,1.283065e-02,-1220.747580,485.800780,644.942451,0.176,6.119,0.018,0.000,0.000,0.000
2993,2.993000,488142.415791,-1087467.647923,-599325.232132,1.283239e-02,-1220.814752,485.682732,644.893063,0.178,6.213,0.018,0.000,0.000,0.000
2994,2.994000,488125.747306,-1087449.783523,-599324.036217,1.283436e-02,-1220.884210,485.634085,644.867603,0.179,4.662,0.020,0.000,0.000,0.000
2995,2.995000,488109.041342,-1087431.839286,-599322.797944,1.283640e-02,-1220.712256,485.749491,644.882164,0.175,9.151,0.018,0.000,0.000,0.000
2996,2.996000,488092.346672,-1087413.798871,-599321.452199,1.283861e-02,-1220.412543,485.908205,644.945841,0.175,4.697,0.024,0.000,0.000,0.000
2997,2.997000,488075.272377,-1087395.673463,-599320.401087,1.284034e-02,-1220.322681,486.010387,645.030641,0.176,12.176,0.017,0.000,0.000,0.000
2998,2.998000,488057.683794,-1087377.465137,-599319.781343,1.284137e-02,-1220.395896,486.049419,645.041765,0.174,4.688,0.017,0.000,0.000,0.000
2999,2.999000,488039.993044,-1087359.175055,-599319.182011,1.284235e-02,-1220.341237,485.996111,644.930916,0.195,4.098,0.029,0.000,0.000,0.000
3000,3.000000,488022.204861,-1087340.795905,-599318.591044,1.284333e-02,-1220.211581,485.965128,644.901478,0.173,10.719,0.018,0.000,0.000,0.000
3001,3.001000,488004.513666,-1087322.333544,-599317.819878,1.284460e-02,-1220.091442,486.033031,644.948181,0.200,4.696,0.022,0.000,0.000,0.000
3002,3.002000,487986.893463,-1087303.766416,-599316.872953,1.284616e-02,-1219.895031,486.007706,644.816352,0.172,10.656,0.017,0.000,0.000,0.000
3003,3.003000,487968.963617,-1087285.117336,-599316.153719,1.284734e-02,-1219.862075,485.909141,644.721148,0.182,4.671,0.023,0.000,0.000,0.000
3004,3.004000,487950.924929,-1087266.398107,-599315.473178,1.284846e-02,-1219.949026,485.869274,644.766720,0.169,4.688,0.016,0.000,0.000,0.000
3005,3.005000,487933.001342,-1087247.609783,-599314.608440,1.284989e-02,-1219.944385,485.857486,644.829700,0.182,10.742,0.020,0.000,0.000,0.000
3006,3.006000,487915.149050,-1087228.744178,-599313.595128,1.285155e-02,-1219.934344,485.865797,644.905880,0.210,4.697,0.017,0.000,0.000,0.000
3007,3.007000,487897.119914,-1087209.815979,-599312.696065,1.285304e-02,-1219.860378,485.908305,645.004876,0.173,10.668,0.018,0.000,0.000,0.000
3008,3.008000,487878.850751,-1087190.806253,-599311.955502,1.285426e-02,-1219.867104,485.816788,645.038056,0.182,4.679,0.018,0.000,0.000,0.000
3009,3.009000,487860.646325,-1087171.710969,-599311.064644,1.285572e-02,-1220.107089,485.659330,645.006586,0.173,13.746,0.018,0.000,0.000,0.000
3010,3.010000,487842.441996,-1087152.512167,-599310.070171,1.285736e-02,-1220.335560,485.613318,645.000196,0.220,10.681,0.021,0.000,0.000,0.000
3011,3.011000,487824.057395,-1087133.210052,-599309.152657,1.285887e-02,-1220.456555,485.707003,645.015298,0.202,4.681,0.019,0.000,0.000,0.000
3012,3.012000,487805.520620,-1087113.838425,-599308.317804,1.286025e-02,-1220.501794,485.851864,645.032224,0.196,4.610,0.021,0.000,0.000,0.000
3013,3.013000,487786.915809,-1087094.396432,-599307.480623,1.286163e-02,-1220.436014,486.002979,645.063330,0.191,10.708,0.019,0.000,0.000,0.000
3014,3.014000,487768.182446,-1087074.865481,-599306.683035,1.286294e-02,-1220.190612,486.288152,645.105436,0.182,4.689,0.018,0.000,0.000,0.000
3015,3.015000,487749.487541,-1087055.233776,-599305.746235,1.286448e-02,-1220.060774,486.524100,645.164578,0.179,6.129,0.018,0.000,0.000,0.000
3016,3.016000,487730.960283,-1087035.540079,-599304.579795,1.286640e-02,-1219.969580,486.605553,645.298412,0.188,6.198,0.019,0.000,0.000,0.000
3017,3.017000,487712.327951,-1087015.735833,-599303.407882,1.286833e-02,-1219.934624,486.597001,645.347619,0.182,7.336,0.019,0.000,0.000,0.000
3018,3.018000,487693.486909,-1086995.835345,-599302.348435,1.287008e-02,-1220.088050,486.707852,645.199043,0.184,7.707,0.019,0.000,0.000,0.000
3019,3.019000,487674.433361,-1086975.852104,-599301.418743,1.287161e-02,-1220.272402,486.975935,645.016823,0.177,4.672,0.021,0.000,0.000,0.000
3020,3.020000,487655.447217,-1086955.795646,-599300.348430,1.287337e-02,-1220.501897,487.262912,644.838945,0.179,10.737,0.017,0.000,0.000,0.000
3021,3.021000,487636.501041,-1086935.656398,-599299.155357,1.287534e-02,-1220.996573,487.397941,644.652929,0.173,4.607,0.017,0.000,0.000,0.000
3022,3.022000,487617.440032,-1086915.425543,-599297.985510,1.287727e-02,-1221.501270,487.494248,644.423865,0.175,4.677,0.017,0.000,0.000,0.000
3023,3.023000,487598.129649,-1086895.109320,-599296.979671,1.287892e-02,-1221.727205,487.725524,644.168101,0.172,13.646,0.018,0.000,0.000,0.000
3024,3.024000,487578.564613,-1086874.691864,-599296.127251,1.288033e-02,-1221.810234,487.915867,644.097916,0.208,9.207,0.018,0.000,0.000,0.000
3025,3.025000,487559.528128,-1086854.220665,-599294.692537,1.288269e-02,-1221.952275,487.882712,644.015876,0.191,4.605,0.018,0.000,0.000,0.000
3026,3.026000,487540.716744,-1086833.656703,-599292.939959,1.288558e-02,-1222.155801,487.762442,643.927947,0.210,4.682,0.017,0.000,0.000,0.000
3027,3.027000,487521.767879,-1086813.012624,-599291.244745,1.288837e-02,-1222.135672,487.765638,644.091782,0.200,12.159,0.020,0.000,0.000,0.000
3028,3.028000,487502.614027,-1086792.279916,-599289.665889,1.289097e-02,-1222.222050,487.722314,644.218070,0.177,4.604,0.018,0.000,0.000,0.000
3029,3.029000,487482.971487,-1086771.484083,-599288.512596,1.289287e-02,-1222.515879,487.583855,644.181364,0.174,4.633,0.016,0.000,0.000,0.000
3030,3.030000,487462.986020,-1086750.623725,-599287.637705,1.289431e-02,-1222.633352,487.425157,644.147105,0.185,4.615,0.019,0.000,0.000,0.000
3031,3.031000,487442.885194,-1086729.686293,-599286.801099,1.289569e-02,-1222.404506,487.415558,644.293872,0.184,7.709,0.018,0.000,0.000,0.000
3032,3.032000,487422.959216,-1086708.665485,-599285.706269,1.289749e-02,-1221.933480,487.661451,644.650719,0.174,4.626,0.017,0.000,0.000,0.000
3033,3.033000,487402.928813,-1086687.565740,-599284.636927,1.289925e-02,-1221.610256,487.810227,644.859595,0.173,7.649,0.017,0.000,0.000,0.000
3034,3.034000,487382.581502,-1086666.407317,-599283.825816,1.290059e-02,-1221.481634,487.718577,644.860408,0.171,4.673,0.017,0.000,0.000,0.000
3035,3.035000,487362.332981,-1086645.183540,-599282.850559,1.290219e-02,-1221.056735,487.927201,645.117253,0.212,9.148,0.023,0.000,0.000,0.000
3036,3.036000,487341.927608,-1086623.851973,-599281.924365,1.290372e-02,-1220.549573,488.186728,645.367983,0.178,4.610,0.017,0.000,0.000,0.000
3037,3.037000,487321.373242,-1086602.463976,-599281.090734,1.290509e-02,-1220.275036,488.056703,645.268313,0.247,4.679,0.031,0.000,0.000,0.000
3038,3.038000,487300.642081,-1086581.027558,-599280.385478,1.290626e-02,-1219.912107,487.921898,644.970483,0.172,13.738,0.018,0.000,0.000,0.000
3039,3.039000,487279.952475,-1086559.516806,-599279.564331,1.290761e-02,-1219.302813,487.990337,644.973621,0.173,10.723,0.017,0.000,0.000,0.000
3040,3.040000,487259.306985,-1086537.925706,-599278.618720,1.290917e-02,-1218.753242,488.039897,645.240549,0.176,4.661,0.017,0.000,0.000,0.000
3041,3.041000,487238.415852,-1086516.272854,-599277.857002,1.291042e-02,-1218.536057,487.995725,645.281680,0.173,4.610,0.017,0.000,0.000,0.000
3042,3.042000,487217.687724,-1086494.582674,-599276.894950,1.291200e-02,-1218.361097,488.012101,645.340138,0.172,10.726,0.018,0.000,0.000,0.000
3043,3.043000,487196.840770,-1086472.838655,-599275.997885,1.291348e-02,-1218.213437,488.023151,645.414019,0.171,4.609,0.019,0.000,0.000,0.000
3044,3.044000,487175.868381,-1086451.058288,-599275.189908,1.291481e-02,-1218.027313,488.018232,645.373718,0.172,6.129,0.017,0.000,0.000,0.000
3045,3.045000,487154.690712,-1086429.220351,-599274.529640,1.291590e-02,-1217.823584,488.059533,645.391373,0.173,6.193,0.017,0.000,0.000,0.000
3046,3.046000,487133.480565,-1086407.331802,-599273.851238,1.291702e-02,-1217.592082,488.001251,645.471821,0.186,6.105,0.018,0.000,0.000,0.000
3047,3.047000,487112.527353,-1086385.375169,-599272.847816,1.291867e-02,-1217.376365,487.809967,645.441651,0.170,6.119,0.017,0.000,0.000,0.000
3048,3.048000,487091.434782,-1086363.334672,-599271.899890,1.292023e-02,-1217.331667,487.815534,645.439999,0.220,6.176,0.054,0.000,0.000,0.000
3049,3.049000,487070.427134,-1086341.243263,-599270.816130,1.292202e-02,-1217.205355,487.895340,645.573646,0.223,4.614,0.022,0.000,0.000,0.000
3050,3.050000,487049.326155,-1086319.052217,-599269.726062,1.292381e-02,-1217.060649,487.854677,645.708844,0.242,12.170,0.022,0.000,0.000,0.000
3051,3.051000,487027.567086,-1086296.762606,-599269.195519,1.292469e-02,-1217.076055,487.797486,645.784275,0.235,4.610,0.018,0.000,0.000,0.000
3052,3.052000,487005.455048,-1086274.407774,-599268.952725,1.292509e-02,-1217.304961,487.605280,645.392030,0.209,13.784,0.019,0.000,0.000,0.000
3053,3.053000,486983.284436,-1086251.883887,-599268.599451,1.292567e-02,-1217.587551,487.178494,644.875422,0.207,10.753,0.022,0.000,0.000,0.000
3054,3.054000,486961.094998,-1086229.260427,-599268.165430,1.292638e-02,-1217.769973,486.878399,644.809801,0.201,4.616,0.018,0.000,0.000,0.000
3055,3.055000,486939.144691,-1086206.584209,-599267.439519,1.292758e-02,-1217.980578,486.960653,644.770731,0.193,13.695,0.018,0.000,0.000,0.000
3056,3.056000,486917.155813,-1086183.850600,-599266.694786,1.292881e-02,-1218.097010,487.099556,644.424477,0.184,4.676,0.018,0.000,0.000,0.000
3057,3.057000,486894.463132,-1086161.030795,-599266.567662,1.292902e-02,-1218.132067,487.104566,644.002322,0.216,4.682,0.022,0.000,0.000,0.000
3058,3.058000,486871.593945,-1086138.134134,-599266.540190,1.292906e-02,-1218.075167,486.999129,643.597537,0.192,10.747,0.021,0.000,0.000,0.000
3059,3.059000,486849.654172,-1086115.156009,-599265.501837,1.293077e-02,-1217.820147,486.851423,643.104906,0.190,4.182,0.020,0.000,0.000,0.000
3060,3.060000,486827.916915,-1086092.099112,-599264.182197,1.293294e-02,-1218.313534,486.826450,642.938714,0.181,12.245,0.018,0.000,0.000,0.000
3061,3.061000,486805.205055,-1086068.913544,-599263.708489,1.293372e-02,-1219.115040,486.746239,642.806662,0.181,4.690,0.018,0.000,0.000,0.000
3062,3.062000,486782.477116,-1086045.656612,-599263.179496,1.293460e-02,-1219.374220,486.610732,642.602997,0.250,10.664,0.021,0.000,0.000,0.000
3063,3.063000,486759.722338,-1086022.346046,-599262.623707,1.293551e-02,-1219.518043,486.541465,642.476237,0.217,4.704,0.021,0.000,0.000,0.000
3064,3.064000,486736.454560,-1085998.955373,-599262.500813,1.293571e-02,-1219.805141,486.485235,642.277324,0.201,4.662,0.018,0.000,0.000,0.000
3065,3.065000,486713.171508,-1085975.477652,-599262.306144,1.293603e-02,-1220.227472,486.427855,642.285483,0.189,13.727,0.018,0.000,0.000,0.000
3066,3.066000,486689.969390,-1085951.926897,-599261.957508,1.293661e-02,-1220.587450,486.572331,642.707590,0.193,13.731,0.018,0.000,0.000,0.000
3067,3.067000,486667.140797,-1085928.296700,-599261.155903,1.293793e-02,-1220.886259,486.690814,643.049109,0.179,7.707,0.018,0.000,0.000,0.000
3068,3.068000,486644.176896,-1085904.616972,-599260.440075,1.293911e-02,-1221.143427,486.532999,643.065282,0.176,4.675,0.017,0.000,0.000,0.000
3069,3.069000,486620.841054,-1085880.882766,-599260.041712,1.293976e-02,-1221.421161,486.405878,643.099481,0.187,4.615,0.018,0.000,0.000,0.000
3070,3.070000,486597.835532,-1085857.102010,-599259.266478,1.294104e-02,-1221.674540,486.294003,643.189168,0.189,13.703,0.019,0.000,0.000,0.000
3071,3.071000,486575.183453,-1085833.252591,-599258.069138,1.294301e-02,-1221.831551,486.222464,643.296890,0.177,4.617,0.018,0.000,0.000,0.000
3072,3.072000,486552.248257,-1085809.353865,-599257.105608,1.294460e-02,-1221.866057,486.216372,643.402286,0.174,4.680,0.017,0.000,0.000,0.000
3073,3.073000,486528.819897,-1085785.417551,-599256.597654,1.294544e-02,-1221.863788,486.213217,643.510230,0.185,9.136,0.018,0.000,0.000,0.000
3074,3.074000,486505.514357,-1085761.443928,-599255.929571,1.294654e-02,-1221.881268,486.167368,643.654141,0.177,4.674,0.018,0.000,0.000,0.000
3075,3.075000,486482.275952,-1085737.423017,-599255.147065,1.294783e-02,-1222.043711,486.233346,644.003337,0.182,11.778,0.021,0.000,0.000,0.000
3076,3.076000,486458.953413,-1085713.311268,-599254.357855,1.294913e-02,-1222.248757,486.320262,644.294454,0.178,4.604,0.018,0.000,0.000,0.000
3077,3.077000,486435.517957,-1085689.163501,-599253.645544,1.295030e-02,-1222.329405,486.213085,644.372392,0.258,4.687,0.034,0.000,0.000,0.000
3078,3.078000,486411.979707,-1085664.969212,-599252.989505,1.295138e-02,-1222.360874,486.138875,644.438494,0.175,13.721,0.018,0.000,0.000,0.000
3079,3.079000,486387.925078,-1085640.743283,-599252.818204,1.295166e-02,-1222.111995,486.271450,644.567012,0.172,9.167,0.017,0.000,0.000,0.000
3080,3.080000,486363.787995,-1085616.462347,-599252.674352,1.295190e-02,-1221.876632,486.430888,644.723160,0.171,4.401,0.017,0.000,0.000,0.000
3081,3.081000,486340.054528,-1085592.151074,-599252.096546,1.295285e-02,-1221.883419,486.518996,644.828568,0.169,7.736,0.018,0.000,0.000,0.000
3082,3.082000,486316.183742,-1085567.795089,-599251.611347,1.295365e-02,-1221.825414,486.594453,644.841177,0.171,4.603,0.021,0.000,0.000,0.000
3083,3.083000,486292.160463,-1085543.396449,-599251.235986,1.295427e-02,-1221.763761,486.703934,644.844075,0.173,10.720,0.018,0.000,0.000,0.000
3084,3.084000,486268.168032,-1085518.950029,-599250.781997,1.295502e-02,-1221.784661,486.778292,644.896329,0.172,4.597,0.018,0.000,0.000,0.000
3085,3.085000,486244.031687,-1085494.472289,-599250.440602,1.295558e-02,-1221.783117,486.846714,645.116158,0.173,10.651,0.017,0.000,0.000,0.000
3086,3.086000,486219.742610,-1085469.956415,-599250.213805,1.295595e-02,-1221.722496,486.866587,645.313934,0.175,4.688,0.017,0.000,0.000,0.000
3087,3.087000,486195.735662,-1085445.398212,-599249.662549,1.295686e-02,-1221.683790,486.834978,645.272348,0.173,4.674,0.018,0.000,0.000,0.000
3088,3.088000,486171.562267,-1085420.799140,-599249.236873,1.295756e-02,-1221.525801,486.866674,645.310002,0.171,13.749,0.018,0.000,0.000,0.000
3089,3.089000,486146.977393,-1085396.164492,-599249.187099,1.295764e-02,-1221.402816,486.856622,645.432260,0.171,4.684,0.019,0.000,0.000,0.000
3090,3.090000,486122.806395,-1085371.494182,-599248.687788,1.295847e-02,-1221.585366,486.958120,645.786212,0.211,4.605,0.020,0.000,0.000,0.000
3091,3.091000,486098.943255,-1085346.757628,-599247.814373,1.295990e-02,-1222.144792,487.193917,646.363296,0.190,4.604,0.090,0.000,0.000,0.000
3092,3.092000,486074.432048,-1085321.960378,-599247.528330,1.296038e-02,-1222.463589,487.375491,646.674266,0.193,7.612,0.018,0.000,0.000,0.000
3093,3.093000,486049.967415,-1085297.138167,-599247.170752,1.296096e-02,-1222.721340,487.552352,647.028601,0.189,4.678,0.017,0.000,0.000,0.000
3094,3.094000,486026.063525,-1085272.250656,-599246.187131,1.296258e-02,-1223.373116,487.798442,647.677835,0.180,7.492,0.017,0.000,0.000,0.000
3095,3.095000,486001.893316,-1085247.289358,-599245.396042,1.296389e-02,-1224.048148,488.113914,648.320654,0.188,4.598,0.018,0.000,0.000,0.000
3096,3.096000,485977.305079,-1085222.256871,-599244.951792,1.296462e-02,-1224.481719,488.315867,648.746486,0.178,9.213,0.018,0.000,0.000,0.000
3097,3.097000,485953.282446,-1085197.191961,-599243.909515,1.296634e-02,-1225.200560,488.511180,649.309318,0.176,4.114,0.018,0.000,0.000,0.000
3098,3.098000,485929.954130,-1085172.024525,-599242.070395,1.296937e-02,-1225.839009,488.712607,649.868741,0.180,4.681,0.020,0.000,0.000,0.000
3099,3.099000,485906.150372,-1085146.830252,-599240.679880,1.297166e-02,-1226.009464,489.225077,650.784424,0.173,13.754,0.021,0.000,0.000,0.000
3100,3.100000,485881.305691,-1085121.476679,-599240.170988,1.297249e-02,-1226.199902,490.136012,652.373563,0.172,4.607,0.018,0.000,0.000,0.000
3101,3.101000,485856.000632,-1085095.984363,-599239.983730,1.297280e-02,-1226.233509,491.026147,653.872749,0.193,10.653,0.018,0.000,0.000,0.000
3102,3.102000,485830.401768,-1085070.329683,-599239.927915,1.297289e-02,-1226.232910,491.529962,654.680856,0.170,4.612,0.017,0.000,0.000,0.000
3103,3.103000,485804.711662,-1085044.656332,-599239.944671,1.297287e-02,-1226.294153,491.590103,654.747159,0.219,4.615,0.020,0.000,0.000,0.000
3104,3.104000,485779.556495,-1085018.960521,-599239.404026,1.297376e-02,-1226.844489,491.801238,654.856951,0.206,4.549,0.025,0.000,0.000,0.000
3105,3.105000,485754.669107,-1084993.213196,-599238.544088,1.297517e-02,-1227.491545,492.071762,655.044733,0.208,7.700,0.019,0.000,0.000,0.000
3106,3.106000,485729.261153,-1084967.437039,-599238.175886,1.297578e-02,-1227.798879,492.149820,655.105263,0.186,4.697,0.017,0.000,0.000,0.000
3107,3.107000,485704.079313,-1084941.646570,-599237.567257,1.297678e-02,-1228.273582,492.250869,655.398191,0.182,9.226,0.019,0.000,0.000,0.000
3108,3.108000,485678.909698,-1084915.816851,-599236.907153,1.297787e-02,-1228.730063,492.383018,655.586322,0.182,4.604,0.017,0.000,0.000,0.000
3109,3.109000,485653.429208,-1084889.970542,-599236.541334,1.297847e-02,-1229.227371,492.580916,655.655830,0.177,10.752,0.018,0.000,0.000,0.000
3110,3.110000,485627.926376,-1084864.073198,-599236.146821,1.297912e-02,-1229.727258,492.804825,655.818977,0.178,4.670,0.017,0.000,0.000,0.000
3111,3.111000,485602.274616,-1084838.125141,-599235.850525,1.297961e-02,-1229.716009,492.932182,655.744628,0.176,12.226,0.017,0.000,0.000,0.000
3112,3.112000,485576.743696,-1084812.145066,-599235.401370,1.298035e-02,-1229.905218,493.170987,655.760477,0.177,4.688,0.018,0.000,0.000,0.000
3113,3.113000,485551.109580,-1084786.100396,-599234.990816,1.298103e-02,-1230.089486,493.709445,656.532996,0.177,13.705,0.018,0.000,0.000,0.000
3114,3.114000,485525.410132,-1084759.954487,-599234.544355,1.298176e-02,-1230.388651,494.184438,657.310917,0.174,4.676,0.017,0.000,0.000,0.000
3115,3.115000,485499.741501,-1084733.760349,-599234.018848,1.298263e-02,-1231.211279,494.340478,657.616497,0.178,12.242,0.018,0.000,0.000,0.000
3116,3.116000,485474.020444,-1084707.518945,-599233.498501,1.298348e-02,-1231.552093,494.676551,658.567931,0.187,4.601,0.020,0.000,0.000,0.000
3117,3.117000,485448.182800,-1084681.171127,-599232.988326,1.298432e-02,-1231.846306,494.969253,659.570126,0.171,6.127,0.017,0.000,0.000,0.000
3118,3.118000,485422.098982,-1084654.795451,-599232.696469,1.298481e-02,-1232.227711,495.415505,660.473073,0.170,6.191,0.017,0.000,0.000,0.000
3119,3.119000,485395.546796,-1084628.306494,-599232.759698,1.298470e-02,-1232.004759,496.188303,661.566320,0.183,4.675,0.022,0.000,0.000,0.000
3120,3.120000,485369.042733,-1084601.742962,-599232.700229,1.298480e-02,-1232.190312,496.622929,662.245523,0.170,7.684,0.017,0.000,0.000,0.000
3121,3.121000,485342.834056,-1084575.135229,-599232.301173,1.298546e-02,-1233.051838,496.775637,662.648963,0.174,12.150,0.017,0.000,0.000,0.000
3122,3.122000,485316.362718,-1084548.469376,-599232.106659,1.298578e-02,-1233.371068,497.189329,662.861289,0.170,4.679,0.017,0.000,0.000,0.000
3123,3.123000,485289.576597,-1084521.625672,-599232.049075,1.298587e-02,-1232.893191,497.965947,663.424447,0.174,11.830,0.018,0.000,0.000,0.000
3124,3.124000,485263.197557,-1084494.685691,-599231.488134,1.298680e-02,-1232.936257,498.476374,664.091207,0.169,4.606,0.017,0.000,0.000,0.000
3125,3.125000,485237.046864,-1084467.678406,-599230.631542,1.298821e-02,-1233.812702,498.646418,664.396334,0.171,4.504,0.017,0.000,0.000,0.000
3126,3.126000,485210.779335,-1084440.598942,-599229.819607,1.298954e-02,-1234.654858,498.929598,664.779141,0.222,4.698,0.020,0.000,0.000,0.000
3127,3.127000,485184.482670,-1084413.470301,-599228.987632,1.299091e-02,-1235.354636,499.272290,665.106573,0.184,7.701,0.019,0.000,0.000,0.000
3128,3.128000,485157.418702,-1084386.293233,-599228.874531,1.299110e-02,-1235.571005,499.421341,665.130767,0.171,6.208,0.021,0.000,0.000,0.000
3129,3.129000,485129.871479,-1084359.100576,-599229.229097,1.299052e-02,-1235.330298,499.465482,665.137351,0.172,6.178,0.018,0.000,0.000,0.000
3130,3.130000,485102.964270,-1084331.910473,-599228.946202,1.299098e-02,-1235.228581,499.552014,665.233651,0.170,7.659,0.018,0.000,0.000,0.000
3131,3.131000,485076.298102,-1084304.717957,-599228.419855,1.299185e-02,-1235.237415,499.684639,665.252359,0.208,10.728,0.020,0.000,0.000,0.000
3132,3.132000,485049.194355,-1084277.517670,-599228.323315,1.299201e-02,-1234.773008,499.912404,665.805993,0.199,7.644,0.021,0.000,0.000,0.000
3133,3.133000,485022.239568,-1084250.239090,-599227.999521,1.299254e-02,-1234.548262,500.205510,666.625730,0.195,4.601,0.018,0.000,0.000,0.000
3134,3.134000,484995.758845,-1084222.935689,-599227.176845,1.299390e-02,-1234.857978,500.571569,667.294670,0.185,10.722,0.017,0.000,0.000,0.000
3135,3.135000,484969.432965,-1084195.598654,-599226.165688,1.299556e-02,-1235.228412,500.664624,668.011327,0.183,4.665,0.018,0.000,0.000,0.000
3136,3.136000,484943.015606,-1084168.245567,-599225.229961,1.299710e-02,-1235.678390,500.487322,668.806543,0.200,9.167,0.025,0.000,0.000,0.000
3137,3.137000,484916.204856,-1084140.855149,-599224.650293,1.299806e-02,-1236.169794,500.316282,669.515785,0.181,4.614,0.030,0.000,0.000,0.000
3138,3.138000,484889.440615,-1084113.443094,-599224.002479,1.299913e-02,-1236.366567,500.338326,669.857997,0.185,4.682,0.018,0.000,0.000,0.000
3139,3.139000,484862.833267,-1084086.027458,-599223.194191,1.300046e-02,-1236.307740,500.314104,670.017292,0.180,10.744,0.018,0.000,0.000,0.000
3140,3.140000,484836.417802,-1084058.625356,-599222.207554,1.300208e-02,-1236.663330,500.328050,670.241372,0.175,4.683,0.020,0.000,0.000,0.000
3141,3.141000,484809.916656,-1084031.210155,-599221.293499,1.300359e-02,-1236.971307,500.392784,670.414243,0.173,10.649,0.018,0.000,0.000,0.000
3142,3.142000,484782.997078,-1084003.774623,-599220.777546,1.300444e-02,-1237.072419,500.131709,670.417832,0.172,4.604,0.018,0.000,0.000,0.000
3143,3.143000,484756.474749,-1083976.345310,-599219.870561,1.300593e-02,-1236.945718,500.030545,670.701333,0.197,13.278,0.020,0.000,0.000,0.000
3144,3.144000,484730.335019,-1083948.880188,-599218.545169,1.300811e-02,-1236.861595,500.018023,671.133495,0.206,4.683,0.018,0.000,0.000,0.000
3145,3.145000,484703.942671,-1083921.410699,-599217.468028,1.300989e-02,-1236.818001,500.286642,671.665727,0.194,12.247,0.019,0.000,0.000,0.000
3146,3.146000,484676.935909,-1083893.900566,-599216.964657,1.301072e-02,-1236.748364,500.618749,672.109799,0.188,4.694,0.022,0.000,0.000,0.000
3147,3.147000,484650.023698,-1083866.399125,-599216.375428,1.301169e-02,-1237.118568,500.740113,672.309314,0.181,4.609,0.018,0.000,0.000,0.000
3148,3.148000,484623.492748,-1083838.909352,-599215.416604,1.301327e-02,-1237.525903,500.897083,672.404150,0.204,4.612,0.017,0.000,0.000,0.000
3149,3.149000,484596.746907,-1083811.432432,-599214.685525,1.301447e-02,-1237.977346,501.174580,672.533065,0.172,7.712,0.017,0.000,0.000,0.000
3150,3.150000,484570.387213,-1083783.923568,-599213.536355,1.301636e-02,-1238.411197,501.462326,672.679897,0.190,4.632,0.018,0.000,0.000,0.000
3151,3.151000,484544.082792,-1083756.440470,-599212.357678,1.301831e-02,-1238.686678,501.595499,672.658298,0.176,7.639,0.018,0.000,0.000,0.000
3152,3.152000,484517.728517,-1083728.972372,-599211.243855,1.302014e-02,-1239.065450,501.758562,672.690721,0.175,4.609,0.017,0.000,0.000,0.000
3153,3.153000,484491.491845,-1083701.515497,-599210.023652,1.302215e-02,-1239.244841,502.010109,672.869528,0.173,10.723,0.018,0.000,0.000,0.000
3154,3.154000,484464.798484,-1083674.043922,-599209.245439,1.302343e-02,-1239.171348,502.354981,672.952797,0.171,4.605,0.017,0.000,0.000,0.000
3155,3.155000,484438.079357,-1083646.557176,-599208.477819,1.302470e-02,-1239.217275,502.599292,672.704401,0.174,10.737,0.021,0.000,0.000,0.000
3156,3.156000,484411.810869,-1083619.064369,-599207.253500,1.302671e-02,-1239.277997,502.791759,672.392509,0.174,4.141,0.017,0.000,0.000,0.000
3157,3.157000,484386.037089,-1083591.570231,-599205.533142,1.302955e-02,-1239.424795,502.968197,672.246954,0.185,7.732,0.021,0.000,0.000,0.000
3158,3.158000,484359.586291,-1083564.092772,-599204.506481,1.303124e-02,-1239.505253,503.079808,672.108018,0.171,4.677,0.018,0.000,0.000,0.000
3159,3.159000,484332.733827,-1083536.628960,-599203.895134,1.303224e-02,-1239.560303,503.200446,671.959531,0.176,12.241,0.018,0.000,0.000,0.000
3160,3.160000,484305.958637,-1083509.179392,-599203.220755,1.303336e-02,-1239.633042,503.328830,671.790446,0.172,4.686,0.017,0.000,0.000,0.000
3161,3.161000,484279.024671,-1083481.737171,-599202.712500,1.303419e-02,-1239.537574,503.432261,671.621285,0.182,10.734,0.018,0.000,0.000,0.000
3162,3.162000,484252.334693,-1083454.312429,-599201.977737,1.303540e-02,-1239.772484,503.612626,671.735572,0.170,9.234,0.018,0.000,0.000,0.000
3163,3.163000,484225.767707,-1083426.872428,-599201.104721,1.303684e-02,-1240.093407,503.892984,671.875600,0.192,4.695,0.022,0.000,0.000,0.000
3164,3.164000,484199.352569,-1083399.424208,-599200.071640,1.303854e-02,-1240.368603,504.277016,672.257698,0.171,10.654,0.020,0.000,0.000,0.000
3165,3.165000,484173.163529,-1083371.927890,-599198.764360,1.304070e-02,-1240.562832,504.603504,672.628611,0.171,4.603,0.017,0.000,0.000,0.000
3166,3.166000,484147.078566,-1083344.445115,-599197.366549,1.304300e-02,-1240.841044,504.877440,672.839722,0.175,10.663,0.021,0.000,0.000,0.000
3167,3.167000,484120.527153,-1083316.934532,-599196.407379,1.304458e-02,-1241.175315,505.009412,673.034458,0.231,4.687,0.023,0.000,0.000,0.000
3168,3.168000,484093.709782,-1083289.428266,-599195.718484,1.304571e-02,-1241.143900,504.930478,672.983109,0.207,4.681,0.094,0.000,0.000,0.000
3169,3.169000,484066.935834,-1083261.930276,-599194.994442,1.304691e-02,-1241.435330,505.022106,673.197218,0.196,13.688,0.018,0.000,0.000,0.000
3170,3.170000,484040.302839,-1083234.395749,-599194.092911,1.304839e-02,-1242.146646,505.268328,673.632480,0.224,10.718,0.020,0.000,0.000,0.000
3171,3.171000,484013.370622,-1083206.810640,-599193.440018,1.304947e-02,-1242.550683,505.375011,673.785373,0.206,4.692,0.018,0.000,0.000,0.000
3172,3.172000,483986.469120,-1083179.222295,-599192.753174,1.305060e-02,-1242.930037,505.533261,673.985785,0.227,13.146,0.022,0.000,0.000,0.000
3173,3.173000,483959.847802,-1083151.595893,-599191.748091,1.305225e-02,-1243.618155,505.860133,674.386052,0.226,4.697,0.020,0.000,0.000,0.000
3174,3.174000,483933.307082,-1083123.932814,-599190.625732,1.305410e-02,-1244.169282,506.139785,674.761634,0.216,12.260,0.023,0.000,0.000,0.000
3175,3.175000,483907.232954,-1083096.192383,-599188.959428,1.305685e-02,-1244.357616,506.348563,674.883031,0.193,4.601,0.020,0.000,0.000,0.000
3176,3.176000,483880.598525,-1083068.454925,-599187.856400,1.305866e-02,-1244.446062,506.365497,674.771801,0.195,4.687,0.017,0.000,0.000,0.000
3177,3.177000,483853.291785,-1083040.718976,-599187.427191,1.305937e-02,-1244.538738,506.337511,674.628977,0.239,4.622,0.029,0.000,0.000,0.000
3178,3.178000,483826.221305,-1083012.992744,-599186.771439,1.306045e-02,-1244.586714,506.437536,674.477688,0.184,7.701,0.018,0.000,0.000,0.000
3179,3.179000,483799.528904,-1082985.271886,-599185.742982,1.306214e-02,-1244.979892,506.696736,674.575463,0.191,7.720,0.021,0.000,0.000,0.000
3180,3.180000,483773.182005,-1082957.524339,-599184.342335,1.306445e-02,-1245.681862,507.049899,674.855528,0.196,12.252,0.017,0.000,0.000,0.000
3181,3.181000,483746.626041,-1082929.745045,-599183.119004,1.306647e-02,-1246.007908,507.160424,674.974197,0.190,4.686,0.020,0.000,0.000,0.000
3182,3.182000,483719.792846,-1082901.975838,-599182.182992,1.306801e-02,-1245.960153,507.141272,674.878990,0.193,12.257,0.020,0.000,0.000,0.000
3183,3.183000,483693.360190,-1082874.222177,-599180.861987,1.307018e-02,-1246.062669,507.278346,674.777716,0.230,4.618,0.022,0.000,0.000,0.000
3184,3.184000,483667.006340,-1082846.466473,-599179.460132,1.307249e-02,-1246.269037,507.405849,674.703235,0.202,6.211,0.018,0.000,0.000,0.000
3185,3.185000,483640.326232,-1082818.715532,-599178.389300,1.307426e-02,-1246.474455,507.444152,674.614453,0.186,4.696,0.018,0.000,0.000,0.000
3186,3.186000,483613.799299,-1082790.956716,-599177.157417,1.307629e-02,-1246.540220,507.448635,674.547952,0.207,7.435,0.017,0.000,0.000,0.000
3187,3.187000,483586.952432,-1082763.205884,-599176.253452,1.307777e-02,-1246.551693,507.419506,674.466448,0.199,4.686,0.017,0.000,0.000,0.000
3188,3.188000,483559.661353,-1082735.453172,-599175.791819,1.307853e-02,-1246.593123,507.367411,674.397280,0.180,9.219,0.018,0.000,0.000,0.000
3189,3.189000,483532.552238,-1082707.690779,-599175.138541,1.307961e-02,-1246.539657,507.353164,674.384517,0.184,4.679,0.017,0.000,0.000,0.000
3190,3.190000,483505.550792,-1082679.927733,-599174.376941,1.308087e-02,-1246.476146,507.344320,674.365528,0.176,10.667,0.018,0.000,0.000,0.000
3191,3.191000,483478.218960,-1082652.155307,-599173.936347,1.308159e-02,-1246.344519,507.280594,674.330748,0.180,7.659,0.020,0.000,0.000,0.000
3192,3.192000,483450.898805,-1082624.380596,-599173.481791,1.308234e-02,-1246.243694,507.108139,674.276268,0.203,4.692,0.017,0.000,0.000,0.000
3193,3.193000,483423.768291,-1082596.605738,-599172.837447,1.308340e-02,-1246.304966,506.935241,674.201911,0.194,10.452,0.025,0.000,0.000,0.000
3194,3.194000,483396.462637,-1082568.810654,-599172.348017,1.308421e-02,-1246.272278,506.939026,674.144801,0.182,4.676,0.017,0.000,0.000,0.000
3195,3.195000,483369.092456,-1082541.028074,-599171.935617,1.308489e-02,-1246.061091,506.905700,674.233975,0.178,10.662,0.018,0.000,0.000,0.000
3196,3.196000,483341.657391,-1082513.240320,-599171.582928,1.308547e-02,-1245.746018,506.772966,674.399480,0.176,4.597,0.017,0.000,0.000,0.000
3197,3.197000,483314.506488,-1082485.440746,-599170.934258,1.308654e-02,-1245.619502,506.782590,674.475757,0.230,4.694,0.029,0.000,0.000,0.000
3198,3.198000,483287.463775,-1082457.647352,-599170.183578,1.308777e-02,-1245.659987,506.808562,674.479388,0.174,13.743,0.018,0.000,0.000,0.000
3199,3.199000,483260.085934,-1082429.866253,-599169.780318,1.308844e-02,-1245.263679,506.719264,674.677541,0.174,9.172,0.017,0.000,0.000,0.000
3200,3.200000,483232.705346,-1082402.081726,-599169.376380,1.308910e-02,-1244.997431,506.597303,674.941719,0.199,4.612,0.016,0.000,0.000,0.000
3201,3.201000,483205.494706,-1082374.306060,-599168.811355,1.309003e-02,-1245.058449,506.553063,675.033155,0.177,8.843,0.017,0.000,0.000,0.000
3202,3.202000,483178.382549,-1082346.541818,-599168.159269,1.309111e-02,-1244.975640,506.600102,675.069351,0.170,4.697,0.017,0.000,0.000,0.000
3203,3.203000,483151.269738,-1082318.790420,-599167.520682,1.309216e-02,-1245.065034,506.477373,675.169872,0.183,10.648,0.019,0.000,0.000,0.000
3204,3.204000,483124.156785,-1082291.029433,-599166.872647,1.309323e-02,-1245.258194,506.302651,675.326489,0.173,4.594,0.017,0.000,0.000,0.000
3205,3.205000,483097.088369,-1082263.271005,-599166.182636,1.309436e-02,-1245.373119,506.370362,675.399841,0.182,10.739,0.025,0.000,0.000,0.000
3206,3.206000,483069.862083,-1082235.508875,-599165.646792,1.309525e-02,-1245.407083,506.395877,675.435602,0.213,10.624,0.019,0.000,0.000,0.000
3207,3.207000,483042.547609,-1082207.747069,-599165.199460,1.309598e-02,-1245.424953,506.225434,675.518466,0.196,4.680,0.021,0.000,0.000,0.000
3208,3.208000,483015.327696,-1082179.992404,-599164.664708,1.309686e-02,-1245.585652,506.057999,675.659259,0.193,12.261,0.020,0.000,0.000,0.000
3209,3.209000,482988.006057,-1082152.234922,-599164.228864,1.309758e-02,-1245.851630,505.937944,675.822189,0.184,4.651,0.018,0.000,0.000,0.000
3210,3.210000,482960.568016,-1082124.474907,-599163.906891,1.309811e-02,-1246.015020,505.945840,675.945576,0.216,10.667,0.019,0.000,0.000,0.000
3211,3.211000,482933.221581,-1082096.709989,-599163.488408,1.309880e-02,-1246.071776,506.080020,676.015221,0.197,4.113,0.018,0.000,0.000,0.000
3212,3.212000,482906.074283,-1082068.940148,-599162.865864,1.309983e-02,-1246.092016,506.236381,676.039026,0.237,10.662,0.019,0.000,0.000,0.000
3213,3.213000,482878.827468,-1082041.175644,-599162.348176,1.310068e-02,-1246.012731,506.255789,676.062119,0.187,4.676,0.017,0.000,0.000,0.000
3214,3.214000,482851.321802,-1082013.408553,-599162.086751,1.310111e-02,-1245.990297,506.070201,676.148855,0.190,12.244,0.020,0.000,0.000,0.000
3215,3.215000,482823.915085,-1081985.651913,-599161.736827,1.310169e-02,-1246.088143,505.972445,676.212525,0.190,4.677,0.023,0.000,0.000,0.000
3216,3.216000,482796.621316,-1081957.907646,-599161.286330,1.310243e-02,-1246.159984,505.988724,676.230099,0.186,10.708,0.018,0.000,0.000,0.000
3217,3.217000,482769.204547,-1081930.172830,-599160.968283,1.310295e-02,-1246.212779,505.975169,676.262649,0.181,4.673,0.017,0.000,0.000,0.000
3218,3.218000,482741.803181,-1081902.447428,-599160.644247,1.310348e-02,-1246.155909,505.973792,676.272554,0.177,13.688,0.018,0.000,0.000,0.000
3219,3.219000,482714.675192,-1081874.715791,-599160.040600,1.310448e-02,-1246.018538,505.977301,676.305495,0.174,10.688,0.018,0.000,0.000,0.000
3220,3.220000,482687.516422,-1081846.978265,-599159.461843,1.310543e-02,-1245.946601,505.920421,676.390657,0.177,4.689,0.017,0.000,0.000,0.000
3221,3.221000,482660.315378,-1081819.252298,-599158.936920,1.310630e-02,-1245.962831,505.834728,676.384293,0.178,4.680,0.017,0.000,0.000,0.000
3222,3.222000,482633.264008,-1081791.525936,-599158.261928,1.310741e-02,-1245.867454,505.734574,676.372414,0.232,10.678,0.024,0.000,0.000,0.000
3223,3.223000,482606.194115,-1081763.778183,-599157.584068,1.310853e-02,-1245.898746,505.564600,676.461357,0.191,4.609,0.018,0.000,0.000,0.000
3224,3.224000,482579.106133,-1081736.017677,-599156.911544,1.310963e-02,-1246.140231,505.366708,676.574003,0.183,4.611,0.017,0.000,0.000,0.000
3225,3.225000,482552.123280,-1081708.250578,-599156.127297,1.311092e-02,-1246.274326,505.289096,676.680478,0.185,4.615,0.017,0.000,0.000,0.000
3226,3.226000,482525.127557,-1081680.488366,-599155.360809,1.311219e-02,-1246.443702,505.202251,676.794800,0.182,6.128,0.021,0.000,0.000,0.000
3227,3.227000,482498.059776,-1081652.726207,-599154.666430,1.311333e-02,-1246.654766,505.005611,676.963858,0.181,6.117,0.018,0.000,0.000,0.000
3228,3.228000,482471.087488,-1081624.968988,-599153.881500,1.311462e-02,-1246.852982,504.754760,677.146724,0.180,9.153,0.017,0.000,0.000,0.000
3229,3.229000,482444.089999,-1081597.205994,-599153.115995,1.311588e-02,-1246.956800,504.593039,677.340058,0.177,4.611,0.017,0.000,0.000,0.000
3230,3.230000,482417.108425,-1081569.457821,-599152.349397,1.311715e-02,-1247.037047,504.570753,677.565898,0.179,10.748,0.018,0.000,0.000,0.000
3231,3.231000,482390.596813,-1081541.704324,-599151.107512,1.311919e-02,-1247.075939,504.387970,677.792488,0.224,4.616,0.021,0.000,0.000,0.000
3232,3.232000,482364.034209,-1081513.908703,-599149.874494,1.312122e-02,-1247.069272,504.147675,677.880396,0.201,10.722,0.018,0.000,0.000,0.000
3233,3.233000,482337.228165,-1081486.116362,-599148.888198,1.312285e-02,-1247.167992,504.056360,677.745947,0.218,4.675,0.018,0.000,0.000,0.000
3234,3.234000,482310.351432,-1081458.300277,-599147.948845,1.312440e-02,-1247.261970,504.003738,677.649132,0.185,13.678,0.017,0.000,0.000,0.000
3235,3.235000,482283.665989,-1081430.501910,-599146.835921,1.312623e-02,-1247.350226,503.946844,677.549577,0.182,6.209,0.018,0.000,0.000,0.000
3236,3.236000,482257.049917,-1081402.687914,-599145.637997,1.312820e-02,-1247.482237,503.954788,677.406017,0.178,4.681,0.018,0.000,0.000,0.000
3237,3.237000,482230.080467,-1081374.888792,-599144.808325,1.312957e-02,-1247.715021,504.004004,677.364843,0.227,12.189,0.020,0.000,0.000,0.000
3238,3.238000,482202.963114,-1081347.097586,-599144.134471,1.313068e-02,-1247.899629,503.997255,677.350499,0.181,10.644,0.018,0.000,0.000,0.000
3239,3.239000,482176.450628,-1081319.331670,-599142.881042,1.313274e-02,-1248.084969,503.929061,677.047134,0.178,6.128,0.017,0.000,0.000,0.000
3240,3.240000,482150.693696,-1081291.473985,-599140.780289,1.313620e-02,-1248.398731,503.837975,676.477070,0.175,6.198,0.016,0.000,0.000,0.000
3241,3.241000,482124.295692,-1081263.536152,-599139.240460,1.313874e-02,-1248.583825,503.800437,676.175066,0.175,6.166,0.017,0.000,0.000,0.000
3242,3.242000,482096.972082,-1081235.603079,-599138.630998,1.313974e-02,-1248.628725,503.644746,676.192589,0.175,4.605,0.017,0.000,0.000,0.000
3243,3.243000,482069.473905,-1081207.680748,-599138.206843,1.314044e-02,-1248.640293,503.355582,676.288367,0.190,5.719,0.021,0.000,0.000,0.000
3244,3.244000,482041.971832,-1081179.772270,-599137.800438,1.314111e-02,-1248.624018,503.078347,676.400998,0.186,12.244,0.017,0.000,0.000,0.000
3245,3.245000,482014.886838,-1081151.871813,-599136.984976,1.314245e-02,-1248.620202,502.780165,676.461513,0.220,4.594,0.021,0.000,0.000,0.000
3246,3.246000,481988.198535,-1081123.944904,-599135.746370,1.314449e-02,-1248.656355,502.506958,676.404579,0.208,10.657,0.019,0.000,0.000,0.000
3247,3.247000,481961.194390,-1081095.996834,-599134.802444,1.314605e-02,-1248.697328,502.341655,676.493304,0.194,6.108,0.018,0.000,0.000,0.000
3248,3.248000,481934.505276,-1081068.053673,-599133.548396,1.314812e-02,-1248.767374,502.437474,676.545744,0.181,4.590,0.018,0.000,0.000,0.000
3249,3.249000,481908.013039,-1081040.119230,-599132.106191,1.315049e-02,-1248.860537,502.483213,676.373901,0.219,4.614,0.021,0.000,0.000,0.000
3250,3.250000,481880.902404,-1081012.165414,-599131.263010,1.315188e-02,-1248.972703,502.403730,676.309298,0.193,8.667,0.018,0.000,0.000,0.000
3251,3.251000,481853.993141,-1080984.206465,-599130.213324,1.315361e-02,-1249.107687,502.374581,676.261370,0.217,4.681,0.038,0.000,0.000,0.000
3252,3.252000,481827.661983,-1080956.224908,-599128.562925,1.315633e-02,-1249.270364,502.427319,676.113446,0.193,9.140,0.018,0.000,0.000,0.000
3253,3.253000,481801.716100,-1080928.216251,-599126.500150,1.315972e-02,-1249.415479,502.603082,675.876294,0.188,4.603,0.017,0.000,0.000,0.000
3254,3.254000,481776.188995,-1080900.195720,-599124.006725,1.316383e-02,-1249.645613,502.666655,675.492017,0.185,10.637,0.016,0.000,0.000,0.000
3255,3.255000,481749.814035,-1080872.052837,-599122.238801,1.316674e-02,-1249.824076,502.571705,675.262512,0.193,6.119,0.017,0.000,0.000,0.000
3256,3.256000,481722.852816,-1080843.916885,-599121.064068,1.316868e-02,-1249.880334,502.436682,675.161493,0.184,6.110,0.016,0.000,0.000,0.000
3257,3.257000,481695.829611,-1080815.760915,-599119.931304,1.317054e-02,-1249.930130,502.330154,675.177506,0.175,4.699,0.018,0.000,0.000,0.000
3258,3.258000,481668.391607,-1080787.612484,-599119.220877,1.317171e-02,-1249.826684,502.090624,675.238168,0.188,10.743,0.020,0.000,0.000,0.000
3259,3.259000,481641.037701,-1080759.462718,-599118.425017,1.317303e-02,-1249.688681,501.963970,675.206485,0.193,4.677,0.022,0.000,0.000,0.000
3260,3.260000,481613.552057,-1080731.344139,-599117.792082,1.317407e-02,-1249.519430,501.993538,675.367495,0.177,10.694,0.017,0.000,0.000,0.000
3261,3.261000,481586.086976,-1080703.242026,-599117.155050,1.317512e-02,-1249.370648,501.878637,675.499497,0.202,4.666,0.017,0.000,0.000,0.000
3262,3.262000,481558.663990,-1080675.150364,-599116.486374,1.317622e-02,-1249.395500,501.550322,675.256313,0.189,13.346,0.018,0.000,0.000,0.000
3263,3.263000,481530.898722,-1080647.053349,-599116.154627,1.317677e-02,-1249.396267,501.205527,675.139896,0.201,10.663,0.018,0.000,0.000,0.000
3264,3.264000,481503.658920,-1080618.982822,-599115.323902,1.317813e-02,-1249.387336,501.197186,675.121325,0.184,4.699,0.017,0.000,0.000,0.000
3265,3.265000,481476.930088,-1080590.903529,-599113.973441,1.318036e-02,-1249.456289,501.267311,674.915229,0.181,4.674,0.017,0.000,0.000,0.000
3266,3.266000,481450.130797,-1080562.802358,-599112.671561,1.318250e-02,-1249.527344,501.260839,674.774039,0.193,10.680,0.018,0.000,0.000,0.000
3267,3.267000,481422.798894,-1080534.679903,-599111.881008,1.318380e-02,-1249.519461,501.335966,674.754223,0.190,4.696,0.019,0.000,0.000,0.000
3268,3.268000,481395.358968,-1080506.589076,-599111.230108,1.318488e-02,-1249.520367,501.306353,674.696148,0.178,4.567,0.018,0.000,0.000,0.000
3269,3.269000,481368.472658,-1080478.484337,-599110.011679,1.318688e-02,-1249.586601,501.295663,674.418544,0.191,4.627,0.022,0.000,0.000,0.000
3270,3.270000,481342.096267,-1080450.364662,-599108.268395,1.318975e-02,-1249.636054,501.489078,674.098828,0.187,7.622,0.022,0.000,0.000,0.000
3271,3.271000,481315.435461,-1080422.224487,-599106.789025,1.319219e-02,-1249.751795,501.776099,673.905408,0.187,7.715,0.018,0.000,0.000,0.000
3272,3.272000,481288.619167,-1080394.093559,-599105.474392,1.319436e-02,-1249.921599,502.126380,673.756267,0.177,4.598,0.020,0.000,0.000,0.000
3273,3.273000,481261.878315,-1080365.938714,-599104.060399,1.319669e-02,-1250.004855,502.410521,673.610204,0.183,10.726,0.017,0.000,0.000,0.000
3274,3.274000,481235.082756,-1080337.815715,-599102.732959,1.319887e-02,-1250.094169,502.666694,673.524992,0.179,6.196,0.018,0.000,0.000,0.000
3275,3.275000,481208.493748,-1080309.674805,-599101.181057,1.320143e-02,-1250.253967,502.946969,673.451353,0.190,4.616,0.019,0.000,0.000,0.000
3276,3.276000,481181.848327,-1080281.542009,-599099.693682,1.320388e-02,-1250.362105,503.170122,673.329306,0.177,6.127,0.018,0.000,0.000,0.000
3277,3.277000,481155.113336,-1080253.406599,-599098.293263,1.320619e-02,-1250.411026,503.362487,673.288361,0.173,7.707,0.018,0.000,0.000,0.000
3278,3.278000,481128.374537,-1080225.285529,-599096.910993,1.320846e-02,-1250.508554,503.610370,673.274063,0.172,6.179,0.017,0.000,0.000,0.000
3279,3.279000,481101.296905,-1080197.159873,-599095.862969,1.321019e-02,-1250.649154,503.770710,673.164285,0.179,7.635,0.019,0.000,0.000,0.000
3280,3.280000,481074.008845,-1080169.058800,-599095.049955,1.321153e-02,-1250.716690,503.644884,673.114218,0.173,4.691,0.017,0.000,0.000,0.000
3281,3.281000,481047.046455,-1080140.977591,-599093.931137,1.321337e-02,-1250.651003,503.524050,673.178205,0.174,13.751,0.017,0.000,0.000,0.000
3282,3.282000,481020.374350,-1080112.868377,-599092.494027,1.321574e-02,-1250.668571,503.596158,673.238942,0.181,4.605,0.019,0.000,0.000,0.000
3283,3.283000,480993.831052,-1080084.745249,-599090.914197,1.321834e-02,-1250.906574,503.488649,673.253464,0.172,6.110,0.017,0.000,0.000,0.000
3284,3.284000,480966.974304,-1080056.612823,-599089.638519,1.322044e-02,-1251.149039,503.118984,673.333949,0.168,6.207,0.018,0.000,0.000,0.000
3285,3.285000,480939.651476,-1080028.496416,-599088.844940,1.322175e-02,-1251.302564,502.700666,673.495314,0.261,4.697,0.028,0.000,0.000,0.000
3286,3.286000,480912.121997,-1080000.406995,-599088.284998,1.322267e-02,-1251.424088,502.329281,673.683796,0.202,7.461,0.021,0.000,0.000,0.000
3287,3.287000,480884.604284,-1079972.343954,-599087.739670,1.322357e-02,-1251.542450,501.992613,673.881097,0.200,12.232,0.018,0.000,0.000,0.000
3288,3.288000,480857.522464,-1079944.305629,-599086.783165,1.322514e-02,-1251.691192,501.669132,673.927326,0.189,4.605,0.018,0.000,0.000,0.000
3289,3.289000,480830.499324,-1079916.252226,-599085.752902,1.322684e-02,-1251.912356,501.266091,673.871033,0.198,4.616,0.021,0.000,0.000,0.000
3290,3.290000,480803.070139,-1079888.199448,-599085.129309,1.322787e-02,-1252.041212,500.942754,673.845516,0.240,10.733,0.019,0.000,0.000,0.000
3291,3.291000,480776.149824,-1079860.176432,-599084.026608,1.322968e-02,-1252.064330,500.818739,673.861111,0.195,4.590,0.024,0.000,0.000,0.000
3292,3.292000,480749.594549,-1079832.185843,-599082.591294,1.323205e-02,-1252.160168,500.756096,673.926963,0.201,12.167,0.022,0.000,0.000,0.000
3293,3.293000,480722.700608,-1079804.214885,-599081.514277,1.323382e-02,-1252.248810,500.668885,673.983339,0.184,4.637,0.017,0.000,0.000,0.000
3294,3.294000,480695.968478,-1079776.282556,-599080.314077,1.323580e-02,-1252.265712,500.528070,674.087831,0.200,4.695,0.021,0.000,0.000,0.000
3295,3.295000,480669.307080,-1079748.386148,-599079.079068,1.323783e-02,-1252.324388,500.429128,674.209897,0.185,13.167,0.018,0.000,0.000,0.000
3296,3.296000,480642.381604,-1079720.516386,-599078.134782,1.323939e-02,-1252.367314,500.411867,674.349199,0.178,10.724,0.018,0.000,0.000,0.000
3297,3.297000,480615.294482,-1079692.685059,-599077.390577,1.324061e-02,-1252.348826,500.409209,674.500315,0.179,4.676,0.018,0.000,0.000,0.000
3298,3.298000,480588.358412,-1079664.896474,-599076.538062,1.324202e-02,-1252.332160,500.394806,674.644343,0.179,4.603,0.017,0.000,0.000,0.000
3299,3.299000,480561.498118,-1079637.145683,-599075.647565,1.324349e-02,-1252.314413,500.368864,674.748348,0.185,10.688,0.019,0.000,0.000,0.000
3300,3.300000,480534.465802,-1079609.439087,-599074.973284,1.324460e-02,-1252.303980,500.333647,674.788092,0.180,6.189,0.018,0.000,0.000,0.000
3301,3.301000,480507.882886,-1079581.782871,-599073.899986,1.324636e-02,-1252.308619,500.316326,674.826842,0.178,6.170,0.017,0.000,0.000,0.000
3302,3.302000,480482.029185,-1079554.169426,-599072.140241,1.324926e-02,-1252.324837,500.307844,674.885443,0.280,7.666,0.031,0.000,0.000,0.000
3303,3.303000,480455.921002,-1079526.606914,-599070.685912,1.325166e-02,-1252.340225,500.297209,674.938064,0.452,6.153,0.057,0.000,0.000,0.000
3304,3.304000,480429.381549,-1079499.095459,-599069.713910,1.325326e-02,-1252.298684,500.196514,674.850573,0.308,10.666,0.035,0.000,0.000,0.000
3305,3.305000,480402.726249,-1079471.625375,-599068.899126,1.325460e-02,-1252.261887,500.044322,674.771185,0.260,4.649,0.025,0.000,0.000,0.000
3306,3.306000,480376.081451,-1079444.196228,-599068.114777,1.325589e-02,-1252.271693,499.984433,674.803400,0.244,12.247,0.028,0.000,0.000,0.000
3307,3.307000,480349.341081,-1079416.817091,-599067.476010,1.325695e-02,-1252.273291,499.972311,674.806078,0.220,4.620,0.021,0.000,0.000,0.000
3308,3.308000,480322.671076,-1079389.488908,-599066.817832,1.325803e-02,-1252.319902,499.818698,674.863968,0.209,6.215,0.018,0.000,0.000,0.000
3309,3.309000,480296.137315,-1079362.202986,-599066.065671,1.325927e-02,-1252.404054,499.663980,675.060132,0.228,6.141,0.020,0.000,0.000,0.000
3310,3.310000,480269.332759,-1079334.957295,-599065.624535,1.325999e-02,-1252.431875,499.656320,675.227558,0.260,6.136,0.020,0.000,0.000,0.000
3311,3.311000,480242.784208,-1079307.759392,-599064.975184,1.326106e-02,-1252.538441,499.916182,675.119885,0.210,4.680,0.018,0.000,0.000,0.000
3312,3.312000,480216.539300,-1079280.578302,-599064.039002,1.326261e-02,-1252.683683,500.227313,675.015048,0.204,9.129,0.019,0.000,0.000,0.000
3313,3.313000,480190.409237,-1079253.441844,-599063.032607,1.326426e-02,-1252.765537,500.360184,675.059614,0.230,4.675,0.024,0.000,0.000,0.000
3314,3.314000,480164.500581,-1079226.354074,-599061.853493,1.326621e-02,-1252.926750,500.600960,675.093727,0.195,10.636,0.018,0.000,0.000,0.000
3315,3.315000,480138.708571,-1079199.273215,-599060.564644,1.326833e-02,-1253.049745,500.778149,675.146038,0.196,6.194,0.017,0.000,0.000,0.000
3316,3.316000,480112.787948,-1079172.240441,-599059.452493,1.327016e-02,-1253.139600,500.640612,675.288028,0.220,4.697,0.017,0.000,0.000,0.000
3317,3.317000,480086.646282,-1079145.247585,-599058.601303,1.327156e-02,-1253.207144,500.524056,675.408737,0.186,10.720,0.017,0.000,0.000,0.000
3318,3.318000,480060.485318,-1079118.305971,-599057.820654,1.327285e-02,-1253.238748,500.551803,675.540675,0.182,4.685,0.018,0.000,0.000,0.000
3319,3.319000,480034.505948,-1079091.409000,-599056.903052,1.327436e-02,-1253.287338,500.599596,675.676175,0.186,10.687,0.018,0.000,0.000,0.000
3320,3.320000,480008.651048,-1079064.560160,-599055.909112,1.327600e-02,-1253.307328,500.751323,675.708929,0.195,4.622,0.022,0.000,0.000,0.000
3321,3.321000,479982.769023,-1079037.751667,-599054.982644,1.327752e-02,-1253.338482,500.888994,675.737736,0.222,4.679,0.023,0.000,0.000,0.000
3322,3.322000,479956.740351,-1079010.996731,-599054.256381,1.327872e-02,-1253.460167,501.186455,675.747770,0.190,13.775,0.019,0.000,0.000,0.000
3323,3.323000,479930.537046,-1078984.259774,-599053.722728,1.327960e-02,-1253.648485,501.444539,675.630005,0.191,10.740,0.018,0.000,0.000,0.000
3324,3.324000,479904.396067,-1078957.553924,-599053.157857,1.328053e-02,-1253.912119,501.565853,675.390150,0.195,4.678,0.018,0.000,0.000,0.000
3325,3.325000,479878.141170,-1078930.845367,-599052.704197,1.328128e-02,-1254.209325,501.921589,675.169858,0.220,10.684,0.021,0.000,0.000,0.000
3326,3.326000,479851.828586,-1078904.163311,-599052.334725,1.328188e-02,-1254.430438,502.458053,675.160542,0.212,4.677,0.018,0.000,0.000,0.000
3327,3.327000,479825.847684,-1078877.498641,-599051.650957,1.328301e-02,-1254.669173,502.659944,675.075300,0.194,4.689,0.018,0.000,0.000,0.000
3328,3.328000,479800.656848,-1078850.870208,-599050.213361,1.328538e-02,-1255.362584,501.621891,674.612572,0.191,10.727,0.018,0.000,0.000,0.000
3329,3.329000,479775.898666,-1078824.163573,-599048.264907,1.328859e-02,-1256.508836,499.670137,673.377968,0.226,6.120,0.023,0.000,0.000,0.000
3330,3.330000,479750.488420,-1078797.396857,-599046.908437,1.329082e-02,-1257.156524,498.670719,672.177390,0.198,4.612,0.017,0.000,0.000,0.000
3331,3.331000,479724.972569,-1078770.657822,-599045.685253,1.329284e-02,-1257.895259,497.602610,671.030739,0.201,6.131,0.017,0.000,0.000,0.000
3332,3.332000,479699.912623,-1078743.867922,-599043.955299,1.329569e-02,-1259.289576,495.427286,669.367013,0.217,6.199,0.019,0.000,0.000,0.000
3333,3.333000,479674.257330,-1078717.017889,-599042.760560,1.329765e-02,-1260.134917,494.348511,668.675603,0.201,7.721,0.018,0.000,0.000,0.000
3334,3.334000,479648.242154,-1078690.219109,-599041.976955,1.329895e-02,-1260.391951,494.126004,668.547612,0.194,4.679,0.019,0.000,0.000,0.000
3335,3.335000,479622.481005,-1078663.458568,-599040.977563,1.330059e-02,-1260.738401,493.815220,668.165377,0.246,12.248,0.019,0.000,0.000,0.000
3336,3.336000,479596.853252,-1078636.734569,-599039.881317,1.330240e-02,-1261.070719,493.460868,667.845767,0.234,4.629,0.020,0.000,0.000,0.000
3337,3.337000,479571.585823,-1078610.050660,-599038.464836,1.330473e-02,-1261.182503,493.191475,667.716935,0.231,4.635,0.024,0.000,0.000,0.000
3338,3.338000,479546.150869,-1078583.427873,-599037.277004,1.330669e-02,-1261.146723,493.242601,667.784499,0.230,13.389,0.074,0.000,0.000,0.000
3339,3.339000,479520.466599,-1078556.855488,-599036.388890,1.330815e-02,-1261.102506,493.395933,667.821600,0.208,13.698,0.018,0.000,0.000,0.000
3340,3.340000,479495.031598,-1078530.322948,-599035.291350,1.330996e-02,-1261.402713,493.527520,667.566981,0.203,6.170,0.021,0.000,0.000,0.000
3341,3.341000,479469.560853,-1078503.806213,-599034.245359,1.331168e-02,-1261.803549,493.703441,667.370772,0.200,4.677,0.019,0.000,0.000,0.000
3342,3.342000,479443.847226,-1078477.334319,-599033.487093,1.331293e-02,-1261.894971,493.882390,667.489582,0.253,10.747,0.025,0.000,0.000,0.000
3343,3.343000,479418.073884,-1078450.909351,-599032.835467,1.331400e-02,-1261.998186,494.007624,667.545479,0.230,4.624,0.024,0.000,0.000,0.000
3344,3.344000,479392.365499,-1078424.523307,-599032.157808,1.331512e-02,-1262.211562,494.194143,667.505630,0.284,4.694,0.034,0.000,0.000,0.000
3345,3.345000,479366.606213,-1078398.177933,-599031.571720,1.331608e-02,-1262.452755,494.382976,667.447009,0.195,13.742,0.019,0.000,0.000,0.000
3346,3.346000,479340.875329,-1078371.872119,-599030.996790,1.331703e-02,-1262.650846,494.676513,667.401614,0.203,4.678,0.018,0.000,0.000,0.000
3347,3.347000,479315.325023,-1078345.599861,-599030.274837,1.331822e-02,-1262.767027,495.142698,667.339981,0.200,4.687,0.018,0.000,0.000,0.000
3348,3.348000,479289.927819,-1078319.368477,-599029.440658,1.331959e-02,-1262.932823,495.605650,667.435131,0.206,12.268,0.018,0.000,0.000,0.000
3349,3.349000,479265.052581,-1078293.167483,-599028.114901,1.332178e-02,-1263.439760,495.970758,667.326179,0.186,4.597,0.017,0.000,0.000,0.000
3350,3.350000,479240.061339,-1078266.981887,-599026.920548,1.332375e-02,-1264.011785,496.236317,666.846194,0.198,10.663,0.021,0.000,0.000,0.000
3351,3.351000,479214.977842,-1078240.835539,-599025.857696,1.332550e-02,-1264.392808,496.373106,666.403016,0.186,4.598,0.017,0.000,0.000,0.000
3352,3.352000,479190.048665,-1078214.712097,-599024.663432,1.332746e-02,-1264.807929,496.490116,665.989700,0.184,10.720,0.018,0.000,0.000,0.000
3353,3.353000,479164.901980,-1078188.609646,-599023.707666,1.332904e-02,-1265.423032,496.791140,665.731640,0.182,4.597,0.018,0.000,0.000,0.000
3354,3.354000,479139.820834,-1078162.515940,-599022.695106,1.333071e-02,-1265.987793,497.089890,665.806674,0.181,10.729,0.018,0.000,0.000,0.000
3355,3.355000,479114.891671,-1078136.424133,-599021.532463,1.333262e-02,-1266.359164,497.137313,665.643034,0.183,4.686,0.017,0.000,0.000,0.000
3356,3.356000,479090.079356,-1078110.366336,-599020.286980,1.333467e-02,-1266.837924,497.171564,665.132425,0.180,9.242,0.018,0.000,0.000,0.000
3357,3.357000,479065.039895,-1078084.326104,-599019.286209,1.333632e-02,-1267.273688,497.192089,664.767528,0.189,4.683,0.027,0.000,0.000,0.000
3358,3.358000,479040.135186,-1078058.293636,-599018.158450,1.333818e-02,-1267.887780,497.334707,664.574932,0.179,10.734,0.017,0.000,0.000,0.000
3359,3.359000,479015.183201,-1078032.255764,-599017.072563,1.333997e-02,-1268.524764,497.413285,664.300403,0.183,4.684,0.017,0.000,0.000,0.000
3360,3.360000,478990.074679,-1078006.247255,-599016.172577,1.334145e-02,-1268.940239,497.332280,663.758296,0.183,10.756,0.017,0.000,0.000,0.000
3361,3.361000,478964.915935,-1077980.249855,-599015.333920,1.334283e-02,-1269.259511,497.455069,663.472485,0.188,7.638,0.018,0.000,0.000,0.000
3362,3.362000,478939.627186,-1077954.293294,-599014.666107,1.334393e-02,-1269.547689,497.592728,663.222364,0.175,4.612,0.017,0.000,0.000,0.000
3363,3.363000,478914.238602,-1077928.358171,-599014.119569,1.334483e-02,-1269.892019,497.735968,662.875213,0.174,10.746,0.017,0.000,0.000,0.000
3364,3.364000,478888.744491,-1077902.443544,-599013.699053,1.334552e-02,-1270.102884,497.764156,662.912734,0.259,4.716,0.028,0.000,0.000,0.000
3365,3.365000,478864.152239,-1077876.515512,-599012.363272,1.334772e-02,-1270.420269,498.119379,662.869528,0.194,10.682,0.017,0.000,0.000,0.000
3366,3.366000,478839.462323,-1077850.526007,-599011.063684,1.334986e-02,-1270.858249,498.547305,662.477867,0.193,4.472,0.018,0.000,0.000,0.000
3367,3.367000,478813.918610,-1077824.554477,-599010.635867,1.335057e-02,-1271.085885,498.622759,662.393868,0.185,10.724,0.017,0.000,0.000,0.000
3368,3.368000,478788.500164,-1077798.613682,-599010.113518,1.335143e-02,-1271.317709,498.876698,662.657622,0.197,4.482,0.024,0.000,0.000,0.000
3369,3.369000,478763.017132,-1077772.715555,-599009.698423,1.335211e-02,-1271.693854,498.937477,662.515916,0.220,10.740,0.020,0.000,0.000,0.000
3370,3.370000,478737.621562,-1077746.837375,-599009.215813,1.335291e-02,-1272.035604,498.651621,661.976930,0.204,4.595,0.019,0.000,0.000,0.000
3371,3.371000,478712.638634,-1077721.003404,-599008.364770,1.335431e-02,-1272.245673,498.326527,661.637002,0.236,4.677,0.019,0.000,0.000,0.000
3372,3.372000,478688.061387,-1077695.218210,-599007.156823,1.335630e-02,-1272.388659,497.994863,661.468834,0.194,13.768,0.018,0.000,0.000,0.000
3373,3.373000,478663.522088,-1077669.409765,-599005.887677,1.335839e-02,-1272.539658,497.705474,661.279349,0.195,6.214,0.019,0.000,0.000,0.000
3374,3.374000,478638.929054,-1077643.646303,-599004.717248,1.336032e-02,-1272.614826,497.622736,661.238374,0.190,6.200,0.018,0.000,0.000,0.000
3375,3.375000,478614.939960,-1077617.938109,-599002.998148,1.336315e-02,-1272.792156,498.119235,661.058294,0.188,7.638,0.018,0.000,0.000,0.000
3376,3.376000,478590.618627,-1077592.211028,-599001.592401,1.336546e-02,-1272.973909,498.680485,660.868539,0.178,7.649,0.017,0.000,0.000,0.000
3377,3.377000,478565.711863,-1077566.525250,-599000.813387,1.336675e-02,-1273.113999,498.870002,660.726659,0.188,4.679,0.019,0.000,0.000,0.000
3378,3.378000,478540.896394,-1077540.866726,-598999.970332,1.336814e-02,-1273.245902,498.950068,660.586549,0.192,10.653,0.020,0.000,0.000,0.000
3379,3.379000,478515.865148,-1077515.266723,-598999.401575,1.336907e-02,-1273.343896,499.063452,660.619326,0.177,4.603,0.018,0.000,0.000,0.000
3380,3.380000,478491.277135,-1077489.714465,-598998.437330,1.337066e-02,-1273.558240,499.482016,660.582700,0.175,4.676,0.016,0.000,0.000,0.000
3381,3.381000,478466.879942,-1077464.175337,-598997.295395,1.337254e-02,-1273.859951,500.026574,660.593140,0.186,4.610,0.025,0.000,0.000,0.000
3382,3.382000,478441.933942,-1077438.659332,-598996.725390,1.337348e-02,-1274.108975,500.340539,660.637792,0.221,6.142,0.019,0.000,0.000,0.000
3383,3.383000,478416.995264,-1077413.190822,-598996.195558,1.337435e-02,-1274.235913,500.487449,660.633043,0.198,6.103,0.017,0.000,0.000,0.000
3384,3.384000,478392.393861,-1077387.763908,-598995.370046,1.337571e-02,-1274.420646,500.829118,660.531243,0.184,9.143,0.017,0.000,0.000,0.000
3385,3.385000,478368.205219,-1077362.365573,-598994.160354,1.337771e-02,-1274.685293,501.357991,660.330772,0.181,4.690,0.018,0.000,0.000,0.000
3386,3.386000,478344.117983,-1077336.991910,-598992.873927,1.337982e-02,-1274.941524,501.760009,660.199527,0.190,4.621,0.019,0.000,0.000,0.000
3387,3.387000,478320.034125,-1077311.594565,-598991.560440,1.338199e-02,-1275.216374,502.263350,660.014096,0.187,13.745,0.018,0.000,0.000,0.000
3388,3.388000,478296.139611,-1077286.217000,-598990.077389,1.338443e-02,-1275.464898,502.987386,659.761016,0.179,6.193,0.018,0.000,0.000,0.000
3389,3.389000,478272.329783,-1077260.856185,-598988.526402,1.338699e-02,-1275.383703,503.007781,659.826461,0.177,6.182,0.019,0.000,0.000,0.000
3390,3.390000,478248.638410,-1077235.448999,-598986.810589,1.338981e-02,-1275.349731,503.143017,659.900243,0.187,7.633,0.018,0.000,0.000,0.000
3391,3.391000,478224.891891,-1077210.044564,-598985.152673,1.339254e-02,-1275.676170,503.928957,659.555694,0.177,7.627,0.017,0.000,0.000,0.000
3392,3.392000,478200.612639,-1077184.647494,-598984.034854,1.339438e-02,-1275.801544,504.275009,659.282457,0.185,4.678,0.021,0.000,0.000,0.000
3393,3.393000,478176.462045,-1077159.303438,-598982.841393,1.339635e-02,-1275.863136,504.562954,659.010214,0.181,10.650,0.019,0.000,0.000,0.000
3394,3.394000,478152.655759,-1077133.976864,-598981.321105,1.339885e-02,-1275.963761,504.636937,658.450953,0.184,4.605,0.017,0.000,0.000,0.000
3395,3.395000,478128.496970,-1077108.650390,-598980.153420,1.340078e-02,-1275.944446,504.514643,658.108824,0.177,4.607,0.018,0.000,0.000,0.000
3396,3.396000,478104.292794,-1077083.381513,-598979.088719,1.340253e-02,-1275.911228,504.770407,657.975242,0.174,4.604,0.017,0.000,0.000,0.000
3397,3.397000,478080.125714,-1077058.152227,-598978.026512,1.340428e-02,-1275.984874,504.947302,657.479017,0.176,6.110,0.020,0.000,0.000,0.000
3398,3.398000,478056.620700,-1077032.947090,-598976.326391,1.340708e-02,-1276.259163,505.502682,656.865575,0.172,6.091,0.017,0.000,0.000,0.000
3399,3.399000,478033.112381,-1077007.725420,-598974.613039,1.340990e-02,-1276.460222,506.186528,656.477725,0.176,9.144,0.017,0.000,0.000,0.000
3400,3.400000,478009.941722,-1076982.536320,-598972.594599,1.341323e-02,-1276.529971,506.572693,656.385234,0.181,4.689,0.019,0.000,0.000,0.000
3401,3.401000,477987.248157,-1076957.382092,-598970.133935,1.341728e-02,-1276.794429,507.046284,655.941291,0.173,10.656,0.018,0.000,0.000,0.000
3402,3.402000,477964.113460,-1076932.202861,-598968.089401,1.342065e-02,-1276.947006,507.284294,655.420841,0.169,4.597,0.017,0.000,0.000,0.000
3403,3.403000,477940.604202,-1076907.035271,-598966.431069,1.342338e-02,-1276.843114,507.253789,655.432201,0.172,9.136,0.017,0.000,0.000,0.000
3404,3.404000,477916.724151,-1076881.889138,-598965.164988,1.342546e-02,-1276.735006,507.078725,655.531783,0.174,4.540,0.017,0.000,0.000,0.000
3405,3.405000,477893.918153,-1076856.776372,-598962.858219,1.342926e-02,-1276.718964,507.304791,655.420963,0.216,10.397,0.021,0.000,0.000,0.000
3406,3.406000,477871.966408,-1076831.602626,-598959.636218,1.343457e-02,-1276.874406,507.936509,654.899024,0.197,4.673,0.018,0.000,0.000,0.000
3407,3.407000,477848.953678,-1076806.356769,-598957.403090,1.343825e-02,-1276.910257,507.797435,654.333006,0.190,10.651,0.018,0.000,0.000,0.000
3408,3.408000,477825.068644,-1076781.124272,-598956.055628,1.344047e-02,-1276.790027,507.429918,654.093407,0.190,8.883,0.018,0.000,0.000,0.000
3409,3.409000,477801.110096,-1076755.890335,-598954.780239,1.344257e-02,-1276.656391,507.468749,654.087052,0.224,4.615,0.021,0.000,0.000,0.000
3410,3.410000,477777.454540,-1076730.664842,-598953.210302,1.344516e-02,-1276.694864,507.961959,653.770343,0.193,10.680,0.018,0.000,0.000,0.000
3411,3.411000,477754.605465,-1076705.419971,-598950.814506,1.344910e-02,-1276.908109,508.727114,653.412089,0.209,4.677,0.019,0.000,0.000,0.000
3412,3.412000,477731.260838,-1076680.072623,-598948.811785,1.345240e-02,-1276.984087,509.116068,653.280026,0.187,4.687,0.017,0.000,0.000,0.000
3413,3.413000,477708.897819,-1076654.772652,-598945.874834,1.345724e-02,-1277.556234,510.512005,652.293364,0.186,10.727,0.018,0.000,0.000,0.000
3414,3.414000,477687.413703,-1076629.301566,-598941.887863,1.346381e-02,-1278.211451,512.290664,651.544742,0.195,4.693,0.026,0.000,0.000,0.000
3415,3.415000,477664.328307,-1076603.702960,-598939.374653,1.346795e-02,-1278.294367,512.891638,651.732988,0.180,12.257,0.018,0.000,0.000,0.000
3416,3.416000,477640.242454,-1076578.079844,-598937.837389,1.347048e-02,-1278.348803,513.102507,651.765614,0.188,4.671,0.017,0.000,0.000,0.000
3417,3.417000,477615.993039,-1076552.410391,-598936.417352,1.347282e-02,-1278.440255,513.520462,651.670245,0.206,13.684,0.020,0.000,0.000,0.000
3418,3.418000,477592.455859,-1076526.720812,-598934.264953,1.347636e-02,-1278.565052,514.154279,651.297141,0.188,10.707,0.018,0.000,0.000,0.000
3419,3.419000,477569.837327,-1076500.925315,-598931.087988,1.348159e-02,-1278.831171,515.064546,650.709381,0.176,4.672,0.017,0.000,0.000,0.000
3420,3.420000,477546.594463,-1076475.063161,-598928.468698,1.348591e-02,-1278.987948,515.898569,650.366982,0.175,4.589,0.023,0.000,0.000,0.000
3421,3.421000,477522.371133,-1076449.117534,-598926.746401,1.348875e-02,-1278.913622,516.315541,650.118641,0.183,10.655,0.019,0.000,0.000,0.000
3422,3.422000,477497.660442,-1076423.134182,-598925.473740,1.349084e-02,-1278.757378,516.281019,649.814489,0.225,4.605,0.028,0.000,0.000,0.000
3423,3.423000,477472.553512,-1076397.112319,-598924.558806,1.349235e-02,-1278.527662,516.065719,649.863829,0.201,6.212,0.018,0.000,0.000,0.000
3424,3.424000,477447.741323,-1076371.098886,-598923.357562,1.349433e-02,-1278.761746,515.543083,649.452990,0.191,4.677,0.017,0.000,0.000,0.000
3425,3.425000,477423.172968,-1076345.042211,-598921.869243,1.349678e-02,-1279.420091,514.401463,648.389054,0.196,7.612,0.018,0.000,0.000,0.000
3426,3.426000,477398.674968,-1076318.924087,-598920.249119,1.349945e-02,-1279.740481,513.785462,647.944605,0.185,6.110,0.017,0.000,0.000,0.000
3427,3.427000,477374.364520,-1076292.811886,-598918.447366,1.350242e-02,-1279.863596,513.861424,648.118865,0.205,6.113,0.021,0.000,0.000,0.000
3428,3.428000,477350.971104,-1076266.669891,-598915.698787,1.350694e-02,-1280.040524,513.892907,648.534200,0.176,4.591,0.017,0.000,0.000,0.000
3429,3.429000,477327.225257,-1076240.420389,-598913.195132,1.351107e-02,-1280.080951,513.881208,648.993254,0.187,10.706,0.017,0.000,0.000,0.000
3430,3.430000,477302.513783,-1076214.170318,-598911.656535,1.351360e-02,-1280.103195,513.806005,649.178690,0.181,4.728,0.017,0.000,0.000,0.000
3431,3.431000,477277.472141,-1076187.911770,-598910.439629,1.351560e-02,-1280.167671,513.644264,649.138700,0.190,10.760,0.020,0.000,0.000,0.000
3432,3.432000,477252.016598,-1076161.683121,-598909.666524,1.351688e-02,-1280.646109,512.837793,648.308165,0.178,4.681,0.020,0.000,0.000,0.000
3433,3.433000,477227.416872,-1076135.400100,-598907.983228,1.351965e-02,-1281.419547,512.323415,647.016936,0.174,12.167,0.017,0.000,0.000,0.000
3434,3.434000,477203.815108,-1076109.044563,-598905.229454,1.352419e-02,-1281.995043,513.090995,646.246554,0.174,4.676,0.017,0.000,0.000,0.000
3435,3.435000,477180.394698,-1076082.633696,-598902.238998,1.352911e-02,-1282.455498,513.984698,645.703240,0.176,13.744,0.017,0.000,0.000,0.000
3436,3.436000,477155.918699,-1076056.168320,-598900.249621,1.353239e-02,-1282.643273,514.373295,645.509058,0.173,4.612,0.018,0.000,0.000,0.000
3437,3.437000,477130.158255,-1076029.742808,-598899.584553,1.353348e-02,-1282.591221,514.415919,645.676364,0.171,4.597,0.017,0.000,0.000,0.000
3438,3.438000,477104.080304,-1076003.359166,-598899.278862,1.353399e-02,-1282.584617,514.394015,645.838226,0.248,4.626,0.019,0.000,0.000,0.000
3439,3.439000,477078.222050,-1075977.020249,-598898.798199,1.353478e-02,-1282.640765,514.256049,646.108388,0.173,9.231,0.019,0.000,0.000,0.000
3440,3.440000,477052.476898,-1075950.712566,-598898.235667,1.353571e-02,-1282.613478,514.079091,646.393156,0.173,6.125,0.017,0.000,0.000,0.000
3441,3.441000,477026.512823,-1075924.409369,-598897.896546,1.353626e-02,-1282.648544,514.090722,646.776660,0.178,6.178,0.020,0.000,0.000,0.000
3442,3.442000,477000.449717,-1075898.089286,-598897.639569,1.353669e-02,-1282.748226,514.153251,647.109015,0.172,9.155,0.018,0.000,0.000,0.000
3443,3.443000,476975.434773,-1075871.767518,-598896.332745,1.353884e-02,-1282.966948,514.660440,646.964048,0.190,13.742,0.020,0.000,0.000,0.000
3444,3.444000,476951.244632,-1075845.383238,-598894.138606,1.354245e-02,-1283.397016,515.637708,646.575029,0.177,4.301,0.019,0.000,0.000,0.000
3445,3.445000,476927.213065,-1075818.960168,-598891.747102,1.354639e-02,-1283.877190,516.693158,646.187522,0.208,6.215,0.020,0.000,0.000,0.000
3446,3.446000,476903.165431,-1075792.461414,-598889.295983,1.355043e-02,-1284.264622,517.568662,645.949926,0.192,4.608,0.019,0.000,0.000,0.000
3447,3.447000,476878.230876,-1075765.950008,-598887.719131,1.355303e-02,-1284.371613,517.899892,646.013428,0.192,9.202,0.017,0.000,0.000,0.000
3448,3.448000,476852.560428,-1075739.444809,-598886.884381,1.355440e-02,-1284.321930,517.817763,646.241513,0.180,4.673,0.019,0.000,0.000,0.000
3449,3.449000,476827.113466,-1075712.960615,-598885.847149,1.355611e-02,-1284.170370,517.850648,646.487842,0.214,12.268,0.020,0.000,0.000,0.000
3450,3.450000,476802.119202,-1075686.462298,-598884.343095,1.355859e-02,-1284.055173,518.021329,646.763225,0.196,4.677,0.017,0.000,0.000,0.000
3451,3.451000,476777.184963,-1075659.949935,-598882.764972,1.356119e-02,-1284.038009,518.096470,647.138609,0.202,11.693,0.019,0.000,0.000,0.000
3452,3.452000,476751.832500,-1075633.413697,-598881.581197,1.356314e-02,-1284.105632,517.923178,647.147204,0.195,4.614,0.019,0.000,0.000,0.000
3453,3.453000,476726.003028,-1075606.901909,-598880.898882,1.356426e-02,-1284.156364,517.629107,646.993600,0.183,6.185,0.018,0.000,0.000,0.000
3454,3.454000,476700.247845,-1075580.431782,-598880.183937,1.356544e-02,-1284.170798,517.508947,647.167269,0.181,4.612,0.019,0.000,0.000,0.000
3455,3.455000,476674.663003,-1075553.988915,-598879.325912,1.356685e-02,-1284.198777,517.336760,647.488473,0.190,9.152,0.018,0.000,0.000,0.000
3456,3.456000,476649.316142,-1075527.551486,-598878.235344,1.356865e-02,-1284.247271,517.234922,647.820106,0.263,7.145,0.030,0.000,0.000,0.000
3457,3.457000,476623.895326,-1075501.106279,-598877.210953,1.357034e-02,-1284.256406,517.258115,647.998259,0.179,4.610,0.018,0.000,0.000,0.000
3458,3.458000,476598.140889,-1075474.642778,-598876.501889,1.357150e-02,-1284.313969,517.443899,648.083532,0.173,9.206,0.017,0.000,0.000,0.000
3459,3.459000,476574.018401,-1075448.158977,-598874.140577,1.357539e-02,-1285.320491,518.743210,647.203165,0.175,4.698,0.018,0.000,0.000,0.000
3460,3.460000,476549.640156,-1075421.426479,-598871.786323,1.357927e-02,-1286.308261,519.816019,646.397675,0.211,4.686,0.016,0.000,0.000,0.000
3461,3.461000,476523.817197,-1075394.706402,-598870.889205,1.358075e-02,-1286.424192,519.806824,646.704189,0.173,10.714,0.017,0.000,0.000,0.000
3462,3.462000,476498.085382,-1075367.990124,-598869.904742,1.358237e-02,-1286.447761,519.890038,647.052143,0.307,4.736,0.025,0.000,0.000,0.000
3463,3.463000,476472.280471,-1075341.275925,-598868.995454,1.358387e-02,-1286.413861,520.014068,647.317293,0.201,13.244,0.018,0.000,0.000,0.000
3464,3.464000,476446.708192,-1075314.556843,-598867.848652,1.358576e-02,-1286.356752,520.286675,647.416497,0.194,8.755,0.018,0.000,0.000,0.000
3465,3.465000,476421.147998,-1075287.836004,-598866.688006,1.358767e-02,-1286.389798,520.459269,647.563807,0.183,4.685,0.018,0.000,0.000,0.000
3466,3.466000,476395.496127,-1075261.131580,-598865.635453,1.358940e-02,-1286.400852,520.503851,647.783074,0.188,10.733,0.018,0.000,0.000,0.000
3467,3.467000,476370.013162,-1075234.435116,-598864.421954,1.359140e-02,-1286.207056,520.536736,647.857591,0.180,4.690,0.019,0.000,0.000,0.000
3468,3.468000,476344.433842,-1075207.740566,-598863.306724,1.359324e-02,-1285.983914,520.545139,647.943059,0.178,9.222,0.017,0.000,0.000,0.000
3469,3.469000,476318.623477,-1075181.045606,-598862.422129,1.359470e-02,-1285.905930,520.600706,648.074076,0.176,4.582,0.017,0.000,0.000,0.000
3470,3.470000,476292.746961,-1075154.346086,-598861.599125,1.359605e-02,-1285.860319,520.598479,648.228533,0.178,10.656,0.018,0.000,0.000,0.000
3471,3.471000,476266.878964,-1075127.650690,-598860.771726,1.359741e-02,-1285.787365,520.608909,648.415918,0.175,4.659,0.016,0.000,0.000,0.000
3472,3.472000,476241.177140,-1075100.955983,-598859.778843,1.359905e-02,-1285.771844,520.797931,648.525344,0.174,10.726,0.017,0.000,0.000,0.000
3473,3.473000,476215.433590,-1075074.246886,-598858.813297,1.360064e-02,-1285.777692,521.049614,648.673955,0.173,4.633,0.016,0.000,0.000,0.000
3474,3.474000,476189.594008,-1075047.543560,-598857.949552,1.360206e-02,-1285.908603,521.370537,648.883772,0.177,12.239,0.019,0.000,0.000,0.000
3475,3.475000,476163.778103,-1075020.830562,-598857.052459,1.360354e-02,-1286.233429,521.778716,649.151206,0.173,4.671,0.017,0.000,0.000,0.000
3476,3.476000,476138.613600,-1074994.092786,-598855.479186,1.360613e-02,-1286.482686,522.161144,648.867322,0.172,13.737,0.017,0.000,0.000,0.000
3477,3.477000,476113.405330,-1074967.268982,-598853.863652,1.360879e-02,-1286.684010,522.329351,648.682234,0.182,10.730,0.017,0.000,0.000,0.000
3478,3.478000,476087.707221,-1074940.432047,-598852.724826,1.361067e-02,-1286.856403,522.290441,648.987397,0.174,4.676,0.017,0.000,0.000,0.000
3479,3.479000,476061.699321,-1074913.579052,-598851.879731,1.361206e-02,-1286.970187,522.300969,649.192389,0.174,4.613,0.017,0.000,0.000,0.000
3480,3.480000,476035.313471,-1074886.730014,-598851.416542,1.361282e-02,-1287.072051,522.280586,649.603631,0.174,10.653,0.018,0.000,0.000,0.000
3481,3.481000,476008.918975,-1074859.856781,-598850.937805,1.361361e-02,-1287.174382,522.259793,649.987794,0.174,4.608,0.018,0.000,0.000,0.000
3482,3.482000,475982.499877,-1074832.980585,-598850.480708,1.361437e-02,-1287.245921,522.317827,650.184315,0.169,6.196,0.017,0.000,0.000,0.000
3483,3.483000,475956.039195,-1074806.111376,-598850.072181,1.361504e-02,-1287.234911,522.407275,650.306297,0.169,4.621,0.017,0.000,0.000,0.000
3484,3.484000,475929.590369,-1074779.251189,-598849.660819,1.361572e-02,-1287.203485,522.456618,650.309000,0.222,9.184,0.019,0.000,0.000,0.000
3485,3.485000,475903.676383,-1074752.394384,-598848.718001,1.361727e-02,-1287.181272,522.445356,650.198526,0.191,7.653,0.017,0.000,0.000,0.000
3486,3.486000,475877.735308,-1074725.505936,-598847.770628,1.361883e-02,-1287.149966,522.397916,650.136957,0.183,4.690,0.017,0.000,0.000,0.000
3487,3.487000,475851.537515,-1074698.629990,-598847.092475,1.361995e-02,-1287.192314,522.405632,650.240456,0.189,9.237,0.020,0.000,0.000,0.000
3488,3.488000,475825.493617,-1074671.750331,-598846.256714,1.362132e-02,-1287.244466,522.420269,650.422585,0.194,4.613,0.020,0.000,0.000,0.000
3489,3.489000,475799.646427,-1074644.872777,-598845.226350,1.362302e-02,-1287.057651,522.001813,650.500796,0.213,12.167,0.022,0.000,0.000,0.000
3490,3.490000,475773.588291,-1074617.950465,-598844.362174,1.362444e-02,-1286.930504,521.776476,650.641098,0.200,4.612,0.017,0.000,0.000,0.000
3491,3.491000,475747.522141,-1074591.030709,-598843.508568,1.362585e-02,-1286.927816,522.079144,650.962346,0.187,4.615,0.017,0.000,0.000,0.000
3492,3.492000,475722.066551,-1074564.071312,-598842.004761,1.362833e-02,-1286.892895,522.370223,651.463123,0.182,13.766,0.018,0.000,0.000,0.000
3493,3.493000,475697.401782,-1074537.048028,-598839.646246,1.363221e-02,-1286.861256,522.776989,652.450632,0.196,4.674,0.020,0.000,0.000,0.000
3494,3.494000,475673.186073,-1074509.865384,-598836.679312,1.363710e-02,-1286.770379,523.028645,653.762206,0.193,10.675,0.018,0.000,0.000,0.000
3495,3.495000,475647.650471,-1074482.529647,-598834.879176,1.364006e-02,-1286.671876,522.988273,654.449429,0.194,4.607,0.021,0.000,0.000,0.000
3496,3.496000,475621.551374,-1074455.204169,-598833.652794,1.364208e-02,-1286.662253,522.808099,654.542925,0.179,4.606,0.018,0.000,0.000,0.000
3497,3.497000,475595.757105,-1074427.822367,-598832.065261,1.364470e-02,-1286.738401,522.497674,654.595057,0.182,4.606,0.018,0.000,0.000,0.000
3498,3.498000,475571.649741,-1074400.393946,-598828.744205,1.365017e-02,-1286.754375,522.427229,655.323169,0.179,9.213,0.018,0.000,0.000,0.000
3499,3.499000,475547.049209,-1074372.785312,-598825.736103,1.365512e-02,-1286.716980,522.536336,656.129560,0.175,6.162,0.018,0.000,0.000,0.000
3500,3.500000,475520.617226,-1074345.181911,-598824.564686,1.365705e-02,-1286.594407,522.858888,656.563343,0.178,6.123,0.018,0.000,0.000,0.000
3501,3.501000,475494.329303,-1074317.434444,-598823.105141,1.365946e-02,-1286.424889,523.207505,656.951099,0.247,4.686,0.025,0.000,0.000,0.000
3502,3.502000,475467.849559,-1074289.662993,-598821.813435,1.366158e-02,-1286.304788,523.258442,657.161715,0.237,12.226,0.023,0.000,0.000,0.000
3503,3.503000,475441.071890,-1074261.858177,-598820.786287,1.366328e-02,-1286.231578,523.311473,657.368087,0.319,4.739,0.022,0.000,0.000,0.000
3504,3.504000,475414.306787,-1074234.058506,-598819.751719,1.366498e-02,-1286.164265,523.358887,657.562469,0.200,13.770,0.019,0.000,0.000,0.000
3505,3.505000,475387.657442,-1074206.225801,-598818.568358,1.366693e-02,-1286.109366,523.369317,657.626727,0.205,9.173,0.022,0.000,0.000,0.000
3506,3.506000,475360.680510,-1074178.378718,-598817.698208,1.366836e-02,-1286.067658,523.428507,657.677473,0.210,4.599,0.019,0.000,0.000,0.000
3507,3.507000,475333.540091,-1074150.504322,-598816.964231,1.366957e-02,-1285.959282,523.544513,657.832976,0.186,9.202,0.018,0.000,0.000,0.000
3508,3.508000,475306.519742,-1074122.628319,-598816.108577,1.367098e-02,-1285.826238,523.720023,657.960520,0.184,4.686,0.017,0.000,0.000,0.000
3509,3.509000,475279.662912,-1074094.715091,-598815.052179,1.367272e-02,-1285.649508,523.910295,658.203324,0.182,12.175,0.018,0.000,0.000,0.000
3510,3.510000,475252.557366,-1074066.749270,-598814.191904,1.367414e-02,-1285.517701,523.978095,658.444496,0.183,4.680,0.017,0.000,0.000,0.000
3511,3.511000,475225.271805,-1074038.787022,-598813.515217,1.367525e-02,-1285.427160,524.010126,658.724613,0.181,10.698,0.017,0.000,0.000,0.000
3512,3.512000,475198.002379,-1074010.779236,-598812.776857,1.367647e-02,-1285.281299,524.067357,659.097837,0.179,7.639,0.017,0.000,0.000,0.000
3513,3.513000,475170.805477,-1073982.720666,-598811.915189,1.367789e-02,-1285.097544,524.254521,659.495627,0.222,4.628,0.026,0.000,0.000,0.000
3514,3.514000,475143.393162,-1073954.598678,-598811.205516,1.367906e-02,-1284.996201,524.354078,659.788972,0.192,13.547,0.020,0.000,0.000,0.000
3515,3.515000,475115.892756,-1073926.474207,-598810.581451,1.368008e-02,-1284.968042,524.366440,659.890282,0.184,4.596,0.018,0.000,0.000,0.000
3516,3.516000,475088.576602,-1073898.339154,-598809.762551,1.368143e-02,-1284.864545,524.485477,660.068220,0.193,10.672,0.019,0.000,0.000,0.000
3517,3.517000,475061.561311,-1073870.149312,-598808.588001,1.368337e-02,-1284.719041,524.616820,660.396845,0.178,4.611,0.016,0.000,0.000,0.000
3518,3.518000,475034.443407,-1073841.890573,-598807.447166,1.368525e-02,-1284.710924,524.728178,660.607019,0.178,10.658,0.017,0.000,0.000,0.000
3519,3.519000,475006.990439,-1073813.618668,-598806.628230,1.368660e-02,-1284.688826,524.783714,660.795977,0.177,4.706,0.017,0.000,0.000,0.000
3520,3.520000,474979.819411,-1073785.276352,-598805.456941,1.368853e-02,-1284.450254,524.838271,661.228149,0.175,7.638,0.017,0.000,0.000,0.000
3521,3.521000,474952.333534,-1073756.839755,-598804.506220,1.369009e-02,-1284.231199,524.762478,661.799406,0.173,4.681,0.016,0.000,0.000,0.000
3522,3.522000,474924.260341,-1073728.357253,-598804.096912,1.369077e-02,-1284.109186,524.567934,662.142440,0.173,12.268,0.017,0.000,0.000,0.000
3523,3.523000,474896.782435,-1073699.841629,-598803.059194,1.369247e-02,-1283.475738,524.214623,662.888434,0.173,4.661,0.016,0.000,0.000,0.000
3524,3.524000,474869.271664,-1073671.164432,-598801.892768,1.369440e-02,-1282.879724,523.926145,663.661151,0.222,10.754,0.022,0.000,0.000,0.000
3525,3.525000,474841.169973,-1073642.479993,-598801.310019,1.369536e-02,-1282.838551,523.850157,663.861556,0.199,4.622,0.023,0.000,0.000,0.000
3526,3.526000,474813.081138,-1073613.784573,-598800.703435,1.369635e-02,-1282.755173,523.964882,664.148110,0.186,12.291,0.019,0.000,0.000,0.000
3527,3.527000,474785.016722,-1073585.053466,-598800.036745,1.369745e-02,-1282.645786,524.088509,664.419406,0.197,6.103,0.020,0.000,0.000,0.000
3528,3.528000,474756.963972,-1073556.290704,-598799.326733,1.369862e-02,-1282.559456,524.165713,664.625988,0.224,4.633,0.019,0.000,0.000,0.000
3529,3.529000,474728.873904,-1073527.511992,-598798.638089,1.369976e-02,-1282.472949,524.224951,664.775077,0.190,10.664,0.017,0.000,0.000,0.000
3530,3.530000,474700.843475,-1073498.715037,-598797.871562,1.370102e-02,-1282.359707,524.316629,664.929277,0.214,4.620,0.018,0.000,0.000,0.000
3531,3.531000,474673.199447,-1073469.879347,-598796.679900,1.370298e-02,-1282.630243,524.669688,665.481545,0.184,4.608,0.017,0.000,0.000,0.000
3532,3.532000,474645.412130,-1073440.965777,-598795.553647,1.370484e-02,-1282.951034,525.055108,665.999997,0.195,10.728,0.022,0.000,0.000,0.000
3533,3.533000,474617.149188,-1073412.037560,-598794.888372,1.370593e-02,-1283.004384,525.182329,665.998002,0.183,4.672,0.017,0.000,0.000,0.000
3534,3.534000,474589.079445,-1073383.091890,-598794.012446,1.370738e-02,-1283.314504,525.483730,666.301427,0.181,12.276,0.017,0.000,0.000,0.000
3535,3.535000,474561.147173,-1073354.083921,-598792.936748,1.370915e-02,-1283.553898,525.988073,666.822041,0.187,4.661,0.019,0.000,0.000,0.000
3536,3.536000,474533.177488,-1073325.043027,-598791.865539,1.371091e-02,-1283.565261,526.386829,667.079929,0.187,13.727,0.019,0.000,0.000,0.000
3537,3.537000,474505.059430,-1073295.962216,-598790.902785,1.371250e-02,-1283.603593,526.830439,667.235683,0.178,10.652,0.018,0.000,0.000,0.000
3538,3.538000,474476.874188,-1073266.859732,-598789.985544,1.371401e-02,-1283.586226,527.173038,667.319572,0.183,4.684,0.019,0.000,0.000,0.000
3539,3.539000,474448.717845,-1073237.724796,-598789.006951,1.371562e-02,-1283.428374,527.328456,667.661054,0.175,4.611,0.017,0.000,0.000,0.000
3540,3.540000,474420.280619,-1073208.498787,-598788.218167,1.371692e-02,-1283.306862,527.504879,667.988197,0.176,10.633,0.018,0.000,0.000,0.000
3541,3.541000,474391.601259,-1073179.245278,-598787.644019,1.371787e-02,-1283.298288,527.731684,668.100852,0.224,4.616,0.024,0.000,0.000,0.000
3542,3.542000,474362.995340,-1073149.972780,-598786.977441,1.371896e-02,-1283.277137,527.972291,668.325612,0.199,6.111,0.017,0.000,0.000,0.000
3543,3.543000,474334.508987,-1073120.674362,-598786.165375,1.372030e-02,-1283.340457,528.367247,668.676088,0.193,4.610,0.018,0.000,0.000,0.000
3544,3.544000,474306.087247,-1073091.334615,-598785.247368,1.372181e-02,-1283.411260,528.648471,668.892975,0.184,9.217,0.017,0.000,0.000,0.000
3545,3.545000,474277.706869,-1073061.967442,-598784.260573,1.372344e-02,-1283.385886,528.887831,668.944463,0.218,6.223,0.028,0.000,0.000,0.000
3546,3.546000,474249.200689,-1073032.546593,-598783.345904,1.372494e-02,-1283.361608,529.142018,668.929954,0.208,4.610,0.017,0.000,0.000,0.000
3547,3.547000,474220.687858,-1073003.105890,-598782.418032,1.372647e-02,-1283.350978,529.411239,669.013049,0.180,8.833,0.019,0.000,0.000,0.000
3548,3.548000,474192.056990,-1072973.623389,-598781.566399,1.372788e-02,-1283.383600,529.681398,669.137815,0.181,6.180,0.019,0.000,0.000,0.000
3549,3.549000,474163.180003,-1072944.112794,-598780.932791,1.372892e-02,-1283.469148,529.871139,669.203721,0.179,4.597,0.019,0.000,0.000,0.000
3550,3.550000,474134.289152,-1072914.573571,-598780.284419,1.372999e-02,-1283.556180,530.054856,669.248544,0.176,10.679,0.017,0.000,0.000,0.000
3551,3.551000,474105.424907,-1072885.002872,-598779.577964,1.373115e-02,-1283.673578,530.124706,669.206356,0.198,4.682,0.020,0.000,0.000,0.000
3552,3.552000,474076.608104,-1072855.406929,-598778.798826,1.373243e-02,-1283.756294,530.231888,669.203568,0.176,12.168,0.017,0.000,0.000,0.000
3553,3.553000,474047.508664,-1072825.775707,-598778.267043,1.373331e-02,-1283.748208,530.299080,669.227025,0.183,4.660,0.019,0.000,0.000,0.000
3554,3.554000,474018.383872,-1072796.094025,-598777.710153,1.373423e-02,-1283.740951,530.266930,669.309048,0.172,13.711,0.018,0.000,0.000,0.000
3555,3.555000,473989.621500,-1072766.376124,-598776.754624,1.373580e-02,-1283.712385,530.220691,669.527008,0.174,4.603,0.017,0.000,0.000,0.000
3556,3.556000,473960.877406,-1072736.624826,-598775.747420,1.373746e-02,-1283.645291,530.182327,669.804418,0.170,4.676,0.018,0.000,0.000,0.000
3557,3.557000,473932.071137,-1072706.836178,-598774.765040,1.373908e-02,-1283.539295,530.238128,670.215675,0.171,10.687,0.018,0.000,0.000,0.000
3558,3.558000,473903.162312,-1072676.959862,-598773.797549,1.374067e-02,-1283.465723,530.420517,670.592991,0.173,4.312,0.017,0.000,0.000,0.000
3559,3.559000,473874.129978,-1072647.049468,-598772.919490,1.374212e-02,-1283.447449,530.752964,670.815730,0.172,10.671,0.018,0.000,0.000,0.000
3560,3.560000,473844.769468,-1072617.094663,-598772.325195,1.374310e-02,-1283.403971,530.928970,671.045919,0.170,4.672,0.017,0.000,0.000,0.000
3561,3.561000,473815.397394,-1072587.096979,-598771.699585,1.374413e-02,-1283.298800,531.061716,671.500765,0.185,10.727,0.026,0.000,0.000,0.000
3562,3.562000,473785.936523,-1072557.006308,-598771.069785,1.374517e-02,-1283.228103,531.199444,671.801489,0.174,4.664,0.017,0.000,0.000,0.000
3563,3.563000,473756.435393,-1072526.894453,-598770.459060,1.374617e-02,-1283.169788,531.224268,672.052929,0.173,4.594,0.018,0.000,0.000,0.000
3564,3.564000,473727.080011,-1072496.696217,-598769.616206,1.374756e-02,-1283.079516,531.293633,672.680986,0.224,13.737,0.021,0.000,0.000,0.000
3565,3.565000,473697.825830,-1072466.400201,-598768.574371,1.374928e-02,-1282.979231,531.373381,673.323890,0.197,10.651,0.018,0.000,0.000,0.000
3566,3.566000,473668.564945,-1072436.011896,-598767.446951,1.375113e-02,-1282.782957,531.396733,673.941066,0.184,4.675,0.018,0.000,0.000,0.000
3567,3.567000,473639.087119,-1072405.527569,-598766.440451,1.375279e-02,-1282.571968,531.509434,674.576840,0.189,13.710,0.018,0.000,0.000,0.000
3568,3.568000,473609.411641,-1072374.936723,-598765.525082,1.375430e-02,-1282.431982,531.784543,675.133261,0.213,4.676,0.018,0.000,0.000,0.000
3569,3.569000,473579.365335,-1072344.235163,-598764.869827,1.375538e-02,-1282.422438,531.974307,675.309625,0.201,12.256,0.020,0.000,0.000,0.000
3570,3.570000,473549.269105,-1072313.509743,-598764.240639,1.375641e-02,-1282.489975,532.091142,675.280491,0.198,4.678,0.022,0.000,0.000,0.000
3571,3.571000,473519.399641,-1072282.752135,-598763.352494,1.375788e-02,-1282.523365,532.263921,675.486641,0.191,6.185,0.018,0.000,0.000,0.000
3572,3.572000,473489.600415,-1072251.946556,-598762.346141,1.375953e-02,-1282.675502,532.430838,675.815598,0.191,6.196,0.017,0.000,0.000,0.000
3573,3.573000,473459.769867,-1072221.059409,-598761.289542,1.376127e-02,-1282.868926,532.664491,675.947538,0.204,6.183,0.020,0.000,0.000,0.000
3574,3.574000,473429.797113,-1072190.129747,-598760.332634,1.376285e-02,-1282.910394,532.816409,676.017104,0.178,6.136,0.018,0.000,0.000,0.000
3575,3.575000,473399.866962,-1072159.163579,-598759.296618,1.376456e-02,-1282.802477,532.780126,676.385253,0.177,6.118,0.017,0.000,0.000,0.000
3576,3.576000,473369.813941,-1072128.106063,-598758.292122,1.376621e-02,-1282.613265,532.651669,677.039134,0.176,10.735,0.017,0.000,0.000,0.000
3577,3.577000,473339.562940,-1072096.951492,-598757.388552,1.376770e-02,-1282.460559,532.542616,677.636780,0.180,4.660,0.019,0.000,0.000,0.000
3578,3.578000,473309.235973,-1072065.703530,-598756.467556,1.376922e-02,-1282.417533,532.835496,677.936242,0.177,4.688,0.017,0.000,0.000,0.000
3579,3.579000,473278.671968,-1072034.380417,-598755.708449,1.377047e-02,-1282.471148,533.166151,678.032105,0.172,10.669,0.017,0.000,0.000,0.000
3580,3.580000,473248.007611,-1072003.026295,-598755.018684,1.377160e-02,-1282.586855,533.374120,677.886739,0.185,4.699,0.021,0.000,0.000,0.000
3581,3.581000,473217.423067,-1071971.629734,-598754.206667,1.377294e-02,-1282.657917,533.739649,677.843774,0.218,13.795,0.021,0.000,0.000,0.000
3582,3.582000,473186.909149,-1071940.178873,-598753.269724,1.377448e-02,-1282.695191,534.152925,677.944522,0.189,9.156,0.017,0.000,0.000,0.000
3583,3.583000,473156.292416,-1071908.676116,-598752.383701,1.377594e-02,-1282.790389,534.650383,677.902441,0.191,4.710,0.017,0.000,0.000,0.000
3584,3.584000,473125.527730,-1071877.106123,-598751.578393,1.377727e-02,-1282.822357,535.117044,677.900607,0.183,4.676,0.017,0.000,0.000,0.000
3585,3.585000,473095.151247,-1071845.488375,-598750.337128,1.377931e-02,-1282.872565,535.487873,677.696917,0.191,12.180,0.022,0.000,0.000,0.000
3586,3.586000,473065.364743,-1071813.801320,-598748.436577,1.378245e-02,-1282.907232,535.904188,677.844332,0.178,4.611,0.017,0.000,0.000,0.000
3587,3.587000,473035.046402,-1071781.920593,-598746.874191,1.378502e-02,-1282.974292,536.312986,677.967829,0.177,4.611,0.017,0.000,0.000,0.000
3588,3.588000,473004.095565,-1071749.972898,-598745.877333,1.378666e-02,-1283.073875,536.546286,677.950757,0.191,4.611,0.017,0.000,0.000,0.000
3589,3.589000,472973.046653,-1071717.952737,-598744.906084,1.378826e-02,-1283.127081,536.656088,678.285565,0.179,6.130,0.018,0.000,0.000,0.000
3590,3.590000,472942.199975,-1071685.890449,-598743.690474,1.379026e-02,-1283.152099,536.763378,678.403309,0.175,6.132,0.017,0.000,0.000,0.000
3591,3.591000,472911.140443,-1071653.761760,-598742.621318,1.379202e-02,-1283.157013,536.924683,678.380200,0.201,9.152,0.018,0.000,0.000,0.000
3592,3.592000,472879.733022,-1071621.612637,-598741.879615,1.379325e-02,-1283.184492,537.051317,678.482748,0.227,4.695,0.022,0.000,0.000,0.000
3593,3.593000,472848.277766,-1071589.420544,-598741.142778,1.379446e-02,-1283.191761,537.071369,678.526763,0.220,10.741,0.021,0.000,0.000,0.000
3594,3.594000,472816.904667,-1071557.206932,-598740.302265,1.379584e-02,-1283.221242,537.017185,678.364695,0.219,4.618,0.018,0.000,0.000,0.000
3595,3.595000,472785.620868,-1071524.951718,-598739.330850,1.379744e-02,-1283.282867,536.968547,678.181018,0.215,10.676,0.029,0.000,0.000,0.000
3596,3.596000,472754.558805,-1071492.659250,-598738.100445,1.379947e-02,-1283.283959,537.024532,678.350732,0.232,4.685,0.028,0.000,0.000,0.000
3597,3.597000,472723.880604,-1071460.294437,-598736.413833,1.380225e-02,-1283.276350,537.236815,678.937540,0.225,10.682,0.021,0.000,0.000,0.000
3598,3.598000,472693.106365,-1071427.766680,-598734.660315,1.380514e-02,-1283.166845,537.431188,679.734623,0.231,4.686,0.027,0.000,0.000,0.000
3599,3.599000,472661.874519,-1071395.127358,-598733.252838,1.380745e-02,-1283.007500,537.501314,680.485318,0.203,12.161,0.019,0.000,0.000,0.000
3600,3.600000,472630.114373,-1071362.413197,-598732.298824,1.380903e-02,-1283.049823,537.553919,680.424386,0.197,4.681,0.018,0.000,0.000,0.000
3601,3.601000,472598.089239,-1071329.666335,-598731.577096,1.381021e-02,-1283.124407,537.589854,680.354863,0.199,6.108,0.018,0.000,0.000,0.000
3602,3.602000,472565.902441,-1071296.874191,-598730.971750,1.381121e-02,-1283.128879,537.599875,680.704411,0.216,10.739,0.019,0.000,0.000,0.000
3603,3.603000,472533.728930,-1071264.037507,-598730.308578,1.381230e-02,-1283.175292,537.590479,680.800417,0.252,4.686,0.028,0.000,0.000,0.000
3604,3.604000,472501.479490,-1071231.168459,-598729.688969,1.381332e-02,-1283.379062,537.523225,680.507986,0.224,12.225,0.023,0.000,0.000,0.000
3605,3.605000,472469.121022,-1071198.250412,-598729.129390,1.381425e-02,-1283.527940,537.441928,680.340535,0.211,4.612,0.025,0.000,0.000,0.000
3606,3.606000,472436.969151,-1071165.304166,-598728.335016,1.381556e-02,-1283.533111,537.398943,680.594719,0.230,10.740,0.028,0.000,0.000,0.000
3607,3.607000,472404.885984,-1071132.314152,-598727.428167,1.381705e-02,-1283.558929,537.382103,680.824727,0.226,4.695,0.021,0.000,0.000,0.000
3608,3.608000,472372.483841,-1071099.279565,-598726.795724,1.381809e-02,-1283.552633,537.374540,681.148016,0.210,12.246,0.024,0.000,0.000,0.000
3609,3.609000,472339.664571,-1071066.184549,-598726.519978,1.381854e-02,-1283.559014,537.400492,681.393620,0.202,4.620,0.019,0.000,0.000,0.000
3610,3.610000,472307.204817,-1071033.061314,-598725.856496,1.381964e-02,-1283.540841,537.396144,681.633758,0.204,10.676,0.018,0.000,0.000,0.000
3611,3.611000,472275.106324,-1070999.859135,-598724.752811,1.382146e-02,-1283.514775,537.336530,681.902336,0.200,4.621,0.024,0.000,0.000,0.000
3612,3.612000,472242.842892,-1070966.629238,-598723.786346,1.382305e-02,-1283.559805,537.296668,681.989760,0.187,13.763,0.018,0.000,0.000,0.000
3613,3.613000,472210.330166,-1070933.342627,-598723.012462,1.382432e-02,-1283.590471,537.250744,682.033145,0.195,12.250,0.017,0.000,0.000,0.000
3614,3.614000,472177.720425,-1070900.028719,-598722.308294,1.382548e-02,-1283.614460,537.220309,682.096553,0.193,4.611,0.018,0.000,0.000,0.000
3615,3.615000,472145.211976,-1070866.686806,-598721.474830,1.382685e-02,-1283.649264,537.181024,682.107755,0.183,13.758,0.017,0.000,0.000,0.000
3616,3.616000,472112.552517,-1070833.322316,-598720.769799,1.382802e-02,-1283.704774,537.161451,682.118699,0.182,4.612,0.017,0.000,0.000,0.000
3617,3.617000,472079.654600,-1070799.940489,-598720.285889,1.382881e-02,-1283.812448,537.088049,682.072110,0.182,4.612,0.018,0.000,0.000,0.000
3618,3.618000,472046.810309,-1070766.542971,-598719.732663,1.382972e-02,-1283.925586,536.935349,681.912642,0.182,10.674,0.017,0.000,0.000,0.000
3619,3.619000,472014.000177,-1070733.125672,-598719.125495,1.383072e-02,-1283.998231,536.799413,681.745265,0.178,4.616,0.017,0.000,0.000,0.000
3620,3.620000,471981.117990,-1070699.703606,-598718.585616,1.383161e-02,-1284.148836,536.699283,681.586966,0.242,12.294,0.021,0.000,0.000,0.000
3621,3.621000,471948.147451,-1070666.239832,-598718.092381,1.383243e-02,-1284.317481,536.594365,681.449239,0.206,4.685,0.020,0.000,0.000,0.000
3622,3.622000,471915.126244,-1070632.763166,-598717.636922,1.383318e-02,-1284.413608,536.482319,681.339214,0.188,10.659,0.017,0.000,0.000,0.000
3623,3.623000,471882.088526,-1070599.275631,-598717.187105,1.383392e-02,-1284.491531,536.426137,681.293246,0.185,4.635,0.017,0.000,0.000,0.000
3624,3.624000,471848.868459,-1070565.783757,-598716.915298,1.383436e-02,-1284.575787,536.402222,681.205799,0.191,10.735,0.020,0.000,0.000,0.000
3625,3.625000,471815.607972,-1070532.285753,-598716.677780,1.383476e-02,-1284.675841,536.322322,681.019769,0.194,4.680,0.019,0.000,0.000,0.000
3626,3.626000,471782.545267,-1070498.777284,-598716.232017,1.383549e-02,-1284.825897,536.218380,680.911351,0.179,12.174,0.018,0.000,0.000,0.000
3627,3.627000,471749.424498,-1070465.222028,-598715.797530,1.383621e-02,-1284.982402,536.202412,680.988508,0.178,4.448,0.017,0.000,0.000,0.000
3628,3.628000,471716.355688,-1070431.659536,-598715.303849,1.383702e-02,-1285.278353,536.237995,680.694461,0.178,13.782,0.018,0.000,0.000,0.000
3629,3.629000,471683.329451,-1070398.028283,-598714.698831,1.383802e-02,-1285.648820,536.228259,680.349512,0.185,4.611,0.020,0.000,0.000,0.000
3630,3.630000,471650.347687,-1070364.366117,-598714.018430,1.383914e-02,-1285.817914,536.157716,680.385769,0.183,10.736,0.018,0.000,0.000,0.000
3631,3.631000,471617.411019,-1070330.681172,-598713.270153,1.384037e-02,-1285.962501,536.082986,680.374764,0.190,4.620,0.021,0.000,0.000,0.000
3632,3.632000,471584.354052,-1070296.969491,-598712.615439,1.384145e-02,-1286.186949,536.094262,680.267081,0.188,5.786,0.022,0.000,0.000,0.000
3633,3.633000,471551.127588,-1070263.226908,-598712.099320,1.384230e-02,-1286.391302,536.150089,680.111912,0.190,4.592,0.019,0.000,0.000,0.000
3634,3.634000,471517.899868,-1070229.476921,-598711.577053,1.384316e-02,-1286.527107,536.115009,679.946426,0.186,9.144,0.018,0.000,0.000,0.000
3635,3.635000,471484.695463,-1070195.722362,-598711.026899,1.384406e-02,-1286.753163,536.099491,679.380467,0.212,6.187,0.017,0.000,0.000,0.000
3636,3.636000,471451.564354,-1070161.949249,-598710.384895,1.384512e-02,-1287.002997,536.079692,679.045612,0.175,6.178,0.018,0.000,0.000,0.000
3637,3.637000,471418.585768,-1070128.159524,-598709.573755,1.384646e-02,-1287.228156,536.128371,679.240148,0.173,4.682,0.017,0.000,0.000,0.000
3638,3.638000,471385.550237,-1070094.311355,-598708.761119,1.384780e-02,-1287.480911,536.226755,679.283104,0.172,10.746,0.017,0.000,0.000,0.000
3639,3.639000,471352.312468,-1070060.453389,-598708.140921,1.384882e-02,-1287.751259,536.262112,679.090289,0.174,4.620,0.016,0.000,0.000,0.000
3640,3.640000,471319.008658,-1070026.578996,-598707.570338,1.384976e-02,-1287.985625,536.400895,678.797407,0.181,10.725,0.017,0.000,0.000,0.000
3641,3.641000,471285.780324,-1069992.695185,-598706.914861,1.385084e-02,-1288.078597,536.495220,678.725901,0.173,4.678,0.019,0.000,0.000,0.000
3642,3.642000,471252.641070,-1069958.818822,-598706.177752,1.385205e-02,-1288.180059,536.634359,678.668847,0.175,10.720,0.017,0.000,0.000,0.000
3643,3.643000,471219.577458,-1069924.928583,-598705.351125,1.385341e-02,-1288.313347,536.883524,678.568161,0.248,4.689,0.023,0.000,0.000,0.000
3644,3.644000,471186.458798,-1069891.036511,-598704.577713,1.385469e-02,-1288.432369,537.160460,678.496105,0.229,13.764,0.021,0.000,0.000,0.000
3645,3.645000,471153.658314,-1069857.135612,-598703.477298,1.385650e-02,-1288.682928,537.428859,677.998811,0.208,4.682,0.018,0.000,0.000,0.000
3646,3.646000,471120.593762,-1069823.213224,-598702.619462,1.385791e-02,-1288.910599,537.698732,677.532882,0.201,12.202,0.018,0.000,0.000,0.000
3647,3.647000,471087.159254,-1069789.292598,-598702.133344,1.385871e-02,-1289.017999,538.039914,677.514925,0.222,4.623,0.023,0.000,0.000,0.000
3648,3.648000,471053.692242,-1069755.363673,-598701.671431,1.385947e-02,-1289.150216,538.350634,677.436658,0.205,6.057,0.018,0.000,0.000,0.000
3649,3.649000,471020.191654,-1069721.436510,-598701.244855,1.386018e-02,-1289.292874,538.611097,677.331591,0.205,6.198,0.020,0.000,0.000,0.000
3650,3.650000,470986.888648,-1069687.505794,-598700.617145,1.386121e-02,-1289.453043,538.846318,677.307876,0.197,4.690,0.018,0.000,0.000,0.000
3651,3.651000,470953.644221,-1069653.562626,-598699.918405,1.386236e-02,-1289.590260,539.062696,677.299816,0.207,6.193,0.018,0.000,0.000,0.000
3652,3.652000,470920.413151,-1069619.603692,-598699.190540,1.386356e-02,-1289.646481,539.333104,677.279074,0.197,12.158,0.018,0.000,0.000,0.000
3653,3.653000,470887.140053,-1069585.636698,-598698.496645,1.386470e-02,-1289.862717,539.550288,676.676221,0.199,4.686,0.018,0.000,0.000,0.000
3654,3.654000,470853.830571,-1069551.647757,-598697.817187,1.386582e-02,-1290.257572,539.815348,675.581480,0.200,11.849,0.018,0.000,0.000,0.000
3655,3.655000,470820.350217,-1069517.639518,-598697.289300,1.386669e-02,-1290.620434,540.205766,674.565560,0.193,4.677,0.018,0.000,0.000,0.000
3656,3.656000,470786.753352,-1069483.617045,-598696.863693,1.386739e-02,-1290.850651,540.537045,673.927504,0.197,4.625,0.024,0.000,0.000,0.000
3657,3.657000,470753.190609,-1069449.596753,-598696.406145,1.386815e-02,-1290.989125,540.874141,673.644247,0.183,4.690,0.017,0.000,0.000,0.000
3658,3.658000,470719.446143,-1069415.572171,-598696.126028,1.386861e-02,-1291.187246,541.273011,673.380377,0.187,7.710,0.018,0.000,0.000,0.000
3659,3.659000,470685.436994,-1069381.531153,-598696.094160,1.386866e-02,-1291.435727,541.542573,672.850064,0.178,7.611,0.018,0.000,0.000,0.000
3660,3.660000,470651.552673,-1069347.485728,-598695.933054,1.386893e-02,-1291.663607,541.737578,672.353348,0.221,12.162,0.021,0.000,0.000,0.000
3661,3.661000,470618.151300,-1069313.424886,-598695.273585,1.387001e-02,-1291.855040,542.115507,672.273616,0.201,4.678,0.018,0.000,0.000,0.000
3662,3.662000,470585.007699,-1069279.340951,-598694.333252,1.387156e-02,-1292.090457,542.562595,672.312096,0.206,4.607,0.021,0.000,0.000,0.000
3663,3.663000,470552.044751,-1069245.232183,-598693.187432,1.387345e-02,-1292.393320,543.032404,672.374346,0.181,10.649,0.018,0.000,0.000,0.000
3664,3.664000,470518.854712,-1069211.073506,-598692.218794,1.387504e-02,-1292.697363,543.363648,672.223871,0.197,4.680,0.023,0.000,0.000,0.000
3665,3.665000,470485.500635,-1069176.913324,-598691.412689,1.387637e-02,-1293.043605,543.593103,671.642147,0.179,11.941,0.020,0.000,0.000,0.000
3666,3.666000,470452.518549,-1069142.722288,-598690.203739,1.387836e-02,-1293.401065,543.956085,670.996219,0.178,4.243,0.019,0.000,0.000,0.000
3667,3.667000,470419.332653,-1069108.506369,-598689.173716,1.388006e-02,-1293.452826,544.490215,670.905382,0.227,4.410,0.035,0.000,0.000,0.000
3668,3.668000,470385.901003,-1069074.286573,-598688.385570,1.388136e-02,-1293.478590,545.042285,670.641450,0.187,13.665,0.018,0.000,0.000,0.000
3669,3.669000,470352.448911,-1069040.033479,-598687.584568,1.388268e-02,-1293.759943,545.419516,669.796724,0.179,4.562,0.017,0.000,0.000,0.000
3670,3.670000,470318.626252,-1069005.769296,-598687.143044,1.388340e-02,-1294.024161,545.707777,669.255184,0.179,12.084,0.019,0.000,0.000,0.000
3671,3.671000,470284.634848,-1068971.511642,-598686.876793,1.388384e-02,-1294.217541,545.966331,669.096630,0.182,6.132,0.019,0.000,0.000,0.000
3672,3.672000,470251.011091,-1068937.253296,-598686.242205,1.388489e-02,-1294.485822,546.335570,668.629807,0.175,4.597,0.017,0.000,0.000,0.000
3673,3.673000,470217.715833,-1068902.967767,-598685.251934,1.388652e-02,-1294.750581,546.815353,668.522907,0.174,4.608,0.017,0.000,0.000,0.000
3674,3.674000,470184.552544,-1068868.648171,-598684.095627,1.388842e-02,-1294.968865,547.304084,669.092342,0.173,9.230,0.017,0.000,0.000,0.000
3675,3.675000,470151.533545,-1068834.289097,-598682.755552,1.389063e-02,-1295.165558,547.718763,669.362230,0.170,4.659,0.018,0.000,0.000,0.000
3676,3.676000,470118.422878,-1068799.923259,-598681.500381,1.389270e-02,-1295.408158,548.015428,668.997783,0.188,9.141,0.017,0.000,0.000,0.000
3677,3.677000,470085.023900,-1068765.544814,-598680.520915,1.389431e-02,-1295.643370,548.376358,668.801521,0.175,6.135,0.017,0.000,0.000,0.000
3678,3.678000,470051.652403,-1068731.148165,-598679.495762,1.389600e-02,-1295.776491,548.606099,669.044275,0.172,6.176,0.017,0.000,0.000,0.000
3679,3.679000,470018.117711,-1068696.757995,-598678.640284,1.389741e-02,-1295.954799,548.716184,669.261694,0.170,10.724,0.017,0.000,0.000,0.000
3680,3.680000,469984.594055,-1068662.352795,-598677.758740,1.389886e-02,-1296.179555,548.958866,669.577347,0.174,4.677,0.017,0.000,0.000,0.000
3681,3.681000,469951.268039,-1068627.927783,-598676.659744,1.390067e-02,-1296.407181,549.247746,669.910123,0.211,12.253,0.021,0.000,0.000,0.000
3682,3.682000,469917.748161,-1068593.483094,-598675.734933,1.390219e-02,-1296.590568,549.499493,670.087362,0.221,4.638,0.022,0.000,0.000,0.000
3683,3.683000,469884.275991,-1068559.044614,-598674.768622,1.390379e-02,-1296.745604,549.834955,670.193397,0.203,10.655,0.019,0.000,0.000,0.000
3684,3.684000,469850.795360,-1068524.585071,-598673.789711,1.390540e-02,-1296.874479,550.161248,670.263342,0.191,4.092,0.017,0.000,0.000,0.000
3685,3.685000,469817.375955,-1068490.138205,-598672.762250,1.390709e-02,-1296.989382,550.389051,670.209039,0.191,4.682,0.022,0.000,0.000,0.000
3686,3.686000,469784.026334,-1068455.699588,-598671.673255,1.390888e-02,-1297.102565,550.543845,670.222558,0.181,14.534,0.017,0.000,0.000,0.000
3687,3.687000,469750.574660,-1068421.276980,-598670.702320,1.391048e-02,-1297.221006,550.597500,670.408565,0.222,6.116,0.020,0.000,0.000,0.000
3688,3.688000,469717.194907,-1068386.856020,-598669.661114,1.391220e-02,-1297.386047,550.680900,670.757501,0.197,4.704,0.018,0.000,0.000,0.000
3689,3.689000,469683.923679,-1068352.427876,-598668.504197,1.391410e-02,-1297.568704,550.789481,671.136484,0.194,6.180,0.018,0.000,0.000,0.000
3690,3.690000,469650.703655,-1068317.991801,-598667.288146,1.391611e-02,-1297.741277,550.939159,671.443279,0.204,7.689,0.018,0.000,0.000,0.000
3691,3.691000,469617.480554,-1068283.545741,-598666.065187,1.391812e-02,-1297.918305,551.163303,671.796076,0.195,9.222,0.018,0.000,0.000,0.000
3692,3.692000,469584.019416,-1068249.072619,-598665.053203,1.391979e-02,-1298.049837,551.332865,672.078917,0.180,4.636,0.018,0.000,0.000,0.000
3693,3.693000,469550.294552,-1068214.618159,-598664.323607,1.392099e-02,-1298.130993,551.487379,672.153759,0.189,10.654,0.023,0.000,0.000,0.000
3694,3.694000,469516.805308,-1068180.175557,-598663.370249,1.392256e-02,-1298.230347,551.728526,672.226640,0.178,4.619,0.018,0.000,0.000,0.000
3695,3.695000,469483.488618,-1068145.739419,-598662.250800,1.392440e-02,-1298.458349,552.063974,672.017401,0.203,10.672,0.022,0.000,0.000,0.000
3696,3.696000,469449.825686,-1068111.267910,-598661.442224,1.392574e-02,-1298.717990,552.354409,671.597805,0.178,4.673,0.017,0.000,0.000,0.000
3697,3.697000,469416.146596,-1068076.804056,-598660.657460,1.392703e-02,-1298.850678,552.607215,671.523119,0.177,10.737,0.017,0.000,0.000,0.000
3698,3.698000,469382.522687,-1068042.334398,-598659.811710,1.392842e-02,-1298.960419,552.939910,671.669819,0.174,4.613,0.016,0.000,0.000,0.000
3699,3.699000,469348.906098,-1068007.872176,-598658.966077,1.392981e-02,-1298.998272,553.132332,671.764115,0.238,13.701,0.028,0.000,0.000,0.000
3700,3.700000,469315.408365,-1067973.395088,-598657.986723,1.393143e-02,-1299.104913,553.203577,671.518840,0.289,12.718,0.037,0.000,0.000,0.000
3701,3.701000,469281.846140,-1067938.911547,-598657.065407,1.393295e-02,-1299.233739,553.336160,671.310265,0.286,7.481,0.043,0.000,0.000,0.000
3702,3.702000,469248.042386,-1067904.427938,-598656.385551,1.393407e-02,-1299.267195,553.542205,671.380322,0.260,4.736,0.027,0.000,0.000,0.000
3703,3.703000,469214.085574,-1067869.952503,-598655.866928,1.393492e-02,-1299.330901,553.792130,671.350140,0.241,4.683,0.026,0.000,0.000,0.000
3704,3.704000,469180.129901,-1067835.490114,-598655.360213,1.393575e-02,-1299.532306,554.087964,671.043210,0.227,13.766,0.022,0.000,0.000,0.000
3705,3.705000,469146.108669,-1067801.018690,-598654.910021,1.393650e-02,-1299.734293,554.274566,670.820408,0.208,4.622,0.019,0.000,0.000,0.000
3706,3.706000,469112.228837,-1067766.572164,-598654.343327,1.393743e-02,-1299.839271,554.440314,671.067994,0.221,4.685,0.023,0.000,0.000,0.000
3707,3.707000,469078.287611,-1067732.111789,-598653.824178,1.393828e-02,-1299.907326,554.658667,671.345963,0.209,10.696,0.019,0.000,0.000,0.000
3708,3.708000,469044.225281,-1067697.673912,-598653.448632,1.393890e-02,-1299.904670,554.862039,671.387292,0.205,4.682,0.018,0.000,0.000,0.000
3709,3.709000,469010.539649,-1067663.259537,-598652.719888,1.394010e-02,-1299.920826,555.168662,671.368133,0.200,12.282,0.021,0.000,0.000,0.000
3710,3.710000,468977.139267,-1067628.842362,-598651.703095,1.394178e-02,-1299.988284,555.428127,671.343190,0.198,4.597,0.017,0.000,0.000,0.000
3711,3.711000,468943.599411,-1067594.436517,-598650.837106,1.394320e-02,-1300.080376,555.673222,671.365433,0.188,10.729,0.017,0.000,0.000,0.000
3712,3.712000,468909.956295,-1067560.042807,-598650.086512,1.394444e-02,-1300.084841,556.100122,671.522206,0.191,4.613,0.018,0.000,0.000,0.000
3713,3.713000,468876.143658,-1067525.658086,-598649.514428,1.394538e-02,-1300.046301,556.420146,671.537766,0.188,10.681,0.018,0.000,0.000,0.000
3714,3.714000,468842.331493,-1067491.304648,-598648.973155,1.394627e-02,-1300.042309,556.741249,671.505786,0.195,4.681,0.018,0.000,0.000,0.000
3715,3.715000,468808.731110,-1067456.954324,-598648.223214,1.394751e-02,-1300.057964,557.146950,671.521264,0.184,10.656,0.018,0.000,0.000,0.000
3716,3.716000,468775.420295,-1067422.623289,-598647.202994,1.394919e-02,-1300.089239,557.507833,671.509288,0.262,4.624,0.021,0.000,0.000,0.000
3717,3.717000,468742.292137,-1067388.301994,-598646.009857,1.395116e-02,-1300.070966,558.049303,671.434194,0.193,13.721,0.019,0.000,0.000,0.000
3718,3.718000,468709.144033,-1067353.971864,-598644.827831,1.395310e-02,-1299.990892,558.736662,671.245489,0.183,4.659,0.020,0.000,0.000,0.000
3719,3.719000,468675.981045,-1067319.623221,-598643.642176,1.395506e-02,-1299.914381,559.436801,671.043807,0.191,12.257,0.019,0.000,0.000,0.000
3720,3.720000,468642.436680,-1067285.256021,-598642.819341,1.395641e-02,-1299.854790,559.921253,670.937223,0.194,4.599,0.019,0.000,0.000,0.000
3721,3.721000,468608.800392,-1067250.906881,-598642.106489,1.395758e-02,-1299.836873,560.150983,670.955203,0.224,4.689,0.025,0.000,0.000,0.000
3722,3.722000,468575.244470,-1067216.585212,-598641.340742,1.395885e-02,-1299.850441,560.364441,670.910373,0.201,4.609,0.020,0.000,0.000,0.000
3723,3.723000,468541.351212,-1067182.283565,-598640.932353,1.395952e-02,-1299.864526,560.504270,670.785721,0.206,7.713,0.033,0.000,0.000,0.000
3724,3.724000,468507.370771,-1067148.021337,-598640.650566,1.395998e-02,-1299.870905,560.570924,670.718401,0.204,4.606,0.019,0.000,0.000,0.000
3725,3.725000,468473.627256,-1067113.788850,-598640.161594,1.396079e-02,-1299.882383,560.767572,670.681905,0.193,9.126,0.018,0.000,0.000,0.000
3726,3.726000,468440.050631,-1067079.575407,-598639.524777,1.396184e-02,-1299.896832,560.999471,670.489979,0.220,4.621,0.020,0.000,0.000,0.000
3727,3.727000,468406.547082,-1067045.375073,-598638.827991,1.396298e-02,-1299.959839,561.193889,670.294213,0.204,10.755,0.019,0.000,0.000,0.000
3728,3.728000,468373.067831,-1067011.192436,-598638.124604,1.396414e-02,-1300.108470,561.390252,669.902561,0.203,4.398,0.018,0.000,0.000,0.000
3729,3.729000,468339.657594,-1066977.024314,-598637.366721,1.396539e-02,-1300.251098,561.507584,669.495046,0.197,12.268,0.018,0.000,0.000,0.000
3730,3.730000,468306.372641,-1066942.879799,-598636.507157,1.396681e-02,-1300.334582,561.656213,669.406244,0.202,4.609,0.018,0.000,0.000,0.000
3731,3.731000,468273.124588,-1066908.753086,-598635.628498,1.396825e-02,-1300.438781,561.741199,668.972200,0.192,13.744,0.019,0.000,0.000,0.000
3732,3.732000,468239.850912,-1066874.625220,-598634.774307,1.396966e-02,-1300.651223,561.946814,668.295196,0.192,5.620,0.017,0.000,0.000,0.000
3733,3.733000,468206.423900,-1066840.480685,-598634.056785,1.397084e-02,-1300.860484,562.359203,667.873522,0.192,10.740,0.021,0.000,0.000,0.000
3734,3.734000,468172.790861,-1066806.337648,-598633.546787,1.397168e-02,-1300.955807,562.759428,667.980249,0.193,6.127,0.019,0.000,0.000,0.000
3735,3.735000,468139.359510,-1066772.188990,-598632.829480,1.397287e-02,-1300.971002,563.074417,668.276400,0.179,6.192,0.019,0.000,0.000,0.000
3736,3.736000,468106.205578,-1066738.061042,-598631.855465,1.397447e-02,-1301.027852,563.158432,668.029885,0.181,6.107,0.018,0.000,0.000,0.000
3737,3.737000,468072.894256,-1066703.932202,-598631.037946,1.397582e-02,-1301.050916,563.230399,667.732652,0.177,4.096,0.017,0.000,0.000,0.000
3738,3.738000,468039.565275,-1066669.814634,-598630.249359,1.397712e-02,-1300.969918,563.749463,668.121469,0.178,6.135,0.018,0.000,0.000,0.000
3739,3.739000,468006.525354,-1066635.670531,-598629.145177,1.397893e-02,-1300.954786,564.246265,668.506591,0.218,12.048,0.021,0.000,0.000,0.000
3740,3.740000,467973.420551,-1066601.548095,-598628.127544,1.398061e-02,-1301.033632,564.377286,668.432382,0.199,4.683,0.022,0.000,0.000,0.000
3741,3.741000,467939.914932,-1066567.456615,-598627.541683,1.398158e-02,-1301.116932,564.478122,668.393719,0.200,12.222,0.022,0.000,0.000,0.000
3742,3.742000,467906.622390,-1066533.387728,-598626.765337,1.398285e-02,-1301.214210,564.614565,668.476563,0.193,4.614,0.018,0.000,0.000,0.000
3743,3.743000,467873.541225,-1066499.339868,-598625.798644,1.398445e-02,-1301.327870,564.796237,668.593258,0.182,6.122,0.018,0.000,0.000,0.000
3744,3.744000,467840.480562,-1066465.314489,-598624.833927,1.398604e-02,-1301.428029,564.931676,668.665537,0.179,4.605,0.018,0.000,0.000,0.000
3745,3.745000,467807.750251,-1066431.315025,-598623.564773,1.398813e-02,-1301.676954,565.398477,669.092852,0.178,9.213,0.017,0.000,0.000,0.000
3746,3.746000,467774.793283,-1066397.276759,-598622.483476,1.398991e-02,-1301.847274,565.834543,669.533982,0.189,4.679,0.018,0.000,0.000,0.000
3747,3.747000,467741.388134,-1066363.265558,-598621.877425,1.399090e-02,-1301.829283,565.941353,669.586198,0.180,9.143,0.018,0.000,0.000,0.000
3748,3.748000,467708.341653,-1066329.290052,-598620.948399,1.399244e-02,-1301.921557,566.101294,669.663341,0.176,4.674,0.019,0.000,0.000,0.000
3749,3.749000,467675.512624,-1066295.331082,-598619.818458,1.399430e-02,-1302.185263,566.396997,669.879969,0.176,4.589,0.017,0.000,0.000,0.000
3750,3.750000,467642.789095,-1066261.381181,-598618.592086,1.399632e-02,-1302.459114,567.046793,670.445215,0.174,7.641,0.017,0.000,0.000,0.000
3751,3.751000,467610.045417,-1066227.390393,-598617.344976,1.399837e-02,-1302.792181,567.894059,671.158940,0.178,4.684,0.017,0.000,0.000,0.000
3752,3.752000,467576.864677,-1066193.376235,-598616.511558,1.399974e-02,-1303.281399,568.595825,671.831755,0.189,12.255,0.020,0.000,0.000,0.000
3753,3.753000,467543.875389,-1066159.348048,-598615.472659,1.400145e-02,-1303.673751,569.141326,672.359245,0.183,4.615,0.019,0.000,0.000,0.000
3754,3.754000,467510.961281,-1066125.320591,-598614.359311,1.400329e-02,-1303.815793,569.370824,672.466620,0.175,4.682,0.017,0.000,0.000,0.000
3755,3.755000,467477.963747,-1066091.337400,-598613.373653,1.400491e-02,-1303.876228,569.450242,672.470882,0.174,4.618,0.018,0.000,0.000,0.000
3756,3.756000,467444.869542,-1066057.378444,-598612.508902,1.400634e-02,-1303.955163,569.723638,672.578516,0.174,7.655,0.018,0.000,0.000,0.000
3757,3.757000,467411.637332,-1066023.437325,-598611.799993,1.400750e-02,-1303.926705,570.031392,672.629898,0.187,4.679,0.021,0.000,0.000,0.000
3758,3.758000,467378.849341,-1065989.518504,-598610.669163,1.400937e-02,-1303.923219,570.546027,672.633396,0.173,7.617,0.018,0.000,0.000,0.000
3759,3.759000,467346.241486,-1065955.567618,-598609.326132,1.401158e-02,-1303.974372,571.226468,672.509081,0.172,4.613,0.017,0.000,0.000,0.000
3760,3.760000,467313.709587,-1065921.607572,-598607.897985,1.401393e-02,-1304.115036,571.977609,672.491464,0.181,9.240,0.021,0.000,0.000,0.000
3761,3.761000,467280.965280,-1065887.585898,-598606.620618,1.401603e-02,-1304.475443,572.580735,672.696297,0.173,4.685,0.018,0.000,0.000,0.000
3762,3.762000,467247.946524,-1065853.592241,-598605.645717,1.401764e-02,-1304.771908,572.868966,672.802249,0.224,4.681,0.025,0.000,0.000,0.000
3763,3.763000,467214.921983,-1065819.624208,-598604.702225,1.401919e-02,-1304.904915,573.221931,672.777654,0.201,13.717,0.019,0.000,0.000,0.000
3764,3.764000,467181.688981,-1065785.676786,-598603.987805,1.402037e-02,-1305.010565,573.497634,672.780661,0.184,4.616,0.017,0.000,0.000,0.000
3765,3.765000,467148.439947,-1065751.772224,-598603.332276,1.402145e-02,-1305.113850,573.782004,672.812680,0.194,10.651,0.018,0.000,0.000,0.000
3766,3.766000,467115.535123,-1065717.889608,-598602.354485,1.402306e-02,-1305.032527,574.181219,672.699388,0.223,4.618,0.020,0.000,0.000,0.000
3767,3.767000,467082.914645,-1065684.009627,-598601.094982,1.402514e-02,-1304.689723,574.504230,672.414170,0.200,4.680,0.018,0.000,0.000,0.000
3768,3.768000,467049.817834,-1065650.140613,-598600.322778,1.402641e-02,-1304.501477,574.647787,672.215201,0.239,4.622,0.032,0.000,0.000,0.000
3769,3.769000,467016.458938,-1065616.328423,-598599.869485,1.402715e-02,-1304.523635,574.811243,672.324665,0.193,7.713,0.018,0.000,0.000,0.000
3770,3.770000,466983.417108,-1065582.548721,-598599.131613,1.402837e-02,-1304.670714,575.229132,672.665501,0.189,7.715,0.035,0.000,0.000,0.000
3771,3.771000,466950.372991,-1065548.782710,-598598.409719,1.402956e-02,-1304.847841,575.608498,672.856397,0.196,12.230,0.019,0.000,0.000,0.000
3772,3.772000,466917.098593,-1065515.051178,-598597.952585,1.403031e-02,-1304.922133,575.799221,672.878449,0.191,4.680,0.018,0.000,0.000,0.000
3773,3.773000,466883.723656,-1065481.364744,-598597.641089,1.403083e-02,-1304.979240,575.824757,672.925335,0.195,12.185,0.021,0.000,0.000,0.000
3774,3.774000,466850.437320,-1065447.714063,-598597.276742,1.403143e-02,-1305.036066,575.937166,672.958026,0.186,4.608,0.018,0.000,0.000,0.000
3775,3.775000,466817.851861,-1065414.099581,-598596.247721,1.403312e-02,-1305.070283,576.196497,672.989847,0.182,5.976,0.017,0.000,0.000,0.000
3776,3.776000,466785.919391,-1065380.525669,-598594.606278,1.403582e-02,-1305.230814,576.742690,672.936200,0.180,6.199,0.018,0.000,0.000,0.000
3777,3.777000,466753.451550,-1065346.917940,-598593.466391,1.403770e-02,-1305.488168,577.276695,672.885493,0.188,7.684,0.018,0.000,0.000,0.000
3778,3.778000,466720.498249,-1065313.337610,-598592.839361,1.403873e-02,-1305.619894,577.567624,672.861661,0.176,4.614,0.017,0.000,0.000,0.000
3779,3.779000,466687.702807,-1065279.773188,-598592.070381,1.404000e-02,-1305.744030,577.865411,672.890456,0.226,9.130,0.022,0.000,0.000,0.000
3780,3.780000,466655.081217,-1065246.235027,-598591.153810,1.404151e-02,-1305.921438,578.074296,673.043452,0.221,4.678,0.018,0.000,0.000,0.000
3781,3.781000,466622.359583,-1065212.721936,-598590.362353,1.404281e-02,-1306.094694,578.275218,673.189496,0.184,10.722,0.018,0.000,0.000,0.000
3782,3.782000,466589.596748,-1065179.236210,-598589.639463,1.404400e-02,-1306.056189,578.471509,673.130064,0.226,6.120,0.020,0.000,0.000,0.000
3783,3.783000,466556.975708,-1065145.769785,-598588.794077,1.404540e-02,-1305.870824,578.722236,672.896855,0.209,4.696,0.020,0.000,0.000,0.000
3784,3.784000,466524.384102,-1065112.312793,-598587.928691,1.404682e-02,-1305.674444,578.978895,672.674756,0.177,10.738,0.017,0.000,0.000,0.000
3785,3.785000,466491.614954,-1065078.875372,-598587.260418,1.404792e-02,-1305.555219,579.149876,672.576223,0.190,4.677,0.019,0.000,0.000,0.000
3786,3.786000,466458.873088,-1065045.480837,-598586.607749,1.404900e-02,-1305.492156,579.270365,672.522102,0.222,4.618,0.017,0.000,0.000,0.000
3787,3.787000,466426.071433,-1065012.107482,-598586.036049,1.404994e-02,-1305.438028,579.333824,672.435214,0.175,10.746,0.017,0.000,0.000,0.000
3788,3.788000,466393.185394,-1064978.783328,-598585.597933,1.405066e-02,-1305.627505,579.206351,672.400266,0.180,4.674,0.017,0.000,0.000,0.000
3789,3.789000,466360.410039,-1064945.481556,-598585.071517,1.405153e-02,-1305.833470,579.073335,672.417368,0.175,13.498,0.017,0.000,0.000,0.000
3790,3.790000,466327.957683,-1064912.223031,-598584.265348,1.405286e-02,-1305.972868,579.292540,672.461723,0.173,6.115,0.017,0.000,0.000,0.000
3791,3.791000,466295.691756,-1064878.990444,-598583.298689,1.405445e-02,-1306.172354,579.836861,672.693813,0.172,4.686,0.018,0.000,0.000,0.000
3792,3.792000,466263.184650,-1064845.773695,-598582.589045,1.405562e-02,-1306.271995,580.361782,673.124976,0.191,12.229,0.016,0.000,0.000,0.000
3793,3.793000,466230.820364,-1064812.581695,-598581.761330,1.405698e-02,-1306.368267,580.719827,673.400412,0.187,4.637,0.019,0.000,0.000,0.000
3794,3.794000,466198.785859,-1064779.410284,-598580.624425,1.405885e-02,-1306.485991,581.212475,673.662906,0.186,4.678,0.025,0.000,0.000,0.000
3795,3.795000,466166.677665,-1064746.242708,-598579.565043,1.406060e-02,-1306.571789,581.800835,674.112366,0.170,13.744,0.018,0.000,0.000,0.000
3796,3.796000,466134.405021,-1064713.088535,-598578.683514,1.406205e-02,-1306.597590,582.473418,674.667133,0.173,4.675,0.017,0.000,0.000,0.000
3797,3.797000,466102.117404,-1064679.936833,-598577.819429,1.406347e-02,-1306.535938,583.236259,675.157509,0.176,4.353,0.017,0.000,0.000,0.000
3798,3.798000,466070.068922,-1064646.799949,-598576.731026,1.406527e-02,-1306.292958,583.830390,674.924659,0.175,9.154,0.019,0.000,0.000,0.000
3799,3.799000,466038.557386,-1064613.656931,-598575.099545,1.406795e-02,-1305.394204,584.535492,674.109967,0.171,4.596,0.018,0.000,0.000,0.000
3800,3.800000,466007.088338,-1064580.427590,-598573.339253,1.407085e-02,-1304.067177,585.240591,673.359275,0.176,12.205,0.017,0.000,0.000,0.000
3801,3.801000,465975.279539,-1064547.136571,-598571.857032,1.407329e-02,-1303.233376,585.650381,672.770977,0.181,4.599,0.017,0.000,0.000,0.000
3802,3.802000,465943.396098,-1064513.843643,-598570.447545,1.407562e-02,-1302.887789,585.977611,672.553656,0.241,10.675,0.027,0.000,0.000,0.000
3803,3.803000,465911.396834,-1064480.541890,-598569.145056,1.407776e-02,-1302.760685,586.338551,672.589420,0.188,4.686,0.017,0.000,0.000,0.000
3804,3.804000,465879.180244,-1064447.250075,-598568.069831,1.407953e-02,-1302.638574,586.555573,672.485736,0.184,6.180,0.017,0.000,0.000,0.000
3805,3.805000,465846.950911,-1064413.977250,-598567.026340,1.408125e-02,-1302.250476,586.691451,672.256793,0.197,12.208,0.019,0.000,0.000,0.000
3806,3.806000,465814.628640,-1064380.711737,-598566.083097,1.408281e-02,-1301.841826,586.891587,671.946576,0.221,6.126,0.021,0.000,0.000,0.000
3807,3.807000,465782.045431,-1064347.469200,-598565.423769,1.408389e-02,-1301.592318,586.957052,671.560090,0.192,4.679,0.017,0.000,0.000,0.000
3808,3.808000,465749.522676,-1064314.248574,-598564.725897,1.408504e-02,-1301.392489,586.990706,671.187921,0.182,6.204,0.017,0.000,0.000,0.000
3809,3.809000,465717.496857,-1064281.044758,-598563.547902,1.408698e-02,-1300.896278,587.132179,670.658120,0.211,6.184,0.023,0.000,0.000,0.000
3810,3.810000,465685.750329,-1064247.839783,-598562.089454,1.408938e-02,-1300.445614,587.216953,670.380579,0.193,6.131,0.019,0.000,0.000,0.000
3811,3.811000,465653.825251,-1064214.666290,-598560.841039,1.409144e-02,-1300.301445,587.376173,670.488388,0.197,6.184,0.018,0.000,0.000,0.000
3812,3.812000,465621.596811,-1064181.502402,-598559.905591,1.409298e-02,-1300.182509,587.658191,670.740106,0.182,7.681,0.018,0.000,0.000,0.000
3813,3.813000,465589.270652,-1064148.368069,-598559.097417,1.409431e-02,-1300.109328,588.076418,670.973760,0.190,6.176,0.022,0.000,0.000,0.000
3814,3.814000,465556.813608,-1064115.256052,-598558.442444,1.409539e-02,-1300.016163,588.323659,671.101184,0.175,10.471,0.018,0.000,0.000,0.000
3815,3.815000,465524.478031,-1064082.183847,-598557.705816,1.409660e-02,-1299.870455,588.407896,671.203599,0.178,4.684,0.018,0.000,0.000,0.000
3816,3.816000,465492.574077,-1064049.130371,-598556.556294,1.409850e-02,-1299.575073,588.641746,671.075697,0.184,4.697,0.017,0.000,0.000,0.000
3817,3.817000,465460.676296,-1064016.069699,-598555.393402,1.410041e-02,-1299.313090,588.840577,671.044165,0.191,10.392,0.019,0.000,0.000,0.000
3818,3.818000,465428.664894,-1063983.025723,-598554.360829,1.410211e-02,-1299.252980,588.901070,671.230600,0.242,4.641,0.030,0.000,0.000,0.000
3819,3.819000,465396.649012,-1063950.020168,-598553.371156,1.410374e-02,-1299.174350,588.943104,671.489815,0.194,13.759,0.024,0.000,0.000,0.000
3820,3.820000,465364.687916,-1063917.044069,-598552.356154,1.410542e-02,-1299.024152,589.089349,671.609491,0.208,9.161,0.019,0.000,0.000,0.000
3821,3.821000,465333.062239,-1063884.100319,-598551.038081,1.410759e-02,-1298.879260,589.439356,671.506841,0.185,4.608,0.018,0.000,0.000,0.000
3822,3.822000,465301.408176,-1063851.147615,-598549.739439,1.410973e-02,-1298.550437,589.735158,671.538984,0.187,4.670,0.018,0.000,0.000,0.000
3823,3.823000,465269.783555,-1063818.177970,-598548.394414,1.411194e-02,-1297.810720,589.763841,671.714853,0.196,12.169,0.018,0.000,0.000,0.000
3824,3.824000,465238.045075,-1063785.176859,-598547.131784,1.411402e-02,-1297.048201,589.812783,671.865857,0.181,4.603,0.017,0.000,0.000,0.000
3825,3.825000,465205.700956,-1063752.164150,-598546.463194,1.411512e-02,-1296.483033,589.569950,672.089252,0.180,4.603,0.019,0.000,0.000,0.000
3826,3.826000,465174.280999,-1063719.181347,-598544.900347,1.411770e-02,-1296.772751,589.369362,671.775401,0.187,4.608,0.018,0.000,0.000,0.000
3827,3.827000,465142.830294,-1063686.179638,-598543.349344,1.412025e-02,-1297.306791,589.476764,671.254085,0.177,9.248,0.018,0.000,0.000,0.000
3828,3.828000,465111.785070,-1063653.240349,-598541.455279,1.412337e-02,-1297.219110,589.752579,670.394298,0.178,4.605,0.017,0.000,0.000,0.000
3829,3.829000,465082.140240,-1063620.216663,-598538.076423,1.412894e-02,-1297.371548,589.748515,669.394376,0.176,10.637,0.017,0.000,0.000,0.000
3830,3.830000,465052.230805,-1063587.134013,-598534.903208,1.413416e-02,-1297.676398,589.218566,668.839549,0.238,4.667,0.032,0.000,0.000,0.000
3831,3.831000,465021.286896,-1063553.996595,-598532.709699,1.413778e-02,-1297.555482,588.991378,668.301750,0.178,13.781,0.019,0.000,0.000,0.000
3832,3.832000,464989.350212,-1063520.879970,-598531.529758,1.413972e-02,-1297.229205,589.035083,668.091699,0.184,4.680,0.019,0.000,0.000,0.000
3833,3.833000,464957.139710,-1063487.813337,-598530.673628,1.414113e-02,-1296.934162,588.998511,667.889100,0.186,12.266,0.019,0.000,0.000,0.000
3834,3.834000,464924.855343,-1063454.789206,-598529.933863,1.414235e-02,-1296.735464,588.910678,667.745713,0.175,6.113,0.020,0.000,0.000,0.000
3835,3.835000,464893.717669,-1063421.823531,-598528.105861,1.414536e-02,-1297.038425,588.870678,667.238619,0.173,4.674,0.022,0.000,0.000,0.000
3836,3.836000,464863.952402,-1063388.827168,-598524.874766,1.415068e-02,-1297.827680,588.980878,666.253882,0.173,6.128,0.017,0.000,0.000,0.000
3837,3.837000,464833.164446,-1063355.807737,-598522.643291,1.415436e-02,-1298.423037,589.155326,665.801107,0.179,6.178,0.018,0.000,0.000,0.000
3838,3.838000,464802.277529,-1063322.826617,-598520.549088,1.415781e-02,-1299.818232,589.512941,664.978119,0.176,4.582,0.024,0.000,0.000,0.000
3839,3.839000,464771.249898,-1063289.743057,-598518.493159,1.416119e-02,-1300.938933,589.826669,663.909235,0.172,9.240,0.017,0.000,0.000,0.000
3840,3.840000,464740.342982,-1063256.689927,-598516.346946,1.416473e-02,-1301.685805,590.230361,663.855704,0.202,7.695,0.017,0.000,0.000,0.000
3841,3.841000,464710.591037,-1063223.532066,-598512.941030,1.417034e-02,-1303.049516,590.677631,663.751846,0.195,4.686,0.023,0.000,0.000,0.000
3842,3.842000,464680.699828,-1063190.358418,-598509.658590,1.417574e-02,-1304.003003,590.952011,663.031146,0.222,10.655,0.022,0.000,0.000,0.000
3843,3.843000,464649.821870,-1063157.172119,-598507.350249,1.417955e-02,-1304.570432,591.244815,662.391542,0.207,4.677,0.021,0.000,0.000,0.000
3844,3.844000,464618.916154,-1063124.027541,-598505.111387,1.418323e-02,-1305.122110,591.520617,661.769363,0.183,4.688,0.020,0.000,0.000,0.000
3845,3.845000,464588.774545,-1063090.870335,-598502.095790,1.418820e-02,-1306.298254,591.784416,661.035660,0.182,10.719,0.018,0.000,0.000,0.000
3846,3.846000,464557.527239,-1063057.684181,-598500.156942,1.419139e-02,-1307.061821,591.933851,660.722610,0.217,4.698,0.021,0.000,0.000,0.000
3847,3.847000,464526.319154,-1063024.532197,-598498.213044,1.419460e-02,-1307.695943,592.233990,660.320384,0.199,10.661,0.018,0.000,0.000,0.000
3848,3.848000,464495.035714,-1062991.352366,-598496.316653,1.419772e-02,-1308.344486,592.517023,659.882562,0.213,4.674,0.018,0.000,0.000,0.000
3849,3.849000,464462.449797,-1062958.239679,-598495.789882,1.419859e-02,-1308.364718,592.535767,659.755715,0.197,13.761,0.018,0.000,0.000,0.000
3850,3.850000,464430.974121,-1062925.206288,-598494.232167,1.420115e-02,-1308.897716,592.488828,659.312032,0.192,10.697,0.018,0.000,0.000,0.000
3851,3.851000,464400.897945,-1062892.172252,-598491.274308,1.420603e-02,-1309.984195,592.548874,658.457007,0.202,4.667,0.020,0.000,0.000,0.000
3852,3.852000,464369.724912,-1062859.130067,-598489.405155,1.420910e-02,-1310.463169,592.699507,657.947099,0.200,4.621,0.017,0.000,0.000,0.000
3853,3.853000,464337.353616,-1062826.158694,-598488.805078,1.421009e-02,-1310.403238,592.885582,657.968524,0.187,10.480,0.018,0.000,0.000,0.000
3854,3.854000,464304.995314,-1062793.251644,-598488.256330,1.421100e-02,-1310.355816,593.082814,658.108568,0.192,4.626,0.022,0.000,0.000,0.000
3855,3.855000,464273.937049,-1062760.411337,-598486.474288,1.421393e-02,-1311.371013,593.335762,657.826272,0.183,4.628,0.020,0.000,0.000,0.000
3856,3.856000,464242.909766,-1062727.508916,-598484.599150,1.421702e-02,-1312.502659,593.620342,657.419319,0.261,4.614,0.031,0.000,0.000,0.000
3857,3.857000,464211.619085,-1062694.669207,-598483.050122,1.421957e-02,-1313.107485,593.808506,657.022162,0.185,6.138,0.019,0.000,0.000,0.000
3858,3.858000,464180.543059,-1062661.848580,-598481.305521,1.422245e-02,-1313.618665,594.060404,656.623841,0.175,4.607,0.018,0.000,0.000,0.000
3859,3.859000,464149.920982,-1062629.083057,-598479.162075,1.422598e-02,-1313.969391,594.358015,656.196329,0.183,6.112,0.018,0.000,0.000,0.000
3860,3.860000,464120.366060,-1062596.274162,-598475.908101,1.423134e-02,-1314.550947,594.506051,655.183199,0.221,10.764,0.019,0.000,0.000,0.000
3861,3.861000,464090.787589,-1062563.412246,-598472.624658,1.423674e-02,-1315.201049,594.553743,654.219193,0.195,12.135,0.018,0.000,0.000,0.000
3862,3.862000,464060.805091,-1062530.522499,-598469.717407,1.424153e-02,-1316.138523,594.636286,653.478575,0.190,4.677,0.018,0.000,0.000,0.000
3863,3.863000,464030.532900,-1062497.658430,-598467.125530,1.424580e-02,-1316.917107,594.772242,652.644743,0.186,13.773,0.018,0.000,0.000,0.000
3864,3.864000,464000.310662,-1062464.788213,-598464.477551,1.425016e-02,-1317.471614,594.979083,651.708842,0.181,12.175,0.018,0.000,0.000,0.000
3865,3.865000,463969.261444,-1062431.911297,-598462.649853,1.425317e-02,-1317.606773,595.144407,651.160294,0.186,4.676,0.017,0.000,0.000,0.000
3866,3.866000,463938.287471,-1062399.071459,-598460.783988,1.425625e-02,-1317.758494,595.360273,650.529228,0.178,13.744,0.017,0.000,0.000,0.000
3867,3.867000,463907.874479,-1062366.216528,-598458.342050,1.426027e-02,-1318.201627,595.649923,649.604599,0.189,4.604,0.018,0.000,0.000,0.000
3868,3.868000,463877.251232,-1062333.351826,-598456.100594,1.426396e-02,-1318.808953,595.842641,649.119754,0.176,6.191,0.017,0.000,0.000,0.000
3869,3.869000,463846.666396,-1062300.494087,-598453.827691,1.426770e-02,-1319.397174,596.034349,648.580458,0.175,4.626,0.017,0.000,0.000,0.000
3870,3.870000,463815.334667,-1062267.627407,-598452.292739,1.427023e-02,-1319.588104,596.041740,648.115747,0.175,9.179,0.017,0.000,0.000,0.000
3871,3.871000,463783.716150,-1062234.802544,-598451.086394,1.427222e-02,-1319.822824,595.875433,647.987789,0.198,5.968,0.018,0.000,0.000,0.000
3872,3.872000,463752.416033,-1062202.018547,-598449.602514,1.427466e-02,-1319.929788,595.877783,647.964873,0.187,10.705,0.018,0.000,0.000,0.000
3873,3.873000,463721.065755,-1062169.286369,-598448.220614,1.427694e-02,-1319.874955,595.876442,647.970858,0.176,4.590,0.017,0.000,0.000,0.000
3874,3.874000,463689.688223,-1062136.608917,-598446.920694,1.427908e-02,-1320.011975,595.601532,647.630307,0.187,4.676,0.019,0.000,0.000,0.000
3875,3.875000,463658.207041,-1062103.963900,-598445.756859,1.428100e-02,-1320.414670,595.357539,647.171232,0.173,10.643,0.017,0.000,0.000,0.000
3876,3.876000,463626.957610,-1062071.361528,-598444.403918,1.428323e-02,-1320.299881,595.130151,646.906448,0.425,4.706,0.039,0.000,0.000,0.000
3877,3.877000,463595.831918,-1062038.734750,-598442.902832,1.428570e-02,-1319.859182,594.964029,646.532008,0.233,4.696,0.030,0.000,0.000,0.000
3878,3.878000,463564.413803,-1062006.090815,-598441.677011,1.428772e-02,-1319.630513,594.997837,646.137932,0.182,13.754,0.019,0.000,0.000,0.000
3879,3.879000,463532.780352,-1061973.444371,-598440.664019,1.428939e-02,-1319.570025,595.014438,646.020946,0.174,10.741,0.018,0.000,0.000,0.000
3880,3.880000,463501.187004,-1061940.834799,-598439.647795,1.429106e-02,-1319.712633,595.037793,646.011930,0.172,4.613,0.017,0.000,0.000,0.000
3881,3.881000,463469.730201,-1061908.239953,-598438.509752,1.429294e-02,-1319.796920,595.202741,646.128937,0.172,4.351,0.018,0.000,0.000,0.000
3882,3.882000,463438.590372,-1061875.651527,-598437.061155,1.429532e-02,-1319.636895,595.703075,646.031538,0.220,12.251,0.020,0.000,0.000,0.000
3883,3.883000,463407.550667,-1061843.005183,-598435.454516,1.429797e-02,-1319.236299,596.153177,645.643882,0.204,4.609,0.019,0.000,0.000,0.000
3884,3.884000,463376.021448,-1061810.348266,-598434.326818,1.429983e-02,-1319.205971,596.216684,645.448472,0.181,5.956,0.017,0.000,0.000,0.000
3885,3.885000,463344.067990,-1061777.751586,-598433.683596,1.430088e-02,-1319.384556,596.096433,645.503549,0.186,4.626,0.018,0.000,0.000,0.000
3886,3.886000,463311.917409,-1061745.207591,-598433.290182,1.430153e-02,-1319.401785,596.129736,645.644685,0.239,9.200,0.022,0.000,0.000,0.000
3887,3.887000,463279.640745,-1061712.708535,-598433.067790,1.430190e-02,-1319.397653,596.319682,645.758232,0.263,6.192,0.023,0.000,0.000,0.000
3888,3.888000,463247.709397,-1061680.251918,-598432.542521,1.430276e-02,-1319.494021,596.373888,645.784916,0.222,10.700,0.019,0.000,0.000,0.000
3889,3.889000,463216.179359,-1061647.828200,-598431.648841,1.430424e-02,-1319.747414,596.327433,645.683675,0.196,4.687,0.021,0.000,0.000,0.000
3890,3.890000,463184.678915,-1061615.443444,-598430.764529,1.430569e-02,-1320.024460,596.324656,645.587946,0.214,11.692,0.018,0.000,0.000,0.000
3891,3.891000,463153.250280,-1061583.091049,-598429.840769,1.430721e-02,-1320.189548,596.465222,645.501240,0.205,4.618,0.017,0.000,0.000,0.000
3892,3.892000,463121.961358,-1061550.777334,-598428.815976,1.430890e-02,-1320.307109,596.553901,645.397066,0.194,4.610,0.017,0.000,0.000,0.000
3893,3.893000,463090.506501,-1061518.493440,-598427.986939,1.431027e-02,-1320.386313,596.625467,645.348983,0.259,4.675,0.024,0.000,0.000,0.000
3894,3.894000,463059.100679,-1061486.256607,-598427.155928,1.431164e-02,-1320.384633,596.849528,645.352983,0.177,7.629,0.019,0.000,0.000,0.000
3895,3.895000,463027.672302,-1061454.064668,-598426.392366,1.431289e-02,-1320.447334,597.103370,645.357601,0.177,6.151,0.018,0.000,0.000,0.000
3896,3.896000,462995.691331,-1061421.923372,-598426.232041,1.431316e-02,-1320.446474,597.213973,645.396746,0.193,6.183,0.022,0.000,0.000,0.000
3897,3.897000,462963.737707,-1061389.851970,-598426.114263,1.431335e-02,-1320.387317,597.304721,645.462255,0.200,7.659,0.018,0.000,0.000,0.000
3898,3.898000,462932.234908,-1061357.834871,-598425.599962,1.431420e-02,-1320.493908,597.508432,645.530360,0.175,4.678,0.017,0.000,0.000,0.000
3899,3.899000,462900.881647,-1061325.876218,-598424.994571,1.431520e-02,-1320.649877,597.779541,645.636115,0.236,12.244,0.023,0.000,0.000,0.000
3900,3.900000,462869.673367,-1061293.968352,-598424.294984,1.431635e-02,-1320.811798,597.948733,645.684684,0.207,6.111,0.020,0.000,0.000,0.000
3901,3.901000,462838.619928,-1061262.113552,-598423.493623,1.431767e-02,-1321.031992,598.100665,645.803258,0.190,4.666,0.018,0.000,0.000,0.000
3902,3.902000,462807.407689,-1061230.316601,-598422.908911,1.431863e-02,-1321.177177,598.225869,645.941846,0.182,6.125,0.017,0.000,0.000,0.000
3903,3.903000,462776.035203,-1061198.571517,-598422.536314,1.431925e-02,-1321.284176,598.187435,645.901471,0.188,6.196,0.017,0.000,0.000,0.000
3904,3.904000,462744.699489,-1061166.901389,-598422.201900,1.431980e-02,-1321.373542,598.156445,645.827893,0.184,6.192,0.018,0.000,0.000,0.000
3905,3.905000,462713.683098,-1061135.310644,-598421.627546,1.432074e-02,-1321.435152,598.310124,645.890937,0.196,10.711,0.017,0.000,0.000,0.000
3906,3.906000,462682.928180,-1061103.759065,-598420.830885,1.432205e-02,-1321.488968,598.522203,645.910324,0.176,10.665,0.018,0.000,0.000,0.000
3907,3.907000,462652.242428,-1061072.269575,-598420.027147,1.432338e-02,-1321.577578,598.606797,645.962332,0.178,4.662,0.018,0.000,0.000,0.000
3908,3.908000,462621.619080,-1061040.828732,-598419.209652,1.432473e-02,-1321.869194,598.423040,645.924700,0.189,12.263,0.017,0.000,0.000,0.000
3909,3.909000,462590.902941,-1061009.442850,-598418.539909,1.432583e-02,-1322.144909,598.045597,645.729145,0.189,4.675,0.018,0.000,0.000,0.000
3910,3.910000,462560.340044,-1060978.119058,-598417.779015,1.432708e-02,-1322.088918,597.745990,645.731215,0.176,13.722,0.017,0.000,0.000,0.000
3911,3.911000,462529.880618,-1060946.818658,-598416.938040,1.432847e-02,-1322.016107,597.615387,645.938762,0.204,4.611,0.017,0.000,0.000,0.000
3912,3.912000,462499.313388,-1060915.576418,-598416.263030,1.432958e-02,-1322.069370,597.639119,646.158494,0.178,12.222,0.018,0.000,0.000,0.000
3913,3.913000,462468.977952,-1060884.406676,-598415.428724,1.433095e-02,-1322.202148,597.431562,646.063030,0.188,6.177,0.020,0.000,0.000,0.000
3914,3.914000,462438.609965,-1060853.280431,-598414.670466,1.433220e-02,-1322.366124,597.179171,645.913091,0.173,6.164,0.017,0.000,0.000,0.000
3915,3.915000,462408.359682,-1060822.227560,-598413.867878,1.433352e-02,-1322.724189,596.928685,645.901132,0.173,6.109,0.019,0.000,0.000,0.000
3916,3.916000,462378.394554,-1060791.212896,-598412.818342,1.433525e-02,-1323.336183,596.503210,645.739511,0.171,4.673,0.017,0.000,0.000,0.000
3917,3.917000,462348.283679,-1060760.253771,-598411.970093,1.433665e-02,-1323.618548,596.154762,645.754639,0.183,6.216,0.023,0.000,0.000,0.000
3918,3.918000,462317.952127,-1060729.349462,-598411.397335,1.433759e-02,-1323.616066,596.073479,646.030504,0.183,12.244,0.017,0.000,0.000,0.000
3919,3.919000,462287.875109,-1060698.523998,-598410.648889,1.433883e-02,-1323.430608,596.107003,646.108023,0.176,4.664,0.021,0.000,0.000,0.000
3920,3.920000,462258.679700,-1060667.758383,-598409.078683,1.434141e-02,-1322.886292,596.373411,645.690470,0.190,12.247,0.026,0.000,0.000,0.000
3921,3.921000,462229.828834,-1060636.995930,-598407.167096,1.434456e-02,-1322.253805,596.533748,645.631327,0.222,7.651,0.056,0.000,0.000,0.000
3922,3.922000,462200.657142,-1060606.256729,-598405.599587,1.434714e-02,-1322.028313,596.303390,645.709199,0.191,4.676,0.019,0.000,0.000,0.000
3923,3.923000,462170.875438,-1060575.560908,-598404.685470,1.434865e-02,-1322.120851,596.182096,645.525024,0.184,7.699,0.018,0.000,0.000,0.000
3924,3.924000,462140.955352,-1060544.951465,-598403.996113,1.434978e-02,-1322.167649,596.142421,645.581794,0.180,7.699,0.018,0.000,0.000,0.000
3925,3.925000,462111.409685,-1060514.425656,-598403.015971,1.435140e-02,-1322.164093,596.016369,645.455430,0.188,12.164,0.018,0.000,0.000,0.000
3926,3.926000,462081.898891,-1060483.955394,-598402.056503,1.435298e-02,-1322.177645,596.002381,645.463869,0.217,4.668,0.018,0.000,0.000,0.000
3927,3.927000,462052.569775,-1060453.554568,-598400.984793,1.435474e-02,-1322.120421,596.017971,645.447614,0.210,4.609,0.019,0.000,0.000,0.000
3928,3.928000,462023.263317,-1060423.217102,-598399.953785,1.435644e-02,-1321.921571,595.911845,645.352966,0.184,10.716,0.017,0.000,0.000,0.000
3929,3.929000,461993.790526,-1060392.972574,-598399.182048,1.435771e-02,-1321.811954,595.823147,645.379031,0.189,4.668,0.018,0.000,0.000,0.000
3930,3.930000,461964.444745,-1060362.822504,-598398.377759,1.435904e-02,-1321.792257,595.815878,645.359609,0.190,10.655,0.018,0.000,0.000,0.000
3931,3.931000,461935.234841,-1060332.762801,-598397.527960,1.436044e-02,-1321.742045,595.799211,645.372821,0.183,4.673,0.017,0.000,0.000,0.000
3932,3.932000,461906.153140,-1060302.800528,-598396.647388,1.436189e-02,-1321.654309,595.674938,645.472692,0.191,12.219,0.017,0.000,0.000,0.000
3933,3.933000,461877.373209,-1060272.915790,-598395.542580,1.436371e-02,-1321.582201,595.679412,645.304733,0.188,4.685,0.017,0.000,0.000,0.000
3934,3.934000,461848.662401,-1060243.075011,-598394.412609,1.436557e-02,-1321.395859,595.864473,645.095630,0.181,10.679,0.017,0.000,0.000,0.000
3935,3.935000,461819.946400,-1060213.294144,-598393.347745,1.436732e-02,-1320.864116,596.180905,645.343037,0.174,4.612,0.017,0.000,0.000,0.000
3936,3.936000,461791.038236,-1060183.550421,-598392.512185,1.436870e-02,-1320.536624,596.369034,645.538525,0.174,9.213,0.017,0.000,0.000,0.000
3937,3.937000,461762.315543,-1060153.924340,-598391.608796,1.437019e-02,-1320.545455,596.425425,645.667188,0.174,4.672,0.017,0.000,0.000,0.000
3938,3.938000,461734.041038,-1060124.384034,-598390.342995,1.437227e-02,-1320.522260,596.535974,645.881472,0.176,10.720,0.017,0.000,0.000,0.000
3939,3.939000,461705.731135,-1060094.925879,-598389.194743,1.437416e-02,-1320.488367,596.771026,645.970149,0.211,4.594,0.018,0.000,0.000,0.000
3940,3.940000,461677.587526,-1060065.537489,-598387.949962,1.437621e-02,-1320.209789,597.261979,646.304701,0.204,10.669,0.023,0.000,0.000,0.000
3941,3.941000,461649.626764,-1060036.191778,-598386.565014,1.437850e-02,-1319.946804,597.454950,646.636410,0.192,4.619,0.019,0.000,0.000,0.000
3942,3.942000,461621.662668,-1060006.924191,-598385.261523,1.438064e-02,-1320.012250,597.443893,646.642637,0.189,10.680,0.018,0.000,0.000,0.000
3943,3.943000,461593.687635,-1059977.742505,-598384.054870,1.438263e-02,-1320.112233,597.812093,646.652192,0.193,7.631,0.017,0.000,0.000,0.000
3944,3.944000,461565.470573,-1059948.642870,-598383.172298,1.438408e-02,-1320.124364,598.263678,646.750591,0.179,6.196,0.017,0.000,0.000,0.000
3945,3.945000,461537.287893,-1059919.653847,-598382.365954,1.438541e-02,-1320.071309,598.593928,646.921208,0.188,12.170,0.018,0.000,0.000,0.000
3946,3.946000,461509.530047,-1059890.770808,-598381.240760,1.438727e-02,-1319.925566,598.796362,647.081612,0.182,4.681,0.017,0.000,0.000,0.000
3947,3.947000,461482.001466,-1059861.982033,-598379.980567,1.438934e-02,-1319.690409,598.853215,647.348091,0.184,10.403,0.021,0.000,0.000,0.000
3948,3.948000,461454.257117,-1059833.263217,-598379.006101,1.439095e-02,-1319.498404,598.848014,647.511638,0.176,4.689,0.017,0.000,0.000,0.000
3949,3.949000,461426.062279,-1059804.665417,-598378.603138,1.439161e-02,-1319.429073,598.747233,647.522920,0.175,4.616,0.017,0.000,0.000,0.000
3950,3.950000,461398.046746,-1059776.173891,-598378.127145,1.439239e-02,-1319.602523,598.343133,647.454568,0.192,13.735,0.022,0.000,0.000,0.000
3951,3.951000,461370.454511,-1059747.771982,-598377.317471,1.439373e-02,-1319.868567,598.189402,647.365094,0.186,12.243,0.023,0.000,0.000,0.000
3952,3.952000,461342.837797,-1059719.475635,-598376.637838,1.439485e-02,-1319.985910,598.371400,647.369280,0.173,4.675,0.018,0.000,0.000,0.000
3953,3.953000,461315.379945,-1059691.303395,-598375.923450,1.439602e-02,-1320.030687,598.364721,647.394685,0.172,13.805,0.019,0.000,0.000,0.000
3954,3.954000,461288.127798,-1059663.234736,-598375.106938,1.439737e-02,-1319.942313,598.273970,647.350124,0.189,4.622,0.041,0.000,0.000,0.000
3955,3.955000,461260.935216,-1059635.263552,-598374.328336,1.439865e-02,-1319.785054,598.248545,647.245513,0.187,10.725,0.019,0.000,0.000,0.000
3956,3.956000,461234.016050,-1059607.408060,-598373.392010,1.440019e-02,-1319.740557,598.024865,647.129953,0.182,4.598,0.019,0.000,0.000,0.000
3957,3.957000,461207.257105,-1059579.626155,-598372.369050,1.440188e-02,-1319.749871,597.805480,647.041707,0.175,6.133,0.018,0.000,0.000,0.000
3958,3.958000,461180.549942,-1059551.963356,-598371.413414,1.440345e-02,-1319.717286,597.735613,647.179941,0.174,6.183,0.017,0.000,0.000,0.000
3959,3.959000,461154.058397,-1059524.373331,-598370.314934,1.440526e-02,-1319.820632,597.541182,647.459520,0.196,4.679,0.020,0.000,0.000,0.000
3960,3.960000,461127.518785,-1059496.864375,-598369.345590,1.440686e-02,-1319.847471,597.458273,647.604163,0.180,7.629,0.020,0.000,0.000,0.000
3961,3.961000,461100.964650,-1059469.470278,-598368.505628,1.440824e-02,-1319.803697,597.347230,647.871020,0.217,12.239,0.020,0.000,0.000,0.000
3962,3.962000,461074.390284,-1059442.153658,-598367.763373,1.440946e-02,-1319.788167,597.203275,648.177732,0.198,4.680,0.018,0.000,0.000,0.000
3963,3.963000,461047.927639,-1059414.959139,-598367.031500,1.441067e-02,-1319.768727,597.018395,648.483855,0.199,12.219,0.020,0.000,0.000,0.000
3964,3.964000,461021.695423,-1059387.848988,-598366.153565,1.441212e-02,-1319.883890,596.682090,648.972962,0.181,4.595,0.018,0.000,0.000,0.000
3965,3.965000,460995.259607,-1059360.835454,-598365.575847,1.441307e-02,-1319.976232,596.244432,649.539271,0.216,6.214,0.020,0.000,0.000,0.000
3966,3.966000,460968.842936,-1059333.903373,-598365.060437,1.441392e-02,-1319.858435,595.894269,649.805504,0.195,4.678,0.017,0.000,0.000,0.000
3967,3.967000,460942.599859,-1059307.073558,-598364.473699,1.441488e-02,-1319.638482,595.788285,649.731983,0.203,7.659,0.017,0.000,0.000,0.000
3968,3.968000,460916.588072,-1059280.371893,-598363.783821,1.441602e-02,-1319.155284,595.826004,649.589424,0.238,4.724,0.031,0.000,0.000,0.000
3969,3.969000,460890.806069,-1059253.753919,-598362.947849,1.441740e-02,-1318.882813,595.623731,649.729421,0.185,9.152,0.017,0.000,0.000,0.000
3970,3.970000,460865.005041,-1059227.227947,-598362.222906,1.441859e-02,-1318.929942,595.129148,650.252402,0.193,4.688,0.017,0.000,0.000,0.000
3971,3.971000,460839.102070,-1059200.767641,-598361.665571,1.441951e-02,-1318.714247,594.875598,650.566407,0.183,10.628,0.016,0.000,0.000,0.000
3972,3.972000,460813.495174,-1059174.429185,-598360.934011,1.442071e-02,-1318.600878,594.637113,650.834871,0.179,6.174,0.017,0.000,0.000,0.000
3973,3.973000,460788.242945,-1059148.169517,-598359.926572,1.442237e-02,-1318.352068,594.356998,650.949820,0.189,4.604,0.019,0.000,0.000,0.000
3974,3.974000,460763.035253,-1059122.012884,-598358.977632,1.442394e-02,-1317.865786,594.302241,650.796085,0.175,10.642,0.017,0.000,0.000,0.000
3975,3.975000,460737.866874,-1059095.965626,-598358.098752,1.442538e-02,-1317.507015,594.204000,650.718071,0.204,4.617,0.016,0.000,0.000,0.000
3976,3.976000,460712.912459,-1059070.014335,-598357.101876,1.442703e-02,-1317.318022,594.083508,651.013581,0.176,4.675,0.017,0.000,0.000,0.000
3977,3.977000,460688.199523,-1059044.111148,-598355.911625,1.442899e-02,-1317.199173,593.835729,651.495847,0.179,10.669,0.017,0.000,0.000,0.000
3978,3.978000,460663.337665,-1059018.278044,-598354.940379,1.443059e-02,-1316.990787,593.568929,651.656868,0.217,4.633,0.020,0.000,0.000,0.000
3979,3.979000,460638.742299,-1058992.557340,-598353.815040,1.443244e-02,-1316.670869,593.347669,651.880412,0.200,10.740,0.018,0.000,0.000,0.000
3980,3.980000,460614.882467,-1058966.888847,-598352.006380,1.443542e-02,-1316.696885,593.252676,651.540159,0.193,4.679,0.017,0.000,0.000,0.000
3981,3.981000,460591.414066,-1058941.221568,-598349.807502,1.443904e-02,-1317.357261,593.199387,650.581232,0.196,12.154,0.025,0.000,0.000,0.000
3982,3.982000,460567.144212,-1058915.533337,-598348.389125,1.444138e-02,-1317.790965,593.060569,650.200646,0.178,4.674,0.017,0.000,0.000,0.000
3983,3.983000,460542.848184,-1058889.979636,-598347.131452,1.444345e-02,-1318.207598,592.917307,649.776027,0.178,13.784,0.016,0.000,0.000,0.000
3984,3.984000,460519.469290,-1058864.406338,-598344.937048,1.444706e-02,-1318.599352,593.079473,649.060003,0.186,12.194,0.018,0.000,0.000,0.000
3985,3.985000,460496.180071,-1058838.786705,-598342.606634,1.445090e-02,-1319.102000,593.547636,647.937179,0.175,4.610,0.017,0.000,0.000,0.000
3986,3.986000,460472.282601,-1058813.153041,-598340.870439,1.445376e-02,-1319.201632,593.870301,647.314549,0.175,13.762,0.017,0.000,0.000,0.000
3987,3.987000,460447.640849,-1058787.588179,-598339.947329,1.445528e-02,-1318.649598,594.106265,647.524313,0.186,4.634,0.019,0.000,0.000,0.000
3988,3.988000,460422.701007,-1058762.141813,-598339.440807,1.445612e-02,-1318.506778,594.198294,647.481135,0.181,4.685,0.019,0.000,0.000,0.000
3989,3.989000,460398.450088,-1058736.821365,-598338.371277,1.445788e-02,-1319.013909,594.419372,646.795206,0.263,4.619,0.017,0.000,0.000,0.000
3990,3.990000,460374.955879,-1058711.496285,-598336.540406,1.446089e-02,-1320.121722,594.828958,645.520919,0.182,6.137,0.017,0.000,0.000,0.000
3991,3.991000,460350.933162,-1058686.174044,-598335.240882,1.446303e-02,-1320.531761,594.965004,644.782766,0.176,6.129,0.017,0.000,0.000,0.000
3992,3.992000,460326.500574,-1058660.964656,-598334.464083,1.446431e-02,-1320.353906,594.862830,644.611125,0.175,10.734,0.017,0.000,0.000,0.000
3993,3.993000,460301.951889,-1058635.860168,-598333.908279,1.446523e-02,-1320.204831,594.818518,644.591071,0.211,4.686,0.019,0.000,0.000,0.000
3994,3.994000,460277.586281,-1058610.882821,-598333.296540,1.446624e-02,-1320.172000,594.784597,644.502563,0.172,10.658,0.017,0.000,0.000,0.000
3995,3.995000,460254.056339,-1058586.009891,-598331.953552,1.446845e-02,-1320.916902,594.919418,643.633493,0.267,4.682,0.017,0.000,0.000,0.000
3996,3.996000,460231.178423,-1058561.134185,-598329.955761,1.447174e-02,-1322.180815,595.115109,642.315734,0.172,13.593,0.024,0.000,0.000,0.000
3997,3.997000,460207.816635,-1058536.236872,-598328.420237,1.447427e-02,-1322.672868,595.083990,641.823258,0.173,9.216,0.017,0.000,0.000,0.000
3998,3.998000,460183.757726,-1058511.453519,-598327.695793,1.447546e-02,-1322.578884,595.000879,641.870337,0.168,4.610,0.016,0.000,0.000,0.000
3999,3.999000,460160.485428,-1058486.781853,-598326.296425,1.447777e-02,-1323.137615,595.152087,641.184833,0.186,6.193,0.020,0.000,0.000,0.000
4000,4.000000,460137.276591,-1058462.078511,-598324.801920,1.448023e-02,-1323.678301,595.229886,640.432448,0.227,12.255,0.025,0.000,0.000,0.000
4001,4.001000,460114.184291,-1058437.471073,-598323.286782,1.448272e-02,-1324.281606,595.336275,639.646087,0.202,6.120,0.023,0.000,0.000,0.000
4002,4.002000,460091.548114,-1058412.829929,-598321.281814,1.448603e-02,-1324.644266,595.574767,638.815028,0.185,5.992,0.017,0.000,0.000,0.000
4003,4.003000,460068.572013,-1058388.232106,-598319.660093,1.448870e-02,-1324.131166,595.571255,638.672958,0.198,4.679,0.017,0.000,0.000,0.000
4004,4.004000,460045.547631,-1058363.696304,-598318.148672,1.449119e-02,-1323.633113,595.485774,638.689097,0.195,7.683,0.018,0.000,0.000,0.000
4005,4.005000,460022.432790,-1058339.177821,-598316.745030,1.449350e-02,-1323.483820,595.400453,638.550490,0.213,9.225,0.018,0.000,0.000,0.000
4006,4.006000,459999.060547,-1058314.745564,-598315.685016,1.449524e-02,-1323.672086,595.357854,638.248964,0.199,4.327,0.017,0.000,0.000,0.000
4007,4.007000,459975.719195,-1058290.421618,-598314.702423,1.449686e-02,-1323.842688,595.291459,637.868118,0.189,10.681,0.020,0.000,0.000,0.000
4008,4.008000,459952.320514,-1058266.181669,-598313.861155,1.449825e-02,-1323.649470,595.370875,637.926043,0.196,4.595,0.019,0.000,0.000,0.000
4009,4.009000,459928.626067,-1058242.026390,-598313.400323,1.449901e-02,-1323.116699,595.676374,638.442656,0.207,10.651,0.023,0.000,0.000,0.000
4010,4.010000,459904.999662,-1058217.968122,-598312.968460,1.449972e-02,-1322.735629,595.814689,638.735970,0.191,4.701,0.018,0.000,0.000,0.000
4011,4.011000,459881.678098,-1058194.037336,-598312.359238,1.450072e-02,-1322.561382,595.670751,638.859473,0.181,6.109,0.019,0.000,0.000,0.000
4012,4.012000,459858.451845,-1058170.212433,-598311.760588,1.450171e-02,-1322.419507,595.525791,638.990432,0.184,12.154,0.019,0.000,0.000,0.000
4013,4.013000,459835.368612,-1058146.518906,-598311.150293,1.450271e-02,-1322.264557,595.447730,639.101246,0.189,6.110,0.018,0.000,0.000,0.000
4014,4.014000,459812.407211,-1058122.953789,-598310.546578,1.450371e-02,-1322.033383,595.383633,639.198695,0.179,4.600,0.020,0.000,0.000,0.000
4015,4.015000,459790.024111,-1058099.506866,-598309.482755,1.450546e-02,-1321.979222,595.417699,639.078724,0.177,6.205,0.018,0.000,0.000,0.000
4016,4.016000,459767.926921,-1058076.140220,-598308.213299,1.450755e-02,-1322.055143,595.445225,638.891894,0.179,6.128,0.018,0.000,0.000,0.000
4017,4.017000,459745.407770,-1058052.875861,-598307.468092,1.450878e-02,-1321.989273,595.413971,638.938415,0.218,4.679,0.031,0.000,0.000,0.000
4018,4.018000,459723.245865,-1058029.736001,-598306.490137,1.451039e-02,-1321.795240,595.207738,639.021557,0.225,9.072,0.025,0.000,0.000,0.000
4019,4.019000,459701.279927,-1058006.691795,-598305.411869,1.451217e-02,-1321.449629,595.018313,639.202404,0.198,7.683,0.018,0.000,0.000,0.000
4020,4.020000,459679.123954,-1057983.749582,-598304.625628,1.451346e-02,-1321.161329,594.991317,639.373556,0.203,4.608,0.016,0.000,0.000,0.000
4021,4.021000,459657.010440,-1057960.921616,-598303.911177,1.451464e-02,-1320.997028,594.939475,639.449496,0.181,10.569,0.017,0.000,0.000,0.000
4022,4.022000,459634.869523,-1057938.213360,-598303.343837,1.451557e-02,-1320.865126,594.867646,639.514892,0.192,4.629,0.018,0.000,0.000,0.000
4023,4.023000,459612.812433,-1057915.642133,-598302.829700,1.451642e-02,-1320.744500,594.799833,639.543339,0.183,4.688,0.018,0.000,0.000,0.000
4024,4.024000,459590.846180,-1057893.209070,-598302.362890,1.451719e-02,-1320.621337,594.776337,639.610095,0.177,13.653,0.017,0.000,0.000,0.000
4025,4.025000,459569.101824,-1057870.915669,-598301.813845,1.451809e-02,-1320.488011,594.725987,639.628090,0.180,10.745,0.016,0.000,0.000,0.000
4026,4.026000,459547.458462,-1057848.748466,-598301.290004,1.451895e-02,-1320.354271,594.673053,639.637046,0.177,4.622,0.016,0.000,0.000,0.000
4027,4.027000,459525.945816,-1057826.723818,-598300.778002,1.451980e-02,-1320.228097,594.605568,639.669542,0.189,12.271,0.019,0.000,0.000,0.000
4028,4.028000,459504.723100,-1057804.835857,-598300.112758,1.452089e-02,-1320.091882,594.535437,639.670678,0.176,4.678,0.018,0.000,0.000,0.000
4029,4.029000,459483.669920,-1057783.083648,-598299.413728,1.452204e-02,-1319.964994,594.489570,639.600132,0.175,13.697,0.018,0.000,0.000,0.000
4030,4.030000,459462.729831,-1057761.462638,-598298.732807,1.452317e-02,-1319.862211,594.480993,639.508874,0.178,4.617,0.017,0.000,0.000,0.000
4031,4.031000,459441.777429,-1057739.976041,-598298.198613,1.452405e-02,-1319.776899,594.506800,639.471855,0.175,4.689,0.016,0.000,0.000,0.000
4032,4.032000,459421.097762,-1057718.630951,-598297.533189,1.452514e-02,-1319.839883,594.527695,639.369100,0.171,12.208,0.017,0.000,0.000,0.000
4033,4.033000,459400.489903,-1057697.410527,-598296.920624,1.452615e-02,-1319.853068,594.512509,639.313702,0.176,4.605,0.019,0.000,0.000,0.000
4034,4.034000,459379.750782,-1057676.334259,-598296.583477,1.452671e-02,-1319.711834,594.462763,639.330266,0.199,10.654,0.020,0.000,0.000,0.000
4035,4.035000,459359.488395,-1057655.402854,-598295.914459,1.452781e-02,-1319.686124,594.417361,639.168055,0.174,4.673,0.016,0.000,0.000,0.000
4036,4.036000,459339.616161,-1057634.582643,-598294.966482,1.452937e-02,-1319.789511,594.396823,638.865317,0.172,10.661,0.017,0.000,0.000,0.000
4037,4.037000,459319.983053,-1057613.870684,-598293.887630,1.453115e-02,-1320.168896,594.411768,638.397550,0.170,4.596,0.016,0.000,0.000,0.000
4038,4.038000,459300.531378,-1057593.247553,-598292.716175,1.453308e-02,-1320.499179,594.446269,637.990701,0.176,10.662,0.017,0.000,0.000,0.000
4039,4.039000,459281.121414,-1057572.739003,-598291.617589,1.453489e-02,-1320.630934,594.461429,637.745951,0.172,4.651,0.017,0.000,0.000,0.000
4040,4.040000,459261.765328,-1057552.352024,-598290.586696,1.453658e-02,-1320.886891,594.443675,637.536636,0.219,10.741,0.021,0.000,0.000,0.000
4041,4.041000,459242.618552,-1057532.091405,-598289.472852,1.453842e-02,-1321.481261,594.509859,637.072375,0.233,4.682,0.043,0.000,0.000,0.000
4042,4.042000,459223.697593,-1057511.907856,-598288.210264,1.454050e-02,-1321.959893,594.590352,636.586426,0.191,13.593,0.017,0.000,0.000,0.000
4043,4.043000,459204.894593,-1057491.829976,-598286.935383,1.454260e-02,-1322.112912,594.563235,636.413764,0.191,4.674,0.020,0.000,0.000,0.000
4044,4.044000,459186.277962,-1057471.868344,-598285.590383,1.454481e-02,-1322.250056,594.516793,636.270384,0.228,12.187,0.020,0.000,0.000,0.000
4045,4.045000,459167.966921,-1057452.018839,-598284.051918,1.454735e-02,-1322.421849,594.378595,636.311026,0.211,4.624,0.022,0.000,0.000,0.000
4046,4.046000,459149.935215,-1057432.260681,-598282.325466,1.455019e-02,-1322.801060,594.154809,636.519176,0.184,4.612,0.018,0.000,0.000,0.000
4047,4.047000,459131.723258,-1057412.607407,-598280.884149,1.455257e-02,-1323.137529,594.056046,636.504329,0.293,4.624,0.017,0.000,0.000,0.000
4048,4.048000,459113.670377,-1057393.080414,-598279.410037,1.455499e-02,-1323.558076,593.923075,636.427676,0.184,9.246,0.019,0.000,0.000,0.000
4049,4.049000,459096.045803,-1057373.630390,-598277.584587,1.455800e-02,-1324.267370,593.625411,636.858136,0.186,6.113,0.019,0.000,0.000,0.000
4050,4.050000,459078.567268,-1057354.250360,-598275.683092,1.456113e-02,-1324.948648,593.315962,637.591065,0.191,6.181,0.019,0.000,0.000,0.000
4051,4.051000,459061.156785,-1057334.953774,-598273.796988,1.456424e-02,-1325.536173,592.996682,638.403015,0.178,9.223,0.018,0.000,0.000,0.000
4052,4.052000,459043.434140,-1057315.740695,-598272.306556,1.456669e-02,-1325.797614,592.869315,638.897110,0.183,4.630,0.018,0.000,0.000,0.000
4053,4.053000,459025.471145,-1057296.647949,-598271.176804,1.456855e-02,-1325.795697,592.935587,638.989303,0.175,10.662,0.017,0.000,0.000,0.000
4054,4.054000,459007.600631,-1057277.687772,-598270.087141,1.457035e-02,-1325.829608,592.948667,639.136070,0.191,4.662,0.018,0.000,0.000,0.000
4055,4.055000,458990.306606,-1057258.854671,-598268.548065,1.457288e-02,-1326.120280,592.765277,639.552116,0.174,10.730,0.017,0.000,0.000,0.000
4056,4.056000,458973.113726,-1057240.108371,-598266.994645,1.457544e-02,-1326.481252,592.577651,640.032061,0.184,4.609,0.020,0.000,0.000,0.000
4057,4.057000,458955.635005,-1057221.479415,-598265.844410,1.457734e-02,-1326.766124,592.440971,640.309577,0.241,9.143,0.025,0.000,0.000,0.000
4058,4.058000,458938.112834,-1057202.964283,-598264.851450,1.457897e-02,-1327.167719,592.245100,640.435704,0.250,12.194,0.028,0.000,0.000,0.000
4059,4.059000,458920.552976,-1057184.574053,-598264.021077,1.458034e-02,-1327.405485,592.047048,640.483819,0.212,4.615,0.019,0.000,0.000,0.000
4060,4.060000,458903.271936,-1057166.313585,-598263.041650,1.458195e-02,-1327.484798,591.843033,640.509951,0.199,4.613,0.018,0.000,0.000,0.000
4061,4.061000,458886.378987,-1057148.170535,-598261.791548,1.458401e-02,-1327.667476,591.692518,640.486004,0.257,4.629,0.018,0.000,0.000,0.000
4062,4.062000,458869.496038,-1057130.133910,-598260.637872,1.458591e-02,-1327.885555,591.528972,640.565752,0.260,9.253,0.025,0.000,0.000,0.000
4063,4.063000,458852.680787,-1057112.224361,-598259.543574,1.458772e-02,-1328.088036,591.317364,640.776132,0.240,6.111,0.023,0.000,0.000,0.000
4064,4.064000,458836.399081,-1057094.435731,-598258.036649,1.459020e-02,-1328.706094,591.076806,640.763439,0.210,6.218,0.018,0.000,0.000,0.000
4065,4.065000,458820.101257,-1057076.695650,-598256.594392,1.459257e-02,-1329.123957,590.911652,640.661173,0.188,4.598,0.017,0.000,0.000,0.000
4066,4.066000,458803.757271,-1057059.083993,-598255.326722,1.459466e-02,-1329.401203,590.717513,640.690551,0.196,10.710,0.017,0.000,0.000,0.000
4067,4.067000,458787.206577,-1057041.559867,-598254.353291,1.459627e-02,-1329.695552,590.519392,640.699842,0.191,4.638,0.018,0.000,0.000,0.000
4068,4.068000,458770.628592,-1057024.177568,-598253.548976,1.459759e-02,-1329.977821,590.506993,640.435437,0.234,10.746,0.023,0.000,0.000,0.000
4069,4.069000,458754.410076,-1057006.888078,-598252.478003,1.459935e-02,-1330.382957,590.573535,640.086282,0.227,4.620,0.022,0.000,0.000,0.000
4070,4.070000,458738.375699,-1056989.723877,-598251.348178,1.460122e-02,-1330.718670,590.588497,639.738827,0.208,13.804,0.018,0.000,0.000,0.000
4071,4.071000,458722.444250,-1056972.638355,-598250.194105,1.460312e-02,-1331.281919,590.593416,639.164769,0.200,9.220,0.018,0.000,0.000,0.000
4072,4.072000,458706.475503,-1056955.645367,-598249.169864,1.460480e-02,-1331.671738,590.656176,638.894974,0.188,4.688,0.017,0.000,0.000,0.000
4073,4.073000,458690.502133,-1056938.768885,-598248.266752,1.460629e-02,-1331.774769,590.682085,638.810687,0.186,4.673,0.018,0.000,0.000,0.000
4074,4.074000,458674.877648,-1056922.024705,-598247.147057,1.460814e-02,-1332.000330,590.572400,638.624711,0.202,12.168,0.020,0.000,0.000,0.000
4075,4.075000,458659.669236,-1056905.385447,-598245.716211,1.461049e-02,-1332.353985,590.424364,638.435635,0.184,4.607,0.018,0.000,0.000,0.000
4076,4.076000,458644.404666,-1056888.853319,-598244.448653,1.461258e-02,-1332.491010,590.324465,638.315814,0.182,4.141,0.017,0.000,0.000,0.000
4077,4.077000,458629.057777,-1056872.446706,-598243.388929,1.461433e-02,-1332.517952,590.221217,638.280088,0.199,4.635,0.024,0.000,0.000,0.000
4078,4.078000,458613.751034,-1056856.164712,-598242.413677,1.461593e-02,-1332.615096,590.123953,638.250133,0.189,7.705,0.018,0.000,0.000,0.000
4079,4.079000,458598.538377,-1056840.009813,-598241.471437,1.461748e-02,-1332.832804,590.064712,638.228383,0.176,4.697,0.017,0.000,0.000,0.000
4080,4.080000,458583.717126,-1056823.985656,-598240.268530,1.461946e-02,-1333.196636,589.889319,638.241187,0.223,9.245,0.022,0.000,0.000,0.000
4081,4.081000,458569.047633,-1056808.075369,-598239.027736,1.462151e-02,-1333.505780,589.735717,638.241709,0.199,4.613,0.019,0.000,0.000,0.000
4082,4.082000,458554.315083,-1056792.295814,-598237.980731,1.462323e-02,-1333.691708,589.751646,638.226325,0.202,10.740,0.018,0.000,0.000,0.000
4083,4.083000,458539.662825,-1056776.639916,-598236.977090,1.462489e-02,-1333.836710,589.787517,638.261354,0.193,4.680,0.021,0.000,0.000,0.000
4084,4.084000,458525.325054,-1056761.108255,-598235.783202,1.462685e-02,-1334.253833,589.692863,638.166800,0.232,12.200,0.022,0.000,0.000,0.000
4085,4.085000,458511.020557,-1056745.639958,-598234.619402,1.462877e-02,-1334.701767,589.488388,637.941298,0.246,4.622,0.035,0.000,0.000,0.000
4086,4.086000,458496.583603,-1056730.284572,-598233.700969,1.463028e-02,-1334.895824,589.291724,637.887989,0.196,13.764,0.019,0.000,0.000,0.000
4087,4.087000,458482.217306,-1056715.035947,-598232.818641,1.463174e-02,-1335.106167,589.059879,637.854922,0.193,10.727,0.017,0.000,0.000,0.000
4088,4.088000,458468.044825,-1056699.900234,-598231.855409,1.463332e-02,-1335.301454,588.828002,637.651034,0.203,4.682,0.017,0.000,0.000,0.000
4089,4.089000,458453.968550,-1056684.875048,-598230.906498,1.463489e-02,-1335.437229,588.626524,637.399953,0.192,6.195,0.018,0.000,0.000,0.000
4090,4.090000,458439.970480,-1056669.963110,-598229.992630,1.463639e-02,-1335.602063,588.476583,637.216240,0.181,10.729,0.018,0.000,0.000,0.000
4091,4.091000,458425.929849,-1056655.170058,-598229.240209,1.463763e-02,-1335.737160,588.408480,637.124761,0.182,6.186,0.017,0.000,0.000,0.000
4092,4.092000,458411.876242,-1056640.503425,-598228.627183,1.463864e-02,-1335.757474,588.331941,636.977939,0.181,5.617,0.017,0.000,0.000,0.000
4093,4.093000,458398.166208,-1056625.952158,-598227.785950,1.464003e-02,-1335.836421,588.204845,636.957288,0.179,7.637,0.017,0.000,0.000,0.000
4094,4.094000,458384.665418,-1056611.485939,-598226.820521,1.464162e-02,-1336.089718,588.060218,636.998678,0.181,4.599,0.016,0.000,0.000,0.000
4095,4.095000,458371.296359,-1056597.132889,-598225.836531,1.464324e-02,-1336.213400,587.842205,636.975235,0.231,6.166,0.023,0.000,0.000,0.000
4096,4.096000,458358.192425,-1056582.888742,-598224.696317,1.464511e-02,-1336.149075,587.584079,636.963719,0.234,10.692,0.023,0.000,0.000,0.000
4097,4.097000,458345.201048,-1056568.752778,-598223.551730,1.464700e-02,-1336.123916,587.374147,636.993576,0.284,13.694,0.032,0.000,0.000,0.000
4098,4.098000,458332.232477,-1056554.723580,-598222.491103,1.464875e-02,-1336.140691,587.220250,637.038200,0.290,4.632,0.047,0.000,0.000,0.000
4099,4.099000,458319.235698,-1056540.807037,-598221.571339,1.465026e-02,-1336.416759,587.102801,637.017082,0.281,10.517,0.048,0.000,0.000,0.000
4100,4.100000,458306.299763,-1056526.967054,-598220.667292,1.465175e-02,-1336.687887,587.044189,637.045445,0.261,6.202,0.029,0.000,0.000,0.000
4101,4.101000,458293.544239,-1056513.240377,-598219.696139,1.465335e-02,-1336.691337,587.019469,637.085139,0.244,4.705,0.027,0.000,0.000,0.000
4102,4.102000,458280.896925,-1056499.628768,-598218.731843,1.465494e-02,-1336.705099,587.010963,637.069702,0.214,6.220,0.020,0.000,0.000,0.000
4103,4.103000,458268.416589,-1056486.129429,-598217.712840,1.465662e-02,-1336.829698,587.027175,636.970435,0.205,6.124,0.019,0.000,0.000,0.000
4104,4.104000,458256.179280,-1056472.746246,-598216.566967,1.465850e-02,-1336.962357,586.955077,636.976100,0.234,7.661,0.088,0.000,0.000,0.000
4105,4.105000,458244.052567,-1056459.460201,-598215.407634,1.466041e-02,-1337.017915,586.885215,637.051068,0.217,4.680,0.021,0.000,0.000,0.000
4106,4.106000,458231.845543,-1056446.280542,-598214.434999,1.466202e-02,-1337.071867,586.909998,637.065807,0.205,10.718,0.021,0.000,0.000,0.000
4107,4.107000,458219.535377,-1056433.202657,-598213.667280,1.466328e-02,-1337.164819,586.941873,637.097495,0.191,4.615,0.018,0.000,0.000,0.000
4108,4.108000,458207.250986,-1056420.252576,-598213.001590,1.466438e-02,-1337.282917,586.933745,637.182860,0.197,10.741,0.019,0.000,0.000,0.000
4109,4.109000,458195.408686,-1056407.426939,-598212.018253,1.466600e-02,-1337.411337,586.834768,637.184882,0.216,4.616,0.020,0.000,0.000,0.000
4110,4.110000,458183.899580,-1056394.695050,-598210.795469,1.466801e-02,-1337.601599,586.726969,637.046411,0.208,10.659,0.019,0.000,0.000,0.000
4111,4.111000,458172.221532,-1056382.062008,-598209.840477,1.466958e-02,-1337.773741,586.669779,636.973881,0.193,4.677,0.018,0.000,0.000,0.000
4112,4.112000,458160.546737,-1056369.549788,-598209.003050,1.467096e-02,-1338.160929,586.824510,637.181666,0.186,4.620,0.019,0.000,0.000,0.000
4113,4.113000,458149.081334,-1056357.135963,-598208.054629,1.467253e-02,-1338.736324,587.199386,637.669225,0.185,13.732,0.019,0.000,0.000,0.000
4114,4.114000,458137.667322,-1056344.821824,-598207.154502,1.467401e-02,-1339.257633,587.555841,638.211999,0.183,6.191,0.020,0.000,0.000,0.000
4115,4.115000,458126.478980,-1056332.607819,-598206.128838,1.467570e-02,-1339.822833,587.909723,638.811190,0.181,4.660,0.017,0.000,0.000,0.000
4116,4.116000,458115.330157,-1056320.478032,-598205.147875,1.467731e-02,-1340.477266,588.307282,639.408592,0.182,6.192,0.017,0.000,0.000,0.000
4117,4.117000,458104.164387,-1056308.438560,-598204.274173,1.467875e-02,-1341.305232,588.576155,639.946885,0.185,6.107,0.019,0.000,0.000,0.000
4118,4.118000,458093.061237,-1056296.478759,-598203.417521,1.468016e-02,-1341.886456,588.522386,640.167606,0.178,4.663,0.017,0.000,0.000,0.000
4119,4.119000,458081.956031,-1056284.631159,-598202.675127,1.468139e-02,-1342.055062,588.231727,640.195225,0.204,8.802,0.018,0.000,0.000,0.000
4120,4.120000,458071.070529,-1056272.908185,-598201.837656,1.468277e-02,-1342.108313,587.903478,640.361634,0.212,7.718,0.024,0.000,0.000,0.000
4121,4.121000,458060.326857,-1056261.279581,-598200.952724,1.468422e-02,-1342.221090,587.639714,640.450701,0.197,6.022,0.018,0.000,0.000,0.000
4122,4.122000,458049.462633,-1056249.760153,-598200.297520,1.468530e-02,-1342.244602,587.528649,640.511462,0.198,12.224,0.021,0.000,0.000,0.000
4123,4.123000,458038.641661,-1056238.367820,-598199.726159,1.468624e-02,-1342.222810,587.419998,640.538526,0.194,4.608,0.020,0.000,0.000,0.000
4124,4.124000,458027.995564,-1056227.097143,-598199.101579,1.468727e-02,-1342.342531,587.201436,640.495022,0.220,12.226,0.019,0.000,0.000,0.000
4125,4.125000,458017.429962,-1056215.932660,-598198.502698,1.468826e-02,-1342.370493,586.960934,640.493110,0.195,4.674,0.021,0.000,0.000,0.000
4126,4.126000,458006.960544,-1056204.895342,-598197.934798,1.468919e-02,-1342.323910,586.838821,640.532054,0.193,10.637,0.018,0.000,0.000,0.000
4127,4.127000,457996.646983,-1056193.977203,-598197.330220,1.469019e-02,-1342.275767,586.822986,640.672777,0.198,4.686,0.017,0.000,0.000,0.000
4128,4.128000,457986.491569,-1056183.169696,-598196.678127,1.469126e-02,-1342.313362,586.748315,640.822629,0.201,10.732,0.020,0.000,0.000,0.000
4129,4.129000,457976.633164,-1056172.471435,-598195.838271,1.469265e-02,-1342.708257,586.560265,640.840867,0.196,4.612,0.019,0.000,0.000,0.000
4130,4.130000,457966.968547,-1056161.867289,-598194.898743,1.469419e-02,-1343.033127,586.310602,640.910274,0.191,10.649,0.017,0.000,0.000,0.000
4131,4.131000,457957.326821,-1056151.368303,-598194.041482,1.469561e-02,-1343.170509,586.181675,640.925809,0.188,4.675,0.018,0.000,0.000,0.000
4132,4.132000,457947.925433,-1056140.970341,-598193.044908,1.469725e-02,-1343.437772,586.175232,640.833374,0.181,6.201,0.018,0.000,0.000,0.000
4133,4.133000,457938.549116,-1056130.662165,-598192.113049,1.469878e-02,-1343.648159,586.180044,640.820456,0.182,12.216,0.018,0.000,0.000,0.000
4134,4.134000,457929.216308,-1056120.461059,-598191.244752,1.470021e-02,-1343.802809,586.094003,640.844436,0.177,4.677,0.021,0.000,0.000,0.000
4135,4.135000,457920.109623,-1056110.366685,-598190.257062,1.470184e-02,-1344.037299,586.031690,640.979247,0.188,10.713,0.021,0.000,0.000,0.000
4136,4.136000,457910.991788,-1056100.348624,-598189.356836,1.470332e-02,-1344.353080,586.050450,641.138046,0.226,4.692,0.023,0.000,0.000,0.000
4137,4.137000,457902.053997,-1056090.419070,-598188.365073,1.470496e-02,-1344.755297,586.048957,641.287240,0.203,9.157,0.019,0.000,0.000,0.000
4138,4.138000,457893.275695,-1056080.556850,-598187.281156,1.470674e-02,-1345.163213,586.049477,641.282206,0.217,4.678,0.020,0.000,0.000,0.000
4139,4.139000,457884.417090,-1056070.792346,-598186.375255,1.470823e-02,-1345.339839,586.049086,641.152630,0.185,4.619,0.017,0.000,0.000,0.000
4140,4.140000,457875.482284,-1056061.141413,-598185.659129,1.470941e-02,-1345.444750,586.035034,641.090105,0.183,10.727,0.018,0.000,0.000,0.000
4141,4.141000,457866.520065,-1056051.601433,-598185.081368,1.471037e-02,-1345.674443,586.010447,641.013216,0.189,4.678,0.019,0.000,0.000,0.000
4142,4.142000,457857.824769,-1056042.165538,-598184.340769,1.471159e-02,-1346.156702,585.836258,641.186302,0.175,10.666,0.018,0.000,0.000,0.000
4143,4.143000,457849.124222,-1056032.795010,-598183.670788,1.471269e-02,-1346.483751,585.683461,641.386033,0.274,4.692,0.019,0.000,0.000,0.000
4144,4.144000,457840.336375,-1056023.548043,-598183.211668,1.471345e-02,-1346.564681,585.700373,641.333878,0.189,13.754,0.019,0.000,0.000,0.000
4145,4.145000,457831.793179,-1056014.411770,-598182.618591,1.471442e-02,-1346.667144,585.682368,641.309707,0.188,10.737,0.018,0.000,0.000,0.000
4146,4.146000,457823.295748,-1056005.399481,-598182.103733,1.471527e-02,-1346.656591,585.636764,641.313114,0.184,4.613,0.017,0.000,0.000,0.000
4147,4.147000,457814.930581,-1055996.512810,-598181.582229,1.471613e-02,-1346.722405,585.640870,641.313462,0.199,4.621,0.017,0.000,0.000,0.000
4148,4.148000,457807.005188,-1055987.731321,-598180.726133,1.471754e-02,-1346.866568,585.692673,641.393063,0.179,10.648,0.019,0.000,0.000,0.000
4149,4.149000,457799.478224,-1055979.045468,-598179.567244,1.471945e-02,-1347.155285,585.829096,641.422177,0.177,4.608,0.018,0.000,0.000,0.000
4150,4.150000,457792.100139,-1055970.427363,-598178.327224,1.472149e-02,-1347.571096,585.843957,641.652875,0.171,4.617,0.017,0.000,0.000,0.000
4151,4.151000,457784.680041,-1055961.878098,-598177.198057,1.472335e-02,-1347.987773,585.692839,642.180717,0.173,4.614,0.018,0.000,0.000,0.000
4152,4.152000,457777.054262,-1055953.405217,-598176.350955,1.472475e-02,-1348.208914,585.697033,642.430315,0.176,9.232,0.020,0.000,0.000,0.000
4153,4.153000,457769.311075,-1055945.016912,-598175.705836,1.472581e-02,-1348.233384,585.806730,642.425037,0.174,4.610,0.020,0.000,0.000,0.000
4154,4.154000,457761.754112,-1055936.726542,-598174.972430,1.472702e-02,-1348.140417,585.775177,642.422920,0.183,10.704,0.018,0.000,0.000,0.000
4155,4.155000,457754.460411,-1055928.518232,-598174.057822,1.472852e-02,-1348.345070,585.496173,642.527134,0.201,4.668,0.018,0.000,0.000,0.000
4156,4.156000,457747.091045,-1055920.365129,-598173.274084,1.472981e-02,-1348.729046,585.248513,642.610868,0.174,13.718,0.019,0.000,0.000,0.000
4157,4.157000,457739.948823,-1055912.313160,-598172.364337,1.473131e-02,-1349.100094,585.052851,642.913753,0.178,4.676,0.018,0.000,0.000,0.000
4158,4.158000,457733.167567,-1055904.308370,-598171.140803,1.473333e-02,-1349.691819,584.716764,643.553974,0.179,10.669,0.019,0.000,0.000,0.000
4159,4.159000,457726.249129,-1055896.361548,-598170.112419,1.473502e-02,-1350.019220,584.465805,643.877481,0.222,5.669,0.021,0.000,0.000,0.000
4160,4.160000,457719.137241,-1055888.507607,-598169.370366,1.473624e-02,-1350.139252,584.335857,643.888762,0.204,6.143,0.021,0.000,0.000,0.000
4161,4.161000,457712.158214,-1055880.747803,-598168.589589,1.473753e-02,-1350.146054,584.305380,644.020843,0.186,4.611,0.017,0.000,0.000,0.000
4162,4.162000,457705.367430,-1055873.065445,-598167.698015,1.473900e-02,-1350.271064,584.171726,644.300390,0.199,7.656,0.028,0.000,0.000,0.000
4163,4.163000,457698.700720,-1055865.446989,-598166.746269,1.474057e-02,-1350.686411,583.794559,644.656307,0.247,4.690,0.027,0.000,0.000,0.000
4164,4.164000,457692.397356,-1055857.913786,-598165.516429,1.474259e-02,-1351.201298,583.437198,645.210765,0.201,9.216,0.022,0.000,0.000,0.000
4165,4.165000,457685.855653,-1055850.425027,-598164.569373,1.474415e-02,-1351.525966,583.318983,645.564163,0.196,6.127,0.019,0.000,0.000,0.000
4166,4.166000,457679.265166,-1055843.036030,-598163.770864,1.474547e-02,-1351.597747,583.323074,645.767362,0.192,6.094,0.065,0.000,0.000,0.000
4167,4.167000,457672.869275,-1055835.718786,-598162.849511,1.474698e-02,-1351.743315,583.267934,646.007637,0.194,7.626,0.018,0.000,0.000,0.000
4168,4.168000,457666.572390,-1055828.484940,-598161.912550,1.474853e-02,-1352.103335,583.058059,646.242222,0.184,4.598,0.018,0.000,0.000,0.000
4169,4.169000,457660.481100,-1055821.313907,-598160.832806,1.475031e-02,-1352.573929,582.720379,646.773278,0.185,10.762,0.018,0.000,0.000,0.000
4170,4.170000,457654.266685,-1055814.201912,-598159.935228,1.475178e-02,-1352.892354,582.484596,647.137410,0.193,6.150,0.020,0.000,0.000,0.000
4171,4.171000,457648.327777,-1055807.187814,-598158.860037,1.475356e-02,-1353.207610,582.174278,647.534448,0.186,4.591,0.023,0.000,0.000,0.000
4172,4.172000,457642.657042,-1055800.228285,-598157.571242,1.475568e-02,-1353.579735,581.777719,648.088897,0.180,6.139,0.017,0.000,0.000,0.000
4173,4.173000,457636.807540,-1055793.347475,-598156.539935,1.475738e-02,-1353.797279,581.542101,648.266646,0.180,6.952,0.018,0.000,0.000,0.000
4174,4.174000,457631.183531,-1055786.556702,-598155.373171,1.475930e-02,-1354.091631,581.284929,648.422719,0.175,4.683,0.017,0.000,0.000,0.000
4175,4.175000,457625.675739,-1055779.839194,-598154.163455,1.476129e-02,-1354.318683,581.060874,648.690430,0.174,10.738,0.017,0.000,0.000,0.000
4176,4.176000,457619.910250,-1055773.199968,-598153.289718,1.476273e-02,-1354.359768,580.944158,648.866786,0.189,4.603,0.023,0.000,0.000,0.000
4177,4.177000,457614.284130,-1055766.650048,-598152.365919,1.476425e-02,-1354.459172,580.749850,649.031242,0.239,12.242,0.019,0.000,0.000,0.000
4178,4.178000,457608.736622,-1055760.190535,-598151.453913,1.476575e-02,-1354.605215,580.548211,649.123383,0.201,4.679,0.018,0.000,0.000,0.000
4179,4.179000,457603.133838,-1055753.830174,-598150.696337,1.476700e-02,-1354.809001,580.443710,649.193352,0.200,10.737,0.021,0.000,0.000,0.000
4180,4.180000,457597.648191,-1055747.547548,-598149.899357,1.476831e-02,-1355.115165,580.386467,649.243528,0.182,4.599,0.018,0.000,0.000,0.000
4181,4.181000,457592.255067,-1055741.349008,-598149.093941,1.476964e-02,-1355.523372,580.258801,649.146167,0.181,4.598,0.017,0.000,0.000,0.000
4182,4.182000,457587.052537,-1055735.238956,-598148.186419,1.477114e-02,-1355.819385,580.005428,649.146568,0.207,4.605,0.018,0.000,0.000,0.000
4183,4.183000,457582.042566,-1055729.214001,-598147.171435,1.477281e-02,-1356.031283,579.754192,649.228740,0.179,7.709,0.018,0.000,0.000,0.000
4184,4.184000,457577.351611,-1055723.281332,-598145.929721,1.477485e-02,-1356.333389,579.516621,649.497870,0.177,4.620,0.018,0.000,0.000,0.000
4185,4.185000,457573.009452,-1055717.410597,-598144.401145,1.477737e-02,-1356.688696,579.266860,649.938266,0.185,7.619,0.019,0.000,0.000,0.000
4186,4.186000,457568.251803,-1055711.590818,-598143.339014,1.477912e-02,-1356.913111,579.143901,650.074752,0.177,4.614,0.017,0.000,0.000,0.000
4187,4.187000,457563.136124,-1055705.855716,-598142.719592,1.478014e-02,-1356.979474,579.031591,650.085098,0.178,9.228,0.019,0.000,0.000,0.000
4188,4.188000,457558.283039,-1055700.201333,-598141.918294,1.478146e-02,-1357.051809,578.980379,650.098377,0.184,4.677,0.018,0.000,0.000,0.000
4189,4.189000,457553.698468,-1055694.616202,-598140.917735,1.478311e-02,-1357.253986,578.992390,649.984224,0.174,4.664,0.023,0.000,0.000,0.000
4190,4.190000,457549.396531,-1055689.107197,-598139.710666,1.478510e-02,-1357.675201,578.827918,650.015260,0.175,13.751,0.018,0.000,0.000,0.000
4191,4.191000,457545.127896,-1055683.669350,-598138.541454,1.478702e-02,-1358.049048,578.748257,650.091855,0.182,6.178,0.016,0.000,0.000,0.000
4192,4.192000,457540.595867,-1055678.288098,-598137.692231,1.478842e-02,-1358.172779,578.818147,650.048581,0.171,10.728,0.018,0.000,0.000,0.000
4193,4.193000,457536.083338,-1055673.003894,-598136.920555,1.478969e-02,-1358.323990,578.805593,649.945206,0.177,6.175,0.017,0.000,0.000,0.000
4194,4.194000,457531.764277,-1055667.796294,-598136.032017,1.479116e-02,-1358.570505,578.861019,649.904803,0.174,6.164,0.018,0.000,0.000,0.000
4195,4.195000,457527.686206,-1055662.633666,-598134.947460,1.479294e-02,-1359.068291,578.938041,650.019197,0.173,7.709,0.017,0.000,0.000,0.000
4196,4.196000,457524.091695,-1055657.516193,-598133.424498,1.479545e-02,-1359.650338,578.916237,650.071753,0.168,4.608,0.017,0.000,0.000,0.000
4197,4.197000,457520.350493,-1055652.451892,-598132.101399,1.479763e-02,-1359.993282,578.707507,650.035223,0.180,6.124,0.019,0.000,0.000,0.000
4198,4.198000,457516.155748,-1055647.461588,-598131.305839,1.479894e-02,-1359.678986,578.666672,650.236397,0.172,4.604,0.018,0.000,0.000,0.000
4199,4.199000,457512.149003,-1055642.449993,-598130.300990,1.480060e-02,-1359.328625,578.718076,650.695505,0.179,9.197,0.018,0.000,0.000,0.000
4200,4.200000,457508.267967,-1055637.490184,-598129.222217,1.480237e-02,-1359.430448,578.724503,650.904442,0.211,4.681,0.019,0.000,0.000,0.000
4201,4.201000,457504.110981,-1055632.572350,-598128.461370,1.480363e-02,-1359.443822,578.796703,650.761711,0.201,4.625,0.023,0.000,0.000,0.000
4202,4.202000,457500.106781,-1055627.719333,-598127.612552,1.480502e-02,-1359.063409,579.088679,650.750723,0.192,13.703,0.018,0.000,0.000,0.000
4203,4.203000,457496.311926,-1055622.866183,-598126.554257,1.480677e-02,-1358.762996,579.428538,650.807802,0.184,9.234,0.018,0.000,0.000,0.000
4204,4.204000,457492.536619,-1055618.097058,-598125.560439,1.480840e-02,-1358.959722,579.491573,650.770051,0.220,4.680,0.021,0.000,0.000,0.000
4205,4.205000,457488.855994,-1055613.408035,-598124.552041,1.481007e-02,-1359.298871,579.436504,650.878647,0.200,6.131,0.018,0.000,0.000,0.000
4206,4.206000,457485.329721,-1055608.795074,-598123.465353,1.481186e-02,-1359.647394,579.338097,650.939081,0.210,10.666,0.018,0.000,0.000,0.000
4207,4.207000,457481.879854,-1055604.265668,-598122.385813,1.481363e-02,-1359.834347,579.222971,650.873581,0.211,4.623,0.028,0.000,0.000,0.000
4208,4.208000,457478.363106,-1055599.831368,-598121.468262,1.481514e-02,-1359.975569,579.049592,650.811292,0.187,4.435,0.017,0.000,0.000,0.000
4209,4.209000,457474.849084,-1055595.487478,-598120.638394,1.481651e-02,-1360.104234,578.969088,650.686654,0.195,4.616,0.024,0.000,0.000,0.000
4210,4.210000,457471.373724,-1055591.223386,-598119.849662,1.481781e-02,-1360.261324,578.940171,650.543669,0.192,9.165,0.017,0.000,0.000,0.000
4211,4.211000,457467.908570,-1055587.041667,-598119.133098,1.481899e-02,-1360.439443,578.826290,650.466537,0.203,7.716,0.019,0.000,0.000,0.000
4212,4.212000,457464.773043,-1055582.950475,-598118.177432,1.482057e-02,-1361.086859,578.376098,650.824936,0.191,6.183,0.018,0.000,0.000,0.000
4213,4.213000,457461.608241,-1055578.881127,-598117.272886,1.482205e-02,-1361.698165,577.978943,651.199714,0.177,4.655,0.019,0.000,0.000,0.000
4214,4.214000,457458.883654,-1055574.905773,-598116.022119,1.482412e-02,-1362.152939,577.841227,651.357445,0.185,10.738,0.018,0.000,0.000,0.000
4215,4.215000,457456.392324,-1055570.961209,-598114.568885,1.482651e-02,-1362.761556,577.796932,651.469135,0.188,4.659,0.017,0.000,0.000,0.000
4216,4.216000,457453.768253,-1055567.075348,-598113.307095,1.482859e-02,-1363.285337,577.753430,651.553990,0.174,10.650,0.018,0.000,0.000,0.000
4217,4.217000,457451.421840,-1055563.230267,-598111.808427,1.483106e-02,-1363.829281,577.633992,651.831395,0.355,4.640,0.021,0.000,0.000,0.000
4218,4.218000,457448.981082,-1055559.432398,-598110.451316,1.483329e-02,-1364.525773,577.391850,652.265309,0.206,13.659,0.019,0.000,0.000,0.000
4219,4.219000,457446.685960,-1055555.620089,-598108.934128,1.483579e-02,-1365.204419,577.140041,652.803314,0.187,9.120,0.017,0.000,0.000,0.000
4220,4.220000,457444.735822,-1055551.852632,-598107.116810,1.483878e-02,-1365.724372,576.945244,653.212088,0.191,4.471,0.018,0.000,0.000,0.000
4221,4.221000,457442.743685,-1055548.114231,-598105.370546,1.484166e-02,-1366.202320,576.633959,653.508909,0.192,4.686,0.019,0.000,0.000,0.000
4222,4.222000,457440.527200,-1055544.415599,-598103.888399,1.484410e-02,-1366.705108,576.256128,653.917528,0.183,12.139,0.018,0.000,0.000,0.000
4223,4.223000,457438.027681,-1055540.743157,-598102.715476,1.484603e-02,-1367.062785,576.079528,654.089546,0.187,4.628,0.017,0.000,0.000,0.000
4224,4.224000,457434.963520,-1055537.143516,-598102.179996,1.484691e-02,-1368.096811,575.463872,654.580107,0.188,5.705,0.022,0.000,0.000,0.000
4225,4.225000,457431.841280,-1055533.512807,-598101.671527,1.484775e-02,-1369.120159,574.869591,655.116157,0.182,4.598,0.027,0.000,0.000,0.000
4226,4.226000,457429.322390,-1055529.946960,-598100.624569,1.484948e-02,-1369.206868,574.932687,655.054798,0.185,9.145,0.018,0.000,0.000,0.000
4227,4.227000,457426.777645,-1055526.443686,-598099.666041,1.485106e-02,-1369.454455,575.007583,655.034196,0.177,6.197,0.017,0.000,0.000,0.000
4228,4.228000,457424.119914,-1055522.999129,-598098.879215,1.485235e-02,-1369.708976,575.078996,655.015120,0.177,6.182,0.018,0.000,0.000,0.000
4229,4.229000,457421.619987,-1055519.635204,-598098.015217,1.485377e-02,-1369.902797,575.126791,655.001342,0.176,4.675,0.017,0.000,0.000,0.000
4230,4.230000,457419.079587,-1055516.341956,-598097.262369,1.485501e-02,-1370.055269,575.199466,654.974678,0.178,10.722,0.017,0.000,0.000,0.000
4231,4.231000,457416.663035,-1055513.128219,-598096.465184,1.485633e-02,-1370.154918,575.309043,654.911787,0.183,4.642,0.020,0.000,0.000,0.000
4232,4.232000,457414.478488,-1055509.974008,-598095.495520,1.485793e-02,-1370.308215,575.415326,654.860701,0.176,10.741,0.017,0.000,0.000,0.000
4233,4.233000,457412.477327,-1055506.888749,-598094.411423,1.485971e-02,-1370.474530,575.502911,654.851622,0.177,4.698,0.020,0.000,0.000,0.000
4234,4.234000,457410.635038,-1055503.866685,-598093.231648,1.486165e-02,-1370.683727,575.590881,654.837895,0.183,10.668,0.018,0.000,0.000,0.000
4235,4.235000,457408.635413,-1055500.900648,-598092.265235,1.486325e-02,-1370.884898,575.722704,654.791308,0.219,4.665,0.018,0.000,0.000,0.000
4236,4.236000,457406.516141,-1055497.997374,-598091.481233,1.486454e-02,-1371.013419,575.869551,654.756437,0.171,13.758,0.018,0.000,0.000,0.000
4237,4.237000,457404.467447,-1055495.166086,-598090.698639,1.486583e-02,-1371.112358,575.975884,654.824387,0.171,9.242,0.017,0.000,0.000,0.000
4238,4.238000,457402.572232,-1055492.387752,-598089.815520,1.486728e-02,-1371.193166,576.098844,654.867577,0.173,4.607,0.017,0.000,0.000,0.000
4239,4.239000,457400.833227,-1055489.678805,-598088.845578,1.486888e-02,-1371.185290,576.193676,654.869647,0.172,4.598,0.017,0.000,0.000,0.000
4240,4.240000,457398.998640,-1055487.049364,-598088.050724,1.487019e-02,-1371.154775,576.253343,654.874056,0.216,12.207,0.019,0.000,0.000,0.000
4241,4.241000,457397.348850,-1055484.493909,-598087.145059,1.487168e-02,-1371.245645,576.320770,654.954801,0.198,4.610,0.018,0.000,0.000,0.000
4242,4.242000,457395.811924,-1055481.992582,-598086.180658,1.487327e-02,-1371.413168,576.378453,655.052186,0.219,4.619,0.020,0.000,0.000,0.000
4243,4.243000,457394.088694,-1055479.566563,-598085.477869,1.487443e-02,-1371.586641,576.432806,655.053127,0.282,4.660,0.020,0.000,0.000,0.000
4244,4.244000,457392.560611,-1055477.212124,-598084.651512,1.487579e-02,-1371.662888,576.539948,655.005543,0.250,7.662,0.031,0.000,0.000,0.000
4245,4.245000,457391.164387,-1055474.923945,-598083.759557,1.487726e-02,-1371.719611,576.643328,654.974537,0.212,7.736,0.024,0.000,0.000,0.000
4246,4.246000,457389.943881,-1055472.698829,-598082.754948,1.487891e-02,-1371.926968,576.777713,654.916449,0.206,12.224,0.019,0.000,0.000,0.000
4247,4.247000,457388.709199,-1055470.518974,-598081.809775,1.488047e-02,-1372.203837,576.885272,654.881159,0.202,4.682,0.019,0.000,0.000,0.000
4248,4.248000,457387.447283,-1055468.403919,-598080.956636,1.488187e-02,-1372.576007,577.060284,654.827233,0.212,12.240,0.021,0.000,0.000,0.000
4249,4.249000,457386.296406,-1055466.337380,-598080.040974,1.488338e-02,-1372.932778,577.488500,654.627400,0.191,4.590,0.019,0.000,0.000,0.000
4250,4.250000,457385.000862,-1055464.321167,-598079.320305,1.488457e-02,-1373.134438,577.823619,654.480715,0.191,6.181,0.017,0.000,0.000,0.000
4251,4.251000,457383.764013,-1055462.371301,-598078.607289,1.488574e-02,-1373.330027,578.152948,654.288361,0.185,6.194,0.018,0.000,0.000,0.000
4252,4.252000,457382.730826,-1055460.471358,-598077.740531,1.488717e-02,-1373.544208,578.677541,653.991586,0.195,7.703,0.021,0.000,0.000,0.000
4253,4.253000,457381.923870,-1055458.620880,-598076.697011,1.488889e-02,-1373.803741,579.177971,653.732807,0.179,4.674,0.018,0.000,0.000,0.000
4254,4.254000,457381.344570,-1055456.803504,-598075.458933,1.489093e-02,-1373.909001,579.497367,653.594577,0.183,10.620,0.017,0.000,0.000,0.000
4255,4.255000,457380.726411,-1055455.052447,-598074.326036,1.489279e-02,-1373.973680,579.896055,653.407521,0.182,4.602,0.018,0.000,0.000,0.000
4256,4.256000,457379.940912,-1055453.336390,-598073.395478,1.489433e-02,-1374.076872,580.378808,653.263763,0.193,4.609,0.017,0.000,0.000,0.000
4257,4.257000,457379.317582,-1055451.662319,-598072.344736,1.489606e-02,-1374.202127,580.909489,653.286255,0.221,7.648,0.026,0.000,0.000,0.000
4258,4.258000,457378.858246,-1055450.001081,-598071.142835,1.489804e-02,-1374.411034,581.519452,653.143605,0.205,4.677,0.020,0.000,0.000,0.000
4259,4.259000,457378.199779,-1055448.378261,-598070.178482,1.489963e-02,-1374.470301,582.194536,652.824887,0.187,10.718,0.020,0.000,0.000,0.000
4260,4.260000,457377.609021,-1055446.744735,-598069.135715,1.490134e-02,-1374.613971,582.817334,652.565674,0.184,6.158,0.018,0.000,0.000,0.000
4261,4.261000,457377.155301,-1055445.140339,-598067.985038,1.490324e-02,-1374.731704,583.104547,652.421669,0.181,6.190,0.018,0.000,0.000,0.000
4262,4.262000,457376.648498,-1055443.580882,-598066.932384,1.490497e-02,-1374.465312,583.402711,652.207433,0.192,6.121,0.020,0.000,0.000,0.000
4263,4.263000,457376.296539,-1055441.975802,-598065.679262,1.490704e-02,-1374.011341,583.954304,651.798805,0.180,6.136,0.018,0.000,0.000,0.000
4264,4.264000,457375.852097,-1055440.326086,-598064.473989,1.490902e-02,-1373.750860,584.413832,651.479033,0.179,7.679,0.017,0.000,0.000,0.000
4265,4.265000,457375.388531,-1055438.723184,-598063.334653,1.491090e-02,-1373.851046,584.854834,651.287338,0.175,4.615,0.018,0.000,0.000,0.000
4266,4.266000,457374.965247,-1055437.136050,-598062.170803,1.491282e-02,-1373.892260,585.666139,650.869558,0.180,7.721,0.018,0.000,0.000,0.000
4267,4.267000,457374.329510,-1055435.497290,-598061.167781,1.491447e-02,-1373.832987,586.269392,650.568752,0.182,4.598,0.018,0.000,0.000,0.000
4268,4.268000,457373.507235,-1055433.906288,-598060.399053,1.491573e-02,-1373.864365,586.500471,650.515959,0.181,10.696,0.017,0.000,0.000,0.000
4269,4.269000,457372.660888,-1055432.370725,-598059.709837,1.491687e-02,-1373.953855,586.795657,650.400721,0.174,4.690,0.017,0.000,0.000,0.000
4270,4.270000,457372.017986,-1055430.868915,-598058.850929,1.491828e-02,-1374.184662,587.228778,650.228205,0.205,4.689,0.033,0.000,0.000,0.000
4271,4.271000,457371.502346,-1055429.391978,-598057.889633,1.491987e-02,-1374.481538,587.740539,649.994890,0.175,13.668,0.019,0.000,0.000,0.000
4272,4.272000,457371.008110,-1055427.942128,-598056.934018,1.492144e-02,-1374.789747,588.285140,649.747755,0.175,4.685,0.017,0.000,0.000,0.000
4273,4.273000,457370.552038,-1055426.518915,-598055.966877,1.492303e-02,-1374.957567,588.721532,649.593144,0.173,4.675,0.017,0.000,0.000,0.000
4274,4.274000,457370.173610,-1055425.135061,-598054.961450,1.492469e-02,-1375.072563,589.132388,649.394556,0.187,12.271,0.017,0.000,0.000,0.000
4275,4.275000,457369.841895,-1055423.777084,-598053.935189,1.492638e-02,-1375.403825,589.601066,649.214122,0.172,4.684,0.016,0.000,0.000,0.000
4276,4.276000,457369.533844,-1055422.443779,-598052.909936,1.492807e-02,-1375.815368,590.077072,649.103759,0.170,10.675,0.017,0.000,0.000,0.000
4277,4.277000,457369.258435,-1055421.132572,-598051.874137,1.492978e-02,-1376.158764,590.614320,648.907803,0.172,4.593,0.016,0.000,0.000,0.000
4278,4.278000,457369.086959,-1055419.844897,-598050.757938,1.493161e-02,-1376.463333,591.086038,648.684742,0.181,4.678,0.019,0.000,0.000,0.000
4279,4.279000,457368.745772,-1055418.589354,-598049.843582,1.493312e-02,-1376.720236,591.503141,648.421837,0.177,13.726,0.018,0.000,0.000,0.000
4280,4.280000,457368.242908,-1055417.365722,-598049.122814,1.493431e-02,-1376.959383,591.917769,648.174697,0.219,6.185,0.025,0.000,0.000,0.000
4281,4.281000,457367.839395,-1055416.168323,-598048.328928,1.493561e-02,-1377.236854,592.319323,647.924617,0.196,6.185,0.018,0.000,0.000,0.000
4282,4.282000,457367.443982,-1055414.993621,-598047.549638,1.493690e-02,-1377.516619,592.770910,647.668058,0.182,7.631,0.017,0.000,0.000,0.000
4283,4.283000,457367.151953,-1055413.844109,-598046.692156,1.493831e-02,-1377.768498,593.225665,647.441605,0.182,7.644,0.017,0.000,0.000,0.000
4284,4.284000,457366.994661,-1055412.715455,-598045.720793,1.493991e-02,-1378.114322,593.511821,647.055082,0.221,4.691,0.020,0.000,0.000,0.000
4285,4.285000,457366.740703,-1055411.573344,-598044.832641,1.494137e-02,-1378.438181,593.820057,646.633230,0.207,12.222,0.019,0.000,0.000,0.000
4286,4.286000,457366.480980,-1055410.442545,-598043.961565,1.494281e-02,-1378.781512,594.173038,646.222482,0.193,6.171,0.018,0.000,0.000,0.000
4287,4.287000,457366.302873,-1055409.298673,-598042.995801,1.494440e-02,-1379.249272,594.324783,645.757092,0.187,4.692,0.018,0.000,0.000,0.000
4288,4.288000,457365.993300,-1055408.153054,-598042.159755,1.494578e-02,-1379.557898,594.603654,645.416545,0.193,6.133,0.020,0.000,0.000,0.000
4289,4.289000,457365.635611,-1055407.021136,-598041.385525,1.494705e-02,-1379.579696,594.895808,645.337726,0.200,6.204,0.029,0.000,0.000,0.000
4290,4.290000,457365.455169,-1055405.900153,-598040.444984,1.494860e-02,-1379.605555,594.829076,645.247151,0.181,6.193,0.018,0.000,0.000,0.000
4291,4.291000,457365.251833,-1055404.777826,-598039.525993,1.495011e-02,-1379.631782,594.792795,644.842214,0.188,11.755,0.019,0.000,0.000,0.000
4292,4.292000,457364.881505,-1055403.600398,-598038.718892,1.495144e-02,-1379.388887,595.126808,644.401804,0.181,13.697,0.017,0.000,0.000,0.000
4293,4.293000,457364.520051,-1055402.388911,-598037.868860,1.495284e-02,-1379.237031,595.445381,644.211531,0.187,6.202,0.016,0.000,0.000,0.000
4294,4.294000,457364.234468,-1055401.221082,-598036.986615,1.495430e-02,-1379.289461,595.559895,644.191627,0.194,4.673,0.021,0.000,0.000,0.000
4295,4.295000,457364.158240,-1055400.098297,-598035.940057,1.495602e-02,-1379.308955,595.649866,644.132640,0.174,9.225,0.018,0.000,0.000,0.000
4296,4.296000,457364.407205,-1055399.007133,-598034.599929,1.495823e-02,-1379.461954,595.512987,643.933522,0.191,12.233,0.022,0.000,0.000,0.000
4297,4.297000,457364.669242,-1055397.930249,-598033.261006,1.496043e-02,-1380.026525,595.426949,643.454439,0.223,4.695,0.024,0.000,0.000,0.000
4298,4.298000,457364.773513,-1055396.843024,-598032.069512,1.496240e-02,-1380.564673,595.381154,643.018137,0.194,4.611,0.018,0.000,0.000,0.000
4299,4.299000,457364.786785,-1055395.763646,-598030.976861,1.496420e-02,-1380.676896,595.337510,642.855311,0.208,4.615,0.017,0.000,0.000,0.000
4300,4.300000,457364.945453,-1055394.712156,-598029.766703,1.496619e-02,-1380.850295,595.497351,642.843753,0.181,9.172,0.021,0.000,0.000,0.000
4301,4.301000,457365.218022,-1055393.642478,-598028.424456,1.496840e-02,-1381.224671,595.394281,642.710418,0.187,6.150,0.017,0.000,0.000,0.000
4302,4.302000,457365.415088,-1055392.563770,-598027.148682,1.497050e-02,-1381.651470,594.989554,642.350397,0.182,6.202,0.018,0.000,0.000,0.000
4303,4.303000,457365.472455,-1055391.494113,-598026.021658,1.497236e-02,-1382.114714,594.549677,642.005825,0.179,4.673,0.016,0.000,0.000,0.000
4304,4.304000,457365.455595,-1055390.431567,-598024.975972,1.497408e-02,-1382.534022,594.148515,641.728463,0.175,10.739,0.018,0.000,0.000,0.000
4305,4.305000,457365.436807,-1055389.374127,-598023.937319,1.497579e-02,-1382.904367,593.679387,641.470878,0.177,4.554,0.016,0.000,0.000,0.000
4306,4.306000,457365.553941,-1055388.338891,-598022.784950,1.497769e-02,-1383.104995,593.443416,641.290863,0.177,12.238,0.017,0.000,0.000,0.000
4307,4.307000,457365.572569,-1055387.334376,-598021.761807,1.497937e-02,-1383.250470,593.374118,641.105450,0.242,4.616,0.032,0.000,0.000,0.000
4308,4.308000,457365.517435,-1055386.312344,-598020.794909,1.498097e-02,-1383.517254,593.192415,640.875389,0.176,13.709,0.019,0.000,0.000,0.000
4309,4.309000,457365.700029,-1055385.273483,-598019.573454,1.498298e-02,-1383.860101,592.871767,640.574135,0.176,9.150,0.018,0.000,0.000,0.000
4310,4.310000,457365.881920,-1055384.247051,-598018.365131,1.498497e-02,-1384.237451,592.410141,640.217699,0.174,4.614,0.020,0.000,0.000,0.000
4311,4.311000,457366.027738,-1055383.237219,-598017.209480,1.498687e-02,-1384.534851,591.939029,639.888583,0.174,4.667,0.017,0.000,0.000,0.000
4312,4.312000,457366.095202,-1055382.245527,-598016.150324,1.498862e-02,-1384.863362,591.537815,639.558907,0.179,12.204,0.018,0.000,0.000,0.000
4313,4.313000,457366.247352,-1055381.259205,-598015.011853,1.499049e-02,-1385.205755,591.215879,639.302795,0.174,4.609,0.019,0.000,0.000,0.000
4314,4.314000,457366.378474,-1055380.281318,-598013.902844,1.499232e-02,-1385.314748,591.030639,639.115411,0.203,4.617,0.018,0.000,0.000,0.000
4315,4.315000,457366.509736,-1055379.345478,-598012.835742,1.499408e-02,-1385.407032,590.883575,639.020452,0.329,4.634,0.042,0.000,0.000,0.000
4316,4.316000,457366.691353,-1055378.415448,-598011.724095,1.499591e-02,-1385.602807,590.502404,639.148429,0.220,7.682,0.021,0.000,0.000,0.000
4317,4.317000,457366.817704,-1055377.448556,-598010.630853,1.499771e-02,-1385.651302,590.300244,639.281948,0.220,4.658,0.020,0.000,0.000,0.000
4318,4.318000,457367.001344,-1055376.519638,-598009.518294,1.499954e-02,-1385.580853,590.451949,639.366739,0.214,7.649,0.021,0.000,0.000,0.000
4319,4.319000,457367.290486,-1055375.617035,-598008.326549,1.500150e-02,-1385.572336,590.715168,639.502732,0.200,4.612,0.018,0.000,0.000,0.000
4320,4.320000,457367.586904,-1055374.733065,-598007.146160,1.500345e-02,-1385.585576,590.972080,639.554604,0.257,10.766,0.025,0.000,0.000,0.000
4321,4.321000,457367.870527,-1055373.868427,-598005.997900,1.500534e-02,-1385.824440,590.959750,639.372943,0.229,4.612,0.021,0.000,0.000,0.000
4322,4.322000,457368.100419,-1055372.998969,-598004.898550,1.500715e-02,-1386.172928,590.848936,639.163577,0.218,10.661,0.021,0.000,0.000,0.000
4323,4.323000,457368.352736,-1055372.147580,-598003.794844,1.500897e-02,-1386.420080,590.726883,639.029317,0.204,4.622,0.022,0.000,0.000,0.000
4324,4.324000,457368.756007,-1055371.303964,-598002.547957,1.501102e-02,-1386.685377,590.691211,638.850726,0.228,10.744,0.021,0.000,0.000,0.000
4325,4.325000,457368.889479,-1055370.488238,-598001.598759,1.501259e-02,-1386.888529,590.849633,638.796305,0.206,4.673,0.019,0.000,0.000,0.000
4326,4.326000,457369.015908,-1055369.713978,-598000.698071,1.501407e-02,-1386.990173,590.881526,638.920855,0.200,10.742,0.020,0.000,0.000,0.000
4327,4.327000,457369.116290,-1055368.967597,-597999.851307,1.501546e-02,-1386.977981,590.825254,639.093218,0.237,4.680,0.022,0.000,0.000,0.000
4328,4.328000,457369.261808,-1055368.237187,-597998.975379,1.501691e-02,-1386.979697,590.819599,639.082151,0.211,4.682,0.020,0.000,0.000,0.000
4329,4.329000,457369.665686,-1055367.535693,-597997.870006,1.501873e-02,-1387.035136,590.885211,639.037642,0.222,10.697,0.025,0.000,0.000,0.000
4330,4.330000,457370.075026,-1055366.865136,-597996.790110,1.502051e-02,-1387.073760,591.018713,639.021394,0.226,6.220,0.028,0.000,0.000,0.000
4331,4.331000,457370.243761,-1055366.218737,-597995.974977,1.502185e-02,-1387.166413,591.141545,638.974197,0.211,4.612,0.021,0.000,0.000,0.000
4332,4.332000,457369.853116,-1055365.608319,-597995.755203,1.502221e-02,-1387.170483,591.391274,638.811431,0.202,6.121,0.019,0.000,0.000,0.000
4333,4.333000,457369.359967,-1055364.959207,-597995.599240,1.502247e-02,-1387.149596,591.698827,638.678286,0.188,6.197,0.018,0.000,0.000,0.000
4334,4.334000,457369.374616,-1055364.327679,-597994.953062,1.502353e-02,-1387.238355,591.831033,638.646277,0.187,6.136,0.019,0.000,0.000,0.000
4335,4.335000,457369.205875,-1055363.719702,-597994.513826,1.502426e-02,-1387.216915,592.069191,638.459408,0.202,12.108,0.018,0.000,0.000,0.000
4336,4.336000,457368.988616,-1055363.080590,-597994.091974,1.502495e-02,-1387.254057,592.385034,638.381413,0.184,10.653,0.017,0.000,0.000,0.000
4337,4.337000,457368.953238,-1055362.451931,-597993.498692,1.502593e-02,-1387.585798,592.250260,638.298909,0.325,4.690,0.051,0.000,0.000,0.000
4338,4.338000,457368.866628,-1055361.809868,-597992.943241,1.502684e-02,-1388.095066,591.718813,638.022925,0.196,13.763,0.019,0.000,0.000,0.000
4339,4.339000,457368.794594,-1055361.166204,-597992.371610,1.502778e-02,-1388.662226,591.142584,637.693546,0.189,4.663,0.018,0.000,0.000,0.000
4340,4.340000,457368.638682,-1055360.527313,-597991.888632,1.502858e-02,-1388.940290,591.185072,637.504826,0.191,10.647,0.019,0.000,0.000,0.000
4341,4.341000,457368.983086,-1055359.831729,-597990.848644,1.503029e-02,-1389.122655,591.653498,637.539486,0.189,4.609,0.017,0.000,0.000,0.000
4342,4.342000,457369.738772,-1055359.136647,-597989.397875,1.503268e-02,-1389.467863,591.973818,637.557737,0.180,4.616,0.018,0.000,0.000,0.000
4343,4.343000,457370.608755,-1055358.456727,-597987.847971,1.503523e-02,-1389.764017,592.361244,637.544403,0.180,4.598,0.020,0.000,0.000,0.000
4344,4.344000,457371.511831,-1055357.782013,-597986.270182,1.503783e-02,-1390.062926,592.699820,637.534189,0.180,7.621,0.018,0.000,0.000,0.000
4345,4.345000,457372.433060,-1055357.115492,-597984.682432,1.504045e-02,-1390.369319,593.018550,637.562756,0.177,7.635,0.016,0.000,0.000,0.000
4346,4.346000,457372.607810,-1055356.454717,-597983.846908,1.504183e-02,-1390.430037,593.420506,637.528362,0.176,4.597,0.018,0.000,0.000,0.000
4347,4.347000,457372.579432,-1055355.765315,-597983.185884,1.504291e-02,-1390.340968,593.730233,637.472746,0.196,10.737,0.020,0.000,0.000,0.000
4348,4.348000,457373.377377,-1055355.107497,-597981.730120,1.504531e-02,-1390.483301,593.965604,637.516262,0.177,6.115,0.017,0.000,0.000,0.000
4349,4.349000,457374.188796,-1055354.458192,-597980.269396,1.504772e-02,-1390.647039,594.157962,637.581854,0.174,4.597,0.016,0.000,0.000,0.000
4350,4.350000,457374.826209,-1055353.836441,-597979.010233,1.504979e-02,-1390.649985,594.230141,637.583512,0.175,6.129,0.017,0.000,0.000,0.000
4351,4.351000,457375.455452,-1055353.250566,-597977.795113,1.505179e-02,-1390.833328,594.378727,637.953628,0.176,6.205,0.021,0.000,0.000,0.000
4352,4.352000,457376.018248,-1055352.697117,-597976.678869,1.505363e-02,-1391.081428,594.413653,638.391798,0.188,4.660,0.017,0.000,0.000,0.000
4353,4.353000,457376.522071,-1055352.179691,-597975.657620,1.505531e-02,-1391.122461,594.282531,638.421974,0.176,9.142,0.017,0.000,0.000,0.000
4354,4.354000,457377.190245,-1055351.693757,-597974.503512,1.505721e-02,-1391.153174,594.141224,638.346583,0.224,4.676,0.023,0.000,0.000,0.000
4355,4.355000,457377.997750,-1055351.238370,-597973.240620,1.505930e-02,-1391.240089,594.058336,638.248257,0.172,13.785,0.018,0.000,0.000,0.000
4356,4.356000,457378.763251,-1055350.807334,-597972.044083,1.506127e-02,-1391.353957,593.979529,638.230525,0.187,4.687,0.025,0.000,0.000,0.000
4357,4.357000,457379.406766,-1055350.401748,-597970.994982,1.506299e-02,-1391.321495,593.977649,638.248170,0.183,4.673,0.017,0.000,0.000,0.000
4358,4.358000,457379.827115,-1055350.015125,-597970.188010,1.506432e-02,-1391.294226,594.087245,638.273350,0.203,12.240,0.017,0.000,0.000,0.000
4359,4.359000,457380.280955,-1055349.656466,-597969.375511,1.506566e-02,-1391.291870,594.161509,638.300280,0.170,4.596,0.017,0.000,0.000,0.000
4360,4.360000,457380.958271,-1055349.333369,-597968.375098,1.506731e-02,-1391.244724,594.206915,638.321867,0.240,10.676,0.023,0.000,0.000,0.000
4361,4.361000,457381.560348,-1055349.039246,-597967.478897,1.506879e-02,-1391.364243,594.144754,638.469084,0.201,4.684,0.024,0.000,0.000,0.000
4362,4.362000,457381.975111,-1055348.761566,-597966.786454,1.506993e-02,-1391.483976,594.051352,638.552496,0.183,10.722,0.018,0.000,0.000,0.000
4363,4.363000,457382.325967,-1055348.508613,-597966.182647,1.507092e-02,-1391.522260,594.019796,638.539992,0.180,4.596,0.017,0.000,0.000,0.000
4364,4.364000,457382.439939,-1055348.299956,-597965.860017,1.507145e-02,-1391.439818,594.178884,638.476210,0.220,10.739,0.021,0.000,0.000,0.000
4365,4.365000,457382.813934,-1055348.046652,-597965.232718,1.507249e-02,-1391.318104,594.427236,638.355668,0.204,4.596,0.021,0.000,0.000,0.000
4366,4.366000,457383.605152,-1055347.797346,-597964.192194,1.507420e-02,-1391.346244,594.434681,638.324923,0.188,10.652,0.018,0.000,0.000,0.000
4367,4.367000,457383.748538,-1055347.583440,-597963.834902,1.507479e-02,-1391.306258,594.486372,638.178407,0.183,4.611,0.018,0.000,0.000,0.000
4368,4.368000,457383.989547,-1055347.335864,-597963.346317,1.507559e-02,-1391.279670,594.551165,638.047907,0.196,9.193,0.017,0.000,0.000,0.000
4369,4.369000,457384.784248,-1055347.115764,-597962.331516,1.507726e-02,-1391.410446,594.401834,638.003885,0.183,5.767,0.017,0.000,0.000,0.000
4370,4.370000,457385.319268,-1055346.926321,-597961.607053,1.507846e-02,-1391.553684,594.285934,637.914351,0.194,10.757,0.020,0.000,0.000,0.000
4371,4.371000,457385.720485,-1055346.770188,-597961.049703,1.507938e-02,-1391.709590,594.074142,637.896690,0.193,4.681,0.018,0.000,0.000,0.000
4372,4.372000,457386.115753,-1055346.636160,-597960.520407,1.508025e-02,-1391.861303,593.846481,637.952394,0.179,13.249,0.018,0.000,0.000,0.000
4373,4.373000,457386.932969,-1055346.534157,-597959.601188,1.508176e-02,-1391.886632,593.825800,637.981144,0.183,4.592,0.018,0.000,0.000,0.000
4374,4.374000,457387.895364,-1055346.452945,-597958.557581,1.508348e-02,-1391.821997,593.846944,637.862562,0.193,4.688,0.022,0.000,0.000,0.000
4375,4.375000,457388.516558,-1055346.362889,-597957.846331,1.508465e-02,-1391.860694,593.715835,637.707798,0.176,10.682,0.018,0.000,0.000,0.000
4376,4.376000,457389.262022,-1055346.279260,-597957.017239,1.508602e-02,-1392.042464,593.436345,637.679544,0.176,4.615,0.018,0.000,0.000,0.000
4377,4.377000,457390.335182,-1055346.211502,-597955.876320,1.508790e-02,-1392.111301,593.328713,637.644562,0.226,4.461,0.025,0.000,0.000,0.000
4378,4.378000,457391.292950,-1055346.160691,-597954.867741,1.508956e-02,-1391.979770,593.461817,637.612739,0.211,10.644,0.018,0.000,0.000,0.000
4379,4.379000,457392.262233,-1055346.120475,-597953.858242,1.509122e-02,-1391.853782,593.545819,637.717556,0.221,4.672,0.034,0.000,0.000,0.000
4380,4.380000,457393.616322,-1055346.091381,-597952.475059,1.509350e-02,-1391.846316,593.430315,637.764615,0.181,13.748,0.018,0.000,0.000,0.000
4381,4.381000,457394.866784,-1055346.052352,-597951.185569,1.509562e-02,-1391.831550,593.340531,637.686981,0.195,10.729,0.019,0.000,0.000,0.000
4382,4.382000,457396.190409,-1055345.984118,-597949.793709,1.509792e-02,-1391.753557,593.345945,637.611515,0.194,4.673,0.018,0.000,0.000,0.000
4383,4.383000,457397.519493,-1055345.890309,-597948.370816,1.510026e-02,-1391.664784,593.397761,637.712343,0.177,4.689,0.018,0.000,0.000,0.000
4384,4.384000,457398.755599,-1055345.809751,-597947.054152,1.510243e-02,-1391.616733,593.366555,637.824573,0.178,10.726,0.019,0.000,0.000,0.000
4385,4.385000,457399.991452,-1055345.723353,-597945.731901,1.510461e-02,-1391.480276,593.423839,637.900936,0.178,4.610,0.021,0.000,0.000,0.000
4386,4.386000,457401.149769,-1055345.621691,-597944.471922,1.510668e-02,-1391.320764,593.556855,638.064914,0.173,6.125,0.017,0.000,0.000,0.000
4387,4.387000,457402.434805,-1055345.521668,-597943.086862,1.510896e-02,-1391.245377,593.671837,638.266787,0.177,6.133,0.018,0.000,0.000,0.000
4388,4.388000,457403.620326,-1055345.411104,-597941.790778,1.511110e-02,-1391.151268,593.849402,638.544190,0.195,7.732,0.019,0.000,0.000,0.000
4389,4.389000,457404.591047,-1055345.310486,-597940.719439,1.511286e-02,-1391.067824,593.859093,638.791577,0.186,7.709,0.020,0.000,0.000,0.000
4390,4.390000,457405.409397,-1055345.201165,-597939.791768,1.511439e-02,-1390.908798,593.788624,639.224917,0.184,4.385,0.018,0.000,0.000,0.000
4391,4.391000,457406.497668,-1055345.065040,-597938.567372,1.511641e-02,-1390.686138,593.860188,639.621237,0.174,10.749,0.018,0.000,0.000,0.000
4392,4.392000,457407.394524,-1055344.930826,-597937.536302,1.511810e-02,-1390.481965,594.000824,639.640684,0.171,4.682,0.018,0.000,0.000,0.000
4393,4.393000,457408.088152,-1055344.808773,-597936.720621,1.511945e-02,-1390.387397,594.028513,639.597196,0.172,4.676,0.017,0.000,0.000,0.000
4394,4.394000,457408.925518,-1055344.707429,-597935.781911,1.512099e-02,-1390.322974,594.064211,639.544689,0.171,10.348,0.018,0.000,0.000,0.000
4395,4.395000,457409.769569,-1055344.602265,-597934.832696,1.512256e-02,-1390.204877,594.131987,639.462796,0.189,4.681,0.020,0.000,0.000,0.000
4396,4.396000,457410.548806,-1055344.508988,-597933.960182,1.512400e-02,-1390.138497,594.201392,639.427444,0.170,13.742,0.017,0.000,0.000,0.000
4397,4.397000,457411.147054,-1055344.423787,-597933.276733,1.512512e-02,-1390.095230,594.207813,639.461442,0.171,9.229,0.018,0.000,0.000,0.000
4398,4.398000,457411.711203,-1055344.346530,-597932.635328,1.512618e-02,-1390.060579,594.120489,639.445216,0.173,4.673,0.016,0.000,0.000,0.000
4399,4.399000,457412.241566,-1055344.272604,-597932.031038,1.512717e-02,-1390.020728,593.995228,639.369396,0.172,10.747,0.018,0.000,0.000,0.000
4400,4.400000,457412.860030,-1055344.196459,-597931.336429,1.512832e-02,-1389.961628,593.923915,639.327210,0.171,9.206,0.017,0.000,0.000,0.000
4401,4.401000,457413.549417,-1055344.119863,-597930.570446,1.512958e-02,-1389.895009,593.907570,639.295498,0.173,6.117,0.018,0.000,0.000,0.000
4402,4.402000,457414.266075,-1055344.032553,-597929.766478,1.513090e-02,-1389.970038,593.836800,639.251845,0.171,10.756,0.017,0.000,0.000,0.000
4403,4.403000,457414.890209,-1055343.916029,-597929.025821,1.513212e-02,-1390.097006,593.787379,639.211929,0.179,4.610,0.018,0.000,0.000,0.000
4404,4.404000,457415.669094,-1055343.811359,-597928.142265,1.513358e-02,-1390.133237,593.757229,639.312109,0.208,12.241,0.026,0.000,0.000,0.000
4405,4.405000,457416.336388,-1055343.706352,-597927.369964,1.513485e-02,-1390.231538,593.705834,639.421994,0.199,4.606,0.019,0.000,0.000,0.000
4406,4.406000,457416.739943,-1055343.609011,-597926.869068,1.513568e-02,-1390.307012,593.682944,639.469733,0.191,10.659,0.020,0.000,0.000,0.000
4407,4.407000,457417.166338,-1055343.531513,-597926.365175,1.513651e-02,-1390.346390,593.707324,639.504898,0.192,4.598,0.018,0.000,0.000,0.000
4408,4.408000,457417.600781,-1055343.466164,-597925.865383,1.513733e-02,-1390.397468,593.662353,639.341699,0.184,4.663,0.020,0.000,0.000,0.000
4409,4.409000,457418.162693,-1055343.391361,-597925.228668,1.513838e-02,-1390.509350,593.488213,639.116825,0.179,13.733,0.017,0.000,0.000,0.000
4410,4.410000,457418.804580,-1055343.319662,-597924.515082,1.513955e-02,-1390.601264,593.416486,639.073075,0.192,6.124,0.023,0.000,0.000,0.000
4411,4.411000,457419.488540,-1055343.263973,-597923.775433,1.514077e-02,-1390.670374,593.438013,639.068879,0.187,4.688,0.019,0.000,0.000,0.000
4412,4.412000,457420.189702,-1055343.194960,-597923.005258,1.514204e-02,-1390.806370,593.477617,639.055343,0.187,4.663,0.018,0.000,0.000,0.000
4413,4.413000,457420.880887,-1055343.112340,-597922.231453,1.514331e-02,-1391.005045,593.426736,639.043599,0.177,9.188,0.018,0.000,0.000,0.000
4414,4.414000,457421.630425,-1055343.027137,-597921.396712,1.514469e-02,-1391.183626,593.279142,638.941488,0.175,4.674,0.021,0.000,0.000,0.000
4415,4.415000,457422.544798,-1055342.939416,-597920.394618,1.514634e-02,-1391.322572,593.110628,638.865225,0.172,9.141,0.017,0.000,0.000,0.000
4416,4.416000,457423.640674,-1055342.836318,-597919.195644,1.514831e-02,-1391.481545,592.936520,638.850969,0.175,6.135,0.020,0.000,0.000,0.000
4417,4.417000,457424.443080,-1055342.708025,-597918.264945,1.514985e-02,-1391.670138,592.795843,638.788268,0.219,4.598,0.022,0.000,0.000,0.000
4418,4.418000,457425.112322,-1055342.592577,-597917.480255,1.515114e-02,-1391.788538,592.745160,638.723439,0.196,10.644,0.019,0.000,0.000,0.000
4419,4.419000,457425.820769,-1055342.497405,-597916.676636,1.515246e-02,-1391.891432,592.733492,638.600143,0.208,4.686,0.020,0.000,0.000,0.000
4420,4.420000,457426.399391,-1055342.402259,-597916.002868,1.515357e-02,-1392.004951,592.692386,638.501529,0.178,4.589,0.017,0.000,0.000,0.000
4421,4.421000,457427.077209,-1055342.312967,-597915.235759,1.515484e-02,-1392.080279,592.689439,638.449975,0.177,10.711,0.018,0.000,0.000,0.000
4422,4.422000,457427.733638,-1055342.217591,-597914.483953,1.515608e-02,-1392.209203,592.678663,638.359329,0.179,4.640,0.018,0.000,0.000,0.000
4423,4.423000,457428.348120,-1055342.132785,-597913.784664,1.515723e-02,-1392.283458,592.725140,638.306752,0.178,10.726,0.018,0.000,0.000,0.000
4424,4.424000,457428.927322,-1055342.055336,-597913.128014,1.515831e-02,-1392.369914,592.767197,638.286554,0.186,4.609,0.017,0.000,0.000,0.000
4425,4.425000,457429.484466,-1055341.979816,-597912.495350,1.515935e-02,-1392.552524,592.758027,638.219400,0.174,10.648,0.017,0.000,0.000,0.000
4426,4.426000,457430.143778,-1055341.893108,-597911.749330,1.516058e-02,-1392.758015,592.752172,638.130703,0.214,4.685,0.018,0.000,0.000,0.000
4427,4.427000,457430.802969,-1055341.803802,-597911.000833,1.516181e-02,-1392.942191,592.749126,638.058487,0.176,13.671,0.018,0.000,0.000,0.000
4428,4.428000,457431.416214,-1055341.725163,-597910.308949,1.516295e-02,-1393.052752,592.761388,637.964644,0.179,4.675,0.018,0.000,0.000,0.000
4429,4.429000,457431.891081,-1055341.635624,-597909.744542,1.516388e-02,-1393.144182,592.766106,637.884303,0.173,12.226,0.019,0.000,0.000,0.000
4430,4.430000,457432.296969,-1055341.558369,-597909.261400,1.516468e-02,-1393.215778,592.770930,637.885417,0.174,4.590,0.019,0.000,0.000,0.000
4431,4.431000,457432.701803,-1055341.497254,-597908.795450,1.516544e-02,-1393.237307,592.784767,637.960010,0.173,4.675,0.018,0.000,0.000,0.000
4432,4.432000,457433.285888,-1055341.457264,-597908.171376,1.516647e-02,-1393.342433,592.752179,637.985508,0.169,4.610,0.017,0.000,0.000,0.000
4433,4.433000,457433.952747,-1055341.416220,-597907.463473,1.516764e-02,-1393.535035,592.646630,637.933058,0.186,7.611,0.018,0.000,0.000,0.000
4434,4.434000,457434.364146,-1055341.375802,-597907.011656,1.516838e-02,-1393.721488,592.387371,637.876930,0.171,7.697,0.018,0.000,0.000,0.000
4435,4.435000,457434.904979,-1055341.315490,-597906.410510,1.516937e-02,-1394.002284,592.280638,637.038807,0.173,12.204,0.024,0.000,0.000,0.000
4436,4.436000,457435.798943,-1055341.210280,-597905.411336,1.517102e-02,-1394.330704,592.433241,635.606530,0.171,4.678,0.017,0.000,0.000,0.000
4437,4.437000,457436.505474,-1055341.082782,-597904.577308,1.517239e-02,-1394.552673,592.354173,634.934563,0.171,12.241,0.018,0.000,0.000,0.000
4438,4.438000,457437.013034,-1055340.954726,-597903.941692,1.517344e-02,-1394.690881,592.225677,634.883495,0.169,4.598,0.018,0.000,0.000,0.000
4439,4.439000,457437.652686,-1055340.847637,-597903.194950,1.517467e-02,-1394.741951,592.204583,634.958633,0.170,6.194,0.018,0.000,0.000,0.000
4440,4.440000,457438.104183,-1055340.762690,-597902.658507,1.517555e-02,-1394.770642,592.185378,635.026570,0.170,4.687,0.018,0.000,0.000,0.000
4441,4.441000,457438.367548,-1055340.714674,-597902.347125,1.517607e-02,-1394.966059,592.044428,634.952814,0.180,7.723,0.018,0.000,0.000,0.000
4442,4.442000,457438.666597,-1055340.654841,-597901.988244,1.517666e-02,-1395.326693,591.620693,634.792707,0.205,4.679,0.024,0.000,0.000,0.000
4443,4.443000,457439.060405,-1055340.575399,-597901.514994,1.517744e-02,-1395.603284,591.298130,634.654408,0.171,9.137,0.018,0.000,0.000,0.000
4444,4.444000,457439.584154,-1055340.516934,-597900.932780,1.517840e-02,-1395.796859,591.098073,634.630312,0.333,4.687,0.019,0.000,0.000,0.000
4445,4.445000,457440.139979,-1055340.444085,-597900.304106,1.517943e-02,-1395.977996,590.852819,634.699014,0.193,12.192,0.030,0.000,0.000,0.000
4446,4.446000,457440.659497,-1055340.395628,-597899.736132,1.518037e-02,-1396.095542,590.702306,634.724025,0.183,4.675,0.017,0.000,0.000,0.000
4447,4.447000,457441.180820,-1055340.383794,-597899.202974,1.518124e-02,-1396.220994,590.620294,634.683566,0.189,6.169,0.018,0.000,0.000,0.000
4448,4.448000,457441.738847,-1055340.405401,-597898.666555,1.518213e-02,-1396.363264,590.559997,634.637120,0.189,12.180,0.018,0.000,0.000,0.000
4449,4.449000,457442.299797,-1055340.457461,-597898.157664,1.518297e-02,-1396.498104,590.483071,634.573461,0.179,4.624,0.017,0.000,0.000,0.000
4450,4.450000,457442.857217,-1055340.540711,-597897.683494,1.518375e-02,-1396.655415,590.392901,634.500800,0.178,12.183,0.017,0.000,0.000,0.000
4451,4.451000,457443.540297,-1055340.660343,-597897.120046,1.518468e-02,-1396.911998,590.470112,633.762896,0.177,4.664,0.017,0.000,0.000,0.000
4452,4.452000,457444.386792,-1055340.763655,-597896.376863,1.518590e-02,-1397.162002,590.681428,632.995433,0.178,10.733,0.017,0.000,0.000,0.000
4453,4.453000,457445.232922,-1055340.878212,-597895.645290,1.518710e-02,-1397.317934,590.875732,632.761761,0.175,4.595,0.017,0.000,0.000,0.000
4454,4.454000,457445.981248,-1055340.987285,-597895.006037,1.518816e-02,-1397.482038,590.955354,632.585040,0.172,10.661,0.018,0.000,0.000,0.000
4455,4.455000,457446.664127,-1055341.133587,-597894.469460,1.518904e-02,-1397.747095,590.738274,632.555261,0.171,4.640,0.017,0.000,0.000,0.000
4456,4.456000,457447.472359,-1055341.250789,-597893.778431,1.519018e-02,-1397.936644,590.192838,632.430338,0.187,10.727,0.020,0.000,0.000,0.000
4457,4.457000,457450.503340,-1055341.316160,-597890.812820,1.519506e-02,-1397.815415,592.622041,626.620870,0.218,4.671,0.025,0.000,0.000,0.000
4458,4.458000,457455.291537,-1055340.798166,-597885.506629,1.520380e-02,-1397.521698,598.158568,615.255978,0.199,13.719,0.018,0.000,0.000,0.000
4459,4.459000,457459.813742,-1055339.701449,-597879.887708,1.521306e-02,-1397.983652,602.729870,606.045401,0.181,4.609,0.018,0.000,0.000,0.000
4460,4.460000,457461.480164,-1055338.279220,-597876.799056,1.521815e-02,-1398.694036,604.538907,602.499919,0.192,12.189,0.018,0.000,0.000,0.000
4461,4.461000,457460.471989,-1055336.889842,-597876.417853,1.521877e-02,-1398.928483,604.336172,602.495557,0.185,4.603,0.022,0.000,0.000,0.000
4462,4.462000,457459.381002,-1055335.492549,-597876.111547,1.521928e-02,-1399.253842,603.955021,602.475429,0.182,4.604,0.018,0.000,0.000,0.000
4463,4.463000,457458.298432,-1055334.093615,-597875.795183,1.521980e-02,-1399.461051,603.701894,602.565721,0.220,4.614,0.032,0.000,0.000,0.000
4464,4.464000,457457.133833,-1055332.700706,-597875.566872,1.522018e-02,-1399.633090,603.461271,602.657352,0.175,6.105,0.020,0.000,0.000,0.000
4465,4.465000,457455.982146,-1055331.299216,-597875.317070,1.522059e-02,-1399.924404,603.067627,602.621573,0.175,4.678,0.017,0.000,0.000,0.000
4466,4.466000,457455.226938,-1055329.888308,-597874.661370,1.522167e-02,-1400.442214,602.445980,602.403723,0.172,6.121,0.018,0.000,0.000,0.000
4467,4.467000,457454.568756,-1055328.451334,-597873.882578,1.522295e-02,-1400.848599,601.961454,602.237285,0.194,4.675,0.023,0.000,0.000,0.000
4468,4.468000,457454.072773,-1055327.041427,-597872.968654,1.522446e-02,-1401.256112,601.459966,602.019879,0.182,8.742,0.022,0.000,0.000,0.000
4469,4.469000,457453.802323,-1055325.621724,-597871.819401,1.522635e-02,-1401.999933,600.639512,601.593430,0.174,13.781,0.018,0.000,0.000,0.000
4470,4.470000,457453.202182,-1055324.184924,-597870.982742,1.522773e-02,-1402.540826,600.243070,601.243212,0.180,4.598,0.018,0.000,0.000,0.000
4471,4.471000,457452.493216,-1055322.751405,-597870.258190,1.522892e-02,-1402.980311,600.046424,600.930703,0.176,6.183,0.018,0.000,0.000,0.000
4472,4.472000,457451.819760,-1055321.296506,-597869.476746,1.523021e-02,-1403.250968,599.906257,600.633411,0.180,4.605,0.017,0.000,0.000,0.000
4473,4.473000,457451.034889,-1055319.812407,-597868.777518,1.523136e-02,-1403.145310,599.909999,600.347834,0.178,7.635,0.019,0.000,0.000,0.000
4474,4.474000,457450.498397,-1055318.315705,-597867.817309,1.523294e-02,-1403.076689,600.370975,600.071546,0.208,4.695,0.034,0.000,0.000,0.000
4475,4.475000,457449.953337,-1055316.783592,-597866.830255,1.523457e-02,-1403.213804,600.819218,599.877499,0.173,9.156,0.018,0.000,0.000,0.000
4476,4.476000,457449.274568,-1055315.270538,-597865.995970,1.523594e-02,-1403.443958,600.767017,599.408223,0.170,4.663,0.017,0.000,0.000,0.000
4477,4.477000,457448.541303,-1055313.749798,-597865.208495,1.523724e-02,-1403.596958,600.805167,598.943467,0.171,9.129,0.018,0.000,0.000,0.000
4478,4.478000,457447.760687,-1055312.234529,-597864.473842,1.523845e-02,-1403.699937,600.766064,598.810950,0.187,9.233,0.017,0.000,0.000,0.000
4479,4.479000,457447.270201,-1055310.737181,-597863.466980,1.524011e-02,-1403.947074,600.925009,598.658273,0.171,4.684,0.017,0.000,0.000,0.000
4480,4.480000,457446.909212,-1055309.250869,-597862.341657,1.524196e-02,-1404.285701,601.409112,597.722829,0.170,10.687,0.018,0.000,0.000,0.000
4481,4.481000,457448.081784,-1055307.710661,-597859.628877,1.524643e-02,-1402.705929,608.399441,594.654985,0.168,4.673,0.016,0.000,0.000,0.000
4482,4.482000,457448.363598,-1055305.108734,-597856.745135,1.525118e-02,-1401.160953,615.480091,591.091981,0.165,10.744,0.020,0.000,0.000,0.000
4483,4.483000,457446.540383,-1055302.379298,-597855.838915,1.525267e-02,-1401.472193,615.819020,589.633152,0.173,4.346,0.017,0.000,0.000,0.000
4484,4.484000,457444.509563,-1055299.666497,-597855.156934,1.525379e-02,-1401.621503,615.700871,589.547945,0.209,12.260,0.019,0.000,0.000,0.000
4485,4.485000,457445.015463,-1055296.978263,-597851.962800,1.525906e-02,-1400.605922,619.493328,584.317558,0.196,4.259,0.019,0.000,0.000,0.000
4486,4.486000,457445.016382,-1055293.655182,-597848.638799,1.526453e-02,-1399.631943,623.381324,578.987561,0.181,6.196,0.021,0.000,0.000,0.000
4487,4.487000,457445.275158,-1055290.361514,-597845.086356,1.527038e-02,-1400.303632,626.126043,575.711603,0.189,10.686,0.020,0.000,0.000,0.000
4488,4.488000,457445.113393,-1055286.653688,-597841.540295,1.527622e-02,-1400.934532,628.894485,572.509834,0.193,6.145,0.020,0.000,0.000,0.000
4489,4.489000,457442.570307,-1055282.975839,-597840.405532,1.527809e-02,-1401.025835,629.656664,572.263078,0.176,4.129,0.017,0.000,0.000,0.000
4490,4.490000,457440.006618,-1055279.242360,-597839.235742,1.528002e-02,-1401.194066,630.517433,571.996367,0.188,5.761,0.021,0.000,0.000,0.000
4491,4.491000,457436.907081,-1055275.541855,-597838.634774,1.528101e-02,-1401.177440,630.543985,571.812576,0.187,9.211,0.018,0.000,0.000,0.000
4492,4.492000,457433.550142,-1055271.848801,-597838.298659,1.528156e-02,-1400.971433,630.383839,571.549952,0.206,6.142,0.024,0.000,0.000,0.000
4493,4.493000,457430.453849,-1055268.184031,-597837.730183,1.528250e-02,-1400.907664,630.543975,571.385275,0.196,4.615,0.019,0.000,0.000,0.000
4494,4.494000,457427.409600,-1055264.515829,-597837.106229,1.528353e-02,-1400.927360,630.829151,571.327605,0.175,7.701,0.018,0.000,0.000,0.000
4495,4.495000,457424.767336,-1055260.896094,-597836.128758,1.528514e-02,-1401.066485,631.601559,571.097581,0.193,4.601,0.019,0.000,0.000,0.000
4496,4.496000,457422.533538,-1055257.233452,-597834.699915,1.528749e-02,-1401.320613,632.399254,571.051358,0.171,10.712,0.018,0.000,0.000,0.000
4497,4.497000,457420.233693,-1055253.573390,-597833.339698,1.528973e-02,-1401.593754,632.531721,571.405455,0.308,4.664,0.034,0.000,0.000,0.000
4498,4.498000,457417.799540,-1055249.909679,-597832.110139,1.529176e-02,-1401.920176,632.953794,571.584192,0.357,4.534,0.108,0.000,0.000,0.000
4499,4.499000,457415.177475,-1055246.259551,-597831.082077,1.529345e-02,-1402.057084,633.456204,571.678604,0.298,7.659,0.055,0.000,0.000,0.000
4500,4.500000,457412.694316,-1055242.622065,-597829.927749,1.529535e-02,-1401.988723,633.634156,571.759280,0.303,4.704,0.083,0.000,0.000,0.000
4501,4.501000,457410.100518,-1055239.024067,-597828.923549,1.529700e-02,-1401.931561,633.809861,571.857519,0.297,9.005,0.064,0.000,0.000,0.000
4502,4.502000,457407.749447,-1055235.445740,-597827.696293,1.529903e-02,-1401.869775,634.393043,571.984346,0.254,4.685,0.027,0.000,0.000,0.000
4503,4.503000,457404.561551,-1055231.847589,-597827.286039,1.529970e-02,-1402.210686,635.960140,569.921933,0.234,13.771,0.034,0.000,0.000,0.000
4504,4.504000,457400.758163,-1055227.915463,-597827.157300,1.529991e-02,-1402.597655,637.034329,567.939795,0.243,4.616,0.026,0.000,0.000,0.000
4505,4.505000,457397.676530,-1055223.965606,-597826.289077,1.530134e-02,-1402.654974,637.088931,567.882539,0.222,10.331,0.020,0.000,0.000,0.000
4506,4.506000,457394.355924,-1055220.023480,-597825.667557,1.530237e-02,-1402.756354,637.286903,567.485323,0.222,6.183,0.025,0.000,0.000,0.000
4507,4.507000,457391.030959,-1055216.114970,-597825.084011,1.530333e-02,-1402.798082,637.213616,567.515469,0.217,4.618,0.020,0.000,0.000,0.000
4508,4.508000,457387.578616,-1055212.211254,-597824.632638,1.530407e-02,-1403.208066,638.045449,565.245385,0.209,6.129,0.019,0.000,0.000,0.000
4509,4.509000,457383.614587,-1055208.008348,-597824.393761,1.530447e-02,-1403.641075,639.101421,562.646158,0.214,5.970,0.021,0.000,0.000,0.000
4510,4.510000,457380.198647,-1055203.845581,-597823.646935,1.530570e-02,-1403.839166,639.322615,561.858626,0.205,6.128,0.020,0.000,0.000,0.000
4511,4.511000,457377.316453,-1055199.660057,-597822.343604,1.530784e-02,-1404.202640,639.715995,560.506883,0.202,6.186,0.017,0.000,0.000,0.000
4512,4.512000,457374.675693,-1055195.455896,-597820.780204,1.531042e-02,-1404.480346,640.199895,559.247675,0.192,4.676,0.018,0.000,0.000,0.000
4513,4.513000,457371.276147,-1055191.207942,-597819.931795,1.531181e-02,-1404.540433,641.754374,557.865179,0.195,10.728,0.022,0.000,0.000,0.000
4514,4.514000,457367.273773,-1055186.755672,-597819.481899,1.531256e-02,-1404.758414,642.909864,556.935125,0.192,4.616,0.017,0.000,0.000,0.000
4515,4.515000,457364.035840,-1055182.317551,-597818.281710,1.531453e-02,-1405.288062,642.608564,556.694123,0.187,12.121,0.017,0.000,0.000,0.000
4516,4.516000,457360.530266,-1055177.883175,-597817.352909,1.531606e-02,-1405.600511,642.436756,556.599320,0.192,4.663,0.018,0.000,0.000,0.000
4517,4.517000,457357.315503,-1055173.485678,-597816.170175,1.531801e-02,-1405.833738,642.575831,555.904084,0.186,13.433,0.020,0.000,0.000,0.000
4518,4.518000,457354.749200,-1055169.071555,-597814.322355,1.532105e-02,-1406.184421,642.854388,554.626149,0.198,10.658,0.020,0.000,0.000,0.000
4519,4.519000,457352.163731,-1055164.634044,-597812.470313,1.532410e-02,-1406.495631,643.121638,553.463809,0.236,4.213,0.018,0.000,0.000,0.000
4520,4.520000,457349.231796,-1055160.173749,-597810.941953,1.532662e-02,-1406.834387,643.280926,552.188246,0.192,4.590,0.018,0.000,0.000,0.000
4521,4.521000,457346.028777,-1055155.693787,-597809.665010,1.532873e-02,-1407.277006,643.402352,550.734101,0.202,10.723,0.019,0.000,0.000,0.000
4522,4.522000,457342.200862,-1055151.174161,-597808.973299,1.532986e-02,-1407.602212,643.491414,549.935627,0.194,4.615,0.021,0.000,0.000,0.000
4523,4.523000,457337.641426,-1055146.697114,-597809.055688,1.532973e-02,-1407.771852,643.865508,550.203811,0.188,6.119,0.018,0.000,0.000,0.000
4524,4.524000,457333.496195,-1055142.201614,-597808.705419,1.533031e-02,-1408.107216,647.518789,547.166476,0.217,4.619,0.020,0.000,0.000,0.000
4525,4.525000,457328.783727,-1055137.005942,-597808.222215,1.533110e-02,-1408.689247,651.979493,541.425137,0.196,9.224,0.018,0.000,0.000,0.000
4526,4.526000,457323.151900,-1055131.493170,-597808.341269,1.533091e-02,-1409.282927,654.549313,536.997817,0.196,7.650,0.018,0.000,0.000,0.000
4527,4.527000,457317.260157,-1055125.650794,-597808.390638,1.533082e-02,-1409.737927,657.050819,533.191094,0.184,4.663,0.019,0.000,0.000,0.000
4528,4.528000,457311.431176,-1055119.437409,-597808.006234,1.533146e-02,-1410.473047,658.973530,529.142861,0.200,10.675,0.022,0.000,0.000,0.000
4529,4.529000,457304.989145,-1055112.838187,-597807.849042,1.533172e-02,-1411.080643,661.206741,524.881866,0.192,4.607,0.018,0.000,0.000,0.000
4530,4.530000,457297.862741,-1055105.838179,-597807.975437,1.533151e-02,-1411.489100,663.706268,520.349721,0.230,4.682,0.029,0.000,0.000,0.000
4531,4.531000,457290.511806,-1055098.515137,-597808.003330,1.533146e-02,-1411.676088,665.661890,517.528738,0.191,13.737,0.020,0.000,0.000,0.000
4532,4.532000,457284.103983,-1055091.105910,-597807.001927,1.533311e-02,-1412.013132,667.133311,515.130903,0.189,12.237,0.018,0.000,0.000,0.000
4533,4.533000,457277.612536,-1055083.385962,-597805.773425,1.533514e-02,-1412.511257,667.693154,512.963654,0.183,4.677,0.021,0.000,0.000,0.000
4534,4.534000,457270.402609,-1055075.729658,-597805.327049,1.533587e-02,-1412.712477,667.823550,513.141144,0.179,13.748,0.019,0.000,0.000,0.000
4535,4.535000,457263.505937,-1055068.050209,-597804.544272,1.533716e-02,-1413.176017,669.091397,511.364976,0.204,4.620,0.017,0.000,0.000,0.000
4536,4.536000,457256.278002,-1055060.067358,-597803.789356,1.533840e-02,-1413.708772,670.185297,509.120746,0.247,10.750,0.023,0.000,0.000,0.000
4537,4.537000,457248.902123,-1055052.101394,-597803.199270,1.533938e-02,-1414.453811,671.155106,506.653114,0.203,4.614,0.018,0.000,0.000,0.000
4538,4.538000,457240.978202,-1055043.795657,-597802.817455,1.534000e-02,-1414.889375,672.466575,504.771090,0.196,4.611,0.018,0.000,0.000,0.000
4539,4.539000,457233.254340,-1055035.501995,-597802.247655,1.534094e-02,-1415.168293,673.754979,502.635612,0.226,4.617,0.029,0.000,0.000,0.000
4540,4.540000,457225.192871,-1055026.913124,-597801.720253,1.534181e-02,-1415.526834,674.730342,500.199039,0.182,9.187,0.017,0.000,0.000,0.000
4541,4.541000,457218.920788,-1055018.371938,-597799.451151,1.534555e-02,-1416.125964,675.238398,498.215647,0.236,4.675,0.033,0.000,0.000,0.000
4542,4.542000,457213.055856,-1055009.607226,-597796.551370,1.535033e-02,-1416.961866,675.473307,496.192254,0.186,12.238,0.017,0.000,0.000,0.000
4543,4.543000,457205.378204,-1055000.834619,-597795.456415,1.535213e-02,-1417.526219,674.995382,495.944092,0.196,4.711,0.029,0.000,0.000,0.000
4544,4.544000,457197.695712,-1054992.082510,-597794.386798,1.535389e-02,-1418.113600,674.667255,495.526463,0.192,13.414,0.019,0.000,0.000,0.000
4545,4.545000,457190.053969,-1054983.338620,-597793.284651,1.535571e-02,-1418.707352,674.401477,495.171632,0.179,4.611,0.018,0.000,0.000,0.000
4546,4.546000,457182.416470,-1054974.610636,-597792.194166,1.535750e-02,-1419.297106,674.163274,494.840637,0.175,4.664,0.016,0.000,0.000,0.000
4547,4.547000,457174.846973,-1054965.877628,-597791.030655,1.535942e-02,-1419.886279,674.005143,494.345950,0.176,12.216,0.018,0.000,0.000,0.000
4548,4.548000,457167.286044,-1054957.143513,-597789.857470,1.536135e-02,-1420.545621,674.019695,494.230726,0.180,4.603,0.018,0.000,0.000,0.000
4549,4.549000,457159.832543,-1054948.386707,-597788.554164,1.536350e-02,-1421.128067,674.111599,494.012261,0.178,7.649,0.017,0.000,0.000,0.000
4550,4.550000,457152.421192,-1054939.591454,-597787.170262,1.536578e-02,-1421.613526,673.964819,493.521652,0.175,4.680,0.017,0.000,0.000,0.000
4551,4.551000,457144.600633,-1054930.768711,-597786.168078,1.536743e-02,-1421.996549,673.844820,493.615289,0.184,12.260,0.018,0.000,0.000,0.000
4552,4.552000,457136.579050,-1054921.945492,-597785.366443,1.536875e-02,-1422.517844,673.930556,494.260564,0.183,4.548,0.021,0.000,0.000,0.000
4553,4.553000,457128.712816,-1054913.047584,-597784.334768,1.537045e-02,-1423.302197,673.671326,494.704315,0.216,7.664,0.024,0.000,0.000,0.000
4554,4.554000,457121.006114,-1054904.129872,-597783.123757,1.537244e-02,-1424.146420,673.329375,494.302307,0.177,4.678,0.018,0.000,0.000,0.000
4555,4.555000,457113.335162,-1054895.191416,-597781.856254,1.537453e-02,-1424.932435,673.145126,493.851573,0.175,12.258,0.017,0.000,0.000,0.000
4556,4.556000,457105.306975,-1054886.234838,-597780.927863,1.537606e-02,-1425.336719,672.960870,493.732143,0.172,4.593,0.016,0.000,0.000,0.000
4557,4.557000,457096.793668,-1054877.324808,-597780.531139,1.537671e-02,-1425.417994,672.830199,493.631133,0.171,10.722,0.017,0.000,0.000,0.000
4558,4.558000,457088.483098,-1054868.443352,-597779.960254,1.537765e-02,-1425.712407,672.599519,493.453164,0.173,4.385,0.016,0.000,0.000,0.000
4559,4.559000,457080.744827,-1054859.571537,-597778.826710,1.537952e-02,-1426.286139,672.377783,493.751749,0.177,12.184,0.017,0.000,0.000,0.000
4560,4.560000,457072.949717,-1054850.647947,-597777.698230,1.538138e-02,-1426.873588,672.191229,493.955050,0.246,4.689,0.041,0.000,0.000,0.000
4561,4.561000,457064.767544,-1054841.718782,-597776.951238,1.538261e-02,-1427.217595,672.266097,494.599001,0.226,13.690,0.022,0.000,0.000,0.000
4562,4.562000,457056.253000,-1054832.712848,-597776.459848,1.538342e-02,-1427.945423,672.729480,496.048339,0.203,10.659,0.017,0.000,0.000,0.000
4563,4.563000,457047.324296,-1054823.610842,-597776.286546,1.538370e-02,-1428.715752,672.959591,496.633305,0.223,4.683,0.022,0.000,0.000,0.000
4564,4.564000,457038.320246,-1054814.526259,-597776.206013,1.538384e-02,-1429.302857,673.395321,497.231158,0.203,12.166,0.018,0.000,0.000,0.000
4565,4.565000,457029.542941,-1054805.388896,-597775.845955,1.538443e-02,-1429.791488,674.154568,498.602852,0.230,4.685,0.023,0.000,0.000,0.000
4566,4.566000,457020.429219,-1054796.211337,-597775.782118,1.538454e-02,-1429.616381,674.251015,499.298056,0.227,13.325,0.021,0.000,0.000,0.000
4567,4.567000,457011.536193,-1054787.060451,-597775.524258,1.538496e-02,-1429.683954,673.985088,498.957816,0.210,4.613,0.018,0.000,0.000,0.000
4568,4.568000,457002.955036,-1054777.909799,-597774.954763,1.538590e-02,-1429.975755,674.184767,498.956137,0.197,4.612,0.017,0.000,0.000,0.000
4569,4.569000,456994.326543,-1054768.751091,-597774.424548,1.538677e-02,-1430.326373,674.350883,499.023583,0.188,4.613,0.017,0.000,0.000,0.000
4570,4.570000,456985.673304,-1054759.588252,-597773.914948,1.538761e-02,-1430.594587,674.218737,498.649088,0.196,6.134,0.019,0.000,0.000,0.000
4571,4.571000,456976.701028,-1054750.443071,-597773.742043,1.538790e-02,-1430.517111,674.175038,498.399431,0.183,6.133,0.018,0.000,0.000,0.000
4572,4.572000,456967.652222,-1054741.331996,-597773.679774,1.538800e-02,-1430.361226,674.127908,498.248543,0.185,9.156,0.017,0.000,0.000,0.000
4573,4.573000,456958.542960,-1054732.252157,-597773.709197,1.538795e-02,-1430.143806,674.068398,498.024661,0.179,4.696,0.016,0.000,0.000,0.000
4574,4.574000,456949.771607,-1054723.193967,-597773.422361,1.538842e-02,-1430.364856,673.976067,497.566132,0.178,10.735,0.018,0.000,0.000,0.000
4575,4.575000,456941.193292,-1054714.121081,-597772.927789,1.538924e-02,-1430.607057,673.950449,497.397230,0.178,4.609,0.017,0.000,0.000,0.000
4576,4.576000,456932.569186,-1054705.049886,-597772.480699,1.538997e-02,-1430.558032,674.105916,497.453706,0.221,10.742,0.020,0.000,0.000,0.000
4577,4.577000,456924.011580,-1054695.999383,-597771.987803,1.539078e-02,-1430.601234,674.485944,497.681464,0.210,4.691,0.017,0.000,0.000,0.000
4578,4.578000,456915.350269,-1054686.951922,-597771.601652,1.539142e-02,-1430.675772,674.883415,497.817900,0.185,13.771,0.017,0.000,0.000,0.000
4579,4.579000,456906.519202,-1054677.922235,-597771.403034,1.539175e-02,-1431.115873,675.233225,497.580353,0.200,4.680,0.022,0.000,0.000,0.000
4580,4.580000,456897.535519,-1054668.883864,-597771.348344,1.539184e-02,-1431.547198,675.505941,497.429851,0.193,13.783,0.018,0.000,0.000,0.000
4581,4.581000,456888.607322,-1054659.879806,-597771.272485,1.539196e-02,-1431.619011,675.782964,497.375385,0.192,4.675,0.022,0.000,0.000,0.000
4582,4.582000,456879.700325,-1054650.893415,-597771.193090,1.539209e-02,-1431.617883,676.096282,497.494329,0.187,6.158,0.018,0.000,0.000,0.000
4583,4.583000,456871.166803,-1054641.925526,-597770.758723,1.539281e-02,-1431.947798,676.181709,497.286256,0.187,6.141,0.018,0.000,0.000,0.000
4584,4.584000,456863.018652,-1054632.937177,-597769.918525,1.539419e-02,-1432.633809,676.107981,496.738291,0.182,4.686,0.017,0.000,0.000,0.000
4585,4.585000,456854.538448,-1054623.937218,-597769.398770,1.539505e-02,-1433.091201,676.162827,496.400435,0.179,6.205,0.018,0.000,0.000,0.000
4586,4.586000,456845.831373,-1054614.962566,-597769.131193,1.539549e-02,-1433.440315,676.458061,496.246300,0.186,12.148,0.019,0.000,0.000,0.000
4587,4.587000,456837.389471,-1054605.971921,-597768.582449,1.539639e-02,-1434.042940,676.567984,495.894463,0.177,4.674,0.018,0.000,0.000,0.000
4588,4.588000,456828.832164,-1054596.974771,-597768.142608,1.539712e-02,-1434.294286,676.545550,495.461307,0.182,12.148,0.018,0.000,0.000,0.000
4589,4.589000,456820.112065,-1054587.986395,-597767.874330,1.539756e-02,-1434.191959,676.768988,495.146315,0.188,6.182,0.022,0.000,0.000,0.000
4590,4.590000,456811.378793,-1054579.007565,-597767.628772,1.539796e-02,-1434.210456,676.996570,494.848796,0.179,4.591,0.017,0.000,0.000,0.000
4591,4.591000,456802.856701,-1054570.060165,-597767.203463,1.539867e-02,-1434.608077,676.984653,494.362798,0.175,4.602,0.018,0.000,0.000,0.000
4592,4.592000,456794.612694,-1054561.096482,-597766.483788,1.539985e-02,-1435.385743,676.864410,493.667972,0.178,7.646,0.018,0.000,0.000,0.000
4593,4.593000,456786.011611,-1054552.119268,-597766.107657,1.540047e-02,-1435.823647,676.898545,493.168156,0.176,4.653,0.021,0.000,0.000,0.000
4594,4.594000,456777.246606,-1054543.172888,-597765.926282,1.540077e-02,-1435.905689,676.933804,492.758295,0.173,9.195,0.017,0.000,0.000,0.000
4595,4.595000,456768.510222,-1054534.233543,-597765.723321,1.540110e-02,-1436.018099,676.917256,492.357129,0.172,4.602,0.018,0.000,0.000,0.000
4596,4.596000,456759.723011,-1054525.328327,-597765.605316,1.540130e-02,-1436.124277,677.018554,492.114347,0.176,10.724,0.017,0.000,0.000,0.000
4597,4.597000,456751.400166,-1054516.456487,-597765.056321,1.540220e-02,-1436.212394,677.076983,491.981270,0.197,7.640,0.018,0.000,0.000,0.000
4598,4.598000,456743.498351,-1054507.595078,-597764.096727,1.540378e-02,-1436.297807,677.022636,491.898792,0.170,6.181,0.017,0.000,0.000,0.000
4599,4.599000,456735.575138,-1054498.744693,-597763.169555,1.540531e-02,-1436.399015,676.879528,491.804169,0.217,10.703,0.021,0.000,0.000,0.000
4600,4.600000,456727.719982,-1054489.911909,-597762.191927,1.540692e-02,-1436.550411,676.776253,491.425378,0.202,4.675,0.019,0.000,0.000,0.000
4601,4.601000,456719.918879,-1054481.065965,-597761.147086,1.540864e-02,-1436.682255,676.715734,490.932625,0.195,9.165,0.018,0.000,0.000,0.000
4602,4.602000,456712.095827,-1054472.226565,-597760.130739,1.541032e-02,-1436.784815,676.548242,490.681633,0.189,4.662,0.017,0.000,0.000,0.000
4603,4.603000,456704.273722,-1054463.404184,-597759.130462,1.541196e-02,-1436.889383,676.463029,490.125154,0.217,10.207,0.019,0.000,0.000,0.000
4604,4.604000,456696.425465,-1054454.570248,-597758.144783,1.541359e-02,-1437.010895,676.393099,489.591723,0.200,4.616,0.017,0.000,0.000,0.000
4605,4.605000,456688.382842,-1054445.748575,-597757.365733,1.541487e-02,-1437.127612,676.217024,489.391618,0.212,4.699,0.019,0.000,0.000,0.000
4606,4.606000,456680.323134,-1054436.929941,-597756.606808,1.541612e-02,-1437.156956,676.110358,488.882253,0.191,13.684,0.019,0.000,0.000,0.000
4607,4.607000,456672.416942,-1054428.091980,-597755.675038,1.541765e-02,-1437.196204,676.070771,488.424251,0.196,9.184,0.018,0.000,0.000,0.000
4608,4.608000,456664.587795,-1054419.260531,-597754.672736,1.541931e-02,-1437.298150,676.015995,487.823760,0.192,4.614,0.017,0.000,0.000,0.000
4609,4.609000,456656.733445,-1054410.414405,-597753.680960,1.542094e-02,-1437.411560,675.863488,487.235562,0.180,9.204,0.017,0.000,0.000,0.000
4610,4.610000,456648.924785,-1054401.580360,-597752.655575,1.542263e-02,-1437.549373,675.597340,487.117343,0.177,4.611,0.017,0.000,0.000,0.000
4611,4.611000,456641.098641,-1054392.757721,-597751.659080,1.542427e-02,-1437.695183,675.412731,486.958157,0.186,10.675,0.018,0.000,0.000,0.000
4612,4.612000,456633.262369,-1054383.944067,-597750.681698,1.542588e-02,-1437.916462,675.281539,486.766340,0.176,4.275,0.017,0.000,0.000,0.000
4613,4.613000,456625.500389,-1054375.133637,-597749.633247,1.542761e-02,-1438.285570,675.114932,486.601162,0.189,6.129,0.018,0.000,0.000,0.000
4614,4.614000,456617.636113,-1054366.326672,-597748.690559,1.542916e-02,-1438.596903,674.965891,486.386093,0.182,12.188,0.017,0.000,0.000,0.000
4615,4.615000,456609.516882,-1054357.529089,-597748.012207,1.543028e-02,-1438.812560,674.883918,486.117837,0.216,4.599,0.025,0.000,0.000,0.000
4616,4.616000,456601.352266,-1054348.753968,-597747.401702,1.543128e-02,-1439.044041,674.778995,485.869338,0.206,4.546,0.018,0.000,0.000,0.000
4617,4.617000,456593.331511,-1054339.985551,-597746.654040,1.543251e-02,-1439.234500,674.570285,485.693121,0.198,4.615,0.021,0.000,0.000,0.000
4618,4.618000,456585.326464,-1054331.226575,-597745.900111,1.543375e-02,-1439.405947,674.400856,485.568449,0.180,7.621,0.018,0.000,0.000,0.000
4619,4.619000,456577.471203,-1054322.468159,-597744.996955,1.543524e-02,-1439.552169,674.271325,485.486218,0.192,4.695,0.018,0.000,0.000,0.000
4620,4.620000,456569.576865,-1054313.712126,-597744.135261,1.543666e-02,-1439.702347,674.155639,485.412476,0.176,7.628,0.018,0.000,0.000,0.000
4621,4.621000,456561.466950,-1054304.958491,-597743.491541,1.543772e-02,-1439.850238,674.041514,485.352180,0.178,4.679,0.018,0.000,0.000,0.000
4622,4.622000,456553.355188,-1054296.209885,-597742.854697,1.543877e-02,-1439.870013,673.907570,485.266191,0.175,10.738,0.017,0.000,0.000,0.000
4623,4.623000,456545.250554,-1054287.460778,-597742.210223,1.543983e-02,-1439.879218,673.748262,485.116049,0.174,4.609,0.017,0.000,0.000,0.000
4624,4.624000,456537.209688,-1054278.721926,-597741.512238,1.544098e-02,-1439.987450,673.536826,484.955392,0.188,7.629,0.020,0.000,0.000,0.000
4625,4.625000,456529.096223,-1054269.991674,-597740.895452,1.544200e-02,-1440.037595,673.328223,484.815170,0.179,4.678,0.018,0.000,0.000,0.000
4626,4.626000,456520.843100,-1054261.276468,-597740.433368,1.544276e-02,-1440.076385,673.120512,484.665023,0.194,10.733,0.025,0.000,0.000,0.000
4627,4.627000,456512.665737,-1054252.568972,-597739.903235,1.544363e-02,-1440.126464,673.002102,484.536653,0.186,10.737,0.019,0.000,0.000,0.000
4628,4.628000,456504.631706,-1054243.884456,-597739.252749,1.544470e-02,-1440.252701,672.908854,484.444569,0.184,6.113,0.018,0.000,0.000,0.000
4629,4.629000,456496.602077,-1054235.203167,-597738.601090,1.544578e-02,-1440.500480,672.749607,484.325859,0.174,10.716,0.017,0.000,0.000,0.000
4630,4.630000,456488.526687,-1054226.522085,-597737.995397,1.544677e-02,-1440.749956,672.578630,484.202208,0.175,4.616,0.018,0.000,0.000,0.000
4631,4.631000,456480.445111,-1054217.841885,-597737.396774,1.544776e-02,-1441.013376,672.411525,484.045527,0.174,12.164,0.017,0.000,0.000,0.000
4632,4.632000,456472.400104,-1054209.161204,-597736.761100,1.544881e-02,-1441.268803,672.238152,483.909689,0.173,4.678,0.016,0.000,0.000,0.000
4633,4.633000,456464.363041,-1054200.480608,-597736.117566,1.544987e-02,-1441.501158,672.067449,483.791663,0.173,12.162,0.018,0.000,0.000,0.000
4634,4.634000,456456.328755,-1054191.796318,-597735.467563,1.545094e-02,-1441.686068,671.903052,483.700268,0.172,4.612,0.016,0.000,0.000,0.000
4635,4.635000,456448.255534,-1054183.098358,-597734.842824,1.545197e-02,-1441.882683,671.736911,483.583020,0.172,10.326,0.018,0.000,0.000,0.000
4636,4.636000,456440.081049,-1054174.393996,-597734.312947,1.545284e-02,-1442.081474,671.576632,483.492990,0.173,4.597,0.017,0.000,0.000,0.000
4637,4.637000,456431.869106,-1054165.691119,-597733.822013,1.545365e-02,-1442.282391,671.418621,483.420734,0.174,9.234,0.017,0.000,0.000,0.000
4638,4.638000,456423.560525,-1054156.988576,-597733.428050,1.545430e-02,-1442.320358,671.202616,483.345761,0.174,4.604,0.017,0.000,0.000,0.000
4639,4.639000,456415.255743,-1054148.282323,-597733.026580,1.545496e-02,-1442.341388,670.995508,483.305483,0.223,10.678,0.021,0.000,0.000,0.000
4640,4.640000,456407.036491,-1054139.574075,-597732.537584,1.545576e-02,-1442.430291,670.816336,483.260147,0.197,4.680,0.017,0.000,0.000,0.000
4641,4.641000,456398.943488,-1054130.868128,-597731.924639,1.545677e-02,-1442.507506,670.650811,483.240045,0.182,10.724,0.017,0.000,0.000,0.000
4642,4.642000,456390.923587,-1054122.163108,-597731.239521,1.545790e-02,-1442.741192,670.558029,483.117121,0.235,4.684,0.023,0.000,0.000,0.000
4643,4.643000,456383.781655,-1054113.458307,-597729.676652,1.546048e-02,-1442.753463,669.495991,483.059699,0.191,10.736,0.018,0.000,0.000,0.000
4644,4.644000,456376.361672,-1054104.563559,-597728.201887,1.546291e-02,-1442.694333,668.494481,483.072147,0.185,7.698,0.018,0.000,0.000,0.000
4645,4.645000,456368.100579,-1054095.690464,-597727.589886,1.546391e-02,-1442.826086,668.333956,482.990190,0.196,5.850,0.018,0.000,0.000,0.000
4646,4.646000,456359.941630,-1054086.774891,-597726.833261,1.546516e-02,-1442.907842,667.960536,482.890472,0.194,10.326,0.021,0.000,0.000,0.000
4647,4.647000,456351.506274,-1054077.814645,-597726.308371,1.546603e-02,-1442.933953,667.651072,482.833559,0.208,4.680,0.024,0.000,0.000,0.000
4648,4.648000,456343.088797,-1054068.844381,-597725.755584,1.546694e-02,-1443.031177,667.493112,482.677832,0.189,12.230,0.019,0.000,0.000,0.000
4649,4.649000,456334.841016,-1054059.861306,-597725.020289,1.546815e-02,-1443.143630,667.348437,482.611897,0.189,4.678,0.017,0.000,0.000,0.000
4650,4.650000,456326.665866,-1054050.876297,-597724.210430,1.546948e-02,-1443.103173,667.103192,482.613359,0.187,4.676,0.019,0.000,0.000,0.000
4651,4.651000,456318.191468,-1054041.881678,-597723.690211,1.547034e-02,-1442.979136,666.761793,482.397472,0.178,13.767,0.019,0.000,0.000,0.000
4652,4.652000,456309.581281,-1054032.858113,-597723.276832,1.547102e-02,-1442.932236,666.454738,482.118756,0.186,10.500,0.019,0.000,0.000,0.000
4653,4.653000,456301.361247,-1054023.830885,-597722.469638,1.547235e-02,-1442.851314,665.644790,481.697763,0.188,4.686,0.018,0.000,0.000,0.000
4654,4.654000,456293.050844,-1054014.692540,-597721.641697,1.547371e-02,-1442.658491,664.248610,481.132642,0.190,4.615,0.018,0.000,0.000,0.000
4655,4.655000,456284.304878,-1054005.445606,-597721.140728,1.547454e-02,-1442.622552,663.469126,480.439956,0.234,10.669,0.024,0.000,0.000,0.000
4656,4.656000,456275.332745,-1053996.164163,-597720.831418,1.547505e-02,-1442.621873,663.070853,479.896860,0.207,4.614,0.018,0.000,0.000,0.000
4657,4.657000,456266.501768,-1053986.830074,-597720.328306,1.547587e-02,-1442.434142,662.389498,479.632424,0.184,6.226,0.018,0.000,0.000,0.000
4658,4.658000,456258.087431,-1053977.447737,-597719.360307,1.547747e-02,-1442.225028,661.633595,479.259335,0.195,6.204,0.019,0.000,0.000,0.000
4659,4.659000,456249.732411,-1053967.993772,-597718.261360,1.547928e-02,-1442.084322,660.850055,478.815164,0.193,7.704,0.019,0.000,0.000,0.000
4660,4.660000,456241.135144,-1053958.477635,-597717.342491,1.548079e-02,-1442.217142,660.058709,478.210878,0.179,10.741,0.018,0.000,0.000,0.000
4661,4.661000,456232.426008,-1053948.871275,-597716.445268,1.548227e-02,-1442.616229,659.263828,477.380923,0.180,4.674,0.017,0.000,0.000,0.000
4662,4.662000,456223.279807,-1053939.170445,-597715.890638,1.548318e-02,-1443.090033,658.626017,476.602260,0.185,10.718,0.020,0.000,0.000,0.000
4663,4.663000,456214.145280,-1053929.411024,-597715.265744,1.548421e-02,-1443.574383,657.922321,475.801776,0.186,4.628,0.018,0.000,0.000,0.000
4664,4.664000,456205.279547,-1053919.547362,-597714.267815,1.548586e-02,-1443.882005,657.375307,475.136184,0.174,12.160,0.018,0.000,0.000,0.000
4665,4.665000,456196.648586,-1053909.666473,-597713.017887,1.548792e-02,-1444.167136,656.774805,474.621209,0.272,4.690,0.017,0.000,0.000,0.000
4666,4.666000,456188.067638,-1053899.695523,-597711.627884,1.549021e-02,-1444.530144,655.789150,474.075953,0.174,13.668,0.019,0.000,0.000,0.000
4667,4.667000,456179.274632,-1053889.642548,-597710.367916,1.549228e-02,-1444.827516,654.914567,473.593975,0.179,9.161,0.017,0.000,0.000,0.000
4668,4.668000,456170.524676,-1053879.507358,-597708.982683,1.549456e-02,-1444.929433,654.140625,473.219001,0.174,4.592,0.017,0.000,0.000,0.000
4669,4.669000,456161.535953,-1053869.316765,-597707.780811,1.549654e-02,-1444.797831,653.329942,472.912172,0.173,4.676,0.017,0.000,0.000,0.000
4670,4.670000,456151.948225,-1053859.058317,-597707.110092,1.549765e-02,-1444.802434,652.711451,472.635115,0.175,12.264,0.018,0.000,0.000,0.000
4671,4.671000,456142.391044,-1053848.779287,-597706.388243,1.549884e-02,-1444.941549,651.971370,472.264080,0.186,4.632,0.020,0.000,0.000,0.000
4672,4.672000,456132.518430,-1053838.412477,-597705.894047,1.549965e-02,-1445.085209,649.976773,471.021861,0.175,4.610,0.020,0.000,0.000,0.000
4673,4.673000,456121.761875,-1053827.741108,-597705.979233,1.549951e-02,-1445.221997,647.042249,469.062462,0.173,4.613,0.018,0.000,0.000,0.000
4674,4.674000,456111.070088,-1053816.756843,-597705.686755,1.549999e-02,-1445.217203,645.107827,467.922828,0.171,7.694,0.018,0.000,0.000,0.000
4675,4.675000,456100.719445,-1053805.712054,-597704.992609,1.550113e-02,-1445.279005,644.497903,467.657735,0.170,6.135,0.018,0.000,0.000,0.000
4676,4.676000,456089.833980,-1053794.638220,-597704.804240,1.550145e-02,-1445.487540,642.854104,466.593076,0.172,10.647,0.016,0.000,0.000,0.000
4677,4.677000,456078.943719,-1053783.259931,-597704.316212,1.550225e-02,-1444.872942,640.635945,465.326876,0.171,4.679,0.018,0.000,0.000,0.000
4678,4.678000,456068.682670,-1053771.744628,-597703.061958,1.550431e-02,-1443.113872,639.104775,464.776923,0.213,13.671,0.023,0.000,0.000,0.000
4679,4.679000,456057.929810,-1053760.091305,-597702.161495,1.550580e-02,-1442.346302,638.213606,464.375462,0.195,4.665,0.018,0.000,0.000,0.000
4680,4.680000,456047.158358,-1053748.435706,-597701.277348,1.550725e-02,-1442.676297,638.125901,464.229512,0.192,11.671,0.019,0.000,0.000,0.000
4681,4.681000,456036.483508,-1053736.805072,-597700.321564,1.550883e-02,-1442.565189,636.428924,463.171336,0.188,6.196,0.018,0.000,0.000,0.000
4682,4.682000,456025.085150,-1053724.787622,-597699.702471,1.550985e-02,-1442.415210,633.317801,461.176718,0.218,4.603,0.020,0.000,0.000,0.000
4683,4.683000,456013.342180,-1053712.452853,-597699.110673,1.551082e-02,-1442.624161,630.356993,459.034098,0.197,4.611,0.017,0.000,0.000,0.000
4684,4.684000,456001.440087,-1053699.765865,-597698.325778,1.551212e-02,-1442.819311,627.055540,456.697284,0.196,9.225,0.024,0.000,0.000,0.000
4685,4.685000,455988.924238,-1053686.720674,-597697.796436,1.551299e-02,-1442.830511,623.871378,454.715500,0.187,4.677,0.019,0.000,0.000,0.000
4686,4.686000,455975.834677,-1053673.356340,-597697.521663,1.551344e-02,-1442.804501,620.933129,452.965387,0.187,9.142,0.018,0.000,0.000,0.000
4687,4.687000,455962.562246,-1053659.666573,-597697.104328,1.551413e-02,-1442.294408,619.120871,451.869847,0.184,6.196,0.018,0.000,0.000,0.000
4688,4.688000,455949.211172,-1053645.925099,-597696.713927,1.551477e-02,-1441.806312,617.286280,450.805690,0.179,6.140,0.017,0.000,0.000,0.000
4689,4.689000,455935.955549,-1053631.856677,-597695.901128,1.551611e-02,-1440.885141,614.858390,449.510042,0.204,10.721,0.026,0.000,0.000,0.000
4690,4.690000,455922.538075,-1053617.620572,-597695.082497,1.551746e-02,-1440.086630,613.838988,448.931644,0.198,4.362,0.022,0.000,0.000,0.000
4691,4.691000,455908.662764,-1053603.403049,-597694.740285,1.551802e-02,-1440.317674,613.695281,448.724847,0.250,11.743,0.022,0.000,0.000,0.000
4692,4.692000,455894.866630,-1053589.209724,-597694.343095,1.551868e-02,-1440.684135,613.577483,448.518517,0.231,4.629,0.024,0.000,0.000,0.000
4693,4.693000,455881.107961,-1053575.024025,-597693.916064,1.551938e-02,-1440.990133,613.560854,448.312650,0.207,10.757,0.019,0.000,0.000,0.000
4694,4.694000,455867.268184,-1053560.864318,-597693.596134,1.551991e-02,-1441.095461,613.668536,448.179102,0.198,4.591,0.019,0.000,0.000,0.000
4695,4.695000,455853.389410,-1053546.729827,-597693.340417,1.552033e-02,-1441.166966,613.723492,448.090051,0.248,10.649,0.031,0.000,0.000,0.000
4696,4.696000,455839.715557,-1053532.632922,-597692.917365,1.552102e-02,-1441.156445,613.570406,447.875266,0.204,4.447,0.019,0.000,0.000,0.000
4697,4.697000,455826.234296,-1053518.546729,-597692.312433,1.552202e-02,-1441.087985,613.227263,447.585670,0.195,6.207,0.019,0.000,0.000,0.000
4698,4.698000,455812.858823,-1053504.439719,-597691.580896,1.552323e-02,-1441.042502,612.441154,447.256519,0.196,12.247,0.019,0.000,0.000,0.000
4699,4.699000,455799.426396,-1053490.241971,-597690.815576,1.552449e-02,-1441.203138,611.995344,447.005036,0.195,6.116,0.020,0.000,0.000,0.000
4700,4.700000,455785.761243,-1053476.056769,-597690.295526,1.552534e-02,-1441.523832,612.218892,446.974840,0.182,6.217,0.018,0.000,0.000,0.000
4701,4.701000,455772.203759,-1053461.881105,-597689.677346,1.552636e-02,-1441.773993,611.741030,446.748991,0.188,7.651,0.018,0.000,0.000,0.000
4702,4.702000,455759.037184,-1053447.600387,-597688.563202,1.552820e-02,-1441.912621,611.035180,446.406992,0.179,8.710,0.018,0.000,0.000,0.000
4703,4.703000,455746.153796,-1053433.262729,-597687.108932,1.553059e-02,-1442.132052,610.711415,446.240262,0.178,4.675,0.019,0.000,0.000,0.000
4704,4.704000,455732.806644,-1053418.860448,-597686.053804,1.553233e-02,-1442.385556,610.226819,446.075803,0.176,10.694,0.017,0.000,0.000,0.000
4705,4.705000,455719.082518,-1053404.394002,-597685.311485,1.553355e-02,-1442.555796,609.362577,445.572823,0.182,6.161,0.020,0.000,0.000,0.000
4706,4.706000,455705.289262,-1053389.806266,-597684.517005,1.553486e-02,-1442.579805,608.831578,445.114467,0.177,4.607,0.018,0.000,0.000,0.000
4707,4.707000,455691.365390,-1053375.241288,-597683.875898,1.553592e-02,-1442.553290,608.765296,444.931254,0.179,6.195,0.017,0.000,0.000,0.000
4708,4.708000,455677.426425,-1053360.694262,-597683.267837,1.553692e-02,-1442.666061,608.274793,444.594101,0.186,6.199,0.018,0.000,0.000,0.000
4709,4.709000,455663.596036,-1053346.081563,-597682.485527,1.553821e-02,-1442.732549,607.526545,444.140001,0.230,6.205,0.028,0.000,0.000,0.000
4710,4.710000,455650.062693,-1053331.424670,-597681.361978,1.554006e-02,-1442.648767,606.394094,443.300256,0.178,12.141,0.016,0.000,0.000,0.000
4711,4.711000,455636.174138,-1053316.579681,-597680.405543,1.554163e-02,-1442.584101,605.229654,442.534242,0.177,10.715,0.017,0.000,0.000,0.000
4712,4.712000,455622.122201,-1053301.691930,-597679.569729,1.554301e-02,-1442.573585,604.568148,442.218985,0.175,4.681,0.018,0.000,0.000,0.000
4713,4.713000,455608.028898,-1053286.767226,-597678.738329,1.554438e-02,-1442.683387,604.342075,441.948093,0.175,10.708,0.018,0.000,0.000,0.000
4714,4.714000,455593.985648,-1053271.863419,-597677.877771,1.554580e-02,-1443.088264,604.257333,441.801101,0.194,4.673,0.018,0.000,0.000,0.000
4715,4.715000,455579.854456,-1053256.929117,-597677.074661,1.554712e-02,-1443.577894,604.186109,441.813447,0.182,13.743,0.019,0.000,0.000,0.000
4716,4.716000,455565.609435,-1053242.020924,-597676.411489,1.554821e-02,-1443.938351,604.381919,441.780539,0.173,4.682,0.018,0.000,0.000,0.000
4717,4.717000,455551.388224,-1053227.143798,-597675.755574,1.554929e-02,-1444.362958,604.554716,441.768522,0.174,12.261,0.018,0.000,0.000,0.000
4718,4.718000,455537.316067,-1053212.292416,-597674.976349,1.555058e-02,-1444.584564,603.837603,441.405159,0.225,4.704,0.022,0.000,0.000,0.000
4719,4.719000,455523.116405,-1053197.276312,-597674.159907,1.555192e-02,-1444.598447,603.082145,440.958853,0.196,6.169,0.018,0.000,0.000,0.000
4720,4.720000,455508.759233,-1053182.291418,-597673.532185,1.555295e-02,-1444.793675,602.959196,440.908533,0.196,6.126,0.018,0.000,0.000,0.000
4721,4.721000,455494.453022,-1053167.318027,-597672.865005,1.555405e-02,-1445.151659,602.806407,440.847678,0.197,6.183,0.020,0.000,0.000,0.000
4722,4.722000,455480.962790,-1053152.370377,-597671.407586,1.555645e-02,-1445.557060,602.015149,440.122896,0.215,6.114,0.019,0.000,0.000,0.000
4723,4.723000,455468.155184,-1053137.197070,-597669.041886,1.556035e-02,-1445.917189,600.420627,438.893998,0.194,13.755,0.019,0.000,0.000,0.000
4724,4.724000,455454.169390,-1053121.811097,-597667.641707,1.556266e-02,-1446.264001,599.561390,438.276237,0.185,4.604,0.020,0.000,0.000,0.000
4725,4.725000,455439.577328,-1053106.448725,-597666.871396,1.556393e-02,-1446.676427,599.526406,437.997441,0.181,4.608,0.018,0.000,0.000,0.000
4726,4.726000,455425.038219,-1053091.077203,-597666.038984,1.556530e-02,-1447.225015,599.180074,437.478230,0.194,10.718,0.018,0.000,0.000,0.000
4727,4.727000,455410.322937,-1053075.642181,-597665.319245,1.556648e-02,-1447.819180,598.675719,436.868370,0.182,4.644,0.017,0.000,0.000,0.000
4728,4.728000,455396.026054,-1053060.201395,-597664.175341,1.556837e-02,-1448.223864,597.570046,435.947821,0.196,4.691,0.022,0.000,0.000,0.000
4729,4.729000,455381.867518,-1053044.533150,-597662.665632,1.557085e-02,-1448.683356,595.673568,434.501713,0.194,13.754,0.020,0.000,0.000,0.000
4730,4.730000,455367.272937,-1053028.620762,-597661.347826,1.557302e-02,-1449.328273,594.610928,433.420160,0.183,4.612,0.019,0.000,0.000,0.000
4731,4.731000,455353.269919,-1053012.688996,-597659.419077,1.557620e-02,-1449.997103,593.722202,432.611555,0.195,10.646,0.019,0.000,0.000,0.000
4732,4.732000,455338.948773,-1052996.527922,-597657.579148,1.557923e-02,-1450.463231,592.595186,431.789222,0.187,4.677,0.021,0.000,0.000,0.000
4733,4.733000,455323.437107,-1052980.316768,-597656.879661,1.558038e-02,-1450.666060,591.965500,431.436833,0.178,6.130,0.017,0.000,0.000,0.000
4734,4.734000,455308.830726,-1052964.063920,-597655.233194,1.558310e-02,-1451.103827,590.793388,430.650084,0.174,4.607,0.017,0.000,0.000,0.000
4735,4.735000,455294.085164,-1052947.582434,-597653.497270,1.558595e-02,-1451.750403,589.879005,429.760684,0.217,9.257,0.018,0.000,0.000,0.000
4736,4.736000,455278.311967,-1052931.104904,-597652.792937,1.558711e-02,-1452.471409,589.832574,429.588655,0.213,7.662,0.025,0.000,0.000,0.000
4737,4.737000,455262.385633,-1052914.637217,-597652.251584,1.558801e-02,-1452.931962,589.778040,429.525672,0.193,4.674,0.018,0.000,0.000,0.000
4738,4.738000,455246.745700,-1052898.211129,-597651.465429,1.558930e-02,-1453.043166,589.268260,429.391011,0.183,10.673,0.018,0.000,0.000,0.000
4739,4.739000,455231.295551,-1052881.615945,-597650.320394,1.559119e-02,-1453.788577,589.150110,429.653986,0.195,4.665,0.018,0.000,0.000,0.000
4740,4.740000,455215.452067,-1052865.005139,-597649.553071,1.559245e-02,-1454.622805,589.595667,430.002965,0.181,4.613,0.018,0.000,0.000,0.000
4741,4.741000,455199.309612,-1052848.426496,-597649.116883,1.559317e-02,-1454.854295,589.727673,430.028720,0.179,13.715,0.020,0.000,0.000,0.000
4742,4.742000,455183.349244,-1052831.889227,-597648.539983,1.559412e-02,-1455.264757,589.904136,430.210297,0.176,9.139,0.017,0.000,0.000,0.000
4743,4.743000,455167.310007,-1052815.373707,-597648.063700,1.559490e-02,-1455.634299,590.038528,430.336018,0.175,4.687,0.017,0.000,0.000,0.000
4744,4.744000,455151.300262,-1052798.904186,-597647.603924,1.559566e-02,-1456.026217,590.147967,430.361654,0.175,4.671,0.017,0.000,0.000,0.000
4745,4.745000,455135.389476,-1052782.446037,-597647.056562,1.559656e-02,-1456.431511,590.226390,430.351609,0.180,12.147,0.018,0.000,0.000,0.000
4746,4.746000,455119.592740,-1052766.019741,-597646.427001,1.559760e-02,-1456.722387,590.328625,430.151977,0.176,4.675,0.017,0.000,0.000,0.000
4747,4.747000,455103.898704,-1052749.613864,-597645.715160,1.559877e-02,-1457.017270,590.461053,429.782627,0.174,4.616,0.017,0.000,0.000,0.000
4748,4.748000,455088.031654,-1052733.240092,-597645.208438,1.559961e-02,-1457.073568,590.461007,429.534740,0.190,4.595,0.022,0.000,0.000,0.000
4749,4.749000,455072.135819,-1052716.910980,-597644.775161,1.560032e-02,-1457.095388,590.467153,429.470762,0.188,9.213,0.019,0.000,0.000,0.000
4750,4.750000,455056.384757,-1052700.622694,-597644.237937,1.560121e-02,-1457.238377,590.404998,429.262245,0.176,7.739,0.018,0.000,0.000,0.000
4751,4.751000,455040.768567,-1052684.362621,-597643.594054,1.560227e-02,-1457.547225,590.306623,429.061729,0.173,4.604,0.018,0.000,0.000,0.000
4752,4.752000,455025.243455,-1052668.125971,-597642.882517,1.560344e-02,-1457.864455,590.453680,428.904809,0.174,10.730,0.018,0.000,0.000,0.000
4753,4.753000,455009.639368,-1052651.903466,-597642.264098,1.560446e-02,-1458.065799,590.592548,428.730506,0.195,4.677,0.017,0.000,0.000,0.000
4754,4.754000,454993.986522,-1052635.721626,-597641.735104,1.560533e-02,-1458.430793,590.603205,428.622147,0.172,4.608,0.018,0.000,0.000,0.000
4755,4.755000,454978.628533,-1052619.568967,-597640.940434,1.560664e-02,-1459.415349,590.636155,428.633499,0.172,10.714,0.018,0.000,0.000,0.000
4756,4.756000,454963.136651,-1052603.398363,-597640.261713,1.560776e-02,-1460.137189,590.649123,428.685298,0.200,4.613,0.018,0.000,0.000,0.000
4757,4.757000,454947.399840,-1052587.281917,-597639.882077,1.560838e-02,-1460.218885,590.653838,428.644185,0.180,9.147,0.018,0.000,0.000,0.000
4758,4.758000,454932.093508,-1052571.209962,-597639.116455,1.560964e-02,-1460.775531,590.685542,428.577880,0.216,4.607,0.020,0.000,0.000,0.000
4759,4.759000,454916.926410,-1052555.137799,-597638.211389,1.561113e-02,-1461.353726,590.700343,428.529115,0.205,13.669,0.018,0.000,0.000,0.000
4760,4.760000,454901.454896,-1052539.081289,-597637.626393,1.561210e-02,-1461.558168,590.690654,428.501572,0.190,4.676,0.018,0.000,0.000,0.000
4761,4.761000,454885.888108,-1052523.068822,-597637.180715,1.561283e-02,-1461.789815,590.678993,428.493675,0.184,6.114,0.018,0.000,0.000,0.000
4762,4.762000,454870.332464,-1052507.082719,-597636.750254,1.561354e-02,-1462.015817,590.645250,428.470668,0.216,10.658,0.020,0.000,0.000,0.000
4763,4.763000,454854.830061,-1052491.112020,-597636.281959,1.561431e-02,-1462.373472,590.668098,428.475974,0.198,4.662,0.018,0.000,0.000,0.000
4764,4.764000,454839.444661,-1052475.169851,-597635.725191,1.561523e-02,-1462.906106,590.735079,428.540453,0.186,10.759,0.018,0.000,0.000,0.000
4765,4.765000,454824.100303,-1052459.252922,-597635.152619,1.561617e-02,-1463.394304,590.773165,428.548074,0.185,4.660,0.017,0.000,0.000,0.000
4766,4.766000,454808.825309,-1052443.366348,-597634.541039,1.561718e-02,-1463.922347,590.834343,428.565046,0.209,12.242,0.018,0.000,0.000,0.000
4767,4.767000,454793.475451,-1052427.501314,-597634.025863,1.561803e-02,-1464.316748,590.873589,428.515589,0.187,4.605,0.017,0.000,0.000,0.000
4768,4.768000,454778.049013,-1052411.677539,-597633.628526,1.561868e-02,-1464.449706,590.855087,428.328607,0.181,10.716,0.018,0.000,0.000,0.000
4769,4.769000,454762.921575,-1052395.891238,-597632.969664,1.561977e-02,-1464.664189,590.838110,428.113931,0.183,4.657,0.017,0.000,0.000,0.000
4770,4.770000,454748.013003,-1052380.036874,-597632.023871,1.562132e-02,-1465.074650,590.051409,427.529379,0.180,9.215,0.019,0.000,0.000,0.000
4771,4.771000,454732.936444,-1052363.970512,-597631.034069,1.562295e-02,-1465.486918,588.567585,426.672596,0.180,4.675,0.018,0.000,0.000,0.000
4772,4.772000,454717.949391,-1052347.707899,-597629.758508,1.562506e-02,-1465.810188,586.898293,425.651897,0.178,10.648,0.018,0.000,0.000,0.000
4773,4.773000,454702.560267,-1052331.213892,-597628.653626,1.562688e-02,-1466.235338,585.985401,425.039354,0.178,4.682,0.017,0.000,0.000,0.000
4774,4.774000,454687.822556,-1052314.745081,-597626.922525,1.562973e-02,-1466.784400,584.744617,424.058826,0.177,10.743,0.020,0.000,0.000,0.000
4775,4.775000,454672.561234,-1052297.978786,-597625.417552,1.563221e-02,-1467.058083,583.049063,422.902466,0.238,12.283,0.019,0.000,0.000,0.000
4776,4.776000,454656.007436,-1052281.174841,-597625.167405,1.563262e-02,-1467.150155,582.627537,422.675886,0.225,4.664,0.019,0.000,0.000,0.000
4777,4.777000,454639.693665,-1052264.416406,-597624.722741,1.563335e-02,-1467.427885,582.603791,422.505173,0.196,10.681,0.020,0.000,0.000,0.000
4778,4.778000,454624.161882,-1052247.665792,-597623.503910,1.563536e-02,-1467.897399,581.269418,421.224456,0.191,4.679,0.018,0.000,0.000,0.000
4779,4.779000,454609.049405,-1052230.593248,-597621.543843,1.563859e-02,-1468.522665,578.732271,418.908204,0.185,10.738,0.018,0.000,0.000,0.000
4780,4.780000,454592.817966,-1052213.201701,-597620.383735,1.564050e-02,-1468.867661,577.591610,417.747283,0.178,4.663,0.017,0.000,0.000,0.000
4781,4.781000,454576.622407,-1052195.862209,-597619.239802,1.564238e-02,-1469.443076,576.456790,416.849818,0.182,10.694,0.017,0.000,0.000,0.000
4782,4.782000,454560.355217,-1052178.185330,-597617.830112,1.564470e-02,-1470.357536,574.945358,415.917457,0.177,4.660,0.018,0.000,0.000,0.000
4783,4.783000,454543.382085,-1052160.423104,-597617.041019,1.564600e-02,-1471.169034,574.721522,415.298131,0.177,10.659,0.019,0.000,0.000,0.000
4784,4.784000,454526.108169,-1052142.642992,-597616.534823,1.564684e-02,-1471.709893,574.808392,414.680120,0.172,4.618,0.017,0.000,0.000,0.000
4785,4.785000,454508.650665,-1052124.910596,-597616.259931,1.564729e-02,-1471.880201,574.848336,414.545682,0.186,10.752,0.025,0.000,0.000,0.000
4786,4.786000,454491.252278,-1052107.220710,-597615.968432,1.564777e-02,-1472.028861,574.907045,414.396873,0.192,4.683,0.018,0.000,0.000,0.000
4787,4.787000,454473.916001,-1052089.574176,-597615.658175,1.564828e-02,-1472.170526,574.919258,414.250533,0.176,4.315,0.018,0.000,0.000,0.000
4788,4.788000,454456.643810,-1052071.973751,-597615.329941,1.564882e-02,-1472.301244,574.924325,414.047224,0.182,10.719,0.019,0.000,0.000,0.000
4789,4.789000,454439.397251,-1052054.412533,-597615.015282,1.564934e-02,-1472.402311,574.981215,413.849969,0.177,4.603,0.020,0.000,0.000,0.000
4790,4.790000,454422.152459,-1052036.895193,-597614.742734,1.564979e-02,-1472.509423,575.002553,413.703725,0.175,4.607,0.018,0.000,0.000,0.000
4791,4.791000,454404.878875,-1052019.421995,-597614.543120,1.565012e-02,-1472.641002,574.997897,413.560019,0.174,4.607,0.018,0.000,0.000,0.000
4792,4.792000,454387.647844,-1052001.999683,-597614.351839,1.565043e-02,-1472.787439,575.011298,413.433332,0.179,9.218,0.017,0.000,0.000,0.000
4793,4.793000,454370.546115,-1051984.628090,-597614.081975,1.565088e-02,-1472.923253,575.027933,413.354105,0.178,4.614,0.019,0.000,0.000,0.000
4794,4.794000,454353.584680,-1051967.309800,-597613.725120,1.565146e-02,-1473.064297,575.070799,413.273780,0.173,12.246,0.017,0.000,0.000,0.000
4795,4.795000,454336.544686,-1051950.039933,-597613.495246,1.565184e-02,-1473.194887,575.090500,413.201676,0.174,4.674,0.018,0.000,0.000,0.000
4796,4.796000,454319.478601,-1051932.822803,-597613.344201,1.565209e-02,-1473.322647,575.090251,413.138906,0.174,13.793,0.017,0.000,0.000,0.000
4797,4.797000,454302.540039,-1051915.656187,-597613.116148,1.565247e-02,-1473.490493,575.149879,413.002571,0.216,4.630,0.023,0.000,0.000,0.000
4798,4.798000,454285.645048,-1051898.536242,-597612.891194,1.565284e-02,-1473.652988,575.208355,412.863487,0.208,10.251,0.019,0.000,0.000,0.000
4799,4.799000,454268.766851,-1051881.467902,-597612.701051,1.565315e-02,-1473.797617,575.220207,412.733917,0.196,6.220,0.023,0.000,0.000,0.000
4800,4.800000,454251.935513,-1051864.448588,-597612.513075,1.565346e-02,-1473.912851,575.219581,412.587372,0.183,6.109,0.020,0.000,0.000,0.000
4801,4.801000,454235.191494,-1051847.476659,-597612.285165,1.565384e-02,-1474.059899,575.250328,412.461078,0.226,9.233,0.023,0.000,0.000,0.000
4802,4.802000,454218.415922,-1051830.552410,-597612.136489,1.565408e-02,-1474.186304,575.266731,412.310071,0.201,4.590,0.017,0.000,0.000,0.000
4803,4.803000,454201.610315,-1051813.675622,-597612.065307,1.565420e-02,-1474.191766,575.230805,412.129754,0.193,9.148,0.018,0.000,0.000,0.000
4804,4.804000,454184.913768,-1051796.841835,-597611.928067,1.565442e-02,-1474.222223,575.207977,412.012611,0.188,10.584,0.017,0.000,0.000,0.000
4805,4.805000,454168.352817,-1051780.060653,-597611.707836,1.565479e-02,-1474.352364,575.212823,411.899968,0.210,4.686,0.019,0.000,0.000,0.000
4806,4.806000,454151.863614,-1051763.316251,-597611.452637,1.565521e-02,-1474.495857,575.202821,411.754896,0.182,10.706,0.021,0.000,0.000,0.000
4807,4.807000,454135.504173,-1051746.610317,-597611.106144,1.565578e-02,-1474.583995,575.129947,411.613686,0.199,4.680,0.020,0.000,0.000,0.000
4808,4.808000,454119.214166,-1051729.944928,-597610.730762,1.565640e-02,-1474.640321,575.077785,411.514301,0.177,4.620,0.017,0.000,0.000,0.000
4809,4.809000,454103.067263,-1051713.323141,-597610.255878,1.565718e-02,-1474.950361,575.248705,411.437000,0.177,12.791,0.016,0.000,0.000,0.000
4810,4.810000,454086.876840,-1051696.699723,-597609.822883,1.565789e-02,-1475.265655,575.429733,411.379107,0.194,4.683,0.020,0.000,0.000,0.000
4811,4.811000,454070.629223,-1051680.131046,-597609.501823,1.565842e-02,-1475.343732,575.466109,411.361873,0.189,13.783,0.018,0.000,0.000,0.000
4812,4.812000,454054.431238,-1051663.617085,-597609.185847,1.565894e-02,-1475.385705,575.467443,411.344465,0.185,4.610,0.018,0.000,0.000,0.000
4813,4.813000,454038.298873,-1051647.156613,-597608.857741,1.565948e-02,-1475.356617,575.451639,411.268166,0.185,10.384,0.021,0.000,0.000,0.000
4814,4.814000,454022.263248,-1051630.739947,-597608.476700,1.566011e-02,-1475.348391,575.446828,411.176077,0.219,6.207,0.023,0.000,0.000,0.000
4815,4.815000,454006.223560,-1051614.375643,-597608.152083,1.566064e-02,-1475.373692,575.426034,411.111258,0.200,6.165,0.020,0.000,0.000,0.000
4816,4.816000,453990.188338,-1051598.058108,-597607.869769,1.566111e-02,-1474.620695,574.996513,410.974040,0.186,7.640,0.022,0.000,0.000,0.000
4817,4.817000,453974.224469,-1051581.691828,-597607.467359,1.566177e-02,-1473.888859,574.745243,410.511227,0.179,7.625,0.017,0.000,0.000,0.000
4818,4.818000,453958.370600,-1051565.359795,-597606.989195,1.566256e-02,-1473.900292,574.916383,409.898919,0.191,4.686,0.023,0.000,0.000,0.000
4819,4.819000,453942.398301,-1051549.061081,-597606.662780,1.566310e-02,-1473.834242,574.883626,409.584110,0.181,11.795,0.019,0.000,0.000,0.000
4820,4.820000,453926.435755,-1051532.809671,-597606.373916,1.566357e-02,-1473.835850,574.800462,409.444228,0.178,4.590,0.024,0.000,0.000,0.000
4821,4.821000,453910.625384,-1051516.609320,-597605.983937,1.566422e-02,-1473.911196,574.710679,409.286321,0.175,4.610,0.018,0.000,0.000,0.000
4822,4.822000,453894.884619,-1051500.455201,-597605.570582,1.566490e-02,-1473.938177,574.653485,409.114108,0.236,4.607,0.028,0.000,0.000,0.000
4823,4.823000,453879.169813,-1051484.346319,-597605.176506,1.566555e-02,-1474.007426,574.629128,408.998023,0.174,7.711,0.018,0.000,0.000,0.000
4824,4.824000,453863.420766,-1051468.271332,-597604.850566,1.566608e-02,-1474.035092,574.648056,408.907152,0.181,4.612,0.020,0.000,0.000,0.000
4825,4.825000,453847.711506,-1051452.243910,-597604.532404,1.566661e-02,-1474.062482,574.727334,408.874860,0.172,7.641,0.023,0.000,0.000,0.000
4826,4.826000,453831.991206,-1051436.261547,-597604.270341,1.566704e-02,-1474.085691,574.777832,408.798707,0.174,4.594,0.017,0.000,0.000,0.000
4827,4.827000,453816.207499,-1051420.329540,-597604.122042,1.566728e-02,-1474.030330,574.737057,408.556786,0.177,9.171,0.024,0.000,0.000,0.000
4828,4.828000,453800.550748,-1051404.440950,-597603.890202,1.566766e-02,-1474.007427,574.666791,408.353017,0.180,4.692,0.020,0.000,0.000,0.000
4829,4.829000,453784.980006,-1051388.603787,-597603.623780,1.566810e-02,-1473.960348,574.639280,408.249884,0.184,4.613,0.019,0.000,0.000,0.000
4830,4.830000,453769.444927,-1051372.822439,-597603.377511,1.566851e-02,-1473.887588,574.547041,407.995633,0.171,13.679,0.019,0.000,0.000,0.000
4831,4.831000,453753.944679,-1051357.080065,-597603.135386,1.566891e-02,-1473.837366,574.418849,407.621378,0.172,10.673,0.017,0.000,0.000,0.000
4832,4.832000,453738.837056,-1051341.380541,-597602.543484,1.566988e-02,-1474.250814,574.567102,407.604493,0.181,4.677,0.020,0.000,0.000,0.000
4833,4.833000,453723.773896,-1051325.682607,-597601.908711,1.567093e-02,-1474.723736,574.716623,407.546036,0.178,4.604,0.018,0.000,0.000,0.000
4834,4.834000,453708.357107,-1051310.027801,-597601.670694,1.567132e-02,-1474.797225,574.720670,407.234314,0.176,10.738,0.019,0.000,0.000,0.000
4835,4.835000,453693.004521,-1051294.419180,-597601.414658,1.567174e-02,-1474.726699,574.667936,406.877910,0.182,4.673,0.020,0.000,0.000,0.000
4836,4.836000,453677.699757,-1051278.845507,-597601.145751,1.567218e-02,-1471.541032,573.444006,406.484489,0.172,6.178,0.017,0.000,0.000,0.000
4837,4.837000,453662.087073,-1051262.877225,-597600.790152,1.567277e-02,-1468.057570,572.175339,405.948978,0.206,6.186,0.020,0.000,0.000,0.000
4838,4.838000,453646.603862,-1051246.902865,-597600.299003,1.567358e-02,-1467.725182,572.038487,405.497119,0.203,6.106,0.019,0.000,0.000,0.000
4839,4.839000,453631.368542,-1051230.972666,-597599.604125,1.567472e-02,-1467.612278,571.785757,405.210418,0.191,6.140,0.023,0.000,0.000,0.000
4840,4.840000,453616.450581,-1051215.062102,-597598.611521,1.567636e-02,-1467.202983,571.334209,404.909675,0.180,6.178,0.018,0.000,0.000,0.000
4841,4.841000,453601.325282,-1051199.177311,-597597.852029,1.567761e-02,-1467.028878,571.149178,404.807140,0.213,10.685,0.020,0.000,0.000,0.000
4842,4.842000,453585.953983,-1051183.340292,-597597.386309,1.567838e-02,-1467.129971,571.198763,404.745903,0.257,4.687,0.023,0.000,0.000,0.000
4843,4.843000,453570.639224,-1051167.549471,-597596.910247,1.567916e-02,-1467.257800,571.251820,404.677404,0.241,4.683,0.023,0.000,0.000,0.000
4844,4.844000,453555.358114,-1051151.808123,-597596.450008,1.567992e-02,-1467.370511,571.276308,404.490133,0.204,10.644,0.023,0.000,0.000,0.000
4845,4.845000,453540.261123,-1051136.110083,-597595.848960,1.568091e-02,-1467.437071,571.313097,404.331310,0.224,4.614,0.018,0.000,0.000,0.000
4846,4.846000,453525.128878,-1051120.467861,-597595.338982,1.568175e-02,-1467.647901,571.348303,404.296825,0.202,13.334,0.019,0.000,0.000,0.000
4847,4.847000,453509.908082,-1051104.873454,-597594.965373,1.568236e-02,-1467.822610,571.352556,404.224586,0.195,4.684,0.018,0.000,0.000,0.000
4848,4.848000,453494.732789,-1051089.332019,-597594.599230,1.568297e-02,-1467.884437,571.398894,404.215899,0.201,12.197,0.020,0.000,0.000,0.000
4849,4.849000,453479.550811,-1051073.853505,-597594.302694,1.568346e-02,-1467.967600,571.427709,404.096212,0.195,4.598,0.020,0.000,0.000,0.000
4850,4.850000,453464.398869,-1051058.419200,-597594.020331,1.568392e-02,-1468.008318,571.451243,403.768380,0.186,6.217,0.017,0.000,0.000,0.000
4851,4.851000,453449.294656,-1051043.026732,-597593.732077,1.568440e-02,-1468.015659,571.472300,403.432445,0.181,6.128,0.018,0.000,0.000,0.000
4852,4.852000,453434.201317,-1051027.688584,-597593.487267,1.568480e-02,-1468.024849,571.440837,403.106444,0.195,6.118,0.023,0.000,0.000,0.000
4853,4.853000,453419.268446,-1051012.408567,-597593.140121,1.568537e-02,-1468.063170,571.419826,402.775239,0.181,6.135,0.017,0.000,0.000,0.000
4854,4.854000,453404.485805,-1050997.186550,-597592.700745,1.568609e-02,-1468.093292,571.376853,402.454955,0.233,6.207,0.025,0.000,0.000,0.000
4855,4.855000,453389.715648,-1050982.025947,-597592.310299,1.568674e-02,-1468.104378,571.342873,402.273896,0.200,10.736,0.018,0.000,0.000,0.000
4856,4.856000,453375.065700,-1050966.934534,-597591.868834,1.568746e-02,-1468.161382,571.347851,402.226976,0.196,4.201,0.024,0.000,0.000,0.000
4857,4.857000,453360.495079,-1050951.909814,-597591.414734,1.568821e-02,-1468.247774,571.353298,402.165289,0.183,10.692,0.019,0.000,0.000,0.000
4858,4.858000,453345.891734,-1050936.950324,-597591.058590,1.568880e-02,-1468.405315,571.321837,402.102239,0.186,4.675,0.018,0.000,0.000,0.000
4859,4.859000,453331.396781,-1050922.051068,-597590.654286,1.568947e-02,-1468.691869,571.284763,402.099843,0.221,4.679,0.017,0.000,0.000,0.000
4860,4.860000,453317.078739,-1050907.203081,-597590.124342,1.569034e-02,-1468.982696,571.253681,402.100390,0.178,12.165,0.017,0.000,0.000,0.000
4861,4.861000,453302.733132,-1050892.414144,-597589.681012,1.569107e-02,-1469.162921,571.218847,402.045326,0.207,4.675,0.019,0.000,0.000,0.000
4862,4.862000,453288.480791,-1050877.694947,-597589.214155,1.569184e-02,-1469.283909,571.269971,401.798404,0.178,13.676,0.017,0.000,0.000,0.000
4863,4.863000,453274.327114,-1050863.030347,-597588.703234,1.569268e-02,-1469.370958,571.329535,401.517674,0.178,6.196,0.018,0.000,0.000,0.000
4864,4.864000,453260.113934,-1050848.432782,-597588.318848,1.569331e-02,-1469.390944,571.323977,401.406084,0.174,4.482,0.017,0.000,0.000,0.000
4865,4.865000,453245.962251,-1050833.900456,-597587.938205,1.569394e-02,-1469.441214,571.326885,401.335734,0.175,10.679,0.017,0.000,0.000,0.000
4866,4.866000,453231.862802,-1050819.439729,-597587.576927,1.569453e-02,-1469.479849,571.315711,401.245159,0.213,4.613,0.019,0.000,0.000,0.000
4867,4.867000,453217.806960,-1050805.045254,-597587.238294,1.569509e-02,-1469.327523,571.241199,401.134611,0.229,10.711,0.022,0.000,0.000,0.000
4868,4.868000,453203.822919,-1050790.717231,-597586.894311,1.569566e-02,-1469.197012,571.128822,401.057583,0.230,4.292,0.027,0.000,0.000,0.000
4869,4.869000,453189.923969,-1050776.460696,-597586.536727,1.569625e-02,-1469.207562,571.084764,400.979036,0.225,12.247,0.022,0.000,0.000,0.000
4870,4.870000,453176.070984,-1050762.277558,-597586.206574,1.569679e-02,-1469.240102,571.067604,400.867296,0.224,4.690,0.023,0.000,0.000,0.000
4871,4.871000,453162.265657,-1050748.163829,-597585.898172,1.569730e-02,-1469.320696,571.025341,400.790090,0.210,13.532,0.021,0.000,0.000,0.000
4872,4.872000,453148.524011,-1050734.125170,-597585.601159,1.569779e-02,-1469.412072,571.002620,400.744178,0.233,9.168,0.021,0.000,0.000,0.000
4873,4.873000,453134.837652,-1050720.160764,-597585.323113,1.569825e-02,-1469.522454,570.970376,400.665759,0.241,4.605,0.024,0.000,0.000,0.000
4874,4.874000,453121.161719,-1050706.267541,-597585.105823,1.569860e-02,-1469.588213,570.908042,400.579040,0.206,7.701,0.017,0.000,0.000,0.000
4875,4.875000,453107.458038,-1050692.445583,-597584.987545,1.569880e-02,-1469.593741,570.827846,400.429066,0.190,4.612,0.018,0.000,0.000,0.000
4876,4.876000,453093.765411,-1050678.695517,-597584.930106,1.569889e-02,-1469.560991,570.729416,400.154984,0.199,12.265,0.019,0.000,0.000,0.000
4877,4.877000,453080.212741,-1050665.012346,-597584.799606,1.569911e-02,-1469.416502,570.624328,399.892064,0.222,4.603,0.020,0.000,0.000,0.000
4878,4.878000,453066.869194,-1050651.397695,-597584.528501,1.569956e-02,-1469.211038,570.541683,399.707851,0.226,10.750,0.021,0.000,0.000,0.000
4879,4.879000,453053.556334,-1050637.851467,-597584.295133,1.569994e-02,-1469.056453,570.487815,399.555272,0.222,9.142,0.020,0.000,0.000,0.000
4880,4.880000,453040.263630,-1050624.379773,-597584.116144,1.570023e-02,-1469.083579,570.458346,399.361019,0.231,4.672,0.021,0.000,0.000,0.000
4881,4.881000,453027.053121,-1050610.971624,-597583.918503,1.570056e-02,-1469.181770,570.423995,399.065037,0.225,10.741,0.029,0.000,0.000,0.000
4882,4.882000,453013.897546,-1050597.640276,-597583.742730,1.570085e-02,-1469.204257,570.354950,398.707106,0.212,4.663,0.022,0.000,0.000,0.000
4883,4.883000,453000.877810,-1050584.383642,-597583.505832,1.570124e-02,-1469.233624,570.281900,398.334429,0.199,4.691,0.025,0.000,0.000,0.000
4884,4.884000,452988.092027,-1050571.204024,-597583.111997,1.570189e-02,-1469.288881,570.381609,397.597583,0.188,10.660,0.017,0.000,0.000,0.000
4885,4.885000,452975.219847,-1050558.081480,-597582.861633,1.570230e-02,-1469.353610,570.472475,396.854961,0.199,4.615,0.018,0.000,0.000,0.000
4886,4.886000,452962.287995,-1050545.037609,-597582.749613,1.570249e-02,-1469.410774,570.536842,396.112118,0.195,13.716,0.017,0.000,0.000,0.000
4887,4.887000,452949.491914,-1050532.052482,-597582.560569,1.570280e-02,-1469.451473,570.651365,395.544878,0.184,9.217,0.018,0.000,0.000,0.000
4888,4.888000,452936.741499,-1050519.161965,-597582.420465,1.570303e-02,-1469.433173,570.663314,395.498651,0.182,4.609,0.016,0.000,0.000,0.000
4889,4.889000,452924.136586,-1050506.363483,-597582.226897,1.570335e-02,-1469.433733,570.749985,394.845285,0.183,6.189,0.017,0.000,0.000,0.000
4890,4.890000,452911.626305,-1050493.624416,-597581.998111,1.570372e-02,-1469.479755,570.824588,394.136364,0.192,12.266,0.018,0.000,0.000,0.000
4891,4.891000,452899.202577,-1050480.976636,-597581.774058,1.570409e-02,-1469.525187,570.785167,393.841108,0.181,4.609,0.017,0.000,0.000,0.000
4892,4.892000,452886.793064,-1050468.411337,-597581.618273,1.570435e-02,-1469.577657,570.766587,393.532887,0.178,6.180,0.016,0.000,0.000,0.000
4893,4.893000,452874.390311,-1050455.937583,-597581.547272,1.570447e-02,-1469.621706,570.777000,393.358417,0.183,6.188,0.017,0.000,0.000,0.000
4894,4.894000,452862.089898,-1050443.561347,-597581.471449,1.570459e-02,-1469.562664,570.751030,393.154729,0.258,6.129,0.021,0.000,0.000,0.000
4895,4.895000,452849.918956,-1050431.268262,-597581.349306,1.570479e-02,-1469.452361,570.732525,392.952614,0.264,10.665,0.035,0.000,0.000,0.000
4896,4.896000,452837.912999,-1050419.070858,-597581.157859,1.570511e-02,-1469.433780,570.746325,392.817784,0.366,4.319,0.032,0.000,0.000,0.000
4897,4.897000,452826.011963,-1050406.972741,-597580.960779,1.570543e-02,-1469.450364,570.795585,392.772592,0.267,13.274,0.039,0.000,0.000,0.000
4898,4.898000,452814.226881,-1050394.976656,-597580.749775,1.570578e-02,-1469.448786,570.926404,392.723138,0.232,4.687,0.020,0.000,0.000,0.000
4899,4.899000,452802.536269,-1050383.083055,-597580.546786,1.570611e-02,-1469.423825,571.057377,392.667515,0.227,12.289,0.024,0.000,0.000,0.000
4900,4.900000,452790.485111,-1050371.293101,-597580.807990,1.570568e-02,-1468.574151,570.652081,392.554021,0.219,4.599,0.024,0.000,0.000,0.000
4901,4.901000,452778.464353,-1050359.489476,-597581.025122,1.570533e-02,-1467.752258,570.269131,392.459841,0.226,6.205,0.021,0.000,0.000,0.000
4902,4.902000,452766.953592,-1050347.785534,-597580.831941,1.570564e-02,-1467.713542,570.322058,392.495965,0.213,4.604,0.019,0.000,0.000,0.000
4903,4.903000,452755.506734,-1050336.189219,-597580.682485,1.570589e-02,-1467.637529,570.364148,392.526149,0.249,7.633,0.040,0.000,0.000,0.000
4904,4.904000,452744.347491,-1050324.695113,-597580.347622,1.570644e-02,-1467.597113,570.401046,392.486300,0.239,4.617,0.019,0.000,0.000,0.000
4905,4.905000,452733.465879,-1050313.308866,-597579.842987,1.570727e-02,-1466.974717,571.085147,393.493488,0.205,7.731,0.018,0.000,0.000,0.000
4906,4.906000,452722.421652,-1050301.888909,-597579.467257,1.570789e-02,-1466.365980,571.839364,394.567877,0.209,4.695,0.024,0.000,0.000,0.000
4907,4.907000,452711.361310,-1050290.577956,-597579.216645,1.570830e-02,-1466.315244,571.910095,394.556312,0.201,7.741,0.019,0.000,0.000,0.000
4908,4.908000,452700.397151,-1050279.375080,-597578.977929,1.570870e-02,-1466.252730,571.940557,394.542987,0.200,7.629,0.019,0.000,0.000,0.000
4909,4.909000,452689.702554,-1050268.291040,-597578.588486,1.570934e-02,-1465.733080,571.552622,394.407757,0.197,4.605,0.018,0.000,0.000,0.000
4910,4.910000,452679.134277,-1050257.274730,-597578.140452,1.571008e-02,-1465.169371,571.167598,394.263380,0.198,10.770,0.019,0.000,0.000,0.000
4911,4.911000,452668.347867,-1050246.362206,-597578.014339,1.571028e-02,-1464.841687,571.122538,394.145459,0.195,4.606,0.019,0.000,0.000,0.000
4912,4.912000,452657.665007,-1050235.538614,-597577.873607,1.571052e-02,-1464.246222,570.977573,393.982718,0.185,4.675,0.018,0.000,0.000,0.000
4913,4.913000,452647.048938,-1050224.794528,-597577.745589,1.571073e-02,-1463.670174,570.893326,393.840275,0.186,4.607,0.021,0.000,0.000,0.000
4914,4.914000,452636.881895,-1050214.135698,-597577.253803,1.571154e-02,-1463.532527,571.199828,393.610555,0.182,7.702,0.018,0.000,0.000,0.000
4915,4.915000,452627.268942,-1050203.516297,-597576.247354,1.571320e-02,-1463.940392,571.758090,393.233133,0.178,4.694,0.017,0.000,0.000,0.000
4916,4.916000,452617.634544,-1050192.959231,-597575.324687,1.571472e-02,-1464.189547,572.116672,392.679073,0.190,9.248,0.019,0.000,0.000,0.000
4917,4.917000,452607.850186,-1050182.423618,-597574.573432,1.571595e-02,-1464.360421,572.418743,392.147754,0.223,4.683,0.022,0.000,0.000,0.000
4918,4.918000,452598.068401,-1050171.956322,-597573.887921,1.571708e-02,-1464.807829,572.797605,391.665098,0.202,10.682,0.019,0.000,0.000,0.000
4919,4.919000,452588.417261,-1050161.562550,-597573.145289,1.571830e-02,-1465.216865,573.193118,391.252558,0.204,4.633,0.018,0.000,0.000,0.000
4920,4.920000,452578.668328,-1050151.221878,-597572.553550,1.571928e-02,-1465.624677,573.546760,390.908053,0.192,4.677,0.018,0.000,0.000,0.000
4921,4.921000,452568.810814,-1050140.955205,-597572.144390,1.571995e-02,-1466.018414,573.808996,390.525492,0.231,10.711,0.022,0.000,0.000,0.000
4922,4.922000,452559.089925,-1050130.763636,-597571.673711,1.572073e-02,-1466.435160,574.126480,390.141571,0.214,4.619,0.017,0.000,0.000,0.000
4923,4.923000,452549.509363,-1050120.634673,-597571.125310,1.572163e-02,-1466.858233,574.476071,389.692561,0.192,4.598,0.018,0.000,0.000,0.000
4924,4.924000,452540.032949,-1050110.571982,-597570.539033,1.572260e-02,-1467.263112,574.832344,389.272234,0.196,4.616,0.018,0.000,0.000,0.000
4925,4.925000,452530.478344,-1050100.576385,-597570.098041,1.572332e-02,-1467.504653,575.062349,389.149244,0.184,9.206,0.017,0.000,0.000,0.000
4926,4.926000,452520.805523,-1050090.695564,-597569.890041,1.572367e-02,-1467.527890,575.162957,389.256425,0.196,4.684,0.017,0.000,0.000,0.000
4927,4.927000,452511.677421,-1050080.931387,-597569.253966,1.572471e-02,-1467.835708,575.451235,389.003730,0.192,10.749,0.018,0.000,0.000,0.000
4928,4.928000,452503.076434,-1050071.234102,-597568.157668,1.572652e-02,-1468.421636,575.934345,388.439677,0.198,4.693,0.020,0.000,0.000,0.000
4929,4.929000,452494.507544,-1050061.588566,-597567.081022,1.572829e-02,-1468.884566,576.391158,387.949336,0.194,10.676,0.019,0.000,0.000,0.000
4930,4.930000,452486.013748,-1050051.986750,-597565.973003,1.573012e-02,-1469.321244,576.715515,387.411347,0.189,4.675,0.019,0.000,0.000,0.000
4931,4.931000,452477.689151,-1050042.432105,-597564.742954,1.573214e-02,-1469.816150,577.066617,386.874671,0.187,13.468,0.019,0.000,0.000,0.000
4932,4.932000,452469.216333,-1050032.924061,-597563.707727,1.573385e-02,-1470.302383,577.471201,386.355466,0.191,10.699,0.018,0.000,0.000,0.000
4933,4.933000,452460.629496,-1050023.478261,-597562.848764,1.573526e-02,-1470.834741,577.828537,385.765528,0.178,4.681,0.017,0.000,0.000,0.000
4934,4.934000,452452.326265,-1050014.098388,-597561.772124,1.573704e-02,-1471.118821,578.338140,385.528809,0.216,4.622,0.019,0.000,0.000,0.000
4935,4.935000,452444.068183,-1050004.723888,-597560.655704,1.573888e-02,-1471.279816,578.821032,385.285982,0.205,10.739,0.018,0.000,0.000,0.000
4936,4.936000,452435.603919,-1049995.399348,-597559.795429,1.574029e-02,-1471.518447,579.029845,384.661303,0.193,4.610,0.018,0.000,0.000,0.000
4937,4.937000,452426.883824,-1049986.123701,-597559.239877,1.574121e-02,-1471.651137,579.141676,384.308543,0.181,4.610,0.017,0.000,0.000,0.000
4938,4.938000,452418.804929,-1049976.949432,-597558.144502,1.574301e-02,-1471.962156,579.756635,384.140784,0.195,4.593,0.019,0.000,0.000,0.000
4939,4.939000,452410.823179,-1049967.748456,-597556.925277,1.574502e-02,-1472.199811,580.586854,383.995913,0.175,9.220,0.018,0.000,0.000,0.000
4940,4.940000,452402.345244,-1049958.570712,-597556.225469,1.574617e-02,-1472.151751,581.134057,384.156647,0.175,6.127,0.016,0.000,0.000,0.000
4941,4.941000,452393.853600,-1049949.429188,-597555.575588,1.574724e-02,-1472.352157,581.561954,384.057702,0.177,4.677,0.017,0.000,0.000,0.000
4942,4.942000,452385.410218,-1049940.367669,-597554.957452,1.574826e-02,-1472.510029,581.987502,383.932169,0.175,10.691,0.017,0.000,0.000,0.000
4943,4.943000,452376.878942,-1049931.329256,-597554.450314,1.574910e-02,-1472.639672,582.351443,383.845705,0.173,6.165,0.016,0.000,0.000,0.000
4944,4.944000,452368.270463,-1049922.370707,-597554.100243,1.574967e-02,-1472.880550,582.567498,383.477404,0.172,4.595,0.016,0.000,0.000,0.000
4945,4.945000,452359.787211,-1049913.483936,-597553.696725,1.575034e-02,-1472.963436,582.690394,383.272259,0.172,6.127,0.017,0.000,0.000,0.000
4946,4.946000,452351.563245,-1049904.709969,-597553.146723,1.575125e-02,-1473.585417,582.251777,382.643149,0.174,7.732,0.017,0.000,0.000,0.000
4947,4.947000,452343.561509,-1049895.934694,-597552.373185,1.575252e-02,-1474.341620,581.861444,381.899257,0.174,6.121,0.017,0.000,0.000,0.000
4948,4.948000,452336.036159,-1049887.192625,-597551.156466,1.575452e-02,-1474.883347,581.615439,381.342331,0.197,7.707,0.020,0.000,0.000,0.000
4949,4.949000,452328.817485,-1049878.445192,-597549.627707,1.575704e-02,-1475.746659,581.612729,380.710330,0.192,4.684,0.025,0.000,0.000,0.000
4950,4.950000,452321.819563,-1049869.723984,-597547.904421,1.575988e-02,-1476.724056,581.622499,380.192854,0.186,10.556,0.019,0.000,0.000,0.000
4951,4.951000,452314.987330,-1049860.960312,-597545.972982,1.576306e-02,-1477.858881,581.005091,379.474427,0.185,4.604,0.018,0.000,0.000,0.000
4952,4.952000,452307.732021,-1049852.180694,-597544.448673,1.576557e-02,-1478.848920,580.762390,378.893579,0.188,12.160,0.017,0.000,0.000,0.000
4953,4.953000,452301.157494,-1049843.454227,-597542.296733,1.576912e-02,-1480.136891,580.751960,378.121526,0.177,4.603,0.018,0.000,0.000,0.000
4954,4.954000,452294.719867,-1049834.640836,-597539.920970,1.577303e-02,-1481.540202,580.268040,377.174139,0.174,4.604,0.018,0.000,0.000,0.000
4955,4.955000,452287.637930,-1049825.792119,-597538.154190,1.577594e-02,-1482.554564,579.602829,376.503973,0.178,4.603,0.022,0.000,0.000,0.000
4956,4.956000,452281.167763,-1049816.916315,-597535.748553,1.577990e-02,-1483.955475,579.152799,375.404652,0.172,6.133,0.019,0.000,0.000,0.000
4957,4.957000,452274.129249,-1049807.948468,-597533.819219,1.578308e-02,-1485.077001,579.191124,374.528191,0.172,4.262,0.018,0.000,0.000,0.000
4958,4.958000,452267.124989,-1049799.028260,-597531.903270,1.578624e-02,-1486.213532,579.559873,373.906527,0.218,6.186,0.019,0.000,0.000,0.000
4959,4.959000,452260.094094,-1049790.055871,-597529.961777,1.578943e-02,-1487.173137,579.750117,373.572665,0.219,10.678,0.024,0.000,0.000,0.000
4960,4.960000,452252.067989,-1049781.077980,-597529.009992,1.579100e-02,-1487.473785,579.697368,373.661958,0.184,9.148,0.018,0.000,0.000,0.000
4961,4.961000,452244.207452,-1049772.094760,-597527.887308,1.579285e-02,-1487.975957,579.628000,373.381335,0.202,4.689,0.019,0.000,0.000,0.000
4962,4.962000,452236.349217,-1049763.126958,-597526.777741,1.579468e-02,-1488.604779,579.775269,373.183539,0.205,10.641,0.018,0.000,0.000,0.000
4963,4.963000,452229.321932,-1049754.215532,-597524.893600,1.579778e-02,-1489.671116,580.051094,372.702850,0.194,4.621,0.017,0.000,0.000,0.000
4964,4.964000,452223.652148,-1049745.249871,-597521.597722,1.580321e-02,-1491.197450,580.069534,371.427095,0.184,9.159,0.018,0.000,0.000,0.000
4965,4.965000,452216.856973,-1049736.196571,-597519.339599,1.580693e-02,-1492.214065,579.943655,370.548836,0.181,4.599,0.018,0.000,0.000,0.000
4966,4.966000,452208.602522,-1049727.167459,-597518.564937,1.580821e-02,-1492.495188,579.883771,370.317653,0.186,4.620,0.018,0.000,0.000,0.000
4967,4.967000,452200.512348,-1049718.200195,-597517.687847,1.580965e-02,-1492.769166,579.361972,369.968441,0.206,13.772,0.018,0.000,0.000,0.000
4968,4.968000,452193.615166,-1049709.266679,-597515.651513,1.581300e-02,-1493.749792,578.790979,368.998476,0.188,6.008,0.017,0.000,0.000,0.000
4969,4.969000,452187.247347,-1049700.259681,-597513.012334,1.581735e-02,-1495.030936,579.036870,367.820902,0.177,6.116,0.017,0.000,0.000,0.000
4970,4.970000,452180.467132,-1049691.236284,-597510.769152,1.582105e-02,-1496.117733,579.697889,366.881624,0.181,6.113,0.017,0.000,0.000,0.000
4971,4.971000,452173.630992,-1049682.192028,-597508.561037,1.582468e-02,-1497.327123,580.357336,365.987974,0.188,4.134,0.018,0.000,0.000,0.000
4972,4.972000,452167.202360,-1049673.123826,-597505.921466,1.582903e-02,-1498.387640,581.509958,365.493687,0.186,6.190,0.018,0.000,0.000,0.000
4973,4.973000,452161.156009,-1049663.929414,-597502.773405,1.583422e-02,-1499.152078,583.142826,365.333477,0.190,11.951,0.019,0.000,0.000,0.000
4974,4.974000,452154.784072,-1049654.607987,-597499.823915,1.583907e-02,-1500.112338,584.439363,364.645354,0.178,4.667,0.019,0.000,0.000,0.000
4975,4.975000,452148.046396,-1049645.252719,-597497.206324,1.584339e-02,-1501.235473,585.286846,363.531197,0.223,11.934,0.020,0.000,0.000,0.000
4976,4.976000,452141.250913,-1049635.842664,-597494.591751,1.584769e-02,-1502.345151,586.084039,362.520905,0.200,6.117,0.021,0.000,0.000,0.000
4977,4.977000,452134.456468,-1049626.387560,-597491.931092,1.585208e-02,-1503.511033,586.992130,361.521440,0.195,4.378,0.024,0.000,0.000,0.000
4978,4.978000,452127.699982,-1049616.895344,-597489.195362,1.585658e-02,-1504.656057,587.897682,360.540699,0.182,4.605,0.018,0.000,0.000,0.000
4979,4.979000,452119.732349,-1049607.373094,-597487.640745,1.585914e-02,-1505.180854,588.341727,360.116053,0.182,9.155,0.016,0.000,0.000,0.000
4980,4.980000,452111.586143,-1049597.938476,-597486.352333,1.586126e-02,-1505.703778,588.713655,359.714316,0.193,4.368,0.021,0.000,0.000,0.000
4981,4.981000,452104.306752,-1049588.472234,-597484.165482,1.586487e-02,-1506.742831,589.264091,358.758359,0.188,12.255,0.018,0.000,0.000,0.000
4982,4.982000,452095.933030,-1049578.964923,-597483.031893,1.586673e-02,-1507.130043,589.448900,358.309121,0.176,4.677,0.017,0.000,0.000,0.000
4983,4.983000,452086.719195,-1049569.540823,-597482.821628,1.586708e-02,-1507.091064,589.370219,358.403985,0.202,4.683,0.018,0.000,0.000,0.000
4984,4.984000,452078.546945,-1049560.187658,-597481.640713,1.586902e-02,-1507.612016,589.440489,358.013314,0.173,10.753,0.017,0.000,0.000,0.000
4985,4.985000,452070.381930,-1049550.797608,-597480.415678,1.587104e-02,-1508.174469,589.502037,357.651894,0.183,4.689,0.018,0.000,0.000,0.000
4986,4.986000,452062.130919,-1049541.486928,-597479.356009,1.587279e-02,-1508.648756,589.597551,357.305245,0.178,12.267,0.016,0.000,0.000,0.000
4987,4.987000,452053.885675,-1049532.152235,-597478.266561,1.587458e-02,-1509.079965,589.622522,356.932770,0.187,4.691,0.022,0.000,0.000,0.000
4988,4.988000,452046.240175,-1049522.893702,-597476.653528,1.587724e-02,-1509.777591,589.680944,356.419389,0.178,10.659,0.018,0.000,0.000,0.000
4989,4.989000,452038.580040,-1049513.555589,-597474.975549,1.588000e-02,-1510.674341,589.935133,355.661667,0.182,4.589,0.017,0.000,0.000,0.000
4990,4.990000,452030.777340,-1049504.244169,-597473.466828,1.588249e-02,-1511.495089,590.435533,354.995572,0.192,10.736,0.025,0.000,0.000,0.000
4991,4.991000,452023.951047,-1049494.889710,-597470.938663,1.588665e-02,-1512.647336,591.324855,354.012507,0.184,4.260,0.019,0.000,0.000,0.000
4992,4.992000,452017.214338,-1049485.486269,-597468.271931,1.589105e-02,-1513.825333,592.272543,353.081920,0.176,4.675,0.018,0.000,0.000,0.000
4993,4.993000,452010.592326,-1049476.032963,-597465.440637,1.589571e-02,-1515.146551,593.280289,352.098996,0.177,13.666,0.018,0.000,0.000,0.000
4994,4.994000,452003.984196,-1049466.502045,-597462.517850,1.590052e-02,-1516.514364,594.359291,350.958193,0.182,6.196,0.021,0.000,0.000,0.000
4995,4.995000,451996.444276,-1049456.904421,-597460.460145,1.590391e-02,-1517.401720,595.028225,350.296399,0.175,6.193,0.018,0.000,0.000,0.000
4996,4.996000,451989.059916,-1049447.348741,-597458.288825,1.590749e-02,-1518.381786,595.661315,349.572385,0.172,7.630,0.017,0.000,0.000,0.000
4997,4.997000,451982.601287,-1049437.702733,-597455.101446,1.591274e-02,-1519.843284,596.876805,348.252651,0.190,7.628,0.020,0.000,0.000,0.000
4998,4.998000,451974.818618,-1049427.978228,-597453.159611,1.591594e-02,-1520.779855,597.608172,347.431942,0.222,4.696,0.020,0.000,0.000,0.000
4999,4.999000,451967.038639,-1049418.299136,-597451.260497,1.591907e-02,-1521.778771,598.308092,346.656602,0.210,10.651,0.019,0.000,0.000,0.000
5000,5.000000,451960.239139,-1049408.535685,-597448.296545,1.592395e-02,-1523.388046,599.516038,345.388400,0.186,4.614,0.018,0.000,0.000,0.000
