step,time,kinetic_energy,potential_energy,total_energy,energy_drift,px,py,pz,tree_build_ms,force_ms,integrate_ms,separation,orbital_period,eccentricity
1,0.001000,744225.746448,-1466418.482080,-722192.735631,0.000000e+00,-1139.992754,588.858574,581.589800,1.779,13.655,0.223,0.000,0.000,0.000
2,0.002000,744211.785834,-1466403.747450,-722191.961616,1.071758e-06,-1139.915946,588.698596,581.783410,0.268,9.239,0.030,0.000,0.000,0.000
3,0.003000,744197.874995,-1466388.270772,-722190.395777,3.239931e-06,-1140.520266,588.046550,582.495799,0.231,4.735,0.024,0.000,0.000,0.000
4,0.004000,744183.517967,-1466371.999234,-722188.481267,5.890898e-06,-1142.057339,586.943255,583.811424,0.223,7.635,0.029,0.000,0.000,0.000
5,0.005000,744167.137850,-1466354.897176,-722187.759326,6.890550e-06,-1143.117906,585.888147,584.877721,0.220,3.102,0.020,0.000,0.000,0.000
6,0.006000,744149.050641,-1466337.077311,-722188.026670,6.520366e-06,-1143.636417,585.258543,585.488987,0.261,9.181,0.040,0.000,0.000,0.000
7,0.007000,744130.254975,-1466318.563622,-722188.308647,6.129921e-06,-1143.909338,584.911524,585.908674,0.234,4.636,0.025,0.000,0.000,0.000
8,0.008000,744110.995398,-1466299.332620,-722188.337222,6.090354e-06,-1143.936789,584.489232,586.530312,0.223,6.276,0.023,0.000,0.000,0.000
9,0.009000,744091.683278,-1466279.399813,-722187.716535,6.949802e-06,-1144.195186,583.834554,587.212320,0.220,6.231,0.033,0.000,0.000,0.000
10,0.010000,744072.622898,-1466258.794853,-722186.171955,9.088538e-06,-1144.558828,582.946778,587.586214,0.205,7.638,0.022,0.000,0.000,0.000
11,0.011000,744052.606675,-1466237.537599,-722184.930924,1.080696e-05,-1144.610768,582.232227,587.876765,0.203,4.676,0.020,0.000,0.000,0.000
12,0.012000,744031.579948,-1466215.817088,-722184.237141,1.176762e-05,-1144.280401,581.881297,587.690278,0.204,10.747,0.019,0.000,0.000,0.000
13,0.013000,744010.062065,-1466193.630202,-722183.568137,1.269397e-05,-1143.855571,581.589429,587.306708,0.242,4.609,0.023,0.000,0.000,0.000
14,0.014000,743988.390083,-1466170.998008,-722182.607925,1.402355e-05,-1144.098421,580.937291,587.575656,0.200,9.002,0.021,0.000,0.000,0.000
15,0.015000,743967.549781,-1466147.871054,-722180.321272,1.718981e-05,-1144.374492,580.876517,586.975844,0.237,4.690,0.024,0.000,0.000,0.000
16,0.016000,743946.643466,-1466124.154855,-722177.511389,2.108058e-05,-1144.128893,581.195881,586.233733,0.212,7.656,0.024,0.000,0.000,0.000
17,0.017000,743925.156983,-1466100.043066,-722174.886084,2.471577e-05,-1144.012993,581.119278,586.337835,0.240,3.103,0.024,0.000,0.000,0.000
18,0.018000,743902.411004,-1466075.542741,-722173.131737,2.714496e-05,-1143.776849,580.633309,586.537003,0.205,10.513,0.027,0.000,0.000,0.000
19,0.019000,743878.121446,-1466050.602545,-722172.481099,2.804588e-05,-1143.494846,579.865707,586.974733,0.209,4.633,0.022,0.000,0.000,0.000
20,0.020000,743853.397481,-1466025.177811,-722171.780330,2.901622e-05,-1143.475728,579.466950,587.039093,0.197,6.215,0.023,0.000,0.000,0.000
21,0.021000,743828.570272,-1465999.224092,-722170.653819,3.057607e-05,-1143.277332,578.915664,587.134528,0.204,6.137,0.033,0.000,0.000,0.000
22,0.022000,743803.997696,-1465972.636885,-722168.639189,3.336567e-05,-1143.134706,578.448930,587.852289,0.188,7.722,0.020,0.000,0.000,0.000
23,0.023000,743778.706454,-1465945.366010,-722166.659556,3.610681e-05,-1143.378777,578.334662,588.677519,0.187,4.677,0.019,0.000,0.000,0.000
24,0.024000,743752.307141,-1465917.393647,-722165.086506,3.828497e-05,-1143.686203,578.462580,589.859775,0.192,10.737,0.020,0.000,0.000,0.000
25,0.025000,743725.596772,-1465888.558303,-722162.961532,4.122736e-05,-1144.065623,578.889339,591.063810,0.185,4.473,0.019,0.000,0.000,0.000
26,0.026000,743698.072161,-1465858.948259,-722160.876097,4.411500e-05,-1144.233851,578.943951,591.703086,0.198,6.220,0.023,0.000,0.000,0.000
27,0.027000,743669.321815,-1465828.603417,-722159.281603,4.632285e-05,-1144.081136,578.429083,592.107893,0.189,5.756,0.023,0.000,0.000,0.000
28,0.028000,743639.566074,-1465797.523834,-722157.957760,4.815594e-05,-1143.978547,578.025979,592.321283,0.206,3.116,0.023,0.000,0.000,0.000
29,0.029000,743608.751377,-1465765.791944,-722157.040567,4.942595e-05,-1143.969866,577.685747,592.655078,0.186,7.646,0.023,0.000,0.000,0.000
30,0.030000,743576.682978,-1465733.358751,-722156.675773,4.993107e-05,-1143.858492,577.044048,593.221683,0.194,10.750,0.025,0.000,0.000,0.000
31,0.031000,743544.187705,-1465700.208045,-722156.020340,5.083863e-05,-1143.780375,576.549999,593.931921,0.192,10.653,0.022,0.000,0.000,0.000
32,0.032000,743510.853269,-1465666.354285,-722155.501016,5.155773e-05,-1143.689577,576.062497,594.497937,0.237,4.692,0.026,0.000,0.000,0.000
33,0.033000,743476.040298,-1465631.830496,-722155.790198,5.115730e-05,-1143.526346,575.358974,594.943373,0.225,6.148,0.027,0.000,0.000,0.000
34,0.034000,743440.632687,-1465596.653945,-722156.021258,5.083736e-05,-1143.458793,574.984168,595.237560,0.202,7.667,0.027,0.000,0.000,0.000
35,0.035000,743405.137545,-1465560.896305,-722155.758760,5.120084e-05,-1143.428761,575.019805,595.638895,0.200,4.683,0.023,0.000,0.000,0.000
36,0.036000,743369.416936,-1465524.551199,-722155.134263,5.206556e-05,-1143.264064,574.635249,596.242534,0.191,6.123,0.024,0.000,0.000,0.000
37,0.037000,743333.008806,-1465487.618758,-722154.609952,5.279156e-05,-1142.890383,574.326797,596.282156,0.232,9.136,0.020,0.000,0.000,0.000
38,0.038000,743296.146443,-1465450.152954,-722154.006511,5.362712e-05,-1142.458251,574.143396,596.157578,0.224,4.708,0.023,0.000,0.000,0.000
39,0.039000,743258.990933,-1465412.074569,-722153.083636,5.490500e-05,-1142.206358,573.898713,596.259800,0.199,6.184,0.022,0.000,0.000,0.000
40,0.040000,743220.845976,-1465373.515824,-722152.669849,5.547796e-05,-1142.077271,573.499258,596.652377,0.261,6.206,0.031,0.000,0.000,0.000
41,0.041000,743181.721763,-1465334.437944,-722152.716181,5.541381e-05,-1142.073653,573.134609,597.136968,0.274,7.724,0.030,0.000,0.000,0.000
42,0.042000,743142.632868,-1465294.923409,-722152.290541,5.600318e-05,-1141.919800,572.864696,597.461715,0.245,7.664,0.036,0.000,0.000,0.000
43,0.043000,743103.011326,-1465254.909532,-722151.898206,5.654644e-05,-1141.560288,572.108181,598.006141,0.221,4.331,0.023,0.000,0.000,0.000
44,0.044000,743063.008163,-1465214.439884,-722151.431722,5.719236e-05,-1141.113433,571.633388,598.297824,0.214,10.427,0.021,0.000,0.000,0.000
45,0.045000,743022.751870,-1465173.436514,-722150.684644,5.822682e-05,-1140.731704,571.299496,598.513233,0.211,4.637,0.022,0.000,0.000,0.000
46,0.046000,742982.137369,-1465132.035005,-722149.897636,5.931657e-05,-1140.262014,570.856793,598.723669,0.222,8.837,0.024,0.000,0.000,0.000
47,0.047000,742941.704386,-1465090.159933,-722148.455548,6.131339e-05,-1139.739918,570.977893,598.183629,0.232,4.714,0.026,0.000,0.000,0.000
48,0.048000,742900.902087,-1465047.848471,-722146.946384,6.340309e-05,-1139.425231,570.987618,597.905328,0.256,7.660,0.028,0.000,0.000,0.000
49,0.049000,742859.499119,-1465005.146843,-722145.647723,6.520130e-05,-1139.019131,570.460670,598.157150,0.245,9.016,0.021,0.000,0.000,0.000
50,0.050000,742817.982116,-1464962.028155,-722144.046039,6.741911e-05,-1138.266182,569.857116,598.287254,0.213,3.108,0.029,0.000,0.000,0.000
51,0.051000,742776.180801,-1464918.481682,-722142.300882,6.983558e-05,-1137.524063,569.248435,598.462681,0.210,10.730,0.025,0.000,0.000,0.000
52,0.052000,742733.985468,-1464874.534695,-722140.549227,7.226105e-05,-1136.917726,568.674728,598.391488,0.205,3.095,0.018,0.000,0.000,0.000
53,0.053000,742691.340672,-1464830.113776,-722138.773105,7.472040e-05,-1136.350029,568.334124,598.089311,0.206,9.221,0.020,0.000,0.000,0.000
54,0.054000,742647.816313,-1464785.303989,-722137.487676,7.650029e-05,-1136.032900,568.377736,597.979287,0.194,4.695,0.019,0.000,0.000,0.000
55,0.055000,742604.015593,-1464740.165361,-722136.149768,7.835286e-05,-1135.367344,568.489698,597.944852,0.211,9.252,0.024,0.000,0.000,0.000
56,0.056000,742561.371099,-1464694.681988,-722133.310889,8.228377e-05,-1134.187424,568.268534,597.712151,0.231,7.657,0.023,0.000,0.000,0.000
57,0.057000,742518.455043,-1464648.759382,-722130.304339,8.644686e-05,-1133.143809,568.194318,597.498325,0.207,4.692,0.021,0.000,0.000,0.000
58,0.058000,742473.715583,-1464602.478576,-722128.762993,8.858112e-05,-1132.539544,568.321820,597.329798,0.240,9.172,0.019,0.000,0.000,0.000
59,0.059000,742428.630330,-1464555.997007,-722127.366677,9.051456e-05,-1132.243907,568.419365,597.227622,0.205,4.661,0.022,0.000,0.000,0.000
60,0.060000,742383.705399,-1464509.303855,-722125.598456,9.296296e-05,-1132.199242,568.787984,597.549913,0.195,9.145,0.023,0.000,0.000,0.000
61,0.061000,742338.424708,-1464462.353731,-722123.929023,9.527458e-05,-1131.982355,568.617746,597.691954,0.192,4.687,0.022,0.000,0.000,0.000
62,0.062000,742291.683786,-1464415.101513,-722123.417727,9.598256e-05,-1131.428668,567.333244,597.320893,0.201,9.231,0.024,0.000,0.000,0.000
63,0.063000,742244.036233,-1464367.308815,-722123.272582,9.618353e-05,-1130.786924,565.881360,596.981006,0.191,7.661,0.020,0.000,0.000,0.000
64,0.064000,742197.626912,-1464319.044353,-722121.417441,9.875229e-05,-1130.331240,564.666442,596.962721,0.193,3.107,0.024,0.000,0.000,0.000
65,0.065000,742151.725251,-1464270.365324,-722118.640074,1.025980e-04,-1130.090958,562.975121,596.834676,0.188,10.757,0.018,0.000,0.000,0.000
66,0.066000,742105.576027,-1464220.995201,-722115.419175,1.070579e-04,-1130.324002,561.383936,596.741994,0.229,4.177,0.027,0.000,0.000,0.000
67,0.067000,742058.774419,-1464170.965268,-722112.190849,1.115281e-04,-1130.492707,560.498459,596.817366,0.189,9.170,0.020,0.000,0.000,0.000
68,0.068000,742011.927077,-1464120.305107,-722108.378030,1.168076e-04,-1129.914852,559.600331,596.518360,0.193,9.037,0.023,0.000,0.000,0.000
69,0.069000,741964.449511,-1464068.899612,-722104.450102,1.222465e-04,-1129.809386,558.797226,596.475993,0.196,4.625,0.022,0.000,0.000,0.000
70,0.070000,741915.705647,-1464016.802616,-722101.096969,1.268895e-04,-1130.313777,557.945636,596.743349,0.187,9.237,0.018,0.000,0.000,0.000
71,0.071000,741866.015337,-1463963.822218,-722097.806881,1.314452e-04,-1130.121855,556.774093,596.995189,0.190,4.615,0.022,0.000,0.000,0.000
72,0.072000,741817.463728,-1463910.146164,-722092.682435,1.385409e-04,-1129.992338,555.472461,597.653172,0.184,9.223,0.021,0.000,0.000,0.000
73,0.073000,741767.879027,-1463855.471065,-722087.592038,1.455894e-04,-1130.029340,553.942959,598.022847,0.221,9.257,0.022,0.000,0.000,0.000
74,0.074000,741716.027290,-1463799.923673,-722083.896383,1.507067e-04,-1129.747766,552.343916,598.217914,0.203,4.690,0.021,0.000,0.000,0.000
75,0.075000,741663.333949,-1463743.489403,-722080.155454,1.558866e-04,-1129.311850,550.705447,598.389885,0.202,10.745,0.023,0.000,0.000,0.000
76,0.076000,741608.087675,-1463686.107496,-722078.019821,1.588438e-04,-1128.578877,549.475217,598.264010,0.202,4.667,0.021,0.000,0.000,0.000
77,0.077000,741551.207590,-1463627.832305,-722076.624715,1.607755e-04,-1127.881511,549.018670,598.123986,0.190,6.186,0.021,0.000,0.000,0.000
78,0.078000,741493.380512,-1463568.859426,-722075.478915,1.623621e-04,-1127.123423,548.314093,597.716636,0.196,6.130,0.028,0.000,0.000,0.000
79,0.079000,741434.854154,-1463508.985410,-722074.131256,1.642281e-04,-1126.528749,547.471436,597.265407,0.229,7.712,0.024,0.000,0.000,0.000
80,0.080000,741376.266217,-1463448.406338,-722072.140122,1.669852e-04,-1125.953575,547.338780,596.995043,0.231,9.238,0.022,0.000,0.000,0.000
81,0.081000,741317.691304,-1463387.122495,-722069.431191,1.707362e-04,-1125.763928,547.698068,597.042958,0.265,3.113,0.035,0.000,0.000,0.000
82,0.082000,741258.713637,-1463325.141850,-722066.428213,1.748943e-04,-1125.616386,548.108720,597.155265,0.237,10.267,0.030,0.000,0.000,0.000
83,0.083000,741199.564823,-1463262.650951,-722063.086128,1.795220e-04,-1125.054999,548.143921,597.249823,0.263,4.710,0.029,0.000,0.000,0.000
84,0.084000,741139.818932,-1463199.558594,-722059.739661,1.841558e-04,-1124.558029,547.359399,597.272587,0.213,6.198,0.021,0.000,0.000,0.000
85,0.085000,741079.345977,-1463135.852049,-722056.506072,1.886332e-04,-1124.169167,546.251834,597.159526,0.199,6.208,0.022,0.000,0.000,0.000
86,0.086000,741017.998378,-1463071.617644,-722053.619265,1.926305e-04,-1123.871121,545.592418,596.993115,0.203,3.096,0.027,0.000,0.000,0.000
87,0.087000,740955.111364,-1463006.882574,-722051.771210,1.951895e-04,-1123.602348,544.994372,596.916718,0.204,10.651,0.022,0.000,0.000,0.000
88,0.088000,740891.635355,-1462941.678379,-722050.043024,1.975824e-04,-1123.354782,544.392365,597.039960,0.230,3.109,0.026,0.000,0.000,0.000
89,0.089000,740827.318184,-1462875.935541,-722048.617358,1.995565e-04,-1122.573862,543.868813,596.919816,0.219,6.168,0.022,0.000,0.000,0.000
90,0.090000,740762.471797,-1462809.599854,-722047.128057,2.016187e-04,-1121.395301,543.221025,596.585723,0.200,5.692,0.027,0.000,0.000,0.000
91,0.091000,740698.128859,-1462742.590772,-722044.461912,2.053105e-04,-1120.127442,542.214350,596.452387,0.221,6.144,0.021,0.000,0.000,0.000
92,0.092000,740633.052189,-1462674.746213,-722041.694024,2.091431e-04,-1119.301944,541.040727,596.623087,0.229,9.155,0.022,0.000,0.000,0.000
93,0.093000,740566.776475,-1462606.146208,-722039.369732,2.123615e-04,-1118.670041,539.849941,596.566322,0.212,3.116,0.023,0.000,0.000,0.000
94,0.094000,740500.161142,-1462536.784787,-722036.623644,2.161639e-04,-1117.810683,538.594434,596.486374,0.201,4.637,0.024,0.000,0.000,0.000
95,0.095000,740435.889262,-1462466.637816,-722030.748553,2.242990e-04,-1116.980383,536.695382,598.104533,0.194,4.618,0.021,0.000,0.000,0.000
96,0.096000,740370.980135,-1462395.564011,-722024.583876,2.328350e-04,-1116.100303,534.608725,599.668325,0.200,7.719,0.021,0.000,0.000,0.000
97,0.097000,740302.979250,-1462323.793782,-722020.814532,2.380543e-04,-1115.505932,532.708122,599.825310,0.252,3.109,0.026,0.000,0.000,0.000
98,0.098000,740234.169743,-1462251.281770,-722017.112027,2.431811e-04,-1115.117893,531.125044,599.994362,0.206,8.935,0.020,0.000,0.000,0.000
99,0.099000,740165.017374,-1462178.121744,-722013.104370,2.487304e-04,-1114.558521,530.310958,600.310977,0.203,3.095,0.019,0.000,0.000,0.000
100,0.100000,740096.027662,-1462104.317724,-722008.290063,2.553966e-04,-1113.884127,529.157385,601.003262,0.199,9.217,0.019,0.000,0.000,0.000
101,0.101000,740026.026902,-1462029.774333,-722003.747431,2.616867e-04,-1113.040402,527.933798,601.506480,0.216,9.245,0.026,0.000,0.000,0.000
102,0.102000,739954.508438,-1461954.574790,-722000.066352,2.667837e-04,-1112.076072,527.253250,601.237525,0.203,4.186,0.021,0.000,0.000,0.000
103,0.103000,739881.994514,-1461878.754897,-721996.760383,2.713614e-04,-1111.814203,526.301748,601.356900,0.197,6.173,0.018,0.000,0.000,0.000
104,0.104000,739810.947417,-1461802.312994,-721991.365576,2.788315e-04,-1111.909033,525.225305,602.506627,0.197,6.219,0.018,0.000,0.000,0.000
105,0.105000,739738.773927,-1461724.914993,-721986.141066,2.860657e-04,-1111.704582,524.553133,603.334626,0.189,6.131,0.020,0.000,0.000,0.000
106,0.106000,739664.417878,-1461646.882804,-721982.464927,2.911559e-04,-1110.867516,523.969242,603.573763,0.189,9.221,0.020,0.000,0.000,0.000
107,0.107000,739591.737843,-1461568.017081,-721976.279238,2.997211e-04,-1108.898906,523.233174,603.623338,0.194,4.671,0.022,0.000,0.000,0.000
108,0.108000,739520.373692,-1461487.816971,-721967.443279,3.119560e-04,-1106.869536,522.017434,604.978997,0.194,9.118,0.018,0.000,0.000,0.000
109,0.109000,739447.409431,-1461406.697971,-721959.288540,3.232476e-04,-1106.000171,520.627872,607.288859,0.191,4.619,0.018,0.000,0.000,0.000
110,0.110000,739371.103404,-1461324.713406,-721953.610002,3.311105e-04,-1105.800945,519.674266,608.440113,0.192,9.221,0.024,0.000,0.000,0.000
111,0.111000,739293.085275,-1461242.064167,-721948.978892,3.375231e-04,-1105.304419,519.180052,608.545292,0.277,4.652,0.044,0.000,0.000,0.000
112,0.112000,739213.823336,-1461158.719688,-721944.896352,3.431761e-04,-1104.402758,518.926107,608.091933,0.306,8.538,0.058,0.000,0.000,0.000
113,0.113000,739134.095194,-1461074.615279,-721940.520086,3.492358e-04,-1103.328971,518.322631,608.119010,0.319,8.778,0.047,0.000,0.000,0.000
114,0.114000,739053.551820,-1460989.649781,-721936.097961,3.553590e-04,-1102.407622,517.443280,608.457977,0.256,7.312,0.035,0.000,0.000,0.000
115,0.115000,738972.961941,-1460903.881787,-721930.919846,3.625290e-04,-1101.834803,516.089489,609.285633,0.271,7.690,0.041,0.000,0.000,0.000
116,0.116000,738891.609609,-1460817.092095,-721925.482486,3.700579e-04,-1101.464255,515.006699,610.599428,0.238,3.139,0.031,0.000,0.000,0.000
117,0.117000,738809.187755,-1460729.495959,-721920.308204,3.772226e-04,-1101.502022,514.051036,611.996457,0.219,10.324,0.026,0.000,0.000,0.000
118,0.118000,738726.973198,-1460641.136196,-721914.162998,3.857317e-04,-1101.891261,512.355448,613.737036,0.267,4.725,0.030,0.000,0.000,0.000
119,0.119000,738642.025731,-1460551.998828,-721909.973097,3.915333e-04,-1102.145070,511.263608,614.929468,0.208,6.215,0.023,0.000,0.000,0.000
120,0.120000,738555.284634,-1460462.297442,-721907.012808,3.956324e-04,-1102.566226,510.531497,615.943095,0.206,6.189,0.024,0.000,0.000,0.000
121,0.121000,738468.703128,-1460371.982765,-721903.279638,4.008016e-04,-1103.262714,509.316056,617.309462,0.225,6.155,0.029,0.000,0.000,0.000
122,0.122000,738381.419813,-1460281.077073,-721899.657259,4.058174e-04,-1103.421937,508.337864,618.468080,0.236,3.116,0.025,0.000,0.000,0.000
123,0.123000,738294.300527,-1460189.542017,-721895.241490,4.119318e-04,-1103.140210,507.397377,619.679381,0.238,8.950,0.031,0.000,0.000,0.000
124,0.124000,738206.339461,-1460097.118888,-721890.779427,4.181103e-04,-1103.173923,505.942466,620.918010,0.234,4.700,0.024,0.000,0.000,0.000
125,0.125000,738116.743491,-1460003.966179,-721887.222687,4.230352e-04,-1103.181118,504.737241,622.131685,0.217,8.835,0.022,0.000,0.000,0.000
126,0.126000,738026.337429,-1459910.115571,-721883.778143,4.278048e-04,-1103.113577,504.227952,623.395855,0.219,7.664,0.031,0.000,0.000,0.000
127,0.127000,737935.797770,-1459815.628270,-721879.830500,4.332709e-04,-1103.433770,503.628403,624.572621,0.209,3.127,0.025,0.000,0.000,0.000
128,0.128000,737846.091105,-1459720.522297,-721874.431192,4.407472e-04,-1103.677524,502.385494,625.598571,0.213,10.654,0.027,0.000,0.000,0.000
129,0.129000,737756.149026,-1459624.680258,-721868.531232,4.489167e-04,-1103.886649,501.240259,626.616836,0.229,3.143,0.025,0.000,0.000,0.000
130,0.130000,737665.263160,-1459528.133435,-721862.870275,4.567553e-04,-1104.136625,500.006206,627.424468,0.237,5.724,0.025,0.000,0.000,0.000
131,0.131000,737573.413404,-1459430.794940,-721857.381535,4.643554e-04,-1104.310976,498.672654,628.130369,0.216,6.139,0.028,0.000,0.000,0.000
132,0.132000,737482.509949,-1459332.657409,-721850.147460,4.743722e-04,-1103.503975,496.370334,629.968917,0.200,7.626,0.022,0.000,0.000,0.000
133,0.133000,737391.953892,-1459233.256783,-721841.302891,4.866190e-04,-1101.069348,493.206935,632.276929,0.218,7.614,0.024,0.000,0.000,0.000
134,0.134000,737298.502568,-1459132.615383,-721834.112815,4.965749e-04,-1099.371798,491.046086,634.053016,0.204,3.096,0.032,0.000,0.000,0.000
135,0.135000,737201.951710,-1459030.863472,-721828.911762,5.037767e-04,-1099.304185,489.359019,635.435339,0.201,4.609,0.022,0.000,0.000,0.000
136,0.136000,737105.880583,-1458928.157217,-721822.276633,5.129642e-04,-1098.111443,487.017703,637.180701,0.204,4.599,0.020,0.000,0.000,0.000
137,0.137000,737011.682864,-1458824.148953,-721812.466090,5.265486e-04,-1095.689511,484.317505,639.345990,0.226,7.685,0.022,0.000,0.000,0.000
138,0.138000,736914.705712,-1458718.773686,-721804.067974,5.381772e-04,-1093.888137,482.550266,640.467900,0.228,10.739,0.025,0.000,0.000,0.000
139,0.139000,736812.867358,-1458612.217796,-721799.350437,5.447094e-04,-1092.251833,481.217398,640.270929,0.226,3.122,0.023,0.000,0.000,0.000
140,0.140000,736711.484023,-1458504.367990,-721792.883967,5.536634e-04,-1090.845632,478.847068,641.323992,0.204,4.610,0.029,0.000,0.000,0.000
141,0.141000,736612.985217,-1458395.198090,-721782.212874,5.684393e-04,-1090.221518,476.409565,644.691741,0.204,4.615,0.022,0.000,0.000,0.000
142,0.142000,736510.852390,-1458284.477196,-721773.624806,5.803310e-04,-1090.717195,475.458281,647.423943,0.241,7.708,0.026,0.000,0.000,0.000
143,0.143000,736405.020697,-1458172.801699,-721767.781003,5.884227e-04,-1092.020862,475.297168,649.280745,0.200,10.741,0.025,0.000,0.000,0.000
144,0.144000,736298.787239,-1458060.120437,-721761.333198,5.973508e-04,-1093.296730,475.305790,651.408633,0.205,3.103,0.026,0.000,0.000,0.000
145,0.145000,736191.334666,-1457946.479092,-721755.144426,6.059203e-04,-1092.951571,474.207408,653.415524,0.198,6.140,0.023,0.000,0.000,0.000
146,0.146000,736081.880724,-1457831.935286,-721750.054562,6.129680e-04,-1091.200412,471.807656,655.234332,0.197,6.199,0.022,0.000,0.000,0.000
147,0.147000,735971.262463,-1457716.577817,-721745.315354,6.195303e-04,-1089.962989,470.262550,656.354751,0.185,7.711,0.019,0.000,0.000,0.000
148,0.148000,735860.320657,-1457600.322750,-721740.002092,6.268874e-04,-1089.499765,469.634522,657.257797,0.193,4.683,0.020,0.000,0.000,0.000
149,0.149000,735747.600024,-1457483.250655,-721735.650632,6.329128e-04,-1089.266518,468.800704,658.046672,0.187,9.126,0.021,0.000,0.000,0.000
150,0.150000,735635.564227,-1457365.588009,-721730.023782,6.407041e-04,-1089.802288,468.008214,659.281210,0.195,4.617,0.019,0.000,0.000,0.000
151,0.151000,735527.105887,-1457246.999782,-721719.893895,6.547307e-04,-1089.221415,466.070990,662.135670,0.184,9.147,0.019,0.000,0.000,0.000
152,0.152000,735416.329980,-1457127.272011,-721710.942031,6.671261e-04,-1087.964073,464.156120,664.691221,0.192,4.685,0.019,0.000,0.000,0.000
153,0.153000,735302.021868,-1457006.841656,-721704.819789,6.756034e-04,-1087.898166,463.113166,666.039884,0.189,9.220,0.019,0.000,0.000,0.000
154,0.154000,735188.637439,-1456885.596013,-721696.958575,6.864886e-04,-1086.941143,461.009605,667.766436,0.188,9.123,0.025,0.000,0.000,0.000
155,0.155000,735075.057399,-1456763.390922,-721688.333523,6.984314e-04,-1085.216643,458.413001,669.869683,0.222,3.114,0.025,0.000,0.000,0.000
156,0.156000,734958.898088,-1456640.318307,-721681.420219,7.080041e-04,-1083.947457,456.401453,671.543468,0.205,10.738,0.027,0.000,0.000,0.000
157,0.157000,734841.842457,-1456516.502023,-721674.659566,7.173654e-04,-1082.621610,454.424874,673.226509,0.226,4.177,0.024,0.000,0.000,0.000
158,0.158000,734722.997677,-1456391.791962,-721668.794284,7.254869e-04,-1081.489574,452.782949,674.329351,0.195,6.123,0.023,0.000,0.000,0.000
159,0.159000,734603.358738,-1456266.534922,-721663.176185,7.332661e-04,-1080.860813,451.929468,674.887636,0.197,6.207,0.022,0.000,0.000,0.000
160,0.160000,734485.774401,-1456140.518158,-721654.743757,7.449422e-04,-1080.926920,450.928502,676.948532,0.212,7.706,0.020,0.000,0.000,0.000
161,0.161000,734368.124528,-1456013.353643,-721645.229115,7.581169e-04,-1082.355989,450.066206,680.193442,0.188,9.151,0.020,0.000,0.000,0.000
162,0.162000,734247.652670,-1455885.055421,-721637.402751,7.689538e-04,-1083.048675,449.025408,682.815312,0.220,4.613,0.024,0.000,0.000,0.000
163,0.163000,734124.555670,-1455755.956499,-721631.400829,7.772645e-04,-1082.512055,447.001922,684.767209,0.253,9.267,0.036,0.000,0.000,0.000
164,0.164000,734000.640273,-1455625.924073,-721625.283800,7.857346e-04,-1082.124882,445.203004,686.242499,0.306,4.655,0.025,0.000,0.000,0.000
165,0.165000,733876.454105,-1455495.031476,-721618.577372,7.950208e-04,-1082.435729,444.361136,687.561035,0.234,9.195,0.028,0.000,0.000,0.000
166,0.166000,733750.041480,-1455363.244013,-721613.202533,8.024632e-04,-1082.990113,443.516663,688.647976,0.207,4.676,0.021,0.000,0.000,0.000
167,0.167000,733623.140526,-1455230.688297,-721607.547772,8.102932e-04,-1083.371999,441.681509,689.623949,0.205,7.639,0.021,0.000,0.000,0.000
168,0.168000,733497.524383,-1455096.897550,-721599.373167,8.216123e-04,-1083.353431,438.953140,691.006556,0.209,7.646,0.025,0.000,0.000,0.000
169,0.169000,733369.406738,-1454961.753760,-721592.347021,8.313412e-04,-1082.709891,436.745130,691.563915,0.203,4.700,0.024,0.000,0.000,0.000
170,0.170000,733237.782826,-1454825.530942,-721587.748115,8.377092e-04,-1082.550358,435.683354,691.843806,0.226,10.761,0.023,0.000,0.000,0.000
171,0.171000,733104.984516,-1454688.537580,-721583.553064,8.435180e-04,-1083.731967,435.055247,692.964844,0.225,4.687,0.019,0.000,0.000,0.000
172,0.172000,732971.717600,-1454550.748189,-721579.030590,8.497801e-04,-1084.881411,434.847480,694.031518,0.221,6.141,0.021,0.000,0.000,0.000
173,0.173000,732836.511811,-1454412.049878,-721575.538067,8.546161e-04,-1085.384759,435.198102,694.647508,0.198,7.704,0.023,0.000,0.000,0.000
174,0.174000,732700.090899,-1454272.557587,-721572.466688,8.588690e-04,-1085.943287,435.366286,695.051122,0.197,4.616,0.022,0.000,0.000,0.000
175,0.175000,732562.502834,-1454132.253040,-721569.750206,8.626304e-04,-1086.476226,435.027228,695.585408,0.194,7.675,0.020,0.000,0.000,0.000
176,0.176000,732425.278698,-1453991.281795,-721566.003097,8.678189e-04,-1086.781750,434.526501,696.947505,0.194,7.619,0.023,0.000,0.000,0.000
177,0.177000,732288.892790,-1453849.272174,-721560.379384,8.756059e-04,-1086.843826,435.069174,697.999576,0.197,3.132,0.022,0.000,0.000,0.000
178,0.178000,732150.377057,-1453706.413295,-721556.036238,8.816198e-04,-1086.900800,435.948687,698.199009,0.196,4.620,0.019,0.000,0.000,0.000
179,0.179000,732010.567454,-1453562.844713,-721552.277259,8.868247e-04,-1086.852065,436.126659,698.483711,0.198,4.622,0.020,0.000,0.000,0.000
180,0.180000,731872.312746,-1453418.567131,-721546.254385,8.951644e-04,-1085.833395,434.661947,699.687769,0.222,7.748,0.022,0.000,0.000,0.000
181,0.181000,731735.486815,-1453273.371095,-721537.884280,9.067543e-04,-1084.226045,432.468412,701.729012,0.184,10.234,0.024,0.000,0.000,0.000
182,0.182000,731596.807176,-1453127.168956,-721530.361780,9.171705e-04,-1083.131512,431.437885,703.404777,0.204,4.122,0.022,0.000,0.000,0.000
183,0.183000,731455.124000,-1452980.110630,-721524.986630,9.246133e-04,-1082.691179,430.751019,704.422615,0.184,4.644,0.023,0.000,0.000,0.000
184,0.184000,731313.280077,-1452832.433714,-721519.153637,9.326901e-04,-1082.284091,429.892543,705.547458,0.200,6.214,0.025,0.000,0.000,0.000
185,0.185000,731171.691685,-1452683.903564,-721512.211879,9.423021e-04,-1081.410235,428.518053,707.545844,0.184,6.134,0.021,0.000,0.000,0.000
186,0.186000,731029.077864,-1452534.521364,-721505.443500,9.516741e-04,-1080.198684,426.590662,709.782052,0.223,9.129,0.019,0.000,0.000,0.000
187,0.187000,730883.554169,-1452384.328945,-721500.774776,9.581388e-04,-1079.605343,425.357687,711.134406,0.229,3.114,0.022,0.000,0.000,0.000
188,0.188000,730736.782137,-1452233.683139,-721496.901002,9.635027e-04,-1079.506524,424.835572,712.181471,0.196,4.664,0.018,0.000,0.000,0.000
189,0.189000,730590.205540,-1452082.366322,-721492.160782,9.700663e-04,-1079.182056,424.116563,713.307784,0.197,4.668,0.024,0.000,0.000,0.000
190,0.190000,730445.101203,-1451930.436701,-721485.335498,9.795171e-04,-1077.987885,422.027890,714.783153,0.184,7.727,0.022,0.000,0.000,0.000
191,0.191000,730298.213270,-1451777.667934,-721479.454664,9.876601e-04,-1076.798440,420.145814,716.092668,0.196,4.726,0.022,0.000,0.000,0.000
192,0.192000,730150.856251,-1451624.409732,-721473.553481,9.958313e-04,-1075.507955,418.075656,717.895513,0.183,9.215,0.022,0.000,0.000,0.000
193,0.193000,730003.818995,-1451470.280351,-721466.461356,1.005652e-03,-1073.556966,416.241336,720.502973,0.184,4.626,0.022,0.000,0.000,0.000
194,0.194000,729854.563202,-1451315.413282,-721460.850080,1.013421e-03,-1071.881706,414.909203,722.324599,0.196,9.210,0.020,0.000,0.000,0.000
195,0.195000,729703.843199,-1451159.716140,-721455.872940,1.020313e-03,-1070.734441,413.241029,723.285696,0.190,3.102,0.023,0.000,0.000,0.000
196,0.196000,729552.309433,-1451003.395705,-721451.086271,1.026941e-03,-1069.957360,412.221624,724.254441,0.220,10.753,0.025,0.000,0.000,0.000
197,0.197000,729400.821941,-1450846.280872,-721445.458932,1.034733e-03,-1068.633986,410.340318,725.680151,0.245,4.715,0.020,0.000,0.000,0.000
198,0.198000,729247.891204,-1450688.252760,-721440.361556,1.041791e-03,-1067.511030,408.014613,727.577909,0.197,6.187,0.020,0.000,0.000,0.000
199,0.199000,729095.483270,-1450529.348707,-721433.865437,1.050786e-03,-1066.188500,405.256405,730.346601,0.187,6.207,0.019,0.000,0.000,0.000
200,0.200000,728943.725796,-1450369.359179,-721425.633383,1.062185e-03,-1064.094634,402.253276,732.897812,0.185,6.139,0.018,0.000,0.000,0.000
201,0.201000,728791.798319,-1450208.273675,-721416.475356,1.074866e-03,-1061.837432,398.954811,735.227735,0.191,7.643,0.021,0.000,0.000,0.000
202,0.202000,728638.396488,-1450046.016883,-721407.620396,1.087127e-03,-1060.186638,396.193398,736.933900,0.211,4.707,0.022,0.000,0.000,0.000
203,0.203000,728482.696574,-1449882.597700,-721399.901126,1.097816e-03,-1059.205586,394.206168,738.344538,0.191,6.207,0.020,0.000,0.000,0.000
204,0.204000,728325.809596,-1449718.111185,-721392.301590,1.108339e-03,-1058.538991,392.294109,740.428279,0.227,7.733,0.023,0.000,0.000,0.000
205,0.205000,728171.907216,-1449552.576487,-721380.669271,1.124445e-03,-1056.898195,389.128620,743.224710,0.251,7.659,0.026,0.000,0.000,0.000
206,0.206000,728017.758073,-1449385.551001,-721367.792927,1.142275e-03,-1054.725884,385.058793,745.495027,0.234,7.642,0.025,0.000,0.000,0.000
207,0.207000,727858.694479,-1449217.374212,-721358.679733,1.154894e-03,-1053.445549,382.395806,746.886800,0.212,3.112,0.024,0.000,0.000,0.000
208,0.208000,727697.498714,-1449048.240100,-721350.741386,1.165886e-03,-1052.402783,380.672090,747.975915,0.203,9.208,0.020,0.000,0.000,0.000
209,0.209000,727536.079233,-1448878.167598,-721342.088365,1.177867e-03,-1051.692877,379.219477,748.900721,0.204,6.127,0.023,0.000,0.000,0.000
210,0.210000,727372.906337,-1448707.101131,-721334.194794,1.188797e-03,-1051.487409,378.404121,749.635473,0.191,4.295,0.020,0.000,0.000,0.000
211,0.211000,727211.152339,-1448535.326626,-721324.174287,1.202673e-03,-1049.911655,376.266831,750.784193,0.259,4.635,0.029,0.000,0.000,0.000
212,0.212000,727052.838972,-1448362.495537,-721309.656565,1.222775e-03,-1046.610289,372.124188,753.073594,0.236,6.219,0.028,0.000,0.000,0.000
213,0.213000,726893.718278,-1448188.661151,-721294.942873,1.243148e-03,-1043.523712,368.141309,755.807169,0.218,9.155,0.028,0.000,0.000,0.000
214,0.214000,726730.004415,-1448013.872642,-721283.868227,1.258483e-03,-1041.677836,365.506514,757.735300,0.209,9.253,0.025,0.000,0.000,0.000
215,0.215000,726562.285372,-1447838.556483,-721276.271111,1.269003e-03,-1040.875049,364.010252,758.532800,0.204,4.623,0.024,0.000,0.000,0.000
216,0.216000,726394.123711,-1447662.767427,-721268.643716,1.279564e-03,-1040.448950,363.258533,759.729810,0.198,4.621,0.024,0.000,0.000,0.000
217,0.217000,726225.226450,-1447486.616398,-721261.389949,1.289608e-03,-1040.301816,363.035261,760.864295,0.223,4.679,0.021,0.000,0.000,0.000
218,0.218000,726057.416935,-1447310.221473,-721252.804538,1.301496e-03,-1039.505085,361.859973,762.005592,0.209,6.200,0.019,0.000,0.000,0.000
219,0.219000,725889.958754,-1447133.307531,-721243.348777,1.314589e-03,-1038.384206,360.806818,762.838990,0.189,9.151,0.019,0.000,0.000,0.000
220,0.220000,725720.634786,-1446956.028517,-721235.393732,1.325604e-03,-1037.692938,359.797087,762.932211,0.188,4.694,0.017,0.000,0.000,0.000
221,0.221000,725551.157576,-1446778.470548,-721227.312973,1.336794e-03,-1037.328222,358.852428,763.609386,0.187,9.208,0.022,0.000,0.000,0.000
222,0.222000,725382.786751,-1446600.558363,-721217.771612,1.350005e-03,-1036.736860,358.092096,764.983766,0.186,4.688,0.023,0.000,0.000,0.000
223,0.223000,725214.133453,-1446422.113187,-721207.979734,1.363564e-03,-1035.602382,356.542380,766.561800,0.200,9.120,0.024,0.000,0.000,0.000
224,0.224000,725043.816608,-1446243.171358,-721199.354749,1.375507e-03,-1034.701008,355.598372,767.649926,0.225,9.147,0.022,0.000,0.000,0.000
225,0.225000,724874.172447,-1446063.764020,-721189.591573,1.389025e-03,-1033.874576,354.367997,768.134303,0.187,3.100,0.023,0.000,0.000,0.000
226,0.226000,724702.645961,-1445883.729641,-721181.083680,1.400806e-03,-1032.856478,352.763627,768.803305,0.193,10.736,0.021,0.000,0.000,0.000
227,0.227000,724529.865254,-1445703.307268,-721173.442014,1.411387e-03,-1031.696995,351.396272,770.606435,0.225,3.156,0.025,0.000,0.000,0.000
228,0.228000,724360.001392,-1445522.178315,-721162.176923,1.426986e-03,-1030.381525,349.600690,773.571607,0.183,4.661,0.021,0.000,0.000,0.000
229,0.229000,724187.297333,-1445340.182397,-721152.885064,1.439852e-03,-1029.581045,348.587353,775.549019,0.177,6.186,0.029,0.000,0.000,0.000
230,0.230000,724013.901056,-1445157.773693,-721143.872638,1.452331e-03,-1028.938116,347.716811,777.494347,0.190,6.144,0.020,0.000,0.000,0.000
231,0.231000,723845.996106,-1444974.581374,-721128.585268,1.473499e-03,-1028.225720,345.838548,781.277819,0.190,10.690,0.020,0.000,0.000,0.000
232,0.232000,723676.602627,-1444790.453016,-721113.850389,1.493902e-03,-1028.313850,344.301128,785.173690,0.195,4.616,0.020,0.000,0.000,0.000
233,0.233000,723506.614095,-1444605.733187,-721099.119093,1.514300e-03,-1028.469674,342.933153,789.223732,0.180,9.245,0.020,0.000,0.000,0.000
234,0.234000,723339.579885,-1444419.954550,-721080.374665,1.540255e-03,-1027.902830,341.501749,794.291539,0.182,9.158,0.021,0.000,0.000,0.000
235,0.235000,723166.030998,-1444233.062845,-721067.031847,1.558730e-03,-1027.603510,340.687756,797.876986,0.186,4.699,0.021,0.000,0.000,0.000
236,0.236000,722986.305841,-1444045.644868,-721059.339027,1.569382e-03,-1028.078747,339.993202,799.537856,0.190,7.647,0.023,0.000,0.000,0.000
237,0.237000,722806.756161,-1443857.604610,-721050.848449,1.581139e-03,-1028.540180,339.179417,800.960991,0.212,7.684,0.022,0.000,0.000,0.000
238,0.238000,722626.034930,-1443668.733123,-721042.698192,1.592425e-03,-1028.840718,338.552053,802.266044,0.207,4.699,0.021,0.000,0.000,0.000
239,0.239000,722443.904432,-1443479.146189,-721035.241757,1.602749e-03,-1029.170899,338.127777,803.650582,0.198,10.758,0.025,0.000,0.000,0.000
240,0.240000,722261.704466,-1443288.816877,-721027.112411,1.614006e-03,-1029.064625,337.059567,805.499257,0.189,4.707,0.025,0.000,0.000,0.000
241,0.241000,722078.571898,-1443097.605981,-721019.034083,1.625192e-03,-1028.350498,335.544614,807.217913,0.194,6.122,0.019,0.000,0.000,0.000
242,0.242000,721895.660963,-1442905.513941,-721009.852978,1.637904e-03,-1027.511386,333.631603,809.883689,0.191,6.139,0.031,0.000,0.000,0.000
243,0.243000,721710.025788,-1442712.289373,-721002.263586,1.648413e-03,-1026.851291,331.771710,812.065760,0.190,3.111,0.021,0.000,0.000,0.000
244,0.244000,721520.368276,-1442518.325665,-720997.957389,1.654376e-03,-1026.176255,330.857281,812.089837,0.193,10.653,0.020,0.000,0.000,0.000
245,0.245000,721331.532369,-1442323.699102,-720992.166733,1.662394e-03,-1025.662342,329.989044,812.071029,0.256,4.662,0.028,0.000,0.000,0.000
246,0.246000,721148.238437,-1442128.238949,-720980.000512,1.679240e-03,-1024.592307,327.938890,814.387970,0.274,5.694,0.034,0.000,0.000,0.000
247,0.247000,720968.389595,-1441931.496597,-720963.107002,1.702632e-03,-1022.978842,325.498548,819.012812,0.253,7.741,0.035,0.000,0.000,0.000
248,0.248000,720786.199967,-1441733.538254,-720947.338288,1.724467e-03,-1021.522275,323.960938,823.482190,0.223,4.676,0.022,0.000,0.000,0.000
249,0.249000,720601.583297,-1441534.455571,-720932.872273,1.744497e-03,-1020.165107,322.616077,827.510876,0.207,7.739,0.021,0.000,0.000,0.000
250,0.250000,720416.674805,-1441334.345998,-720917.671194,1.765546e-03,-1018.730422,320.874517,831.576109,0.215,9.249,0.021,0.000,0.000,0.000
251,0.251000,720231.034333,-1441133.175000,-720902.140667,1.787051e-03,-1017.191674,319.041515,835.643503,0.210,9.238,0.026,0.000,0.000,0.000
252,0.252000,720043.675070,-1440931.028877,-720887.353807,1.807526e-03,-1015.685219,317.452934,839.378296,0.199,4.676,0.021,0.000,0.000,0.000
253,0.253000,719852.592581,-1440727.858467,-720875.265887,1.824263e-03,-1014.683864,315.768971,841.968614,0.203,10.664,0.021,0.000,0.000,0.000
254,0.254000,719658.274302,-1440524.110544,-720865.836242,1.837320e-03,-1014.227716,313.799275,843.719214,0.205,3.104,0.028,0.000,0.000,0.000
255,0.255000,719465.286724,-1440319.788662,-720854.501938,1.853015e-03,-1013.086546,310.832561,846.071939,0.194,4.591,0.020,0.000,0.000,0.000
256,0.256000,719273.224826,-1440114.738499,-720841.513673,1.870999e-03,-1011.777648,307.515267,848.923326,0.204,4.666,0.023,0.000,0.000,0.000
257,0.257000,719077.278067,-1439908.926375,-720831.648308,1.884659e-03,-1010.883903,305.432046,851.046913,0.222,7.698,0.023,0.000,0.000,0.000
258,0.258000,718882.209311,-1439702.616692,-720820.407381,1.900224e-03,-1009.837362,304.093219,853.813641,0.197,10.704,0.023,0.000,0.000,0.000
259,0.259000,718687.737862,-1439495.306915,-720807.569053,1.918001e-03,-1008.921808,302.554663,856.899053,0.195,3.108,0.022,0.000,0.000,0.000
260,0.260000,718489.537002,-1439287.306041,-720797.769038,1.931571e-03,-1008.123885,300.866508,858.852077,0.203,6.133,0.022,0.000,0.000,0.000
261,0.261000,718289.608566,-1439078.529854,-720788.921288,1.943822e-03,-1007.905862,299.904976,860.563347,0.197,6.211,0.021,0.000,0.000,0.000
262,0.262000,718089.449582,-1438869.126400,-720779.676818,1.956623e-03,-1008.311467,299.268455,863.110016,0.193,7.731,0.020,0.000,0.000,0.000
263,0.263000,717887.652338,-1438658.801326,-720771.148988,1.968431e-03,-1008.275201,298.111569,865.596766,0.187,4.646,0.022,0.000,0.000,0.000
264,0.264000,717681.663106,-1438447.707105,-720766.043999,1.975500e-03,-1007.980719,297.198089,866.370290,0.196,10.715,0.018,0.000,0.000,0.000
265,0.265000,717475.324775,-1438235.908035,-720760.583260,1.983061e-03,-1007.795591,295.789100,867.041779,0.216,4.350,0.020,0.000,0.000,0.000
266,0.266000,717273.366824,-1438023.274349,-720749.907525,1.997844e-03,-1006.971329,292.998588,870.140570,0.196,9.202,0.022,0.000,0.000,0.000
267,0.267000,717069.048912,-1437809.354646,-720740.305735,2.011139e-03,-1006.507874,291.335449,872.894628,0.193,4.691,0.024,0.000,0.000,0.000
268,0.268000,716862.327939,-1437594.834665,-720732.506726,2.021938e-03,-1006.408513,290.253436,874.671298,0.197,7.645,0.021,0.000,0.000,0.000
269,0.269000,716657.681227,-1437379.480861,-720721.799634,2.036764e-03,-1005.579353,288.044830,877.813120,0.225,8.842,0.025,0.000,0.000,0.000
270,0.270000,716450.554550,-1437163.264800,-720712.710250,2.049350e-03,-1004.959433,286.743478,879.325698,0.217,3.124,0.022,0.000,0.000,0.000
271,0.271000,716240.914299,-1436946.536536,-720705.622237,2.059164e-03,-1004.292283,285.673905,880.458944,0.190,9.120,0.052,0.000,0.000,0.000
272,0.272000,716032.596468,-1436729.281483,-720696.685015,2.071539e-03,-1003.254536,283.609399,883.381979,0.185,4.689,0.020,0.000,0.000,0.000
273,0.273000,715831.987047,-1436511.386327,-720679.399280,2.095474e-03,-1005.915771,279.823659,887.739756,0.185,9.198,0.019,0.000,0.000,0.000
274,0.274000,715627.738889,-1436292.542313,-720664.803424,2.115685e-03,-1008.914829,276.686303,891.177837,0.184,4.674,0.018,0.000,0.000,0.000
275,0.275000,715424.683615,-1436073.518576,-720648.834961,2.137796e-03,-1011.444800,273.366669,895.991081,0.178,9.164,0.018,0.000,0.000,0.000
276,0.276000,715224.424010,-1435853.370074,-720628.946064,2.165335e-03,-1013.639636,269.291897,902.564279,0.184,8.922,0.024,0.000,0.000,0.000
277,0.277000,715017.511160,-1435632.704258,-720615.193099,2.184379e-03,-1011.955146,266.149016,908.020422,0.231,3.096,0.022,0.000,0.000,0.000
278,0.278000,714806.632234,-1435411.378594,-720604.746360,2.198844e-03,-1010.782293,263.979747,911.904491,0.242,9.152,0.020,0.000,0.000,0.000
279,0.279000,714592.635212,-1435189.956488,-720597.321277,2.209125e-03,-1010.280233,262.834102,914.010465,0.235,3.097,0.022,0.000,0.000,0.000
280,0.280000,714383.910587,-1434968.328505,-720584.417918,2.226992e-03,-1011.499653,259.903450,917.977207,0.201,9.199,0.018,0.000,0.000,0.000
281,0.281000,714178.070727,-1434745.960788,-720567.890061,2.249878e-03,-1015.376803,256.506701,923.380273,0.256,10.654,0.032,0.000,0.000,0.000
282,0.282000,713974.583315,-1434522.948384,-720548.365069,2.276914e-03,-1021.037772,252.525659,928.455262,0.287,9.125,0.049,0.000,0.000,0.000
283,0.283000,713769.645732,-1434299.013827,-720529.368095,2.303218e-03,-1027.138549,248.821709,932.498366,0.282,4.631,0.049,0.000,0.000,0.000
284,0.284000,713561.043869,-1434074.394173,-720513.350304,2.325398e-03,-1032.200978,246.251556,936.726967,0.276,10.299,0.041,0.000,0.000,0.000
285,0.285000,713351.381964,-1433848.990623,-720497.608659,2.347195e-03,-1037.253241,243.660500,940.955734,0.250,3.118,0.035,0.000,0.000,0.000
286,0.286000,713139.336771,-1433622.936488,-720483.599717,2.366593e-03,-1042.465422,241.434207,944.269449,0.225,9.246,0.022,0.000,0.000,0.000
287,0.287000,712921.595410,-1433396.200742,-720474.605333,2.379047e-03,-1045.061333,240.445094,946.048945,0.218,4.683,0.021,0.000,0.000,0.000
288,0.288000,712706.955912,-1433169.228881,-720462.272968,2.396123e-03,-1044.969365,239.162872,948.322071,0.258,7.675,0.021,0.000,0.000,0.000
289,0.289000,712497.490946,-1432941.341109,-720443.850163,2.421633e-03,-1047.122317,236.146399,952.429319,0.239,3.116,0.036,0.000,0.000,0.000
290,0.290000,712287.170625,-1432712.597080,-720425.426454,2.447143e-03,-1054.390530,231.388710,955.260776,0.217,9.134,0.020,0.000,0.000,0.000
291,0.291000,712075.635608,-1432482.856649,-720407.221042,2.472352e-03,-1061.384363,227.029806,958.192783,0.210,10.544,0.023,0.000,0.000,0.000
292,0.292000,711855.859671,-1432252.405903,-720396.546232,2.487133e-03,-1063.206792,225.592431,960.490118,0.228,4.676,0.023,0.000,0.000,0.000
293,0.293000,711641.461372,-1432021.691724,-720380.230352,2.509725e-03,-1064.606603,223.403797,964.071009,0.202,9.163,0.018,0.000,0.000,0.000
294,0.294000,711425.930747,-1431789.760519,-720363.829771,2.532435e-03,-1066.177094,220.995846,967.688039,0.206,4.617,0.019,0.000,0.000,0.000
295,0.295000,711201.398488,-1431557.583126,-720356.184638,2.543021e-03,-1066.068900,219.962502,969.399139,0.193,9.216,0.019,0.000,0.000,0.000
296,0.296000,710978.409211,-1431325.039577,-720346.630365,2.556250e-03,-1065.785590,218.783461,972.026500,0.202,3.097,0.018,0.000,0.000,0.000
297,0.297000,710752.748213,-1431092.137957,-720339.389744,2.566276e-03,-1065.669400,217.960303,973.401422,0.202,9.236,0.021,0.000,0.000,0.000
298,0.298000,710523.886769,-1430859.101450,-720335.214681,2.572057e-03,-1065.685285,217.674349,973.495819,0.203,9.212,0.019,0.000,0.000,0.000
299,0.299000,710299.770962,-1430626.004149,-720326.233187,2.584494e-03,-1065.645447,216.715977,975.763931,0.200,3.105,0.026,0.000,0.000,0.000
300,0.300000,710075.163786,-1430392.365822,-720317.202036,2.596999e-03,-1065.556430,215.649853,978.096844,0.197,9.135,0.018,0.000,0.000,0.000
301,0.301000,709845.223040,-1430158.715229,-720313.492189,2.602136e-03,-1065.424221,215.385529,978.355508,0.203,4.686,0.020,0.000,0.000,0.000
302,0.302000,709616.186291,-1429925.090169,-720308.903877,2.608489e-03,-1065.146457,215.064628,978.939717,0.185,9.239,0.018,0.000,0.000,0.000
303,0.303000,709386.966598,-1429691.426769,-720304.460171,2.614642e-03,-1064.847712,214.593223,979.298287,0.196,9.238,0.019,0.000,0.000,0.000
304,0.304000,709158.186092,-1429457.876366,-720299.690274,2.621247e-03,-1064.138215,213.949632,979.590764,0.204,4.699,0.021,0.000,0.000,0.000
305,0.305000,708939.170171,-1429224.404989,-720285.234818,2.641263e-03,-1062.454432,211.703175,983.490090,0.203,9.245,0.022,0.000,0.000,0.000
306,0.306000,708718.236903,-1428990.306971,-720272.070067,2.659492e-03,-1061.206504,209.555165,987.068354,0.203,3.092,0.024,0.000,0.000,0.000
307,0.307000,708487.694325,-1428756.475026,-720268.780701,2.664046e-03,-1060.768687,209.080232,987.195667,0.196,9.227,0.021,0.000,0.000,0.000
308,0.308000,708260.379869,-1428522.931000,-720262.551130,2.672672e-03,-1059.989180,208.402837,988.520981,0.196,4.518,0.019,0.000,0.000,0.000
309,0.309000,708033.807033,-1428289.494864,-720255.687831,2.682176e-03,-1059.063966,207.720803,989.622386,0.199,9.160,0.023,0.000,0.000,0.000
310,0.310000,707808.942953,-1428056.382080,-720247.439128,2.693597e-03,-1058.137323,206.437600,991.347305,0.197,7.633,0.023,0.000,0.000,0.000
311,0.311000,707585.811274,-1427823.291560,-720237.480285,2.707387e-03,-1057.167478,204.726718,992.981002,0.197,4.626,0.020,0.000,0.000,0.000
312,0.312000,707362.392978,-1427590.403936,-720228.010959,2.720499e-03,-1056.418658,203.372614,994.342078,0.228,9.125,0.020,0.000,0.000,0.000
313,0.313000,707139.991275,-1427357.654576,-720217.663302,2.734827e-03,-1055.756353,202.178569,997.339278,0.222,4.615,0.023,0.000,0.000,0.000
314,0.314000,706916.894543,-1427125.086057,-720208.191514,2.747943e-03,-1055.067889,201.430472,1000.082772,0.191,9.221,0.020,0.000,0.000,0.000
315,0.315000,706695.142005,-1426892.694142,-720197.552137,2.762675e-03,-1053.894712,201.312821,1002.530260,0.196,4.704,0.022,0.000,0.000,0.000
316,0.316000,706472.790898,-1426660.271474,-720187.480576,2.776620e-03,-1052.731637,201.127947,1004.963681,0.191,9.172,0.021,0.000,0.000,0.000
317,0.317000,706248.758741,-1426428.021683,-720179.262942,2.787999e-03,-1052.030477,200.420798,1007.554597,0.244,9.239,0.023,0.000,0.000,0.000
318,0.318000,706021.815438,-1426195.927880,-720174.112442,2.795131e-03,-1051.569280,200.088167,1008.888032,0.207,3.093,0.021,0.000,0.000,0.000
319,0.319000,705804.981968,-1425964.257964,-720159.275996,2.815674e-03,-1055.675613,197.316330,1012.006044,0.231,9.215,0.021,0.000,0.000,0.000
320,0.320000,705587.746341,-1425731.933227,-720144.186886,2.836568e-03,-1059.683107,194.629751,1015.013903,0.213,3.087,0.021,0.000,0.000,0.000
321,0.321000,705362.269329,-1425500.002638,-720137.733309,2.845504e-03,-1059.190516,194.336329,1016.520800,0.194,9.119,0.019,0.000,0.000,0.000
322,0.322000,705142.452477,-1425268.157772,-720125.705294,2.862159e-03,-1058.140348,193.925076,1019.381242,0.191,9.189,0.018,0.000,0.000,0.000
323,0.323000,704922.498741,-1425036.219683,-720113.720942,2.878753e-03,-1057.290435,193.341298,1021.802804,0.200,4.659,0.027,0.000,0.000,0.000
324,0.324000,704700.297736,-1424804.354484,-720104.056747,2.892135e-03,-1056.708352,192.537232,1023.525873,0.198,9.225,0.022,0.000,0.000,0.000
325,0.325000,704477.406970,-1424572.679278,-720095.272308,2.904299e-03,-1055.818717,192.155266,1024.535937,0.219,4.134,0.022,0.000,0.000,0.000
326,0.326000,704261.954007,-1424341.221804,-720079.267797,2.926460e-03,-1059.829834,189.348336,1026.930019,0.290,8.691,0.023,0.000,0.000,0.000
327,0.327000,704053.964933,-1424109.372891,-720055.407958,2.959498e-03,-1068.686025,184.087978,1030.685608,0.262,9.114,0.026,0.000,0.000,0.000
328,0.328000,703834.576897,-1423877.119667,-720042.542770,2.977312e-03,-1073.047806,181.493813,1032.484034,0.254,3.113,0.024,0.000,0.000,0.000
329,0.329000,703607.184426,-1423645.404005,-720038.219579,2.983298e-03,-1072.663050,181.423435,1033.084288,0.211,9.223,0.021,0.000,0.000,0.000
330,0.330000,703381.025505,-1423413.968485,-720032.942980,2.990604e-03,-1072.287461,181.509138,1033.493564,0.206,4.602,0.019,0.000,0.000,0.000
331,0.331000,703155.406057,-1423182.956736,-720027.550679,2.998071e-03,-1072.104817,181.548492,1034.514776,0.221,9.234,0.019,0.000,0.000,0.000
332,0.332000,702928.867634,-1422952.199832,-720023.332198,3.003912e-03,-1071.930037,181.667795,1035.803454,0.202,4.326,0.020,0.000,0.000,0.000
333,0.333000,702704.107915,-1422721.889503,-720017.781588,3.011598e-03,-1071.395134,182.149345,1036.677849,0.213,9.137,0.021,0.000,0.000,0.000
334,0.334000,702491.731329,-1422491.700606,-719999.969278,3.036262e-03,-1075.140409,179.928763,1039.978647,0.225,9.149,0.024,0.000,0.000,0.000
335,0.335000,702284.039037,-1422261.093919,-719977.054882,3.067991e-03,-1083.753923,175.438761,1043.926968,0.223,3.138,0.025,0.000,0.000,0.000
336,0.336000,702075.840473,-1422030.288867,-719954.448394,3.099293e-03,-1091.835486,171.084840,1047.714815,0.201,9.176,0.023,0.000,0.000,0.000
337,0.337000,701860.799590,-1421799.042015,-719938.242425,3.121733e-03,-1095.278504,168.435250,1050.648488,0.200,3.099,0.018,0.000,0.000,0.000
338,0.338000,701638.748155,-1421568.010820,-719929.262666,3.134167e-03,-1094.850796,168.025255,1052.354464,0.189,9.211,0.019,0.000,0.000,0.000
339,0.339000,701419.605871,-1421337.117049,-719917.511178,3.150439e-03,-1094.622930,167.129597,1054.484198,0.196,9.241,0.022,0.000,0.000,0.000
340,0.340000,701198.547866,-1421106.238062,-719907.690197,3.164038e-03,-1094.445735,165.942792,1056.441452,0.190,4.663,0.020,0.000,0.000,0.000
341,0.341000,700975.040165,-1420875.604642,-719900.564477,3.173905e-03,-1094.362131,165.300504,1058.413128,0.199,10.367,0.018,0.000,0.000,0.000
342,0.342000,700763.608346,-1420645.196577,-719881.588231,3.200181e-03,-1094.301307,162.895877,1064.169628,0.256,4.702,0.030,0.000,0.000,0.000
343,0.343000,700568.067331,-1420414.045835,-719845.978504,3.249489e-03,-1097.038789,157.192524,1075.130255,0.209,9.230,0.021,0.000,0.000,0.000
344,0.344000,700362.036473,-1420181.658153,-719819.621681,3.285984e-03,-1100.074431,152.978576,1082.568581,0.215,4.697,0.028,0.000,0.000,0.000
345,0.345000,700143.388661,-1419949.300220,-719805.911559,3.304968e-03,-1100.284276,151.366311,1084.769837,0.225,9.152,0.023,0.000,0.000,0.000
346,0.346000,699933.185962,-1419716.800913,-719783.614951,3.335842e-03,-1103.495235,147.863780,1087.738592,0.206,7.641,0.022,0.000,0.000,0.000
347,0.347000,699727.452409,-1419483.673166,-719756.220757,3.373774e-03,-1109.686767,142.606854,1091.941459,0.228,4.678,0.026,0.000,0.000,0.000
348,0.348000,699510.946332,-1419249.971761,-719739.025429,3.397584e-03,-1112.300317,139.192185,1094.559571,0.237,8.915,0.024,0.000,0.000,0.000
349,0.349000,699286.975954,-1419016.357853,-719729.381899,3.410937e-03,-1111.433720,138.389918,1096.139899,0.210,3.110,0.022,0.000,0.000,0.000
350,0.350000,699064.919768,-1418782.684385,-719717.764617,3.427023e-03,-1110.636799,137.765596,1098.564997,0.206,9.208,0.021,0.000,0.000,0.000
351,0.351000,698845.660229,-1418548.868592,-719703.208363,3.447178e-03,-1110.862689,136.575863,1102.307820,0.202,4.611,0.019,0.000,0.000,0.000
352,0.352000,698623.979319,-1418314.743691,-719690.764373,3.464409e-03,-1111.005260,135.885702,1105.157204,0.218,9.173,0.021,0.000,0.000,0.000
353,0.353000,698398.299220,-1418080.562653,-719682.263433,3.476180e-03,-1110.507023,135.317829,1106.666929,0.219,9.216,0.022,0.000,0.000,0.000
354,0.354000,698171.551616,-1417846.270376,-719674.718760,3.486627e-03,-1110.248084,134.412975,1108.600535,0.207,4.691,0.020,0.000,0.000,0.000
355,0.355000,697947.519682,-1417611.932178,-719664.412496,3.500898e-03,-1109.793685,132.952918,1112.027579,0.214,9.237,0.021,0.000,0.000,0.000
356,0.356000,697728.732287,-1417377.133669,-719648.401381,3.523068e-03,-1108.655344,130.579329,1117.479559,0.196,3.097,0.033,0.000,0.000,0.000
357,0.357000,697512.665740,-1417141.704864,-719629.039124,3.549879e-03,-1110.189018,127.967876,1121.837373,0.202,9.211,0.022,0.000,0.000,0.000
358,0.358000,697301.588957,-1416905.908865,-719604.319908,3.584107e-03,-1114.581694,124.992380,1125.468695,0.220,8.730,0.021,0.000,0.000,0.000
359,0.359000,697095.481172,-1416669.627395,-719574.146224,3.625887e-03,-1118.292680,121.471010,1129.829054,0.210,7.724,0.022,0.000,0.000,0.000
360,0.360000,696878.637625,-1416432.733034,-719554.095409,3.653651e-03,-1119.507374,118.926882,1132.371663,0.203,9.228,0.022,0.000,0.000,0.000
361,0.361000,696657.110835,-1416195.753315,-719538.642480,3.675048e-03,-1121.411993,116.863135,1134.294228,0.199,3.099,0.020,0.000,0.000,0.000
362,0.362000,696443.854090,-1415958.376968,-719514.522878,3.708446e-03,-1126.106386,113.926467,1137.278865,0.191,9.221,0.020,0.000,0.000,0.000
363,0.363000,696220.668910,-1415720.453488,-719499.784579,3.728854e-03,-1128.292441,112.290430,1138.793493,0.204,3.171,0.022,0.000,0.000,0.000
364,0.364000,695987.018117,-1415482.601134,-719495.583017,3.734671e-03,-1127.801426,112.235150,1138.325755,0.200,9.154,0.023,0.000,0.000,0.000
365,0.365000,695754.144166,-1415244.757716,-719490.613550,3.741553e-03,-1127.404001,112.010460,1137.957066,0.197,4.664,0.019,0.000,0.000,0.000
366,0.366000,695523.168394,-1415006.954236,-719483.785842,3.751007e-03,-1127.591268,111.321935,1138.533810,0.219,9.213,0.020,0.000,0.000,0.000
367,0.367000,695291.389649,-1414769.088836,-719477.699187,3.759435e-03,-1127.799681,110.547949,1139.060827,0.207,9.202,0.019,0.000,0.000,0.000
368,0.368000,695068.599943,-1414531.298990,-719462.699047,3.780205e-03,-1130.360028,108.903586,1140.423225,0.204,3.088,0.021,0.000,0.000,0.000
369,0.369000,694855.043154,-1414292.894565,-719437.851411,3.814611e-03,-1135.454869,106.434958,1143.331652,0.205,9.232,0.019,0.000,0.000,0.000
370,0.370000,694640.079347,-1414054.099334,-719414.019987,3.847610e-03,-1140.481628,103.972674,1146.891288,0.213,8.803,0.021,0.000,0.000,0.000
371,0.371000,694424.496693,-1413814.908593,-719390.411900,3.880299e-03,-1145.716261,101.585547,1150.365134,0.204,3.104,0.025,0.000,0.000,0.000
372,0.372000,694207.228244,-1413575.309667,-719368.081423,3.911219e-03,-1151.118466,98.980195,1153.757728,0.216,9.165,0.026,0.000,0.000,0.000
373,0.373000,693988.193822,-1413335.301060,-719347.107238,3.940262e-03,-1156.505138,96.135596,1157.329805,0.251,4.692,0.027,0.000,0.000,0.000
374,0.374000,693762.231690,-1413094.914199,-719332.682509,3.960235e-03,-1159.525830,94.223415,1159.363525,0.219,9.244,0.021,0.000,0.000,0.000
375,0.375000,693536.938398,-1412854.477130,-719317.538732,3.981204e-03,-1162.602774,92.335537,1161.433029,0.225,3.144,0.019,0.000,0.000,0.000
376,0.376000,693318.157587,-1412613.642513,-719295.484926,4.011742e-03,-1168.015939,89.565452,1164.907868,0.232,9.201,0.021,0.000,0.000,0.000
377,0.377000,693090.655965,-1412372.492825,-719281.836861,4.030640e-03,-1170.472730,87.788633,1166.487568,0.204,9.219,0.018,0.000,0.000,0.000
378,0.378000,692855.295267,-1412131.562490,-719276.267224,4.038352e-03,-1170.218811,87.057150,1167.303580,0.212,3.108,0.090,0.000,0.000,0.000
379,0.379000,692620.612478,-1411890.800637,-719270.188159,4.046769e-03,-1169.840246,86.419210,1167.983957,0.202,9.208,0.023,0.000,0.000,0.000
380,0.380000,692394.462400,-1411650.223633,-719255.761233,4.066746e-03,-1172.425715,84.668972,1169.593340,0.197,3.156,0.027,0.000,0.000,0.000
381,0.381000,692171.367659,-1411409.433011,-719238.065351,4.091249e-03,-1175.960342,82.447501,1171.358251,0.202,9.194,0.020,0.000,0.000,0.000
382,0.382000,691941.250167,-1411168.662257,-719227.412090,4.106000e-03,-1175.976927,81.669999,1171.076464,0.229,9.210,0.021,0.000,0.000,0.000
383,0.383000,691716.692950,-1410928.062070,-719211.369120,4.128214e-03,-1178.490132,79.952735,1172.268376,0.213,4.695,0.024,0.000,0.000,0.000
384,0.384000,691497.872201,-1410687.150361,-719189.278160,4.158803e-03,-1184.412039,76.903437,1175.327502,0.210,10.714,0.021,0.000,0.000,0.000
385,0.385000,691277.629339,-1410446.028743,-719168.399404,4.187713e-03,-1189.989883,74.168499,1178.367039,0.203,3.099,0.019,0.000,0.000,0.000
386,0.386000,691049.207529,-1410204.638784,-719155.431255,4.205670e-03,-1192.577337,72.787002,1179.990085,0.202,9.152,0.018,0.000,0.000,0.000
387,0.387000,690812.359181,-1409963.455348,-719151.096167,4.211673e-03,-1192.412086,72.518363,1180.015584,0.227,4.687,0.019,0.000,0.000,0.000
388,0.388000,690575.328345,-1409722.444580,-719147.116234,4.217184e-03,-1192.373105,72.076976,1179.688802,0.201,9.258,0.022,0.000,0.000,0.000
389,0.389000,690347.931594,-1409481.623229,-719133.691635,4.235772e-03,-1195.074716,70.434888,1181.581152,0.197,9.169,0.019,0.000,0.000,0.000
390,0.390000,690129.559278,-1409240.509412,-719110.950133,4.267262e-03,-1200.910212,67.336236,1185.315155,0.225,4.686,0.018,0.000,0.000,0.000
391,0.391000,689903.172022,-1408999.048135,-719095.876113,4.288134e-03,-1204.500461,65.137179,1187.590009,0.197,9.203,0.019,0.000,0.000,0.000
392,0.392000,689676.375468,-1408757.734135,-719081.358667,4.308236e-03,-1208.247889,62.933546,1190.046513,0.190,3.091,0.019,0.000,0.000,0.000
393,0.393000,689456.769328,-1408516.198333,-719059.429006,4.338602e-03,-1214.523435,59.820965,1193.623122,0.187,9.180,0.019,0.000,0.000,0.000
394,0.394000,689238.133814,-1408274.449082,-719036.315269,4.370607e-03,-1220.641908,56.743077,1197.177638,0.197,4.628,0.021,0.000,0.000,0.000
395,0.395000,689021.094182,-1408032.448241,-719011.354059,4.405170e-03,-1227.493952,53.032230,1201.613405,0.202,9.245,0.019,0.000,0.000,0.000
396,0.396000,688803.596418,-1407790.086364,-718986.489947,4.439598e-03,-1234.562455,49.200115,1205.951975,0.186,9.220,0.018,0.000,0.000,0.000
397,0.397000,688583.772917,-1407547.517106,-718963.744189,4.471094e-03,-1241.135461,45.744207,1209.345683,0.195,3.094,0.025,0.000,0.000,0.000
398,0.398000,688363.542537,-1407304.743126,-718941.200589,4.502309e-03,-1247.815287,42.386970,1212.498060,0.240,9.114,0.023,0.000,0.000,0.000
399,0.399000,688133.881203,-1407061.755346,-718927.874143,4.520762e-03,-1251.245144,40.354322,1213.553667,0.213,3.094,0.026,0.000,0.000,0.000
400,0.400000,687904.631792,-1406819.110289,-718914.478497,4.539311e-03,-1254.662770,38.328529,1214.881177,0.234,9.211,0.021,0.000,0.000,0.000
401,0.401000,687686.229226,-1406576.273038,-718890.043812,4.573145e-03,-1261.319144,34.891025,1218.653076,0.196,9.208,0.020,0.000,0.000,0.000
402,0.402000,687467.956764,-1406333.171477,-718865.214713,4.607525e-03,-1267.438879,31.581505,1222.606892,0.200,9.221,0.018,0.000,0.000,0.000
403,0.403000,687241.380833,-1406089.829481,-718848.448647,4.630740e-03,-1270.641945,29.524307,1224.768834,0.190,4.677,0.018,0.000,0.000,0.000
404,0.404000,687014.328140,-1405846.558259,-718832.230118,4.653198e-03,-1275.123158,27.010738,1227.277859,0.196,7.637,0.024,0.000,0.000,0.000
405,0.405000,686794.052868,-1405602.877163,-718808.824295,4.685607e-03,-1281.798643,23.464487,1231.106637,0.199,9.199,0.019,0.000,0.000,0.000
406,0.406000,686565.670118,-1405358.846326,-718793.176208,4.707274e-03,-1284.792216,21.386293,1233.146214,0.228,3.128,0.026,0.000,0.000,0.000
407,0.407000,686338.738484,-1405114.858978,-718776.120494,4.730891e-03,-1287.604365,19.464482,1235.271967,0.229,10.666,0.022,0.000,0.000,0.000
408,0.408000,686110.212957,-1404870.434377,-718760.221420,4.752906e-03,-1289.858932,17.690100,1237.306182,0.240,3.103,0.025,0.000,0.000,0.000
409,0.409000,685870.974998,-1404626.155032,-718755.180034,4.759887e-03,-1289.763482,16.872559,1237.347165,0.215,9.229,0.022,0.000,0.000,0.000
410,0.410000,685632.285260,-1404382.036586,-718749.751326,4.767404e-03,-1289.659201,15.998346,1237.212315,0.207,9.227,0.018,0.000,0.000,0.000
411,0.411000,685392.605342,-1404138.089349,-718745.484007,4.773313e-03,-1289.465959,15.306816,1237.170889,0.206,4.677,0.018,0.000,0.000,0.000
412,0.412000,685154.570778,-1403894.439895,-718739.869117,4.781087e-03,-1290.084119,14.563225,1237.650915,0.196,7.649,0.019,0.000,0.000,0.000
413,0.413000,684920.983087,-1403650.943210,-718729.960122,4.794808e-03,-1290.381058,13.526082,1239.523099,0.194,4.601,0.020,0.000,0.000,0.000
414,0.414000,684687.190539,-1403407.487045,-718720.296506,4.808189e-03,-1290.346329,12.369564,1241.338727,0.191,10.711,0.019,0.000,0.000,0.000
415,0.415000,684452.058463,-1403164.179147,-718712.120685,4.819510e-03,-1290.722642,11.375619,1242.112801,0.192,3.095,0.018,0.000,0.000,0.000
416,0.416000,684217.321804,-1402920.993783,-718703.671979,4.831208e-03,-1291.118718,10.510263,1242.873826,0.189,9.210,0.023,0.000,0.000,0.000
417,0.417000,683990.055624,-1402677.959450,-718687.903826,4.853042e-03,-1293.751423,8.634034,1245.113403,0.190,9.234,0.020,0.000,0.000,0.000
418,0.418000,683767.976815,-1402434.674618,-718666.697802,4.882406e-03,-1297.838758,5.966366,1248.275076,0.187,4.698,0.018,0.000,0.000,0.000
419,0.419000,683538.141195,-1402191.217451,-718653.076256,4.901267e-03,-1299.954975,4.169127,1250.475010,0.184,9.160,0.019,0.000,0.000,0.000
420,0.420000,683303.067141,-1401947.901527,-718644.834386,4.912679e-03,-1300.103913,3.079492,1252.398845,0.208,3.144,0.019,0.000,0.000,0.000
421,0.421000,683076.371084,-1401704.622118,-718628.251034,4.935642e-03,-1301.866899,1.171547,1255.736064,0.218,9.122,0.018,0.000,0.000,0.000
422,0.422000,682849.509005,-1401461.105103,-718611.596097,4.958703e-03,-1303.881577,-0.637115,1257.781097,0.255,9.162,0.023,0.000,0.000,0.000
423,0.423000,682620.174254,-1401217.655174,-718597.480920,4.978248e-03,-1306.167821,-2.249588,1259.172250,0.223,3.152,0.021,0.000,0.000,0.000
424,0.424000,682388.890286,-1400974.091285,-718585.200998,4.995252e-03,-1308.835404,-3.790811,1261.079708,0.206,8.761,0.030,0.000,0.000,0.000
425,0.425000,682152.720337,-1400730.764279,-718578.043942,5.005162e-03,-1309.791941,-4.788167,1262.378510,0.201,3.092,0.021,0.000,0.000,0.000
426,0.426000,681928.112338,-1400487.631385,-718559.519047,5.030813e-03,-1312.239652,-6.834070,1265.541551,0.196,9.142,0.021,0.000,0.000,0.000
427,0.427000,681711.384116,-1400244.110252,-718532.726136,5.067912e-03,-1316.422014,-9.814100,1270.664730,0.200,9.235,0.019,0.000,0.000,0.000
428,0.428000,681494.377018,-1400000.385865,-718506.008847,5.104907e-03,-1320.730902,-13.002863,1276.082977,0.195,3.090,0.020,0.000,0.000,0.000
429,0.429000,681276.925714,-1399756.416532,-718479.490818,5.141626e-03,-1318.429123,-18.212976,1276.672305,0.195,10.653,0.019,0.000,0.000,0.000
430,0.430000,681054.668434,-1399511.884901,-718457.216467,5.172468e-03,-1316.495275,-23.054166,1276.072683,0.189,4.696,0.049,0.000,0.000,0.000
431,0.431000,680830.713344,-1399267.521981,-718436.808637,5.200727e-03,-1321.384322,-25.803213,1279.259765,0.196,9.211,0.019,0.000,0.000,0.000
432,0.432000,680607.463772,-1399023.252814,-718415.789042,5.229832e-03,-1326.225973,-28.698896,1282.561696,0.194,3.156,0.022,0.000,0.000,0.000
433,0.433000,680379.511570,-1398779.167203,-718399.655633,5.252171e-03,-1329.113198,-30.947536,1285.566275,0.183,9.195,0.019,0.000,0.000,0.000
434,0.434000,680152.394840,-1398535.497889,-718383.103049,5.275091e-03,-1325.983971,-35.474317,1285.110639,0.183,9.201,0.022,0.000,0.000,0.000
435,0.435000,679935.497445,-1398291.549901,-718356.052456,5.312547e-03,-1322.805156,-41.352456,1287.506223,0.184,4.637,0.019,0.000,0.000,0.000
436,0.436000,679718.261577,-1398047.366716,-718329.105139,5.349861e-03,-1325.176778,-44.730850,1293.163714,0.189,10.425,0.018,0.000,0.000,0.000
437,0.437000,679508.867788,-1397803.488681,-718294.620893,5.397610e-03,-1328.975397,-49.010769,1299.948015,0.195,3.093,0.021,0.000,0.000,0.000
438,0.438000,679302.335036,-1397558.829608,-718256.494573,5.450402e-03,-1332.816908,-53.816047,1307.445069,0.221,8.947,0.023,0.000,0.000,0.000
439,0.439000,679081.101530,-1397314.185919,-718233.084389,5.482818e-03,-1336.681800,-56.427742,1310.792929,0.208,3.145,0.020,0.000,0.000,0.000
440,0.440000,678859.191711,-1397069.918288,-718210.726576,5.513776e-03,-1340.398677,-58.653764,1314.487513,0.203,9.246,0.021,0.000,0.000,0.000
441,0.441000,678631.050226,-1396825.767807,-718194.717582,5.535943e-03,-1342.432892,-60.004873,1316.963391,0.197,9.062,0.019,0.000,0.000,0.000
442,0.442000,678392.691476,-1396582.302841,-718189.611364,5.543014e-03,-1342.975075,-60.113855,1317.283898,0.200,4.423,0.023,0.000,0.000,0.000
443,0.443000,678153.969298,-1396339.518480,-718185.549181,5.548639e-03,-1343.350757,-60.383041,1317.424068,0.195,9.160,0.019,0.000,0.000,0.000
444,0.444000,677919.538666,-1396097.432341,-718177.893675,5.559239e-03,-1343.520967,-59.540319,1316.913543,0.195,4.694,0.018,0.000,0.000,0.000
445,0.445000,677694.901149,-1395855.847915,-718160.946767,5.582705e-03,-1346.364312,-59.800042,1318.317287,0.194,9.254,0.020,0.000,0.000,0.000
446,0.446000,677474.693350,-1395614.457494,-718139.764144,5.612036e-03,-1351.868235,-62.245762,1321.871434,0.221,4.674,0.027,0.000,0.000,0.000
447,0.447000,677258.779887,-1395373.332545,-718114.552658,5.646945e-03,-1357.310310,-65.271438,1327.436713,0.206,8.857,0.021,0.000,0.000,0.000
448,0.448000,677042.966468,-1395132.075896,-718089.109429,5.682176e-03,-1362.542235,-68.443111,1332.610115,0.201,9.154,0.020,0.000,0.000,0.000
449,0.449000,676822.893581,-1394891.019801,-718068.126220,5.711231e-03,-1367.709407,-71.058135,1335.348236,0.210,4.691,0.019,0.000,0.000,0.000
450,0.450000,676603.736685,-1394650.149979,-718046.413294,5.741296e-03,-1373.200507,-73.538148,1338.394242,0.231,9.177,0.024,0.000,0.000,0.000
451,0.451000,676384.651114,-1394409.567969,-718024.916855,5.771062e-03,-1378.806807,-75.857383,1341.759183,0.224,3.122,0.026,0.000,0.000,0.000
452,0.452000,676156.330944,-1394169.303178,-718012.972233,5.787601e-03,-1381.431169,-76.957900,1343.217048,0.200,8.729,0.019,0.000,0.000,0.000
453,0.453000,675920.046539,-1393929.831491,-718009.784951,5.792014e-03,-1381.544365,-76.801884,1342.863245,0.199,4.696,0.019,0.000,0.000,0.000
454,0.454000,675693.058258,-1393691.147359,-717998.089101,5.808209e-03,-1384.603068,-77.883502,1344.443354,0.200,8.713,0.022,0.000,0.000,0.000
455,0.455000,675474.800613,-1393452.838394,-717978.037781,5.835974e-03,-1390.416165,-80.172874,1347.907092,0.198,9.229,0.019,0.000,0.000,0.000
456,0.456000,675257.413697,-1393214.894778,-717957.481081,5.864438e-03,-1396.277777,-82.396218,1351.347049,0.196,4.594,0.018,0.000,0.000,0.000
457,0.457000,675032.269858,-1392977.319787,-717945.049929,5.881651e-03,-1399.389333,-83.586941,1353.071850,0.214,9.239,0.022,0.000,0.000,0.000
458,0.458000,674808.986071,-1392740.575118,-717931.589047,5.900290e-03,-1399.483602,-79.821348,1352.886720,0.184,4.682,0.020,0.000,0.000,0.000
459,0.459000,674594.403150,-1392503.864543,-717909.461393,5.930930e-03,-1402.164917,-77.013713,1354.320297,0.193,9.163,0.019,0.000,0.000,0.000
460,0.460000,674378.857502,-1392267.517485,-717888.659983,5.959733e-03,-1407.578298,-79.006704,1357.573613,0.190,4.691,0.021,0.000,0.000,0.000
461,0.461000,674154.156019,-1392031.534934,-717877.378916,5.975353e-03,-1410.202081,-79.929834,1359.062420,0.192,7.628,0.021,0.000,0.000,0.000
462,0.462000,673921.237675,-1391796.325929,-717875.088254,5.978525e-03,-1410.174568,-79.796971,1358.830647,0.229,7.680,0.022,0.000,0.000,0.000
463,0.463000,673691.008939,-1391561.869925,-717870.860986,5.984378e-03,-1410.124629,-79.830942,1358.628474,0.209,4.691,0.021,0.000,0.000,0.000
464,0.464000,673473.566932,-1391328.070046,-717854.503114,6.007029e-03,-1413.936943,-81.646524,1360.196805,0.198,10.761,0.020,0.000,0.000,0.000
465,0.465000,673263.922264,-1391094.343389,-717830.421126,6.040374e-03,-1420.545953,-84.478402,1363.721953,0.196,4.619,0.018,0.000,0.000,0.000
466,0.466000,673044.292200,-1390860.837056,-717816.544856,6.059588e-03,-1423.015633,-85.634387,1365.392857,0.191,9.150,0.023,0.000,0.000,0.000
467,0.467000,672817.740253,-1390627.910168,-717810.169915,6.068416e-03,-1422.641559,-85.480277,1365.303487,0.193,3.137,0.020,0.000,0.000,0.000
468,0.468000,672590.631044,-1390395.543790,-717804.912746,6.075695e-03,-1422.395072,-85.247354,1365.363857,0.231,9.200,0.020,0.000,0.000,0.000
469,0.469000,672362.813787,-1390163.738197,-717800.924410,6.081218e-03,-1422.148640,-85.161694,1365.334082,0.199,3.098,0.020,0.000,0.000,0.000
470,0.470000,672135.688357,-1389932.494918,-717796.806561,6.086920e-03,-1421.923817,-85.026929,1365.271604,0.202,10.203,0.020,0.000,0.000,0.000
471,0.471000,671908.215069,-1389701.775494,-717793.560425,6.091414e-03,-1421.684427,-84.942259,1365.154059,0.193,4.629,0.019,0.000,0.000,0.000
472,0.472000,671680.648816,-1389471.588625,-717790.939808,6.095043e-03,-1421.476629,-84.826931,1365.053503,0.196,4.621,0.023,0.000,0.000,0.000
473,0.473000,671453.168699,-1389241.917382,-717788.748683,6.098077e-03,-1421.301316,-84.643217,1364.968367,0.204,6.201,0.028,0.000,0.000,0.000
474,0.474000,671225.226761,-1389012.782358,-717787.555597,6.099729e-03,-1421.159458,-84.559907,1364.822296,0.188,7.727,0.023,0.000,0.000,0.000
475,0.475000,670997.692443,-1388784.188909,-717786.496466,6.101196e-03,-1421.119826,-84.615604,1364.559736,0.205,7.625,0.021,0.000,0.000,0.000
476,0.476000,670770.654484,-1388556.175191,-717785.520707,6.102547e-03,-1421.112296,-84.748434,1364.158333,0.209,4.618,0.023,0.000,0.000,0.000
477,0.477000,670546.364738,-1388328.769398,-717782.404660,6.106861e-03,-1420.718560,-84.400462,1364.112906,0.186,6.135,0.022,0.000,0.000,0.000
478,0.478000,670324.899391,-1388101.846899,-717776.947508,6.114418e-03,-1420.001839,-83.547918,1364.512917,0.190,5.427,0.022,0.000,0.000,0.000
479,0.479000,670103.415775,-1387875.455754,-717772.039979,6.121213e-03,-1419.601401,-82.776631,1364.620159,0.219,6.122,0.021,0.000,0.000,0.000
480,0.480000,669881.967529,-1387649.712180,-717767.744650,6.127161e-03,-1419.377349,-82.087262,1364.509980,0.223,9.182,0.025,0.000,0.000,0.000
481,0.481000,669661.414462,-1387424.607210,-717763.192748,6.133464e-03,-1419.169517,-81.765188,1364.408019,0.209,4.610,0.018,0.000,0.000,0.000
482,0.482000,669440.907826,-1387200.228815,-717759.320989,6.138825e-03,-1418.969364,-81.644875,1363.891854,0.205,6.156,0.025,0.000,0.000,0.000
483,0.483000,669220.167825,-1386976.563789,-717756.395964,6.142875e-03,-1418.672058,-81.348315,1363.088907,0.195,6.114,0.018,0.000,0.000,0.000
484,0.484000,669000.010070,-1386753.639435,-717753.629366,6.146706e-03,-1418.480101,-81.111075,1362.279010,0.216,3.115,0.027,0.000,0.000,0.000
485,0.485000,668779.787838,-1386531.436633,-717751.648795,6.149448e-03,-1418.373280,-81.073057,1361.685198,0.208,9.919,0.022,0.000,0.000,0.000
486,0.486000,668560.256650,-1386309.988278,-717749.731628,6.152103e-03,-1418.879699,-81.415472,1361.134945,0.232,4.636,0.024,0.000,0.000,0.000
487,0.487000,668343.299691,-1386089.220655,-717745.920963,6.157379e-03,-1420.172275,-82.118123,1360.207606,0.218,6.218,0.024,0.000,0.000,0.000
488,0.488000,668127.782707,-1385869.079780,-717741.297072,6.163782e-03,-1421.958728,-83.053219,1359.255923,0.233,6.196,0.026,0.000,0.000,0.000
489,0.489000,667913.425526,-1385649.586626,-717736.161100,6.170894e-03,-1423.981528,-83.911005,1358.576571,0.264,7.715,0.029,0.000,0.000,0.000
490,0.490000,667699.562146,-1385430.666977,-717731.104831,6.177895e-03,-1424.949158,-84.267211,1357.947237,0.227,9.149,0.027,0.000,0.000,0.000
491,0.491000,667487.442163,-1385212.301366,-717724.859203,6.186543e-03,-1425.053353,-84.780436,1357.355067,0.210,3.149,0.024,0.000,0.000,0.000
492,0.492000,667275.820989,-1384994.484479,-717718.663490,6.195122e-03,-1425.134389,-85.226827,1356.954518,0.206,10.648,0.023,0.000,0.000,0.000
493,0.493000,667062.096291,-1384777.258365,-717715.162074,6.199970e-03,-1425.093203,-85.248899,1356.615877,0.248,4.641,0.025,0.000,0.000,0.000
494,0.494000,666852.481579,-1384560.621204,-717708.139626,6.209694e-03,-1424.945767,-85.619101,1357.787624,0.203,6.234,0.022,0.000,0.000,0.000
495,0.495000,666647.156185,-1384344.294020,-717697.137835,6.224928e-03,-1424.872918,-86.174019,1359.980432,0.200,6.194,0.021,0.000,0.000,0.000
496,0.496000,666439.566742,-1384128.247918,-717688.681176,6.236638e-03,-1424.889108,-86.647772,1360.451252,0.200,6.141,0.019,0.000,0.000,0.000
497,0.497000,666229.256810,-1383912.624370,-717683.367561,6.243995e-03,-1425.412768,-87.142419,1359.662680,0.191,3.098,0.019,0.000,0.000,0.000
498,0.498000,666018.860817,-1383697.425458,-717678.564641,6.250646e-03,-1426.523166,-87.869447,1358.680518,0.189,9.164,0.024,0.000,0.000,0.000
499,0.499000,665810.993463,-1383482.587694,-717671.594231,6.260298e-03,-1427.104117,-87.275428,1357.635795,0.189,4.614,0.019,0.000,0.000,0.000
500,0.500000,665602.210762,-1383267.993194,-717665.782433,6.268345e-03,-1427.206344,-86.273782,1356.897759,0.192,7.656,0.018,0.000,0.000,0.000
501,0.501000,665390.452008,-1383053.864597,-717663.412589,6.271626e-03,-1427.256112,-86.432285,1356.408695,0.192,3.108,0.024,0.000,0.000,0.000
502,0.502000,665180.317986,-1382840.231497,-717659.913511,6.276471e-03,-1427.130003,-86.862798,1355.974624,0.217,10.675,0.028,0.000,0.000,0.000
503,0.503000,664971.055431,-1382627.072286,-717656.016854,6.281867e-03,-1427.052334,-87.074603,1355.381177,0.294,4.636,0.041,0.000,0.000,0.000
504,0.504000,664761.206056,-1382414.348491,-717653.142435,6.285847e-03,-1427.146528,-87.042322,1354.587567,0.225,6.136,0.022,0.000,0.000,0.000
505,0.505000,664551.627589,-1382202.084244,-717650.456655,6.289566e-03,-1427.297344,-87.074274,1353.815693,0.214,6.108,0.025,0.000,0.000,0.000
506,0.506000,664343.073498,-1381990.342647,-717647.269149,6.293980e-03,-1428.093467,-87.329632,1353.079893,0.201,7.715,0.020,0.000,0.000,0.000
507,0.507000,664134.977852,-1381779.125433,-717644.147581,6.298302e-03,-1428.804482,-87.712592,1352.502913,0.197,4.681,0.020,0.000,0.000,0.000
508,0.508000,663927.951423,-1381568.518222,-717640.566799,6.303260e-03,-1428.789815,-87.986503,1351.820363,0.199,10.674,0.020,0.000,0.000,0.000
509,0.509000,663722.456822,-1381358.432958,-717635.976135,6.309617e-03,-1428.782465,-88.280727,1350.834152,0.209,4.715,0.032,0.000,0.000,0.000
510,0.510000,663516.875093,-1381148.901724,-717632.026632,6.315086e-03,-1428.827755,-88.451891,1350.074745,0.209,6.134,0.025,0.000,0.000,0.000
511,0.511000,663311.699453,-1380939.995275,-717628.295822,6.320252e-03,-1428.785923,-88.706129,1349.425370,0.192,6.156,0.023,0.000,0.000,0.000
512,0.512000,663109.876147,-1380731.677673,-717621.801526,6.329244e-03,-1428.391018,-89.283415,1348.549936,0.207,3.116,0.028,0.000,0.000,0.000
513,0.513000,662909.124448,-1380523.872197,-717614.747749,6.339011e-03,-1428.282607,-89.354170,1347.788931,0.194,10.674,0.020,0.000,0.000,0.000
514,0.514000,662706.319175,-1380316.603790,-717610.284615,6.345191e-03,-1428.563273,-89.076286,1346.988805,0.189,3.095,0.022,0.000,0.000,0.000
515,0.515000,662514.831189,-1380109.869556,-717595.038367,6.366302e-03,-1428.751393,-89.318196,1349.231665,0.193,4.617,0.023,0.000,0.000,0.000
516,0.516000,662327.738843,-1379903.054042,-717575.315199,6.393612e-03,-1428.912901,-89.943805,1353.400750,0.184,4.600,0.018,0.000,0.000,0.000
517,0.517000,662131.916816,-1379696.440474,-717564.523658,6.408555e-03,-1428.905406,-90.698912,1354.958097,0.310,7.046,0.052,0.000,0.000,0.000
518,0.518000,661936.782794,-1379490.074811,-717553.292017,6.424107e-03,-1428.833051,-91.481073,1356.366932,0.375,9.442,0.063,0.000,0.000,0.000
519,0.519000,661740.301578,-1379283.782623,-717543.481045,6.437692e-03,-1428.992570,-92.215609,1358.090519,0.310,4.640,0.038,0.000,0.000,0.000
520,0.520000,661540.729315,-1379077.803921,-717537.074606,6.446563e-03,-1429.206618,-92.674251,1358.925649,0.234,6.162,0.023,0.000,0.000,0.000
521,0.521000,661344.506223,-1378872.105829,-717527.599606,6.459683e-03,-1429.258582,-93.329399,1360.568811,0.232,7.719,0.024,0.000,0.000,0.000
522,0.522000,661148.427399,-1378666.455420,-717518.028020,6.472936e-03,-1429.386613,-94.010540,1362.214133,0.215,4.624,0.023,0.000,0.000,0.000
523,0.523000,660953.097263,-1378460.956931,-717507.859668,6.487016e-03,-1429.286550,-94.913395,1364.003562,0.230,7.655,0.020,0.000,0.000,0.000
524,0.524000,660755.770463,-1378255.418194,-717499.647731,6.498387e-03,-1429.249151,-95.731755,1364.972336,0.211,7.640,0.111,0.000,0.000,0.000
525,0.525000,660553.620630,-1378050.187165,-717496.566535,6.502653e-03,-1429.467740,-95.898230,1364.109660,0.206,3.101,0.019,0.000,0.000,0.000
526,0.526000,660352.193040,-1377845.257924,-717493.064884,6.507502e-03,-1429.577986,-96.184419,1363.561094,0.202,4.617,0.019,0.000,0.000,0.000
527,0.527000,660150.657938,-1377640.687562,-717490.029624,6.511705e-03,-1429.541134,-96.510753,1363.359758,0.243,4.689,0.032,0.000,0.000,0.000
528,0.528000,659949.387587,-1377436.573101,-717487.185513,6.515643e-03,-1429.387452,-96.819807,1362.805482,0.204,7.657,0.019,0.000,0.000,0.000
529,0.529000,659749.354147,-1377232.881478,-717483.527331,6.520708e-03,-1429.311748,-97.078278,1361.742672,0.223,10.742,0.022,0.000,0.000,0.000
530,0.530000,659549.514028,-1377029.652853,-717480.138825,6.525400e-03,-1429.231501,-97.312351,1360.883190,0.207,3.103,0.021,0.000,0.000,0.000
531,0.531000,659349.023191,-1376826.964836,-717477.941645,6.528443e-03,-1429.360129,-97.450480,1360.439986,0.208,4.617,0.020,0.000,0.000,0.000
532,0.532000,659148.677790,-1376624.880687,-717476.202897,6.530850e-03,-1429.534278,-97.463251,1359.994680,0.235,6.210,0.021,0.000,0.000,0.000
533,0.533000,658948.701755,-1376423.394950,-717474.693194,6.532941e-03,-1429.546600,-97.572817,1359.390333,0.190,7.216,0.019,0.000,0.000,0.000
534,0.534000,658748.978073,-1376222.504023,-717473.525951,6.534557e-03,-1429.526277,-97.670467,1358.937111,0.193,9.170,0.023,0.000,0.000,0.000
535,0.535000,658550.725478,-1376022.211302,-717471.485824,6.537382e-03,-1429.475447,-97.753035,1358.444654,0.201,4.710,0.022,0.000,0.000,0.000
536,0.536000,658355.140994,-1375822.460275,-717467.319281,6.543151e-03,-1429.137190,-97.724701,1357.960821,0.197,6.189,0.022,0.000,0.000,0.000
537,0.537000,658160.676813,-1375623.142138,-717462.465325,6.549872e-03,-1428.750223,-97.620530,1357.599397,0.215,5.757,0.021,0.000,0.000,0.000
538,0.538000,657965.746709,-1375424.310203,-717458.563494,6.555275e-03,-1428.825030,-97.526707,1357.347331,0.213,7.716,0.023,0.000,0.000,0.000
539,0.539000,657770.684739,-1375225.929197,-717455.244458,6.559871e-03,-1428.983112,-97.433770,1357.354808,0.197,4.688,0.021,0.000,0.000,0.000
540,0.540000,657575.890010,-1375028.022434,-717452.132424,6.564180e-03,-1429.029895,-97.506601,1357.236001,0.190,10.738,0.021,0.000,0.000,0.000
541,0.541000,657382.411052,-1374830.573464,-717448.162412,6.569677e-03,-1429.190946,-97.533642,1356.556336,0.196,4.696,0.020,0.000,0.000,0.000
542,0.542000,657190.060045,-1374633.559508,-717443.499463,6.576134e-03,-1429.272219,-97.485565,1355.799038,0.198,6.189,0.022,0.000,0.000,0.000
543,0.543000,656999.014957,-1374437.022193,-717438.007236,6.583739e-03,-1428.930330,-97.494333,1355.830580,0.195,6.225,0.020,0.000,0.000,0.000
544,0.544000,656809.206239,-1374240.880422,-717431.674183,6.592508e-03,-1428.445585,-97.932382,1356.308567,0.279,7.654,0.039,0.000,0.000,0.000
545,0.545000,656620.706322,-1374045.002712,-717424.296389,6.602724e-03,-1427.951672,-99.112313,1356.270797,0.308,8.805,0.042,0.000,0.000,0.000
546,0.546000,656432.425590,-1373849.295720,-717416.870130,6.613007e-03,-1427.236110,-100.620219,1356.177175,0.254,9.260,0.032,0.000,0.000,0.000
547,0.547000,656243.144505,-1373653.848498,-717410.703993,6.621545e-03,-1426.868200,-101.767026,1356.293319,0.243,4.689,0.023,0.000,0.000,0.000
548,0.548000,656053.167953,-1373458.698137,-717405.530183,6.628709e-03,-1426.894268,-101.969456,1356.157272,0.235,7.668,0.026,0.000,0.000,0.000
549,0.549000,655862.870231,-1373263.986086,-717401.115854,6.634821e-03,-1426.843238,-101.805472,1355.999538,0.219,9.247,0.021,0.000,0.000,0.000
550,0.550000,655672.151173,-1373069.717348,-717397.566175,6.639736e-03,-1426.926088,-101.685161,1355.820014,0.248,4.714,0.023,0.000,0.000,0.000
551,0.551000,655483.190535,-1372875.936168,-717392.745633,6.646411e-03,-1427.115346,-102.274932,1355.674753,0.213,9.174,0.021,0.000,0.000,0.000
552,0.552000,655298.146567,-1372682.400887,-717384.254320,6.658169e-03,-1427.019088,-103.273518,1355.747767,0.333,4.709,0.024,0.000,0.000,0.000
553,0.553000,655114.734078,-1372489.161613,-717374.427535,6.671776e-03,-1426.816052,-103.814218,1356.093136,0.211,6.205,0.019,0.000,0.000,0.000
554,0.554000,654932.797300,-1372296.091272,-717363.293972,6.687192e-03,-1426.599936,-104.918779,1356.477892,0.224,6.113,0.024,0.000,0.000,0.000
555,0.555000,654751.070478,-1372103.121287,-717352.050808,6.702760e-03,-1426.262624,-106.657076,1356.588207,0.220,7.476,0.033,0.000,0.000,0.000
556,0.556000,654574.087891,-1371910.340270,-717336.252379,6.724636e-03,-1425.348994,-109.318381,1356.327708,0.245,7.634,0.023,0.000,0.000,0.000
557,0.557000,654404.428909,-1371717.639218,-717313.210309,6.756542e-03,-1423.808288,-112.780239,1355.792755,0.206,3.171,0.024,0.000,0.000,0.000
558,0.558000,654229.663355,-1371524.983036,-717295.319681,6.781314e-03,-1422.931677,-114.845006,1355.363410,0.224,9.127,0.027,0.000,0.000,0.000
559,0.559000,654053.348081,-1371332.579134,-717279.231053,6.803592e-03,-1422.173999,-116.485281,1354.953840,0.273,3.237,0.039,0.000,0.000,0.000
560,0.560000,653875.571579,-1371140.385277,-717264.813698,6.823555e-03,-1421.366630,-118.026465,1354.504173,0.541,4.836,0.144,0.000,0.000,0.000
561,0.561000,653698.085051,-1370948.463289,-717250.378238,6.843543e-03,-1420.400874,-119.757453,1354.087061,0.267,6.145,0.051,0.000,0.000,0.000
562,0.562000,653519.357553,-1370756.737657,-717237.380104,6.861542e-03,-1419.296129,-121.628899,1354.016025,0.276,10.397,0.037,0.000,0.000,0.000
563,0.563000,653333.269694,-1370565.273314,-717232.003620,6.868986e-03,-1418.960210,-122.035363,1354.160543,0.238,4.639,0.028,0.000,0.000,0.000
564,0.564000,653148.635381,-1370374.099775,-717225.464394,6.878041e-03,-1418.794269,-121.792460,1354.385219,0.254,6.148,0.025,0.000,0.000,0.000
565,0.565000,652964.538889,-1370183.061317,-717218.522428,6.887653e-03,-1418.196026,-121.712155,1355.109263,0.556,7.813,0.113,0.000,0.000,0.000
566,0.566000,652782.977385,-1369992.146921,-717209.169537,6.900604e-03,-1416.956033,-120.107159,1355.817177,0.315,10.347,0.060,0.000,0.000,0.000
567,0.567000,652605.042977,-1369801.052376,-717196.009399,6.918826e-03,-1416.076962,-116.893081,1355.660539,0.299,5.262,0.029,0.000,0.000,0.000
568,0.568000,652427.079095,-1369609.750062,-717182.670967,6.937296e-03,-1415.942333,-113.760563,1355.193659,0.279,6.148,0.032,0.000,0.000,0.000
569,0.569000,652245.434424,-1369418.372106,-717172.937682,6.950773e-03,-1415.824872,-111.799413,1354.935554,0.250,6.142,0.028,0.000,0.000,0.000
570,0.570000,652065.607651,-1369227.074685,-717161.467033,6.966656e-03,-1414.959616,-112.230106,1354.783530,0.239,7.731,0.026,0.000,0.000,0.000
571,0.571000,651886.353189,-1369035.893458,-717149.540269,6.983171e-03,-1413.877242,-113.332111,1354.992932,0.262,9.249,0.025,0.000,0.000,0.000
572,0.572000,651709.820198,-1368844.898945,-717135.078747,7.003195e-03,-1412.881742,-115.371284,1354.747553,0.221,3.109,0.021,0.000,0.000,0.000
573,0.573000,651533.233154,-1368653.876867,-717120.643713,7.023183e-03,-1412.017646,-117.066277,1354.720444,0.217,10.747,0.029,0.000,0.000,0.000
574,0.574000,651348.872292,-1368463.082019,-717114.209727,7.032092e-03,-1411.908031,-117.151926,1355.071170,0.212,4.453,0.023,0.000,0.000,0.000
575,0.575000,651171.419869,-1368272.566855,-717101.146986,7.050180e-03,-1411.924389,-114.462564,1354.011433,0.210,6.232,0.021,0.000,0.000,0.000
576,0.576000,650993.240358,-1368081.658657,-717088.418299,7.067805e-03,-1411.721167,-111.700590,1353.169130,0.208,6.115,0.021,0.000,0.000,0.000
577,0.577000,650807.624553,-1367890.990480,-717083.365927,7.074801e-03,-1411.472183,-111.434352,1353.390652,0.195,6.134,0.019,0.000,0.000,0.000
578,0.578000,650623.727516,-1367700.544425,-717076.816909,7.083869e-03,-1411.042595,-110.565248,1353.811729,0.212,8.898,0.019,0.000,0.000,0.000
579,0.579000,650440.173116,-1367510.221702,-717070.048585,7.093241e-03,-1410.544545,-109.666891,1354.205960,0.196,4.693,0.029,0.000,0.000,0.000
580,0.580000,650256.920824,-1367320.113659,-717063.192835,7.102734e-03,-1410.697515,-108.650936,1354.220794,0.199,6.123,0.019,0.000,0.000,0.000
581,0.581000,650074.947812,-1367130.144113,-717055.196301,7.113806e-03,-1411.129929,-107.251574,1354.177174,0.196,6.053,0.022,0.000,0.000,0.000
582,0.582000,649891.708586,-1366940.300435,-717048.591849,7.122951e-03,-1410.998713,-106.185210,1354.406257,0.195,3.110,0.022,0.000,0.000,0.000
583,0.583000,649707.271364,-1366750.654922,-717043.383558,7.130163e-03,-1410.618929,-105.319635,1354.850717,0.189,10.735,0.020,0.000,0.000,0.000
584,0.584000,649522.945868,-1366561.160467,-717038.214599,7.137321e-03,-1410.687191,-104.357773,1354.995750,0.240,3.195,0.096,0.000,0.000,0.000
585,0.585000,649337.103150,-1366371.855398,-717034.752248,7.142115e-03,-1410.978991,-103.586123,1355.216193,0.207,6.146,0.021,0.000,0.000,0.000
586,0.586000,649151.442334,-1366182.840275,-717031.397941,7.146759e-03,-1411.297252,-102.931498,1355.471554,0.193,6.206,0.025,0.000,0.000,0.000
587,0.587000,648968.251545,-1365994.042941,-717025.791396,7.154523e-03,-1412.168764,-102.029079,1355.433380,0.203,6.160,0.019,0.000,0.000,0.000
588,0.588000,648785.898863,-1365805.431198,-717019.532334,7.163189e-03,-1413.399478,-100.737559,1355.203980,0.191,8.740,0.020,0.000,0.000,0.000
589,0.589000,648602.306019,-1365616.985829,-717014.679811,7.169908e-03,-1414.317123,-99.463150,1355.279241,0.188,3.076,0.020,0.000,0.000,0.000
590,0.590000,648418.924757,-1365428.801974,-717009.877218,7.176558e-03,-1415.092880,-98.497649,1355.629152,0.200,6.175,0.024,0.000,0.000,0.000
591,0.591000,648236.592773,-1365240.858404,-717004.265631,7.184329e-03,-1415.937866,-97.487322,1355.754280,0.189,6.191,0.020,0.000,0.000,0.000
592,0.592000,648054.228465,-1365053.164232,-716998.935767,7.191709e-03,-1416.729468,-96.329209,1355.777781,0.201,6.175,0.020,0.000,0.000,0.000
593,0.593000,647872.824599,-1364865.722212,-716992.897612,7.200070e-03,-1417.342527,-95.520079,1355.626344,0.207,3.111,0.056,0.000,0.000,0.000
594,0.594000,647691.989525,-1364678.382297,-716986.392772,7.209077e-03,-1417.519814,-95.175502,1355.342959,0.192,9.246,0.022,0.000,0.000,0.000
595,0.595000,647511.225445,-1364491.155525,-716979.930080,7.218025e-03,-1417.164564,-95.191333,1355.488619,0.190,4.691,0.019,0.000,0.000,0.000
596,0.596000,647330.216500,-1364304.195094,-716973.978593,7.226266e-03,-1416.893464,-95.106882,1355.915502,0.192,7.643,0.041,0.000,0.000,0.000
597,0.597000,647149.394488,-1364117.530821,-716968.136333,7.234356e-03,-1416.872999,-94.994198,1356.060626,0.213,3.111,0.022,0.000,0.000,0.000
598,0.598000,646968.463342,-1363931.074781,-716962.611439,7.242006e-03,-1416.818419,-95.191225,1356.192901,0.180,10.718,0.020,0.000,0.000,0.000
599,0.599000,646786.693455,-1363744.885961,-716958.192506,7.248125e-03,-1416.743821,-95.163749,1356.289189,0.185,3.162,0.023,0.000,0.000,0.000
600,0.600000,646605.366896,-1363559.152477,-716953.785581,7.254227e-03,-1416.760749,-95.143263,1356.394955,0.188,4.610,0.021,0.000,0.000,0.000
601,0.601000,646425.097976,-1363373.816023,-716948.718047,7.261244e-03,-1416.793202,-95.337560,1356.647445,0.225,4.620,0.020,0.000,0.000,0.000
602,0.602000,646245.232442,-1363188.924399,-716943.691956,7.268203e-03,-1416.867090,-95.541425,1356.766295,0.226,6.013,0.034,0.000,0.000,0.000
603,0.603000,646065.445899,-1363004.378375,-716938.932476,7.274794e-03,-1417.045543,-96.044610,1356.886672,0.209,10.801,0.022,0.000,0.000,0.000
604,0.604000,645886.191347,-1362820.246396,-716934.055049,7.281547e-03,-1416.949886,-96.651392,1357.319002,0.203,9.219,0.020,0.000,0.000,0.000
605,0.605000,645709.193896,-1362636.627188,-716927.433292,7.290716e-03,-1416.340374,-97.165693,1357.639335,0.196,4.614,0.020,0.000,0.000,0.000
606,0.606000,645534.042961,-1362453.458483,-716919.415522,7.301818e-03,-1415.349470,-97.914922,1357.911549,0.186,8.675,0.021,0.000,0.000,0.000
607,0.607000,645359.519328,-1362270.737056,-716911.217728,7.313170e-03,-1414.421692,-98.800466,1358.057414,0.197,3.111,0.021,0.000,0.000,0.000
608,0.608000,645184.657270,-1362088.463518,-716903.806248,7.323432e-03,-1413.984935,-99.488824,1357.750199,0.187,9.228,0.019,0.000,0.000,0.000
609,0.609000,645010.739438,-1361906.742913,-716896.003475,7.334236e-03,-1413.501799,-100.356731,1357.719750,0.191,9.145,0.019,0.000,0.000,0.000
610,0.610000,644837.846812,-1361725.368521,-716887.521709,7.345981e-03,-1413.145992,-101.529642,1357.823944,0.217,3.101,0.019,0.000,0.000,0.000
611,0.611000,644665.172650,-1361544.475940,-716879.303290,7.357361e-03,-1413.097920,-102.694110,1357.796198,0.201,10.709,0.017,0.000,0.000,0.000
612,0.612000,644493.586087,-1361363.962756,-716870.376670,7.369721e-03,-1412.887300,-103.007672,1357.612023,0.207,3.108,0.051,0.000,0.000,0.000
613,0.613000,644321.359279,-1361183.800047,-716862.440768,7.380710e-03,-1412.970286,-102.563765,1357.334330,0.202,7.635,0.020,0.000,0.000,0.000
614,0.614000,644147.819880,-1361003.989159,-716856.169279,7.389394e-03,-1413.482261,-102.393990,1356.889827,0.206,9.221,0.020,0.000,0.000,0.000
615,0.615000,643975.077423,-1360824.552426,-716849.475004,7.398663e-03,-1414.023153,-102.131305,1356.343904,0.199,3.107,0.025,0.000,0.000,0.000
616,0.616000,643804.420995,-1360645.416425,-716840.995430,7.410404e-03,-1414.203378,-102.002683,1355.961272,0.193,10.465,0.025,0.000,0.000,0.000
617,0.617000,643634.113133,-1360466.436199,-716832.323065,7.422413e-03,-1414.275705,-101.916431,1355.365916,0.186,3.093,0.019,0.000,0.000,0.000
618,0.618000,643463.425948,-1360287.692173,-716824.266225,7.433569e-03,-1414.450598,-101.555431,1354.855914,0.185,4.602,0.019,0.000,0.000,0.000
619,0.619000,643292.053296,-1360109.228793,-716817.175496,7.443387e-03,-1414.750620,-101.581144,1354.565258,0.182,4.600,0.019,0.000,0.000,0.000
620,0.620000,643120.395430,-1359930.985135,-716810.589705,7.452506e-03,-1414.771051,-101.900455,1354.577900,0.209,7.711,0.021,0.000,0.000,0.000
621,0.621000,642948.697362,-1359752.919531,-716804.222169,7.461323e-03,-1414.598459,-102.199740,1354.831064,0.189,9.193,0.019,0.000,0.000,0.000
622,0.622000,642779.267699,-1359575.136326,-716795.868627,7.472890e-03,-1414.226982,-102.783975,1354.979207,0.227,3.159,0.028,0.000,0.000,0.000
623,0.623000,642609.703448,-1359397.539954,-716787.836506,7.484012e-03,-1413.891713,-103.285474,1355.044152,0.181,4.615,0.020,0.000,0.000,0.000
624,0.624000,642437.756338,-1359220.242662,-716782.486324,7.491420e-03,-1413.891989,-103.343804,1354.990142,0.179,6.119,0.019,0.000,0.000,0.000
625,0.625000,642271.235146,-1359043.219997,-716771.984851,7.505961e-03,-1413.314711,-103.769386,1355.112515,0.210,7.667,0.023,0.000,0.000,0.000
626,0.626000,642106.479153,-1358866.276489,-716759.797335,7.522837e-03,-1412.676385,-104.506006,1355.335467,0.236,10.747,0.022,0.000,0.000,0.000
627,0.627000,641940.878766,-1358689.521940,-716748.643173,7.538282e-03,-1412.498938,-105.007295,1355.607640,0.214,4.610,0.020,0.000,0.000,0.000
628,0.628000,641776.794965,-1358512.807801,-716736.012836,7.555771e-03,-1412.259068,-105.498501,1355.922916,0.201,6.196,0.018,0.000,0.000,0.000
629,0.629000,641611.070224,-1358336.258773,-716725.188550,7.570759e-03,-1412.033477,-105.764698,1356.087758,0.196,7.714,0.021,0.000,0.000,0.000
630,0.630000,641446.007067,-1358159.920619,-716713.913552,7.586371e-03,-1412.040922,-105.688318,1356.100510,0.194,4.669,0.020,0.000,0.000,0.000
631,0.631000,641283.153938,-1357983.723252,-716700.569314,7.604848e-03,-1413.223918,-106.180513,1355.828973,0.193,7.652,0.019,0.000,0.000,0.000
632,0.632000,641118.651789,-1357807.622188,-716688.970399,7.620909e-03,-1414.458778,-107.177496,1355.432073,0.190,8.351,0.025,0.000,0.000,0.000
633,0.633000,640951.146082,-1357631.796297,-716680.650215,7.632430e-03,-1414.507056,-107.548733,1355.215266,0.262,4.667,0.037,0.000,0.000,0.000
634,0.634000,640782.816895,-1357456.339854,-716673.522960,7.642299e-03,-1414.693281,-107.418799,1355.012929,0.225,10.738,0.021,0.000,0.000,0.000
635,0.635000,640614.070150,-1357281.234186,-716667.164036,7.651104e-03,-1415.271377,-107.207183,1354.565694,0.210,4.705,0.021,0.000,0.000,0.000
636,0.636000,640447.667260,-1357106.541665,-716658.874404,7.662582e-03,-1416.737910,-107.833475,1354.007077,0.213,9.269,0.024,0.000,0.000,0.000
637,0.637000,640282.967145,-1356932.057936,-716649.090791,7.676129e-03,-1418.522380,-109.080028,1353.451601,0.203,4.686,0.021,0.000,0.000,0.000
638,0.638000,640116.466487,-1356757.924109,-716641.457622,7.686699e-03,-1419.469007,-109.716006,1352.914151,0.197,7.663,0.022,0.000,0.000,0.000
639,0.639000,639952.119107,-1356584.217081,-716632.097974,7.699659e-03,-1421.300388,-110.522385,1352.281184,0.201,7.658,0.021,0.000,0.000,0.000
640,0.640000,639790.908959,-1356410.870454,-716619.961494,7.716464e-03,-1423.057842,-111.390007,1351.637640,0.201,4.678,0.021,0.000,0.000,0.000
641,0.641000,639626.088533,-1356238.000564,-716611.912030,7.727610e-03,-1423.436975,-111.828470,1351.360195,0.201,9.133,0.019,0.000,0.000,0.000
642,0.642000,639460.021264,-1356065.701395,-716605.680130,7.736239e-03,-1423.968905,-112.193754,1351.165949,0.234,4.715,0.026,0.000,0.000,0.000
643,0.643000,639294.825243,-1355893.828298,-716599.003055,7.745484e-03,-1424.571220,-112.529377,1350.907825,0.210,4.606,0.020,0.000,0.000,0.000
644,0.644000,639128.471535,-1355722.430529,-716593.958994,7.752469e-03,-1424.914852,-112.565563,1350.602381,0.205,5.824,0.019,0.000,0.000,0.000
645,0.645000,638962.419976,-1355551.546605,-716589.126629,7.759160e-03,-1425.164500,-112.341089,1350.214578,0.214,7.635,0.026,0.000,0.000,0.000
646,0.646000,638799.417098,-1355381.198723,-716581.781625,7.769330e-03,-1425.323784,-112.307044,1349.804697,0.188,10.644,0.020,0.000,0.000,0.000
647,0.647000,638638.193555,-1355211.273798,-716573.080243,7.781379e-03,-1425.484794,-112.300350,1349.454390,0.204,3.077,0.019,0.000,0.000,0.000
648,0.648000,638474.657335,-1355041.798784,-716567.141448,7.789602e-03,-1425.651756,-112.243953,1349.325091,0.197,6.135,0.024,0.000,0.000,0.000
649,0.649000,638310.480186,-1354872.860873,-716562.380687,7.796194e-03,-1425.944383,-112.198804,1349.246334,0.186,6.200,0.025,0.000,0.000,0.000
650,0.650000,638147.628841,-1354704.448961,-716556.820121,7.803894e-03,-1426.354932,-112.187042,1349.212421,0.203,7.713,0.023,0.000,0.000,0.000
651,0.651000,637986.606891,-1354536.515684,-716549.908793,7.813464e-03,-1426.808345,-112.139071,1349.148593,0.218,8.988,0.021,0.000,0.000,0.000
652,0.652000,637826.687973,-1354369.058685,-716542.370712,7.823902e-03,-1427.247175,-111.942535,1349.005852,0.232,9.229,0.025,0.000,0.000,0.000
653,0.653000,637666.926573,-1354202.101323,-716535.174750,7.833866e-03,-1427.510709,-111.878973,1348.809937,0.256,4.636,0.024,0.000,0.000,0.000
654,0.654000,637506.994069,-1354035.623938,-716528.629869,7.842928e-03,-1427.792922,-111.971099,1348.777773,0.212,10.164,0.019,0.000,0.000,0.000
655,0.655000,637347.832168,-1353869.697572,-716521.865404,7.852295e-03,-1428.259699,-111.888734,1348.904380,0.213,3.110,0.028,0.000,0.000,0.000
656,0.656000,637190.205493,-1353704.288717,-716514.083224,7.863071e-03,-1428.998838,-111.665160,1348.822377,0.197,4.613,0.025,0.000,0.000,0.000
657,0.657000,637032.458180,-1353539.418514,-716506.960334,7.872933e-03,-1429.625798,-111.537438,1348.727011,0.193,6.201,0.020,0.000,0.000,0.000
658,0.658000,636874.327410,-1353375.138853,-716500.811443,7.881448e-03,-1430.384670,-111.478028,1348.648389,0.192,7.715,0.023,0.000,0.000,0.000
659,0.659000,636719.796282,-1353211.431494,-716491.635212,7.894154e-03,-1432.078455,-112.067501,1348.547869,0.194,9.254,0.021,0.000,0.000,0.000
660,0.660000,636566.314390,-1353048.157375,-716481.842985,7.907713e-03,-1433.367004,-112.694055,1348.599382,0.190,3.099,0.018,0.000,0.000,0.000
661,0.661000,636410.503299,-1352885.462617,-716474.959318,7.917244e-03,-1433.763049,-112.675668,1348.690874,0.194,4.633,0.019,0.000,0.000,0.000
662,0.662000,636254.650070,-1352723.353501,-716468.703431,7.925907e-03,-1434.185522,-112.762801,1348.737821,0.193,6.211,0.025,0.000,0.000,0.000
663,0.663000,636097.567139,-1352561.742512,-716464.175372,7.932177e-03,-1434.480100,-112.775466,1348.594994,0.200,6.081,0.023,0.000,0.000,0.000
664,0.664000,635940.724909,-1352400.752841,-716460.027932,7.937919e-03,-1434.913464,-112.609401,1348.189245,0.197,10.751,0.023,0.000,0.000,0.000
665,0.665000,635785.671389,-1352240.316744,-716454.645355,7.945372e-03,-1435.200503,-112.602371,1348.015456,0.192,4.513,0.022,0.000,0.000,0.000
666,0.666000,635632.145385,-1352080.419259,-716448.273874,7.954195e-03,-1435.357961,-112.939530,1348.045220,0.228,6.182,0.023,0.000,0.000,0.000
667,0.667000,635478.776569,-1351921.026855,-716442.250286,7.962536e-03,-1435.690531,-113.281000,1348.028197,0.220,6.212,0.021,0.000,0.000,0.000
668,0.668000,635325.598539,-1351762.249970,-716436.651431,7.970288e-03,-1435.877319,-113.815711,1348.037236,0.193,7.718,0.020,0.000,0.000,0.000
669,0.669000,635174.106097,-1351603.962005,-716429.855908,7.979698e-03,-1436.017391,-114.144345,1348.037486,0.190,4.626,0.021,0.000,0.000,0.000
670,0.670000,635023.498948,-1351446.268634,-716422.769685,7.989510e-03,-1436.136600,-114.047908,1347.955356,0.200,10.273,0.022,0.000,0.000,0.000
671,0.671000,634872.640065,-1351289.151206,-716416.511142,7.998176e-03,-1436.233436,-114.007635,1347.770255,0.204,4.680,0.020,0.000,0.000,0.000
672,0.672000,634721.306339,-1351132.685548,-716411.379209,8.005282e-03,-1436.419988,-113.776541,1347.645349,0.192,6.181,0.020,0.000,0.000,0.000
673,0.673000,634570.350179,-1350976.891208,-716406.541029,8.011981e-03,-1436.678658,-113.432296,1347.543517,0.197,6.231,0.021,0.000,0.000,0.000
674,0.674000,634421.203660,-1350821.731100,-716400.527440,8.020308e-03,-1436.734285,-113.086847,1347.658298,0.191,7.694,0.021,0.000,0.000,0.000
675,0.675000,634273.985344,-1350667.192026,-716393.206682,8.030445e-03,-1436.564942,-112.941956,1347.924394,0.194,7.655,0.021,0.000,0.000,0.000
676,0.676000,634128.172162,-1350513.297101,-716385.124939,8.041635e-03,-1436.695276,-113.595097,1347.869100,0.184,3.161,0.020,0.000,0.000,0.000
677,0.677000,633982.884684,-1350359.748771,-716376.864087,8.053074e-03,-1436.994218,-113.987981,1347.783844,0.193,9.149,0.019,0.000,0.000,0.000
678,0.678000,633837.761459,-1350206.853328,-716369.091869,8.063836e-03,-1436.889769,-113.704083,1347.992326,0.194,4.610,0.018,0.000,0.000,0.000
679,0.679000,633692.376404,-1350054.650954,-716362.274550,8.073276e-03,-1436.949573,-113.510850,1348.054586,0.190,9.164,0.019,0.000,0.000,0.000
680,0.680000,633547.871874,-1349903.177836,-716355.305963,8.082925e-03,-1437.200998,-113.438028,1347.956016,0.183,3.095,0.032,0.000,0.000,0.000
681,0.681000,633404.639363,-1349752.406206,-716347.766843,8.093364e-03,-1437.255310,-113.450665,1347.815237,0.180,9.140,0.020,0.000,0.000,0.000
682,0.682000,633260.987637,-1349602.322089,-716341.334452,8.102271e-03,-1437.240863,-113.463633,1347.556159,0.196,4.610,0.022,0.000,0.000,0.000
683,0.683000,633118.963441,-1349452.960131,-716333.996690,8.112431e-03,-1437.364553,-113.504971,1347.305742,0.222,6.203,0.023,0.000,0.000,0.000
684,0.684000,632977.533086,-1349304.262127,-716326.729041,8.122495e-03,-1437.683847,-113.517971,1347.102189,0.203,7.315,0.023,0.000,0.000,0.000
685,0.685000,632836.126676,-1349156.274785,-716320.148109,8.131607e-03,-1437.957608,-113.302134,1347.176687,0.191,7.731,0.020,0.000,0.000,0.000
686,0.686000,632696.664953,-1349008.938608,-716312.273656,8.142511e-03,-1437.685742,-114.195399,1347.285533,0.187,3.107,0.019,0.000,0.000,0.000
687,0.687000,632557.782997,-1348862.168244,-716304.385247,8.153433e-03,-1437.397865,-115.315919,1347.160724,0.186,10.735,0.018,0.000,0.000,0.000
688,0.688000,632419.222591,-1348715.996706,-716296.774115,8.163972e-03,-1437.500975,-114.925312,1347.026618,0.199,2.945,0.021,0.000,0.000,0.000
689,0.689000,632280.346160,-1348570.452195,-716290.106035,8.173205e-03,-1437.536082,-114.263188,1346.722067,0.194,4.642,0.022,0.000,0.000,0.000
690,0.690000,632142.780718,-1348425.546328,-716282.765610,8.183370e-03,-1437.468311,-113.881563,1346.298484,0.189,4.634,0.024,0.000,0.000,0.000
691,0.691000,632006.525385,-1348281.163384,-716274.637999,8.194624e-03,-1437.501671,-113.684076,1346.085506,0.203,7.695,0.019,0.000,0.000,0.000
692,0.692000,631870.160800,-1348137.421266,-716267.260466,8.204839e-03,-1437.470114,-114.936320,1346.005251,0.218,10.730,0.021,0.000,0.000,0.000
693,0.693000,631736.097320,-1347994.243015,-716258.145695,8.217460e-03,-1437.218963,-116.486896,1345.683970,0.215,4.615,0.020,0.000,0.000,0.000
694,0.694000,631601.990680,-1347851.670996,-716249.680316,8.229182e-03,-1437.353772,-116.482767,1345.241372,0.191,6.123,0.019,0.000,0.000,0.000
695,0.695000,631466.461949,-1347709.726967,-716243.265018,8.238065e-03,-1437.836754,-115.962222,1345.188552,0.189,6.126,0.020,0.000,0.000,0.000
696,0.696000,631331.452878,-1347568.449934,-716236.997055,8.246744e-03,-1438.322304,-115.687531,1345.264724,0.191,3.099,0.020,0.000,0.000,0.000
697,0.697000,631199.266259,-1347427.826987,-716228.560728,8.258425e-03,-1438.999074,-115.431312,1345.519340,0.186,10.578,0.022,0.000,0.000,0.000
698,0.698000,631068.099386,-1347287.692985,-716219.593599,8.270842e-03,-1439.469978,-115.094635,1345.759622,0.185,8.649,0.018,0.000,0.000,0.000
699,0.699000,630935.240588,-1347148.352061,-716213.111473,8.279818e-03,-1439.862536,-115.163518,1345.468555,0.220,4.169,0.025,0.000,0.000,0.000
700,0.700000,630803.285574,-1347009.732016,-716206.446442,8.289047e-03,-1440.331792,-115.188458,1345.172269,0.195,5.738,0.020,0.000,0.000,0.000
701,0.701000,630671.797311,-1346871.852553,-716200.055242,8.297896e-03,-1440.553990,-115.124962,1345.128238,0.190,6.216,0.018,0.000,0.000,0.000
702,0.702000,630542.448887,-1346734.780229,-716192.331342,8.308591e-03,-1441.041996,-115.751628,1344.975314,0.219,7.582,0.020,0.000,0.000,0.000
703,0.703000,630415.871205,-1346598.306044,-716182.434839,8.322295e-03,-1442.031480,-117.067386,1344.888993,0.186,8.780,0.025,0.000,0.000,0.000
704,0.704000,630289.340648,-1346462.270542,-716172.929894,8.335456e-03,-1443.367259,-117.059532,1344.726986,0.184,4.673,0.020,0.000,0.000,0.000
705,0.705000,630163.254146,-1346326.892763,-716163.638618,8.348321e-03,-1444.381234,-116.821776,1344.484461,0.183,9.140,0.019,0.000,0.000,0.000
706,0.706000,630036.017490,-1346192.040617,-716156.023127,8.358866e-03,-1444.776871,-117.219743,1344.432383,0.189,4.667,0.018,0.000,0.000,0.000
707,0.707000,629909.324676,-1346057.808322,-716148.483646,8.369306e-03,-1445.374834,-117.363805,1344.260711,0.219,4.637,0.024,0.000,0.000,0.000
708,0.708000,629784.241419,-1345923.924323,-716139.682904,8.381492e-03,-1445.864452,-118.831002,1344.235693,0.223,4.619,0.021,0.000,0.000,0.000
709,0.709000,629659.386451,-1345790.294645,-716130.908194,8.393642e-03,-1446.511350,-120.435646,1344.389026,0.213,7.635,0.019,0.000,0.000,0.000
710,0.710000,629533.844197,-1345656.747351,-716122.903154,8.404727e-03,-1447.962345,-120.933966,1344.223138,0.196,10.641,0.018,0.000,0.000,0.000
711,0.711000,629407.215840,-1345523.390865,-716116.175024,8.414043e-03,-1448.864491,-121.593199,1344.064088,0.219,4.634,0.028,0.000,0.000,0.000
712,0.712000,629282.956699,-1345390.181407,-716107.224708,8.426436e-03,-1449.685850,-121.590500,1343.875298,0.196,6.151,0.021,0.000,0.000,0.000
713,0.713000,629159.694100,-1345256.970047,-716097.275947,8.440212e-03,-1451.057181,-121.278530,1343.463977,0.195,6.125,0.020,0.000,0.000,0.000
714,0.714000,629032.540827,-1345123.726366,-716091.185540,8.448645e-03,-1451.813637,-121.685336,1343.143136,0.191,7.732,0.024,0.000,0.000,0.000
715,0.715000,628904.422172,-1344990.622057,-716086.199885,8.455549e-03,-1453.096930,-121.465936,1343.029272,0.183,9.239,0.019,0.000,0.000,0.000
716,0.716000,628776.817382,-1344857.381878,-716080.564496,8.463352e-03,-1454.528308,-121.436097,1343.083412,0.185,4.662,0.021,0.000,0.000,0.000
717,0.717000,628647.852701,-1344724.115517,-716076.262816,8.469308e-03,-1454.975895,-121.895982,1342.853202,0.183,10.472,0.021,0.000,0.000,0.000
718,0.718000,628519.247042,-1344590.927043,-716071.680000,8.475654e-03,-1455.623306,-122.329210,1342.504264,0.192,3.102,0.019,0.000,0.000,0.000
719,0.719000,628392.614091,-1344457.773023,-716065.158932,8.484683e-03,-1455.920324,-123.294702,1342.411421,0.189,4.622,0.020,0.000,0.000,0.000
720,0.720000,628266.886076,-1344324.663669,-716057.777593,8.494904e-03,-1456.163326,-124.416317,1342.667646,0.187,4.654,0.019,0.000,0.000,0.000
721,0.721000,628141.356887,-1344191.392455,-716050.035568,8.505624e-03,-1457.528861,-125.535311,1342.887895,0.193,6.206,0.019,0.000,0.000,0.000
722,0.722000,628018.083487,-1344058.122185,-716040.038698,8.519467e-03,-1461.899557,-128.123396,1342.885509,0.181,9.155,0.018,0.000,0.000,0.000
723,0.723000,627894.217640,-1343924.529689,-716030.312049,8.532935e-03,-1465.214579,-130.552995,1342.720102,0.182,4.633,0.019,0.000,0.000,0.000
724,0.724000,627768.708610,-1343791.091326,-716022.382715,8.543914e-03,-1466.688413,-132.443016,1342.515105,0.234,9.284,0.029,0.000,0.000,0.000
725,0.725000,627641.197021,-1343657.568253,-716016.371233,8.552238e-03,-1468.529721,-134.098750,1342.407271,0.199,7.642,0.022,0.000,0.000,0.000
726,0.726000,627511.930307,-1343524.373893,-716012.443586,8.557677e-03,-1469.481822,-134.626877,1342.047535,0.195,4.690,0.021,0.000,0.000,0.000
727,0.727000,627383.574770,-1343391.577557,-716008.002787,8.563826e-03,-1470.394785,-135.300303,1341.759392,0.241,7.365,0.025,0.000,0.000,0.000
728,0.728000,627257.172870,-1343259.112758,-716001.939888,8.572221e-03,-1470.695701,-136.350739,1341.913837,0.306,7.674,0.031,0.000,0.000,0.000
729,0.729000,627131.074370,-1343126.960525,-715995.886155,8.580603e-03,-1470.867998,-137.574541,1342.186836,0.279,3.141,0.047,0.000,0.000,0.000
730,0.730000,627004.523880,-1342995.257334,-715990.733454,8.587738e-03,-1471.116257,-138.360994,1342.031461,0.358,8.997,0.034,0.000,0.000,0.000
731,0.731000,626878.748643,-1342864.115168,-715985.366525,8.595170e-03,-1471.336055,-139.110027,1341.729250,0.364,4.748,0.035,0.000,0.000,0.000
732,0.732000,626754.690951,-1342733.563307,-715978.872356,8.604162e-03,-1471.619933,-140.543552,1341.598801,0.231,6.230,0.030,0.000,0.000,0.000
733,0.733000,626630.561388,-1342603.274791,-715972.713403,8.612690e-03,-1471.963039,-142.018938,1341.538832,0.234,6.213,0.030,0.000,0.000,0.000
734,0.734000,626505.406000,-1342473.687055,-715968.281055,8.618827e-03,-1472.362278,-142.743845,1341.582742,0.245,3.114,0.036,0.000,0.000,0.000
735,0.735000,626381.334130,-1342344.774281,-715963.440152,8.625531e-03,-1472.448859,-143.237011,1341.749846,0.241,10.749,0.026,0.000,0.000,0.000
736,0.736000,626260.371929,-1342216.556523,-715956.184594,8.635577e-03,-1472.177669,-144.328502,1341.919744,0.240,3.114,0.024,0.000,0.000,0.000
737,0.737000,626141.148966,-1342089.104720,-715947.955754,8.646971e-03,-1472.186934,-145.188407,1342.138699,0.232,6.128,0.024,0.000,0.000,0.000
738,0.738000,626020.275430,-1341962.465141,-715942.189711,8.654955e-03,-1472.323191,-145.689442,1342.350887,0.205,6.221,0.030,0.000,0.000,0.000
739,0.739000,625898.948484,-1341836.726283,-715937.777798,8.661064e-03,-1472.395977,-146.442054,1342.129518,0.223,6.118,0.020,0.000,0.000,0.000
740,0.740000,625778.303166,-1341711.854788,-715933.551622,8.666916e-03,-1472.549081,-146.893534,1341.790193,0.211,9.167,0.022,0.000,0.000,0.000
741,0.741000,625658.404753,-1341587.867639,-715929.462887,8.672578e-03,-1472.871153,-147.740832,1341.732045,0.211,3.150,0.020,0.000,0.000,0.000
742,0.742000,625539.436700,-1341464.615045,-715925.178344,8.678511e-03,-1473.284955,-148.850528,1341.535335,0.210,6.127,0.025,0.000,0.000,0.000
743,0.743000,625422.068534,-1341342.141525,-715920.072991,8.685580e-03,-1473.969563,-150.312799,1341.451844,0.206,6.133,0.022,0.000,0.000,0.000
744,0.744000,625305.391840,-1341220.009343,-715914.617504,8.693134e-03,-1475.081289,-151.702465,1341.711097,0.204,6.150,0.027,0.000,0.000,0.000
745,0.745000,625189.441004,-1341098.414324,-715908.973320,8.700949e-03,-1476.054565,-152.192344,1341.940221,0.206,3.100,0.022,0.000,0.000,0.000
746,0.746000,625075.024448,-1340977.285491,-715902.261043,8.710244e-03,-1476.536943,-152.466728,1341.978431,0.197,9.216,0.021,0.000,0.000,0.000
747,0.747000,624961.207174,-1340856.696604,-715895.489430,8.719620e-03,-1476.917814,-152.809479,1341.839219,0.194,4.686,0.021,0.000,0.000,0.000
748,0.748000,624847.457516,-1340736.491041,-715889.033526,8.728559e-03,-1477.530147,-153.071913,1341.514105,0.243,7.661,0.034,0.000,0.000,0.000
749,0.749000,624734.325125,-1340616.657420,-715882.332295,8.737838e-03,-1477.967811,-153.158955,1341.145316,0.239,3.130,0.022,0.000,0.000,0.000
750,0.750000,624621.750658,-1340497.227994,-715875.477336,8.747330e-03,-1478.372827,-153.153621,1340.852840,0.204,10.718,0.020,0.000,0.000,0.000
751,0.751000,624508.924441,-1340378.114516,-715869.190074,8.756036e-03,-1478.608435,-153.116610,1340.535427,0.207,4.620,0.020,0.000,0.000,0.000
752,0.752000,624395.836804,-1340259.369408,-715863.532604,8.763870e-03,-1478.678627,-153.104284,1340.251954,0.200,6.196,0.019,0.000,0.000,0.000
753,0.753000,624284.653371,-1340140.959651,-715856.306281,8.773876e-03,-1479.095831,-153.671241,1339.966129,0.194,7.659,0.020,0.000,0.000,0.000
754,0.754000,624174.318121,-1340022.509156,-715848.191036,8.785113e-03,-1479.416022,-154.703417,1339.970729,0.218,7.649,0.024,0.000,0.000,0.000
755,0.755000,624062.613656,-1339904.229085,-715841.615429,8.794218e-03,-1479.692724,-155.691579,1340.144861,0.192,3.108,0.022,0.000,0.000,0.000
756,0.756000,623950.922396,-1339786.113631,-715835.191234,8.803113e-03,-1480.189845,-156.475097,1340.256641,0.186,10.745,0.022,0.000,0.000,0.000
757,0.757000,623839.830225,-1339668.195380,-715828.365156,8.812565e-03,-1480.731331,-156.930801,1340.355355,0.204,3.123,0.020,0.000,0.000,0.000
758,0.758000,623730.653571,-1339550.479644,-715819.826073,8.824389e-03,-1481.197794,-157.323780,1340.371877,0.185,4.628,0.020,0.000,0.000,0.000
759,0.759000,623622.942804,-1339432.916464,-715809.973660,8.838031e-03,-1481.988013,-157.371327,1339.998534,0.185,4.653,0.018,0.000,0.000,0.000
760,0.760000,623513.074548,-1339315.380913,-715802.306365,8.848648e-03,-1483.172902,-157.702631,1339.279605,0.227,7.714,0.021,0.000,0.000,0.000
761,0.761000,623401.971221,-1339197.798465,-715795.827244,8.857619e-03,-1483.838679,-158.152934,1338.698457,0.209,4.679,0.022,0.000,0.000,0.000
762,0.762000,623291.724567,-1339080.467936,-715788.743370,8.867428e-03,-1483.437317,-158.275904,1338.654867,0.185,9.146,0.018,0.000,0.000,0.000
763,0.763000,623180.825178,-1338963.392072,-715782.566894,8.875981e-03,-1482.924961,-158.341596,1338.688688,0.181,4.688,0.019,0.000,0.000,0.000
764,0.764000,623070.070872,-1338846.695542,-715776.624670,8.884209e-03,-1482.743690,-158.343465,1338.688872,0.209,7.639,0.027,0.000,0.000,0.000
765,0.765000,622960.318907,-1338730.401050,-715770.082143,8.893268e-03,-1482.432015,-158.100211,1339.079864,0.286,9.287,0.040,0.000,0.000,0.000
766,0.766000,622850.671812,-1338614.543464,-715763.871652,8.901867e-03,-1482.607189,-157.533041,1339.370456,0.232,3.120,0.025,0.000,0.000,0.000
767,0.767000,622741.243322,-1338499.161921,-715757.918599,8.910110e-03,-1483.128349,-157.350568,1339.351077,0.219,10.721,0.028,0.000,0.000,0.000
768,0.768000,622632.230786,-1338384.323609,-715752.092824,8.918177e-03,-1483.378170,-157.468392,1339.048617,0.221,3.104,0.026,0.000,0.000,0.000
769,0.769000,622523.166396,-1338270.080135,-715746.913738,8.925349e-03,-1483.557155,-157.588352,1338.683657,0.207,4.626,0.022,0.000,0.000,0.000
770,0.770000,622414.494113,-1338156.486320,-715741.992207,8.932163e-03,-1483.901054,-157.822219,1338.373320,0.203,4.620,0.018,0.000,0.000,0.000
771,0.771000,622307.422965,-1338043.543676,-715736.120712,8.940293e-03,-1484.278252,-157.915698,1338.185576,0.266,7.674,0.029,0.000,0.000,0.000
772,0.772000,622201.047303,-1337931.192996,-715730.145693,8.948567e-03,-1484.242114,-157.847076,1338.260089,0.213,10.547,0.021,0.000,0.000,0.000
773,0.773000,622095.752999,-1337819.516510,-715723.763511,8.957404e-03,-1483.749655,-157.824996,1338.343904,0.216,4.695,0.020,0.000,0.000,0.000
774,0.774000,621990.767369,-1337708.427687,-715717.660318,8.965855e-03,-1483.413144,-157.600789,1338.286229,0.229,6.199,0.021,0.000,0.000,0.000
775,0.775000,621884.549103,-1337598.040458,-715713.491355,8.971628e-03,-1483.301021,-157.198134,1338.220695,0.217,6.146,0.027,0.000,0.000,0.000
776,0.776000,621778.161916,-1337488.367435,-715710.205519,8.976177e-03,-1483.240526,-156.922536,1338.237878,0.199,3.114,0.021,0.000,0.000,0.000
777,0.777000,621673.407187,-1337379.419057,-715706.011870,8.981984e-03,-1483.134922,-156.549848,1338.364470,0.204,7.491,0.020,0.000,0.000,0.000
778,0.778000,621571.238463,-1337271.139280,-715699.900817,8.990446e-03,-1482.930435,-155.789977,1338.269100,0.202,10.618,0.021,0.000,0.000,0.000
779,0.779000,621471.327221,-1337163.342887,-715692.015665,9.001364e-03,-1483.444349,-155.485162,1338.109494,0.208,10.459,0.023,0.000,0.000,0.000
780,0.780000,621377.107962,-1337056.034691,-715678.926729,9.019488e-03,-1484.027857,-154.668504,1337.214817,0.216,4.680,0.020,0.000,0.000,0.000
781,0.781000,621280.343060,-1336948.816312,-715668.473252,9.033963e-03,-1483.972563,-153.822913,1336.134599,0.197,6.193,0.019,0.000,0.000,0.000
782,0.782000,621177.904951,-1336842.244487,-715664.339536,9.039687e-03,-1484.117627,-154.061611,1335.890966,0.187,6.130,0.021,0.000,0.000,0.000
783,0.783000,621077.191672,-1336736.299458,-715659.107786,9.046931e-03,-1484.251264,-153.985559,1335.758283,0.187,4.625,0.020,0.000,0.000,0.000
784,0.784000,620981.524301,-1336630.967414,-715649.443112,9.060313e-03,-1483.865050,-153.263822,1335.153791,0.203,7.527,0.019,0.000,0.000,0.000
785,0.785000,620886.989117,-1336526.070269,-715639.081153,9.074661e-03,-1483.869580,-152.837042,1334.636023,0.193,10.654,0.019,0.000,0.000,0.000
786,0.786000,620789.340277,-1336421.742878,-715632.402600,9.083909e-03,-1484.204181,-152.698861,1334.603371,0.219,4.714,0.019,0.000,0.000,0.000
787,0.787000,620696.078863,-1336318.047761,-715621.968898,9.098356e-03,-1483.707138,-151.103037,1333.758036,0.185,6.197,0.019,0.000,0.000,0.000
788,0.788000,620605.317179,-1336214.527827,-715609.210648,9.116022e-03,-1483.152995,-149.305509,1332.510814,0.183,7.703,0.020,0.000,0.000,0.000
789,0.789000,620513.243711,-1336111.525249,-715598.281537,9.131155e-03,-1483.243300,-148.185389,1331.573929,0.227,6.135,0.027,0.000,0.000,0.000
790,0.790000,620421.225854,-1336008.995584,-715587.769729,9.145711e-03,-1483.279584,-147.329906,1330.688605,0.210,7.639,0.020,0.000,0.000,0.000
791,0.791000,620329.375601,-1335906.959798,-715577.584197,9.159814e-03,-1483.051125,-146.689716,1329.828009,0.215,4.138,0.024,0.000,0.000,0.000
792,0.792000,620240.059766,-1335805.438982,-715565.379215,9.176714e-03,-1482.326673,-145.060303,1328.508139,0.196,10.715,0.019,0.000,0.000,0.000
793,0.793000,620147.936289,-1335704.108530,-715556.172241,9.189463e-03,-1481.710712,-143.967242,1327.478748,0.228,4.632,0.024,0.000,0.000,0.000
794,0.794000,620054.157815,-1335603.375368,-715549.217553,9.199093e-03,-1481.577835,-143.531614,1326.999992,0.193,6.123,0.021,0.000,0.000,0.000
795,0.795000,619966.638011,-1335503.108213,-715536.470202,9.216744e-03,-1480.873865,-141.721710,1325.870976,0.194,6.132,0.019,0.000,0.000,0.000
796,0.796000,619877.100318,-1335402.969521,-715525.869203,9.231423e-03,-1480.317536,-140.565101,1325.012958,0.202,3.100,0.019,0.000,0.000,0.000
797,0.797000,619783.340703,-1335303.404899,-715520.064196,9.239461e-03,-1480.296778,-140.801695,1325.055153,0.206,10.545,0.018,0.000,0.000,0.000
798,0.798000,619691.455319,-1335204.351318,-715512.896000,9.249386e-03,-1480.281477,-141.150278,1325.281168,0.234,4.651,0.023,0.000,0.000,0.000
799,0.799000,619601.109395,-1335105.768279,-715504.658884,9.260792e-03,-1480.129724,-141.036388,1325.883225,0.183,6.202,0.020,0.000,0.000,0.000
800,0.800000,619512.099126,-1335007.576103,-715495.476976,9.273506e-03,-1479.520787,-140.336012,1326.716320,0.179,6.193,0.023,0.000,0.000,0.000
801,0.801000,619421.106845,-1334909.815205,-715488.708360,9.282878e-03,-1479.216783,-139.912301,1327.115820,0.194,7.715,0.020,0.000,0.000,0.000
802,0.802000,619328.359720,-1334812.635739,-715484.276019,9.289016e-03,-1479.254886,-140.106436,1327.501364,0.181,8.667,0.019,0.000,0.000,0.000
803,0.803000,619236.052728,-1334715.888527,-715479.835800,9.295164e-03,-1479.280281,-140.339049,1327.837080,0.186,4.682,0.020,0.000,0.000,0.000
804,0.804000,619143.140874,-1334619.719328,-715476.578454,9.299674e-03,-1479.413881,-140.442878,1327.889174,0.195,10.750,0.022,0.000,0.000,0.000
805,0.805000,619051.405131,-1334524.130063,-715472.724932,9.305010e-03,-1479.758917,-140.459922,1328.172251,0.190,3.101,0.018,0.000,0.000,0.000
806,0.806000,618960.962697,-1334429.086681,-715468.123984,9.311381e-03,-1480.393773,-140.279923,1328.574684,0.233,4.623,0.021,0.000,0.000,0.000
807,0.807000,618872.463914,-1334334.554776,-715462.090861,9.319735e-03,-1480.586088,-139.803517,1328.324674,0.209,4.631,0.024,0.000,0.000,0.000
808,0.808000,618790.088599,-1334240.421462,-715450.332864,9.336016e-03,-1481.778851,-138.718870,1327.217775,0.200,8.729,0.020,0.000,0.000,0.000
809,0.809000,618710.013979,-1334146.267065,-715436.253086,9.355512e-03,-1484.279178,-137.694039,1326.448247,0.204,4.391,0.026,0.000,0.000,0.000
810,0.810000,618626.921297,-1334052.299446,-715425.378148,9.370570e-03,-1485.782143,-136.428975,1326.320269,0.188,9.196,0.019,0.000,0.000,0.000
811,0.811000,618542.951260,-1333958.616584,-715415.665324,9.384019e-03,-1487.408676,-135.389828,1326.377177,0.191,4.688,0.021,0.000,0.000,0.000
812,0.812000,618461.327207,-1333865.161683,-715403.834476,9.400401e-03,-1489.488105,-134.266905,1326.092315,0.180,7.629,0.022,0.000,0.000,0.000
813,0.813000,618380.897126,-1333771.722761,-715390.825635,9.418414e-03,-1491.389220,-132.692407,1325.500665,0.196,4.696,0.025,0.000,0.000,0.000
814,0.814000,618300.395214,-1333678.393966,-715377.998752,9.436175e-03,-1493.493715,-131.601566,1325.088669,0.191,10.753,0.020,0.000,0.000,0.000
815,0.815000,618217.909071,-1333585.165957,-715367.256886,9.451049e-03,-1494.477435,-130.488838,1324.474938,0.227,4.152,0.022,0.000,0.000,0.000
816,0.816000,618132.540985,-1333492.084093,-715359.543108,9.461730e-03,-1494.414956,-129.418565,1323.712855,0.231,6.211,0.020,0.000,0.000,0.000
817,0.817000,618046.657832,-1333399.221329,-715352.563496,9.471394e-03,-1494.846955,-128.573538,1323.708438,0.222,6.117,0.025,0.000,0.000,0.000
818,0.818000,617962.713755,-1333306.621832,-715343.908076,9.483379e-03,-1495.232715,-127.646817,1323.834456,0.222,7.668,0.022,0.000,0.000,0.000
819,0.819000,617880.427233,-1333214.038419,-715333.611186,9.497637e-03,-1495.191264,-126.378342,1323.438059,0.232,4.701,0.029,0.000,0.000,0.000
820,0.820000,617799.872398,-1333121.574513,-715321.702115,9.514127e-03,-1495.195937,-124.923258,1323.064287,0.205,10.716,0.022,0.000,0.000,0.000
821,0.821000,617719.956450,-1333029.014273,-715309.057823,9.531635e-03,-1494.700367,-122.950056,1322.330295,0.201,4.678,0.019,0.000,0.000,0.000
822,0.822000,617638.880952,-1332936.401407,-715297.520455,9.547611e-03,-1493.827408,-120.512752,1321.264378,0.206,6.210,0.019,0.000,0.000,0.000
823,0.823000,617558.088093,-1332843.748290,-715285.660198,9.564033e-03,-1493.410523,-118.676968,1320.546307,0.198,6.114,0.020,0.000,0.000,0.000
824,0.824000,617477.385437,-1332751.198777,-715273.813340,9.580437e-03,-1493.379197,-116.748901,1320.060361,0.198,3.112,0.020,0.000,0.000,0.000
825,0.825000,617396.769300,-1332658.619617,-715261.850317,9.597002e-03,-1493.390156,-114.279231,1319.239085,0.188,10.221,0.019,0.000,0.000,0.000
826,0.826000,617315.994693,-1332565.971141,-715249.976448,9.613444e-03,-1493.241127,-112.041211,1318.155125,0.195,3.064,0.019,0.000,0.000,0.000
827,0.827000,617234.542238,-1332473.272400,-715238.730162,9.629016e-03,-1492.845249,-110.079175,1317.142507,0.189,6.218,0.021,0.000,0.000,0.000
828,0.828000,617151.801601,-1332380.450724,-715228.649123,9.642975e-03,-1492.792485,-108.683179,1316.568934,0.185,5.663,0.020,0.000,0.000,0.000
829,0.829000,617070.129861,-1332287.640664,-715217.510803,9.658398e-03,-1492.548742,-107.107505,1315.859861,0.184,7.734,0.020,0.000,0.000,0.000
830,0.830000,616989.449386,-1332194.677051,-715205.227665,9.675406e-03,-1491.746734,-104.982940,1314.819001,0.198,9.208,0.021,0.000,0.000,0.000
831,0.831000,616906.731194,-1332101.542841,-715194.811647,9.689829e-03,-1491.147665,-103.481317,1314.152668,0.230,4.740,0.025,0.000,0.000,0.000
832,0.832000,616822.445119,-1332008.363847,-715185.918728,9.702143e-03,-1491.328318,-102.498952,1313.378644,0.200,6.127,0.019,0.000,0.000,0.000
833,0.833000,616739.065856,-1331915.152261,-715176.086405,9.715757e-03,-1492.352600,-100.598547,1312.714022,0.203,7.725,0.023,0.000,0.000,0.000
834,0.834000,616657.482870,-1331821.791165,-715164.308295,9.732066e-03,-1494.378888,-99.170689,1312.464672,0.203,4.629,0.024,0.000,0.000,0.000
835,0.835000,616573.937357,-1331728.226348,-715154.288991,9.745939e-03,-1495.693502,-98.768910,1312.023541,0.201,7.634,0.019,0.000,0.000,0.000
836,0.836000,616488.366250,-1331634.584770,-715146.218519,9.757114e-03,-1496.206375,-97.624104,1311.745065,0.215,9.214,0.020,0.000,0.000,0.000
837,0.837000,616403.391169,-1331540.807509,-715137.416339,9.769302e-03,-1497.246653,-95.748965,1311.578202,0.189,3.148,0.021,0.000,0.000,0.000
838,0.838000,616318.185000,-1331446.870826,-715128.685825,9.781391e-03,-1497.573882,-94.205284,1310.809973,0.185,10.714,0.018,0.000,0.000,0.000
839,0.839000,616233.720526,-1331352.828593,-715119.108066,9.794653e-03,-1498.019107,-92.680996,1310.123268,0.182,4.623,0.020,0.000,0.000,0.000
840,0.840000,616150.396237,-1331258.546316,-715108.150078,9.809827e-03,-1499.094172,-90.771005,1309.804304,0.181,9.146,0.019,0.000,0.000,0.000
841,0.841000,616071.747945,-1331164.024701,-715092.276756,9.831806e-03,-1503.516912,-88.877937,1309.954548,0.190,4.698,0.025,0.000,0.000,0.000
842,0.842000,615994.850090,-1331068.842810,-715073.992720,9.857123e-03,-1509.971902,-86.421305,1310.984563,0.182,7.637,0.018,0.000,0.000,0.000
843,0.843000,615914.287978,-1330973.122573,-715058.834595,9.878112e-03,-1514.975982,-83.340696,1312.575916,0.212,9.213,0.019,0.000,0.000,0.000
844,0.844000,615829.499457,-1330876.959910,-715047.460452,9.893862e-03,-1517.498547,-81.106775,1313.235689,0.226,3.108,0.018,0.000,0.000,0.000
845,0.845000,615743.782928,-1330780.562605,-715036.779678,9.908651e-03,-1518.128711,-79.122437,1312.598230,0.218,9.145,0.017,0.000,0.000,0.000
846,0.846000,615657.159749,-1330683.698856,-715026.539107,9.922831e-03,-1518.725391,-77.218027,1311.872670,0.230,4.619,0.022,0.000,0.000,0.000
847,0.847000,615571.395060,-1330586.643151,-715015.248091,9.938465e-03,-1520.145536,-76.253455,1311.005904,0.210,9.150,0.022,0.000,0.000,0.000
848,0.848000,615488.966215,-1330489.044627,-715000.078412,9.959470e-03,-1523.088263,-75.623767,1309.987180,0.207,4.628,0.023,0.000,0.000,0.000
849,0.849000,615405.572225,-1330390.841216,-714985.268991,9.979977e-03,-1526.554772,-75.624101,1309.035512,0.206,9.164,0.019,0.000,0.000,0.000
850,0.850000,615321.639046,-1330292.180824,-714970.541778,1.000037e-02,-1529.313027,-74.545016,1308.356409,0.192,9.210,0.019,0.000,0.000,0.000
851,0.851000,615236.299003,-1330193.040118,-714956.741115,1.001948e-02,-1530.321784,-72.609928,1307.653164,0.216,3.100,0.021,0.000,0.000,0.000
852,0.852000,615150.639640,-1330093.542754,-714942.903113,1.003864e-02,-1530.547217,-70.759421,1306.657881,0.184,10.635,0.020,0.000,0.000,0.000
853,0.853000,615063.507394,-1329993.783261,-714930.275867,1.005612e-02,-1530.852112,-68.949662,1305.510988,0.193,4.696,0.022,0.000,0.000,0.000
854,0.854000,614974.237856,-1329893.741848,-714919.503992,1.007104e-02,-1531.167183,-67.540792,1304.627785,0.191,6.195,0.019,0.000,0.000,0.000
855,0.855000,614886.893797,-1329793.614998,-714906.721201,1.008874e-02,-1532.218267,-66.419631,1303.970729,0.183,6.121,0.024,0.000,0.000,0.000
856,0.856000,614798.844362,-1329693.261415,-714894.417054,1.010578e-02,-1533.130373,-65.048394,1303.104543,0.220,3.110,0.022,0.000,0.000,0.000
857,0.857000,614710.977518,-1329592.763251,-714881.785733,1.012327e-02,-1533.330532,-62.846559,1302.148794,0.197,10.747,0.022,0.000,0.000,0.000
858,0.858000,614623.882898,-1329492.053618,-714868.170720,1.014212e-02,-1533.533401,-60.594318,1301.267518,0.209,4.672,0.020,0.000,0.000,0.000
859,0.859000,614533.584146,-1329391.227851,-714857.643704,1.015670e-02,-1533.381260,-59.008593,1300.393881,0.195,6.209,0.020,0.000,0.000,0.000
860,0.860000,614441.849451,-1329290.332396,-714848.482945,1.016938e-02,-1533.603504,-57.911302,1299.716292,0.188,6.109,0.018,0.000,0.000,0.000
861,0.861000,614349.657724,-1329189.405428,-714839.747705,1.018148e-02,-1533.778059,-56.752948,1299.085071,0.188,7.647,0.024,0.000,0.000,0.000
862,0.862000,614257.547470,-1329088.497383,-714830.949914,1.019366e-02,-1533.724436,-55.550964,1298.095214,0.186,3.103,0.018,0.000,0.000,0.000
863,0.863000,614164.889529,-1328987.606595,-714822.717066,1.020506e-02,-1534.077429,-54.842774,1297.346652,0.181,10.716,0.017,0.000,0.000,0.000
864,0.864000,614072.228920,-1328886.817103,-714814.588183,1.021631e-02,-1534.653875,-54.068938,1296.944039,0.191,8.995,0.019,0.000,0.000,0.000
865,0.865000,613979.079582,-1328786.024559,-714806.944977,1.022690e-02,-1535.094128,-53.050565,1296.154146,0.224,4.622,0.024,0.000,0.000,0.000
866,0.866000,613888.313046,-1328685.339441,-714797.026394,1.024063e-02,-1535.504594,-52.021972,1295.303456,0.195,5.805,0.026,0.000,0.000,0.000
867,0.867000,613798.232680,-1328584.600829,-714786.368149,1.025539e-02,-1536.071799,-51.110533,1294.826312,0.194,6.218,0.020,0.000,0.000,0.000
868,0.868000,613707.079563,-1328483.991695,-714776.912132,1.026848e-02,-1536.539280,-50.237348,1294.181529,0.194,7.734,0.037,0.000,0.000,0.000
869,0.869000,613617.774665,-1328383.377836,-714765.603171,1.028414e-02,-1536.637223,-48.770179,1292.993924,0.180,4.638,0.020,0.000,0.000,0.000
870,0.870000,613527.434734,-1328282.815001,-714755.380268,1.029830e-02,-1536.718836,-47.252938,1291.596981,0.183,9.149,0.019,0.000,0.000,0.000
871,0.871000,613435.717481,-1328182.307773,-714746.590292,1.031047e-02,-1537.021501,-46.156301,1290.491385,0.237,4.618,0.022,0.000,0.000,0.000
872,0.872000,613344.317023,-1328081.898564,-714737.581541,1.032294e-02,-1537.509410,-45.348589,1289.590540,0.206,4.656,0.019,0.000,0.000,0.000
873,0.873000,613252.999436,-1327981.557582,-714728.558146,1.033544e-02,-1537.749458,-44.358408,1288.580194,0.194,4.618,0.023,0.000,0.000,0.000
874,0.874000,613163.964130,-1327881.381072,-714717.416942,1.035086e-02,-1539.491957,-44.026151,1287.733061,0.262,7.720,0.023,0.000,0.000,0.000
875,0.875000,613074.425365,-1327781.053165,-714706.627800,1.036580e-02,-1541.961530,-44.567759,1287.528251,0.190,8.677,0.019,0.000,0.000,0.000
876,0.876000,612982.712279,-1327680.911533,-714698.199254,1.037747e-02,-1542.681978,-44.254509,1287.164793,0.198,4.607,0.020,0.000,0.000,0.000
877,0.877000,612892.808216,-1327580.903380,-714688.095164,1.039146e-02,-1542.869396,-43.218843,1286.205730,0.189,4.287,0.022,0.000,0.000,0.000
878,0.878000,612804.929788,-1327481.122832,-714676.193044,1.040795e-02,-1542.908420,-42.017592,1285.081015,0.198,8.886,0.021,0.000,0.000,0.000
879,0.879000,612716.977261,-1327381.519153,-714664.541892,1.042408e-02,-1543.106371,-41.086209,1284.310404,0.185,4.621,0.019,0.000,0.000,0.000
880,0.880000,612627.275930,-1327282.162251,-714654.886321,1.043745e-02,-1544.172296,-41.184693,1284.287563,0.196,10.738,0.020,0.000,0.000,0.000
881,0.881000,612537.018236,-1327182.969398,-714645.951162,1.044982e-02,-1544.771422,-40.878101,1283.914712,0.194,3.183,0.020,0.000,0.000,0.000
882,0.882000,612446.720584,-1327084.031040,-714637.310455,1.046179e-02,-1544.818443,-40.145483,1283.304161,0.195,6.084,0.024,0.000,0.000,0.000
883,0.883000,612359.258747,-1326985.426809,-714626.168063,1.047721e-02,-1547.919871,-40.322143,1283.399774,0.185,6.198,0.019,0.000,0.000,0.000
884,0.884000,612271.276086,-1326886.856071,-714615.579985,1.049187e-02,-1551.550430,-40.538379,1283.936110,0.213,7.697,0.019,0.000,0.000,0.000
885,0.885000,612179.896773,-1326788.453489,-714608.556716,1.050160e-02,-1552.750393,-40.585534,1284.354252,0.184,4.621,0.023,0.000,0.000,0.000
886,0.886000,612087.911999,-1326690.216189,-714602.304190,1.051026e-02,-1553.699553,-40.915859,1284.513553,0.192,9.131,0.021,0.000,0.000,0.000
887,0.887000,611995.940775,-1326592.123754,-714596.182979,1.051873e-02,-1554.263446,-41.128195,1284.890851,0.183,4.615,0.018,0.000,0.000,0.000
888,0.888000,611903.443518,-1326494.106336,-714590.662818,1.052638e-02,-1554.650846,-41.569836,1285.252929,0.223,6.131,0.023,0.000,0.000,0.000
889,0.889000,611811.037510,-1326396.163984,-714585.126474,1.053404e-02,-1555.312201,-42.145377,1285.273217,0.203,6.187,0.025,0.000,0.000,0.000
890,0.890000,611719.026837,-1326298.214074,-714579.187237,1.054227e-02,-1555.987097,-42.563055,1285.263329,0.204,6.191,0.019,0.000,0.000,0.000
891,0.891000,611627.280084,-1326200.269915,-714572.989832,1.055085e-02,-1556.774410,-42.721303,1285.285579,0.196,9.148,0.025,0.000,0.000,0.000
892,0.892000,611536.433646,-1326102.222622,-714565.788976,1.056082e-02,-1557.572507,-42.874794,1285.211868,0.192,3.097,0.019,0.000,0.000,0.000
893,0.893000,611445.078869,-1326004.091606,-714559.012737,1.057020e-02,-1558.518180,-43.026317,1285.053042,0.184,6.196,0.018,0.000,0.000,0.000
894,0.894000,611352.269645,-1325905.786173,-714553.516528,1.057781e-02,-1559.640528,-42.748646,1284.825673,0.183,5.719,0.017,0.000,0.000,0.000
895,0.895000,611260.859705,-1325807.402733,-714546.543028,1.058747e-02,-1560.840092,-43.139705,1284.588195,0.193,6.134,0.020,0.000,0.000,0.000
896,0.896000,611168.447019,-1325708.513139,-714540.066119,1.059644e-02,-1562.053999,-43.690111,1284.673871,0.201,9.220,0.021,0.000,0.000,0.000
897,0.897000,611075.551802,-1325609.651854,-714534.100052,1.060470e-02,-1562.965835,-43.425098,1284.736593,0.229,4.693,0.020,0.000,0.000,0.000
898,0.898000,610985.878758,-1325510.682308,-714524.803549,1.061757e-02,-1565.033844,-43.579446,1284.637207,0.220,9.179,0.020,0.000,0.000,0.000
899,0.899000,610897.170641,-1325411.524072,-714514.353431,1.063204e-02,-1566.809995,-43.719001,1284.473860,0.266,9.160,0.022,0.000,0.000,0.000
900,0.900000,610805.632918,-1325312.358026,-714506.725108,1.064260e-02,-1566.980345,-43.780537,1284.352829,0.233,4.695,0.025,0.000,0.000,0.000
901,0.901000,610714.074671,-1325213.233538,-714499.158866,1.065308e-02,-1568.765250,-44.609450,1284.334132,0.236,7.627,0.023,0.000,0.000,0.000
902,0.902000,610624.716915,-1325114.013989,-714489.297074,1.066674e-02,-1572.225835,-45.507646,1284.312481,0.203,3.102,0.018,0.000,0.000,0.000
903,0.903000,610534.328324,-1325014.650347,-714480.322023,1.067916e-02,-1575.941678,-46.625976,1284.347455,0.222,10.395,0.018,0.000,0.000,0.000
904,0.904000,610442.658670,-1324915.102873,-714472.444204,1.069007e-02,-1578.086019,-46.901761,1284.063547,0.221,5.729,0.021,0.000,0.000,0.000
905,0.905000,610349.492596,-1324815.511706,-714466.019110,1.069897e-02,-1578.617944,-46.276280,1283.979789,0.244,6.144,0.023,0.000,0.000,0.000
906,0.906000,610255.903172,-1324715.941726,-714460.038554,1.070725e-02,-1579.206304,-46.026919,1284.129306,0.215,7.725,0.024,0.000,0.000,0.000
907,0.907000,610165.020606,-1324616.359676,-714451.339070,1.071929e-02,-1580.635581,-45.967382,1284.185053,0.202,7.726,0.020,0.000,0.000,0.000
908,0.908000,610074.881446,-1324516.522729,-714441.641282,1.073272e-02,-1582.110290,-46.314873,1284.402463,0.205,3.097,0.021,0.000,0.000,0.000
909,0.909000,609984.567731,-1324416.677235,-714432.109503,1.074592e-02,-1583.662647,-46.648219,1284.581264,0.237,9.154,0.020,0.000,0.000,0.000
910,0.910000,609894.614044,-1324316.680990,-714422.066946,1.075983e-02,-1586.190856,-47.016323,1284.485992,0.238,4.693,0.024,0.000,0.000,0.000
911,0.911000,609805.045712,-1324216.629234,-714411.583522,1.077434e-02,-1588.806296,-47.791725,1284.379052,0.189,5.661,0.020,0.000,0.000,0.000
912,0.912000,609715.694459,-1324116.488104,-714400.793645,1.078928e-02,-1592.065686,-47.752854,1284.764517,0.237,6.229,0.035,0.000,0.000,0.000
913,0.913000,609624.288498,-1324016.267129,-714391.978631,1.080149e-02,-1595.197729,-47.402814,1285.182709,0.223,7.483,0.036,0.000,0.000,0.000
914,0.914000,609532.824987,-1323916.137294,-714383.312306,1.081349e-02,-1597.322077,-47.746611,1285.216203,0.195,7.278,0.022,0.000,0.000,0.000
915,0.915000,609440.336914,-1323816.126829,-714375.789915,1.082391e-02,-1598.323787,-48.005787,1285.111086,0.202,3.105,0.023,0.000,0.000,0.000
916,0.916000,609349.250479,-1323716.379587,-714367.129107,1.083590e-02,-1600.296270,-47.595464,1285.260505,0.199,6.169,0.022,0.000,0.000,0.000
917,0.917000,609260.789177,-1323616.549563,-714355.760386,1.085164e-02,-1604.084652,-46.665897,1285.988660,0.204,6.146,0.025,0.000,0.000,0.000
918,0.918000,609171.426986,-1323516.622953,-714345.195967,1.086627e-02,-1607.862646,-45.429726,1286.551729,0.193,7.617,0.027,0.000,0.000,0.000
919,0.919000,609082.081707,-1323416.642208,-714334.560501,1.088099e-02,-1611.530759,-44.139028,1286.938617,0.198,4.424,0.020,0.000,0.000,0.000
920,0.920000,608994.398960,-1323316.648308,-714322.249348,1.089804e-02,-1615.297271,-42.993136,1287.880279,0.201,9.148,0.021,0.000,0.000,0.000
921,0.921000,608905.689108,-1323216.545204,-714310.856095,1.091382e-02,-1617.711273,-42.396739,1288.604992,0.194,4.618,0.019,0.000,0.000,0.000
922,0.922000,608818.379125,-1323116.614783,-714298.235659,1.093129e-02,-1619.021200,-42.294865,1288.383407,0.191,9.212,0.023,0.000,0.000,0.000
923,0.923000,608731.630481,-1323016.796611,-714285.166130,1.094939e-02,-1620.787169,-42.527665,1287.882058,0.188,4.680,0.021,0.000,0.000,0.000
924,0.924000,608643.662277,-1322917.224389,-714273.562112,1.096546e-02,-1623.656877,-41.829478,1287.836245,0.186,8.920,0.019,0.000,0.000,0.000
925,0.925000,608556.849680,-1322817.748252,-714260.898572,1.098299e-02,-1627.551641,-39.636205,1288.177921,0.217,4.704,0.022,0.000,0.000,0.000
926,0.926000,608471.482820,-1322718.364551,-714246.881731,1.100240e-02,-1631.717117,-37.350956,1288.484617,0.302,8.907,0.060,0.000,0.000,0.000
927,0.927000,608385.774581,-1322618.888496,-714233.113916,1.102146e-02,-1635.453657,-36.340931,1288.487945,0.299,9.387,0.062,0.000,0.000,0.000
928,0.928000,608298.169000,-1322519.409248,-714221.240248,1.103791e-02,-1638.959329,-35.503517,1288.704870,0.277,7.718,0.060,0.000,0.000,0.000
929,0.929000,608211.547995,-1322419.966222,-714208.418228,1.105566e-02,-1642.955760,-33.382673,1289.334965,0.233,7.723,0.025,0.000,0.000,0.000
930,0.930000,608124.369945,-1322320.459406,-714196.089461,1.107273e-02,-1646.318899,-32.660033,1289.626302,0.219,4.620,0.022,0.000,0.000,0.000
931,0.931000,608037.358997,-1322220.972183,-714183.613187,1.109001e-02,-1649.854431,-31.626509,1289.885134,0.211,6.118,0.019,0.000,0.000,0.000
932,0.932000,607951.307426,-1322121.144465,-714169.837039,1.110908e-02,-1653.032097,-29.883456,1290.028130,0.200,7.718,0.024,0.000,0.000,0.000
933,0.933000,607864.285745,-1322021.200227,-714156.914482,1.112698e-02,-1655.219396,-29.643042,1289.903288,0.196,9.213,0.021,0.000,0.000,0.000
934,0.934000,607776.180907,-1321921.301691,-714145.120784,1.114331e-02,-1657.476600,-30.001989,1289.860802,0.201,4.632,0.024,0.000,0.000,0.000
935,0.935000,607685.674446,-1321821.462680,-714135.788234,1.115623e-02,-1658.568973,-30.098506,1289.377728,0.204,9.107,0.020,0.000,0.000,0.000
936,0.936000,607593.924893,-1321721.784998,-714127.860105,1.116721e-02,-1658.805471,-29.304180,1289.065027,0.209,4.627,0.025,0.000,0.000,0.000
937,0.937000,607504.265817,-1321622.250503,-714117.984686,1.118088e-02,-1660.408039,-28.957289,1288.823179,0.204,10.651,0.021,0.000,0.000,0.000
938,0.938000,607414.282685,-1321522.738627,-714108.455941,1.119408e-02,-1661.732780,-29.102507,1288.358591,0.242,4.541,0.025,0.000,0.000,0.000
939,0.939000,607322.071737,-1321423.386430,-714101.314693,1.120396e-02,-1661.395378,-29.467404,1288.040151,0.209,6.213,0.020,0.000,0.000,0.000
940,0.940000,607232.468130,-1321324.228554,-714091.760423,1.121719e-02,-1662.528016,-30.431824,1287.561695,0.201,6.142,0.031,0.000,0.000,0.000
941,0.941000,607143.495958,-1321224.995262,-714081.499304,1.123140e-02,-1663.887568,-30.951985,1286.804544,0.201,7.261,0.021,0.000,0.000,0.000
942,0.942000,607053.426991,-1321125.853505,-714072.426514,1.124396e-02,-1665.431224,-29.799955,1286.668723,0.202,4.674,0.020,0.000,0.000,0.000
943,0.943000,606963.832614,-1321026.819548,-714062.986934,1.125703e-02,-1667.621756,-28.634445,1287.055366,0.201,10.736,0.023,0.000,0.000,0.000
944,0.944000,606873.429642,-1320927.873492,-714054.443850,1.126886e-02,-1668.113086,-28.339235,1286.760281,0.211,3.101,0.020,0.000,0.000,0.000
945,0.945000,606784.840946,-1320829.087417,-714044.246471,1.128298e-02,-1668.015341,-27.944152,1286.201960,0.189,4.664,0.021,0.000,0.000,0.000
946,0.946000,606697.683987,-1320730.401520,-714032.717533,1.129895e-02,-1669.397741,-28.478593,1285.971887,0.187,4.612,0.018,0.000,0.000,0.000
947,0.947000,606608.853124,-1320631.726702,-714022.873578,1.131258e-02,-1670.945737,-29.104850,1285.944349,0.213,7.742,0.021,0.000,0.000,0.000
948,0.948000,606519.354992,-1320533.148488,-714013.793496,1.132515e-02,-1671.313859,-29.480449,1285.775401,0.235,4.687,0.020,0.000,0.000,0.000
949,0.949000,606429.407615,-1320434.656093,-714005.248478,1.133698e-02,-1671.865161,-30.116940,1285.455543,0.194,9.134,0.018,0.000,0.000,0.000
950,0.950000,606340.033967,-1320336.197690,-713996.163723,1.134956e-02,-1672.755531,-30.222209,1284.996238,0.192,4.697,0.019,0.000,0.000,0.000
951,0.951000,606250.937173,-1320237.796525,-713986.859352,1.136245e-02,-1673.509548,-30.245363,1284.509509,0.193,9.209,0.018,0.000,0.000,0.000
952,0.952000,606158.995181,-1320139.533297,-713980.538116,1.137120e-02,-1673.879419,-30.188287,1284.086875,0.193,3.095,0.020,0.000,0.000,0.000
953,0.953000,606066.755023,-1320041.378835,-713974.623812,1.137939e-02,-1674.826354,-29.805184,1283.580191,0.238,9.244,0.024,0.000,0.000,0.000
954,0.954000,605974.785273,-1319943.399029,-713968.613755,1.138771e-02,-1675.865411,-29.388509,1283.204385,0.210,4.621,0.023,0.000,0.000,0.000
955,0.955000,605882.067088,-1319845.652760,-713963.585672,1.139467e-02,-1676.230535,-28.893766,1283.244009,0.202,6.207,0.019,0.000,0.000,0.000
956,0.956000,605790.818315,-1319748.222904,-713957.404589,1.140323e-02,-1677.210040,-28.018633,1283.695870,0.198,6.217,0.019,0.000,0.000,0.000
957,0.957000,605701.277839,-1319651.048127,-713949.770288,1.141380e-02,-1679.447592,-27.389974,1283.962687,0.196,7.463,0.017,0.000,0.000,0.000
958,0.958000,605613.094703,-1319554.159757,-713941.065053,1.142586e-02,-1682.108059,-27.506522,1284.074164,0.195,4.679,0.017,0.000,0.000,0.000
959,0.959000,605525.914877,-1319457.639420,-713931.724543,1.143879e-02,-1684.712146,-27.465822,1284.380750,0.199,10.730,0.020,0.000,0.000,0.000
960,0.960000,605437.120167,-1319361.479027,-713924.358859,1.144899e-02,-1686.265929,-27.141239,1284.667782,0.192,3.106,0.021,0.000,0.000,0.000
961,0.961000,605348.862641,-1319265.833803,-713916.971162,1.145922e-02,-1687.565588,-27.059966,1284.757673,0.196,9.085,0.018,0.000,0.000,0.000
962,0.962000,605260.820560,-1319170.533450,-713909.712890,1.146927e-02,-1688.996225,-26.629557,1284.625686,0.186,4.359,0.018,0.000,0.000,0.000
963,0.963000,605173.535933,-1319075.689754,-713902.153821,1.147974e-02,-1689.322301,-25.397555,1283.958532,0.182,8.920,0.018,0.000,0.000,0.000
964,0.964000,605092.752713,-1318981.192751,-713888.440037,1.149872e-02,-1690.516915,-24.185268,1283.188764,0.190,9.209,0.021,0.000,0.000,0.000
965,0.965000,605012.039562,-1318886.906149,-713874.866587,1.151752e-02,-1691.915857,-23.290028,1282.975903,0.183,4.677,0.018,0.000,0.000,0.000
966,0.966000,604928.814630,-1318793.038912,-713864.224282,1.153226e-02,-1693.431055,-23.084242,1283.181404,0.187,8.944,0.020,0.000,0.000,0.000
967,0.967000,604845.858674,-1318699.317236,-713853.458561,1.154716e-02,-1696.389089,-22.860299,1283.685292,0.201,3.144,0.018,0.000,0.000,0.000
968,0.968000,604762.812140,-1318605.770046,-713842.957906,1.156170e-02,-1699.011758,-21.686701,1284.349712,0.181,4.367,0.018,0.000,0.000,0.000
969,0.969000,604680.302330,-1318512.403773,-713832.101443,1.157674e-02,-1700.283714,-21.076334,1284.905157,0.269,6.160,0.020,0.000,0.000,0.000
970,0.970000,604596.489223,-1318419.256615,-713822.767392,1.158966e-02,-1700.454252,-20.885980,1284.827431,0.223,5.960,0.022,0.000,0.000,0.000
971,0.971000,604512.066707,-1318326.420569,-713814.353862,1.160131e-02,-1700.493062,-19.811358,1284.255454,0.209,9.152,0.019,0.000,0.000,0.000
972,0.972000,604429.402472,-1318233.892230,-713804.489758,1.161497e-02,-1700.855528,-18.671677,1283.520384,0.205,4.661,0.019,0.000,0.000,0.000
973,0.973000,604348.150363,-1318141.694936,-713793.544573,1.163012e-02,-1701.097322,-17.864421,1282.823460,0.196,9.105,0.018,0.000,0.000,0.000
974,0.974000,604267.398284,-1318049.879348,-713782.481064,1.164544e-02,-1701.722698,-17.395761,1282.159551,0.200,4.683,0.018,0.000,0.000,0.000
975,0.975000,604187.360608,-1317958.397349,-713771.036741,1.166129e-02,-1702.582752,-16.761754,1281.447340,0.187,9.200,0.019,0.000,0.000,0.000
976,0.976000,604107.117224,-1317867.256887,-713760.139664,1.167638e-02,-1702.875780,-16.054602,1280.864201,0.199,4.687,0.020,0.000,0.000,0.000
977,0.977000,604026.669892,-1317776.465024,-713749.795131,1.169070e-02,-1703.397943,-15.003468,1280.541126,0.198,9.172,0.019,0.000,0.000,0.000
978,0.978000,603946.952953,-1317685.949177,-713738.996224,1.170566e-02,-1704.523182,-13.413721,1280.420941,0.199,3.097,0.021,0.000,0.000,0.000
979,0.979000,603867.127011,-1317595.701801,-713728.574789,1.172009e-02,-1705.290839,-12.584278,1280.034325,0.181,4.608,0.018,0.000,0.000,0.000
980,0.980000,603787.838824,-1317505.810221,-713717.971397,1.173477e-02,-1705.929165,-11.371937,1279.534791,0.253,6.175,0.021,0.000,0.000,0.000
981,0.981000,603709.170797,-1317416.194173,-713707.023376,1.174993e-02,-1706.558487,-10.111963,1279.085126,0.230,6.152,0.024,0.000,0.000,0.000
982,0.982000,603629.121370,-1317326.880435,-713697.759065,1.176276e-02,-1707.355067,-10.186033,1279.389655,0.243,10.496,0.029,0.000,0.000,0.000
983,0.983000,603551.011993,-1317237.529190,-713686.517197,1.177832e-02,-1708.953847,-11.223799,1280.269085,0.217,3.094,0.022,0.000,0.000,0.000
984,0.984000,603473.450810,-1317147.964834,-713674.514024,1.179494e-02,-1709.972169,-11.711623,1280.445596,0.214,9.224,0.025,0.000,0.000,0.000
985,0.985000,603392.405995,-1317058.565696,-713666.159701,1.180651e-02,-1710.127977,-11.369307,1280.147006,0.224,4.689,0.019,0.000,0.000,0.000
986,0.986000,603311.579348,-1316969.489437,-713657.910090,1.181793e-02,-1710.542101,-11.171275,1279.916894,0.204,9.213,0.019,0.000,0.000,0.000
987,0.987000,603232.378101,-1316880.561271,-713648.183169,1.183140e-02,-1710.785879,-10.732756,1279.513431,0.221,4.696,0.022,0.000,0.000,0.000
988,0.988000,603153.293625,-1316791.883689,-713638.590064,1.184469e-02,-1710.682133,-10.009837,1278.851386,0.205,10.742,0.023,0.000,0.000,0.000
989,0.989000,603074.934023,-1316703.422452,-713628.488429,1.185867e-02,-1710.599536,-9.719447,1278.326003,0.196,4.692,0.020,0.000,0.000,0.000
990,0.990000,602997.994256,-1316615.134123,-713617.139867,1.187439e-02,-1711.150123,-10.634200,1278.399379,0.194,6.191,0.018,0.000,0.000,0.000
991,0.991000,602919.099223,-1316526.725732,-713607.626509,1.188756e-02,-1711.767962,-11.271159,1278.503492,0.186,7.710,0.020,0.000,0.000,0.000
992,0.992000,602839.038817,-1316438.697156,-713599.658339,1.189859e-02,-1712.001204,-11.092652,1278.165863,0.189,4.317,0.024,0.000,0.000,0.000
993,0.993000,602759.205548,-1316351.051649,-713591.846101,1.190941e-02,-1712.321532,-10.910256,1277.790435,0.192,7.624,0.020,0.000,0.000,0.000
994,0.994000,602681.449444,-1316263.760195,-713582.310751,1.192261e-02,-1713.514481,-10.942320,1277.113372,0.241,9.159,0.026,0.000,0.000,0.000
995,0.995000,602606.948937,-1316176.728389,-713569.779452,1.193997e-02,-1715.579086,-10.910339,1276.521399,0.271,3.218,0.031,0.000,0.000,0.000
996,0.996000,602530.304504,-1316089.837143,-713559.532639,1.195415e-02,-1717.847501,-10.997228,1276.266927,0.237,6.137,0.029,0.000,0.000,0.000
997,0.997000,602451.963619,-1316003.345920,-713551.382301,1.196544e-02,-1720.217210,-11.596226,1276.203995,0.214,6.204,0.020,0.000,0.000,0.000
998,0.998000,602373.710450,-1315917.151694,-713543.441244,1.197644e-02,-1722.377576,-12.044379,1276.285090,0.212,6.125,0.019,0.000,0.000,0.000
999,0.999000,602296.527002,-1315831.262302,-713534.735300,1.198849e-02,-1724.712024,-12.240380,1276.113687,0.200,8.730,0.019,0.000,0.000,0.000
1000,1.000000,602218.292097,-1315745.672670,-713527.380573,1.199867e-02,-1726.056840,-12.078659,1275.946148,0.212,3.207,0.021,0.000,0.000,0.000
1001,1.001000,602138.343310,-1315660.469247,-713522.125937,1.200595e-02,-1726.197676,-11.676748,1276.051308,0.202,6.149,0.027,0.000,0.000,0.000
1002,1.002000,602061.889233,-1315575.668950,-713513.779718,1.201751e-02,-1727.888457,-10.170135,1276.640967,0.199,6.221,0.021,0.000,0.000,0.000
1003,1.003000,601985.858170,-1315491.120838,-713505.262668,1.202930e-02,-1729.591659,-8.888935,1277.165059,0.203,7.710,0.020,0.000,0.000,0.000
1004,1.004000,601909.625151,-1315406.990416,-713497.365265,1.204024e-02,-1729.794520,-8.726729,1277.010809,0.202,4.191,0.019,0.000,0.000,0.000
1005,1.005000,601835.268527,-1315323.243669,-713487.975143,1.205324e-02,-1730.085027,-8.607500,1277.004607,0.193,10.705,0.018,0.000,0.000,0.000
1006,1.006000,601763.286988,-1315239.937132,-713476.650144,1.206892e-02,-1731.541743,-8.965158,1276.790243,0.196,4.230,0.022,0.000,0.000,0.000
1007,1.007000,601691.130513,-1315156.965714,-713465.835201,1.208389e-02,-1733.123790,-9.086371,1276.174826,0.195,9.137,0.019,0.000,0.000,0.000
1008,1.008000,601617.451907,-1315074.532175,-713457.080269,1.209602e-02,-1733.638719,-8.474623,1275.737521,0.195,4.684,0.018,0.000,0.000,0.000
1009,1.009000,601543.561004,-1314992.648917,-713449.087913,1.210708e-02,-1734.131456,-7.544447,1275.432262,0.200,7.666,0.023,0.000,0.000,0.000
1010,1.010000,601468.456390,-1314911.354612,-713442.898222,1.211565e-02,-1734.565178,-6.806962,1275.222124,0.236,9.251,0.022,0.000,0.000,0.000
1011,1.011000,601393.586386,-1314830.726551,-713437.140165,1.212363e-02,-1734.756720,-6.191030,1275.146529,0.209,3.104,0.022,0.000,0.000,0.000
1012,1.012000,601318.635869,-1314750.777813,-713432.141945,1.213055e-02,-1734.946942,-5.517865,1274.848152,0.199,10.743,0.020,0.000,0.000,0.000
1013,1.013000,601244.614027,-1314671.550058,-713426.936031,1.213776e-02,-1735.283720,-4.903432,1274.163562,0.195,4.604,0.021,0.000,0.000,0.000
1014,1.014000,601173.021954,-1314593.044009,-713420.022055,1.214733e-02,-1735.825322,-4.301114,1273.742797,0.197,8.808,0.018,0.000,0.000,0.000
1015,1.015000,601101.527037,-1314515.180927,-713413.653889,1.215615e-02,-1736.596735,-3.818926,1273.544887,0.196,4.698,0.019,0.000,0.000,0.000
1016,1.016000,601033.890703,-1314437.993757,-713404.103053,1.216937e-02,-1737.284324,-2.791404,1272.942847,0.185,8.887,0.019,0.000,0.000,0.000
1017,1.017000,600968.389905,-1314361.421539,-713393.031633,1.218470e-02,-1738.057909,-1.642359,1272.230147,0.198,7.628,0.020,0.000,0.000,0.000
1018,1.018000,600901.634864,-1314285.489107,-713383.854243,1.219741e-02,-1738.881583,-1.115345,1271.835958,0.199,4.510,0.020,0.000,0.000,0.000
1019,1.019000,600834.761550,-1314210.204291,-713375.442741,1.220906e-02,-1739.564138,-0.594584,1271.455496,0.195,10.657,0.019,0.000,0.000,0.000
1020,1.020000,600768.915941,-1314135.612533,-713366.696592,1.222117e-02,-1740.253871,-0.141572,1271.005964,0.267,3.932,0.024,0.000,0.000,0.000
1021,1.021000,600702.939574,-1314061.660341,-713358.720767,1.223221e-02,-1741.118337,0.134218,1270.608079,0.207,6.152,0.023,0.000,0.000,0.000
1022,1.022000,600636.545845,-1313988.397582,-713351.851738,1.224172e-02,-1742.038585,0.882749,1270.164229,0.203,6.206,0.019,0.000,0.000,0.000
1023,1.023000,600572.449591,-1313915.713853,-713343.264262,1.225361e-02,-1742.721834,2.024504,1269.714708,0.206,7.739,0.021,0.000,0.000,0.000
1024,1.024000,600509.036676,-1313843.607572,-713334.570896,1.226565e-02,-1743.141299,2.917833,1269.072286,0.197,9.168,0.019,0.000,0.000,0.000
1025,1.025000,600448.112938,-1313772.039470,-713323.926533,1.228039e-02,-1743.382927,3.791368,1267.910740,0.190,4.676,0.019,0.000,0.000,0.000
1026,1.026000,600387.241549,-1313700.992647,-713313.751098,1.229448e-02,-1744.072496,4.710340,1266.820757,0.196,10.719,0.018,0.000,0.000,0.000
1027,1.027000,600325.283293,-1313630.445629,-713305.162336,1.230637e-02,-1745.420501,5.424833,1266.137617,0.199,4.603,0.022,0.000,0.000,0.000
1028,1.028000,600263.490481,-1313560.321570,-713296.831088,1.231791e-02,-1746.878533,6.551193,1265.680005,0.183,6.190,0.018,0.000,0.000,0.000
1029,1.029000,600201.842779,-1313490.465642,-713288.622863,1.232927e-02,-1747.951384,7.851279,1265.418484,0.182,6.210,0.017,0.000,0.000,0.000
1030,1.030000,600140.966201,-1313420.972066,-713280.005865,1.234121e-02,-1748.784817,8.851863,1265.098736,0.196,7.729,0.023,0.000,0.000,0.000
1031,1.031000,600078.578794,-1313351.738514,-713273.159720,1.235069e-02,-1749.708212,9.714105,1264.622971,0.191,4.696,0.019,0.000,0.000,0.000
1032,1.032000,600016.309174,-1313282.821856,-713266.512682,1.235989e-02,-1750.286297,10.223684,1264.043278,0.190,10.322,0.019,0.000,0.000,0.000
1033,1.033000,599954.985218,-1313214.219392,-713259.234173,1.236997e-02,-1750.992044,10.753688,1263.264436,0.218,3.118,0.026,0.000,0.000,0.000
1034,1.034000,599893.522043,-1313145.780819,-713252.258777,1.237963e-02,-1751.968234,11.511798,1262.133197,0.185,5.938,0.021,0.000,0.000,0.000
1035,1.035000,599835.226035,-1313077.451135,-713242.225100,1.239352e-02,-1752.784920,12.263040,1260.973232,0.238,6.159,0.025,0.000,0.000,0.000
1036,1.036000,599777.076920,-1313009.250324,-713232.173404,1.240744e-02,-1753.777220,12.951137,1260.138057,0.270,7.757,0.032,0.000,0.000,0.000
1037,1.037000,599716.243641,-1312941.201928,-713224.958287,1.241743e-02,-1754.465494,13.427359,1259.735798,0.225,7.626,0.027,0.000,0.000,0.000
1038,1.038000,599655.893813,-1312873.279946,-713217.386133,1.242791e-02,-1754.568585,13.869931,1259.274803,0.216,4.684,0.020,0.000,0.000,0.000
1039,1.039000,599595.008523,-1312805.505668,-713210.497145,1.243745e-02,-1754.374127,14.424408,1258.361098,0.211,9.096,0.019,0.000,0.000,0.000
1040,1.040000,599534.700867,-1312737.917363,-713203.216496,1.244753e-02,-1753.918330,14.986943,1257.334094,0.207,4.635,0.020,0.000,0.000,0.000
1041,1.041000,599474.381391,-1312670.418162,-713196.036771,1.245748e-02,-1753.824247,15.358365,1256.582221,0.202,9.257,0.019,0.000,0.000,0.000
1042,1.042000,599413.808275,-1312603.103714,-713189.295438,1.246681e-02,-1753.879238,15.423949,1255.966177,0.204,4.699,0.020,0.000,0.000,0.000
1043,1.043000,599353.486278,-1312535.956177,-713182.469899,1.247626e-02,-1753.701392,15.509857,1255.382892,0.197,9.221,0.021,0.000,0.000,0.000
1044,1.044000,599293.065085,-1312469.095111,-713176.030025,1.248518e-02,-1753.428070,15.514362,1254.858931,0.207,3.095,0.019,0.000,0.000,0.000
1045,1.045000,599232.631371,-1312402.523736,-713169.892364,1.249368e-02,-1753.224074,15.439092,1254.315493,0.194,9.120,0.017,0.000,0.000,0.000
1046,1.046000,599172.715860,-1312336.288107,-713163.572247,1.250243e-02,-1753.132884,15.749614,1253.611630,0.203,10.714,0.025,0.000,0.000,0.000
1047,1.047000,599114.177668,-1312270.454448,-713156.276781,1.251253e-02,-1752.980768,16.183128,1252.919797,0.198,3.100,0.021,0.000,0.000,0.000
1048,1.048000,599055.818936,-1312205.124484,-713149.305548,1.252218e-02,-1752.373156,16.497107,1252.569874,0.196,9.019,0.018,0.000,0.000,0.000
1049,1.049000,598997.586966,-1312140.250059,-713142.663093,1.253138e-02,-1751.722168,17.478509,1251.607377,0.196,4.682,0.018,0.000,0.000,0.000
1050,1.050000,598938.837139,-1312075.761884,-713136.924745,1.253933e-02,-1751.297373,20.091081,1248.849079,0.192,9.115,0.019,0.000,0.000,0.000
1051,1.051000,598879.686338,-1312011.735755,-713132.049417,1.254608e-02,-1751.084848,22.361175,1246.430063,0.233,9.241,0.022,0.000,0.000,0.000
1052,1.052000,598821.516837,-1311948.359439,-713126.842602,1.255329e-02,-1751.154239,24.451094,1244.408113,0.214,3.103,0.028,0.000,0.000,0.000
1053,1.053000,598764.489111,-1311885.490059,-713121.000948,1.256138e-02,-1750.690276,27.055336,1241.863701,0.201,9.124,0.019,0.000,0.000,0.000
1054,1.054000,598707.804907,-1311823.252711,-713115.447804,1.256907e-02,-1750.493845,28.622327,1240.123422,0.201,4.617,0.018,0.000,0.000,0.000
1055,1.055000,598650.862147,-1311761.657185,-713110.795038,1.257551e-02,-1750.281297,30.073002,1238.378384,0.195,8.922,0.019,0.000,0.000,0.000
1056,1.056000,598595.134505,-1311700.695152,-713105.560647,1.258276e-02,-1749.388222,31.861963,1236.330861,0.196,4.686,0.019,0.000,0.000,0.000
1057,1.057000,598540.219086,-1311640.372255,-713100.153169,1.259024e-02,-1748.533972,33.852602,1234.134057,0.194,7.627,0.018,0.000,0.000,0.000
1058,1.058000,598485.248060,-1311580.668617,-713095.420557,1.259680e-02,-1747.975287,34.878436,1232.770797,0.208,7.738,0.018,0.000,0.000,0.000
1059,1.059000,598430.906073,-1311521.679544,-713090.773471,1.260323e-02,-1747.377407,35.895216,1231.435189,0.203,4.672,0.022,0.000,0.000,0.000
1060,1.060000,598378.395341,-1311463.268680,-713084.873339,1.261140e-02,-1746.995229,37.124353,1230.243180,0.192,6.198,0.020,0.000,0.000,0.000
1061,1.061000,598327.116878,-1311405.499500,-713078.382623,1.262039e-02,-1747.248949,37.639792,1230.041237,0.225,6.230,0.026,0.000,0.000,0.000
1062,1.062000,598275.959227,-1311348.379711,-713072.420484,1.262864e-02,-1747.621377,38.314760,1229.700226,0.235,7.716,0.025,0.000,0.000,0.000
1063,1.063000,598225.752088,-1311291.874560,-713066.122472,1.263736e-02,-1747.457082,38.935696,1229.034349,0.259,3.100,0.023,0.000,0.000,0.000
1064,1.064000,598176.342371,-1311235.944084,-713059.601713,1.264639e-02,-1747.444200,40.438275,1227.216809,0.236,8.966,0.031,0.000,0.000,0.000
1065,1.065000,598126.758669,-1311180.440509,-713053.681840,1.265459e-02,-1748.330426,42.727166,1224.918251,0.215,4.638,0.020,0.000,0.000,0.000
1066,1.066000,598077.917641,-1311125.412098,-713047.494457,1.266316e-02,-1748.594409,44.207023,1223.316567,0.206,9.238,0.022,0.000,0.000,0.000
1067,1.067000,598031.054093,-1311070.880130,-713039.826037,1.267378e-02,-1749.396231,46.365041,1219.174149,0.205,4.328,0.020,0.000,0.000,0.000
1068,1.068000,597983.504077,-1311016.437160,-713032.933083,1.268332e-02,-1750.642840,49.238498,1214.400364,0.202,9.239,0.019,0.000,0.000,0.000
1069,1.069000,597934.833151,-1310962.356697,-713027.523547,1.269081e-02,-1750.495484,51.677919,1211.820424,0.201,9.211,0.021,0.000,0.000,0.000
1070,1.070000,597886.787658,-1310908.619864,-713021.832206,1.269869e-02,-1750.159867,53.276790,1210.170429,0.190,3.129,0.031,0.000,0.000,0.000
1071,1.071000,597840.306110,-1310855.366283,-713015.060173,1.270807e-02,-1750.175190,53.711985,1209.598082,0.200,9.110,0.021,0.000,0.000,0.000
1072,1.072000,597794.200346,-1310802.632182,-713008.431836,1.271725e-02,-1750.105289,53.933088,1209.287056,0.195,4.615,0.018,0.000,0.000,0.000
1073,1.073000,597748.632241,-1310750.434809,-713001.802568,1.272643e-02,-1750.098363,54.246934,1209.068938,0.204,9.249,0.019,0.000,0.000,0.000
1074,1.074000,597703.341743,-1310698.743648,-712995.401905,1.273529e-02,-1750.168110,54.794825,1208.548562,0.185,4.686,0.019,0.000,0.000,0.000
1075,1.075000,597657.821552,-1310647.613159,-712989.791607,1.274306e-02,-1750.295385,55.340703,1207.926277,0.230,9.233,0.027,0.000,0.000,0.000
1076,1.076000,597613.713702,-1310597.077997,-712983.364295,1.275196e-02,-1750.458678,55.662041,1207.602483,0.216,9.224,0.022,0.000,0.000,0.000
1077,1.077000,597570.289109,-1310547.129048,-712976.839939,1.276099e-02,-1750.614576,55.986921,1207.304672,0.226,3.120,0.021,0.000,0.000,0.000
1078,1.078000,597527.026959,-1310497.807615,-712970.780656,1.276938e-02,-1750.641714,55.401697,1206.548530,0.198,10.721,0.020,0.000,0.000,0.000
1079,1.079000,597484.071626,-1310448.908388,-712964.836761,1.277761e-02,-1750.627866,54.704580,1205.855425,0.238,3.099,0.025,0.000,0.000,0.000
1080,1.080000,597441.236256,-1310400.582882,-712959.346626,1.278521e-02,-1750.814151,54.778299,1205.497556,0.194,4.654,0.022,0.000,0.000,0.000
1081,1.081000,597399.016265,-1310352.829005,-712953.812741,1.279288e-02,-1750.983531,54.769194,1205.148596,0.224,4.617,0.019,0.000,0.000,0.000
1082,1.082000,597357.494120,-1310305.624449,-712948.130329,1.280075e-02,-1751.129219,54.736333,1204.776747,0.199,7.616,0.021,0.000,0.000,0.000
1083,1.083000,597315.768702,-1310258.898095,-712943.129393,1.280767e-02,-1751.094197,54.623390,1204.503491,0.186,4.624,0.019,0.000,0.000,0.000
1084,1.084000,597275.012945,-1310212.673674,-712937.660728,1.281524e-02,-1750.967657,54.636249,1204.403261,0.185,8.917,0.020,0.000,0.000,0.000
1085,1.085000,597235.235685,-1310166.910787,-712931.675102,1.282353e-02,-1750.833440,54.558187,1204.193550,0.182,4.679,0.019,0.000,0.000,0.000
1086,1.086000,597199.778808,-1310121.640930,-712921.862122,1.283712e-02,-1750.458172,54.188175,1203.796533,0.193,9.237,0.019,0.000,0.000,0.000
1087,1.087000,597164.851579,-1310076.767977,-712911.916399,1.285089e-02,-1749.603910,53.800594,1203.614649,0.187,4.689,0.019,0.000,0.000,0.000
1088,1.088000,597126.588049,-1310032.316498,-712905.728450,1.285946e-02,-1748.966196,53.721087,1203.623037,0.192,9.021,0.019,0.000,0.000,0.000
1089,1.089000,597089.132240,-1309988.330006,-712899.197767,1.286850e-02,-1748.744522,53.690514,1203.508240,0.181,10.735,0.019,0.000,0.000,0.000
1090,1.090000,597051.212498,-1309944.818184,-712893.605685,1.287624e-02,-1748.269499,53.863821,1203.025919,0.194,4.705,0.019,0.000,0.000,0.000
1091,1.091000,597012.938736,-1309901.759231,-712888.820496,1.288287e-02,-1747.443046,54.161952,1202.104009,0.195,5.640,0.017,0.000,0.000,0.000
1092,1.092000,596975.658395,-1309859.084257,-712883.425862,1.289034e-02,-1746.994316,54.228713,1201.426159,0.218,6.152,0.022,0.000,0.000,0.000
1093,1.093000,596938.711596,-1309816.858434,-712878.146838,1.289765e-02,-1746.946756,54.683825,1200.818405,0.205,7.764,0.020,0.000,0.000,0.000
1094,1.094000,596902.921667,-1309774.998540,-712872.076872,1.290605e-02,-1747.209933,56.267963,1200.156479,0.220,9.241,0.020,0.000,0.000,0.000
1095,1.095000,596867.935836,-1309733.370636,-712865.434800,1.291525e-02,-1747.570144,57.485956,1199.823799,0.201,3.089,0.018,0.000,0.000,0.000
1096,1.096000,596833.174981,-1309692.151735,-712858.976753,1.292419e-02,-1747.426482,57.517441,1199.833041,0.192,10.736,0.019,0.000,0.000,0.000
1097,1.097000,596797.898118,-1309651.270919,-712853.372802,1.293195e-02,-1746.970729,57.413282,1199.822837,0.186,4.607,0.018,0.000,0.000,0.000
1098,1.098000,596762.137986,-1309610.723671,-712848.585685,1.293858e-02,-1746.588928,56.829636,1199.859648,0.182,6.130,0.021,0.000,0.000,0.000
1099,1.099000,596727.730377,-1309570.400146,-712842.669769,1.294677e-02,-1746.702071,56.061301,1200.341776,0.191,6.115,0.018,0.000,0.000,0.000
1100,1.100000,596693.724243,-1309530.314260,-712836.590017,1.295519e-02,-1747.071233,55.363292,1200.872169,0.211,7.707,0.019,0.000,0.000,0.000
1101,1.101000,596660.624480,-1309490.567188,-712829.942708,1.296440e-02,-1747.208017,55.045313,1200.838315,0.179,9.243,0.018,0.000,0.000,0.000
1102,1.102000,596630.733527,-1309451.301411,-712820.567884,1.297738e-02,-1746.842913,55.699337,1200.094265,0.219,3.143,0.021,0.000,0.000,0.000
1103,1.103000,596600.286769,-1309412.541488,-712812.254719,1.298889e-02,-1746.597440,56.346552,1199.515653,0.209,10.674,0.025,0.000,0.000,0.000
1104,1.104000,596566.154811,-1309374.356346,-712808.201535,1.299450e-02,-1746.608841,56.669059,1199.484358,0.199,4.688,0.020,0.000,0.000,0.000
1105,1.105000,596533.472850,-1309336.779129,-712803.306279,1.300128e-02,-1746.437748,57.349779,1199.006774,0.187,9.135,0.019,0.000,0.000,0.000
1106,1.106000,596503.192366,-1309299.804487,-712796.612121,1.301055e-02,-1746.159699,57.695594,1198.255957,0.196,4.606,0.018,0.000,0.000,0.000
1107,1.107000,596472.957249,-1309263.448483,-712790.491234,1.301902e-02,-1745.929256,57.745912,1197.787713,0.192,7.619,0.019,0.000,0.000,0.000
1108,1.108000,596443.365501,-1309227.769182,-712784.403681,1.302745e-02,-1745.844043,58.347852,1197.407691,0.183,8.990,0.018,0.000,0.000,0.000
1109,1.109000,596415.557386,-1309192.800067,-712777.242680,1.303737e-02,-1746.052777,58.938198,1197.291766,0.194,4.706,0.020,0.000,0.000,0.000
1110,1.110000,596389.396804,-1309158.576722,-712769.179918,1.304853e-02,-1746.375794,59.142354,1197.454596,0.192,10.452,0.020,0.000,0.000,0.000
1111,1.111000,596363.723588,-1309125.076208,-712761.352620,1.305937e-02,-1746.299741,59.260907,1197.730534,0.192,4.647,0.019,0.000,0.000,0.000
1112,1.112000,596338.965553,-1309092.259261,-712753.293708,1.307053e-02,-1746.253900,59.482545,1197.878342,0.205,9.169,0.020,0.000,0.000,0.000
1113,1.113000,596315.125150,-1309060.099174,-712744.974024,1.308205e-02,-1746.420327,59.506598,1198.071050,0.192,4.698,0.023,0.000,0.000,0.000
1114,1.114000,596291.669622,-1309028.651133,-712736.981511,1.309312e-02,-1747.268890,60.423873,1198.369368,0.189,7.638,0.019,0.000,0.000,0.000
1115,1.115000,596267.861834,-1308997.713153,-712729.851319,1.310299e-02,-1749.050194,62.714960,1198.449076,0.179,9.211,0.018,0.000,0.000,0.000
1116,1.116000,596245.011645,-1308967.313964,-712722.302319,1.311344e-02,-1750.883399,65.150608,1198.400756,0.265,4.702,0.026,0.000,0.000,0.000
1117,1.117000,596222.957134,-1308937.442111,-712714.484977,1.312427e-02,-1752.744092,67.501286,1198.420018,0.207,10.326,0.020,0.000,0.000,0.000
1118,1.118000,596201.084080,-1308908.083822,-712706.999743,1.313463e-02,-1753.527351,68.763880,1198.342037,0.202,3.094,0.022,0.000,0.000,0.000
1119,1.119000,596179.401507,-1308879.272516,-712699.871009,1.314450e-02,-1753.422412,68.850713,1198.206542,0.196,4.634,0.021,0.000,0.000,0.000
1120,1.120000,596157.675172,-1308851.080902,-712693.405730,1.315346e-02,-1754.175112,68.465977,1197.921207,0.204,6.200,0.022,0.000,0.000,0.000
1121,1.121000,596136.893246,-1308823.393517,-712686.500271,1.316302e-02,-1755.559788,67.892639,1197.244198,0.190,7.710,0.019,0.000,0.000,0.000
1122,1.122000,596118.181394,-1308796.178194,-712677.996799,1.317479e-02,-1757.030184,67.275788,1196.706278,0.201,9.247,0.020,0.000,0.000,0.000
1123,1.123000,596100.734698,-1308769.444869,-712668.710170,1.318765e-02,-1758.576563,66.430348,1196.253126,0.195,4.678,0.019,0.000,0.000,0.000
1124,1.124000,596081.789482,-1308743.194512,-712661.405030,1.319777e-02,-1759.834814,65.682930,1195.405473,0.182,6.123,0.019,0.000,0.000,0.000
1125,1.125000,596062.103553,-1308717.423492,-712655.319939,1.320619e-02,-1760.363024,65.668816,1194.516407,0.191,6.196,0.021,0.000,0.000,0.000
1126,1.126000,596042.889962,-1308692.297897,-712649.407935,1.321438e-02,-1760.389059,66.136648,1193.859036,0.227,6.167,0.023,0.000,0.000,0.000
1127,1.127000,596024.128360,-1308667.874258,-712643.745898,1.322222e-02,-1760.294312,66.450698,1193.246880,0.205,3.090,0.019,0.000,0.000,0.000
1128,1.128000,596007.470061,-1308644.129986,-712636.659924,1.323203e-02,-1760.772920,65.959451,1192.682496,0.199,9.031,0.021,0.000,0.000,0.000
1129,1.129000,595992.328225,-1308621.033868,-712628.705643,1.324304e-02,-1762.339435,65.157698,1192.094086,0.200,4.685,0.021,0.000,0.000,0.000
1130,1.130000,595977.262058,-1308598.615690,-712621.353632,1.325322e-02,-1764.372413,64.603321,1191.428474,0.201,7.664,0.024,0.000,0.000,0.000
1131,1.131000,595962.783024,-1308576.904621,-712614.121598,1.326324e-02,-1765.465559,64.568843,1190.832445,0.210,7.644,0.019,0.000,0.000,0.000
1132,1.132000,595948.855270,-1308556.046677,-712607.191408,1.327283e-02,-1765.642152,64.858806,1190.389004,0.226,4.720,0.022,0.000,0.000,0.000
1133,1.133000,595934.179714,-1308536.004532,-712601.824819,1.328026e-02,-1766.251702,64.849152,1190.163619,0.208,10.724,0.019,0.000,0.000,0.000
1134,1.134000,595920.152623,-1308516.810628,-712596.658005,1.328742e-02,-1766.883484,64.622630,1190.061324,0.214,4.695,0.019,0.000,0.000,0.000
1135,1.135000,595909.008399,-1308498.442670,-712589.434271,1.329742e-02,-1766.452678,64.315594,1189.784178,0.202,6.214,0.020,0.000,0.000,0.000
1136,1.136000,595898.631702,-1308480.795005,-712582.163303,1.330749e-02,-1765.855371,64.415859,1189.359275,0.197,6.216,0.018,0.000,0.000,0.000
1137,1.137000,595887.798439,-1308463.928587,-712576.130148,1.331584e-02,-1765.934598,64.705700,1189.035735,0.230,3.129,0.018,0.000,0.000,0.000
1138,1.138000,595876.815223,-1308447.804625,-712570.989401,1.332296e-02,-1766.490200,64.903162,1188.816564,0.190,10.549,0.021,0.000,0.000,0.000
1139,1.139000,595867.723126,-1308432.350647,-712564.627521,1.333177e-02,-1766.688854,63.578060,1187.943006,0.198,3.108,0.019,0.000,0.000,0.000
1140,1.140000,595859.019935,-1308417.208089,-712558.188155,1.334069e-02,-1766.469971,62.406272,1186.943940,0.189,4.662,0.020,0.000,0.000,0.000
1141,1.141000,595849.059528,-1308402.682898,-712553.623370,1.334701e-02,-1766.458694,62.791227,1186.441007,0.219,6.225,0.019,0.000,0.000,0.000
1142,1.142000,595840.418831,-1308388.724414,-712548.305583,1.335437e-02,-1766.865364,63.075498,1185.801581,0.202,6.159,0.026,0.000,0.000,0.000
1143,1.143000,595834.545369,-1308375.272749,-712540.727379,1.336486e-02,-1767.226976,61.745355,1184.473343,0.213,10.741,0.024,0.000,0.000,0.000
1144,1.144000,595828.402560,-1308361.953447,-712533.550888,1.337480e-02,-1767.688897,61.336260,1183.364149,0.275,3.134,0.028,0.000,0.000,0.000
1145,1.145000,595821.296574,-1308349.050355,-712527.753781,1.338283e-02,-1768.741325,63.178847,1183.422602,0.232,4.674,0.024,0.000,0.000,0.000
1146,1.146000,595815.474445,-1308336.494162,-712521.019717,1.339215e-02,-1769.966850,64.773605,1183.589306,0.229,4.636,0.022,0.000,0.000,0.000
1147,1.147000,595811.934327,-1308324.307751,-712512.373424,1.340413e-02,-1770.746843,64.753025,1182.721024,0.265,7.693,0.020,0.000,0.000,0.000
1148,1.148000,595807.496415,-1308312.018032,-712504.521618,1.341500e-02,-1771.695208,64.807424,1181.914450,0.211,10.810,0.024,0.000,0.000,0.000
1149,1.149000,595801.230556,-1308299.991181,-712498.760626,1.342297e-02,-1773.209179,67.197787,1181.143567,0.213,4.603,0.024,0.000,0.000,0.000
1150,1.150000,595797.404814,-1308288.157479,-712490.752665,1.343406e-02,-1774.567129,67.569352,1179.983202,0.196,6.213,0.023,0.000,0.000,0.000
1151,1.151000,595793.837695,-1308276.039535,-712482.201841,1.344590e-02,-1776.176090,67.239422,1179.537895,0.201,7.636,0.019,0.000,0.000,0.000
1152,1.152000,595789.081911,-1308264.142578,-712475.060667,1.345579e-02,-1778.280934,69.283151,1178.756924,0.199,7.710,0.019,0.000,0.000,0.000
1153,1.153000,595785.120380,-1308252.189095,-712467.068716,1.346686e-02,-1780.274028,71.343323,1177.781033,0.195,3.092,0.026,0.000,0.000,0.000
1154,1.154000,595781.824334,-1308240.234328,-712458.409993,1.347885e-02,-1781.614533,73.221893,1176.920962,0.193,10.687,0.020,0.000,0.000,0.000
1155,1.155000,595777.807012,-1308228.390781,-712450.583770,1.348968e-02,-1782.501774,74.074057,1176.148770,0.215,4.711,0.024,0.000,0.000,0.000
1156,1.156000,595773.890425,-1308216.813572,-712442.923147,1.350029e-02,-1782.967665,73.535571,1175.856651,0.194,6.005,0.018,0.000,0.000,0.000
1157,1.157000,595770.624324,-1308205.545362,-712434.921038,1.351137e-02,-1783.876983,73.740721,1175.613733,0.225,6.141,0.021,0.000,0.000,0.000
1158,1.158000,595772.574979,-1308194.491169,-712421.916190,1.352938e-02,-1783.822356,73.982904,1175.112164,0.258,6.167,0.031,0.000,0.000,0.000
1159,1.159000,595779.519898,-1308183.680231,-712404.160334,1.355397e-02,-1782.853125,74.603496,1174.283323,0.206,7.644,0.021,0.000,0.000,0.000
1160,1.160000,595781.019784,-1308173.057781,-712392.037997,1.357075e-02,-1782.231380,75.849855,1173.543374,0.232,3.106,0.021,0.000,0.000,0.000
1161,1.161000,595778.640743,-1308162.793022,-712384.152279,1.358167e-02,-1781.398331,77.053471,1173.009517,0.197,4.656,0.019,0.000,0.000,0.000
1162,1.162000,595775.632375,-1308152.798446,-712377.166072,1.359134e-02,-1780.968979,78.143827,1172.602601,0.210,6.202,0.022,0.000,0.000,0.000
1163,1.163000,595773.313366,-1308143.420942,-712370.107576,1.360112e-02,-1780.771586,79.108355,1172.171395,0.195,6.099,0.019,0.000,0.000,0.000
1164,1.164000,595772.757767,-1308134.494188,-712361.736421,1.361271e-02,-1780.707083,80.766467,1171.672956,0.202,9.115,0.020,0.000,0.000,0.000
1165,1.165000,595772.522142,-1308126.041388,-712353.519246,1.362409e-02,-1780.788789,82.971983,1170.782597,0.200,10.763,0.022,0.000,0.000,0.000
1166,1.166000,595772.778714,-1308117.989970,-712345.211256,1.363559e-02,-1780.667425,84.881676,1169.370569,0.198,4.174,0.019,0.000,0.000,0.000
1167,1.167000,595772.956974,-1308110.544933,-712337.587959,1.364615e-02,-1780.472397,85.992581,1168.179506,0.255,6.144,0.027,0.000,0.000,0.000
1168,1.168000,595774.667612,-1308103.726355,-712329.058742,1.365796e-02,-1780.451534,87.346498,1167.448101,0.240,6.226,0.022,0.000,0.000,0.000
1169,1.169000,595777.075951,-1308097.304241,-712320.228291,1.367018e-02,-1780.304572,88.605393,1167.379517,0.228,3.111,0.022,0.000,0.000,0.000
1170,1.170000,595783.212827,-1308091.322911,-712308.110084,1.368696e-02,-1779.504723,89.501635,1167.281804,0.207,10.666,0.021,0.000,0.000,0.000
1171,1.171000,595789.481012,-1308085.832643,-712296.351631,1.370325e-02,-1778.432835,89.687918,1167.143499,0.215,3.101,0.019,0.000,0.000,0.000
1172,1.172000,595790.589629,-1308080.668275,-712290.078646,1.371193e-02,-1777.687541,89.433427,1167.132459,0.213,4.627,0.029,0.000,0.000,0.000
1173,1.173000,595792.270324,-1308075.951719,-712283.681395,1.372079e-02,-1776.456286,89.325977,1167.023117,0.194,4.620,0.022,0.000,0.000,0.000
1174,1.174000,595795.507360,-1308071.616947,-712276.109587,1.373127e-02,-1774.672987,89.173033,1167.052376,0.227,7.739,0.022,0.000,0.000,0.000
1175,1.175000,595800.398574,-1308067.659920,-712267.261346,1.374353e-02,-1773.176274,88.942937,1167.170884,0.206,9.135,0.019,0.000,0.000,0.000
1176,1.176000,595807.534753,-1308064.052919,-712256.518166,1.375840e-02,-1772.259557,90.342337,1165.580641,0.203,4.606,0.018,0.000,0.000,0.000
1177,1.177000,595817.317273,-1308060.530318,-712243.213044,1.377682e-02,-1771.643632,92.466743,1163.582730,0.252,9.154,0.038,0.000,0.000,0.000
1178,1.178000,595826.160831,-1308057.450250,-712231.289419,1.379333e-02,-1771.180063,92.756529,1163.381275,0.272,4.646,0.031,0.000,0.000,0.000
1179,1.179000,595831.697876,-1308054.665229,-712222.967353,1.380486e-02,-1770.040576,93.409832,1161.676692,0.281,9.153,0.045,0.000,0.000,0.000
1180,1.180000,595837.119722,-1308052.018201,-712214.898479,1.381603e-02,-1768.123919,95.430940,1158.015102,0.298,4.655,0.055,0.000,0.000,0.000
1181,1.181000,595843.761499,-1308049.523373,-712205.761875,1.382868e-02,-1766.406435,97.550727,1154.351551,0.233,8.583,0.023,0.000,0.000,0.000
1182,1.182000,595851.287683,-1308047.081360,-712195.793677,1.384248e-02,-1765.385250,98.114272,1152.667840,0.226,8.829,0.024,0.000,0.000,0.000
1183,1.183000,595857.820142,-1308044.820804,-712187.000662,1.385466e-02,-1765.495116,97.506143,1152.757658,0.214,3.099,0.025,0.000,0.000,0.000
1184,1.184000,595863.879899,-1308042.849136,-712178.969237,1.386578e-02,-1765.606491,96.694310,1152.918130,0.233,10.780,0.034,0.000,0.000,0.000
1185,1.185000,595869.715169,-1308041.082102,-712171.366934,1.387631e-02,-1765.535679,95.683362,1153.123130,0.258,4.691,0.026,0.000,0.000,0.000
1186,1.186000,595875.247644,-1308039.533682,-712164.286038,1.388611e-02,-1765.658755,94.883734,1153.364138,0.215,6.123,0.021,0.000,0.000,0.000
1187,1.187000,595881.324528,-1308038.013949,-712156.689421,1.389663e-02,-1765.123020,94.507856,1153.617557,0.206,6.201,0.020,0.000,0.000,0.000
1188,1.188000,595887.462509,-1308036.721828,-712149.259319,1.390692e-02,-1764.073190,94.503930,1153.587911,0.219,7.658,0.022,0.000,0.000,0.000
1189,1.189000,595898.784967,-1308035.637290,-712136.852323,1.392410e-02,-1762.885367,94.285483,1153.531848,0.200,4.678,0.022,0.000,0.000,0.000
1190,1.190000,595916.186169,-1308034.697373,-712118.511204,1.394950e-02,-1762.127764,95.056835,1152.053707,0.204,10.716,0.024,0.000,0.000,0.000
1191,1.191000,595932.762101,-1308033.707645,-712100.945544,1.397382e-02,-1761.547560,95.872576,1150.367921,0.199,4.682,0.018,0.000,0.000,0.000
1192,1.192000,595942.898745,-1308032.867725,-712089.968980,1.398902e-02,-1760.351550,95.839172,1149.987712,0.203,6.217,0.019,0.000,0.000,0.000
1193,1.193000,595948.226425,-1308032.091620,-712083.865195,1.399747e-02,-1759.642779,96.630225,1149.910218,0.195,6.201,0.019,0.000,0.000,0.000
1194,1.194000,595954.894614,-1308031.365374,-712076.470760,1.400771e-02,-1758.869237,97.288595,1150.073718,0.217,7.266,0.019,0.000,0.000,0.000
1195,1.195000,595960.864688,-1308030.754782,-712069.890094,1.401682e-02,-1757.604524,97.106898,1150.167884,0.189,9.228,0.019,0.000,0.000,0.000
1196,1.196000,595966.628843,-1308030.268264,-712063.639421,1.402548e-02,-1757.627885,97.641750,1150.114093,0.198,4.602,0.022,0.000,0.000,0.000
1197,1.197000,595972.269159,-1308029.840350,-712057.571191,1.403388e-02,-1758.067701,98.917199,1150.279043,0.195,10.672,0.020,0.000,0.000,0.000
1198,1.198000,595976.342944,-1308029.407563,-712053.064620,1.404012e-02,-1757.841516,99.897267,1150.388134,0.229,4.161,0.021,0.000,0.000,0.000
1199,1.199000,595982.109579,-1308029.159779,-712047.050201,1.404845e-02,-1757.834047,101.003750,1150.172887,0.203,6.210,0.020,0.000,0.000,0.000
1200,1.200000,595988.581647,-1308029.042679,-712040.461032,1.405757e-02,-1757.368578,101.924928,1149.903431,0.201,6.139,0.018,0.000,0.000,0.000
1201,1.201000,595994.507527,-1308029.078403,-712034.570875,1.406573e-02,-1756.662807,102.515506,1149.335693,0.200,7.098,0.019,0.000,0.000,0.000
1202,1.202000,596001.240519,-1308029.358600,-712028.118081,1.407466e-02,-1755.931013,103.582651,1148.575136,0.202,9.147,0.020,0.000,0.000,0.000
1203,1.203000,596012.200970,-1308029.818204,-712017.617234,1.408920e-02,-1754.652949,104.572769,1147.912453,0.245,4.587,0.031,0.000,0.000,0.000
1204,1.204000,596023.704356,-1308030.494652,-712006.790296,1.410419e-02,-1753.926667,105.171141,1147.503399,0.254,9.181,0.027,0.000,0.000,0.000
1205,1.205000,596030.328879,-1308031.535172,-712001.206293,1.411192e-02,-1753.677943,105.658670,1147.196868,0.230,4.602,0.021,0.000,0.000,0.000
1206,1.206000,596036.680897,-1308032.905971,-711996.225075,1.411882e-02,-1753.099427,106.140499,1146.694879,0.198,9.159,0.020,0.000,0.000,0.000
1207,1.207000,596043.604497,-1308034.520678,-711990.916181,1.412617e-02,-1752.549386,106.507162,1146.305057,0.199,4.684,0.022,0.000,0.000,0.000
1208,1.208000,596050.632747,-1308036.543445,-711985.910699,1.413310e-02,-1752.750038,107.354409,1146.222828,0.202,7.650,0.026,0.000,0.000,0.000
1209,1.209000,596058.364347,-1308038.864158,-711980.499812,1.414060e-02,-1752.872327,108.336292,1146.072005,0.201,7.629,0.021,0.000,0.000,0.000
1210,1.210000,596067.358395,-1308041.614503,-711974.256108,1.414924e-02,-1752.131126,108.562629,1146.057795,0.198,3.126,0.020,0.000,0.000,0.000
1211,1.211000,596075.936957,-1308044.718982,-711968.782025,1.415682e-02,-1751.204659,108.649302,1146.136293,0.202,8.747,0.021,0.000,0.000,0.000
1212,1.212000,596083.770807,-1308048.214476,-711964.443669,1.416283e-02,-1750.653188,109.196758,1145.984331,0.198,4.688,0.021,0.000,0.000,0.000
1213,1.213000,596097.658255,-1308052.101680,-711954.443424,1.417668e-02,-1750.055150,109.999867,1145.770965,0.195,7.634,0.020,0.000,0.000,0.000
1214,1.214000,596112.723843,-1308056.330183,-711943.606340,1.419168e-02,-1750.001773,110.745917,1145.250296,0.231,7.658,0.023,0.000,0.000,0.000
1215,1.215000,596124.021730,-1308060.928022,-711936.906292,1.420096e-02,-1749.636124,111.867870,1143.878041,0.219,3.110,0.020,0.000,0.000,0.000
1216,1.216000,596135.320487,-1308065.852560,-711930.532072,1.420979e-02,-1748.670513,112.762315,1142.546771,0.206,10.202,0.018,0.000,0.000,0.000
1217,1.217000,596150.982320,-1308071.206986,-711920.224667,1.422406e-02,-1748.033558,113.613796,1141.299483,0.204,4.597,0.020,0.000,0.000,0.000
1218,1.218000,596167.828370,-1308076.915855,-711909.087484,1.423948e-02,-1747.659515,115.122137,1139.605763,0.200,9.203,0.020,0.000,0.000,0.000
1219,1.219000,596180.521184,-1308082.973267,-711902.452084,1.424867e-02,-1747.601021,115.962930,1138.687550,0.187,4.684,0.021,0.000,0.000,0.000
1220,1.220000,596193.544257,-1308089.549189,-711896.004932,1.425759e-02,-1747.750639,115.946200,1138.245149,0.213,9.262,0.019,0.000,0.000,0.000
1221,1.221000,596206.707288,-1308096.593806,-711889.886518,1.426607e-02,-1747.616499,115.852535,1137.754384,0.229,3.096,0.021,0.000,0.000,0.000
1222,1.222000,596219.189177,-1308104.170002,-711884.980825,1.427286e-02,-1746.856378,115.799226,1137.480428,0.195,10.420,0.019,0.000,0.000,0.000
1223,1.223000,596235.622483,-1308112.276761,-711876.654279,1.428439e-02,-1746.290632,115.949782,1137.092584,0.236,4.633,0.021,0.000,0.000,0.000
1224,1.224000,596257.987989,-1308120.847496,-711862.859506,1.430349e-02,-1745.808255,116.076521,1136.638736,0.191,6.124,0.021,0.000,0.000,0.000
1225,1.225000,596283.111132,-1308129.927711,-711846.816580,1.432570e-02,-1745.324226,116.004940,1136.142276,0.225,6.221,0.022,0.000,0.000,0.000
1226,1.226000,596308.732567,-1308139.553712,-711830.821144,1.434785e-02,-1745.682595,115.551121,1134.674038,0.238,6.151,0.024,0.000,0.000,0.000
1227,1.227000,596329.716218,-1308149.726248,-711820.010030,1.436282e-02,-1745.636275,115.652762,1132.555294,0.233,7.645,0.024,0.000,0.000,0.000
1228,1.228000,596345.883500,-1308160.484440,-711814.600940,1.437031e-02,-1744.654513,116.132426,1131.531562,0.290,4.639,0.029,0.000,0.000,0.000
1229,1.229000,596367.328974,-1308172.011925,-711804.682951,1.438404e-02,-1744.014412,115.986066,1131.121753,0.219,6.130,0.021,0.000,0.000,0.000
1230,1.230000,596393.969408,-1308184.251739,-711790.282332,1.440398e-02,-1743.179509,116.323071,1130.295755,0.207,6.194,0.020,0.000,0.000,0.000
1231,1.231000,596416.928119,-1308197.205290,-711780.277171,1.441784e-02,-1742.993477,116.501080,1129.216914,0.204,6.133,0.019,0.000,0.000,0.000
1232,1.232000,596436.539994,-1308210.924414,-711774.384419,1.442600e-02,-1743.619125,116.252052,1127.327851,0.215,9.234,0.019,0.000,0.000,0.000
1233,1.233000,596455.364696,-1308225.151490,-711769.786794,1.443236e-02,-1743.555293,116.097446,1125.662005,0.204,3.149,0.021,0.000,0.000,0.000
1234,1.234000,596479.488746,-1308240.122076,-711760.633329,1.444504e-02,-1743.342379,115.562811,1125.238053,0.199,6.134,0.020,0.000,0.000,0.000
1235,1.235000,596505.051811,-1308255.754021,-711750.702209,1.445879e-02,-1743.844983,114.706628,1124.068151,0.197,6.196,0.020,0.000,0.000,0.000
1236,1.236000,596527.167535,-1308272.070189,-711744.902654,1.446682e-02,-1745.011717,114.140487,1121.776933,0.201,6.101,0.019,0.000,0.000,0.000
1237,1.237000,596555.335259,-1308289.077605,-711733.742346,1.448227e-02,-1746.061834,113.831831,1119.468350,0.196,4.691,0.019,0.000,0.000,0.000
1238,1.238000,596583.404892,-1308306.604844,-711723.199952,1.449687e-02,-1745.759539,113.610789,1118.692211,0.196,9.227,0.018,0.000,0.000,0.000
1239,1.239000,596606.810339,-1308324.665818,-711717.855479,1.450427e-02,-1744.951571,113.628006,1118.763471,0.233,4.633,0.023,0.000,0.000,0.000
1240,1.240000,596631.036141,-1308343.417792,-711712.381651,1.451185e-02,-1744.465500,113.531972,1118.302085,0.217,7.532,0.027,0.000,0.000,0.000
1241,1.241000,596656.704060,-1308362.792123,-711706.088063,1.452057e-02,-1743.974486,113.335658,1118.327989,0.206,3.093,0.022,0.000,0.000,0.000
1242,1.242000,596683.431379,-1308382.647238,-711699.215859,1.453008e-02,-1742.923351,113.264515,1118.748645,0.195,10.723,0.019,0.000,0.000,0.000
1243,1.243000,596709.964578,-1308402.906254,-711692.941676,1.453877e-02,-1741.678178,113.277055,1118.908622,0.200,4.604,0.021,0.000,0.000,0.000
1244,1.244000,596737.447295,-1308423.678632,-711686.231337,1.454806e-02,-1741.193056,113.254771,1118.927046,0.196,6.137,0.018,0.000,0.000,0.000
1245,1.245000,596766.596768,-1308444.887706,-711678.290938,1.455906e-02,-1741.052710,113.256139,1119.085736,0.184,6.186,0.018,0.000,0.000,0.000
1246,1.246000,596801.048442,-1308466.433309,-711665.384867,1.457693e-02,-1740.822045,113.174488,1119.135092,0.196,7.632,0.019,0.000,0.000,0.000
1247,1.247000,596834.662197,-1308488.372297,-711653.710100,1.459309e-02,-1740.669439,113.066022,1118.933478,0.196,4.681,0.018,0.000,0.000,0.000
1248,1.248000,596862.663610,-1308510.659492,-711647.995882,1.460101e-02,-1740.661523,113.120195,1118.851400,0.186,10.779,0.019,0.000,0.000,0.000
1249,1.249000,596890.799753,-1308533.235410,-711642.435658,1.460870e-02,-1740.485171,112.852163,1118.578563,0.192,4.621,0.023,0.000,0.000,0.000
1250,1.250000,596918.777991,-1308556.028244,-711637.250253,1.461588e-02,-1740.012980,112.452151,1117.955471,0.183,6.132,0.019,0.000,0.000,0.000
1251,1.251000,596946.570536,-1308579.090072,-711632.519536,1.462243e-02,-1739.788889,112.438608,1117.782751,0.191,6.133,0.019,0.000,0.000,0.000
1252,1.252000,596975.136045,-1308602.383559,-711627.247514,1.462973e-02,-1739.370105,112.431489,1117.706817,0.195,4.698,0.024,0.000,0.000,0.000
1253,1.253000,597010.713353,-1308626.040276,-711615.326923,1.464624e-02,-1737.885670,113.349614,1116.438769,0.199,7.657,0.019,0.000,0.000,0.000
1254,1.254000,597047.300011,-1308649.801415,-711602.501404,1.466400e-02,-1736.189088,114.449726,1115.401209,0.181,10.666,0.022,0.000,0.000,0.000
1255,1.255000,597078.439707,-1308673.816367,-711595.376660,1.467387e-02,-1734.948075,114.752736,1115.270637,0.194,4.606,0.020,0.000,0.000,0.000
1256,1.256000,597108.035985,-1308698.146624,-711590.110639,1.468116e-02,-1733.582017,115.294069,1114.710182,0.220,6.209,0.019,0.000,0.000,0.000
1257,1.257000,597137.402236,-1308722.648707,-711585.246472,1.468789e-02,-1732.396005,115.961913,1114.159352,0.201,6.125,0.019,0.000,0.000,0.000
1258,1.258000,597167.725815,-1308747.410614,-711579.684799,1.469559e-02,-1731.872685,116.224629,1113.626761,0.192,7.710,0.019,0.000,0.000,0.000
1259,1.259000,597198.982342,-1308772.370713,-711573.388370,1.470431e-02,-1731.305005,116.404254,1113.125209,0.198,4.714,0.025,0.000,0.000,0.000
1260,1.260000,597231.167102,-1308797.539766,-711566.372664,1.471403e-02,-1730.433588,116.777383,1112.744230,0.202,10.638,0.018,0.000,0.000,0.000
1261,1.261000,597266.940850,-1308822.919421,-711555.978571,1.472842e-02,-1729.419599,117.007625,1112.398722,0.204,3.101,0.019,0.000,0.000,0.000
1262,1.262000,597307.845394,-1308848.469185,-711540.623791,1.474968e-02,-1728.666732,117.239556,1112.219901,0.185,4.635,0.018,0.000,0.000,0.000
1263,1.263000,597345.009761,-1308874.148089,-711529.138327,1.476558e-02,-1728.017223,117.612090,1112.049552,0.185,5.843,0.021,0.000,0.000,0.000
1264,1.264000,597376.996959,-1308900.000704,-711523.003745,1.477408e-02,-1727.376359,118.140559,1111.768482,0.201,6.116,0.024,0.000,0.000,0.000
1265,1.265000,597409.998773,-1308925.992904,-711515.994132,1.478378e-02,-1726.659054,118.777080,1111.636471,0.191,10.659,0.019,0.000,0.000,0.000
1266,1.266000,597448.424770,-1308951.999873,-711503.575103,1.480098e-02,-1726.375737,119.103204,1112.115629,0.197,10.189,0.021,0.000,0.000,0.000
1267,1.267000,597486.149055,-1308977.913101,-711491.764045,1.481733e-02,-1726.208358,119.259020,1112.314976,0.217,4.701,0.022,0.000,0.000,0.000
1268,1.268000,597519.337553,-1309003.967266,-711484.629713,1.482721e-02,-1725.429801,119.431765,1112.098811,0.203,6.140,0.019,0.000,0.000,0.000
1269,1.269000,597552.663001,-1309030.106516,-711477.443515,1.483716e-02,-1725.094872,119.708539,1111.969141,0.200,6.159,0.019,0.000,0.000,0.000
1270,1.270000,597586.843033,-1309056.300551,-711469.457518,1.484822e-02,-1724.899695,120.132413,1111.711056,0.226,3.096,0.025,0.000,0.000,0.000
1271,1.271000,597621.609691,-1309082.485375,-711460.875684,1.486011e-02,-1724.218652,120.440993,1111.496485,0.187,10.520,0.018,0.000,0.000,0.000
1272,1.272000,597655.428456,-1309108.663164,-711453.234708,1.487069e-02,-1723.855868,120.869229,1111.466185,0.199,4.698,0.023,0.000,0.000,0.000
1273,1.273000,597688.502687,-1309134.802059,-711446.299372,1.488029e-02,-1723.832277,121.144456,1111.554407,0.195,6.114,0.022,0.000,0.000,0.000
1274,1.274000,597721.585916,-1309160.937860,-711439.351944,1.488991e-02,-1723.806851,121.104121,1110.963074,0.191,6.188,0.020,0.000,0.000,0.000
1275,1.275000,597759.406382,-1309186.886092,-711427.479710,1.490635e-02,-1723.708941,120.809368,1109.690410,0.181,7.720,0.019,0.000,0.000,0.000
1276,1.276000,597796.744575,-1309212.780845,-711416.036271,1.492219e-02,-1723.447722,120.642084,1108.750577,0.189,9.143,0.019,0.000,0.000,0.000
1277,1.277000,597828.746161,-1309238.585368,-711409.839207,1.493077e-02,-1723.211309,120.696721,1108.249843,0.183,4.682,0.019,0.000,0.000,0.000
1278,1.278000,597865.262845,-1309264.354964,-711399.092119,1.494566e-02,-1722.855735,120.880011,1108.065024,0.194,10.357,0.074,0.000,0.000,0.000
1279,1.279000,597901.836075,-1309290.042677,-711388.206601,1.496073e-02,-1722.574541,121.466035,1108.017659,0.222,4.637,0.019,0.000,0.000,0.000
1280,1.280000,597933.885011,-1309315.725298,-711381.840287,1.496954e-02,-1722.914090,122.195552,1107.894772,0.227,6.128,0.025,0.000,0.000,0.000
1281,1.281000,597966.251570,-1309341.404225,-711375.152655,1.497880e-02,-1723.328002,123.103375,1107.683896,0.208,6.136,0.019,0.000,0.000,0.000
1282,1.282000,597998.316055,-1309367.098853,-711368.782798,1.498762e-02,-1723.221433,124.077943,1107.400415,0.215,6.121,0.021,0.000,0.000,0.000
1283,1.283000,598029.448650,-1309392.841739,-711363.393089,1.499509e-02,-1723.223834,124.899716,1107.352391,0.185,3.102,0.019,0.000,0.000,0.000
1284,1.284000,598060.273318,-1309418.605915,-711358.332598,1.500209e-02,-1723.460303,125.758069,1107.174378,0.187,9.167,0.017,0.000,0.000,0.000
1285,1.285000,598097.351581,-1309444.564796,-711347.213215,1.501749e-02,-1723.196267,126.160845,1106.874096,0.188,4.623,0.018,0.000,0.000,0.000
1286,1.286000,598139.709418,-1309470.738046,-711331.028628,1.503990e-02,-1722.863839,126.309696,1106.729949,0.204,7.654,0.031,0.000,0.000,0.000
1287,1.287000,598176.797064,-1309497.146707,-711320.349643,1.505469e-02,-1722.920586,126.703261,1106.577558,0.198,4.629,0.021,0.000,0.000,0.000
1288,1.288000,598213.870529,-1309523.898222,-711310.027693,1.506898e-02,-1722.655086,127.228945,1106.329683,0.201,9.181,0.021,0.000,0.000,0.000
1289,1.289000,598251.895758,-1309550.847959,-711298.952200,1.508432e-02,-1722.183410,127.776809,1105.827673,0.190,6.179,0.022,0.000,0.000,0.000
1290,1.290000,598285.527500,-1309578.040358,-711292.512858,1.509323e-02,-1721.617910,128.080228,1105.554062,0.196,5.772,0.021,0.000,0.000,0.000
1291,1.291000,598323.223899,-1309605.513234,-711282.289335,1.510739e-02,-1720.981025,128.264707,1105.411506,0.192,6.129,0.019,0.000,0.000,0.000
1292,1.292000,598366.116184,-1309633.170936,-711267.054751,1.512848e-02,-1720.603110,128.156903,1104.979358,0.184,7.637,0.018,0.000,0.000,0.000
1293,1.293000,598403.881082,-1309661.139648,-711257.258566,1.514205e-02,-1720.593246,127.956817,1104.305568,0.183,4.663,0.019,0.000,0.000,0.000
1294,1.294000,598440.357365,-1309689.473566,-711249.116201,1.515332e-02,-1721.363035,127.845319,1100.735776,0.227,9.158,0.027,0.000,0.000,0.000
1295,1.295000,598477.659001,-1309717.636027,-711239.977026,1.516598e-02,-1722.314008,128.586513,1095.898642,0.264,3.103,0.028,0.000,0.000,0.000
1296,1.296000,598516.080641,-1309745.867437,-711229.786795,1.518009e-02,-1723.660104,127.976491,1091.418872,0.219,4.629,0.026,0.000,0.000,0.000
1297,1.297000,598554.261124,-1309774.130664,-711219.869540,1.519382e-02,-1724.955589,125.801784,1087.529446,0.238,6.215,0.029,0.000,0.000,0.000
1298,1.298000,598592.622382,-1309802.692289,-711210.069906,1.520739e-02,-1725.756035,124.613851,1083.211628,0.220,7.742,0.021,0.000,0.000,0.000
1299,1.299000,598639.059605,-1309831.077484,-711192.017880,1.523238e-02,-1726.862487,122.797740,1078.636034,0.213,9.153,0.021,0.000,0.000,0.000
1300,1.300000,598685.587938,-1309858.841664,-711173.253727,1.525837e-02,-1728.572645,120.022693,1074.698451,0.204,4.575,0.020,0.000,0.000,0.000
1301,1.301000,598724.039357,-1309886.610495,-711162.571137,1.527316e-02,-1729.300425,118.475977,1071.982386,0.198,4.485,0.019,0.000,0.000,0.000
1302,1.302000,598762.631054,-1309914.709032,-711152.077978,1.528769e-02,-1729.612410,117.040590,1069.382805,0.204,4.684,0.022,0.000,0.000,0.000
1303,1.303000,598802.005130,-1309942.688630,-711140.683500,1.530347e-02,-1730.885045,115.097862,1066.182984,0.191,6.097,0.019,0.000,0.000,0.000
1304,1.304000,598836.735591,-1309970.837528,-711134.101937,1.531258e-02,-1731.406432,114.229390,1064.757823,0.203,6.149,0.018,0.000,0.000,0.000
1305,1.305000,598879.451555,-1309999.222694,-711119.771139,1.533242e-02,-1731.850071,112.767714,1063.294184,0.198,9.225,0.020,0.000,0.000,0.000
1306,1.306000,598922.703287,-1310027.104191,-711104.400904,1.535371e-02,-1732.405470,111.143138,1061.917446,0.196,4.626,0.022,0.000,0.000,0.000
1307,1.307000,598962.507996,-1310055.117537,-711092.609541,1.537003e-02,-1732.067926,110.748056,1061.205652,0.190,9.182,0.020,0.000,0.000,0.000
1308,1.308000,599003.362688,-1310083.323314,-711079.960625,1.538755e-02,-1730.881306,110.166598,1060.922214,0.247,4.547,0.032,0.000,0.000,0.000
1309,1.309000,599040.031925,-1310111.529724,-711071.497799,1.539927e-02,-1729.577720,109.127092,1060.596739,0.232,10.759,0.025,0.000,0.000,0.000
1310,1.310000,599075.667345,-1310139.777362,-711064.110017,1.540950e-02,-1729.034231,107.953419,1059.828547,0.234,4.699,0.027,0.000,0.000,0.000
1311,1.311000,599110.694154,-1310168.160894,-711057.466739,1.541869e-02,-1729.055229,106.895986,1058.708977,0.221,6.228,0.022,0.000,0.000,0.000
1312,1.312000,599155.126427,-1310196.803934,-711041.677507,1.544056e-02,-1729.061524,106.548541,1059.208463,0.206,7.727,0.024,0.000,0.000,0.000
1313,1.313000,599198.398805,-1310225.293775,-711026.894970,1.546103e-02,-1728.136862,107.890370,1058.347386,0.211,4.679,0.025,0.000,0.000,0.000
1314,1.314000,599231.613988,-1310253.786791,-711022.172803,1.546756e-02,-1726.690327,109.146241,1056.534631,0.204,7.636,0.019,0.000,0.000,0.000
1315,1.315000,599275.629777,-1310282.455158,-711006.825381,1.548882e-02,-1725.631641,108.924986,1057.579193,0.200,7.618,0.019,0.000,0.000,0.000
1316,1.316000,599320.317572,-1310310.937478,-710990.619906,1.551126e-02,-1725.152310,108.748162,1058.192609,0.200,3.091,0.020,0.000,0.000,0.000
1317,1.317000,599356.054529,-1310339.736130,-710983.681601,1.552086e-02,-1725.199826,108.476281,1057.620708,0.200,6.194,0.018,0.000,0.000,0.000
1318,1.318000,599393.145667,-1310368.852555,-710975.706888,1.553190e-02,-1724.456554,108.138098,1057.644916,0.223,4.689,0.029,0.000,0.000,0.000
1319,1.319000,599431.330529,-1310398.174177,-710966.843647,1.554418e-02,-1722.949104,108.143864,1058.360332,0.200,7.694,0.019,0.000,0.000,0.000
1320,1.320000,599469.535893,-1310427.659258,-710958.123364,1.555625e-02,-1721.298559,108.521538,1059.396489,0.187,9.233,0.020,0.000,0.000,0.000
1321,1.321000,599507.081835,-1310457.273843,-710950.192008,1.556723e-02,-1719.676047,108.857784,1060.346620,0.233,3.097,0.024,0.000,0.000,0.000
1322,1.322000,599543.962213,-1310487.001984,-710943.039771,1.557714e-02,-1718.363987,108.763000,1061.084722,0.218,9.158,0.023,0.000,0.000,0.000
1323,1.323000,599585.481301,-1310516.810839,-710931.329539,1.559335e-02,-1717.110530,108.543293,1061.470636,0.202,3.142,0.020,0.000,0.000,0.000
1324,1.324000,599625.843290,-1310546.808136,-710920.964847,1.560770e-02,-1715.514922,108.250137,1061.509296,0.195,7.641,0.020,0.000,0.000,0.000
1325,1.325000,599660.727352,-1310576.969310,-710916.241958,1.561424e-02,-1714.843739,107.946374,1061.162860,0.199,3.094,0.020,0.000,0.000,0.000
1326,1.326000,599696.585027,-1310607.449875,-710910.864848,1.562169e-02,-1715.243936,107.796864,1060.546499,0.196,4.617,0.019,0.000,0.000,0.000
1327,1.327000,599732.781800,-1310638.204383,-710905.422582,1.562923e-02,-1715.564534,107.715642,1059.877009,0.188,4.619,0.019,0.000,0.000,0.000
1328,1.328000,599768.976133,-1310669.178964,-710900.202831,1.563645e-02,-1716.005689,107.596568,1059.159578,0.200,7.640,0.020,0.000,0.000,0.000
1329,1.329000,599805.114581,-1310700.392976,-710895.278395,1.564327e-02,-1716.569494,107.469501,1058.365594,0.194,9.191,0.019,0.000,0.000,0.000
1330,1.330000,599840.949232,-1310731.801786,-710890.852555,1.564940e-02,-1717.350727,107.567009,1057.537473,0.188,4.702,0.019,0.000,0.000,0.000
1331,1.331000,599876.031448,-1310763.236361,-710887.204912,1.565445e-02,-1717.929332,107.708558,1056.903639,0.192,4.667,0.019,0.000,0.000,0.000
1332,1.332000,599910.851688,-1310794.822616,-710883.970928,1.565893e-02,-1717.838074,108.040727,1056.386475,0.188,4.608,0.025,0.000,0.000,0.000
1333,1.333000,599945.916097,-1310826.505388,-710880.589291,1.566361e-02,-1717.515783,108.751259,1055.411118,0.222,7.716,0.027,0.000,0.000,0.000
1334,1.334000,599981.634218,-1310858.076453,-710876.442235,1.566935e-02,-1716.905961,110.400831,1053.309497,0.195,9.072,0.020,0.000,0.000,0.000
1335,1.335000,600017.722970,-1310889.560735,-710871.837765,1.567573e-02,-1715.804110,111.738509,1052.108378,0.224,4.622,0.026,0.000,0.000,0.000
1336,1.336000,600052.804663,-1310921.060689,-710868.256026,1.568069e-02,-1713.690749,113.600454,1050.073745,0.299,8.948,0.052,0.000,0.000,0.000
1337,1.337000,600085.633763,-1310952.189431,-710866.555668,1.568304e-02,-1710.262147,116.863971,1045.752189,0.277,9.866,0.041,0.000,0.000,0.000
1338,1.338000,600119.241787,-1310982.903758,-710863.661971,1.568705e-02,-1707.569069,121.817370,1039.335016,0.262,9.181,0.026,0.000,0.000,0.000
1339,1.339000,600154.401794,-1311013.058751,-710858.656957,1.569398e-02,-1706.566826,125.857716,1034.520895,0.231,10.379,0.030,0.000,0.000,0.000
1340,1.340000,600190.431242,-1311043.386465,-710852.955223,1.570188e-02,-1706.185892,127.050849,1033.676105,0.219,10.476,0.027,0.000,0.000,0.000
1341,1.341000,600226.051006,-1311073.877327,-710847.826322,1.570898e-02,-1704.888955,129.372171,1030.908318,0.225,4.700,0.024,0.000,0.000,0.000
1342,1.342000,600266.590939,-1311104.153036,-710837.562096,1.572319e-02,-1703.307309,131.383428,1028.052856,0.208,6.140,0.020,0.000,0.000,0.000
1343,1.343000,600317.028684,-1311134.496413,-710817.467729,1.575101e-02,-1701.935750,132.765840,1027.105455,0.204,6.151,0.023,0.000,0.000,0.000
1344,1.344000,600361.849385,-1311164.196254,-710802.346870,1.577195e-02,-1700.161849,136.984848,1022.715554,0.203,3.090,0.020,0.000,0.000,0.000
1345,1.345000,600397.262617,-1311193.601504,-710796.338886,1.578027e-02,-1698.464278,141.674642,1016.344583,0.198,10.730,0.026,0.000,0.000,0.000
1346,1.346000,600442.651549,-1311222.976077,-710780.324527,1.580245e-02,-1697.512009,143.594124,1014.821468,0.212,3.102,0.021,0.000,0.000,0.000
1347,1.347000,600493.902027,-1311251.929440,-710758.027413,1.583332e-02,-1696.664268,145.722652,1013.142111,0.205,4.652,0.020,0.000,0.000,0.000
1348,1.348000,600534.765565,-1311280.675379,-710745.909814,1.585010e-02,-1695.069079,149.059339,1008.070088,0.198,4.623,0.019,0.000,0.000,0.000
1349,1.349000,600570.756817,-1311309.421085,-710738.664268,1.586013e-02,-1693.988521,152.241499,1002.735019,0.239,7.223,0.025,0.000,0.000,0.000
1350,1.350000,600611.302117,-1311338.050298,-710726.748180,1.587663e-02,-1692.477613,154.900588,998.395441,0.209,10.636,0.021,0.000,0.000,0.000
1351,1.351000,600650.492899,-1311366.497779,-710716.004880,1.589151e-02,-1691.642215,156.018115,996.592203,0.225,4.702,0.019,0.000,0.000,0.000
1352,1.352000,600691.189025,-1311395.132103,-710703.943078,1.590821e-02,-1692.440707,156.496008,995.153261,0.206,6.202,0.026,0.000,0.000,0.000
1353,1.353000,600732.027055,-1311423.759641,-710691.732586,1.592512e-02,-1692.902384,156.688623,993.833980,0.198,5.637,0.023,0.000,0.000,0.000
1354,1.354000,600767.955553,-1311452.597725,-710684.642171,1.593493e-02,-1693.048828,157.786206,991.355904,0.200,5.969,0.019,0.000,0.000,0.000
1355,1.355000,600803.879060,-1311481.333950,-710677.454890,1.594489e-02,-1693.307581,159.050186,988.918866,0.197,4.668,0.020,0.000,0.000,0.000
1356,1.356000,600839.535156,-1311510.365101,-710670.829945,1.595406e-02,-1693.639443,158.990368,988.394550,0.198,10.724,0.018,0.000,0.000,0.000
1357,1.357000,600875.252337,-1311539.665766,-710664.413430,1.596294e-02,-1694.105387,158.856747,987.776879,0.218,3.116,0.019,0.000,0.000,0.000
1358,1.358000,600910.961042,-1311569.202019,-710658.240977,1.597149e-02,-1694.694780,158.629056,987.089911,0.198,8.898,0.018,0.000,0.000,0.000
1359,1.359000,600946.497411,-1311598.976103,-710652.478691,1.597947e-02,-1695.322866,158.369435,986.434748,0.198,4.693,0.023,0.000,0.000,0.000
1360,1.360000,600981.005230,-1311629.058969,-710648.053739,1.598560e-02,-1695.933057,158.050070,985.833486,0.229,9.240,0.021,0.000,0.000,0.000
1361,1.361000,601016.114827,-1311659.471149,-710643.356322,1.599210e-02,-1696.497731,158.057822,985.218360,0.194,9.055,0.020,0.000,0.000,0.000
1362,1.362000,601051.766667,-1311690.186536,-710638.419868,1.599894e-02,-1697.095963,157.972915,984.859421,0.233,4.178,0.026,0.000,0.000,0.000
1363,1.363000,601086.973275,-1311721.169988,-710634.196713,1.600478e-02,-1697.579616,157.925440,984.700376,0.226,10.680,0.021,0.000,0.000,0.000
1364,1.364000,601122.610291,-1311752.402150,-710629.791859,1.601088e-02,-1698.150732,157.941018,984.246617,0.211,3.109,0.031,0.000,0.000,0.000
1365,1.365000,601159.102988,-1311783.955441,-710624.852453,1.601772e-02,-1698.691862,157.789731,983.560377,0.202,8.754,0.023,0.000,0.000,0.000
1366,1.366000,601195.913927,-1311815.792966,-710619.879039,1.602461e-02,-1698.919097,157.790134,983.129386,0.201,4.711,0.018,0.000,0.000,0.000
1367,1.367000,601231.681146,-1311848.002991,-710616.321845,1.602954e-02,-1698.604738,157.474819,982.648655,0.196,8.823,0.021,0.000,0.000,0.000
1368,1.368000,601267.283216,-1311880.230200,-710612.946984,1.603421e-02,-1698.527649,157.040687,981.912031,0.274,9.244,0.032,0.000,0.000,0.000
1369,1.369000,601304.732467,-1311912.789389,-710608.056922,1.604098e-02,-1699.116822,156.738308,981.291834,0.314,3.135,0.052,0.000,0.000,0.000
1370,1.370000,601342.130763,-1311945.678387,-710603.547623,1.604722e-02,-1700.261774,156.294176,980.691380,0.296,9.309,0.047,0.000,0.000,0.000
1371,1.371000,601379.549812,-1311978.644829,-710599.095017,1.605339e-02,-1701.098356,156.184869,980.154461,0.272,3.141,0.035,0.000,0.000,0.000
1372,1.372000,601417.162222,-1312011.842753,-710594.680531,1.605950e-02,-1701.719425,156.126997,979.902693,0.240,4.678,0.026,0.000,0.000,0.000
1373,1.373000,601454.543498,-1312045.221413,-710590.677915,1.606504e-02,-1702.614804,155.723946,979.573243,0.257,4.705,0.032,0.000,0.000,0.000
1374,1.374000,601493.529224,-1312078.813428,-710585.284204,1.607251e-02,-1703.213982,155.507665,979.099358,0.235,6.213,0.034,0.000,0.000,0.000
1375,1.375000,601534.188459,-1312112.546634,-710578.358176,1.608210e-02,-1704.177206,155.313627,978.645818,0.251,9.219,0.025,0.000,0.000,0.000
1376,1.376000,601574.178800,-1312146.462456,-710572.283656,1.609051e-02,-1705.351920,155.243160,978.264727,0.222,10.624,0.020,0.000,0.000,0.000
1377,1.377000,601614.002663,-1312180.534166,-710566.531502,1.609848e-02,-1706.097563,155.354741,977.889255,0.217,6.185,0.020,0.000,0.000,0.000
1378,1.378000,601654.335246,-1312214.814153,-710560.478907,1.610686e-02,-1706.760201,155.267981,977.531190,0.211,6.196,0.019,0.000,0.000,0.000
1379,1.379000,601695.463525,-1312249.257253,-710553.793727,1.611612e-02,-1707.469168,155.341094,976.992674,0.238,7.722,0.020,0.000,0.000,0.000
1380,1.380000,601736.197838,-1312283.751719,-710547.553881,1.612476e-02,-1708.025229,155.839431,976.237801,0.215,9.204,0.020,0.000,0.000,0.000
1381,1.381000,601776.056632,-1312318.291925,-710542.235293,1.613212e-02,-1708.293984,156.292512,975.457648,0.221,4.697,0.026,0.000,0.000,0.000
1382,1.382000,601816.578633,-1312352.935713,-710536.357080,1.614026e-02,-1708.393149,156.904785,974.457055,0.220,9.246,0.020,0.000,0.000,0.000
1383,1.383000,601856.667813,-1312387.591949,-710530.924136,1.614778e-02,-1708.402066,157.741584,973.479028,0.208,3.099,0.019,0.000,0.000,0.000
1384,1.384000,601896.803635,-1312422.285511,-710525.481875,1.615532e-02,-1708.678032,158.283979,972.611913,0.202,10.685,0.018,0.000,0.000,0.000
1385,1.385000,601936.817509,-1312457.045195,-710520.227686,1.616259e-02,-1708.965264,158.640024,971.674463,0.218,4.604,0.020,0.000,0.000,0.000
1386,1.386000,601975.091636,-1312491.898114,-710516.806478,1.616733e-02,-1708.215790,159.098003,970.848477,0.210,4.611,0.024,0.000,0.000,0.000
1387,1.387000,602012.164327,-1312526.753040,-710514.588713,1.617040e-02,-1707.488907,159.778103,969.926022,0.233,4.645,0.023,0.000,0.000,0.000
1388,1.388000,602050.166456,-1312561.616389,-710511.449932,1.617475e-02,-1706.638015,160.517075,968.811408,0.206,6.137,0.023,0.000,0.000,0.000
1389,1.389000,602090.805163,-1312596.375872,-710505.570709,1.618289e-02,-1706.202835,161.059111,967.997131,0.201,10.726,0.020,0.000,0.000,0.000
1390,1.390000,602132.143521,-1312631.271907,-710499.128387,1.619181e-02,-1706.643731,161.369979,967.294741,0.226,10.770,0.022,0.000,0.000,0.000
1391,1.391000,602171.614129,-1312666.242892,-710494.628763,1.619804e-02,-1706.528728,161.833858,966.726844,0.250,3.126,0.034,0.000,0.000,0.000
1392,1.392000,602211.552194,-1312701.267440,-710489.715246,1.620484e-02,-1706.356011,162.204147,966.192972,0.234,4.611,0.026,0.000,0.000,0.000
1393,1.393000,602250.216043,-1312736.399817,-710486.183775,1.620973e-02,-1705.192763,162.406686,965.733892,0.221,6.215,0.023,0.000,0.000,0.000
1394,1.394000,602286.714115,-1312771.393354,-710484.679238,1.621182e-02,-1702.690555,162.647315,965.809196,0.207,6.124,0.020,0.000,0.000,0.000
1395,1.395000,602323.142931,-1312806.324461,-710483.181531,1.621389e-02,-1700.120804,163.108515,965.683480,0.206,10.746,0.019,0.000,0.000,0.000
1396,1.396000,602360.199406,-1312841.053393,-710480.853987,1.621711e-02,-1697.655292,164.085135,965.095952,0.212,4.695,0.024,0.000,0.000,0.000
1397,1.397000,602398.715601,-1312875.514177,-710476.798576,1.622273e-02,-1696.930772,165.683962,964.283981,0.201,6.205,0.019,0.000,0.000,0.000
1398,1.398000,602436.618617,-1312909.703801,-710473.085185,1.622787e-02,-1696.084586,167.379438,963.610790,0.201,6.214,0.019,0.000,0.000,0.000
1399,1.399000,602473.907845,-1312943.533828,-710469.625984,1.623266e-02,-1694.823270,168.588884,963.032409,0.224,7.659,0.020,0.000,0.000,0.000
1400,1.400000,602512.630814,-1312977.259300,-710464.628486,1.623958e-02,-1694.759769,170.307845,961.983983,0.220,9.240,0.020,0.000,0.000,0.000
1401,1.401000,602551.143947,-1313010.624917,-710459.480970,1.624671e-02,-1693.969685,171.760835,961.428413,0.196,3.101,0.019,0.000,0.000,0.000
1402,1.402000,602588.581484,-1313043.670203,-710455.088719,1.625279e-02,-1692.210964,171.775896,961.712288,0.187,9.154,0.018,0.000,0.000,0.000
1403,1.403000,602625.015276,-1313076.258299,-710451.243024,1.625812e-02,-1691.125465,171.771834,961.551291,0.228,4.624,0.021,0.000,0.000,0.000
1404,1.404000,602661.632637,-1313108.684924,-710447.052286,1.626392e-02,-1691.096939,172.185437,960.503603,0.208,9.235,0.020,0.000,0.000,0.000
1405,1.405000,602699.493602,-1313140.937570,-710441.443969,1.627168e-02,-1691.318260,172.354524,959.440766,0.203,4.697,0.019,0.000,0.000,0.000
1406,1.406000,602738.039087,-1313173.116466,-710435.077379,1.628050e-02,-1691.684681,172.543356,958.643132,0.201,7.502,0.020,0.000,0.000,0.000
1407,1.407000,602775.414100,-1313205.304010,-710429.889910,1.628768e-02,-1692.002971,172.799160,958.092979,0.205,4.711,0.023,0.000,0.000,0.000
1408,1.408000,602811.405357,-1313237.509490,-710426.104134,1.629292e-02,-1692.362648,173.365342,957.465296,0.200,9.184,0.024,0.000,0.000,0.000
1409,1.409000,602848.029056,-1313269.633464,-710421.604408,1.629915e-02,-1692.734546,173.996476,956.376394,0.200,4.685,0.020,0.000,0.000,0.000
1410,1.410000,602884.778353,-1313301.758581,-710416.980228,1.630556e-02,-1692.869397,174.343525,955.269875,0.201,4.610,0.020,0.000,0.000,0.000
1411,1.411000,602921.034753,-1313333.901389,-710412.866636,1.631125e-02,-1692.888242,174.587385,954.302632,0.201,4.627,0.019,0.000,0.000,0.000
1412,1.412000,602957.819763,-1313366.052158,-710408.232394,1.631767e-02,-1693.200850,174.906423,953.392208,0.191,7.715,0.020,0.000,0.000,0.000
1413,1.413000,602994.976995,-1313398.280754,-710403.303758,1.632450e-02,-1693.819830,175.322576,952.527736,0.195,9.211,0.021,0.000,0.000,0.000
1414,1.414000,603031.433859,-1313430.640631,-710399.206771,1.633017e-02,-1694.488201,175.712322,951.852030,0.229,4.640,0.023,0.000,0.000,0.000
1415,1.415000,603067.936080,-1313463.172934,-710395.236854,1.633567e-02,-1695.031265,176.254383,951.214171,0.191,4.619,0.019,0.000,0.000,0.000
1416,1.416000,603106.071102,-1313495.916796,-710389.845694,1.634313e-02,-1695.598521,176.584972,950.693288,0.194,4.667,0.020,0.000,0.000,0.000
1417,1.417000,603144.605793,-1313528.897769,-710384.291976,1.635082e-02,-1696.223197,176.782407,950.476839,0.201,6.193,0.019,0.000,0.000,0.000
1418,1.418000,603182.342223,-1313562.074292,-710379.732068,1.635713e-02,-1696.764535,176.996135,950.219675,0.184,9.223,0.019,0.000,0.000,0.000
1419,1.419000,603220.216934,-1313595.519293,-710375.302359,1.636327e-02,-1697.111505,177.242335,949.710573,0.186,10.343,0.018,0.000,0.000,0.000
1420,1.420000,603259.596090,-1313629.277649,-710369.681558,1.637105e-02,-1697.418536,177.520866,949.140659,0.230,9.213,0.022,0.000,0.000,0.000
1421,1.421000,603300.422250,-1313663.241952,-710362.819702,1.638055e-02,-1697.736680,177.641477,948.923283,0.210,4.601,0.020,0.000,0.000,0.000
1422,1.422000,603342.164632,-1313697.508394,-710355.343762,1.639090e-02,-1697.855368,177.616530,948.763131,0.203,4.620,0.019,0.000,0.000,0.000
1423,1.423000,603384.647100,-1313732.084864,-710347.437764,1.640185e-02,-1697.766450,177.799814,948.461662,0.203,4.621,0.022,0.000,0.000,0.000
1424,1.424000,603427.170078,-1313767.018462,-710339.848384,1.641236e-02,-1697.721671,178.345213,947.852528,0.204,6.132,0.024,0.000,0.000,0.000
1425,1.425000,603474.253772,-1313802.199944,-710327.946171,1.642884e-02,-1698.037239,178.167430,947.030285,0.215,9.146,0.023,0.000,0.000,0.000
1426,1.426000,603521.868343,-1313837.458351,-710315.590008,1.644595e-02,-1698.439433,177.641621,946.464995,0.251,4.405,0.025,0.000,0.000,0.000
1427,1.427000,603564.163536,-1313873.034664,-710308.871127,1.645525e-02,-1699.042387,177.441621,945.406402,0.224,9.134,0.024,0.000,0.000,0.000
1428,1.428000,603605.976178,-1313908.669000,-710302.692822,1.646381e-02,-1699.247992,177.802622,944.134176,0.216,7.650,0.025,0.000,0.000,0.000
1429,1.429000,603648.848960,-1313944.518760,-710295.669800,1.647353e-02,-1699.056109,178.356846,943.186336,0.211,3.103,0.020,0.000,0.000,0.000
1430,1.430000,603692.646533,-1313980.569593,-710287.923060,1.648426e-02,-1699.185410,178.351728,942.453688,0.203,9.155,0.023,0.000,0.000,0.000
1431,1.431000,603736.521707,-1314016.900807,-710280.379099,1.649471e-02,-1699.572032,178.282307,941.992143,0.244,4.650,0.027,0.000,0.000,0.000
1432,1.432000,603780.341659,-1314053.434581,-710273.092922,1.650479e-02,-1700.018372,178.490147,941.249216,0.214,6.137,0.023,0.000,0.000,0.000
1433,1.433000,603825.412913,-1314090.101209,-710264.688296,1.651643e-02,-1700.074215,178.677881,940.222024,0.211,6.218,0.023,0.000,0.000,0.000
1434,1.434000,603870.365631,-1314126.922745,-710256.557114,1.652769e-02,-1700.046987,179.020630,938.952378,0.209,7.716,0.024,0.000,0.000,0.000
1435,1.435000,603914.050858,-1314163.766467,-710249.715610,1.653716e-02,-1700.367198,179.812462,937.468863,0.202,4.614,0.025,0.000,0.000,0.000
1436,1.436000,603957.053436,-1314200.514545,-710243.461109,1.654582e-02,-1700.647864,180.459156,936.089775,0.229,10.751,0.021,0.000,0.000,0.000
1437,1.437000,603999.477273,-1314237.167465,-710237.690192,1.655382e-02,-1700.655582,180.838703,934.463899,0.191,4.677,0.020,0.000,0.000,0.000
1438,1.438000,604041.453994,-1314273.611632,-710232.157638,1.656148e-02,-1701.030503,181.332705,932.713167,0.198,6.113,0.021,0.000,0.000,0.000
1439,1.439000,604083.375767,-1314309.832307,-710226.456540,1.656937e-02,-1701.520660,182.073368,931.713456,0.190,6.200,0.020,0.000,0.000,0.000
1440,1.440000,604125.221155,-1314345.880632,-710220.659477,1.657740e-02,-1702.130313,182.988051,930.987669,0.201,7.721,0.027,0.000,0.000,0.000
1441,1.441000,604166.888477,-1314381.590822,-710214.702345,1.658565e-02,-1702.953115,183.731841,930.284403,0.195,9.231,0.020,0.000,0.000,0.000
1442,1.442000,604209.582368,-1314417.009851,-710207.427483,1.659572e-02,-1703.344354,184.343208,930.038106,0.191,3.103,0.024,0.000,0.000,0.000
1443,1.443000,604251.960048,-1314452.200606,-710200.240558,1.660567e-02,-1703.755719,185.226553,929.641673,0.192,9.142,0.020,0.000,0.000,0.000
1444,1.444000,604292.363645,-1314486.963846,-710194.600201,1.661348e-02,-1704.379237,186.108385,929.142194,0.228,4.369,0.032,0.000,0.000,0.000
1445,1.445000,604332.164164,-1314521.292770,-710189.128605,1.662106e-02,-1704.754734,186.794861,928.946366,0.198,4.620,0.022,0.000,0.000,0.000
1446,1.446000,604371.645892,-1314555.162041,-710183.516149,1.662883e-02,-1704.911614,187.530792,928.644466,0.191,9.200,0.020,0.000,0.000,0.000
1447,1.447000,604415.359045,-1314588.529887,-710173.170842,1.664315e-02,-1704.009804,188.322461,928.824740,0.198,3.105,0.021,0.000,0.000,0.000
1448,1.448000,604459.145940,-1314621.105606,-710161.959666,1.665868e-02,-1703.180423,189.050101,929.346266,0.203,10.745,0.021,0.000,0.000,0.000
1449,1.449000,604496.639015,-1314653.004938,-710156.365923,1.666642e-02,-1703.577395,189.304272,928.691116,0.221,3.100,0.023,0.000,0.000,0.000
1450,1.450000,604532.838653,-1314684.236684,-710151.398031,1.667330e-02,-1703.928162,189.482715,927.542782,0.202,4.638,0.034,0.000,0.000,0.000
1451,1.451000,604569.546422,-1314714.973831,-710145.427409,1.668157e-02,-1703.670266,190.732462,926.066456,0.191,4.608,0.029,0.000,0.000,0.000
1452,1.452000,604605.751859,-1314745.081516,-710139.329657,1.669001e-02,-1702.783465,192.735051,924.008607,0.196,7.264,0.019,0.000,0.000,0.000
1453,1.453000,604641.784305,-1314774.651772,-710132.867467,1.669896e-02,-1701.396287,194.805041,921.896316,0.190,10.706,0.021,0.000,0.000,0.000
1454,1.454000,604676.521231,-1314803.738236,-710127.217005,1.670678e-02,-1700.635438,195.996590,920.526204,0.194,9.174,0.021,0.000,0.000,0.000
1455,1.455000,604711.519169,-1314832.630810,-710121.111642,1.671524e-02,-1700.759661,196.104090,919.939986,0.226,4.681,0.023,0.000,0.000,0.000
1456,1.456000,604747.480377,-1314861.414222,-710113.933845,1.672518e-02,-1700.958931,196.321221,919.519259,0.192,6.146,0.021,0.000,0.000,0.000
1457,1.457000,604782.714004,-1314890.121541,-710107.407536,1.673421e-02,-1700.888825,197.860337,918.691289,0.178,6.136,0.020,0.000,0.000,0.000
1458,1.458000,604817.975311,-1314918.650140,-710100.674829,1.674354e-02,-1700.560006,200.402971,917.127120,0.182,7.634,0.020,0.000,0.000,0.000
1459,1.459000,604853.187822,-1314947.005105,-710093.817283,1.675303e-02,-1700.072545,203.159798,915.234306,0.181,9.204,0.020,0.000,0.000,0.000
1460,1.460000,604886.869333,-1314975.239330,-710088.369998,1.676058e-02,-1698.904539,206.425617,912.647456,0.242,4.681,0.025,0.000,0.000,0.000
1461,1.461000,604918.859018,-1315003.191379,-710084.332361,1.676617e-02,-1697.794949,209.431380,910.544771,0.211,10.574,0.020,0.000,0.000,0.000
1462,1.462000,604950.613359,-1315031.027142,-710080.413783,1.677159e-02,-1697.038162,212.112323,908.463447,0.211,3.105,0.019,0.000,0.000,0.000
1463,1.463000,604982.091700,-1315058.692332,-710076.600632,1.677687e-02,-1696.716512,214.061548,906.625353,0.197,4.622,0.021,0.000,0.000,0.000
1464,1.464000,605015.346639,-1315086.413993,-710071.067353,1.678453e-02,-1696.184953,217.170066,903.648857,0.192,4.609,0.021,0.000,0.000,0.000
1465,1.465000,605049.328104,-1315113.846239,-710064.518135,1.679360e-02,-1695.401997,221.636353,899.382080,0.212,7.729,0.020,0.000,0.000,0.000
1466,1.466000,605084.591834,-1315141.059090,-710056.467256,1.680475e-02,-1695.624824,227.775687,895.254307,0.199,9.123,0.026,0.000,0.000,0.000
1467,1.467000,605120.143590,-1315167.661508,-710047.517917,1.681714e-02,-1696.174602,234.930774,891.472719,0.198,4.605,0.021,0.000,0.000,0.000
1468,1.468000,605151.807365,-1315193.952685,-710042.145320,1.682458e-02,-1696.267873,238.913411,889.584343,0.196,8.700,0.021,0.000,0.000,0.000
1469,1.469000,605182.586501,-1315220.129166,-710037.542665,1.683095e-02,-1695.879336,240.732694,888.945972,0.197,3.156,0.024,0.000,0.000,0.000
1470,1.470000,605212.920060,-1315246.209969,-710033.289909,1.683684e-02,-1694.847395,242.597499,888.512510,0.204,9.186,0.022,0.000,0.000,0.000
1471,1.471000,605242.433230,-1315271.972474,-710029.539244,1.684204e-02,-1694.375000,244.664582,888.375305,0.191,3.136,0.022,0.000,0.000,0.000
1472,1.472000,605271.661437,-1315297.063035,-710025.401598,1.684777e-02,-1694.043112,246.252472,888.521297,0.224,9.141,0.022,0.000,0.000,0.000
1473,1.473000,605299.699937,-1315321.931432,-710022.231494,1.685216e-02,-1692.179476,247.788515,889.069205,0.231,4.637,0.023,0.000,0.000,0.000
1474,1.474000,605325.640225,-1315346.348194,-710020.707969,1.685426e-02,-1688.624342,249.656013,890.581610,0.237,9.220,0.025,0.000,0.000,0.000
1475,1.475000,605352.894516,-1315369.937349,-710017.042833,1.685934e-02,-1686.467605,251.124811,891.667492,0.230,3.154,0.024,0.000,0.000,0.000
1476,1.476000,605382.608507,-1315393.234659,-710010.626152,1.686822e-02,-1684.892372,252.266817,892.550403,0.221,9.230,0.031,0.000,0.000,0.000
1477,1.477000,605413.762159,-1315415.931408,-710002.169249,1.687993e-02,-1682.963476,255.880913,890.169376,0.211,4.625,0.027,0.000,0.000,0.000
1478,1.478000,605446.357626,-1315437.970516,-709991.612890,1.689455e-02,-1682.362829,261.809757,884.084865,0.202,6.131,0.019,0.000,0.000,0.000
1479,1.479000,605475.399762,-1315459.326672,-709983.926910,1.690519e-02,-1681.863488,265.265079,880.983725,0.195,7.712,0.021,0.000,0.000,0.000
1480,1.480000,605503.220432,-1315480.449343,-709977.228911,1.691447e-02,-1681.756633,266.109384,880.874425,0.199,9.148,0.022,0.000,0.000,0.000
1481,1.481000,605532.600978,-1315501.368256,-709968.767279,1.692619e-02,-1682.431910,267.995624,880.972121,0.191,9.169,0.021,0.000,0.000,0.000
1482,1.482000,605562.481641,-1315521.905138,-709959.423497,1.693912e-02,-1683.748449,270.955517,881.364688,0.198,4.691,0.020,0.000,0.000,0.000
1483,1.483000,605590.154440,-1315542.056106,-709951.901666,1.694954e-02,-1684.553435,272.739103,881.574154,0.188,7.633,0.019,0.000,0.000,0.000
1484,1.484000,605616.404177,-1315561.986444,-709945.582268,1.695829e-02,-1684.380024,273.733029,880.987627,0.197,3.146,0.026,0.000,0.000,0.000
1485,1.485000,605643.580648,-1315581.585705,-709938.005057,1.696878e-02,-1684.692885,275.810871,880.514724,0.230,9.169,0.024,0.000,0.000,0.000
1486,1.486000,605670.427171,-1315600.778064,-709930.350893,1.697938e-02,-1685.377661,277.504986,880.511985,0.210,10.738,0.020,0.000,0.000,0.000
1487,1.487000,605696.263441,-1315619.695805,-709923.432365,1.698896e-02,-1685.518021,277.917536,880.285035,0.238,3.157,0.026,0.000,0.000,0.000
1488,1.488000,605720.911983,-1315638.427165,-709917.515183,1.699715e-02,-1685.144227,278.648233,880.073820,0.203,9.218,0.023,0.000,0.000,0.000
1489,1.489000,605745.906501,-1315656.730204,-709910.823703,1.700642e-02,-1684.767085,279.344657,879.675491,0.204,3.155,0.025,0.000,0.000,0.000
1490,1.490000,605770.592098,-1315674.771314,-709904.179216,1.701562e-02,-1684.546316,279.798728,878.972811,0.200,8.754,0.020,0.000,0.000,0.000
1491,1.491000,605793.928142,-1315692.526155,-709898.598012,1.702335e-02,-1683.803792,280.721516,878.547582,0.203,9.251,0.022,0.000,0.000,0.000
1492,1.492000,605816.379368,-1315709.904038,-709893.524670,1.703037e-02,-1683.338609,281.762679,878.228783,0.199,4.709,0.020,0.000,0.000,0.000
1493,1.493000,605838.864724,-1315726.964541,-709888.099817,1.703788e-02,-1683.653638,283.682971,878.399651,0.202,9.115,0.019,0.000,0.000,0.000
1494,1.494000,605862.359853,-1315743.527179,-709881.167327,1.704748e-02,-1684.285118,285.376717,879.204765,0.197,4.696,0.020,0.000,0.000,0.000
1495,1.495000,605885.606749,-1315759.937368,-709874.330620,1.705695e-02,-1685.074316,286.894515,879.677167,0.190,9.214,0.018,0.000,0.000,0.000
1496,1.496000,605907.906249,-1315776.115109,-709868.208860,1.706543e-02,-1685.898265,289.498686,879.854774,0.191,4.623,0.019,0.000,0.000,0.000
1497,1.497000,605930.837052,-1315792.076294,-709861.239241,1.707508e-02,-1686.486510,291.217253,880.074042,0.192,9.198,0.019,0.000,0.000,0.000
1498,1.498000,605962.130709,-1315808.040361,-709845.909652,1.709630e-02,-1687.228685,292.952589,882.019971,0.183,9.232,0.019,0.000,0.000,0.000
1499,1.499000,605991.972775,-1315823.248497,-709831.275722,1.711657e-02,-1687.673932,294.400690,883.860543,0.192,3.096,0.018,0.000,0.000,0.000
1500,1.500000,606011.101697,-1315838.556187,-709827.454490,1.712186e-02,-1686.337808,294.728828,884.473493,0.180,9.134,0.017,0.000,0.000,0.000
1501,1.501000,606030.365429,-1315853.555116,-709823.189687,1.712776e-02,-1685.031151,295.186812,884.925166,0.243,4.693,0.023,0.000,0.000,0.000
1502,1.502000,606056.989155,-1315868.539065,-709811.549910,1.714388e-02,-1684.476039,295.347890,885.080583,0.198,9.166,0.023,0.000,0.000,0.000
1503,1.503000,606084.041761,-1315883.471499,-709799.429737,1.716066e-02,-1684.040335,295.609405,885.404799,0.191,4.612,0.020,0.000,0.000,0.000
1504,1.504000,606105.938691,-1315898.504769,-709792.566079,1.717017e-02,-1684.148913,296.205530,885.667701,0.190,9.291,0.019,0.000,0.000,0.000
1505,1.505000,606127.476056,-1315913.607618,-709786.131562,1.717908e-02,-1684.694747,298.101372,886.239115,0.203,7.626,0.018,0.000,0.000,0.000
1506,1.506000,606152.756328,-1315928.590647,-709775.834318,1.719333e-02,-1685.514380,299.481841,886.608457,0.193,4.629,0.020,0.000,0.000,0.000
1507,1.507000,606178.843894,-1315943.725018,-709764.881124,1.720850e-02,-1685.963735,299.705033,886.466775,0.199,10.741,0.024,0.000,0.000,0.000
1508,1.508000,606205.261661,-1315958.980481,-709753.718820,1.722396e-02,-1686.453780,300.438482,886.158520,0.200,4.700,0.020,0.000,0.000,0.000
1509,1.509000,606230.504504,-1315974.314352,-709743.809848,1.723768e-02,-1686.885929,301.165147,886.384379,0.195,6.184,0.019,0.000,0.000,0.000
1510,1.510000,606251.446687,-1315989.711717,-709738.265030,1.724536e-02,-1687.639308,301.585727,887.261573,0.195,6.196,0.020,0.000,0.000,0.000
1511,1.511000,606275.323500,-1316005.017655,-709729.694155,1.725722e-02,-1688.410634,301.496362,887.729899,0.194,3.111,0.036,0.000,0.000,0.000
1512,1.512000,606300.006026,-1316020.392571,-709720.386545,1.727011e-02,-1688.670893,301.596932,887.726043,0.190,7.632,0.020,0.000,0.000,0.000
1513,1.513000,606322.264171,-1316035.946163,-709713.681993,1.727940e-02,-1688.726662,301.802386,887.609985,0.221,10.733,0.021,0.000,0.000,0.000
1514,1.514000,606344.569581,-1316051.692347,-709707.122766,1.728848e-02,-1689.060294,301.988744,887.077048,0.206,4.619,0.023,0.000,0.000,0.000
1515,1.515000,606367.070044,-1316067.676628,-709700.606585,1.729750e-02,-1689.867585,302.502192,886.581725,0.203,9.131,0.021,0.000,0.000,0.000
1516,1.516000,606389.464035,-1316083.847843,-709694.383808,1.730612e-02,-1690.449564,303.079951,886.614335,0.198,4.684,0.020,0.000,0.000,0.000
1517,1.517000,606412.077470,-1316100.266488,-709688.189018,1.731469e-02,-1690.631432,303.597715,886.741199,0.186,7.639,0.020,0.000,0.000,0.000
1518,1.518000,606434.891120,-1316116.929524,-709682.038404,1.732321e-02,-1691.096555,303.939118,886.739897,0.192,4.675,0.027,0.000,0.000,0.000
1519,1.519000,606456.590268,-1316133.765793,-709677.175524,1.732994e-02,-1691.737587,304.247972,886.797430,0.193,10.747,0.020,0.000,0.000,0.000
1520,1.520000,606479.236471,-1316150.868845,-709671.632373,1.733762e-02,-1691.999941,305.193503,886.729133,0.208,3.171,0.021,0.000,0.000,0.000
1521,1.521000,606503.949036,-1316168.096750,-709664.147714,1.734798e-02,-1692.300772,305.823120,886.276910,0.195,6.186,0.021,0.000,0.000,0.000
1522,1.522000,606529.198492,-1316185.551784,-709656.353292,1.735878e-02,-1692.799819,306.234998,885.749629,0.187,6.129,0.023,0.000,0.000,0.000
1523,1.523000,606553.572748,-1316203.129340,-709649.556592,1.736819e-02,-1693.046949,306.803544,885.462144,0.185,7.705,0.019,0.000,0.000,0.000
1524,1.524000,606577.052219,-1316220.933052,-709643.880833,1.737605e-02,-1693.320399,307.301850,885.170897,0.185,4.672,0.020,0.000,0.000,0.000
1525,1.525000,606600.686139,-1316238.930515,-709638.244376,1.738385e-02,-1693.585777,307.811955,884.842205,0.216,10.726,0.026,0.000,0.000,0.000
1526,1.526000,606625.335675,-1316257.120630,-709631.784955,1.739280e-02,-1693.630512,308.150391,884.714345,0.234,4.682,0.027,0.000,0.000,0.000
1527,1.527000,606651.287561,-1316275.503279,-709624.215718,1.740328e-02,-1694.090910,308.623265,884.478572,0.197,6.224,0.020,0.000,0.000,0.000
1528,1.528000,606677.332984,-1316294.057883,-709616.724898,1.741365e-02,-1694.134808,309.220354,884.103715,0.198,6.213,0.021,0.000,0.000,0.000
1529,1.529000,606702.355386,-1316312.657769,-709610.302383,1.742254e-02,-1693.303002,309.958145,883.950180,0.200,6.073,0.023,0.000,0.000,0.000
1530,1.530000,606727.308105,-1316331.332539,-709604.024434,1.743123e-02,-1692.398220,310.738807,883.908814,0.192,8.911,0.019,0.000,0.000,0.000
1531,1.531000,606753.902221,-1316350.071828,-709596.169607,1.744211e-02,-1691.899124,311.370821,883.586467,0.193,4.671,0.020,0.000,0.000,0.000
1532,1.532000,606780.362976,-1316368.872129,-709588.509153,1.745272e-02,-1691.845409,311.916654,883.186818,0.203,9.121,0.019,0.000,0.000,0.000
1533,1.533000,606804.764534,-1316387.648195,-709582.883661,1.746051e-02,-1691.360263,312.627610,883.072574,0.192,4.604,0.018,0.000,0.000,0.000
1534,1.534000,606829.141043,-1316406.202107,-709577.061065,1.746857e-02,-1690.904180,313.274210,882.704767,0.198,9.187,0.022,0.000,0.000,0.000
1535,1.535000,606853.824357,-1316424.698615,-709570.874258,1.747714e-02,-1691.220475,313.484563,882.177164,0.183,4.713,0.018,0.000,0.000,0.000
1536,1.536000,606877.994582,-1316443.139800,-709565.145218,1.748507e-02,-1691.719867,313.615409,881.914498,0.215,7.706,0.020,0.000,0.000,0.000
1537,1.537000,606902.892171,-1316461.539954,-709558.647784,1.749407e-02,-1692.231112,313.666405,881.402584,0.198,4.682,0.019,0.000,0.000,0.000
1538,1.538000,606928.865182,-1316479.864654,-709550.999472,1.750466e-02,-1692.678375,313.441842,880.547038,0.186,6.133,0.019,0.000,0.000,0.000
1539,1.539000,606954.258149,-1316498.128151,-709543.870001,1.751453e-02,-1692.993881,313.612717,879.926927,0.181,6.136,0.018,0.000,0.000,0.000
1540,1.540000,606979.081262,-1316516.376982,-709537.295720,1.752363e-02,-1693.169948,314.210567,879.899890,0.181,7.709,0.020,0.000,0.000,0.000
1541,1.541000,607003.913806,-1316534.552152,-709530.638346,1.753285e-02,-1693.302486,314.374558,879.908912,0.182,9.074,0.019,0.000,0.000,0.000
1542,1.542000,607028.549016,-1316552.715129,-709524.166113,1.754181e-02,-1694.487949,316.589525,880.288187,0.255,3.125,0.037,0.000,0.000,0.000
1543,1.543000,607053.212538,-1316570.557365,-709517.344827,1.755126e-02,-1695.852165,319.362185,880.389782,0.202,10.728,0.019,0.000,0.000,0.000
1544,1.544000,607077.358790,-1316588.438767,-709511.079977,1.755993e-02,-1696.142430,319.898826,879.662163,0.199,4.676,0.021,0.000,0.000,0.000
1545,1.545000,607100.957680,-1316606.399673,-709505.441992,1.756774e-02,-1696.246968,319.970851,879.241215,0.204,6.197,0.025,0.000,0.000,0.000
1546,1.546000,607124.392007,-1316624.468209,-709500.076202,1.757517e-02,-1696.471327,320.039232,878.855142,0.201,6.134,0.023,0.000,0.000,0.000
1547,1.547000,607147.670059,-1316642.592984,-709494.922925,1.758230e-02,-1696.834737,320.351522,878.443605,0.189,4.599,0.028,0.000,0.000,0.000
1548,1.548000,607171.224422,-1316660.802760,-709489.578338,1.758971e-02,-1697.463744,320.603815,878.468106,0.197,8.896,0.019,0.000,0.000,0.000
1549,1.549000,607194.497167,-1316679.035683,-709484.538517,1.759668e-02,-1698.001631,321.025493,878.452434,0.184,3.103,0.020,0.000,0.000,0.000
1550,1.550000,607217.075647,-1316697.319028,-709480.243381,1.760263e-02,-1698.471776,321.650539,877.992822,0.197,4.607,0.024,0.000,0.000,0.000
1551,1.551000,607239.688097,-1316715.522135,-709475.834038,1.760874e-02,-1698.485332,322.163520,877.828458,0.188,5.920,0.019,0.000,0.000,0.000
1552,1.552000,607263.108768,-1316733.639203,-709470.530434,1.761608e-02,-1698.508800,322.778566,877.553531,0.204,6.125,0.019,0.000,0.000,0.000
1553,1.553000,607286.450892,-1316751.670226,-709465.219334,1.762343e-02,-1698.985661,323.495122,877.272831,0.192,10.496,0.021,0.000,0.000,0.000
1554,1.554000,607309.364064,-1316769.624035,-709460.259971,1.763030e-02,-1699.499835,324.196143,877.053018,0.257,4.620,0.021,0.000,0.000,0.000
1555,1.555000,607332.229543,-1316787.431705,-709455.202162,1.763730e-02,-1700.195384,324.890211,876.369541,0.262,6.187,0.023,0.000,0.000,0.000
1556,1.556000,607354.561988,-1316805.055376,-709450.493389,1.764382e-02,-1700.163825,325.759635,876.049816,0.255,7.716,0.031,0.000,0.000,0.000
1557,1.557000,607376.212619,-1316822.412825,-709446.200206,1.764977e-02,-1699.803214,326.844849,876.209034,0.258,7.671,0.037,0.000,0.000,0.000
1558,1.558000,607399.032226,-1316839.380477,-709440.348251,1.765787e-02,-1699.661468,327.603947,876.298742,0.222,4.697,0.023,0.000,0.000,0.000
1559,1.559000,607423.458008,-1316856.084614,-709432.626606,1.766856e-02,-1699.871186,328.078954,875.897652,0.207,7.632,0.021,0.000,0.000,0.000
1560,1.560000,607446.699905,-1316872.555749,-709425.855845,1.767794e-02,-1700.348149,328.650213,875.284469,0.219,3.103,0.020,0.000,0.000,0.000
1561,1.561000,607466.676962,-1316888.719495,-709422.042532,1.768322e-02,-1700.021359,329.071946,875.556773,0.198,4.676,0.020,0.000,0.000,0.000
1562,1.562000,607486.309321,-1316904.355070,-709418.045750,1.768875e-02,-1699.773445,329.432777,876.125398,0.196,4.626,0.025,0.000,0.000,0.000
1563,1.563000,607508.135393,-1316919.861569,-709411.726176,1.769750e-02,-1700.159366,329.684957,876.302109,0.242,7.708,0.019,0.000,0.000,0.000
1564,1.564000,607529.671270,-1316935.274060,-709405.602790,1.770598e-02,-1701.454411,331.211784,876.705322,0.197,9.163,0.019,0.000,0.000,0.000
1565,1.565000,607551.125928,-1316950.470425,-709399.344497,1.771465e-02,-1703.395763,334.440822,877.160550,0.198,4.625,0.020,0.000,0.000,0.000
1566,1.566000,607571.481769,-1316965.499749,-709394.017979,1.772202e-02,-1705.021501,337.765663,877.581144,0.204,4.347,0.028,0.000,0.000,0.000
1567,1.567000,607591.424534,-1316980.461211,-709389.036677,1.772892e-02,-1707.484867,342.025626,878.343874,0.230,7.680,0.033,0.000,0.000,0.000
1568,1.568000,607611.681631,-1316995.103890,-709383.422260,1.773670e-02,-1709.361737,345.646851,879.077393,0.203,8.824,0.021,0.000,0.000,0.000
1569,1.569000,607630.854027,-1317009.741111,-709378.887084,1.774298e-02,-1710.654936,348.361884,879.811967,0.211,4.700,0.030,0.000,0.000,0.000
1570,1.570000,607649.833092,-1317024.346006,-709374.512914,1.774903e-02,-1712.767256,351.799203,880.775652,0.221,10.734,0.022,0.000,0.000,0.000
1571,1.571000,607670.001347,-1317038.943784,-709368.942436,1.775675e-02,-1714.122384,353.840355,881.269414,0.203,4.625,0.020,0.000,0.000,0.000
1572,1.572000,607691.238845,-1317053.707418,-709362.468573,1.776571e-02,-1714.740521,354.443582,881.346741,0.192,6.120,0.018,0.000,0.000,0.000
1573,1.573000,607710.933369,-1317068.628033,-709357.694664,1.777232e-02,-1716.060408,357.893305,882.381955,0.202,7.710,0.020,0.000,0.000,0.000
1574,1.574000,607728.677406,-1317083.222088,-709354.544681,1.777668e-02,-1718.723347,363.797862,884.193775,0.201,7.648,0.018,0.000,0.000,0.000
1575,1.575000,607746.197715,-1317097.613015,-709351.415301,1.778102e-02,-1722.241940,369.232054,885.539308,0.195,4.702,0.020,0.000,0.000,0.000
1576,1.576000,607768.269551,-1317111.753695,-709343.484144,1.779200e-02,-1724.437029,371.344394,886.280310,0.217,9.203,0.021,0.000,0.000,0.000
1577,1.577000,607792.162545,-1317125.842385,-709333.679840,1.780557e-02,-1726.361852,373.826042,886.493325,0.217,4.442,0.024,0.000,0.000,0.000
1578,1.578000,607811.173275,-1317139.511149,-709328.337875,1.781297e-02,-1729.335455,379.438822,887.295088,0.220,5.800,0.021,0.000,0.000,0.000
1579,1.579000,607829.455295,-1317152.840826,-709323.385531,1.781983e-02,-1731.212443,381.951092,888.076118,0.207,7.297,0.022,0.000,0.000,0.000
1580,1.580000,607847.178412,-1317166.169230,-709318.990818,1.782591e-02,-1731.486891,382.089044,888.145533,0.195,4.121,0.021,0.000,0.000,0.000
1581,1.581000,607863.772087,-1317179.482109,-709315.710022,1.783046e-02,-1730.963930,382.275315,888.366559,0.202,7.338,0.021,0.000,0.000,0.000
1582,1.582000,607882.258446,-1317192.842910,-709310.584463,1.783755e-02,-1730.095953,382.169620,888.560508,0.232,8.693,0.025,0.000,0.000,0.000
1583,1.583000,607901.753244,-1317206.310364,-709304.557120,1.784590e-02,-1729.450395,381.867074,888.464181,0.286,3.171,0.027,0.000,0.000,0.000
1584,1.584000,607920.596251,-1317220.016988,-709299.420738,1.785301e-02,-1729.545190,381.749911,888.524548,0.211,4.636,0.021,0.000,0.000,0.000
1585,1.585000,607939.597067,-1317233.900564,-709294.303496,1.786010e-02,-1729.423471,381.718001,888.598339,0.199,6.225,0.019,0.000,0.000,0.000
1586,1.586000,607959.564474,-1317248.055619,-709288.491145,1.786814e-02,-1728.970079,381.751560,888.465052,0.201,6.124,0.019,0.000,0.000,0.000
1587,1.587000,607980.549312,-1317262.565905,-709282.016594,1.787711e-02,-1728.637798,381.795654,888.444791,0.317,9.181,0.044,0.000,0.000,0.000
1588,1.588000,608000.773171,-1317277.477336,-709276.704166,1.788447e-02,-1728.503746,381.705341,888.330851,0.281,3.147,0.041,0.000,0.000,0.000
1589,1.589000,608020.512280,-1317292.776516,-709272.264236,1.789061e-02,-1728.550949,381.520155,888.016554,0.272,6.133,0.035,0.000,0.000,0.000
1590,1.590000,608040.673987,-1317308.537082,-709267.863095,1.789671e-02,-1726.835686,381.196855,888.243844,0.267,6.164,0.056,0.000,0.000,0.000
1591,1.591000,608061.244108,-1317324.432917,-709263.188809,1.790318e-02,-1725.084483,380.979086,888.522896,0.233,3.124,0.037,0.000,0.000,0.000
1592,1.592000,608083.156446,-1317340.790347,-709257.633901,1.791087e-02,-1724.963657,380.852023,888.275974,0.226,7.707,0.024,0.000,0.000,0.000
1593,1.593000,608104.308775,-1317357.551351,-709253.242575,1.791695e-02,-1724.884031,380.809299,888.163827,0.214,10.743,0.021,0.000,0.000,0.000
1594,1.594000,608125.991386,-1317374.712138,-709248.720752,1.792321e-02,-1724.754233,380.797520,887.953460,0.282,4.697,0.026,0.000,0.000,0.000
1595,1.595000,608147.895189,-1317392.319876,-709244.424688,1.792916e-02,-1722.971977,380.579121,888.248946,0.231,6.250,0.027,0.000,0.000,0.000
1596,1.596000,608170.119654,-1317410.117035,-709239.997382,1.793529e-02,-1721.254137,380.335810,888.722253,0.223,6.157,0.024,0.000,0.000,0.000
1597,1.597000,608192.406151,-1317428.373830,-709235.967680,1.794087e-02,-1719.412055,380.099270,889.257429,0.220,7.436,0.037,0.000,0.000,0.000
1598,1.598000,608214.401156,-1317446.796276,-709232.395120,1.794582e-02,-1717.486925,379.823208,889.843058,0.218,9.313,0.022,0.000,0.000,0.000
1599,1.599000,608237.073613,-1317465.671119,-709228.597505,1.795108e-02,-1715.450488,379.679041,890.560229,0.218,4.698,0.022,0.000,0.000,0.000
1600,1.600000,608262.643484,-1317484.830305,-709222.186821,1.795995e-02,-1714.034373,380.320951,891.355745,0.214,9.145,0.021,0.000,0.000,0.000
1601,1.601000,608288.883282,-1317504.166433,-709215.283151,1.796951e-02,-1714.442134,383.293638,892.852404,0.220,4.618,0.020,0.000,0.000,0.000
1602,1.602000,608312.723005,-1317523.560342,-709210.837337,1.797567e-02,-1715.444675,387.706774,894.375782,0.203,6.138,0.025,0.000,0.000,0.000
1603,1.603000,608338.559867,-1317543.294584,-709204.734716,1.798412e-02,-1717.465708,391.988461,894.982073,0.192,6.193,0.020,0.000,0.000,0.000
1604,1.604000,608364.345305,-1317563.440712,-709199.095407,1.799193e-02,-1718.148178,394.188705,895.322776,0.197,7.728,0.025,0.000,0.000,0.000
1605,1.605000,608388.660764,-1317584.255520,-709195.594756,1.799678e-02,-1717.442788,396.357064,896.089207,0.231,7.713,0.022,0.000,0.000,0.000
1606,1.606000,608411.837066,-1317605.270713,-709193.433647,1.799977e-02,-1715.286171,398.649776,897.654849,0.204,4.688,0.023,0.000,0.000,0.000
1607,1.607000,608438.039763,-1317626.715180,-709188.675417,1.800636e-02,-1714.359477,401.209251,898.807915,0.195,6.223,0.018,0.000,0.000,0.000
1608,1.608000,608465.996804,-1317648.597100,-709182.600296,1.801477e-02,-1714.702667,405.851568,900.570300,0.201,6.127,0.024,0.000,0.000,0.000
1609,1.609000,608491.990824,-1317670.586899,-709178.596075,1.802031e-02,-1714.085357,408.285730,902.318525,0.194,3.108,0.021,0.000,0.000,0.000
1610,1.610000,608518.879764,-1317693.109537,-709174.229773,1.802636e-02,-1713.903131,408.677711,902.887480,0.188,10.709,0.020,0.000,0.000,0.000
1611,1.611000,608546.541324,-1317716.190777,-709169.649453,1.803270e-02,-1713.891740,409.078072,903.277506,0.196,3.107,0.018,0.000,0.000,0.000
1612,1.612000,608573.573176,-1317739.722839,-709166.149664,1.803755e-02,-1713.586211,410.260310,905.044788,0.193,6.136,0.018,0.000,0.000,0.000
1613,1.613000,608599.675749,-1317763.080044,-709163.404295,1.804135e-02,-1711.749217,411.476481,907.042774,0.189,6.129,0.020,0.000,0.000,0.000
1614,1.614000,608628.284827,-1317786.667951,-709158.383123,1.804830e-02,-1710.127873,411.946614,907.705644,0.209,7.659,0.025,0.000,0.000,0.000
1615,1.615000,608659.712701,-1317810.588594,-709150.875892,1.805870e-02,-1710.017640,412.271143,907.878252,0.194,4.626,0.019,0.000,0.000,0.000
1616,1.616000,608690.929273,-1317834.800024,-709143.870751,1.806840e-02,-1709.553996,412.278856,907.794202,0.184,9.128,0.018,0.000,0.000,0.000
1617,1.617000,608721.264854,-1317859.193314,-709137.928461,1.807662e-02,-1708.836669,412.156307,907.813609,0.199,4.327,0.027,0.000,0.000,0.000
1618,1.618000,608752.327498,-1317883.717752,-709131.390255,1.808568e-02,-1708.664236,412.084233,907.940995,0.200,6.191,0.027,0.000,0.000,0.000
1619,1.619000,608784.321083,-1317908.396145,-709124.075063,1.809581e-02,-1708.956740,412.055123,907.896053,0.213,6.175,0.025,0.000,0.000,0.000
1620,1.620000,608815.052013,-1317933.132036,-709118.080023,1.810411e-02,-1708.803022,411.995394,907.863413,0.188,6.181,0.020,0.000,0.000,0.000
1621,1.621000,608845.094364,-1317957.864358,-709112.769994,1.811146e-02,-1707.646077,411.739738,907.956769,0.192,10.733,0.024,0.000,0.000,0.000
1622,1.622000,608875.295401,-1317982.417314,-709107.121913,1.811928e-02,-1706.322039,411.007536,908.299607,0.185,4.692,0.020,0.000,0.000,0.000
1623,1.623000,608905.995244,-1318006.719235,-709100.723991,1.812814e-02,-1705.798446,410.269995,908.003205,0.182,5.639,0.021,0.000,0.000,0.000
1624,1.624000,608935.776504,-1318030.889056,-709095.112552,1.813591e-02,-1706.301945,410.457933,907.593207,0.231,6.127,0.026,0.000,0.000,0.000
1625,1.625000,608963.312526,-1318054.848084,-709091.535558,1.814086e-02,-1706.970633,410.949848,907.466196,0.200,3.105,0.019,0.000,0.000,0.000
1626,1.626000,608990.454549,-1318078.616582,-709088.162033,1.814554e-02,-1706.896404,411.290663,907.269469,0.204,10.692,0.019,0.000,0.000,0.000
1627,1.627000,609018.384920,-1318102.113616,-709083.728696,1.815167e-02,-1706.632630,411.657543,907.398886,0.192,3.101,0.018,0.000,0.000,0.000
1628,1.628000,609047.937279,-1318125.319732,-709077.382452,1.816046e-02,-1706.448928,412.319894,907.594925,0.194,6.137,0.021,0.000,0.000,0.000
1629,1.629000,609078.441526,-1318148.216542,-709069.775016,1.817100e-02,-1706.090938,413.208874,907.710727,0.195,6.204,0.023,0.000,0.000,0.000
1630,1.630000,609108.513815,-1318170.729719,-709062.215904,1.818146e-02,-1705.851857,413.663283,907.550541,0.210,7.641,0.019,0.000,0.000,0.000
1631,1.631000,609136.725449,-1318192.765895,-709056.040446,1.819001e-02,-1705.540379,413.888159,907.539092,0.189,9.222,0.018,0.000,0.000,0.000
1632,1.632000,609164.253650,-1318214.456755,-709050.203105,1.819810e-02,-1705.335352,414.248814,907.844813,0.189,4.624,0.019,0.000,0.000,0.000
1633,1.633000,609191.850297,-1318235.743816,-709043.893519,1.820683e-02,-1704.292686,414.751539,908.245217,0.193,10.631,0.020,0.000,0.000,0.000
1634,1.634000,609218.501001,-1318256.451053,-709037.950052,1.821506e-02,-1703.117850,415.255199,908.653754,0.204,4.676,0.023,0.000,0.000,0.000
1635,1.635000,609243.419150,-1318276.666399,-709033.247249,1.822157e-02,-1702.882745,415.184724,907.836353,0.185,6.200,0.019,0.000,0.000,0.000
1636,1.636000,609266.208196,-1318296.068231,-709029.860035,1.822626e-02,-1701.621507,415.104091,906.981490,0.225,6.212,0.022,0.000,0.000,0.000
1637,1.637000,609287.684448,-1318314.858792,-709027.174344,1.822998e-02,-1699.779008,415.355765,907.052867,0.243,7.732,0.022,0.000,0.000,0.000
1638,1.638000,609308.068363,-1318333.025743,-709024.957379,1.823305e-02,-1697.968721,415.506810,907.185369,0.267,9.094,0.029,0.000,0.000,0.000
1639,1.639000,609329.513275,-1318350.707329,-709021.194055,1.823826e-02,-1697.250449,415.677113,907.019102,0.226,3.130,0.020,0.000,0.000,0.000
1640,1.640000,609349.375203,-1318368.022060,-709018.646857,1.824179e-02,-1696.280861,415.779937,906.855898,0.207,10.688,0.019,0.000,0.000,0.000
1641,1.641000,609368.212572,-1318384.761166,-709016.548595,1.824470e-02,-1695.426584,416.017481,907.009884,0.238,3.128,0.021,0.000,0.000,0.000
1642,1.642000,609388.799182,-1318401.144642,-709012.345461,1.825052e-02,-1696.008277,416.252067,907.244198,0.202,6.082,0.020,0.000,0.000,0.000
1643,1.643000,609410.412851,-1318417.212168,-709006.799318,1.825820e-02,-1695.958159,416.506210,907.592140,0.207,6.206,0.025,0.000,0.000,0.000
1644,1.644000,609431.739598,-1318433.168992,-709001.429394,1.826563e-02,-1695.598479,416.580386,907.554914,0.191,6.129,0.019,0.000,0.000,0.000
1645,1.645000,609451.217758,-1318448.887545,-708997.669787,1.827084e-02,-1693.619300,416.486822,908.042471,0.227,10.129,0.023,0.000,0.000,0.000
1646,1.646000,609468.290875,-1318464.289897,-708995.999022,1.827315e-02,-1690.246709,416.594086,909.241332,0.199,4.694,0.022,0.000,0.000,0.000
1647,1.647000,609483.846679,-1318479.320138,-708995.473460,1.827388e-02,-1687.128465,416.606625,910.385349,0.197,6.152,0.019,0.000,0.000,0.000
1648,1.648000,609502.895439,-1318493.977290,-708991.081851,1.827996e-02,-1685.515769,416.609462,910.572426,0.185,7.660,0.019,0.000,0.000,0.000
1649,1.649000,609524.116224,-1318508.643173,-708984.526949,1.828904e-02,-1684.500722,416.711119,910.192233,0.203,7.655,0.020,0.000,0.000,0.000
1650,1.650000,609544.954400,-1318523.057685,-708978.103285,1.829793e-02,-1683.750997,416.938042,910.043185,0.192,3.103,0.020,0.000,0.000,0.000
1651,1.651000,609565.883471,-1318537.619554,-708971.736082,1.830675e-02,-1684.371005,418.130730,910.203718,0.184,10.722,0.020,0.000,0.000,0.000
1652,1.652000,609585.868599,-1318552.135804,-708966.267205,1.831432e-02,-1684.810845,420.325027,912.068309,0.187,3.095,0.025,0.000,0.000,0.000
1653,1.653000,609606.518298,-1318566.146209,-708959.627912,1.832351e-02,-1685.214652,421.427665,913.436347,0.193,6.141,0.022,0.000,0.000,0.000
1654,1.654000,609628.174177,-1318580.246513,-708952.072336,1.833397e-02,-1685.953272,421.864248,913.102369,0.194,5.628,0.019,0.000,0.000,0.000
1655,1.655000,609648.343921,-1318594.502517,-708946.158596,1.834216e-02,-1687.119020,424.195567,913.422454,0.199,7.698,0.025,0.000,0.000,0.000
1656,1.656000,609667.159709,-1318608.716912,-708941.557202,1.834853e-02,-1686.661171,426.683859,914.310869,0.186,7.574,0.020,0.000,0.000,0.000
1657,1.657000,609686.457116,-1318622.903033,-708936.445917,1.835561e-02,-1685.390202,428.085632,914.863531,0.200,3.100,0.026,0.000,0.000,0.000
1658,1.658000,609706.583748,-1318637.223829,-708930.640081,1.836365e-02,-1685.539197,429.331571,914.987675,0.188,6.187,0.018,0.000,0.000,0.000
1659,1.659000,609727.521667,-1318651.558690,-708924.037024,1.837279e-02,-1685.903093,430.640213,915.021904,0.193,5.832,0.019,0.000,0.000,0.000
1660,1.660000,609748.630712,-1318666.071994,-708917.441281,1.838193e-02,-1686.384069,431.636533,914.635942,0.194,7.768,0.019,0.000,0.000,0.000
1661,1.661000,609771.905453,-1318680.687409,-708908.781956,1.839392e-02,-1685.968458,432.320874,914.545340,0.190,4.704,0.021,0.000,0.000,0.000
1662,1.662000,609794.863449,-1318695.058136,-708900.194687,1.840581e-02,-1685.536232,432.919826,914.495122,0.194,10.701,0.019,0.000,0.000,0.000
1663,1.663000,609817.796796,-1318709.521195,-708891.724400,1.841754e-02,-1685.728268,432.715155,914.069909,0.180,4.699,0.019,0.000,0.000,0.000
1664,1.664000,609839.838496,-1318723.942512,-708884.104015,1.842809e-02,-1684.342112,432.548391,914.353923,0.207,10.705,0.019,0.000,0.000,0.000
1665,1.665000,609858.282013,-1318738.248109,-708879.966097,1.843382e-02,-1683.468489,432.647963,913.805648,0.224,4.470,0.021,0.000,0.000,0.000
1666,1.666000,609879.216252,-1318752.551933,-708873.335681,1.844300e-02,-1683.210694,432.504213,912.539032,0.206,9.225,0.018,0.000,0.000,0.000
1667,1.667000,609902.848019,-1318766.316804,-708863.468786,1.845666e-02,-1682.853377,432.255377,912.186239,0.199,4.666,0.021,0.000,0.000,0.000
1668,1.668000,609927.223452,-1318780.098394,-708852.874942,1.847133e-02,-1683.711945,432.058261,911.509626,0.189,7.616,0.018,0.000,0.000,0.000
1669,1.669000,609947.595571,-1318793.660604,-708846.065034,1.848076e-02,-1685.077399,431.727536,909.686881,0.186,4.664,0.019,0.000,0.000,0.000
1670,1.670000,609965.415280,-1318807.221108,-708841.805828,1.848666e-02,-1686.297341,431.585028,908.261627,0.188,10.644,0.018,0.000,0.000,0.000
1671,1.671000,609984.336357,-1318820.849752,-708836.513395,1.849399e-02,-1687.083570,431.802137,907.625010,0.208,9.152,0.019,0.000,0.000,0.000
1672,1.672000,610002.922220,-1318834.617744,-708831.695524,1.850066e-02,-1687.826059,431.935163,906.968633,0.204,4.569,0.018,0.000,0.000,0.000
1673,1.673000,610021.956115,-1318848.603708,-708826.647594,1.850765e-02,-1688.753924,431.899988,905.879426,0.184,9.141,0.018,0.000,0.000,0.000
1674,1.674000,610042.221965,-1318862.672270,-708820.450305,1.851623e-02,-1689.134911,432.071382,904.985383,0.192,4.105,0.018,0.000,0.000,0.000
1675,1.675000,610061.633344,-1318876.859334,-708815.225990,1.852346e-02,-1689.009175,432.631651,905.224549,0.193,7.633,0.020,0.000,0.000,0.000
1676,1.676000,610079.669069,-1318891.114625,-708811.445556,1.852870e-02,-1689.652376,433.112609,904.912090,0.206,4.684,0.018,0.000,0.000,0.000
1677,1.677000,610100.839325,-1318905.387269,-708804.547944,1.853825e-02,-1690.245534,434.081328,905.347800,0.251,9.173,0.022,0.000,0.000,0.000
1678,1.678000,610122.883170,-1318919.383338,-708796.500168,1.854939e-02,-1690.406627,434.745791,906.897340,0.239,9.150,0.021,0.000,0.000,0.000
1679,1.679000,610141.737766,-1318933.413094,-708791.675328,1.855607e-02,-1691.290288,434.737411,906.656472,0.213,3.110,0.021,0.000,0.000,0.000
1680,1.680000,610160.633239,-1318947.390283,-708786.757044,1.856288e-02,-1693.155169,434.841057,904.867587,0.204,9.212,0.021,0.000,0.000,0.000
1681,1.681000,610180.285066,-1318961.241244,-708780.956178,1.857091e-02,-1695.257683,434.900108,902.757662,0.192,4.601,0.020,0.000,0.000,0.000
1682,1.682000,610199.608585,-1318974.957032,-708775.348446,1.857868e-02,-1695.607741,435.059551,901.829533,0.189,9.127,0.021,0.000,0.000,0.000
1683,1.683000,610217.890554,-1318988.536106,-708770.645552,1.858519e-02,-1695.600400,435.309581,901.959340,0.193,4.618,0.019,0.000,0.000,0.000
1684,1.684000,610239.315558,-1319002.005031,-708762.689472,1.859621e-02,-1696.617693,435.295020,901.727010,0.196,9.227,0.018,0.000,0.000,0.000
1685,1.685000,610262.093088,-1319015.443874,-708753.350786,1.860914e-02,-1698.050377,435.272507,901.138107,0.199,9.234,0.019,0.000,0.000,0.000
1686,1.686000,610281.963834,-1319028.767535,-708746.803702,1.861820e-02,-1699.564597,435.493507,900.703041,0.208,4.677,0.019,0.000,0.000,0.000
1687,1.687000,610302.523811,-1319042.205776,-708739.681965,1.862807e-02,-1700.117233,435.600244,900.626808,0.227,9.073,0.027,0.000,0.000,0.000
1688,1.688000,610322.501663,-1319055.760180,-708733.258516,1.863696e-02,-1700.614733,435.760053,900.610611,0.245,4.680,0.023,0.000,0.000,0.000
1689,1.689000,610342.136178,-1319069.298838,-708727.162660,1.864540e-02,-1701.547074,435.785023,900.339869,0.214,8.677,0.020,0.000,0.000,0.000
1690,1.690000,610362.339232,-1319082.879317,-708720.540085,1.865457e-02,-1702.179790,435.717920,899.905471,0.209,6.210,0.021,0.000,0.000,0.000
1691,1.691000,610384.602573,-1319096.529660,-708711.927087,1.866650e-02,-1702.442620,435.871556,899.797493,0.202,4.684,0.020,0.000,0.000,0.000
1692,1.692000,610407.820151,-1319110.193819,-708702.373668,1.867973e-02,-1702.813784,436.309205,899.760117,0.201,10.415,0.019,0.000,0.000,0.000
1693,1.693000,610429.754158,-1319123.885761,-708694.131603,1.869114e-02,-1703.177812,436.997234,899.453732,0.198,4.600,0.020,0.000,0.000,0.000
1694,1.694000,610451.447385,-1319137.578441,-708686.131056,1.870222e-02,-1703.565467,437.534376,899.205355,0.188,9.218,0.018,0.000,0.000,0.000
1695,1.695000,610472.897203,-1319151.296344,-708678.399141,1.871292e-02,-1703.923714,438.159371,899.023060,0.197,4.683,0.018,0.000,0.000,0.000
1696,1.696000,610493.947466,-1319164.988426,-708671.040960,1.872311e-02,-1704.414412,438.667705,898.825365,0.197,9.213,0.019,0.000,0.000,0.000
1697,1.697000,610514.550161,-1319178.594436,-708664.044276,1.873280e-02,-1705.075298,438.913235,898.628508,0.184,9.236,0.018,0.000,0.000,0.000
1698,1.698000,610535.131889,-1319192.142969,-708657.011080,1.874254e-02,-1705.650599,438.936436,898.467757,0.185,3.094,0.019,0.000,0.000,0.000
1699,1.699000,610556.202250,-1319205.594861,-708649.392611,1.875309e-02,-1706.115502,438.917945,898.514639,0.198,9.242,0.019,0.000,0.000,0.000
1700,1.700000,610576.637607,-1319218.960094,-708642.322487,1.876288e-02,-1706.650987,439.239349,898.663103,0.186,3.096,0.018,0.000,0.000,0.000
1701,1.701000,610597.464379,-1319232.137002,-708634.672623,1.877347e-02,-1707.154247,439.657507,898.763099,0.182,9.236,0.021,0.000,0.000,0.000
1702,1.702000,610618.893830,-1319245.191879,-708626.298049,1.878507e-02,-1707.568005,440.168193,898.917008,0.182,9.238,0.021,0.000,0.000,0.000
1703,1.703000,610638.601293,-1319258.128145,-708619.526852,1.879444e-02,-1707.867110,440.573302,898.988332,0.182,4.664,0.017,0.000,0.000,0.000
1704,1.704000,610657.799230,-1319270.960369,-708613.161139,1.880326e-02,-1708.104730,440.810170,899.327001,0.181,10.641,0.018,0.000,0.000,0.000
1705,1.705000,610677.522219,-1319283.671359,-708606.149141,1.881296e-02,-1708.366276,440.922256,899.938268,0.258,3.100,0.022,0.000,0.000,0.000
1706,1.706000,610696.008986,-1319296.300330,-708600.291345,1.882108e-02,-1708.357384,441.287937,900.163892,0.226,8.843,0.020,0.000,0.000,0.000
1707,1.707000,610713.274595,-1319308.847064,-708595.572469,1.882761e-02,-1708.598864,441.611365,900.129989,0.202,3.155,0.023,0.000,0.000,0.000
1708,1.708000,610731.103378,-1319321.266009,-708590.162631,1.883510e-02,-1709.264239,441.848329,900.275974,0.196,8.915,0.019,0.000,0.000,0.000
1709,1.709000,610748.842374,-1319333.585379,-708584.743005,1.884261e-02,-1709.850290,442.361485,900.512840,0.197,9.155,0.018,0.000,0.000,0.000
1710,1.710000,610767.181534,-1319345.857005,-708578.675471,1.885101e-02,-1710.406946,442.588408,900.554342,0.203,4.677,0.027,0.000,0.000,0.000
1711,1.711000,610786.676986,-1319358.030424,-708571.353438,1.886115e-02,-1710.993698,442.620505,900.524508,0.192,9.220,0.027,0.000,0.000,0.000
1712,1.712000,610805.033948,-1319370.101043,-708565.067095,1.886985e-02,-1711.418075,442.868249,900.713652,0.195,4.664,0.019,0.000,0.000,0.000
1713,1.713000,610822.025855,-1319382.188626,-708560.162771,1.887664e-02,-1710.828964,443.032760,901.034916,0.190,9.136,0.020,0.000,0.000,0.000
1714,1.714000,610839.005657,-1319394.065965,-708555.060308,1.888371e-02,-1709.366545,443.116899,901.787437,0.193,8.870,0.019,0.000,0.000,0.000
1715,1.715000,610856.815981,-1319405.743110,-708548.927129,1.889220e-02,-1707.662839,443.375392,902.810868,0.185,3.095,0.019,0.000,0.000,0.000
1716,1.716000,610874.356524,-1319417.308152,-708542.951628,1.890047e-02,-1705.943594,443.443686,903.375966,0.191,6.139,0.018,0.000,0.000,0.000
1717,1.717000,610891.645613,-1319428.726889,-708537.081276,1.890860e-02,-1704.536620,443.224668,903.940847,0.212,4.622,0.019,0.000,0.000,0.000
1718,1.718000,610909.405154,-1319439.914193,-708530.509039,1.891770e-02,-1703.898313,443.016274,904.232277,0.235,6.156,0.032,0.000,0.000,0.000
1719,1.719000,610926.699125,-1319451.051506,-708524.352381,1.892623e-02,-1704.094880,442.921369,903.976032,0.233,10.659,0.023,0.000,0.000,0.000
1720,1.720000,610943.099247,-1319462.160857,-708519.061610,1.893355e-02,-1704.305319,442.835314,903.731331,0.237,3.101,0.079,0.000,0.000,0.000
1721,1.721000,610959.188110,-1319473.317955,-708514.129845,1.894038e-02,-1704.463949,442.785037,903.426367,0.212,9.215,0.019,0.000,0.000,0.000
1722,1.722000,610975.682283,-1319484.373053,-708508.690770,1.894791e-02,-1703.696890,442.797232,903.520557,0.203,4.682,0.018,0.000,0.000,0.000
1723,1.723000,610991.683660,-1319495.140927,-708503.457267,1.895516e-02,-1703.147899,442.771655,903.474660,0.198,9.263,0.019,0.000,0.000,0.000
1724,1.724000,611006.696612,-1319505.662736,-708498.966124,1.896138e-02,-1703.463741,442.730004,903.719930,0.195,4.686,0.021,0.000,0.000,0.000
1725,1.725000,611020.683699,-1319515.926101,-708495.242402,1.896653e-02,-1703.448030,441.884710,904.351814,0.214,9.243,0.020,0.000,0.000,0.000
1726,1.726000,611033.227127,-1319525.738728,-708492.511601,1.897032e-02,-1701.709356,437.960975,904.964562,0.204,9.228,0.020,0.000,0.000,0.000
1727,1.727000,611044.734436,-1319534.242478,-708489.508042,1.897447e-02,-1700.378185,434.581513,905.435369,0.192,3.124,0.020,0.000,0.000,0.000
1728,1.728000,611056.865248,-1319542.348382,-708485.483133,1.898005e-02,-1701.382623,434.212867,905.223274,0.186,9.007,0.018,0.000,0.000,0.000
1729,1.729000,611068.390081,-1319550.113730,-708481.723649,1.898525e-02,-1701.830399,433.346292,904.778207,0.186,4.681,0.018,0.000,0.000,0.000
1730,1.730000,611079.580682,-1319557.503658,-708477.922976,1.899052e-02,-1702.080747,432.285433,904.199914,0.186,4.675,0.019,0.000,0.000,0.000
1731,1.731000,611090.971152,-1319564.710540,-708473.739388,1.899631e-02,-1701.871876,431.681722,904.087874,0.200,9.173,0.081,0.000,0.000,0.000
1732,1.732000,611101.855747,-1319571.460324,-708469.604576,1.900203e-02,-1701.126932,431.152301,904.139932,0.190,3.108,0.019,0.000,0.000,0.000
1733,1.733000,611112.676728,-1319578.134359,-708465.457631,1.900778e-02,-1701.548426,430.453761,903.082594,0.183,9.131,0.018,0.000,0.000,0.000
1734,1.734000,611123.543527,-1319584.636383,-708461.092856,1.901382e-02,-1702.246767,430.475524,902.674337,0.181,9.218,0.019,0.000,0.000,0.000
1735,1.735000,611134.782343,-1319591.083825,-708456.301482,1.902045e-02,-1702.369596,430.889218,903.093061,0.180,4.683,0.018,0.000,0.000,0.000
1736,1.736000,611146.358727,-1319597.626484,-708451.267757,1.902742e-02,-1702.179476,430.629225,902.730369,0.180,9.145,0.019,0.000,0.000,0.000
1737,1.737000,611158.133863,-1319604.255152,-708446.121289,1.903455e-02,-1701.922696,430.364954,902.743077,0.183,3.096,0.018,0.000,0.000,0.000
1738,1.738000,611168.981168,-1319610.906865,-708441.925698,1.904036e-02,-1702.127349,430.415086,902.839524,0.183,10.657,0.021,0.000,0.000,0.000
1739,1.739000,611179.933446,-1319617.607159,-708437.673713,1.904625e-02,-1702.305634,430.479994,902.584046,0.189,3.095,0.020,0.000,0.000,0.000
1740,1.740000,611190.732562,-1319624.420395,-708433.687833,1.905177e-02,-1702.826609,430.197710,902.714541,0.185,8.813,0.018,0.000,0.000,0.000
1741,1.741000,611200.956838,-1319630.953265,-708429.996428,1.905688e-02,-1703.938355,430.037638,903.614441,0.186,9.139,0.018,0.000,0.000,0.000
1742,1.742000,611216.009484,-1319637.200240,-708421.190756,1.906907e-02,-1705.399286,430.195489,905.115648,0.181,4.681,0.018,0.000,0.000,0.000
1743,1.743000,611232.339535,-1319643.054203,-708410.714669,1.908358e-02,-1706.566479,430.416083,906.025468,0.269,8.759,0.045,0.000,0.000,0.000
1744,1.744000,611245.825668,-1319648.783135,-708402.957468,1.909432e-02,-1707.000868,430.410754,906.078232,0.369,8.957,0.058,0.000,0.000,0.000
1745,1.745000,611258.752006,-1319654.352060,-708395.600054,1.910451e-02,-1707.550400,430.299532,906.022259,0.262,9.205,0.037,0.000,0.000,0.000
1746,1.746000,611270.256827,-1319659.714297,-708389.457470,1.911301e-02,-1708.337903,430.281692,905.880152,0.240,9.203,0.023,0.000,0.000,0.000
1747,1.747000,611281.734375,-1319664.845137,-708383.110762,1.912180e-02,-1709.284721,430.214401,905.632887,0.220,9.211,0.021,0.000,0.000,0.000
1748,1.748000,611292.310975,-1319669.725154,-708377.414179,1.912969e-02,-1709.377988,430.064607,905.614593,0.212,7.734,0.020,0.000,0.000,0.000
1749,1.749000,611302.360641,-1319674.272424,-708371.911782,1.913731e-02,-1709.585336,429.936007,906.043062,0.210,4.596,0.019,0.000,0.000,0.000
1750,1.750000,611314.305670,-1319678.552182,-708364.246512,1.914792e-02,-1710.637641,429.794731,906.277300,0.206,9.215,0.024,0.000,0.000,0.000
1751,1.751000,611325.898442,-1319682.667563,-708356.769121,1.915827e-02,-1711.399290,429.554106,906.135491,0.204,9.143,0.020,0.000,0.000,0.000
1752,1.752000,611337.044668,-1319686.686006,-708349.641338,1.916814e-02,-1711.706002,429.147474,905.909111,0.219,4.690,0.020,0.000,0.000,0.000
1753,1.753000,611349.573872,-1319690.679996,-708341.106124,1.917996e-02,-1712.168708,428.901889,905.660954,0.214,9.119,0.019,0.000,0.000,0.000
1754,1.754000,611361.130241,-1319694.678365,-708333.548125,1.919043e-02,-1712.629893,428.609247,905.387035,0.205,4.601,0.019,0.000,0.000,0.000
1755,1.755000,611371.198615,-1319698.746749,-708327.548134,1.919874e-02,-1712.665424,428.286783,905.247358,0.197,9.231,0.017,0.000,0.000,0.000
1756,1.756000,611380.085068,-1319702.859663,-708322.774595,1.920535e-02,-1712.532152,427.959343,905.338445,0.190,4.680,0.018,0.000,0.000,0.000
1757,1.757000,611388.093667,-1319707.153362,-708319.059695,1.921049e-02,-1712.519041,427.603530,905.405683,0.184,9.225,0.019,0.000,0.000,0.000
1758,1.758000,611396.160130,-1319711.626365,-708315.466236,1.921547e-02,-1712.629153,427.022935,905.226986,0.243,9.211,0.019,0.000,0.000,0.000
1759,1.759000,611404.453115,-1319716.153573,-708311.700458,1.922068e-02,-1712.839106,426.520984,905.065532,0.203,3.099,0.019,0.000,0.000,0.000
1760,1.760000,611413.684766,-1319720.913791,-708307.229025,1.922687e-02,-1713.169494,426.465773,905.125623,0.221,9.140,0.018,0.000,0.000,0.000
1761,1.761000,611423.903032,-1319725.865650,-708301.962618,1.923416e-02,-1713.377561,426.295396,905.160755,0.217,4.685,0.021,0.000,0.000,0.000
1762,1.762000,611434.399745,-1319731.023720,-708296.623976,1.924156e-02,-1713.617259,425.848189,904.929667,0.197,9.204,0.020,0.000,0.000,0.000
1763,1.763000,611445.367301,-1319736.261499,-708290.894198,1.924949e-02,-1713.992852,425.436349,904.767633,0.195,4.596,0.019,0.000,0.000,0.000
1764,1.764000,611457.381492,-1319741.575929,-708284.194437,1.925877e-02,-1714.322797,425.201025,904.759935,0.193,9.211,0.023,0.000,0.000,0.000
1765,1.765000,611468.316020,-1319746.932082,-708278.616061,1.926649e-02,-1714.340938,424.649411,904.666648,0.208,3.090,0.018,0.000,0.000,0.000
1766,1.766000,611479.226929,-1319752.217400,-708272.990471,1.927428e-02,-1714.391616,424.143998,904.712893,0.245,9.163,0.020,0.000,0.000,0.000
1767,1.767000,611491.510659,-1319757.415282,-708265.904623,1.928409e-02,-1714.703357,424.000228,904.819209,0.229,4.439,0.018,0.000,0.000,0.000
1768,1.768000,611504.112104,-1319762.474868,-708258.362764,1.929453e-02,-1714.886677,423.733253,904.911952,0.182,9.209,0.018,0.000,0.000,0.000
1769,1.769000,611516.732383,-1319767.316657,-708250.584274,1.930531e-02,-1714.735118,423.418828,904.928922,0.180,4.677,0.018,0.000,0.000,0.000
1770,1.770000,611528.582152,-1319771.912405,-708243.330254,1.931535e-02,-1714.652324,422.986357,905.040929,0.240,7.645,0.038,0.000,0.000,0.000
1771,1.771000,611539.664760,-1319776.197665,-708236.532904,1.932476e-02,-1714.829864,422.596360,905.167312,0.229,4.698,0.022,0.000,0.000,0.000
1772,1.772000,611550.633882,-1319780.159316,-708229.525434,1.933447e-02,-1715.066754,422.403758,905.193095,0.242,9.141,0.029,0.000,0.000,0.000
1773,1.773000,611561.005099,-1319783.773074,-708222.767975,1.934382e-02,-1715.171278,422.067478,905.153434,0.212,9.106,0.024,0.000,0.000,0.000
1774,1.774000,611571.201300,-1319787.048409,-708215.847108,1.935341e-02,-1715.482026,421.801720,904.938591,0.212,3.096,0.020,0.000,0.000,0.000
1775,1.775000,611581.128608,-1319789.943477,-708208.814869,1.936314e-02,-1716.050673,421.662358,904.425245,0.207,8.950,0.032,0.000,0.000,0.000
1776,1.776000,611589.853183,-1319792.474976,-708202.621792,1.937172e-02,-1716.424809,421.489506,903.964630,0.236,4.671,0.022,0.000,0.000,0.000
1777,1.777000,611598.319522,-1319794.672178,-708196.352656,1.938040e-02,-1716.708180,421.097893,903.920820,0.237,9.205,0.031,0.000,0.000,0.000
1778,1.778000,611606.789445,-1319796.554716,-708189.765270,1.938952e-02,-1716.842383,420.723375,903.913866,0.216,9.239,0.024,0.000,0.000,0.000
1779,1.779000,611614.999332,-1319798.198450,-708183.199118,1.939861e-02,-1716.726791,420.373150,903.926235,0.203,4.290,0.019,0.000,0.000,0.000
1780,1.780000,611623.058735,-1319799.636388,-708176.577653,1.940778e-02,-1716.781967,420.049567,904.064088,0.208,9.265,0.018,0.000,0.000,0.000
1781,1.781000,611630.881280,-1319800.884232,-708170.002952,1.941688e-02,-1717.037700,419.831000,904.233673,0.203,3.088,0.020,0.000,0.000,0.000
1782,1.782000,611638.727827,-1319801.973022,-708163.245194,1.942624e-02,-1717.317175,419.672801,904.339382,0.189,9.227,0.020,0.000,0.000,0.000
1783,1.783000,611646.240137,-1319802.936857,-708156.696720,1.943531e-02,-1717.957701,419.524929,904.684207,0.188,4.683,0.018,0.000,0.000,0.000
1784,1.784000,611653.417578,-1319803.686417,-708150.268839,1.944421e-02,-1718.746236,419.167869,905.254287,0.198,9.306,0.025,0.000,0.000,0.000
1785,1.785000,611660.488491,-1319804.228198,-708143.739707,1.945325e-02,-1719.096076,418.639073,905.354519,0.196,4.701,0.019,0.000,0.000,0.000
1786,1.786000,611667.078136,-1319804.639823,-708137.561688,1.946180e-02,-1719.125617,417.735997,905.119652,0.248,9.158,0.026,0.000,0.000,0.000
1787,1.787000,611673.553697,-1319804.761816,-708131.208120,1.947060e-02,-1719.210966,416.989170,905.147645,0.209,9.209,0.020,0.000,0.000,0.000
1788,1.788000,611680.343009,-1319804.735484,-708124.392474,1.948004e-02,-1719.344486,416.769043,905.399381,0.197,3.091,0.018,0.000,0.000,0.000
1789,1.789000,611685.061396,-1319804.560555,-708119.499159,1.948682e-02,-1719.530705,416.542843,905.521045,0.199,9.220,0.020,0.000,0.000,0.000
1790,1.790000,611689.645215,-1319804.206716,-708114.561502,1.949365e-02,-1719.701788,416.299566,905.564821,0.197,4.668,0.019,0.000,0.000,0.000
1791,1.791000,611695.353438,-1319803.685750,-708108.332312,1.950228e-02,-1719.773183,416.130014,905.731208,0.193,8.853,0.022,0.000,0.000,0.000
1792,1.792000,611700.018465,-1319803.000870,-708102.982406,1.950969e-02,-1720.322624,416.239021,905.882659,0.193,9.217,0.020,0.000,0.000,0.000
1793,1.793000,611704.392418,-1319802.118056,-708097.725638,1.951696e-02,-1720.991405,416.353797,906.037361,0.193,4.680,0.018,0.000,0.000,0.000
1794,1.794000,611708.784579,-1319801.047337,-708092.262758,1.952453e-02,-1721.244808,416.082442,906.261789,0.218,9.232,0.020,0.000,0.000,0.000
1795,1.795000,611712.022733,-1319799.773213,-708087.750480,1.953078e-02,-1721.582233,415.719778,906.551907,0.190,4.677,0.018,0.000,0.000,0.000
1796,1.796000,611713.977050,-1319798.285123,-708084.308073,1.953554e-02,-1722.123933,415.293541,906.773609,0.184,9.147,0.020,0.000,0.000,0.000
1797,1.797000,611716.717318,-1319796.553623,-708079.836305,1.954174e-02,-1722.542693,414.929851,906.391310,0.185,4.691,0.017,0.000,0.000,0.000
1798,1.798000,611720.304344,-1319794.578163,-708074.273819,1.954944e-02,-1722.547319,414.653497,905.931283,0.217,9.160,0.020,0.000,0.000,0.000
1799,1.799000,611725.081435,-1319792.339227,-708067.257791,1.955915e-02,-1722.497224,414.115881,905.909336,0.252,9.246,0.029,0.000,0.000,0.000
1800,1.800000,611730.871808,-1319789.807512,-708058.935703,1.957068e-02,-1722.607104,413.548952,905.908182,0.242,4.708,0.033,0.000,0.000,0.000
1801,1.801000,611735.893963,-1319787.010259,-708051.116296,1.958150e-02,-1722.746061,412.958128,905.996882,0.212,9.224,0.022,0.000,0.000,0.000
1802,1.802000,611739.682753,-1319783.945224,-708044.262470,1.959099e-02,-1722.939633,412.358243,906.110468,0.209,4.681,0.021,0.000,0.000,0.000
1803,1.803000,611743.462555,-1319780.602746,-708037.140191,1.960086e-02,-1723.196114,411.976172,905.838938,0.202,10.736,0.019,0.000,0.000,0.000
1804,1.804000,611748.024969,-1319776.943505,-708028.918536,1.961224e-02,-1723.325983,411.513225,905.538437,0.204,3.103,0.019,0.000,0.000,0.000
1805,1.805000,611752.342213,-1319773.012913,-708020.670699,1.962366e-02,-1723.270343,411.110540,905.598027,0.201,9.147,0.024,0.000,0.000,0.000
1806,1.806000,611756.063388,-1319768.885340,-708012.821951,1.963453e-02,-1723.228130,410.950305,905.744126,0.200,9.214,0.018,0.000,0.000,0.000
1807,1.807000,611759.770473,-1319764.554647,-708004.784174,1.964566e-02,-1723.184919,410.791486,905.826483,0.198,4.691,0.023,0.000,0.000,0.000
1808,1.808000,611762.834149,-1319760.002123,-707997.167973,1.965620e-02,-1723.546316,410.689466,905.610811,0.200,8.963,0.021,0.000,0.000,0.000
1809,1.809000,611764.290198,-1319755.162736,-707990.872538,1.966492e-02,-1724.205054,410.683278,905.592908,0.195,4.662,0.018,0.000,0.000,0.000
1810,1.810000,611765.306835,-1319750.024990,-707984.718154,1.967344e-02,-1724.688994,410.675970,905.898848,0.290,9.124,0.027,0.000,0.000,0.000
1811,1.811000,611766.393737,-1319744.574437,-707978.180699,1.968250e-02,-1725.047988,410.674867,906.005032,0.234,4.684,0.021,0.000,0.000,0.000
1812,1.812000,611766.937018,-1319738.792503,-707971.855485,1.969125e-02,-1725.363521,410.744853,906.077761,0.200,9.140,0.018,0.000,0.000,0.000
1813,1.813000,611767.979003,-1319732.654158,-707964.675155,1.970120e-02,-1725.471705,410.692680,906.169160,0.197,4.679,0.018,0.000,0.000,0.000
1814,1.814000,611769.101041,-1319726.147985,-707957.046945,1.971176e-02,-1725.514029,410.637294,906.185020,0.204,9.187,0.023,0.000,0.000,0.000
1815,1.815000,611768.720439,-1319719.207452,-707950.487012,1.972084e-02,-1725.629794,410.545984,906.496902,0.202,3.091,0.018,0.000,0.000,0.000
1816,1.816000,611769.168838,-1319711.806274,-707942.637436,1.973171e-02,-1727.165801,410.802483,908.185348,0.237,9.136,0.029,0.000,0.000,0.000
1817,1.817000,611767.886386,-1319703.471769,-707935.585383,1.974148e-02,-1728.746356,411.016622,909.558970,0.259,3.106,0.037,0.000,0.000,0.000
1818,1.818000,611764.908074,-1319694.715204,-707929.807130,1.974948e-02,-1728.694532,410.455866,909.851090,0.218,9.237,0.020,0.000,0.000,0.000
1819,1.819000,611761.738025,-1319685.480053,-707923.742028,1.975787e-02,-1728.570969,409.367377,910.280650,0.244,4.692,0.028,0.000,0.000,0.000
1820,1.820000,611757.488648,-1319675.763143,-707918.274495,1.976545e-02,-1728.591785,408.501378,910.484911,0.205,9.283,0.022,0.000,0.000,0.000
1821,1.821000,611751.624938,-1319665.703601,-707914.078662,1.977126e-02,-1729.071098,408.166250,910.184837,0.205,4.697,0.020,0.000,0.000,0.000
1822,1.822000,611744.836388,-1319655.202479,-707910.366091,1.977640e-02,-1729.944463,407.852999,909.557863,0.209,9.078,0.020,0.000,0.000,0.000
1823,1.823000,611737.993544,-1319644.322444,-707906.328900,1.978199e-02,-1730.358565,407.329572,909.287215,0.207,9.223,0.023,0.000,0.000,0.000
1824,1.824000,611731.030681,-1319633.150359,-707902.119677,1.978781e-02,-1730.218577,406.706943,909.713072,0.201,4.392,0.023,0.000,0.000,0.000
1825,1.825000,611725.599046,-1319621.824309,-707896.225263,1.979598e-02,-1730.036440,406.193439,910.221509,0.200,6.196,0.019,0.000,0.000,0.000
1826,1.826000,611719.670230,-1319610.407523,-707890.737293,1.980358e-02,-1729.766183,405.613770,910.537261,0.226,6.137,0.022,0.000,0.000,0.000
1827,1.827000,611712.883660,-1319598.929011,-707886.045352,1.981007e-02,-1729.563859,405.234760,910.828257,0.243,3.120,0.025,0.000,0.000,0.000
1828,1.828000,611709.494604,-1319587.522783,-707878.028179,1.982117e-02,-1729.409286,405.084977,910.849138,0.207,10.334,0.020,0.000,0.000,0.000
1829,1.829000,611706.560257,-1319576.272261,-707869.712004,1.983269e-02,-1729.139238,404.702740,911.179348,0.202,3.108,0.021,0.000,0.000,0.000
1830,1.830000,611703.581232,-1319565.214269,-707861.633037,1.984388e-02,-1728.961030,404.243439,911.614110,0.201,8.691,0.020,0.000,0.000,0.000
1831,1.831000,611703.241527,-1319554.404819,-707851.163292,1.985837e-02,-1729.142968,404.152746,912.033995,0.200,4.611,0.025,0.000,0.000,0.000
1832,1.832000,611699.362188,-1319543.840485,-707844.478297,1.986763e-02,-1729.516934,404.110371,912.380463,0.195,7.640,0.023,0.000,0.000,0.000
1833,1.833000,611694.323159,-1319533.667900,-707839.344741,1.987474e-02,-1729.840814,404.001407,912.634049,0.192,4.677,0.019,0.000,0.000,0.000
1834,1.834000,611694.331512,-1319523.925396,-707829.593884,1.988824e-02,-1729.855739,404.015354,912.890770,0.183,10.713,0.018,0.000,0.000,0.000
1835,1.835000,611697.832822,-1319514.660063,-707816.827241,1.990592e-02,-1729.611454,403.994195,912.732398,0.215,3.175,0.020,0.000,0.000,0.000
1836,1.836000,611701.453364,-1319505.852570,-707804.399206,1.992313e-02,-1729.432522,404.179951,912.535690,0.193,9.083,0.021,0.000,0.000,0.000
1837,1.837000,611701.759691,-1319497.493195,-707795.733504,1.993512e-02,-1729.252899,404.313463,912.558775,0.181,4.675,0.018,0.000,0.000,0.000
1838,1.838000,611701.988332,-1319489.637094,-707787.648762,1.994632e-02,-1729.135900,404.749256,912.356594,0.199,9.185,0.018,0.000,0.000,0.000
1839,1.839000,611705.723284,-1319482.178899,-707776.455615,1.996182e-02,-1729.014832,405.289041,912.070632,0.231,3.119,0.033,0.000,0.000,0.000
1840,1.840000,611707.781653,-1319475.160143,-707767.378489,1.997439e-02,-1729.038791,405.162147,912.221981,0.209,10.711,0.019,0.000,0.000,0.000
1841,1.841000,611710.035023,-1319468.557734,-707758.522711,1.998665e-02,-1729.065001,404.978019,912.553480,0.236,9.154,0.022,0.000,0.000,0.000
1842,1.842000,611715.436588,-1319462.339051,-707746.902463,2.000274e-02,-1729.034373,405.003380,912.753747,0.248,4.636,0.020,0.000,0.000,0.000
1843,1.843000,611721.382578,-1319456.536479,-707735.153901,2.001901e-02,-1729.666865,405.071557,913.095440,0.188,9.131,0.019,0.000,0.000,0.000
1844,1.844000,611725.949112,-1319450.943691,-707724.994580,2.003307e-02,-1730.811162,404.973555,913.408235,0.197,4.687,0.020,0.000,0.000,0.000
1845,1.845000,611730.767757,-1319445.622117,-707714.854360,2.004712e-02,-1731.474659,405.099106,913.252543,0.184,8.738,0.019,0.000,0.000,0.000
1846,1.846000,611733.859619,-1319440.549767,-707706.690149,2.005842e-02,-1731.815198,405.824384,912.805503,0.195,4.609,0.020,0.000,0.000,0.000
1847,1.847000,611733.920750,-1319435.679173,-707701.758423,2.006525e-02,-1733.015650,406.736151,912.889342,0.209,9.216,0.020,0.000,0.000,0.000
1848,1.848000,611734.129653,-1319430.692340,-707696.562687,2.007244e-02,-1734.225538,407.062867,913.084876,0.194,9.214,0.024,0.000,0.000,0.000
1849,1.849000,611733.931248,-1319425.829777,-707691.898529,2.007890e-02,-1735.340678,406.926363,913.509315,0.185,3.099,0.019,0.000,0.000,0.000
1850,1.850000,611733.945003,-1319420.741620,-707686.796617,2.008597e-02,-1736.262969,406.888464,914.128910,0.183,9.143,0.018,0.000,0.000,0.000
1851,1.851000,611735.616335,-1319415.672901,-707680.056567,2.009530e-02,-1736.521445,406.401516,914.148375,0.223,4.690,0.021,0.000,0.000,0.000
1852,1.852000,611738.384921,-1319410.499209,-707672.114288,2.010630e-02,-1736.966213,405.476136,914.202648,0.207,9.212,0.019,0.000,0.000,0.000
1853,1.853000,611739.179592,-1319405.142449,-707665.962857,2.011481e-02,-1737.445900,405.136676,914.391625,0.200,4.616,0.019,0.000,0.000,0.000
1854,1.854000,611738.230224,-1319399.644224,-707661.414001,2.012111e-02,-1737.860261,404.865596,914.367551,0.192,9.150,0.018,0.000,0.000,0.000
1855,1.855000,611737.800969,-1319393.959345,-707656.158376,2.012839e-02,-1737.933711,404.511137,914.224083,0.220,9.190,0.018,0.000,0.000,0.000
1856,1.856000,611736.134729,-1319388.108926,-707651.974197,2.013418e-02,-1738.086486,404.702507,913.829733,0.199,3.103,0.024,0.000,0.000,0.000
1857,1.857000,611733.419525,-1319382.073892,-707648.654367,2.013878e-02,-1738.501989,404.938603,913.040221,0.184,9.206,0.018,0.000,0.000,0.000
1858,1.858000,611733.276762,-1319375.815541,-707642.538779,2.014725e-02,-1738.853967,405.075596,912.488623,0.187,4.617,0.018,0.000,0.000,0.000
1859,1.859000,611734.710699,-1319369.302460,-707634.591762,2.015825e-02,-1739.032407,405.221281,912.345211,0.180,9.195,0.018,0.000,0.000,0.000
1860,1.860000,611734.957689,-1319362.651154,-707627.693465,2.016780e-02,-1738.803636,404.984187,912.422302,0.194,4.597,0.021,0.000,0.000,0.000
1861,1.861000,611734.750392,-1319355.780491,-707621.030100,2.017703e-02,-1738.625099,404.396625,912.370968,0.201,9.145,0.019,0.000,0.000,0.000
1862,1.862000,611734.356143,-1319348.720223,-707614.364079,2.018626e-02,-1738.475461,403.898981,912.209319,0.198,9.240,0.018,0.000,0.000,0.000
1863,1.863000,611733.295474,-1319341.559251,-707608.263777,2.019471e-02,-1738.118167,403.443538,911.822678,0.182,3.099,0.064,0.000,0.000,0.000
1864,1.864000,611731.726187,-1319334.250916,-707602.524729,2.020266e-02,-1738.093346,403.083306,911.167590,0.187,8.709,0.020,0.000,0.000,0.000
1865,1.865000,611730.009720,-1319326.816469,-707596.806749,2.021057e-02,-1738.331958,402.836804,910.563877,0.180,4.598,0.018,0.000,0.000,0.000
1866,1.866000,611729.030136,-1319319.288599,-707590.258463,2.021964e-02,-1738.543754,402.808793,909.766883,0.185,9.243,0.018,0.000,0.000,0.000
1867,1.867000,611727.718024,-1319311.592516,-707583.874493,2.022848e-02,-1738.670097,402.825001,908.801721,0.227,9.218,0.020,0.000,0.000,0.000
1868,1.868000,611725.613485,-1319303.748815,-707578.135331,2.023643e-02,-1738.459238,402.344425,908.082615,0.206,4.615,0.021,0.000,0.000,0.000
1869,1.869000,611723.820616,-1319295.557597,-707571.736980,2.024529e-02,-1738.014309,401.728699,907.202105,0.212,9.167,0.018,0.000,0.000,0.000
1870,1.870000,611721.136324,-1319286.999971,-707565.863647,2.025342e-02,-1737.944113,401.349980,906.168962,0.209,4.722,0.018,0.000,0.000,0.000
1871,1.871000,611717.174975,-1319278.265675,-707561.090700,2.026003e-02,-1738.227189,400.999148,905.481354,0.198,8.889,0.020,0.000,0.000,0.000
1872,1.872000,611714.530433,-1319269.350729,-707554.820296,2.026871e-02,-1738.379699,400.774367,905.241031,0.188,4.615,0.018,0.000,0.000,0.000
1873,1.873000,611711.289006,-1319260.265817,-707548.976812,2.027680e-02,-1738.366613,400.424962,904.989961,0.191,7.627,0.019,0.000,0.000,0.000
1874,1.874000,611705.034566,-1319250.890181,-707545.855614,2.028112e-02,-1738.876279,399.665526,903.722583,0.192,7.636,0.017,0.000,0.000,0.000
1875,1.875000,611699.514732,-1319241.164466,-707541.649734,2.028695e-02,-1739.629786,399.055997,902.565896,0.193,4.713,0.018,0.000,0.000,0.000
1876,1.876000,611694.681632,-1319231.139170,-707536.457538,2.029414e-02,-1740.081756,398.623185,902.261231,0.199,10.718,0.022,0.000,0.000,0.000
1877,1.877000,611688.355920,-1319220.805425,-707532.449505,2.029969e-02,-1740.454982,398.201525,901.920542,0.199,4.342,0.020,0.000,0.000,0.000
1878,1.878000,611680.321979,-1319210.200976,-707529.878997,2.030325e-02,-1741.387636,397.567566,900.620583,0.205,9.154,0.024,0.000,0.000,0.000
1879,1.879000,611671.750728,-1319199.151393,-707527.400666,2.030668e-02,-1742.274105,397.302232,899.147949,0.244,3.155,0.030,0.000,0.000,0.000
1880,1.880000,611663.707243,-1319187.819949,-707524.112706,2.031123e-02,-1742.483890,397.580739,898.754704,0.240,8.760,0.023,0.000,0.000,0.000
1881,1.881000,611656.199797,-1319176.157394,-707519.957596,2.031698e-02,-1742.628999,397.793328,898.548903,0.268,4.700,0.025,0.000,0.000,0.000
1882,1.882000,611649.977362,-1319164.278829,-707514.301467,2.032482e-02,-1742.664277,397.840450,898.021062,0.242,9.162,0.021,0.000,0.000,0.000
1883,1.883000,611642.887765,-1319152.220044,-707509.332279,2.033170e-02,-1742.751699,397.403853,897.541971,0.236,4.675,0.022,0.000,0.000,0.000
1884,1.884000,611634.223080,-1319140.025928,-707505.802847,2.033658e-02,-1743.153436,397.020646,897.125566,0.205,6.215,0.021,0.000,0.000,0.000
1885,1.885000,611624.669083,-1319127.668490,-707502.999407,2.034047e-02,-1743.395466,396.553577,896.758480,0.195,6.142,0.021,0.000,0.000,0.000
1886,1.886000,611614.357644,-1319115.209071,-707500.851428,2.034344e-02,-1743.635392,396.583257,896.290052,0.198,7.690,0.018,0.000,0.000,0.000
1887,1.887000,611605.572738,-1319102.631229,-707497.058491,2.034869e-02,-1744.170518,397.485900,895.478299,0.200,9.215,0.019,0.000,0.000,0.000
1888,1.888000,611596.903935,-1319090.007270,-707493.103336,2.035417e-02,-1744.512207,397.749421,894.895417,0.200,4.639,0.021,0.000,0.000,0.000
1889,1.889000,611587.264654,-1319077.377185,-707490.112531,2.035831e-02,-1744.910206,397.793006,894.382799,0.198,10.468,0.019,0.000,0.000,0.000
1890,1.890000,611577.453776,-1319064.649852,-707487.196076,2.036235e-02,-1745.222941,397.444565,893.749538,0.209,4.683,0.020,0.000,0.000,0.000
1891,1.891000,611567.393614,-1319051.927294,-707484.533680,2.036603e-02,-1745.123304,396.318426,893.373217,0.229,8.973,0.021,0.000,0.000,0.000
1892,1.892000,611557.290780,-1319039.166455,-707481.875675,2.036971e-02,-1744.995555,395.784368,893.075192,0.214,4.613,0.023,0.000,0.000,0.000
1893,1.893000,611547.438976,-1319026.463398,-707479.024422,2.037366e-02,-1745.158569,395.766603,892.442914,0.225,9.169,0.020,0.000,0.000,0.000
1894,1.894000,611537.520285,-1319013.648850,-707476.128565,2.037767e-02,-1745.196171,395.522459,892.034916,0.236,3.092,0.025,0.000,0.000,0.000
1895,1.895000,611527.127444,-1319000.870936,-707473.743493,2.038098e-02,-1745.150138,394.949275,892.091357,0.222,9.201,0.018,0.000,0.000,0.000
1896,1.896000,611517.002862,-1318988.053935,-707471.051074,2.038470e-02,-1745.109094,394.387717,891.985087,0.229,9.154,0.020,0.000,0.000,0.000
1897,1.897000,611507.289925,-1318975.254717,-707467.964792,2.038898e-02,-1745.009099,393.900174,891.913268,0.209,4.320,0.019,0.000,0.000,0.000
1898,1.898000,611497.793452,-1318962.427055,-707464.633603,2.039359e-02,-1744.921726,393.459112,891.888832,0.196,9.221,0.018,0.000,0.000,0.000
1899,1.899000,611488.231395,-1318949.631076,-707461.399681,2.039807e-02,-1744.550836,393.120076,891.705202,0.199,4.685,0.022,0.000,0.000,0.000
1900,1.900000,611479.236389,-1318936.821012,-707457.584623,2.040335e-02,-1744.303192,392.658114,891.525990,0.199,9.161,0.017,0.000,0.000,0.000
1901,1.901000,611472.164502,-1318923.978369,-707451.813868,2.041134e-02,-1744.509751,391.870963,891.694678,0.185,3.087,0.022,0.000,0.000,0.000
1902,1.902000,611463.907877,-1318911.122643,-707447.214766,2.041771e-02,-1744.813451,391.328379,891.808757,0.209,9.205,0.022,0.000,0.000,0.000
1903,1.903000,611457.332131,-1318898.309105,-707440.976974,2.042635e-02,-1744.961727,390.892565,891.906242,0.203,9.154,0.021,0.000,0.000,0.000
1904,1.904000,611451.005075,-1318885.520731,-707434.515657,2.043529e-02,-1745.193295,389.939872,892.219227,0.200,3.092,0.019,0.000,0.000,0.000
1905,1.905000,611440.992047,-1318872.813855,-707431.821808,2.043902e-02,-1745.328726,389.001831,892.338776,0.194,9.212,0.025,0.000,0.000,0.000
1906,1.906000,611431.602963,-1318860.235505,-707428.632542,2.044344e-02,-1745.555054,388.019828,892.535368,0.184,4.682,0.019,0.000,0.000,0.000
1907,1.907000,611422.624800,-1318847.758415,-707425.133615,2.044828e-02,-1745.940100,387.326319,892.619575,0.222,4.595,0.022,0.000,0.000,0.000
1908,1.908000,611413.843652,-1318835.537539,-707421.693887,2.045305e-02,-1746.270993,386.952817,892.374760,0.254,10.332,0.023,0.000,0.000,0.000
1909,1.909000,611404.278616,-1318823.496173,-707419.217556,2.045648e-02,-1746.586688,386.613479,892.093115,0.201,3.118,0.020,0.000,0.000,0.000
1910,1.910000,611393.503322,-1318811.730040,-707418.226718,2.045785e-02,-1747.053910,386.130435,891.637567,0.200,9.152,0.019,0.000,0.000,0.000
1911,1.911000,611383.485746,-1318800.150507,-707416.664761,2.046001e-02,-1747.618037,385.550171,891.400685,0.194,4.666,0.018,0.000,0.000,0.000
1912,1.912000,611373.825409,-1318788.905313,-707415.079904,2.046220e-02,-1748.290126,384.958844,891.355899,0.183,9.150,0.021,0.000,0.000,0.000
1913,1.913000,611363.291433,-1318777.789498,-707414.498065,2.046301e-02,-1749.027020,384.214996,891.044214,0.184,8.966,0.018,0.000,0.000,0.000
1914,1.914000,611353.348504,-1318766.844794,-707413.496290,2.046440e-02,-1749.349219,383.668705,890.699640,0.196,3.106,0.024,0.000,0.000,0.000
1915,1.915000,611344.645565,-1318756.096517,-707411.450952,2.046723e-02,-1749.626060,383.056272,890.532789,0.188,10.704,0.018,0.000,0.000,0.000
1916,1.916000,611336.479318,-1318745.399275,-707408.919957,2.047073e-02,-1750.058136,382.486445,890.572977,0.189,4.699,0.018,0.000,0.000,0.000
1917,1.917000,611329.476317,-1318734.800596,-707405.324280,2.047571e-02,-1750.302324,382.153362,890.527560,0.187,9.168,0.019,0.000,0.000,0.000
1918,1.918000,611322.088253,-1318724.335964,-707402.247711,2.047997e-02,-1750.482457,381.881846,890.305601,0.186,4.679,0.018,0.000,0.000,0.000
1919,1.919000,611312.829497,-1318713.869283,-707401.039785,2.048165e-02,-1750.663949,381.691338,889.994371,0.181,8.705,0.018,0.000,0.000,0.000
1920,1.920000,611303.491689,-1318703.442898,-707399.951210,2.048315e-02,-1750.434720,381.035452,890.163933,0.221,8.933,0.028,0.000,0.000,0.000
1921,1.921000,611295.059364,-1318692.948533,-707397.889169,2.048601e-02,-1750.133265,379.853621,890.474845,0.230,3.110,0.021,0.000,0.000,0.000
1922,1.922000,611287.481056,-1318682.378539,-707394.897483,2.049015e-02,-1749.873293,378.860007,890.532662,0.219,9.116,0.021,0.000,0.000,0.000
1923,1.923000,611280.290451,-1318671.762948,-707391.472497,2.049489e-02,-1749.564608,377.826800,890.938661,0.200,4.302,0.023,0.000,0.000,0.000
1924,1.924000,611272.927720,-1318661.031522,-707388.103802,2.049956e-02,-1749.401030,376.517851,891.470469,0.191,8.869,0.019,0.000,0.000,0.000
1925,1.925000,611264.263373,-1318650.161888,-707385.898515,2.050261e-02,-1749.344375,375.725778,891.618630,0.195,8.828,0.020,0.000,0.000,0.000
1926,1.926000,611254.589168,-1318639.307712,-707384.718544,2.050425e-02,-1749.270598,375.272834,891.479160,0.195,4.355,0.018,0.000,0.000,0.000
1927,1.927000,611244.968145,-1318628.432175,-707383.464030,2.050598e-02,-1749.101512,374.696622,891.349212,0.184,9.206,0.019,0.000,0.000,0.000
1928,1.928000,611234.891155,-1318617.431260,-707382.540105,2.050726e-02,-1749.059398,374.380470,891.400197,0.186,4.618,0.019,0.000,0.000,0.000
1929,1.929000,611224.765946,-1318606.392915,-707381.626969,2.050853e-02,-1748.980577,374.130570,891.287382,0.200,8.562,0.017,0.000,0.000,0.000
1930,1.930000,611215.010512,-1318595.342623,-707380.332111,2.051032e-02,-1748.776630,373.640730,891.043905,0.235,4.602,0.018,0.000,0.000,0.000
1931,1.931000,611204.947985,-1318584.284640,-707379.336655,2.051170e-02,-1748.531092,373.052372,890.851754,0.195,9.031,0.022,0.000,0.000,0.000
1932,1.932000,611195.546085,-1318573.217025,-707377.670940,2.051400e-02,-1748.375059,372.507557,890.514596,0.219,8.753,0.019,0.000,0.000,0.000
1933,1.933000,611186.926894,-1318562.110444,-707375.183551,2.051745e-02,-1748.541925,372.380700,890.142730,0.204,4.440,0.020,0.000,0.000,0.000
1934,1.934000,611178.092742,-1318550.871630,-707372.778888,2.052078e-02,-1748.818846,372.315343,889.501994,0.202,9.157,0.020,0.000,0.000,0.000
1935,1.935000,611169.231413,-1318539.494029,-707370.262615,2.052426e-02,-1748.986304,372.473325,888.837449,0.199,3.098,0.023,0.000,0.000,0.000
1936,1.936000,611160.085294,-1318528.082323,-707367.997029,2.052740e-02,-1749.350640,373.030729,887.569285,0.193,10.711,0.019,0.000,0.000,0.000
1937,1.937000,611150.221867,-1318516.357705,-707366.135838,2.052998e-02,-1749.720278,373.179900,886.442619,0.184,3.097,0.018,0.000,0.000,0.000
1938,1.938000,611140.021434,-1318504.691067,-707364.669633,2.053201e-02,-1749.861365,372.896829,886.411784,0.185,9.129,0.021,0.000,0.000,0.000
1939,1.939000,611130.676696,-1318493.044125,-707362.367429,2.053519e-02,-1750.135943,372.960160,885.872913,0.192,7.723,0.017,0.000,0.000,0.000
1940,1.940000,611122.247895,-1318481.196822,-707358.948926,2.053993e-02,-1750.067216,372.938256,884.428543,0.182,3.094,0.018,0.000,0.000,0.000
1941,1.941000,611113.800991,-1318469.301520,-707355.500528,2.054470e-02,-1749.450400,372.279305,882.898269,0.180,8.395,0.018,0.000,0.000,0.000
1942,1.942000,611105.433695,-1318457.444961,-707352.011266,2.054953e-02,-1749.031040,371.756541,882.229061,0.180,4.608,0.018,0.000,0.000,0.000
1943,1.943000,611097.582195,-1318445.780607,-707348.198412,2.055481e-02,-1748.569452,371.136444,881.726412,0.180,6.169,0.017,0.000,0.000,0.000
1944,1.944000,611089.385816,-1318434.163162,-707344.777346,2.055955e-02,-1747.756005,370.319127,880.851467,0.190,6.200,0.018,0.000,0.000,0.000
1945,1.945000,611080.686470,-1318422.627886,-707341.941416,2.056348e-02,-1747.139620,369.333169,880.074116,0.177,7.641,0.018,0.000,0.000,0.000
1946,1.946000,611072.225097,-1318411.150128,-707338.925030,2.056765e-02,-1746.639900,368.360762,879.139747,0.206,3.900,0.026,0.000,0.000,0.000
1947,1.947000,611063.820781,-1318399.726033,-707335.905252,2.057184e-02,-1746.465040,367.710224,878.364187,0.269,10.765,0.027,0.000,0.000,0.000
1948,1.948000,611054.748748,-1318388.342877,-707333.594130,2.057504e-02,-1746.434074,367.426685,877.580710,0.244,3.127,0.025,0.000,0.000,0.000
1949,1.949000,611046.747630,-1318376.978125,-707330.230495,2.057969e-02,-1746.469508,367.562778,876.791024,0.222,9.165,0.023,0.000,0.000,0.000
1950,1.950000,611039.810104,-1318365.584582,-707325.774478,2.058586e-02,-1746.756867,367.651801,876.380300,0.210,4.682,0.020,0.000,0.000,0.000
1951,1.951000,611032.318294,-1318354.221725,-707321.903431,2.059122e-02,-1746.785410,367.404529,876.136707,0.206,7.149,0.019,0.000,0.000,0.000
1952,1.952000,611024.519819,-1318342.917464,-707318.397645,2.059608e-02,-1746.682618,367.134061,875.917221,0.206,4.596,0.019,0.000,0.000,0.000
1953,1.953000,611016.649551,-1318331.632809,-707314.983258,2.060081e-02,-1746.637643,366.868624,875.720122,0.202,10.709,0.018,0.000,0.000,0.000
1954,1.954000,611009.100266,-1318320.371367,-707311.271101,2.060595e-02,-1746.770101,366.630683,875.841390,0.211,4.688,0.020,0.000,0.000,0.000
1955,1.955000,611001.512721,-1318309.120463,-707307.607743,2.061102e-02,-1747.052118,366.605007,876.026385,0.201,9.144,0.021,0.000,0.000,0.000
1956,1.956000,610993.912009,-1318297.868113,-707303.956104,2.061607e-02,-1747.336139,366.615670,876.071497,0.196,4.680,0.018,0.000,0.000,0.000
1957,1.957000,610986.514373,-1318286.622613,-707300.108240,2.062140e-02,-1747.519153,366.543029,876.092717,0.207,9.143,0.018,0.000,0.000,0.000
1958,1.958000,610978.631722,-1318275.345581,-707296.713858,2.062610e-02,-1747.636984,366.535293,876.055692,0.194,3.088,0.020,0.000,0.000,0.000
1959,1.959000,610971.298052,-1318264.023173,-707292.725122,2.063163e-02,-1747.757402,366.632684,876.024155,0.207,9.125,0.018,0.000,0.000,0.000
1960,1.960000,610963.851152,-1318252.607612,-707288.756459,2.063712e-02,-1747.564947,366.555010,875.575415,0.243,3.156,0.028,0.000,0.000,0.000
1961,1.961000,610955.705097,-1318241.013774,-707285.308676,2.064190e-02,-1747.339798,366.448194,875.115744,0.225,8.891,0.024,0.000,0.000,0.000
1962,1.962000,610948.759639,-1318229.356721,-707280.597081,2.064842e-02,-1747.446934,366.690562,874.918670,0.241,9.008,0.023,0.000,0.000,0.000
1963,1.963000,610941.196935,-1318217.562494,-707276.365559,2.065428e-02,-1747.635918,367.212395,874.528817,0.230,4.674,0.021,0.000,0.000,0.000
1964,1.964000,610933.784769,-1318205.692338,-707271.907569,2.066045e-02,-1747.737211,367.489127,874.167283,0.224,9.082,0.026,0.000,0.000,0.000
1965,1.965000,610926.427719,-1318193.746764,-707267.319045,2.066681e-02,-1747.904679,368.296262,873.558552,0.206,4.706,0.019,0.000,0.000,0.000
1966,1.966000,610918.753175,-1318181.689632,-707262.936457,2.067287e-02,-1748.305431,369.167244,873.045162,0.227,9.234,0.022,0.000,0.000,0.000
1967,1.967000,610911.423188,-1318169.588058,-707258.164870,2.067948e-02,-1748.528301,369.034792,872.948511,0.208,9.230,0.022,0.000,0.000,0.000
1968,1.968000,610902.579674,-1318157.481933,-707254.902259,2.068400e-02,-1748.455836,368.834577,872.771488,0.204,4.270,0.020,0.000,0.000,0.000
1969,1.969000,610892.460611,-1318145.472422,-707253.011811,2.068662e-02,-1748.363720,368.773115,872.613369,0.201,9.150,0.019,0.000,0.000,0.000
1970,1.970000,610882.836042,-1318133.615254,-707250.779211,2.068971e-02,-1748.649253,368.086922,872.453941,0.199,4.645,0.019,0.000,0.000,0.000
1971,1.971000,610873.465188,-1318121.555002,-707248.089814,2.069343e-02,-1749.166896,366.756774,872.375919,0.195,9.150,0.018,0.000,0.000,0.000
1972,1.972000,610863.143412,-1318109.351969,-707246.208557,2.069604e-02,-1749.104412,365.797948,872.315701,0.266,3.154,0.021,0.000,0.000,0.000
1973,1.973000,610853.807304,-1318097.280038,-707243.472734,2.069982e-02,-1749.096467,365.605487,872.052048,0.215,9.194,0.019,0.000,0.000,0.000
1974,1.974000,610845.518331,-1318085.320759,-707239.802428,2.070491e-02,-1749.456284,365.675986,872.034467,0.210,9.218,0.018,0.000,0.000,0.000
1975,1.975000,610837.188346,-1318073.582690,-707236.394345,2.070963e-02,-1749.495542,365.495537,872.228553,0.201,3.106,0.020,0.000,0.000,0.000
1976,1.976000,610829.347879,-1318062.042881,-707232.695002,2.071475e-02,-1749.425426,365.251197,872.229650,0.199,9.157,0.020,0.000,0.000,0.000
1977,1.977000,610821.938209,-1318050.777764,-707228.839555,2.072009e-02,-1749.523722,365.197141,871.713611,0.192,4.648,0.018,0.000,0.000,0.000
1978,1.978000,610816.051017,-1318039.773218,-707223.722201,2.072717e-02,-1749.852028,365.273365,871.280173,0.186,9.085,0.017,0.000,0.000,0.000
1979,1.979000,610811.355013,-1318029.036691,-707217.681678,2.073554e-02,-1750.322369,365.009827,871.413846,0.185,3.955,0.019,0.000,0.000,0.000
1980,1.980000,610806.411329,-1318018.503713,-707212.092384,2.074328e-02,-1750.830044,364.897341,871.402023,0.200,10.722,0.019,0.000,0.000,0.000
1981,1.981000,610800.990517,-1318008.226007,-707207.235489,2.075000e-02,-1751.277543,365.131174,871.247801,0.194,9.215,0.020,0.000,0.000,0.000
1982,1.982000,610794.452100,-1317998.252722,-707203.800622,2.075476e-02,-1751.617488,365.179963,871.203251,0.195,3.145,0.020,0.000,0.000,0.000
1983,1.983000,610787.575783,-1317988.578111,-707201.002328,2.075863e-02,-1751.938510,365.256404,871.222582,0.186,6.132,0.017,0.000,0.000,0.000
1984,1.984000,610781.425331,-1317979.201993,-707197.776662,2.076310e-02,-1752.583728,365.389663,870.825721,0.187,4.598,0.019,0.000,0.000,0.000
1985,1.985000,610776.339420,-1317969.962816,-707193.623396,2.076885e-02,-1753.468271,365.546487,870.106033,0.180,6.048,0.018,0.000,0.000,0.000
1986,1.986000,610771.638212,-1317960.852063,-707189.213851,2.077496e-02,-1754.107990,365.623386,869.661406,0.191,10.579,0.017,0.000,0.000,0.000
1987,1.987000,610766.181099,-1317951.896983,-707185.715883,2.077980e-02,-1754.800926,365.657657,869.135577,0.197,3.095,0.022,0.000,0.000,0.000
1988,1.988000,610760.213368,-1317943.105089,-707182.891721,2.078371e-02,-1755.609198,365.627098,868.441569,0.181,9.164,0.018,0.000,0.000,0.000
1989,1.989000,610754.308444,-1317934.507578,-707180.199134,2.078744e-02,-1756.225695,365.609603,867.575607,0.212,9.213,0.019,0.000,0.000,0.000
1990,1.990000,610748.794239,-1317926.145013,-707177.350774,2.079138e-02,-1756.601063,365.698355,866.708247,0.201,4.530,0.018,0.000,0.000,0.000
1991,1.991000,610744.291481,-1317918.001790,-707173.710309,2.079642e-02,-1757.181503,365.754569,866.088693,0.188,9.212,0.018,0.000,0.000,0.000
1992,1.992000,610740.255817,-1317910.077160,-707169.821343,2.080181e-02,-1757.959265,365.671064,865.648524,0.207,4.685,0.019,0.000,0.000,0.000
1993,1.993000,610735.346917,-1317902.340456,-707166.993539,2.080572e-02,-1758.390164,365.399640,865.271187,0.206,9.147,0.021,0.000,0.000,0.000
1994,1.994000,610730.344114,-1317894.744239,-707164.400125,2.080931e-02,-1758.699547,365.195451,865.103203,0.202,3.088,0.020,0.000,0.000,0.000
1995,1.995000,610725.903425,-1317887.466754,-707161.563329,2.081324e-02,-1758.974936,364.839582,865.258954,0.190,9.210,0.018,0.000,0.000,0.000
1996,1.996000,610722.172570,-1317880.400179,-707158.227609,2.081786e-02,-1759.163227,364.392748,865.379395,0.194,9.145,0.025,0.000,0.000,0.000
1997,1.997000,610719.169204,-1317873.567303,-707154.398099,2.082316e-02,-1759.355982,364.039884,865.456989,0.195,4.681,0.019,0.000,0.000,0.000
1998,1.998000,610716.592070,-1317866.972162,-707150.380093,2.082873e-02,-1759.571075,363.793813,865.581202,0.184,8.642,0.019,0.000,0.000,0.000
1999,1.999000,610714.068819,-1317860.604036,-707146.535217,2.083405e-02,-1759.944798,363.817820,865.761320,0.183,4.672,0.019,0.000,0.000,0.000
2000,2.000000,610711.021095,-1317854.486202,-707143.465108,2.083830e-02,-1760.579602,363.970120,865.592267,0.198,9.120,0.018,0.000,0.000,0.000
2001,2.001000,610707.037555,-1317848.571767,-707141.534212,2.084098e-02,-1761.470658,364.328228,864.921108,0.223,9.272,0.024,0.000,0.000,0.000
2002,2.002000,610704.144796,-1317842.824547,-707138.679751,2.084493e-02,-1762.426752,364.640695,864.231025,0.222,3.113,0.021,0.000,0.000,0.000
2003,2.003000,610702.343179,-1317837.284297,-707134.941118,2.085011e-02,-1763.326724,364.792558,863.669937,0.201,9.161,0.020,0.000,0.000,0.000
2004,2.004000,610700.849087,-1317831.942546,-707131.093459,2.085543e-02,-1763.862478,364.864967,863.285284,0.197,4.678,0.019,0.000,0.000,0.000
2005,2.005000,610700.347366,-1317826.912705,-707126.565339,2.086170e-02,-1764.416341,364.997009,863.217419,0.186,9.212,0.018,0.000,0.000,0.000
2006,2.006000,610700.103410,-1317822.069614,-707121.966203,2.086807e-02,-1765.269108,365.368652,862.997417,0.234,3.124,0.021,0.000,0.000,0.000
2007,2.007000,610700.607643,-1317817.458284,-707116.850641,2.087515e-02,-1765.947260,365.841486,862.503760,0.194,10.745,0.021,0.000,0.000,0.000
2008,2.008000,610700.760411,-1317813.086083,-707112.325672,2.088142e-02,-1766.359573,366.437772,862.132089,0.200,9.010,0.020,0.000,0.000,0.000
2009,2.009000,610699.585389,-1317808.985653,-707109.400264,2.088547e-02,-1767.251192,366.815306,861.795831,0.193,3.089,0.018,0.000,0.000,0.000
2010,2.010000,610697.761223,-1317805.049012,-707107.287788,2.088840e-02,-1768.844897,367.104396,861.060796,0.183,6.181,0.018,0.000,0.000,0.000
2011,2.011000,610695.922167,-1317801.286850,-707105.364682,2.089106e-02,-1770.165505,367.594950,860.489434,0.182,4.647,0.018,0.000,0.000,0.000
2012,2.012000,610695.151455,-1317797.793490,-707102.642036,2.089483e-02,-1771.620211,367.969484,860.114085,0.180,6.094,0.018,0.000,0.000,0.000
2013,2.013000,610695.119895,-1317794.486092,-707099.366198,2.089936e-02,-1773.008674,368.237458,859.732693,0.228,10.713,0.022,0.000,0.000,0.000
2014,2.014000,610695.303993,-1317791.477702,-707096.173709,2.090379e-02,-1773.682336,368.443276,859.767092,0.203,3.089,0.019,0.000,0.000,0.000
2015,2.015000,610696.236100,-1317788.800087,-707092.563987,2.090878e-02,-1774.347033,368.653147,859.808339,0.218,9.120,0.020,0.000,0.000,0.000
2016,2.016000,610697.535186,-1317786.408133,-707088.872947,2.091389e-02,-1774.987093,368.857825,859.654858,0.190,4.634,0.023,0.000,0.000,0.000
2017,2.017000,610699.891736,-1317784.344610,-707084.452874,2.092001e-02,-1775.520867,368.965450,859.509728,0.195,9.228,0.018,0.000,0.000,0.000
2018,2.018000,610702.518585,-1317782.560664,-707080.042079,2.092612e-02,-1776.007129,369.167098,859.568439,0.184,4.699,0.018,0.000,0.000,0.000
2019,2.019000,610704.671323,-1317781.080764,-707076.409440,2.093115e-02,-1776.474756,369.370072,859.422778,0.198,8.949,0.019,0.000,0.000,0.000
2020,2.020000,610706.559454,-1317779.799227,-707073.239773,2.093554e-02,-1777.150229,369.011751,858.715620,0.196,8.993,0.023,0.000,0.000,0.000
2021,2.021000,610708.615120,-1317778.664039,-707070.048919,2.093996e-02,-1777.523373,368.530972,858.181074,0.198,3.918,0.018,0.000,0.000,0.000
2022,2.022000,610711.613745,-1317777.768923,-707066.155178,2.094535e-02,-1777.898133,368.480398,858.082141,0.197,5.824,0.019,0.000,0.000,0.000
2023,2.023000,610713.936841,-1317777.050593,-707063.113752,2.094956e-02,-1778.490119,368.443072,857.913940,0.185,6.203,0.017,0.000,0.000,0.000
2024,2.024000,610715.525414,-1317776.484846,-707060.959432,2.095255e-02,-1778.918092,368.254754,858.025404,0.180,7.708,0.018,0.000,0.000,0.000
2025,2.025000,610717.815998,-1317776.109560,-707058.293561,2.095624e-02,-1779.644528,368.124571,858.168486,0.188,9.195,0.019,0.000,0.000,0.000
2026,2.026000,610720.370453,-1317775.848809,-707055.478356,2.096014e-02,-1780.345197,368.025240,857.884444,0.189,4.197,0.019,0.000,0.000,0.000
2027,2.027000,610722.662046,-1317775.710209,-707053.048164,2.096350e-02,-1781.005025,367.693969,857.219828,0.179,6.035,0.022,0.000,0.000,0.000
2028,2.028000,610724.899932,-1317775.695081,-707050.795149,2.096662e-02,-1781.861266,366.987896,856.280245,0.190,7.321,0.021,0.000,0.000,0.000
2029,2.029000,610727.156402,-1317775.801533,-707048.645131,2.096960e-02,-1782.862200,366.074039,855.440186,0.252,7.684,0.028,0.000,0.000,0.000
2030,2.030000,610729.879185,-1317775.991300,-707046.112115,2.097310e-02,-1783.819921,365.177901,854.566432,0.222,9.232,0.019,0.000,0.000,0.000
2031,2.031000,610732.804374,-1317776.318943,-707043.514569,2.097670e-02,-1784.215359,364.627049,853.898678,0.196,3.090,0.020,0.000,0.000,0.000
2032,2.032000,610736.077524,-1317776.827781,-707040.750257,2.098053e-02,-1784.421660,364.469254,853.490541,0.254,9.160,0.021,0.000,0.000,0.000
2033,2.033000,610740.248528,-1317777.512866,-707037.264338,2.098536e-02,-1784.925455,364.302160,852.957204,0.266,4.637,0.030,0.000,0.000,0.000
2034,2.034000,610744.512911,-1317778.384158,-707033.871247,2.099005e-02,-1785.531294,363.961286,852.677299,0.284,10.271,0.041,0.000,0.000,0.000
2035,2.035000,610748.691410,-1317779.400505,-707030.709095,2.099443e-02,-1785.999909,363.545345,852.276188,0.372,3.161,0.067,0.000,0.000,0.000
2036,2.036000,610754.283872,-1317780.696343,-707026.412471,2.100038e-02,-1786.288158,363.421073,851.278172,0.243,9.178,0.033,0.000,0.000,0.000
2037,2.037000,610760.596735,-1317782.231930,-707021.635195,2.100700e-02,-1786.666258,363.599563,850.214189,0.224,8.687,0.022,0.000,0.000,0.000
2038,2.038000,610765.814626,-1317783.982704,-707018.168077,2.101180e-02,-1787.357018,363.866019,849.669204,0.215,4.694,0.020,0.000,0.000,0.000
2039,2.039000,610771.380021,-1317786.092383,-707014.712362,2.101658e-02,-1787.736948,363.664896,849.257672,0.227,8.840,0.024,0.000,0.000,0.000
2040,2.040000,610777.142880,-1317788.365997,-707011.223117,2.102141e-02,-1787.916785,363.309427,848.833298,0.250,4.564,0.022,0.000,0.000,0.000
2041,2.041000,610783.335982,-1317791.001719,-707007.665737,2.102634e-02,-1788.638336,363.317396,848.328121,0.214,10.743,0.021,0.000,0.000,0.000
2042,2.042000,610790.270922,-1317793.902479,-707003.631557,2.103193e-02,-1789.568263,363.339431,847.787064,0.234,3.112,0.025,0.000,0.000,0.000
2043,2.043000,610796.573966,-1317797.086582,-707000.512615,2.103624e-02,-1789.829386,362.924631,847.315169,0.234,9.220,0.028,0.000,0.000,0.000
2044,2.044000,610803.276258,-1317800.465490,-706997.189232,2.104085e-02,-1789.401030,362.357026,846.685453,0.239,9.195,0.023,0.000,0.000,0.000
2045,2.045000,610810.377210,-1317803.840883,-706993.463673,2.104601e-02,-1789.790038,362.124243,846.173334,0.220,4.678,0.019,0.000,0.000,0.000
2046,2.046000,610816.456423,-1317807.240666,-706990.784243,2.104972e-02,-1790.543404,361.574009,845.648277,0.208,10.726,0.019,0.000,0.000,0.000
2047,2.047000,610822.301539,-1317810.691614,-706988.390075,2.105303e-02,-1790.755352,360.873208,844.826294,0.213,3.119,0.021,0.000,0.000,0.000
2048,2.048000,610828.883407,-1317814.202065,-706985.318659,2.105728e-02,-1791.186289,360.251190,843.975467,0.215,8.995,0.029,0.000,0.000,0.000
2049,2.049000,610836.122994,-1317817.758051,-706981.635058,2.106238e-02,-1791.866414,359.445236,843.426493,0.203,9.225,0.021,0.000,0.000,0.000
2050,2.050000,610842.427019,-1317821.355394,-706978.928375,2.106613e-02,-1792.043670,358.871879,842.431071,0.205,4.682,0.020,0.000,0.000,0.000
2051,2.051000,610847.728547,-1317824.880056,-706977.151508,2.106859e-02,-1791.855536,358.702910,840.875840,0.202,6.017,0.023,0.000,0.000,0.000
2052,2.052000,610853.396397,-1317828.357833,-706974.961436,2.107162e-02,-1791.901206,358.478421,839.418667,0.198,7.704,0.019,0.000,0.000,0.000
2053,2.053000,610859.127415,-1317831.872143,-706972.744728,2.107469e-02,-1792.258513,357.986543,838.473811,0.226,4.588,0.021,0.000,0.000,0.000
2054,2.054000,610865.751472,-1317835.456863,-706969.705391,2.107890e-02,-1792.595164,357.522044,838.110721,0.207,9.205,0.020,0.000,0.000,0.000
2055,2.055000,610873.012230,-1317839.245212,-706966.232982,2.108371e-02,-1793.060998,357.203745,837.541695,0.202,4.673,0.018,0.000,0.000,0.000
2056,2.056000,610879.788418,-1317843.010410,-706963.221992,2.108788e-02,-1793.960647,356.784271,836.599017,0.202,10.727,0.019,0.000,0.000,0.000
2057,2.057000,610886.295614,-1317846.757361,-706960.461747,2.109170e-02,-1794.901925,356.259809,835.419821,0.200,3.100,0.020,0.000,0.000,0.000
2058,2.058000,610893.077388,-1317850.604737,-706957.527349,2.109577e-02,-1795.891893,356.023912,834.152494,0.198,9.194,0.019,0.000,0.000,0.000
2059,2.059000,610900.400648,-1317854.542132,-706954.141484,2.110045e-02,-1796.870787,356.018008,833.195070,0.196,4.682,0.019,0.000,0.000,0.000
2060,2.060000,610907.861100,-1317858.597483,-706950.736383,2.110517e-02,-1797.796150,355.958956,832.393282,0.189,9.195,0.020,0.000,0.000,0.000
2061,2.061000,610915.983310,-1317862.786098,-706946.802787,2.111062e-02,-1798.554517,355.895204,831.972575,0.196,4.681,0.021,0.000,0.000,0.000
2062,2.062000,610924.378110,-1317867.163863,-706942.785753,2.111618e-02,-1799.180689,355.794643,831.811739,0.192,9.240,0.018,0.000,0.000,0.000
2063,2.063000,610932.799395,-1317871.702303,-706938.902908,2.112155e-02,-1799.655165,355.687793,831.763343,0.195,9.205,0.018,0.000,0.000,0.000
2064,2.064000,610941.480569,-1317876.461082,-706934.980513,2.112699e-02,-1799.987337,355.593248,831.967412,0.189,3.087,0.019,0.000,0.000,0.000
2065,2.065000,610950.097136,-1317881.442707,-706931.345571,2.113202e-02,-1800.322188,355.319496,832.054850,0.188,8.655,0.018,0.000,0.000,0.000
2066,2.066000,610958.514233,-1317886.666600,-706928.152367,2.113644e-02,-1800.513023,355.021723,832.079579,0.183,4.612,0.018,0.000,0.000,0.000
2067,2.067000,610966.735739,-1317892.142397,-706925.406658,2.114024e-02,-1800.375765,355.060231,832.148708,0.187,9.217,0.022,0.000,0.000,0.000
2068,2.068000,610974.568939,-1317897.841113,-706923.272173,2.114320e-02,-1800.116913,355.073981,832.273171,0.180,9.205,0.018,0.000,0.000,0.000
2069,2.069000,610982.368115,-1317903.752055,-706921.383940,2.114581e-02,-1799.928072,354.903513,832.262107,0.227,4.652,0.024,0.000,0.000,0.000
2070,2.070000,610990.900081,-1317909.888923,-706918.988842,2.114913e-02,-1799.987246,354.483234,832.593118,0.209,9.109,0.018,0.000,0.000,0.000
2071,2.071000,610999.794837,-1317916.219751,-706916.424914,2.115268e-02,-1800.138805,354.034333,833.195963,0.213,3.101,0.022,0.000,0.000,0.000
2072,2.072000,611009.458497,-1317922.733402,-706913.274906,2.115704e-02,-1800.090309,353.413243,833.239223,0.203,8.817,0.028,0.000,0.000,0.000
2073,2.073000,611019.639169,-1317929.350177,-706909.711008,2.116198e-02,-1799.926598,352.372218,833.180698,0.200,4.667,0.021,0.000,0.000,0.000
2074,2.074000,611029.973464,-1317936.117912,-706906.144448,2.116691e-02,-1799.686562,351.205181,833.380025,0.195,7.722,0.017,0.000,0.000,0.000
2075,2.075000,611040.968677,-1317943.116518,-706902.147841,2.117245e-02,-1799.645042,350.691661,833.439241,0.184,3.094,0.019,0.000,0.000,0.000
2076,2.076000,611051.453628,-1317950.331119,-706898.877491,2.117698e-02,-1799.823977,350.488376,833.908866,0.225,9.842,0.027,0.000,0.000,0.000
2077,2.077000,611061.897995,-1317957.400917,-706895.502922,2.118165e-02,-1799.897162,350.002377,834.645870,0.249,4.694,0.025,0.000,0.000,0.000
2078,2.078000,611072.833984,-1317964.586702,-706891.752718,2.118684e-02,-1799.683494,349.429210,835.616469,0.215,9.225,0.020,0.000,0.000,0.000
2079,2.079000,611083.311145,-1317971.734061,-706888.422916,2.119145e-02,-1799.274586,349.147006,836.697055,0.214,3.114,0.026,0.000,0.000,0.000
2080,2.080000,611093.989773,-1317978.914315,-706884.924542,2.119630e-02,-1799.299563,348.847389,836.869325,0.208,8.960,0.025,0.000,0.000,0.000
2081,2.081000,611104.293139,-1317986.145523,-706881.852384,2.120055e-02,-1799.857574,347.973376,836.821941,0.204,8.743,0.021,0.000,0.000,0.000
2082,2.082000,611113.489983,-1317993.292176,-706879.802193,2.120339e-02,-1800.121385,347.769655,836.560932,0.225,3.154,0.023,0.000,0.000,0.000
2083,2.083000,611123.024140,-1318000.384998,-706877.360857,2.120677e-02,-1800.725294,347.433360,836.403511,0.212,9.156,0.023,0.000,0.000,0.000
2084,2.084000,611133.753589,-1318007.430226,-706873.676637,2.121187e-02,-1801.292739,346.659176,836.957156,0.219,4.678,0.020,0.000,0.000,0.000
2085,2.085000,611144.237983,-1318014.417006,-706870.179023,2.121671e-02,-1801.247399,345.998217,837.725096,0.201,9.142,0.019,0.000,0.000,0.000
2086,2.086000,611154.806920,-1318021.357892,-706866.550973,2.122174e-02,-1801.624764,345.120463,838.930841,0.234,3.101,0.018,0.000,0.000,0.000
2087,2.087000,611165.356973,-1318027.970037,-706862.613064,2.122719e-02,-1801.484072,344.429570,840.178806,0.238,9.170,0.018,0.000,0.000,0.000
2088,2.088000,611175.299846,-1318034.460308,-706859.160462,2.123197e-02,-1800.864511,344.178193,840.612059,0.218,9.160,0.018,0.000,0.000,0.000
2089,2.089000,611185.287398,-1318040.835502,-706855.548104,2.123697e-02,-1800.739245,343.846371,840.848876,0.211,3.176,0.021,0.000,0.000,0.000
2090,2.090000,611195.313480,-1318047.322720,-706852.009240,2.124187e-02,-1800.656097,342.968198,841.655684,0.194,8.745,0.019,0.000,0.000,0.000
2091,2.091000,611205.622992,-1318053.900304,-706848.277312,2.124704e-02,-1800.301651,342.351637,842.288969,0.199,2.959,0.023,0.000,0.000,0.000
2092,2.092000,611216.839341,-1318060.698365,-706843.859024,2.125316e-02,-1799.949377,342.329872,842.360357,0.193,9.174,0.019,0.000,0.000,0.000
2093,2.093000,611226.663658,-1318067.596178,-706840.932520,2.125721e-02,-1800.296133,342.662547,841.233666,0.181,4.599,0.018,0.000,0.000,0.000
2094,2.094000,611236.684344,-1318074.373919,-706837.689576,2.126170e-02,-1800.751949,342.952688,840.058641,0.230,6.194,0.026,0.000,0.000,0.000
2095,2.095000,611247.730224,-1318081.382329,-706833.652106,2.126729e-02,-1800.829586,342.398098,840.548710,0.208,7.708,0.018,0.000,0.000,0.000
2096,2.096000,611258.369716,-1318088.678275,-706830.308558,2.127192e-02,-1801.256812,341.154350,841.496882,0.199,9.226,0.019,0.000,0.000,0.000
2097,2.097000,611270.176569,-1318096.163752,-706825.987183,2.127791e-02,-1801.525927,339.684659,842.215517,0.206,4.615,0.018,0.000,0.000,0.000
2098,2.098000,611282.708013,-1318103.964215,-706821.256202,2.128446e-02,-1801.794804,338.438947,842.837192,0.204,8.803,0.019,0.000,0.000,0.000
2099,2.099000,611294.698105,-1318112.018356,-706817.320251,2.128991e-02,-1802.163518,337.404556,843.547500,0.202,3.096,0.020,0.000,0.000,0.000
2100,2.100000,611306.922698,-1318120.363881,-706813.441183,2.129528e-02,-1802.409111,336.378769,844.663843,0.186,9.982,0.018,0.000,0.000,0.000
2101,2.101000,611320.435090,-1318129.013851,-706808.578761,2.130201e-02,-1802.747264,335.620604,845.695300,0.190,4.617,0.018,0.000,0.000,0.000
2102,2.102000,611333.740861,-1318137.983513,-706804.242652,2.130801e-02,-1802.912495,335.119547,846.036223,0.198,8.499,0.025,0.000,0.000,0.000
2103,2.103000,611346.504432,-1318147.264304,-706800.759872,2.131284e-02,-1803.089110,334.725383,846.240938,0.182,9.157,0.019,0.000,0.000,0.000
2104,2.104000,611359.621832,-1318156.843204,-706797.221372,2.131774e-02,-1803.179077,334.263714,846.279467,0.183,4.662,0.018,0.000,0.000,0.000
2105,2.105000,611373.185604,-1318166.705136,-706793.519533,2.132286e-02,-1803.636969,333.940006,845.932827,0.181,4.448,0.018,0.000,0.000,0.000
2106,2.106000,611387.327894,-1318176.751417,-706789.423523,2.132853e-02,-1804.572360,333.470223,845.627746,0.185,10.711,0.020,0.000,0.000,0.000
2107,2.107000,611400.602044,-1318186.909102,-706786.307058,2.133285e-02,-1804.916060,332.571907,845.987006,0.193,4.601,0.019,0.000,0.000,0.000
2108,2.108000,611413.159253,-1318197.194935,-706784.035682,2.133599e-02,-1804.868250,331.885897,846.640268,0.200,9.164,0.019,0.000,0.000,0.000
2109,2.109000,611426.438560,-1318207.665506,-706781.226946,2.133988e-02,-1804.784778,331.255173,847.198210,0.190,4.683,0.019,0.000,0.000,0.000
2110,2.110000,611439.780581,-1318218.201764,-706778.421183,2.134377e-02,-1804.668070,330.340726,847.539031,0.236,9.225,0.023,0.000,0.000,0.000
2111,2.111000,611453.671953,-1318228.782354,-706775.110401,2.134835e-02,-1804.764765,329.632205,847.655677,0.206,3.117,0.019,0.000,0.000,0.000
2112,2.112000,611467.789141,-1318239.581176,-706771.792034,2.135295e-02,-1804.936295,329.229710,848.036319,0.207,9.236,0.030,0.000,0.000,0.000
2113,2.113000,611481.396789,-1318250.591306,-706769.194517,2.135654e-02,-1805.273191,329.145893,848.404478,0.200,4.183,0.020,0.000,0.000,0.000
2114,2.114000,611495.951063,-1318261.724896,-706765.773834,2.136128e-02,-1805.732692,329.169910,848.501722,0.202,6.201,0.019,0.000,0.000,0.000
2115,2.115000,611511.952878,-1318273.058970,-706761.106091,2.136774e-02,-1806.130736,329.220497,848.820862,0.204,6.149,0.019,0.000,0.000,0.000
2116,2.116000,611528.053763,-1318284.612395,-706756.558633,2.137404e-02,-1806.428586,328.930535,849.480910,0.194,7.647,0.019,0.000,0.000,0.000
2117,2.117000,611543.741442,-1318296.541755,-706752.800314,2.137924e-02,-1806.790940,328.378930,849.883239,0.184,4.601,0.019,0.000,0.000,0.000
2118,2.118000,611559.888918,-1318308.891885,-706749.002967,2.138450e-02,-1807.331680,328.064794,850.038042,0.182,10.632,0.018,0.000,0.000,0.000
2119,2.119000,611576.491077,-1318321.678928,-706745.187851,2.138979e-02,-1807.770257,327.577103,850.411143,0.193,3.130,0.018,0.000,0.000,0.000
2120,2.120000,611593.843002,-1318334.922438,-706741.079435,2.139547e-02,-1808.011269,326.902930,851.071838,0.190,9.228,0.022,0.000,0.000,0.000
2121,2.121000,611612.124584,-1318348.676673,-706736.552089,2.140174e-02,-1808.059526,325.967788,851.867734,0.182,4.325,0.020,0.000,0.000,0.000
2122,2.122000,611630.761485,-1318362.943826,-706732.182341,2.140779e-02,-1808.004966,324.184281,853.415600,0.189,7.634,0.019,0.000,0.000,0.000
2123,2.123000,611649.545092,-1318377.543844,-706727.998753,2.141359e-02,-1808.086018,322.715837,854.822933,0.209,9.126,0.021,0.000,0.000,0.000
2124,2.124000,611668.682084,-1318392.749293,-706724.067209,2.141903e-02,-1808.248582,322.210956,855.401929,0.240,4.679,0.027,0.000,0.000,0.000
2125,2.125000,611688.446788,-1318408.515816,-706720.069027,2.142457e-02,-1808.437653,321.449931,855.971872,0.239,10.693,0.032,0.000,0.000,0.000
2126,2.126000,611709.037746,-1318424.780931,-706715.743186,2.143056e-02,-1808.478718,320.560237,856.207442,0.231,3.106,0.024,0.000,0.000,0.000
2127,2.127000,611729.829726,-1318441.494578,-706711.664852,2.143620e-02,-1808.313941,319.634975,856.083917,0.210,9.222,0.019,0.000,0.000,0.000
2128,2.128000,611751.439400,-1318458.573806,-706707.134406,2.144248e-02,-1808.307273,318.842642,856.115826,0.204,4.561,0.019,0.000,0.000,0.000
2129,2.129000,611774.095885,-1318476.022559,-706701.926674,2.144969e-02,-1808.167480,318.280017,856.378312,0.228,9.231,0.020,0.000,0.000,0.000
2130,2.130000,611795.864355,-1318493.684119,-706697.819764,2.145537e-02,-1808.116481,317.629198,856.729490,0.202,9.143,0.020,0.000,0.000,0.000
2131,2.131000,611817.750135,-1318511.577813,-706693.827679,2.146090e-02,-1808.556093,317.226778,856.933005,0.203,4.692,0.022,0.000,0.000,0.000
2132,2.132000,611839.775330,-1318529.720183,-706689.944853,2.146628e-02,-1808.338167,316.383618,857.342528,0.190,9.038,0.022,0.000,0.000,0.000
2133,2.133000,611861.368725,-1318547.983540,-706686.614815,2.147089e-02,-1807.889785,315.375757,857.827633,0.188,3.106,0.019,0.000,0.000,0.000
2134,2.134000,611883.496312,-1318566.510635,-706683.014323,2.147588e-02,-1808.004283,314.806829,857.927149,0.186,8.693,0.018,0.000,0.000,0.000
2135,2.135000,611905.486246,-1318585.258297,-706679.772051,2.148037e-02,-1808.307814,313.820096,858.176226,0.221,4.688,0.019,0.000,0.000,0.000
2136,2.136000,611927.589364,-1318604.188551,-706676.599188,2.148476e-02,-1808.807518,312.701344,858.396384,0.204,9.229,0.019,0.000,0.000,0.000
2137,2.137000,611949.210436,-1318623.212780,-706674.002344,2.148835e-02,-1809.270649,311.900937,858.846495,0.193,4.695,0.019,0.000,0.000,0.000
2138,2.138000,611970.847443,-1318642.277637,-706671.430193,2.149192e-02,-1809.518393,311.105824,859.699453,0.207,9.138,0.024,0.000,0.000,0.000
2139,2.139000,611993.799134,-1318661.511290,-706667.712156,2.149706e-02,-1809.634689,310.245180,860.554642,0.188,10.718,0.019,0.000,0.000,0.000
2140,2.140000,612017.576320,-1318680.896185,-706663.319865,2.150315e-02,-1809.730756,309.413317,861.666734,0.199,3.102,0.022,0.000,0.000,0.000
2141,2.141000,612041.405748,-1318700.381527,-706658.975779,2.150916e-02,-1809.824743,308.552766,862.764596,0.186,6.197,0.018,0.000,0.000,0.000
2142,2.142000,612065.072992,-1318719.988953,-706654.915961,2.151478e-02,-1809.928577,307.640308,863.709610,0.186,6.189,0.018,0.000,0.000,0.000
2143,2.143000,612088.997977,-1318739.697278,-706650.699301,2.152062e-02,-1809.929668,306.907878,864.419835,0.186,7.032,0.018,0.000,0.000,0.000
2144,2.144000,612113.202551,-1318759.600629,-706646.398077,2.152658e-02,-1809.994040,306.287401,864.691378,0.185,4.663,0.019,0.000,0.000,0.000
2145,2.145000,612137.421985,-1318779.682277,-706642.260292,2.153231e-02,-1810.335272,305.405607,865.071247,0.186,10.705,0.017,0.000,0.000,0.000
2146,2.146000,612161.039335,-1318799.808835,-706638.769500,2.153714e-02,-1810.529843,304.655389,865.441343,0.212,3.099,0.019,0.000,0.000,0.000
2147,2.147000,612184.858107,-1318820.084455,-706635.226348,2.154205e-02,-1810.385914,304.333079,865.585835,0.195,9.170,0.027,0.000,0.000,0.000
2148,2.148000,612208.700270,-1318840.561715,-706631.861445,2.154671e-02,-1810.136385,303.960145,865.616994,0.290,3.151,0.047,0.000,0.000,0.000
2149,2.149000,612233.718684,-1318861.293568,-706627.574885,2.155264e-02,-1809.906346,303.507104,865.735260,0.278,7.663,0.052,0.000,0.000,0.000
2150,2.150000,612258.817749,-1318882.210085,-706623.392335,2.155843e-02,-1809.718157,303.327544,865.855181,0.310,8.880,0.043,0.000,0.000,0.000
2151,2.151000,612282.339758,-1318903.438037,-706621.098280,2.156161e-02,-1809.569137,303.146411,865.714311,0.242,9.223,0.025,0.000,0.000,0.000
2152,2.152000,612306.757205,-1318925.013845,-706618.256640,2.156554e-02,-1809.435356,302.751330,865.546021,0.220,4.624,0.025,0.000,0.000,0.000
2153,2.153000,612332.362920,-1318946.986905,-706614.623986,2.157057e-02,-1809.344399,302.575056,865.435399,0.239,9.211,0.023,0.000,0.000,0.000
2154,2.154000,612358.575401,-1318969.439552,-706610.864151,2.157578e-02,-1809.317464,302.627205,865.679752,0.224,9.251,0.022,0.000,0.000,0.000
2155,2.155000,612383.997859,-1318992.402431,-706608.404572,2.157919e-02,-1809.233314,302.653298,866.494838,0.210,4.275,0.022,0.000,0.000,0.000
2156,2.156000,612409.649850,-1319015.810858,-706606.161008,2.158229e-02,-1809.176829,302.584121,867.049224,0.202,8.820,0.021,0.000,0.000,0.000
2157,2.157000,612437.248961,-1319039.804801,-706602.555839,2.158728e-02,-1809.197438,302.619244,867.092876,0.201,4.189,0.019,0.000,0.000,0.000
2158,2.158000,612465.035289,-1319064.423540,-706599.388252,2.159167e-02,-1808.358343,302.700736,866.842191,0.201,8.881,0.019,0.000,0.000,0.000
2159,2.159000,612491.777118,-1319089.533639,-706597.756521,2.159393e-02,-1806.704222,302.782166,866.723742,0.189,3.088,0.020,0.000,0.000,0.000
2160,2.160000,612518.622145,-1319115.018638,-706596.396493,2.159581e-02,-1805.863418,302.998916,866.734901,0.197,10.738,0.018,0.000,0.000,0.000
2161,2.161000,612547.072914,-1319141.157164,-706594.084249,2.159901e-02,-1805.591272,303.213194,866.454263,0.202,9.218,0.021,0.000,0.000,0.000
2162,2.162000,612576.877119,-1319167.896335,-706591.019216,2.160326e-02,-1805.350199,303.362338,866.486414,0.196,4.604,0.020,0.000,0.000,0.000
2163,2.163000,612607.272953,-1319195.249217,-706587.976265,2.160747e-02,-1805.168121,303.339823,867.030315,0.195,10.731,0.020,0.000,0.000,0.000
2164,2.164000,612637.669137,-1319223.056323,-706585.387186,2.161106e-02,-1804.800409,303.681934,867.477361,0.224,4.614,0.020,0.000,0.000,0.000
2165,2.165000,612668.036306,-1319251.299178,-706583.262872,2.161400e-02,-1804.468114,304.164638,867.742750,0.228,9.204,0.025,0.000,0.000,0.000
2166,2.166000,612698.705237,-1319279.892947,-706581.187710,2.161687e-02,-1804.112938,304.239784,868.325254,0.204,4.686,0.021,0.000,0.000,0.000
2167,2.167000,612729.965732,-1319308.864695,-706578.898963,2.162004e-02,-1803.742921,304.253246,869.064532,0.201,9.148,0.019,0.000,0.000,0.000
2168,2.168000,612762.077898,-1319338.102581,-706576.024683,2.162402e-02,-1803.683739,304.432939,869.534526,0.199,4.689,0.019,0.000,0.000,0.000
2169,2.169000,612794.271857,-1319367.770407,-706573.498550,2.162752e-02,-1804.117420,305.072649,869.135055,0.205,9.135,0.023,0.000,0.000,0.000
2170,2.170000,612826.032421,-1319397.591177,-706571.558757,2.163020e-02,-1804.637900,305.453815,869.189900,0.192,9.252,0.019,0.000,0.000,0.000
2171,2.171000,612858.971863,-1319427.589737,-706568.617874,2.163428e-02,-1804.946112,305.551750,869.631393,0.197,3.102,0.018,0.000,0.000,0.000
2172,2.172000,612892.908004,-1319457.901068,-706564.993064,2.163930e-02,-1805.184459,305.749307,869.699370,0.205,9.042,0.021,0.000,0.000,0.000
2173,2.173000,612926.812188,-1319488.460461,-706561.648273,2.164393e-02,-1805.280710,306.038918,870.277372,0.193,4.679,0.019,0.000,0.000,0.000
2174,2.174000,612961.091071,-1319518.996117,-706557.905046,2.164911e-02,-1805.701580,306.942652,870.102748,0.190,9.218,0.019,0.000,0.000,0.000
2175,2.175000,612995.662982,-1319549.424756,-706553.761775,2.165485e-02,-1806.162251,307.603554,869.815347,0.235,7.676,0.032,0.000,0.000,0.000
2176,2.176000,613029.922797,-1319580.014042,-706550.091244,2.165993e-02,-1806.767576,308.767435,869.207283,0.209,4.397,0.023,0.000,0.000,0.000
2177,2.177000,613063.928984,-1319610.375331,-706546.446347,2.166498e-02,-1808.175245,310.876119,867.414707,0.203,10.731,0.020,0.000,0.000,0.000
2178,2.178000,613097.819072,-1319640.498362,-706542.679290,2.167019e-02,-1808.970528,311.828875,866.555479,0.206,3.101,0.020,0.000,0.000,0.000
2179,2.179000,613131.996895,-1319670.800251,-706538.803356,2.167556e-02,-1809.032125,311.848884,866.648418,0.194,9.208,0.023,0.000,0.000,0.000
2180,2.180000,613166.267004,-1319701.219872,-706534.952868,2.168089e-02,-1809.180254,312.206466,866.593547,0.186,4.682,0.021,0.000,0.000,0.000
2181,2.181000,613200.949380,-1319731.705961,-706530.756581,2.168670e-02,-1809.291390,312.762651,866.467439,0.183,9.218,0.018,0.000,0.000,0.000
2182,2.182000,613236.248370,-1319762.229313,-706525.980943,2.169332e-02,-1809.058873,313.170445,866.210495,0.195,7.617,0.019,0.000,0.000,0.000
2183,2.183000,613271.467628,-1319792.803145,-706521.335517,2.169975e-02,-1808.687101,313.430720,865.957780,0.182,4.356,0.018,0.000,0.000,0.000
2184,2.184000,613306.519287,-1319823.367226,-706516.847939,2.170596e-02,-1808.293668,313.603339,865.913984,0.184,10.675,0.020,0.000,0.000,0.000
2185,2.185000,613341.447000,-1319853.962396,-706512.515396,2.171196e-02,-1807.789819,313.651353,865.879117,0.194,4.684,0.020,0.000,0.000,0.000
2186,2.186000,613376.209629,-1319884.612909,-706508.403280,2.171765e-02,-1807.379340,313.888083,865.662768,0.186,9.088,0.018,0.000,0.000,0.000
2187,2.187000,613410.952047,-1319915.292556,-706504.340509,2.172328e-02,-1807.749660,314.739796,864.267072,0.181,4.616,0.019,0.000,0.000,0.000
2188,2.188000,613445.022961,-1319945.764872,-706500.741911,2.172826e-02,-1808.315761,315.163939,862.975575,0.179,9.144,0.018,0.000,0.000,0.000
2189,2.189000,613479.349748,-1319976.410693,-706497.060945,2.173336e-02,-1807.806766,314.762949,862.678871,0.180,9.130,0.020,0.000,0.000,0.000
2190,2.190000,613513.030733,-1320007.155363,-706494.124630,2.173743e-02,-1807.169037,314.526763,862.365359,0.181,3.102,0.018,0.000,0.000,0.000
2191,2.191000,613545.853233,-1320038.035151,-706492.181918,2.174012e-02,-1806.620938,314.177509,862.123284,0.232,9.176,0.023,0.000,0.000,0.000
2192,2.192000,613579.162795,-1320069.013575,-706489.850780,2.174334e-02,-1806.244174,314.050947,861.864957,0.209,3.101,0.058,0.000,0.000,0.000
2193,2.193000,613612.991976,-1320100.177794,-706487.185818,2.174703e-02,-1806.210529,314.116577,861.693064,0.198,9.232,0.019,0.000,0.000,0.000
2194,2.194000,613647.243556,-1320131.517232,-706484.273676,2.175107e-02,-1806.143879,314.026303,861.914074,0.203,9.228,0.022,0.000,0.000,0.000
2195,2.195000,613681.613104,-1320163.044857,-706481.431753,2.175500e-02,-1806.100459,314.086948,862.206814,0.201,4.677,0.027,0.000,0.000,0.000
2196,2.196000,613715.402679,-1320194.758190,-706479.355511,2.175788e-02,-1805.952892,314.013130,862.327849,0.186,9.238,0.019,0.000,0.000,0.000
2197,2.197000,613750.605851,-1320226.650147,-706476.044296,2.176246e-02,-1805.743161,313.946111,862.611939,0.195,4.521,0.024,0.000,0.000,0.000
2198,2.198000,613787.456741,-1320258.731461,-706471.274719,2.176907e-02,-1805.385790,313.940393,862.879887,0.200,8.742,0.022,0.000,0.000,0.000
2199,2.199000,613824.041704,-1320290.938852,-706466.897148,2.177513e-02,-1805.069224,313.967086,862.807099,0.187,3.101,0.059,0.000,0.000,0.000
2200,2.200000,613860.669544,-1320323.274321,-706462.604778,2.178107e-02,-1804.869887,313.862171,862.812800,0.191,9.136,0.026,0.000,0.000,0.000
2201,2.201000,613897.336582,-1320355.765570,-706458.428988,2.178685e-02,-1804.787027,313.784232,863.132992,0.190,9.159,0.022,0.000,0.000,0.000
2202,2.202000,613933.400301,-1320388.386721,-706454.986420,2.179162e-02,-1804.423050,313.840756,863.044544,0.191,4.691,0.020,0.000,0.000,0.000
2203,2.203000,613969.082420,-1320420.978695,-706451.896275,2.179590e-02,-1804.096886,313.896745,862.577801,0.200,9.225,0.019,0.000,0.000,0.000
2204,2.204000,614005.600223,-1320453.659340,-706448.059117,2.180121e-02,-1804.159004,314.041111,862.261848,0.222,4.605,0.028,0.000,0.000,0.000
2205,2.205000,614042.257929,-1320486.506211,-706444.248282,2.180649e-02,-1804.266805,314.077792,861.930232,0.244,8.746,0.030,0.000,0.000,0.000
2206,2.206000,614078.715210,-1320519.428198,-706440.712988,2.181138e-02,-1804.530012,314.102877,861.568045,0.292,9.225,0.042,0.000,0.000,0.000
2207,2.207000,614115.678495,-1320552.401385,-706436.722890,2.181691e-02,-1804.578749,313.947711,861.509117,0.254,3.102,0.025,0.000,0.000,0.000
2208,2.208000,614152.910756,-1320585.557248,-706432.646492,2.182255e-02,-1804.433111,313.559986,861.785816,0.222,6.149,0.021,0.000,0.000,0.000
2209,2.209000,614189.746626,-1320618.868045,-706429.121419,2.182743e-02,-1804.500046,313.392039,861.930704,0.256,6.216,0.020,0.000,0.000,0.000
2210,2.210000,614225.342981,-1320652.340221,-706426.997240,2.183038e-02,-1804.390336,313.078955,861.914158,0.207,7.702,0.020,0.000,0.000,0.000
2211,2.211000,614260.592082,-1320685.964535,-706425.372453,2.183263e-02,-1803.622017,312.599551,861.985820,0.209,9.192,0.020,0.000,0.000,0.000
2212,2.212000,614296.489124,-1320719.692627,-706423.203504,2.183563e-02,-1803.003045,312.486850,861.993033,0.207,4.662,0.020,0.000,0.000,0.000
2213,2.213000,614332.265041,-1320753.616967,-706421.351926,2.183819e-02,-1802.183971,312.635284,861.933163,0.198,10.374,0.021,0.000,0.000,0.000
2214,2.214000,614367.817913,-1320787.578794,-706419.760881,2.184040e-02,-1801.310393,312.663335,861.931303,0.220,4.633,0.028,0.000,0.000,0.000
2215,2.215000,614404.533454,-1320821.754517,-706417.221063,2.184391e-02,-1800.898269,312.605812,862.345905,0.232,9.168,0.024,0.000,0.000,0.000
2216,2.216000,614442.090175,-1320856.003911,-706413.913736,2.184849e-02,-1799.141807,312.935000,862.213009,0.215,4.620,0.022,0.000,0.000,0.000
2217,2.217000,614479.281742,-1320889.987855,-706410.706113,2.185293e-02,-1797.374624,313.213527,861.845230,0.207,9.230,0.020,0.000,0.000,0.000
2218,2.218000,614516.497103,-1320924.182353,-706407.685250,2.185712e-02,-1795.922861,313.451529,861.393211,0.240,3.099,0.018,0.000,0.000,0.000
2219,2.219000,614554.228172,-1320958.290657,-706404.062486,2.186213e-02,-1793.634643,314.190886,860.313942,0.198,9.062,0.022,0.000,0.000,0.000
2220,2.220000,614591.625749,-1320992.359888,-706400.734139,2.186674e-02,-1791.912664,314.410554,859.825079,0.205,9.166,0.020,0.000,0.000,0.000
2221,2.221000,614629.013322,-1321026.656305,-706397.642983,2.187102e-02,-1791.194729,314.387664,859.925704,0.203,3.091,0.024,0.000,0.000,0.000
2222,2.222000,614667.438184,-1321061.146269,-706393.708085,2.187647e-02,-1790.010024,315.072316,859.579215,0.190,9.218,0.020,0.000,0.000,0.000
2223,2.223000,614705.779435,-1321095.695070,-706389.915635,2.188172e-02,-1788.789708,315.768097,859.214869,0.189,4.619,0.018,0.000,0.000,0.000
2224,2.224000,614744.251235,-1321130.534999,-706386.283764,2.188675e-02,-1788.572228,316.257909,859.431734,0.187,9.221,0.018,0.000,0.000,0.000
2225,2.225000,614783.494050,-1321165.641552,-706382.147502,2.189248e-02,-1788.374013,316.759667,859.727053,0.197,9.176,0.028,0.000,0.000,0.000
2226,2.226000,614823.570292,-1321201.074380,-706377.504088,2.189891e-02,-1788.282649,317.064799,859.858336,0.200,4.650,0.027,0.000,0.000,0.000
2227,2.227000,614863.406008,-1321237.096215,-706373.690207,2.190419e-02,-1788.178578,317.057678,859.921685,0.200,9.226,0.022,0.000,0.000,0.000
2228,2.228000,614902.903250,-1321273.640480,-706370.737229,2.190828e-02,-1787.595950,316.921391,860.378377,0.194,3.096,0.019,0.000,0.000,0.000
2229,2.229000,614942.153548,-1321310.670164,-706368.516616,2.191135e-02,-1786.870898,316.808923,860.727704,0.180,9.205,0.019,0.000,0.000,0.000
2230,2.230000,614981.450166,-1321348.154716,-706366.704551,2.191386e-02,-1785.605132,317.117615,860.044987,0.184,4.673,0.018,0.000,0.000,0.000
2231,2.231000,615021.399384,-1321386.002065,-706364.602681,2.191677e-02,-1784.670526,317.655495,859.453249,0.225,9.241,0.027,0.000,0.000,0.000
2232,2.232000,615062.428586,-1321424.464455,-706362.035869,2.192033e-02,-1784.574984,318.075517,859.521583,0.204,9.152,0.019,0.000,0.000,0.000
2233,2.233000,615105.043461,-1321463.474159,-706358.430698,2.192532e-02,-1784.532253,318.399857,859.660954,0.190,3.109,0.026,0.000,0.000,0.000
2234,2.234000,615148.716756,-1321503.059083,-706354.342326,2.193098e-02,-1784.556305,318.640578,859.816858,0.223,9.162,0.023,0.000,0.000,0.000
2235,2.235000,615192.456607,-1321543.205609,-706350.749003,2.193595e-02,-1784.753075,319.029499,859.743958,0.190,4.688,0.019,0.000,0.000,0.000
2236,2.236000,615236.571603,-1321583.871216,-706347.299613,2.194073e-02,-1785.288602,319.443771,859.713129,0.200,9.212,0.022,0.000,0.000,0.000
2237,2.237000,615280.729145,-1321625.014376,-706344.285231,2.194490e-02,-1785.094109,319.841205,859.557114,0.193,8.770,0.020,0.000,0.000,0.000
2238,2.238000,615324.506908,-1321666.371223,-706341.864315,2.194826e-02,-1784.869448,320.772519,859.002122,0.193,4.679,0.018,0.000,0.000,0.000
2239,2.239000,615368.441306,-1321708.047434,-706339.606128,2.195138e-02,-1784.907146,321.538796,858.611525,0.181,9.240,0.019,0.000,0.000,0.000
2240,2.240000,615412.491669,-1321750.002417,-706337.510748,2.195428e-02,-1784.692433,321.602389,858.951048,0.202,4.671,0.025,0.000,0.000,0.000
2241,2.241000,615456.787808,-1321792.089274,-706335.301466,2.195734e-02,-1784.474743,321.798465,859.301899,0.203,9.229,0.022,0.000,0.000,0.000
2242,2.242000,615501.577411,-1321834.349641,-706332.772230,2.196085e-02,-1784.329505,322.316185,859.633852,0.192,3.105,0.019,0.000,0.000,0.000
2243,2.243000,615546.685466,-1321876.606770,-706329.921303,2.196479e-02,-1784.450288,323.027834,859.664582,0.183,4.614,0.018,0.000,0.000,0.000
2244,2.244000,615592.298199,-1321918.927791,-706326.629592,2.196935e-02,-1784.619286,323.651034,859.288114,0.182,5.955,0.018,0.000,0.000,0.000
2245,2.245000,615637.638220,-1321961.354899,-706323.716679,2.197338e-02,-1784.717720,324.376195,859.190075,0.217,6.129,0.022,0.000,0.000,0.000
2246,2.246000,615682.567428,-1322003.790040,-706321.222612,2.197684e-02,-1784.612331,325.252943,859.285747,0.218,10.643,0.026,0.000,0.000,0.000
2247,2.247000,615728.503568,-1322046.203370,-706317.699802,2.198172e-02,-1784.463704,325.672124,859.486221,0.230,9.086,0.023,0.000,0.000,0.000
2248,2.248000,615773.524279,-1322088.677590,-706315.153311,2.198524e-02,-1784.170192,326.151212,861.089648,0.216,4.365,0.023,0.000,0.000,0.000
2249,2.249000,615817.458261,-1322130.878569,-706313.420308,2.198764e-02,-1784.008414,327.078553,862.424124,0.203,8.916,0.019,0.000,0.000,0.000
2250,2.250000,615863.066862,-1322173.080670,-706310.013807,2.199236e-02,-1784.588499,327.927056,862.760140,0.194,4.731,0.025,0.000,0.000,0.000
2251,2.251000,615909.911485,-1322215.259756,-706305.348271,2.199882e-02,-1785.463095,328.692756,863.753717,0.196,9.147,0.020,0.000,0.000,0.000
2252,2.252000,615957.140467,-1322257.409891,-706300.269424,2.200585e-02,-1786.157315,329.723496,864.058821,0.193,3.088,0.020,0.000,0.000,0.000
2253,2.253000,616004.396697,-1322299.619620,-706295.222923,2.201284e-02,-1786.169148,331.754354,865.711811,0.211,9.157,0.025,0.000,0.000,0.000
2254,2.254000,616049.459677,-1322341.379775,-706291.920098,2.201741e-02,-1786.345295,334.105296,868.091000,0.223,9.166,0.024,0.000,0.000,0.000
2255,2.255000,616094.960692,-1322383.054528,-706288.093836,2.202271e-02,-1786.957003,335.410272,869.965325,0.218,4.712,0.024,0.000,0.000,0.000
2256,2.256000,616143.168734,-1322424.587422,-706281.418687,2.203195e-02,-1787.919435,336.630264,871.939083,0.202,7.656,0.019,0.000,0.000,0.000
2257,2.257000,616189.134834,-1322465.996063,-706276.861229,2.203826e-02,-1788.717087,337.817477,873.115721,0.201,4.689,0.021,0.000,0.000,0.000
2258,2.258000,616233.128286,-1322507.475995,-706274.347709,2.204174e-02,-1789.008089,338.769364,874.507648,0.196,9.222,0.019,0.000,0.000,0.000
2259,2.259000,616277.144220,-1322548.837548,-706271.693328,2.204542e-02,-1789.739755,339.786331,875.856607,0.195,9.231,0.020,0.000,0.000,0.000
2260,2.260000,616321.738117,-1322590.191513,-706268.453395,2.204991e-02,-1790.519861,340.499449,876.886427,0.188,4.678,0.018,0.000,0.000,0.000
2261,2.261000,616366.354276,-1322631.545506,-706265.191230,2.205442e-02,-1791.040951,341.232844,877.991410,0.217,10.293,0.021,0.000,0.000,0.000
2262,2.262000,616409.734141,-1322672.925715,-706263.191574,2.205719e-02,-1791.250170,342.045833,878.936441,0.186,3.097,0.019,0.000,0.000,0.000
2263,2.263000,616453.992207,-1322714.318619,-706260.326412,2.206116e-02,-1790.636563,342.821181,879.968326,0.183,9.209,0.018,0.000,0.000,0.000
2264,2.264000,616499.198878,-1322755.597989,-706256.399111,2.206660e-02,-1789.290594,343.529232,880.145677,0.185,4.678,0.019,0.000,0.000,0.000
2265,2.265000,616543.882574,-1322796.977659,-706253.095085,2.207117e-02,-1788.806947,344.199603,880.258142,0.184,9.293,0.018,0.000,0.000,0.000
2266,2.266000,616587.828227,-1322838.400291,-706250.572064,2.207467e-02,-1789.362134,344.667623,881.341491,0.191,9.158,0.018,0.000,0.000,0.000
2267,2.267000,616632.500472,-1322879.949414,-706247.448942,2.207899e-02,-1789.841208,345.003354,882.665198,0.216,4.691,0.018,0.000,0.000,0.000
2268,2.268000,616677.791677,-1322921.546610,-706243.754933,2.208411e-02,-1790.174609,345.914831,884.018040,0.180,9.213,0.019,0.000,0.000,0.000
2269,2.269000,616722.805299,-1322963.079903,-706240.274604,2.208892e-02,-1790.396000,346.734415,885.093704,0.181,3.093,0.019,0.000,0.000,0.000
2270,2.270000,616767.922424,-1323004.748157,-706236.825733,2.209370e-02,-1790.496930,347.121955,886.595918,0.198,8.914,0.023,0.000,0.000,0.000
2271,2.271000,616813.376978,-1323046.405918,-706233.028940,2.209896e-02,-1790.357905,347.388441,887.837755,0.231,4.698,0.024,0.000,0.000,0.000
2272,2.272000,616858.241392,-1323088.240070,-706229.998679,2.210315e-02,-1789.808589,347.677299,887.754930,0.205,9.156,0.020,0.000,0.000,0.000
2273,2.273000,616903.493694,-1323130.038267,-706226.544572,2.210794e-02,-1789.640788,347.830474,887.939101,0.208,9.177,0.021,0.000,0.000,0.000
2274,2.274000,616949.846390,-1323171.627233,-706221.780842,2.211453e-02,-1789.717069,347.339114,888.099701,0.198,3.089,0.021,0.000,0.000,0.000
2275,2.275000,616995.657637,-1323213.254519,-706217.596882,2.212033e-02,-1789.430292,346.699447,887.679499,0.204,9.219,0.021,0.000,0.000,0.000
2276,2.276000,617042.653205,-1323254.930245,-706212.277040,2.212769e-02,-1789.624956,346.607925,889.449941,0.201,3.112,0.025,0.000,0.000,0.000
2277,2.277000,617088.871146,-1323296.133433,-706207.262287,2.213464e-02,-1790.609046,347.144731,892.965094,0.183,9.202,0.019,0.000,0.000,0.000
2278,2.278000,617133.844554,-1323336.997254,-706203.152700,2.214033e-02,-1791.620209,347.916648,896.391093,0.183,9.123,0.021,0.000,0.000,0.000
2279,2.279000,617179.343228,-1323377.497778,-706198.154551,2.214725e-02,-1792.508247,348.764583,899.570803,0.182,4.608,0.019,0.000,0.000,0.000
2280,2.280000,617224.192790,-1323417.742897,-706193.550107,2.215362e-02,-1793.216639,349.390775,902.065662,0.182,9.210,0.019,0.000,0.000,0.000
2281,2.281000,617268.931569,-1323457.795025,-706188.863456,2.216011e-02,-1793.824524,351.238509,903.529212,0.179,4.689,0.019,0.000,0.000,0.000
2282,2.282000,617313.773233,-1323497.571590,-706183.798357,2.216713e-02,-1793.265470,354.205474,904.153028,0.197,9.156,0.021,0.000,0.000,0.000
2283,2.283000,617357.842760,-1323536.864013,-706179.021253,2.217374e-02,-1792.160044,355.583291,904.326159,0.186,9.205,0.020,0.000,0.000,0.000
2284,2.284000,617401.452943,-1323576.210123,-706174.757180,2.217964e-02,-1792.010539,355.885098,904.707288,0.225,4.139,0.027,0.000,0.000,0.000
2285,2.285000,617445.524669,-1323615.472646,-706169.947977,2.218630e-02,-1792.506619,356.775119,905.761036,0.242,9.183,0.022,0.000,0.000,0.000
2286,2.286000,617489.783272,-1323654.524899,-706164.741627,2.219351e-02,-1793.047854,357.314068,906.441475,0.219,4.702,0.018,0.000,0.000,0.000
2287,2.287000,617532.568680,-1323693.380333,-706160.811653,2.219895e-02,-1793.232321,357.513968,907.362776,0.201,9.136,0.021,0.000,0.000,0.000
2288,2.288000,617573.968043,-1323731.982978,-706158.014936,2.220283e-02,-1793.362068,358.122840,908.927852,0.232,3.092,0.025,0.000,0.000,0.000
2289,2.289000,617614.592707,-1323770.278679,-706155.685973,2.220605e-02,-1793.412807,358.779486,910.288828,0.206,9.164,0.020,0.000,0.000,0.000
2290,2.290000,617655.069704,-1323808.308967,-706153.239263,2.220944e-02,-1793.479174,359.252101,911.408297,0.199,9.226,0.024,0.000,0.000,0.000
2291,2.291000,617696.340707,-1323846.064731,-706149.724024,2.221431e-02,-1794.047971,361.113315,913.451348,0.187,3.087,0.019,0.000,0.000,0.000
2292,2.292000,617737.898790,-1323883.004489,-706145.105699,2.222070e-02,-1795.912142,364.834500,916.206395,0.188,9.046,0.019,0.000,0.000,0.000
2293,2.293000,617777.770617,-1323919.231774,-706141.461156,2.222575e-02,-1796.777656,367.424209,917.328198,0.187,4.689,0.020,0.000,0.000,0.000
2294,2.294000,617816.881824,-1323955.053211,-706138.171388,2.223030e-02,-1795.851782,368.727001,917.420458,0.191,7.606,0.018,0.000,0.000,0.000
2295,2.295000,617856.315956,-1323990.427989,-706134.112034,2.223593e-02,-1795.661789,369.752684,918.661067,0.189,4.662,0.019,0.000,0.000,0.000
2296,2.296000,617896.453361,-1324025.269314,-706128.815953,2.224326e-02,-1796.729543,370.791999,921.694997,0.225,10.733,0.022,0.000,0.000,0.000
2297,2.297000,617936.285896,-1324059.427558,-706123.141663,2.225112e-02,-1797.052316,371.832467,923.927699,0.220,9.125,0.022,0.000,0.000,0.000
2298,2.298000,617975.028941,-1324093.256391,-706118.227450,2.225792e-02,-1796.046749,372.444711,924.770819,0.190,4.691,0.019,0.000,0.000,0.000
2299,2.299000,618014.268475,-1324126.783009,-706112.514534,2.226583e-02,-1797.237537,373.464321,928.102230,0.200,9.154,0.022,0.000,0.000,0.000
2300,2.300000,618052.333143,-1324159.153890,-706106.820747,2.227371e-02,-1798.912518,374.140877,930.732543,0.193,4.618,0.019,0.000,0.000,0.000
2301,2.301000,618090.092911,-1324191.572104,-706101.479193,2.228111e-02,-1798.637334,374.085853,930.576436,0.193,8.797,0.018,0.000,0.000,0.000
2302,2.302000,618127.766822,-1324224.040442,-706096.273620,2.228832e-02,-1798.289171,374.145058,930.475804,0.191,4.260,0.019,0.000,0.000,0.000
2303,2.303000,618165.275897,-1324256.581436,-706091.305538,2.229520e-02,-1797.834950,374.328416,930.281865,0.193,9.075,0.019,0.000,0.000,0.000
2304,2.304000,618202.735894,-1324289.182335,-706086.446440,2.230193e-02,-1796.547143,374.687028,931.491311,0.194,8.855,0.019,0.000,0.000,0.000
2305,2.305000,618239.733766,-1324321.623575,-706081.889809,2.230824e-02,-1795.157507,374.747146,932.792441,0.191,3.112,0.019,0.000,0.000,0.000
2306,2.306000,618281.026831,-1324354.073651,-706073.046820,2.232048e-02,-1796.559989,375.057874,935.267437,0.191,5.682,0.020,0.000,0.000,0.000
2307,2.307000,618322.681359,-1324385.119290,-706062.437931,2.233517e-02,-1799.985335,376.852263,940.377401,0.187,4.614,0.020,0.000,0.000,0.000
2308,2.308000,618359.737674,-1324415.150557,-706055.412884,2.234490e-02,-1801.470671,378.280978,943.250321,0.181,6.121,0.019,0.000,0.000,0.000
2309,2.309000,618397.377333,-1324445.041581,-706047.664248,2.235563e-02,-1803.425718,379.694791,946.285584,0.184,4.608,0.023,0.000,0.000,0.000
2310,2.310000,618435.769552,-1324473.828146,-706038.058594,2.236893e-02,-1806.592450,382.338427,952.744654,0.179,7.647,0.019,0.000,0.000,0.000
2311,2.311000,618471.401297,-1324501.365542,-706029.964245,2.238014e-02,-1807.733572,383.906675,956.500184,0.177,3.089,0.019,0.000,0.000,0.000
2312,2.312000,618504.768661,-1324528.863248,-706024.094587,2.238826e-02,-1807.875318,384.446453,957.148699,0.232,9.092,0.022,0.000,0.000,0.000
2313,2.313000,618540.615328,-1324556.257618,-706015.642290,2.239997e-02,-1809.945589,386.013247,960.651957,0.232,9.230,0.020,0.000,0.000,0.000
2314,2.314000,618575.935532,-1324582.554953,-706006.619420,2.241246e-02,-1811.860277,387.409856,963.696042,0.199,3.098,0.019,0.000,0.000,0.000
2315,2.315000,618608.370794,-1324608.908738,-706000.537944,2.242088e-02,-1811.696709,387.621242,963.858626,0.188,5.870,0.019,0.000,0.000,0.000
2316,2.316000,618640.294207,-1324635.291426,-705994.997218,2.242855e-02,-1811.544396,387.786988,963.888764,0.196,5.702,0.021,0.000,0.000,0.000
2317,2.317000,618670.460360,-1324661.701784,-705991.241424,2.243375e-02,-1811.495330,387.783657,963.918988,0.192,7.434,0.023,0.000,0.000,0.000
2318,2.318000,618700.658739,-1324688.118686,-705987.459947,2.243899e-02,-1811.414322,387.497074,964.062271,0.193,9.126,0.019,0.000,0.000,0.000
2319,2.319000,618732.047236,-1324714.511256,-705982.464020,2.244591e-02,-1811.185604,387.108093,964.311782,0.183,4.411,0.019,0.000,0.000,0.000
2320,2.320000,618762.841686,-1324740.819429,-705977.977743,2.245212e-02,-1810.886976,386.432839,964.391094,0.191,10.569,0.024,0.000,0.000,0.000
2321,2.321000,618793.897810,-1324766.980191,-705973.082381,2.245890e-02,-1810.668682,385.960449,964.453050,0.219,4.266,0.019,0.000,0.000,0.000
2322,2.322000,618825.396165,-1324792.967687,-705967.571522,2.246653e-02,-1810.469573,385.851413,964.630572,0.197,8.684,0.020,0.000,0.000,0.000
2323,2.323000,618856.675521,-1324818.749853,-705962.074332,2.247414e-02,-1810.293792,385.993828,964.651268,0.181,3.088,0.020,0.000,0.000,0.000
2324,2.324000,618887.484043,-1324844.282793,-705956.798750,2.248145e-02,-1810.164295,386.051672,964.761326,0.181,9.141,0.018,0.000,0.000,0.000
2325,2.325000,618917.524396,-1324869.575578,-705952.051182,2.248802e-02,-1810.054633,385.834389,965.041050,0.188,9.146,0.022,0.000,0.000,0.000
2326,2.326000,618947.484898,-1324894.603386,-705947.118489,2.249485e-02,-1810.040531,385.787787,965.331881,0.221,4.430,0.021,0.000,0.000,0.000
2327,2.327000,618976.117250,-1324919.296654,-705943.179404,2.250030e-02,-1810.265651,386.038519,965.390925,0.241,6.135,0.026,0.000,0.000,0.000
2328,2.328000,619004.649683,-1324943.757111,-705939.107428,2.250594e-02,-1810.297581,386.299281,965.368099,0.231,7.693,0.022,0.000,0.000,0.000
2329,2.329000,619032.613234,-1324967.964437,-705935.351203,2.251114e-02,-1810.278383,386.405974,965.763914,0.226,9.159,0.020,0.000,0.000,0.000
2330,2.330000,619059.977079,-1324991.799094,-705931.822015,2.251603e-02,-1810.232286,386.477216,966.095846,0.212,4.600,0.019,0.000,0.000,0.000
2331,2.331000,619089.043676,-1325015.337034,-705926.293357,2.252369e-02,-1809.961693,386.389430,966.120392,0.208,4.611,0.020,0.000,0.000,0.000
2332,2.332000,619117.018629,-1325038.614873,-705921.596244,2.253019e-02,-1809.794162,386.285369,966.226186,0.202,10.635,0.021,0.000,0.000,0.000
2333,2.333000,619142.796880,-1325061.635401,-705918.838521,2.253401e-02,-1807.895960,384.874917,967.244286,0.191,3.096,0.018,0.000,0.000,0.000
2334,2.334000,619167.695054,-1325083.976573,-705916.281519,2.253755e-02,-1805.501965,383.478168,968.917715,0.204,9.226,0.024,0.000,0.000,0.000
2335,2.335000,619193.547535,-1325105.967699,-705912.420164,2.254290e-02,-1804.741452,383.168935,969.757135,0.219,4.646,0.025,0.000,0.000,0.000
2336,2.336000,619219.785030,-1325127.714018,-705907.928989,2.254911e-02,-1804.055123,382.563607,969.939799,0.250,9.171,0.030,0.000,0.000,0.000
2337,2.337000,619245.901960,-1325149.142416,-705903.240455,2.255561e-02,-1803.457161,382.121764,969.827250,0.244,7.648,0.022,0.000,0.000,0.000
2338,2.338000,619272.156429,-1325170.427487,-705898.271058,2.256249e-02,-1803.354554,381.926972,969.450448,0.218,4.294,0.022,0.000,0.000,0.000
2339,2.339000,619298.872813,-1325191.611820,-705892.739006,2.257015e-02,-1803.354316,381.690191,968.959964,0.213,10.712,0.020,0.000,0.000,0.000
2340,2.340000,619326.595255,-1325212.688824,-705886.093569,2.257935e-02,-1803.305979,381.587397,968.704574,0.202,3.099,0.020,0.000,0.000,0.000
2341,2.341000,619354.608081,-1325233.685249,-705879.077168,2.258906e-02,-1803.159636,381.592965,968.708996,0.226,9.248,0.028,0.000,0.000,0.000
2342,2.342000,619381.644215,-1325254.568366,-705872.924151,2.259758e-02,-1802.937338,381.435919,968.740838,0.204,4.381,0.021,0.000,0.000,0.000
2343,2.343000,619408.253179,-1325275.280823,-705867.027645,2.260575e-02,-1802.732870,381.319081,968.776985,0.202,9.255,0.019,0.000,0.000,0.000
2344,2.344000,619434.788188,-1325295.875294,-705861.087106,2.261398e-02,-1802.562046,381.205699,968.801243,0.211,3.163,0.019,0.000,0.000,0.000
2345,2.345000,619460.480693,-1325316.315429,-705855.834736,2.262125e-02,-1802.157957,380.798130,968.930476,0.201,9.110,0.019,0.000,0.000,0.000
2346,2.346000,619485.931629,-1325336.458548,-705850.526919,2.262860e-02,-1801.630914,380.239876,969.183192,0.217,4.629,0.021,0.000,0.000,0.000
2347,2.347000,619510.156208,-1325356.296670,-705846.140462,2.263467e-02,-1801.161235,379.812194,969.254018,0.228,8.852,0.023,0.000,0.000,0.000
2348,2.348000,619532.981868,-1325375.908880,-705842.927012,2.263912e-02,-1800.796105,379.413559,969.174541,0.208,4.308,0.019,0.000,0.000,0.000
2349,2.349000,619555.633294,-1325395.259723,-705839.626429,2.264369e-02,-1800.599488,379.081239,969.091475,0.234,7.614,0.022,0.000,0.000,0.000
2350,2.350000,619577.193027,-1325414.385332,-705837.192305,2.264706e-02,-1800.485716,378.902915,969.030578,0.212,4.679,0.018,0.000,0.000,0.000
2351,2.351000,619598.383028,-1325433.300588,-705834.917560,2.265021e-02,-1800.125825,378.598094,969.285783,0.198,10.077,0.019,0.000,0.000,0.000
2352,2.352000,619620.290863,-1325451.894763,-705831.603899,2.265480e-02,-1799.692093,378.243714,969.748000,0.214,4.302,0.021,0.000,0.000,0.000
2353,2.353000,619641.393106,-1325470.259857,-705828.866751,2.265859e-02,-1799.490862,378.054971,970.051869,0.220,6.195,0.020,0.000,0.000,0.000
2354,2.354000,619660.042326,-1325488.519941,-705828.477615,2.265913e-02,-1798.270140,377.258231,970.556960,0.241,5.638,0.022,0.000,0.000,0.000
2355,2.355000,619680.376991,-1325506.500541,-705826.123550,2.266239e-02,-1796.930763,376.294749,971.438829,0.200,7.650,0.021,0.000,0.000,0.000
2356,2.356000,619703.577557,-1325524.290094,-705820.712537,2.266988e-02,-1796.449191,375.915725,972.071146,0.200,3.094,0.018,0.000,0.000,0.000
2357,2.357000,619726.324916,-1325541.947759,-705815.622844,2.267693e-02,-1795.942952,375.472861,972.363938,0.200,9.062,0.018,0.000,0.000,0.000
2358,2.358000,619748.579328,-1325559.380837,-705810.801509,2.268360e-02,-1795.646635,375.073445,972.475551,0.200,4.684,0.021,0.000,0.000,0.000
2359,2.359000,619769.670848,-1325576.772335,-705807.101487,2.268873e-02,-1795.555724,374.955023,972.399510,0.188,9.228,0.025,0.000,0.000,0.000
2360,2.360000,619790.040317,-1325594.088392,-705804.048075,2.269296e-02,-1795.355006,374.921750,972.254882,0.189,7.674,0.019,0.000,0.000,0.000
2361,2.361000,619810.680996,-1325611.323751,-705800.642755,2.269767e-02,-1795.002572,374.821984,972.228284,0.184,4.683,0.019,0.000,0.000,0.000
2362,2.362000,619831.101396,-1325628.457443,-705797.356047,2.270222e-02,-1794.612893,374.525591,972.225329,0.204,9.254,0.024,0.000,0.000,0.000
2363,2.363000,619851.044241,-1325645.485702,-705794.441462,2.270626e-02,-1794.190652,374.225650,972.171156,0.185,3.102,0.020,0.000,0.000,0.000
2364,2.364000,619870.747844,-1325662.425389,-705791.677544,2.271008e-02,-1793.884779,374.141248,971.928824,0.199,9.204,0.024,0.000,0.000,0.000
2365,2.365000,619891.531965,-1325679.262499,-705787.730533,2.271555e-02,-1793.543027,374.050357,971.727067,0.195,4.695,0.020,0.000,0.000,0.000
2366,2.366000,619912.254911,-1325696.028787,-705783.773876,2.272103e-02,-1793.025993,373.682482,971.564676,0.200,9.137,0.019,0.000,0.000,0.000
2367,2.367000,619931.784591,-1325712.732287,-705780.947697,2.272494e-02,-1792.528496,373.189976,971.312379,0.225,4.408,0.022,0.000,0.000,0.000
2368,2.368000,619951.623404,-1325729.388490,-705777.765086,2.272935e-02,-1792.023659,372.803129,971.172003,0.229,9.163,0.023,0.000,0.000,0.000
2369,2.369000,619971.834933,-1325745.993178,-705774.158245,2.273434e-02,-1791.532622,372.407106,971.037054,0.211,4.319,0.020,0.000,0.000,0.000
2370,2.370000,619991.777548,-1325762.547919,-705770.770371,2.273903e-02,-1791.044060,372.026979,971.006166,0.198,8.740,0.018,0.000,0.000,0.000
2371,2.371000,620011.659783,-1325779.025405,-705767.365622,2.274375e-02,-1790.710768,371.930261,971.204800,0.209,4.699,0.022,0.000,0.000,0.000
2372,2.372000,620031.792173,-1325795.411327,-705763.619153,2.274894e-02,-1790.559906,371.916652,971.591440,0.191,7.655,0.026,0.000,0.000,0.000
2373,2.373000,620051.808017,-1325811.682505,-705759.874488,2.275412e-02,-1790.367580,371.777565,971.846798,0.201,4.702,0.020,0.000,0.000,0.000
2374,2.374000,620071.978851,-1325827.889668,-705755.910817,2.275961e-02,-1790.209029,371.381674,971.986723,0.213,9.142,0.023,0.000,0.000,0.000
2375,2.375000,620091.951793,-1325843.857136,-705751.905342,2.276516e-02,-1789.976535,371.037522,971.981203,0.227,9.159,0.021,0.000,0.000,0.000
2376,2.376000,620110.635355,-1325859.610481,-705748.975126,2.276921e-02,-1789.650302,370.973309,971.673357,0.226,4.617,0.019,0.000,0.000,0.000
2377,2.377000,620128.492215,-1325875.205645,-705746.713429,2.277235e-02,-1789.243130,370.891428,971.445935,0.194,8.873,0.022,0.000,0.000,0.000
2378,2.378000,620146.554746,-1325890.604847,-705744.050102,2.277603e-02,-1788.715642,370.809401,971.429447,0.221,4.248,0.020,0.000,0.000,0.000
2379,2.379000,620165.344179,-1325905.811575,-705740.467396,2.278099e-02,-1788.128694,370.584970,971.423265,0.229,7.656,0.018,0.000,0.000,0.000
2380,2.380000,620184.457534,-1325920.772801,-705736.315267,2.278674e-02,-1787.442276,370.068760,971.134911,0.194,9.208,0.020,0.000,0.000,0.000
2381,2.381000,620202.603831,-1325935.442587,-705732.838756,2.279156e-02,-1786.914623,369.594881,970.570731,0.201,4.676,0.018,0.000,0.000,0.000
2382,2.382000,620220.380972,-1325949.897978,-705729.517006,2.279616e-02,-1786.741909,369.520778,970.209256,0.197,10.628,0.019,0.000,0.000,0.000
2383,2.383000,620237.069194,-1325964.195766,-705727.126573,2.279947e-02,-1786.539530,369.317177,969.609271,0.197,4.609,0.021,0.000,0.000,0.000
2384,2.384000,620253.072952,-1325978.307346,-705725.234394,2.280209e-02,-1786.033368,368.497675,969.056325,0.191,9.147,0.020,0.000,0.000,0.000
2385,2.385000,620269.241093,-1325992.105774,-705722.864681,2.280537e-02,-1785.716911,367.746444,968.609721,0.186,4.683,0.020,0.000,0.000,0.000
2386,2.386000,620285.689708,-1326005.646758,-705719.957051,2.280939e-02,-1785.599181,367.440513,968.279848,0.189,9.206,0.018,0.000,0.000,0.000
2387,2.387000,620302.330193,-1326019.072246,-705716.742053,2.281385e-02,-1785.638927,367.577879,968.079130,0.188,3.095,0.019,0.000,0.000,0.000
2388,2.388000,620318.937938,-1326032.359785,-705713.421847,2.281844e-02,-1785.883248,367.983242,967.245271,0.198,9.241,0.020,0.000,0.000,0.000
2389,2.389000,620335.801154,-1326045.568064,-705709.766909,2.282350e-02,-1786.000545,368.243699,966.177653,0.190,4.703,0.019,0.000,0.000,0.000
2390,2.390000,620352.617709,-1326058.686659,-705706.068950,2.282862e-02,-1786.202033,368.511826,965.308447,0.192,6.113,0.022,0.000,0.000,0.000
2391,2.391000,620369.465304,-1326071.801514,-705702.336210,2.283379e-02,-1786.187564,368.639820,965.011348,0.192,3.089,0.022,0.000,0.000,0.000
2392,2.392000,620384.896487,-1326084.956456,-705700.059969,2.283694e-02,-1785.905956,368.742829,964.855837,0.195,6.179,0.020,0.000,0.000,0.000
2393,2.393000,620399.328956,-1326098.124769,-705698.795813,2.283870e-02,-1785.931964,369.455456,963.872746,0.180,10.459,0.020,0.000,0.000,0.000
2394,2.394000,620413.857791,-1326111.201898,-705697.344107,2.284071e-02,-1785.927711,370.532491,962.583079,0.225,3.107,0.021,0.000,0.000,0.000
2395,2.395000,620428.505026,-1326124.247507,-705695.742482,2.284292e-02,-1785.717091,370.876290,961.978307,0.203,9.241,0.020,0.000,0.000,0.000
2396,2.396000,620443.332155,-1326137.350799,-705694.018644,2.284531e-02,-1785.592350,371.129498,961.530935,0.202,4.689,0.020,0.000,0.000,0.000
2397,2.397000,620458.157612,-1326150.448651,-705692.291039,2.284770e-02,-1785.626952,371.665449,960.947022,0.196,9.219,0.019,0.000,0.000,0.000
2398,2.398000,620474.291415,-1326163.523160,-705689.231745,2.285194e-02,-1785.197044,371.689035,961.573602,0.196,4.630,0.019,0.000,0.000,0.000
2399,2.399000,620491.035935,-1326176.523176,-705685.487241,2.285712e-02,-1784.699725,371.439493,961.842006,0.190,9.242,0.020,0.000,0.000,0.000
2400,2.400000,620507.129166,-1326189.421213,-705682.292046,2.286155e-02,-1784.551247,370.973467,960.799249,0.193,9.236,0.020,0.000,0.000,0.000
2401,2.401000,620522.497888,-1326202.225892,-705679.728003,2.286510e-02,-1784.209510,370.355615,959.893890,0.191,3.105,0.020,0.000,0.000,0.000
2402,2.402000,620537.789831,-1326214.862305,-705677.072474,2.286877e-02,-1783.992463,370.084735,959.149046,0.191,9.022,0.021,0.000,0.000,0.000
2403,2.403000,620553.678805,-1326227.413280,-705673.734475,2.287340e-02,-1783.867059,370.026745,957.968972,0.189,4.381,0.019,0.000,0.000,0.000
2404,2.404000,620568.644595,-1326239.846117,-705671.201522,2.287690e-02,-1783.641735,369.727964,956.674584,0.188,9.018,0.019,0.000,0.000,0.000
2405,2.405000,620583.797243,-1326252.200314,-705668.403071,2.288078e-02,-1783.363708,369.545111,956.005081,0.190,4.676,0.019,0.000,0.000,0.000
2406,2.406000,620599.874491,-1326264.528089,-705664.653598,2.288597e-02,-1783.023018,369.449500,955.627921,0.217,9.920,0.023,0.000,0.000,0.000
2407,2.407000,620615.982534,-1326276.825518,-705660.842984,2.289125e-02,-1782.849177,369.628130,955.117403,0.185,8.839,0.022,0.000,0.000,0.000
2408,2.408000,620631.238338,-1326289.060961,-705657.822622,2.289543e-02,-1782.945420,370.036140,954.396319,0.265,3.149,0.030,0.000,0.000,0.000
2409,2.409000,620646.021941,-1326301.282108,-705655.260167,2.289898e-02,-1782.705403,370.158120,953.881687,0.253,9.213,0.023,0.000,0.000,0.000
2410,2.410000,620660.313663,-1326313.370274,-705653.056611,2.290203e-02,-1782.253556,369.949020,953.564365,0.234,4.687,0.022,0.000,0.000,0.000
2411,2.411000,620673.621337,-1326325.290216,-705651.668879,2.290395e-02,-1782.138700,369.643759,953.237583,0.210,9.154,0.020,0.000,0.000,0.000
2412,2.412000,620687.787019,-1326337.168688,-705649.381668,2.290712e-02,-1782.269468,369.614514,952.672284,0.209,4.688,0.025,0.000,0.000,0.000
2413,2.413000,620703.018482,-1326349.009690,-705645.991208,2.291181e-02,-1782.201438,369.480995,952.223554,0.204,9.196,0.020,0.000,0.000,0.000
2414,2.414000,620718.077079,-1326360.785956,-705642.708877,2.291636e-02,-1781.898856,368.991434,951.953411,0.206,9.250,0.022,0.000,0.000,0.000
2415,2.415000,620732.270362,-1326372.552420,-705640.282059,2.291972e-02,-1781.654770,368.644069,951.645666,0.201,4.670,0.020,0.000,0.000,0.000
2416,2.416000,620745.457011,-1326384.265428,-705638.808417,2.292176e-02,-1781.624252,368.714549,951.273485,0.198,6.134,0.020,0.000,0.000,0.000
2417,2.417000,620757.872518,-1326395.891483,-705638.018965,2.292285e-02,-1781.655368,368.793899,951.000109,0.191,6.114,0.019,0.000,0.000,0.000
2418,2.418000,620770.781804,-1326407.451628,-705636.669823,2.292472e-02,-1781.560960,369.004141,950.666246,0.228,7.709,0.023,0.000,0.000,0.000
2419,2.419000,620783.379104,-1326418.877509,-705635.498404,2.292634e-02,-1781.284840,369.441318,950.190801,0.205,9.134,0.020,0.000,0.000,0.000
2420,2.420000,620794.682856,-1326430.135134,-705635.452278,2.292641e-02,-1780.939237,369.520145,949.900649,0.206,3.124,0.019,0.000,0.000,0.000
2421,2.421000,620805.768030,-1326441.241513,-705635.473483,2.292638e-02,-1780.550184,369.398775,949.677930,0.202,9.230,0.018,0.000,0.000,0.000
2422,2.422000,620816.793561,-1326452.112184,-705635.318624,2.292659e-02,-1780.073355,369.448390,949.380822,0.202,4.621,0.021,0.000,0.000,0.000
2423,2.423000,620827.621458,-1326462.768595,-705635.147137,2.292683e-02,-1779.503899,369.496364,948.532175,0.197,9.218,0.018,0.000,0.000,0.000
2424,2.424000,620838.043889,-1326473.128643,-705635.084754,2.292691e-02,-1778.994445,369.282617,947.931798,0.194,4.678,0.020,0.000,0.000,0.000
2425,2.425000,620847.810477,-1326483.278808,-705635.468330,2.292638e-02,-1778.662838,368.870107,947.866183,0.188,9.222,0.019,0.000,0.000,0.000
2426,2.426000,620857.470097,-1326493.194125,-705635.724028,2.292603e-02,-1778.457667,368.757437,947.463000,0.197,4.663,0.019,0.000,0.000,0.000
2427,2.427000,620867.531543,-1326502.969527,-705635.437983,2.292643e-02,-1778.261390,368.767687,947.098037,0.203,9.135,0.024,0.000,0.000,0.000
2428,2.428000,620877.944646,-1326512.624855,-705634.680210,2.292747e-02,-1777.941381,368.502057,946.968053,0.206,4.600,0.021,0.000,0.000,0.000
2429,2.429000,620888.864104,-1326522.180703,-705633.316600,2.292936e-02,-1777.610814,368.096510,946.408225,0.191,8.718,0.019,0.000,0.000,0.000
2430,2.430000,620900.039998,-1326531.525099,-705631.485101,2.293190e-02,-1777.155338,367.684469,945.895019,0.183,4.415,0.020,0.000,0.000,0.000
2431,2.431000,620911.020559,-1326540.697412,-705629.676854,2.293440e-02,-1776.678285,367.199423,945.928208,0.179,9.266,0.018,0.000,0.000,0.000
2432,2.432000,620921.477367,-1326549.698203,-705628.220836,2.293642e-02,-1776.324207,366.752192,945.962778,0.188,4.615,0.019,0.000,0.000,0.000
2433,2.433000,620931.664737,-1326558.583948,-705626.919211,2.293822e-02,-1776.057520,366.651638,945.637720,0.193,9.227,0.019,0.000,0.000,0.000
2434,2.434000,620941.506431,-1326567.402331,-705625.895901,2.293964e-02,-1775.826718,366.437445,945.241471,0.230,9.205,0.030,0.000,0.000,0.000
2435,2.435000,620950.731897,-1326576.110241,-705625.378344,2.294035e-02,-1775.676417,366.026585,945.134266,0.208,3.104,0.020,0.000,0.000,0.000
2436,2.436000,620959.303761,-1326584.781889,-705625.478128,2.294022e-02,-1775.435432,365.467661,945.103595,0.199,5.902,0.019,0.000,0.000,0.000
2437,2.437000,620968.074874,-1326593.313382,-705625.238507,2.294055e-02,-1775.117952,364.913897,944.989658,0.193,4.627,0.020,0.000,0.000,0.000
2438,2.438000,620977.467329,-1326601.772274,-705624.304945,2.294184e-02,-1774.811301,364.754481,944.759704,0.240,7.664,0.028,0.000,0.000,0.000
2439,2.439000,620986.591694,-1326610.149056,-705623.557362,2.294288e-02,-1774.577823,364.532312,944.622609,0.276,9.161,0.040,0.000,0.000,0.000
2440,2.440000,620994.972415,-1326618.528399,-705623.555984,2.294288e-02,-1774.244038,363.774734,945.004275,0.278,4.625,0.036,0.000,0.000,0.000
2441,2.441000,621002.916207,-1326626.496882,-705623.580676,2.294284e-02,-1773.829333,363.270994,945.246506,0.272,9.294,0.042,0.000,0.000,0.000
2442,2.442000,621011.070471,-1326634.423846,-705623.353375,2.294316e-02,-1773.627119,363.041184,945.056201,0.230,3.117,0.021,0.000,0.000,0.000
2443,2.443000,621019.224897,-1326642.305866,-705623.080969,2.294354e-02,-1773.505053,362.662018,944.994308,0.221,5.927,0.024,0.000,0.000,0.000
2444,2.444000,621027.382917,-1326650.167397,-705622.784480,2.294395e-02,-1773.234916,362.354402,944.840183,0.218,6.198,0.021,0.000,0.000,0.000
2445,2.445000,621035.622095,-1326657.974605,-705622.352510,2.294454e-02,-1772.835857,361.857917,944.585886,0.222,7.690,0.021,0.000,0.000,0.000
2446,2.446000,621044.141427,-1326665.745245,-705621.603818,2.294558e-02,-1772.602175,361.486289,944.414621,0.216,9.199,0.020,0.000,0.000,0.000
2447,2.447000,621052.650380,-1326673.520282,-705620.869902,2.294660e-02,-1772.359227,361.140986,944.220226,0.205,4.678,0.025,0.000,0.000,0.000
2448,2.448000,621061.589347,-1326681.314489,-705619.725142,2.294818e-02,-1772.018835,361.004157,944.084013,0.230,10.727,0.026,0.000,0.000,0.000
2449,2.449000,621070.786772,-1326689.115676,-705618.328904,2.295012e-02,-1771.633935,360.746649,944.074658,0.221,3.101,0.022,0.000,0.000,0.000
2450,2.450000,621079.534239,-1326696.985752,-705617.451513,2.295133e-02,-1771.352371,360.073994,944.209848,0.209,9.134,0.021,0.000,0.000,0.000
2451,2.451000,621088.236010,-1326704.986669,-705616.750659,2.295230e-02,-1771.282799,359.762672,944.356348,0.204,4.672,0.018,0.000,0.000,0.000
2452,2.452000,621097.104987,-1326713.239792,-705616.134805,2.295315e-02,-1771.068493,359.563137,944.167727,0.201,9.210,0.019,0.000,0.000,0.000
2453,2.453000,621105.888013,-1326721.792634,-705615.904622,2.295347e-02,-1770.492696,359.338867,943.603537,0.192,3.096,0.024,0.000,0.000,0.000
2454,2.454000,621114.597737,-1326730.597987,-705616.000250,2.295334e-02,-1770.014874,358.836635,943.060716,0.200,10.293,0.028,0.000,0.000,0.000
2455,2.455000,621124.625109,-1326739.711386,-705615.086277,2.295461e-02,-1769.689438,358.062545,942.620326,0.211,9.143,0.021,0.000,0.000,0.000
2456,2.456000,621135.182247,-1326749.179712,-705613.997465,2.295611e-02,-1769.367877,357.353451,942.222866,0.195,3.093,0.019,0.000,0.000,0.000
2457,2.457000,621145.369521,-1326759.053213,-705613.683692,2.295655e-02,-1769.188286,356.675265,942.233902,0.194,4.598,0.018,0.000,0.000,0.000
2458,2.458000,621156.393110,-1326769.383478,-705612.990368,2.295751e-02,-1769.003172,356.283386,942.373161,0.204,6.201,0.019,0.000,0.000,0.000
2459,2.459000,621167.703100,-1326780.218715,-705612.515614,2.295817e-02,-1768.879370,356.168512,942.410303,0.228,6.165,0.023,0.000,0.000,0.000
2460,2.460000,621180.019467,-1326791.578976,-705611.559509,2.295949e-02,-1768.776432,356.106541,942.461347,0.208,10.700,0.019,0.000,0.000,0.000
2461,2.461000,621193.616241,-1326803.447889,-705609.831648,2.296188e-02,-1768.643145,356.059169,942.602597,0.215,4.672,0.022,0.000,0.000,0.000
2462,2.462000,621206.905995,-1326815.840794,-705608.934798,2.296312e-02,-1768.499712,355.903948,942.508406,0.195,8.896,0.019,0.000,0.000,0.000
2463,2.463000,621220.154041,-1326828.699678,-705608.545636,2.296366e-02,-1768.233152,355.985729,942.095900,0.189,4.680,0.019,0.000,0.000,0.000
2464,2.464000,621234.199201,-1326841.971536,-705607.772334,2.296473e-02,-1768.050291,356.125638,941.974680,0.194,9.232,0.018,0.000,0.000,0.000
2465,2.465000,621250.047236,-1326855.705096,-705605.657860,2.296766e-02,-1767.848362,355.753167,942.367956,0.259,3.091,0.027,0.000,0.000,0.000
2466,2.466000,621266.836111,-1326869.811489,-705602.975378,2.297138e-02,-1767.648067,355.774284,942.603552,0.272,9.196,0.034,0.000,0.000,0.000
2467,2.467000,621282.889986,-1326884.319765,-705601.429780,2.297352e-02,-1767.548748,355.979421,942.604307,0.228,4.343,0.026,0.000,0.000,0.000
2468,2.468000,621298.318125,-1326899.144890,-705600.826765,2.297435e-02,-1767.392451,355.802703,942.752931,0.213,9.180,0.026,0.000,0.000,0.000
2469,2.469000,621314.074504,-1326914.275195,-705600.200690,2.297522e-02,-1767.357013,355.470336,942.948272,0.210,4.697,0.019,0.000,0.000,0.000
2470,2.470000,621330.568144,-1326929.707183,-705599.139039,2.297669e-02,-1767.378351,355.084608,943.121427,0.210,9.176,0.029,0.000,0.000,0.000
2471,2.471000,621347.579296,-1326945.418087,-705597.838790,2.297849e-02,-1767.209527,354.828830,943.159562,0.223,3.096,0.024,0.000,0.000,0.000
2472,2.472000,621364.045201,-1326961.349623,-705597.304422,2.297923e-02,-1767.385978,354.497850,943.324979,0.206,8.823,0.021,0.000,0.000,0.000
2473,2.473000,621379.751856,-1326977.395214,-705597.643358,2.297876e-02,-1767.961592,354.122717,943.563592,0.215,8.800,0.021,0.000,0.000,0.000
2474,2.474000,621395.580835,-1326993.544220,-705597.963385,2.297832e-02,-1768.309001,353.866214,943.725445,0.213,4.620,0.021,0.000,0.000,0.000
2475,2.475000,621412.037107,-1327009.790312,-705597.753204,2.297861e-02,-1768.348996,353.506604,944.019087,0.231,9.775,0.025,0.000,0.000,0.000
2476,2.476000,621429.159148,-1327026.187544,-705597.028396,2.297961e-02,-1768.007161,353.192791,944.335438,0.214,4.535,0.022,0.000,0.000,0.000
2477,2.477000,621445.250436,-1327042.677623,-705597.427187,2.297906e-02,-1767.798844,353.088150,944.701054,0.215,9.234,0.028,0.000,0.000,0.000
2478,2.478000,621461.676913,-1327059.215112,-705597.538199,2.297890e-02,-1767.605602,353.152169,944.742860,0.197,3.094,0.023,0.000,0.000,0.000
2479,2.479000,621478.026882,-1327075.916366,-705597.889483,2.297842e-02,-1766.201970,352.501732,941.875048,0.214,9.223,0.020,0.000,0.000,0.000
2480,2.480000,621493.725112,-1327092.198886,-705598.473774,2.297761e-02,-1764.645258,351.538273,938.365567,0.190,4.674,0.019,0.000,0.000,0.000
2481,2.481000,621511.269945,-1327108.530278,-705597.260332,2.297929e-02,-1764.067428,351.501901,937.384598,0.196,6.199,0.021,0.000,0.000,0.000
2482,2.482000,621529.170050,-1327125.059661,-705595.889611,2.298119e-02,-1763.741582,351.673721,936.940959,0.195,5.844,0.020,0.000,0.000,0.000
2483,2.483000,621547.398030,-1327141.723744,-705594.325713,2.298335e-02,-1763.514253,351.855932,936.621671,0.186,7.463,0.019,0.000,0.000,0.000
2484,2.484000,621566.056999,-1327158.609154,-705592.552155,2.298581e-02,-1763.189743,351.898508,936.668087,0.195,4.684,0.019,0.000,0.000,0.000
2485,2.485000,621583.233256,-1327175.577421,-705592.344165,2.298610e-02,-1763.120074,351.442614,937.131256,0.194,10.738,0.019,0.000,0.000,0.000
2486,2.486000,621599.934123,-1327192.506053,-705592.571930,2.298578e-02,-1763.418242,350.884930,937.790992,0.196,3.098,0.019,0.000,0.000,0.000
2487,2.487000,621617.292461,-1327209.402307,-705592.109846,2.298642e-02,-1763.793109,350.397908,938.205759,0.186,9.151,0.018,0.000,0.000,0.000
2488,2.488000,621634.847146,-1327226.326149,-705591.479003,2.298729e-02,-1764.157503,350.114277,938.426911,0.221,4.676,0.022,0.000,0.000,0.000
2489,2.489000,621652.530150,-1327243.266895,-705590.736746,2.298832e-02,-1764.487827,349.698709,938.204769,0.255,9.171,0.023,0.000,0.000,0.000
2490,2.490000,621670.032123,-1327260.303362,-705590.271239,2.298897e-02,-1764.912182,349.099114,937.806215,0.215,7.647,0.019,0.000,0.000,0.000
2491,2.491000,621688.545912,-1327277.397233,-705588.851321,2.299093e-02,-1764.724001,349.316189,937.994744,0.208,4.686,0.019,0.000,0.000,0.000
2492,2.492000,621707.223666,-1327294.560621,-705587.336955,2.299303e-02,-1764.501631,349.666823,938.457945,0.224,9.192,0.019,0.000,0.000,0.000
2493,2.493000,621726.198907,-1327311.776126,-705585.577219,2.299547e-02,-1764.559296,349.697686,938.730345,0.238,4.626,0.021,0.000,0.000,0.000
2494,2.494000,621746.575651,-1327329.104523,-705582.528872,2.299969e-02,-1764.381570,349.853697,938.873859,0.198,9.163,0.020,0.000,0.000,0.000
2495,2.495000,621766.881062,-1327346.560311,-705579.679249,2.300363e-02,-1764.119776,350.025842,938.934985,0.204,9.155,0.021,0.000,0.000,0.000
2496,2.496000,621787.071230,-1327364.146837,-705577.075607,2.300724e-02,-1764.191223,349.961220,939.005788,0.188,4.624,0.018,0.000,0.000,0.000
2497,2.497000,621806.805680,-1327381.954782,-705575.149102,2.300991e-02,-1765.090688,349.291993,939.283256,0.185,9.221,0.019,0.000,0.000,0.000
2498,2.498000,621826.213558,-1327399.773260,-705573.559702,2.301211e-02,-1765.598785,348.924964,939.429334,0.188,3.102,0.019,0.000,0.000,0.000
2499,2.499000,621846.259173,-1327417.801247,-705571.542074,2.301490e-02,-1765.324366,349.103478,939.170807,0.257,9.172,0.033,0.000,0.000,0.000
2500,2.500000,621865.744185,-1327435.992981,-705570.248797,2.301669e-02,-1765.024057,348.972641,938.848871,0.220,3.098,0.023,0.000,0.000,0.000
2501,2.501000,621884.980743,-1327454.305002,-705569.324259,2.301797e-02,-1764.764300,348.498392,938.216106,0.195,9.229,0.023,0.000,0.000,0.000
2502,2.502000,621904.520780,-1327472.594462,-705568.073682,2.301970e-02,-1764.513959,347.999316,937.407300,0.203,7.647,0.026,0.000,0.000,0.000
2503,2.503000,621924.610845,-1327490.923624,-705566.312780,2.302214e-02,-1764.248318,347.858383,936.979358,0.189,3.101,0.019,0.000,0.000,0.000
2504,2.504000,621945.239423,-1327509.307713,-705564.068290,2.302525e-02,-1764.013650,347.890340,936.765022,0.198,9.218,0.022,0.000,0.000,0.000
2505,2.505000,621965.880233,-1327527.687485,-705561.807252,2.302838e-02,-1763.809514,347.758614,936.461660,0.185,4.620,0.019,0.000,0.000,0.000
2506,2.506000,621986.592794,-1327546.059855,-705559.467061,2.303162e-02,-1763.666075,347.560529,936.162299,0.185,6.107,0.020,0.000,0.000,0.000
2507,2.507000,622007.294355,-1327564.401262,-705557.106908,2.303489e-02,-1763.597831,347.382309,936.076597,0.197,7.720,0.020,0.000,0.000,0.000
2508,2.508000,622027.556119,-1327582.711269,-705555.155150,2.303759e-02,-1763.489244,347.412104,936.112725,0.215,9.160,0.022,0.000,0.000,0.000
2509,2.509000,622047.893715,-1327600.916735,-705553.023019,2.304054e-02,-1763.449928,347.428435,936.143155,0.187,4.675,0.018,0.000,0.000,0.000
2510,2.510000,622068.271005,-1327618.870966,-705550.599961,2.304390e-02,-1763.450618,347.217755,936.013282,0.182,9.219,0.017,0.000,0.000,0.000
2511,2.511000,622087.695863,-1327636.706657,-705549.010794,2.304610e-02,-1763.372299,347.196043,935.955781,0.182,4.681,0.019,0.000,0.000,0.000
2512,2.512000,622106.449752,-1327654.314508,-705547.864757,2.304769e-02,-1763.129261,347.115691,935.644978,0.193,10.745,0.022,0.000,0.000,0.000
2513,2.513000,622125.538471,-1327671.716682,-705546.178211,2.305002e-02,-1762.851475,346.849290,935.162916,0.193,3.114,0.019,0.000,0.000,0.000
2514,2.514000,622145.088200,-1327688.999105,-705543.910905,2.305316e-02,-1762.800714,346.721247,935.050280,0.189,9.203,0.019,0.000,0.000,0.000
2515,2.515000,622165.544423,-1327706.201035,-705540.656613,2.305767e-02,-1762.557076,346.366179,934.931343,0.229,4.689,0.024,0.000,0.000,0.000
2516,2.516000,622185.501773,-1327723.278313,-705537.776540,2.306165e-02,-1761.931638,345.887641,934.029989,0.206,9.226,0.018,0.000,0.000,0.000
2517,2.517000,622205.400796,-1327740.138530,-705534.737735,2.306586e-02,-1761.301752,345.710933,933.206841,0.211,4.691,0.021,0.000,0.000,0.000
2518,2.518000,622225.850822,-1327756.816066,-705530.965244,2.307109e-02,-1761.093015,345.554781,932.983243,0.222,9.228,0.025,0.000,0.000,0.000
2519,2.519000,622244.655230,-1327773.393101,-705528.737872,2.307417e-02,-1761.115345,345.442900,932.750627,0.209,9.223,0.021,0.000,0.000,0.000
2520,2.520000,622262.619546,-1327789.770404,-705527.150857,2.307637e-02,-1760.944772,345.768755,932.830909,0.198,3.092,0.020,0.000,0.000,0.000
2521,2.521000,622279.670043,-1327805.858268,-705526.188225,2.307770e-02,-1761.019108,346.099775,933.132504,0.195,6.131,0.022,0.000,0.000,0.000
2522,2.522000,622296.893421,-1327821.414932,-705524.521512,2.308001e-02,-1761.338455,345.968947,933.015021,0.201,6.200,0.019,0.000,0.000,0.000
2523,2.523000,622313.988416,-1327836.717458,-705522.729041,2.308249e-02,-1761.745378,345.525718,932.557425,0.181,7.286,0.019,0.000,0.000,0.000
2524,2.524000,622329.592665,-1327851.592272,-705521.999607,2.308350e-02,-1762.432893,344.730948,932.174183,0.183,3.090,0.018,0.000,0.000,0.000
2525,2.525000,622346.048937,-1327866.083463,-705520.034526,2.308622e-02,-1762.918419,344.086732,931.802619,0.187,9.027,0.020,0.000,0.000,0.000
2526,2.526000,622362.598522,-1327880.282665,-705517.684144,2.308948e-02,-1763.249908,344.101183,931.637789,0.195,4.681,0.023,0.000,0.000,0.000
2527,2.527000,622378.038174,-1327894.173327,-705516.135153,2.309162e-02,-1763.995767,344.025886,931.562088,0.188,7.625,0.017,0.000,0.000,0.000
2528,2.528000,622393.473514,-1327907.636195,-705514.162681,2.309435e-02,-1764.545974,343.853870,931.480393,0.180,4.682,0.022,0.000,0.000,0.000
2529,2.529000,622408.140958,-1327920.850186,-705512.709227,2.309636e-02,-1764.586345,343.763637,930.817075,0.203,9.134,0.022,0.000,0.000,0.000
2530,2.530000,622421.572884,-1327933.640119,-705512.067236,2.309725e-02,-1764.819130,343.243316,930.323759,0.255,10.077,0.031,0.000,0.000,0.000
2531,2.531000,622434.477366,-1327946.221700,-705511.744334,2.309770e-02,-1765.042867,342.425678,929.885191,0.236,3.102,0.028,0.000,0.000,0.000
2532,2.532000,622446.322708,-1327958.520219,-705512.197512,2.309707e-02,-1765.168511,341.847673,929.437710,0.236,10.423,0.029,0.000,0.000,0.000
2533,2.533000,622458.381586,-1327970.639756,-705512.258170,2.309699e-02,-1765.368467,341.428974,929.450434,0.219,4.697,0.024,0.000,0.000,0.000
2534,2.534000,622471.480720,-1327982.751091,-705511.270371,2.309836e-02,-1765.584233,340.667476,929.402365,0.208,8.697,0.018,0.000,0.000,0.000
2535,2.535000,622485.154685,-1327994.873238,-705509.718553,2.310051e-02,-1765.917930,338.435975,930.101681,0.232,3.096,0.026,0.000,0.000,0.000
2536,2.536000,622498.920881,-1328007.002095,-705508.081213,2.310277e-02,-1766.401867,336.339076,930.837505,0.208,9.160,0.021,0.000,0.000,0.000
2537,2.537000,622512.632413,-1328019.200751,-705506.568338,2.310487e-02,-1766.423724,335.760691,930.301270,0.214,9.092,0.022,0.000,0.000,0.000
2538,2.538000,622527.991538,-1328031.603361,-705503.611823,2.310896e-02,-1765.950042,335.074590,929.634779,0.199,4.372,0.020,0.000,0.000,0.000
2539,2.539000,622543.889079,-1328044.225406,-705500.336327,2.311350e-02,-1765.920921,334.210969,929.636458,0.191,9.191,0.018,0.000,0.000,0.000
2540,2.540000,622559.652105,-1328057.040050,-705497.387945,2.311758e-02,-1766.283858,333.381400,929.777305,0.225,4.618,0.021,0.000,0.000,0.000
2541,2.541000,622575.788807,-1328070.110811,-705494.322004,2.312182e-02,-1766.367374,332.746140,929.701884,0.231,10.705,0.020,0.000,0.000,0.000
2542,2.542000,622591.766687,-1328083.525645,-705491.758958,2.312537e-02,-1766.542919,331.790567,929.583805,0.201,3.091,0.019,0.000,0.000,0.000
2543,2.543000,622608.004635,-1328097.015247,-705489.010612,2.312918e-02,-1766.875853,330.750116,929.438975,0.203,8.844,0.020,0.000,0.000,0.000
2544,2.544000,622623.598938,-1328110.701845,-705487.102907,2.313182e-02,-1766.960106,330.077711,929.112967,0.200,4.595,0.019,0.000,0.000,0.000
2545,2.545000,622638.806177,-1328124.315507,-705485.509330,2.313403e-02,-1767.381249,329.402736,929.070684,0.204,6.199,0.020,0.000,0.000,0.000
2546,2.546000,622654.052857,-1328138.020542,-705483.967685,2.313616e-02,-1767.980389,327.883440,929.565475,0.195,7.708,0.021,0.000,0.000,0.000
2547,2.547000,622668.735390,-1328151.674040,-705482.938650,2.313759e-02,-1768.416592,326.329700,929.979752,0.199,7.633,0.024,0.000,0.000,0.000
2548,2.548000,622682.984602,-1328165.311441,-705482.326839,2.313843e-02,-1768.626411,325.926570,929.844252,0.198,4.679,0.020,0.000,0.000,0.000
2549,2.549000,622696.633515,-1328178.943077,-705482.309563,2.313846e-02,-1768.936835,325.353139,929.640710,0.192,9.192,0.019,0.000,0.000,0.000
2550,2.550000,622710.280833,-1328192.241279,-705481.960446,2.313894e-02,-1769.422900,324.380931,929.394151,0.184,3.103,0.019,0.000,0.000,0.000
2551,2.551000,622724.469768,-1328205.275638,-705480.805871,2.314054e-02,-1769.281965,323.430304,928.446966,0.184,9.148,0.018,0.000,0.000,0.000
2552,2.552000,622738.394529,-1328217.984609,-705479.590080,2.314222e-02,-1769.160735,322.821643,927.720745,0.180,4.556,0.019,0.000,0.000,0.000
2553,2.553000,622752.569496,-1328230.447253,-705477.877757,2.314459e-02,-1769.266252,322.366296,927.814265,0.246,11.066,0.025,0.000,0.000,0.000
2554,2.554000,622766.889641,-1328242.679589,-705475.789948,2.314749e-02,-1768.936286,321.993066,927.701183,0.316,8.942,0.046,0.000,0.000,0.000
2555,2.555000,622780.907718,-1328254.626357,-705473.718639,2.315035e-02,-1768.672242,321.641392,927.650554,0.276,8.728,0.042,0.000,0.000,0.000
2556,2.556000,622795.308300,-1328266.392479,-705471.084179,2.315400e-02,-1768.613017,320.796171,927.597070,0.254,9.115,0.032,0.000,0.000,0.000
2557,2.557000,622809.548339,-1328277.910313,-705468.361975,2.315777e-02,-1768.664027,320.056528,927.263318,0.229,9.135,0.023,0.000,0.000,0.000
2558,2.558000,622823.965367,-1328289.252283,-705465.286917,2.316203e-02,-1769.440152,319.802232,927.407578,0.230,4.629,0.029,0.000,0.000,0.000
2559,2.559000,622837.084838,-1328300.348955,-705463.264117,2.316483e-02,-1770.386334,319.131226,927.271706,0.213,9.225,0.022,0.000,0.000,0.000
2560,2.560000,622849.128369,-1328311.269895,-705462.141525,2.316638e-02,-1770.832792,319.185664,926.725532,0.202,3.113,0.020,0.000,0.000,0.000
2561,2.561000,622861.581258,-1328321.993169,-705460.411911,2.316878e-02,-1771.211645,319.956186,926.384160,0.225,9.133,0.022,0.000,0.000,0.000
2562,2.562000,622873.615710,-1328332.521342,-705458.905632,2.317086e-02,-1771.498578,319.837423,925.679870,0.200,9.168,0.021,0.000,0.000,0.000
2563,2.563000,622886.023577,-1328343.073888,-705457.050312,2.317343e-02,-1771.786466,320.095043,924.934041,0.210,4.685,0.020,0.000,0.000,0.000
2564,2.564000,622898.785320,-1328353.508924,-705454.723605,2.317666e-02,-1772.209991,320.889737,924.511926,0.191,10.497,0.018,0.000,0.000,0.000
2565,2.565000,622911.841788,-1328363.748748,-705451.906960,2.318056e-02,-1772.459427,321.700496,924.291268,0.192,4.678,0.019,0.000,0.000,0.000
2566,2.566000,622924.970851,-1328373.837127,-705448.866276,2.318477e-02,-1772.407995,322.692725,924.218376,0.194,9.238,0.019,0.000,0.000,0.000
2567,2.567000,622938.159041,-1328383.754033,-705445.594992,2.318930e-02,-1772.277942,323.767081,924.444140,0.192,4.614,0.019,0.000,0.000,0.000
2568,2.568000,622950.170612,-1328393.457147,-705443.286536,2.319249e-02,-1772.255736,324.842190,924.459425,0.199,9.210,0.021,0.000,0.000,0.000
2569,2.569000,622960.582790,-1328402.898986,-705442.316196,2.319384e-02,-1772.446327,325.797953,924.322211,0.187,9.163,0.019,0.000,0.000,0.000
2570,2.570000,622972.586052,-1328412.069250,-705439.483198,2.319776e-02,-1772.624398,326.187573,924.290645,0.218,4.273,0.024,0.000,0.000,0.000
2571,2.571000,622985.148777,-1328421.075060,-705435.926283,2.320268e-02,-1772.475793,326.336505,924.124770,0.216,10.706,0.022,0.000,0.000,0.000
2572,2.572000,622995.923778,-1328429.795096,-705433.871319,2.320553e-02,-1772.254734,326.691170,923.780403,0.204,3.121,0.019,0.000,0.000,0.000
2573,2.573000,623006.220560,-1328438.237773,-705432.017214,2.320810e-02,-1772.083482,327.035807,923.575083,0.195,9.220,0.024,0.000,0.000,0.000
2574,2.574000,623016.264757,-1328446.402940,-705430.138183,2.321070e-02,-1771.911938,327.368953,923.589556,0.196,4.702,0.021,0.000,0.000,0.000
2575,2.575000,623025.266896,-1328454.346327,-705429.079431,2.321216e-02,-1771.984592,327.536803,923.407444,0.185,10.777,0.019,0.000,0.000,0.000
2576,2.576000,623035.024459,-1328462.020128,-705426.995669,2.321505e-02,-1771.932250,327.491158,923.306378,0.189,3.097,0.021,0.000,0.000,0.000
2577,2.577000,623044.832777,-1328469.440490,-705424.607713,2.321836e-02,-1771.772218,327.282255,923.226361,0.185,9.133,0.019,0.000,0.000,0.000
2578,2.578000,623053.049557,-1328476.516995,-705423.467437,2.321993e-02,-1771.826300,327.046512,923.045434,0.193,9.142,0.019,0.000,0.000,0.000
2579,2.579000,623061.275145,-1328483.289446,-705422.014301,2.322195e-02,-1771.804910,326.800680,923.071737,0.181,4.675,0.019,0.000,0.000,0.000
2580,2.580000,623069.014968,-1328489.895203,-705420.880235,2.322352e-02,-1772.095114,327.192131,923.375025,0.227,6.125,0.022,0.000,0.000,0.000
2581,2.581000,623075.923516,-1328496.062447,-705420.138930,2.322454e-02,-1772.328235,327.658667,923.707534,0.206,6.135,0.018,0.000,0.000,0.000
2582,2.582000,623082.714879,-1328501.999425,-705419.284547,2.322573e-02,-1772.038828,327.448826,923.937502,0.227,3.160,0.019,0.000,0.000,0.000
2583,2.583000,623088.953590,-1328507.664000,-705418.710410,2.322652e-02,-1771.950453,327.300592,923.723739,0.233,9.150,0.024,0.000,0.000,0.000
2584,2.584000,623094.932507,-1328512.982853,-705418.050346,2.322744e-02,-1772.034353,326.670881,923.623547,0.233,4.683,0.026,0.000,0.000,0.000
2585,2.585000,623100.600500,-1328517.967812,-705417.367311,2.322838e-02,-1771.921677,325.633260,924.050945,0.187,9.227,0.019,0.000,0.000,0.000
2586,2.586000,623105.943847,-1328522.610430,-705416.666582,2.322935e-02,-1772.087361,324.993420,924.473543,0.197,4.683,0.025,0.000,0.000,0.000
2587,2.587000,623111.485792,-1328526.906294,-705415.420503,2.323108e-02,-1772.435199,324.124466,924.831053,0.187,9.160,0.018,0.000,0.000,0.000
2588,2.588000,623116.692700,-1328530.743223,-705414.050523,2.323297e-02,-1772.763811,323.237105,925.183432,0.186,3.101,0.023,0.000,0.000,0.000
2589,2.589000,623121.330769,-1328534.158908,-705412.828139,2.323467e-02,-1772.846548,322.058874,926.020416,0.211,9.148,0.022,0.000,0.000,0.000
2590,2.590000,623125.973510,-1328537.044243,-705411.070733,2.323710e-02,-1772.325976,321.403172,927.039576,0.226,4.613,0.023,0.000,0.000,0.000
2591,2.591000,623130.927996,-1328539.381182,-705408.453186,2.324072e-02,-1771.939780,321.137641,927.446581,0.188,9.151,0.019,0.000,0.000,0.000
2592,2.592000,623136.189394,-1328541.169727,-705404.980333,2.324553e-02,-1771.724154,320.290753,927.664200,0.187,4.342,0.019,0.000,0.000,0.000
2593,2.593000,623140.936898,-1328542.462655,-705401.525757,2.325032e-02,-1771.348168,319.483915,927.837119,0.205,8.868,0.021,0.000,0.000,0.000
2594,2.594000,623143.849362,-1328543.230881,-705399.381519,2.325329e-02,-1771.084630,318.866174,927.916720,0.187,3.103,0.019,0.000,0.000,0.000
2595,2.595000,623145.860582,-1328543.683898,-705397.823316,2.325544e-02,-1771.146914,318.001748,927.886965,0.186,11.380,0.020,0.000,0.000,0.000
2596,2.596000,623147.737752,-1328543.783653,-705396.045902,2.325790e-02,-1771.417375,316.535444,927.585289,0.269,8.515,0.052,0.000,0.000,0.000
2597,2.597000,623149.113820,-1328543.580136,-705394.466315,2.326009e-02,-1771.616850,315.120731,927.335654,0.226,3.133,0.022,0.000,0.000,0.000
2598,2.598000,623149.942621,-1328543.099449,-705393.156828,2.326190e-02,-1771.314734,314.545181,927.768781,0.214,6.200,0.020,0.000,0.000,0.000
2599,2.599000,623150.615214,-1328542.396143,-705391.780929,2.326381e-02,-1770.836312,314.518505,928.353177,0.217,6.153,0.033,0.000,0.000,0.000
2600,2.600000,623151.097678,-1328541.604128,-705390.506450,2.326557e-02,-1770.513136,313.535705,927.590158,0.203,7.637,0.020,0.000,0.000,0.000
2601,2.601000,623151.236587,-1328540.264030,-705389.027443,2.326762e-02,-1770.177667,312.446213,926.768108,0.202,9.207,0.020,0.000,0.000,0.000
2602,2.602000,623151.262558,-1328538.733797,-705387.471240,2.326978e-02,-1770.103800,311.970422,926.924118,0.209,4.670,0.027,0.000,0.000,0.000
2603,2.603000,623150.995967,-1328537.140218,-705386.144251,2.327162e-02,-1770.244766,311.546168,927.180125,0.202,10.587,0.021,0.000,0.000,0.000
2604,2.604000,623151.253892,-1328535.418440,-705384.164547,2.327436e-02,-1770.351534,311.335832,927.381235,0.215,3.110,0.021,0.000,0.000,0.000
2605,2.605000,623152.044197,-1328533.661775,-705381.617579,2.327788e-02,-1770.466578,311.025379,927.715437,0.200,9.214,0.022,0.000,0.000,0.000
2606,2.606000,623153.893767,-1328531.791824,-705377.898057,2.328303e-02,-1770.877192,310.301892,928.458265,0.202,4.695,0.027,0.000,0.000,0.000
2607,2.607000,623155.142009,-1328529.745651,-705374.603642,2.328760e-02,-1771.309191,309.713599,929.073340,0.194,9.213,0.019,0.000,0.000,0.000
2608,2.608000,623153.491271,-1328527.576712,-705374.085441,2.328831e-02,-1771.191011,308.942235,929.686184,0.196,4.678,0.023,0.000,0.000,0.000
2609,2.609000,623151.997833,-1328525.170555,-705373.172722,2.328958e-02,-1771.962886,308.368557,930.760267,0.190,9.219,0.019,0.000,0.000,0.000
2610,2.610000,623151.002479,-1328522.419595,-705371.417116,2.329201e-02,-1773.011152,308.323883,931.757484,0.228,9.224,0.021,0.000,0.000,0.000
2611,2.611000,623148.727912,-1328519.348121,-705370.620210,2.329311e-02,-1772.901660,308.454908,932.094900,0.245,3.140,0.026,0.000,0.000,0.000
2612,2.612000,623145.932441,-1328516.014194,-705370.081752,2.329386e-02,-1772.711124,308.671180,931.991445,0.234,6.209,0.026,0.000,0.000,0.000
2613,2.613000,623143.276216,-1328512.582075,-705369.305859,2.329493e-02,-1773.146194,307.444209,931.299263,0.234,6.206,0.023,0.000,0.000,0.000
2614,2.614000,623139.866575,-1328508.853240,-705368.986665,2.329537e-02,-1773.670823,305.463487,930.140019,0.212,7.630,0.019,0.000,0.000,0.000
2615,2.615000,623135.290391,-1328504.897236,-705369.606846,2.329451e-02,-1773.814164,303.503232,928.162783,0.209,9.206,0.025,0.000,0.000,0.000
2616,2.616000,623130.566198,-1328500.427729,-705369.861531,2.329416e-02,-1774.364897,300.965865,926.173845,0.204,4.612,0.021,0.000,0.000,0.000
2617,2.617000,623125.448909,-1328495.656197,-705370.207289,2.329368e-02,-1774.865004,299.181087,924.804949,0.228,10.637,0.019,0.000,0.000,0.000
2618,2.618000,623120.277485,-1328490.401455,-705370.123970,2.329380e-02,-1775.289753,298.647845,924.420362,0.206,3.107,0.023,0.000,0.000,0.000
2619,2.619000,623115.836997,-1328484.935315,-705369.098318,2.329522e-02,-1776.078371,297.883018,924.768526,0.198,9.212,0.019,0.000,0.000,0.000
2620,2.620000,623110.742449,-1328479.302350,-705368.559901,2.329596e-02,-1776.258424,297.175789,922.807030,0.193,4.617,0.019,0.000,0.000,0.000
2621,2.621000,623104.448501,-1328472.965492,-705368.516991,2.329602e-02,-1776.233681,296.803518,921.242130,0.224,9.242,0.023,0.000,0.000,0.000
2622,2.622000,623097.544540,-1328466.532806,-705368.988266,2.329537e-02,-1776.036834,296.474331,920.028619,0.207,9.238,0.021,0.000,0.000,0.000
2623,2.623000,623090.622940,-1328459.661240,-705369.038300,2.329530e-02,-1775.615903,296.705650,917.671323,0.215,4.634,0.018,0.000,0.000,0.000
2624,2.624000,623083.887377,-1328452.661138,-705368.773761,2.329567e-02,-1775.314899,297.451880,916.185578,0.201,8.843,0.020,0.000,0.000,0.000
2625,2.625000,623076.891706,-1328445.127089,-705368.235383,2.329641e-02,-1774.695458,298.148200,915.020804,0.189,4.643,0.019,0.000,0.000,0.000
2626,2.626000,623071.313919,-1328437.148812,-705365.834893,2.329974e-02,-1774.153997,298.821000,913.632292,0.192,10.581,0.020,0.000,0.000,0.000
2627,2.627000,623065.521027,-1328428.797342,-705363.276314,2.330328e-02,-1773.873144,299.248856,913.115188,0.196,4.684,0.019,0.000,0.000,0.000
2628,2.628000,623058.112618,-1328420.219982,-705362.107364,2.330490e-02,-1774.419097,299.148187,913.153339,0.190,9.226,0.020,0.000,0.000,0.000
2629,2.629000,623049.598607,-1328411.177536,-705361.578929,2.330563e-02,-1775.156424,299.443076,912.606381,0.197,9.206,0.019,0.000,0.000,0.000
2630,2.630000,623040.968129,-1328401.668331,-705360.700202,2.330685e-02,-1775.520407,300.468706,912.110176,0.187,4.671,0.019,0.000,0.000,0.000
2631,2.631000,623032.214898,-1328391.821199,-705359.606302,2.330836e-02,-1775.882609,301.496707,911.690096,0.184,9.223,0.019,0.000,0.000,0.000
2632,2.632000,623021.459516,-1328381.561697,-705360.102181,2.330767e-02,-1775.999148,302.439421,910.903427,0.195,4.690,0.019,0.000,0.000,0.000
2633,2.633000,623010.125502,-1328370.841319,-705360.715818,2.330683e-02,-1776.187500,303.180294,910.312018,0.207,9.135,0.020,0.000,0.000,0.000
2634,2.634000,622999.145196,-1328359.703925,-705360.558729,2.330704e-02,-1776.179928,303.497085,910.587873,0.205,4.508,0.021,0.000,0.000,0.000
2635,2.635000,622988.535176,-1328348.177746,-705359.642571,2.330831e-02,-1776.094502,303.792192,911.062849,0.190,8.752,0.019,0.000,0.000,0.000
2636,2.636000,622977.892291,-1328336.226532,-705358.334241,2.331012e-02,-1776.130418,304.030766,911.560104,0.233,4.687,0.024,0.000,0.000,0.000
2637,2.637000,622966.202493,-1328323.962873,-705357.760379,2.331092e-02,-1776.082547,303.577077,912.647812,0.205,7.612,0.021,0.000,0.000,0.000
2638,2.638000,622954.130918,-1328311.304563,-705357.173645,2.331173e-02,-1776.368503,302.344190,914.049510,0.206,3.090,0.019,0.000,0.000,0.000
2639,2.639000,622941.890081,-1328298.277247,-705356.387166,2.331282e-02,-1777.225387,301.469546,915.403440,0.198,10.212,0.019,0.000,0.000,0.000
2640,2.640000,622928.569077,-1328284.626110,-705356.057032,2.331328e-02,-1778.490726,301.482299,916.600143,0.203,4.613,0.022,0.000,0.000,0.000
2641,2.641000,622914.643154,-1328270.546798,-705355.903644,2.331349e-02,-1779.166221,301.115774,918.109395,0.198,9.215,0.021,0.000,0.000,0.000
2642,2.642000,622900.989331,-1328256.038046,-705355.048715,2.331467e-02,-1779.568970,301.323793,919.944531,0.186,4.681,0.019,0.000,0.000,0.000
2643,2.643000,622886.667190,-1328240.988281,-705354.321091,2.331568e-02,-1780.530653,301.801000,921.933877,0.182,9.159,0.019,0.000,0.000,0.000
2644,2.644000,622872.080679,-1328225.388595,-705353.307916,2.331708e-02,-1781.623208,301.463622,923.901248,0.179,4.681,0.018,0.000,0.000,0.000
2645,2.645000,622857.970965,-1328209.389740,-705351.418774,2.331970e-02,-1782.666660,301.314017,925.570450,0.192,9.225,0.020,0.000,0.000,0.000
2646,2.646000,622843.804597,-1328192.985253,-705349.180656,2.332280e-02,-1783.379317,301.456383,927.135130,0.188,9.164,0.019,0.000,0.000,0.000
2647,2.647000,622829.346196,-1328176.481672,-705347.135476,2.332563e-02,-1783.626675,301.493675,928.256853,0.178,4.664,0.019,0.000,0.000,0.000
2648,2.648000,622814.151345,-1328159.688193,-705345.536849,2.332784e-02,-1783.721120,301.420550,929.133724,0.178,6.138,0.018,0.000,0.000,0.000
2649,2.649000,622798.475101,-1328142.781179,-705344.306078,2.332955e-02,-1783.828591,301.654930,929.840258,0.179,6.182,0.019,0.000,0.000,0.000
2650,2.650000,622782.854849,-1328125.807316,-705342.952467,2.333142e-02,-1784.265660,301.444970,931.112151,0.178,7.697,0.022,0.000,0.000,0.000
2651,2.651000,622767.891175,-1328108.596380,-705340.705205,2.333453e-02,-1784.474374,300.563681,932.728029,0.231,9.238,0.020,0.000,0.000,0.000
2652,2.652000,622753.682042,-1328091.255136,-705337.573094,2.333887e-02,-1784.236629,300.035321,933.907457,0.209,4.692,0.022,0.000,0.000,0.000
2653,2.653000,622739.410870,-1328073.775874,-705334.365004,2.334331e-02,-1784.038702,299.572505,935.492589,0.245,9.075,0.027,0.000,0.000,0.000
2654,2.654000,622723.534116,-1328056.076635,-705332.542519,2.334584e-02,-1784.118808,298.752757,936.947216,0.203,4.618,0.020,0.000,0.000,0.000
2655,2.655000,622706.224299,-1328038.157783,-705331.933484,2.334668e-02,-1784.558583,298.136490,937.877015,0.211,7.707,0.020,0.000,0.000,0.000
2656,2.656000,622689.085792,-1328019.974936,-705330.889145,2.334813e-02,-1784.951466,297.337881,938.690050,0.187,4.600,0.018,0.000,0.000,0.000
2657,2.657000,622672.541156,-1328001.522495,-705328.981339,2.335077e-02,-1785.432778,296.389527,939.256628,0.200,4.710,0.020,0.000,0.000,0.000
2658,2.658000,622656.653629,-1327982.734617,-705326.080988,2.335478e-02,-1785.931001,295.781361,939.232281,0.185,10.651,0.018,0.000,0.000,0.000
2659,2.659000,622639.582789,-1327963.670595,-705324.087806,2.335754e-02,-1786.124571,295.564306,939.013039,0.192,4.683,0.019,0.000,0.000,0.000
2660,2.660000,622621.551764,-1327944.285807,-705322.734043,2.335942e-02,-1785.946070,295.591998,939.015366,0.179,10.668,0.018,0.000,0.000,0.000
2661,2.661000,622603.189421,-1327924.783732,-705321.594311,2.336100e-02,-1786.021214,295.248867,939.483378,0.230,4.671,0.025,0.000,0.000,0.000
2662,2.662000,622584.572956,-1327904.879690,-705320.306735,2.336278e-02,-1786.418088,294.345932,940.222988,0.199,9.208,0.020,0.000,0.000,0.000
2663,2.663000,622566.034055,-1327884.539383,-705318.505328,2.336527e-02,-1786.649303,293.815922,940.486357,0.200,4.678,0.020,0.000,0.000,0.000
2664,2.664000,622546.669188,-1327863.981312,-705317.312124,2.336693e-02,-1786.855401,293.862511,940.935412,0.195,7.401,0.019,0.000,0.000,0.000
2665,2.665000,622527.297997,-1327843.239526,-705315.941529,2.336882e-02,-1787.398428,293.945816,941.767257,0.196,4.677,0.020,0.000,0.000,0.000
2666,2.666000,622507.430249,-1327822.331628,-705314.901379,2.337026e-02,-1788.041888,293.882746,942.394769,0.194,10.633,0.019,0.000,0.000,0.000
2667,2.667000,622487.379061,-1327801.298560,-705313.919499,2.337162e-02,-1788.169908,294.292518,943.566132,0.216,3.180,0.023,0.000,0.000,0.000
2668,2.668000,622467.651966,-1327780.020744,-705312.368778,2.337377e-02,-1788.321352,294.837750,945.445468,0.181,9.122,0.019,0.000,0.000,0.000
2669,2.669000,622447.625217,-1327758.526091,-705310.900874,2.337580e-02,-1788.459111,295.106112,946.991354,0.184,4.683,0.017,0.000,0.000,0.000
2670,2.670000,622427.930370,-1327737.020165,-705309.089795,2.337831e-02,-1788.370819,295.516113,948.811161,0.183,9.227,0.019,0.000,0.000,0.000
2671,2.671000,622408.671566,-1327715.422511,-705306.750945,2.338155e-02,-1788.260405,296.434924,951.267580,0.183,4.600,0.018,0.000,0.000,0.000
2672,2.672000,622389.227528,-1327693.773498,-705304.545970,2.338460e-02,-1788.222162,297.075464,953.476274,0.212,9.130,0.021,0.000,0.000,0.000
2673,2.673000,622370.675995,-1327671.951370,-705301.275375,2.338913e-02,-1788.521041,297.392591,955.083895,0.199,4.691,0.020,0.000,0.000,0.000
2674,2.674000,622352.496641,-1327650.175852,-705297.679212,2.339411e-02,-1789.097660,297.607988,956.645514,0.178,9.163,0.020,0.000,0.000,0.000
2675,2.675000,622332.757745,-1327628.277004,-705295.519258,2.339710e-02,-1789.658582,297.693126,957.460055,0.179,10.314,0.017,0.000,0.000,0.000
2676,2.676000,622313.302389,-1327606.496131,-705293.193742,2.340032e-02,-1790.204321,298.410548,958.449986,0.181,4.677,0.018,0.000,0.000,0.000
2677,2.677000,622293.879322,-1327584.650871,-705290.771549,2.340368e-02,-1790.869009,299.266106,959.690029,0.234,4.719,0.027,0.000,0.000,0.000
2678,2.678000,622273.961790,-1327562.849838,-705288.888048,2.340628e-02,-1791.560419,300.197512,960.737040,0.203,9.207,0.019,0.000,0.000,0.000
2679,2.679000,622255.091084,-1327540.983392,-705285.892308,2.341043e-02,-1792.001802,301.429740,962.162131,0.200,4.622,0.019,0.000,0.000,0.000
2680,2.680000,622236.014371,-1327519.174027,-705283.159656,2.341421e-02,-1792.380209,302.162789,962.966669,0.190,10.651,0.018,0.000,0.000,0.000
2681,2.681000,622216.417759,-1327497.446918,-705281.029159,2.341717e-02,-1793.033916,303.044220,963.881766,0.213,4.616,0.023,0.000,0.000,0.000
2682,2.682000,622197.473182,-1327475.764303,-705278.291121,2.342096e-02,-1793.453897,304.213068,964.752178,0.205,9.174,0.018,0.000,0.000,0.000
2683,2.683000,622178.825560,-1327454.042550,-705275.216990,2.342521e-02,-1793.592236,305.192255,965.140038,0.199,4.624,0.023,0.000,0.000,0.000
2684,2.684000,622161.086925,-1327432.327959,-705271.241034,2.343072e-02,-1793.878757,306.907180,966.542324,0.183,7.638,0.020,0.000,0.000,0.000
2685,2.685000,622143.540281,-1327410.190570,-705266.650289,2.343708e-02,-1794.341694,308.648878,968.804270,0.183,3.094,0.018,0.000,0.000,0.000
2686,2.686000,622126.394562,-1327387.676334,-705261.281773,2.344451e-02,-1794.712441,310.458736,971.360925,0.180,10.721,0.018,0.000,0.000,0.000
2687,2.687000,622108.834920,-1327364.827244,-705255.992324,2.345183e-02,-1795.027584,311.955035,973.346836,0.195,9.168,0.022,0.000,0.000,0.000
2688,2.688000,622090.947235,-1327342.153527,-705251.206292,2.345846e-02,-1794.957528,312.955742,975.701321,0.190,4.625,0.022,0.000,0.000,0.000
2689,2.689000,622072.843287,-1327319.042137,-705246.198850,2.346539e-02,-1794.684820,314.356485,979.144184,0.192,8.777,0.027,0.000,0.000,0.000
2690,2.690000,622053.633961,-1327295.429853,-705241.795892,2.347149e-02,-1794.573578,315.624355,981.745310,0.219,4.698,0.024,0.000,0.000,0.000
2691,2.691000,622034.160161,-1327271.445440,-705237.285279,2.347774e-02,-1793.886581,317.178475,984.228795,0.226,9.179,0.022,0.000,0.000,0.000
2692,2.692000,622012.818798,-1327246.929600,-705234.110802,2.348213e-02,-1793.253704,317.961547,986.104624,0.237,7.668,0.021,0.000,0.000,0.000
2693,2.693000,621990.033574,-1327222.157594,-705232.124020,2.348488e-02,-1793.401575,317.676704,986.934812,0.218,4.605,0.021,0.000,0.000,0.000
2694,2.694000,621970.315082,-1327197.110890,-705226.795807,2.349226e-02,-1794.582497,320.220214,992.877629,0.213,9.220,0.021,0.000,0.000,0.000
2695,2.695000,621949.691356,-1327170.470942,-705220.779586,2.350059e-02,-1795.537448,323.969019,1000.307940,0.194,3.098,0.019,0.000,0.000,0.000
2696,2.696000,621930.400976,-1327143.490874,-705213.089899,2.351124e-02,-1796.308841,328.104101,1008.241245,0.200,9.038,0.024,0.000,0.000,0.000
2697,2.697000,621909.423918,-1327114.767847,-705205.343929,2.352196e-02,-1796.733556,331.348565,1014.089083,0.195,4.682,0.020,0.000,0.000,0.000
2698,2.698000,621884.177836,-1327085.948180,-705201.770344,2.352691e-02,-1796.608521,331.450177,1013.478622,0.187,8.985,0.019,0.000,0.000,0.000
2699,2.699000,621859.238655,-1327057.067344,-705197.828689,2.353237e-02,-1796.780012,332.547651,1014.753861,0.191,9.209,0.020,0.000,0.000,0.000
2700,2.700000,621833.020507,-1327027.690232,-705194.669725,2.353674e-02,-1796.609976,335.150490,1017.809532,0.186,4.661,0.019,0.000,0.000,0.000
2701,2.701000,621805.791773,-1326997.794318,-705192.002545,2.354044e-02,-1796.416444,337.976306,1020.742480,0.233,9.771,0.027,0.000,0.000,0.000
2702,2.702000,621778.396015,-1326967.294831,-705188.898816,2.354474e-02,-1796.030133,340.914418,1024.281924,0.217,3.177,0.021,0.000,0.000,0.000
2703,2.703000,621751.201720,-1326936.157024,-705184.955304,2.355020e-02,-1795.585361,343.775924,1027.673528,0.203,9.043,0.021,0.000,0.000,0.000
2704,2.704000,621724.106490,-1326904.361071,-705180.254581,2.355670e-02,-1795.320363,346.651993,1030.701350,0.198,4.688,0.019,0.000,0.000,0.000
2705,2.705000,621695.943963,-1326871.855725,-705175.911762,2.356272e-02,-1795.130237,349.478277,1034.429181,0.189,9.238,0.019,0.000,0.000,0.000
2706,2.706000,621665.749741,-1326838.634091,-705172.884351,2.356691e-02,-1795.081011,351.664816,1037.252687,0.206,4.690,0.019,0.000,0.000,0.000
2707,2.707000,621634.157962,-1326804.939896,-705170.781934,2.356982e-02,-1795.072817,352.706550,1037.890528,0.195,9.128,0.020,0.000,0.000,0.000
2708,2.708000,621601.784098,-1326771.028374,-705169.244277,2.357195e-02,-1794.637835,353.890881,1037.354118,0.193,3.135,0.047,0.000,0.000,0.000
2709,2.709000,621569.505020,-1326736.603771,-705167.098751,2.357492e-02,-1794.298915,355.737538,1038.072994,0.197,9.153,0.022,0.000,0.000,0.000
2710,2.710000,621538.606027,-1326701.727565,-705163.121538,2.358043e-02,-1794.130072,356.477536,1039.359043,0.195,4.681,0.018,0.000,0.000,0.000
2711,2.711000,621507.322378,-1326666.632039,-705159.309661,2.358571e-02,-1793.078569,356.975271,1040.040965,0.183,8.871,0.017,0.000,0.000,0.000
2712,2.712000,621473.852238,-1326631.185377,-705157.333140,2.358844e-02,-1791.941259,358.586024,1040.037239,0.191,4.668,0.022,0.000,0.000,0.000
2713,2.713000,621439.859072,-1326595.204417,-705155.345344,2.359120e-02,-1795.251008,359.178338,1033.981968,0.193,10.417,0.024,0.000,0.000,0.000
2714,2.714000,621404.953140,-1326557.587358,-705152.634217,2.359495e-02,-1799.050015,358.857473,1028.302331,0.192,4.259,0.022,0.000,0.000,0.000
2715,2.715000,621368.619119,-1326519.816177,-705151.197058,2.359694e-02,-1799.998140,359.038631,1026.734955,0.181,10.334,0.020,0.000,0.000,0.000
2716,2.716000,621331.217180,-1326481.538882,-705150.321702,2.359815e-02,-1801.161842,359.238322,1024.076594,0.179,10.621,0.020,0.000,0.000,0.000
2717,2.717000,621294.087766,-1326442.717288,-705148.629522,2.360050e-02,-1801.748258,359.604844,1022.872852,0.227,4.258,0.024,0.000,0.000,0.000
2718,2.718000,621257.956954,-1326403.654693,-705145.697739,2.360455e-02,-1802.676978,359.830322,1022.059947,0.210,8.773,0.020,0.000,0.000,0.000
2719,2.719000,621221.551135,-1326364.047308,-705142.496172,2.360899e-02,-1803.805254,360.038101,1020.784790,0.199,3.092,0.021,0.000,0.000,0.000
2720,2.720000,621184.854585,-1326324.039928,-705139.185343,2.361357e-02,-1805.347382,360.235713,1020.119499,0.206,9.166,0.025,0.000,0.000,0.000
2721,2.721000,621149.623715,-1326283.441256,-705133.817541,2.362100e-02,-1807.894318,360.202197,1019.228215,0.195,4.617,0.020,0.000,0.000,0.000
2722,2.722000,621113.126169,-1326242.181778,-705129.055609,2.362760e-02,-1809.286149,360.334413,1018.182969,0.186,6.189,0.019,0.000,0.000,0.000
2723,2.723000,621075.599711,-1326200.533325,-705124.933613,2.363331e-02,-1812.490201,360.549995,1015.631129,0.200,7.690,0.018,0.000,0.000,0.000
2724,2.724000,621038.182292,-1326157.855435,-705119.673143,2.364059e-02,-1816.622392,360.009910,1012.748085,0.183,4.616,0.018,0.000,0.000,0.000
2725,2.725000,621000.181367,-1326114.617424,-705114.436058,2.364784e-02,-1818.607599,359.301306,1011.828691,0.233,7.652,0.025,0.000,0.000,0.000
2726,2.726000,620961.738342,-1326070.710883,-705108.972541,2.365541e-02,-1820.272024,359.105272,1010.805772,0.239,9.037,0.025,0.000,0.000,0.000
2727,2.727000,620922.581086,-1326026.246522,-705103.665437,2.366276e-02,-1820.666725,359.331679,1009.486050,0.218,4.681,0.022,0.000,0.000,0.000
2728,2.728000,620882.700868,-1325981.173802,-705098.472934,2.366995e-02,-1820.797947,359.578673,1008.720713,0.213,10.682,0.023,0.000,0.000,0.000
2729,2.729000,620841.576530,-1325935.479514,-705093.902984,2.367627e-02,-1821.169806,359.509999,1008.436308,0.221,4.307,0.021,0.000,0.000,0.000
2730,2.730000,620800.744436,-1325889.501856,-705088.757419,2.368340e-02,-1820.742308,360.870076,1009.015370,0.192,9.216,0.018,0.000,0.000,0.000
2731,2.731000,620758.924127,-1325842.759562,-705083.835435,2.369021e-02,-1820.146445,362.729545,1009.772695,0.199,4.129,0.019,0.000,0.000,0.000
2732,2.732000,620715.288815,-1325795.546241,-705080.257426,2.369517e-02,-1820.219017,363.654411,1010.299512,0.238,7.645,0.021,0.000,0.000,0.000
2733,2.733000,620670.491143,-1325747.828328,-705077.337185,2.369921e-02,-1820.859254,364.196895,1010.428502,0.231,9.226,0.022,0.000,0.000,0.000
2734,2.734000,620625.087485,-1325699.535696,-705074.448211,2.370321e-02,-1822.021163,364.808359,1010.633443,0.293,3.131,0.023,0.000,0.000,0.000
2735,2.735000,620579.521772,-1325650.799437,-705071.277664,2.370760e-02,-1822.751863,365.346192,1011.111955,0.221,10.677,0.020,0.000,0.000,0.000
2736,2.736000,620534.653081,-1325601.868819,-705067.215738,2.371323e-02,-1822.965058,365.543145,1011.304068,0.267,4.689,0.026,0.000,0.000,0.000
2737,2.737000,620489.834373,-1325552.672802,-705062.838429,2.371929e-02,-1823.612815,365.843549,1011.095113,0.203,8.957,0.022,0.000,0.000,0.000
2738,2.738000,620446.636692,-1325503.251866,-705056.615174,2.372790e-02,-1826.299434,365.257061,1007.293678,0.201,4.334,0.020,0.000,0.000,0.000
2739,2.739000,620404.787907,-1325452.931930,-705048.144023,2.373963e-02,-1830.954267,363.635507,1000.289814,0.215,8.864,0.020,0.000,0.000,0.000
2740,2.740000,620361.262760,-1325401.789767,-705040.527007,2.375018e-02,-1835.743000,361.953343,993.314701,0.197,9.156,0.019,0.000,0.000,0.000
2741,2.741000,620317.059339,-1325349.865557,-705032.806217,2.376087e-02,-1840.720650,360.338319,986.233367,0.189,3.089,0.024,0.000,0.000,0.000
2742,2.742000,620271.794704,-1325297.200283,-705025.405579,2.377112e-02,-1845.863835,358.840543,979.150244,0.223,10.748,0.025,0.000,0.000,0.000
2743,2.743000,620223.477701,-1325243.771491,-705020.293790,2.377820e-02,-1848.966274,358.179932,975.197376,0.206,4.667,0.020,0.000,0.000,0.000
2744,2.744000,620172.625187,-1325190.379995,-705017.754808,2.378171e-02,-1849.747710,359.058144,974.721312,0.204,9.121,0.020,0.000,0.000,0.000
2745,2.745000,620120.355654,-1325136.794452,-705016.438797,2.378354e-02,-1850.398304,360.185097,974.087340,0.197,4.622,0.021,0.000,0.000,0.000
2746,2.746000,620067.885241,-1325082.944296,-705015.059055,2.378545e-02,-1851.302502,360.627313,973.200718,0.195,8.726,0.018,0.000,0.000,0.000
2747,2.747000,620015.729571,-1325028.932781,-705013.203210,2.378802e-02,-1852.463958,361.006430,972.577103,0.195,8.758,0.024,0.000,0.000,0.000
2748,2.748000,619964.289353,-1324974.811887,-705010.522534,2.379173e-02,-1853.344878,361.276263,972.374394,0.232,3.098,0.020,0.000,0.000,0.000
2749,2.749000,619913.888920,-1324921.010914,-705007.121994,2.379644e-02,-1854.385181,361.242576,971.686848,0.200,9.130,0.020,0.000,0.000,0.000
2750,2.750000,619863.669236,-1324867.363085,-705003.693849,2.380118e-02,-1855.824781,361.288787,970.080968,0.213,4.719,0.020,0.000,0.000,0.000
2751,2.751000,619813.207976,-1324813.817993,-705000.610017,2.380545e-02,-1857.172570,361.424929,968.940756,0.199,8.950,0.023,0.000,0.000,0.000
2752,2.752000,619763.574358,-1324760.287428,-704996.713070,2.381085e-02,-1858.288688,361.563985,968.238500,0.192,8.837,0.018,0.000,0.000,0.000
2753,2.753000,619714.208130,-1324706.810443,-704992.602313,2.381654e-02,-1859.141524,361.649462,967.461056,0.198,4.680,0.020,0.000,0.000,0.000
2754,2.754000,619664.441737,-1324653.362651,-704988.920914,2.382164e-02,-1860.140398,361.658513,966.732532,0.192,10.649,0.021,0.000,0.000,0.000
2755,2.755000,619615.324880,-1324599.942552,-704984.617673,2.382760e-02,-1861.534119,361.634946,965.559736,0.191,3.144,0.025,0.000,0.000,0.000
2756,2.756000,619567.601408,-1324546.725170,-704979.123762,2.383520e-02,-1863.813686,361.666748,964.276090,0.181,9.165,0.019,0.000,0.000,0.000
2757,2.757000,619520.510098,-1324493.479720,-704972.969623,2.384373e-02,-1865.289985,362.036634,964.102716,0.184,3.090,0.019,0.000,0.000,0.000
2758,2.758000,619473.515133,-1324440.600321,-704967.085187,2.385187e-02,-1865.547461,362.400321,964.495730,0.214,6.141,0.018,0.000,0.000,0.000
2759,2.759000,619427.228684,-1324388.085902,-704960.857218,2.386050e-02,-1866.191660,362.844520,964.060275,0.225,6.188,0.021,0.000,0.000,0.000
2760,2.760000,619379.970246,-1324335.503577,-704955.533331,2.386787e-02,-1867.297114,363.109879,962.420944,0.197,7.709,0.019,0.000,0.000,0.000
2761,2.761000,619333.207418,-1324283.022795,-704949.815378,2.387579e-02,-1867.939366,363.262049,960.639533,0.187,4.598,0.019,0.000,0.000,0.000
2762,2.762000,619287.344412,-1324230.349267,-704943.004854,2.388522e-02,-1867.878230,363.881863,959.600820,0.203,10.640,0.021,0.000,0.000,0.000
2763,2.763000,619240.642052,-1324177.685652,-704937.043600,2.389347e-02,-1867.906242,364.513536,959.617607,0.227,3.992,0.021,0.000,0.000,0.000
2764,2.764000,619193.727604,-1324125.128207,-704931.400603,2.390129e-02,-1869.378895,364.790459,959.639650,0.209,9.207,0.020,0.000,0.000,0.000
2765,2.765000,619145.363365,-1324072.211742,-704926.848377,2.390759e-02,-1871.086135,364.760686,958.938526,0.182,4.682,0.019,0.000,0.000,0.000
2766,2.766000,619097.554613,-1324019.329282,-704921.774669,2.391461e-02,-1872.277811,364.573288,957.601858,0.183,9.167,0.019,0.000,0.000,0.000
2767,2.767000,619050.098794,-1323966.201531,-704916.102737,2.392247e-02,-1874.040658,364.434241,955.571790,0.182,4.684,0.019,0.000,0.000,0.000
2768,2.768000,619002.468534,-1323912.797350,-704910.328816,2.393046e-02,-1875.053609,363.496690,954.829442,0.183,8.515,0.019,0.000,0.000,0.000
2769,2.769000,618954.049363,-1323859.153162,-704905.103799,2.393770e-02,-1875.372672,362.410310,954.809037,0.185,9.124,0.021,0.000,0.000,0.000
2770,2.770000,618905.465837,-1323805.463961,-704899.998124,2.394477e-02,-1875.832278,361.805258,953.037525,0.202,3.036,0.020,0.000,0.000,0.000
2771,2.771000,618858.006669,-1323751.486259,-704893.479590,2.395379e-02,-1876.656895,360.888293,950.334079,0.189,4.607,0.025,0.000,0.000,0.000
2772,2.772000,618810.005660,-1323697.251210,-704887.245550,2.396243e-02,-1877.765009,360.199583,947.910640,0.180,4.653,0.026,0.000,0.000,0.000
2773,2.773000,618765.658165,-1323642.737903,-704877.079739,2.397650e-02,-1880.080233,358.440943,947.565719,0.215,7.643,0.022,0.000,0.000,0.000
2774,2.774000,618720.343582,-1323586.633925,-704866.290343,2.399144e-02,-1881.737434,356.843036,948.286702,0.205,4.679,0.018,0.000,0.000,0.000
2775,2.775000,618671.419009,-1323530.147551,-704858.728542,2.400191e-02,-1881.812552,356.656373,947.616245,0.208,9.223,0.020,0.000,0.000,0.000
2776,2.776000,618622.456752,-1323473.107640,-704850.650888,2.401310e-02,-1882.015116,357.003186,946.105053,0.196,4.677,0.020,0.000,0.000,0.000
2777,2.777000,618572.629490,-1323415.571317,-704842.941827,2.402377e-02,-1882.367293,357.947661,944.551446,0.185,9.222,0.019,0.000,0.000,0.000
2778,2.778000,618520.529695,-1323357.551706,-704837.022011,2.403197e-02,-1882.831528,359.178296,943.250835,0.185,4.658,0.018,0.000,0.000,0.000
2779,2.779000,618466.125703,-1323299.128703,-704833.003001,2.403753e-02,-1882.738153,360.272183,941.620787,0.207,9.116,0.021,0.000,0.000,0.000
2780,2.780000,618411.715694,-1323240.374631,-704828.658937,2.404355e-02,-1882.462744,360.212493,940.161192,0.198,3.183,0.021,0.000,0.000,0.000
2781,2.781000,618358.129489,-1323181.398031,-704823.268542,2.405101e-02,-1883.065349,359.629211,938.479975,0.199,8.915,0.019,0.000,0.000,0.000
2782,2.782000,618303.430464,-1323122.039917,-704818.609452,2.405746e-02,-1883.476089,359.247781,937.083189,0.179,5.794,0.020,0.000,0.000,0.000
2783,2.783000,618247.114991,-1323062.588433,-704815.473442,2.406181e-02,-1883.473268,359.065550,936.117300,0.216,9.206,0.020,0.000,0.000,0.000
2784,2.784000,618190.987625,-1323002.933884,-704811.946259,2.406669e-02,-1884.399398,359.014876,935.005893,0.208,4.636,0.028,0.000,0.000,0.000
2785,2.785000,618139.217858,-1322943.108398,-704803.890541,2.407785e-02,-1887.498894,358.646957,932.733303,0.218,9.236,0.022,0.000,0.000,0.000
2786,2.786000,618087.236546,-1322882.077563,-704794.841017,2.409038e-02,-1890.807932,358.279955,929.193066,0.196,4.660,0.020,0.000,0.000,0.000
2787,2.787000,618038.014129,-1322820.861537,-704782.847407,2.410698e-02,-1894.637143,357.220067,928.495593,0.193,10.733,0.018,0.000,0.000,0.000
2788,2.788000,617986.931157,-1322757.998373,-704771.067216,2.412330e-02,-1898.602728,355.931043,928.061743,0.194,4.634,0.019,0.000,0.000,0.000
2789,2.789000,617930.141138,-1322694.990071,-704764.848933,2.413191e-02,-1899.756474,355.991258,926.131017,0.189,9.125,0.019,0.000,0.000,0.000
2790,2.790000,617875.193960,-1322631.573103,-704756.379143,2.414363e-02,-1901.745212,355.619172,922.813699,0.185,4.676,0.018,0.000,0.000,0.000
2791,2.791000,617820.670778,-1322567.218792,-704746.548014,2.415725e-02,-1905.549068,354.276593,916.855148,0.183,7.630,0.019,0.000,0.000,0.000
2792,2.792000,617762.879332,-1322502.164326,-704739.284995,2.416730e-02,-1907.522406,354.350596,913.510029,0.183,9.208,0.018,0.000,0.000,0.000
2793,2.793000,617701.472272,-1322436.629460,-704735.157188,2.417302e-02,-1906.468595,355.754420,915.557049,0.228,4.559,0.025,0.000,0.000,0.000
2794,2.794000,617639.741422,-1322370.813757,-704731.072335,2.417867e-02,-1905.797148,355.115431,919.328545,0.204,10.679,0.021,0.000,0.000,0.000
2795,2.795000,617579.160643,-1322304.538310,-704725.377667,2.418656e-02,-1907.176140,352.587291,922.944042,0.210,3.088,0.019,0.000,0.000,0.000
2796,2.796000,617520.491731,-1322238.045704,-704717.553973,2.419739e-02,-1908.182665,350.951406,928.033295,0.189,9.114,0.019,0.000,0.000,0.000
2797,2.797000,617459.851029,-1322170.851306,-704711.000276,2.420647e-02,-1908.146606,350.579986,931.082223,0.187,4.681,0.019,0.000,0.000,0.000
2798,2.798000,617400.025805,-1322104.038618,-704704.012814,2.421614e-02,-1908.142326,349.820755,932.932856,0.205,9.211,0.020,0.000,0.000,0.000
2799,2.799000,617343.468825,-1322036.843429,-704693.374604,2.423087e-02,-1909.113430,347.344270,935.877316,0.210,9.223,0.020,0.000,0.000,0.000
2800,2.800000,617283.778309,-1321969.148752,-704685.370443,2.424196e-02,-1909.852253,346.049571,936.937682,0.203,4.619,0.019,0.000,0.000,0.000
2801,2.801000,617224.248878,-1321901.736033,-704677.487155,2.425287e-02,-1910.166112,345.255819,938.088631,0.203,9.137,0.021,0.000,0.000,0.000
2802,2.802000,617168.409730,-1321833.933481,-704665.523751,2.426944e-02,-1911.356228,343.082055,939.819473,0.205,4.602,0.019,0.000,0.000,0.000
2803,2.803000,617116.365236,-1321765.751595,-704649.386359,2.429178e-02,-1915.639895,341.263222,935.692631,0.197,8.921,0.018,0.000,0.000,0.000
2804,2.804000,617058.800475,-1321696.622941,-704637.822466,2.430780e-02,-1919.008248,340.625662,930.369801,0.201,4.670,0.021,0.000,0.000,0.000
2805,2.805000,617002.936869,-1321627.447368,-704624.510500,2.432623e-02,-1920.917370,340.580510,927.036086,0.189,8.982,0.017,0.000,0.000,0.000
2806,2.806000,616946.352513,-1321556.638302,-704610.285788,2.434592e-02,-1922.268061,341.224911,925.523310,0.224,7.645,0.026,0.000,0.000,0.000
2807,2.807000,616880.849871,-1321485.297843,-704604.447972,2.435401e-02,-1921.884896,342.132996,926.524795,0.182,4.680,0.018,0.000,0.000,0.000
2808,2.808000,616822.014993,-1321413.724953,-704591.709960,2.437165e-02,-1926.148329,341.226028,921.264680,0.198,9.160,0.024,0.000,0.000,0.000
2809,2.809000,616771.365076,-1321340.930698,-704569.565621,2.440231e-02,-1934.671390,337.578034,912.782470,0.198,4.663,0.021,0.000,0.000,0.000
2810,2.810000,616716.501309,-1321266.140938,-704549.639629,2.442990e-02,-1936.683693,335.617539,912.327490,0.184,9.148,0.020,0.000,0.000,0.000
2811,2.811000,616655.917988,-1321189.872815,-704533.954828,2.445162e-02,-1932.476978,336.438959,917.335399,0.188,4.635,0.018,0.000,0.000,0.000
2812,2.812000,616594.723775,-1321111.893737,-704517.169962,2.447486e-02,-1929.313051,336.722231,921.282678,0.183,7.618,0.019,0.000,0.000,0.000
2813,2.813000,616526.424402,-1321032.206498,-704505.782096,2.449063e-02,-1928.500964,336.884480,922.485204,0.242,7.629,0.020,0.000,0.000,0.000
2814,2.814000,616455.915596,-1320952.099601,-704496.184005,2.450392e-02,-1929.139343,337.867222,922.102401,0.234,3.097,0.029,0.000,0.000,0.000
2815,2.815000,616384.951703,-1320871.155842,-704486.204140,2.451774e-02,-1930.197219,338.859576,921.857567,0.232,10.747,0.022,0.000,0.000,0.000
2816,2.816000,616310.395187,-1320789.829232,-704479.434045,2.452711e-02,-1932.123117,338.786931,920.461395,0.305,3.131,0.038,0.000,0.000,0.000
2817,2.817000,616235.482373,-1320708.273226,-704472.790853,2.453631e-02,-1934.368010,338.167331,917.735883,0.215,8.910,0.025,0.000,0.000,0.000
2818,2.818000,616160.428787,-1320626.309260,-704465.880473,2.454588e-02,-1937.071039,337.515718,914.692204,0.202,9.063,0.020,0.000,0.000,0.000
2819,2.819000,616085.650479,-1320543.904552,-704458.254073,2.455644e-02,-1939.792490,337.288405,912.039852,0.228,4.695,0.021,0.000,0.000,0.000
2820,2.820000,616010.919809,-1320461.292541,-704450.372731,2.456735e-02,-1942.170956,337.776097,910.361986,0.201,9.221,0.020,0.000,0.000,0.000
2821,2.821000,615935.788614,-1320378.428999,-704442.640385,2.457806e-02,-1944.327401,338.447048,909.293835,0.224,3.095,0.019,0.000,0.000,0.000
2822,2.822000,615860.250433,-1320295.486349,-704435.235917,2.458831e-02,-1946.778003,338.629045,907.627364,0.190,10.750,0.023,0.000,0.000,0.000
2823,2.823000,615784.920680,-1320212.415601,-704427.494921,2.459903e-02,-1949.111527,338.938763,905.960393,0.252,9.204,0.026,0.000,0.000,0.000
2824,2.824000,615708.456676,-1320129.245670,-704420.788994,2.460832e-02,-1951.232138,339.190838,904.154802,0.214,3.098,0.022,0.000,0.000,0.000
2825,2.825000,615631.668728,-1320046.191446,-704414.522718,2.461699e-02,-1953.425994,339.304243,901.814137,0.203,8.889,0.020,0.000,0.000,0.000
2826,2.826000,615556.072735,-1319963.078529,-704407.005794,2.462740e-02,-1955.733946,339.097789,898.729090,0.205,4.690,0.023,0.000,0.000,0.000
2827,2.827000,615480.660053,-1319879.985948,-704399.325895,2.463803e-02,-1958.193831,338.033937,895.478933,0.196,9.208,0.020,0.000,0.000,0.000
2828,2.828000,615405.469703,-1319796.802776,-704391.333073,2.464910e-02,-1960.596634,337.659842,892.429479,0.189,4.690,0.019,0.000,0.000,0.000
2829,2.829000,615330.486142,-1319713.506800,-704383.020658,2.466061e-02,-1963.366261,337.798785,889.821467,0.203,9.170,0.025,0.000,0.000,0.000
2830,2.830000,615253.190344,-1319630.026689,-704376.836345,2.466918e-02,-1966.044300,337.564109,887.599136,0.192,9.149,0.019,0.000,0.000,0.000
2831,2.831000,615175.346219,-1319546.567068,-704371.220849,2.467695e-02,-1968.408149,337.290523,886.021709,0.193,4.328,0.021,0.000,0.000,0.000
2832,2.832000,615097.230798,-1319462.836116,-704365.605318,2.468473e-02,-1970.215431,337.125993,885.778956,0.194,5.612,0.021,0.000,0.000,0.000
2833,2.833000,615018.985421,-1319379.235621,-704360.250201,2.469214e-02,-1972.182760,336.767775,884.541759,0.185,6.014,0.019,0.000,0.000,0.000
2834,2.834000,614942.503320,-1319295.376161,-704352.872840,2.470236e-02,-1975.627373,335.583637,881.511486,0.191,7.375,0.018,0.000,0.000,0.000
2835,2.835000,614866.630492,-1319211.072976,-704344.442484,2.471403e-02,-1979.370968,334.213854,878.434453,0.182,9.214,0.018,0.000,0.000,0.000
2836,2.836000,614787.924855,-1319126.317143,-704338.392288,2.472241e-02,-1981.886357,333.463985,876.717372,0.191,3.102,0.024,0.000,0.000,0.000
2837,2.837000,614706.604759,-1319041.628669,-704335.023911,2.472707e-02,-1982.903810,333.591871,877.065221,0.188,9.194,0.021,0.000,0.000,0.000
2838,2.838000,614624.761983,-1318956.966345,-704332.204363,2.473098e-02,-1983.626277,334.208054,877.541827,0.191,4.681,0.020,0.000,0.000,0.000
2839,2.839000,614543.036863,-1318872.408584,-704329.371720,2.473490e-02,-1984.116275,335.581538,877.942292,0.215,9.149,0.025,0.000,0.000,0.000
2840,2.840000,614461.797484,-1318787.910688,-704326.113204,2.473941e-02,-1984.496051,336.711554,878.647243,0.200,7.651,0.024,0.000,0.000,0.000
2841,2.841000,614381.114835,-1318703.582704,-704322.467868,2.474446e-02,-1985.524548,336.635147,878.229491,0.189,4.676,0.018,0.000,0.000,0.000
2842,2.842000,614302.177150,-1318619.281708,-704317.104558,2.475188e-02,-1986.813136,337.061673,877.209321,0.246,9.164,0.034,0.000,0.000,0.000
2843,2.843000,614225.660400,-1318534.930032,-704309.269632,2.476273e-02,-1988.060183,337.535875,876.423000,0.272,4.168,0.029,0.000,0.000,0.000
2844,2.844000,614148.344280,-1318450.446312,-704302.102032,2.477266e-02,-1989.679275,336.869537,875.286109,0.278,5.973,0.040,0.000,0.000,0.000
2845,2.845000,614068.590441,-1318365.947954,-704297.357513,2.477923e-02,-1991.316092,336.626057,874.043996,0.300,7.764,0.053,0.000,0.000,0.000
2846,2.846000,613988.389986,-1318281.481271,-704293.091285,2.478513e-02,-1992.730581,336.440824,872.458945,0.238,7.511,0.034,0.000,0.000,0.000
2847,2.847000,613912.156928,-1318197.000563,-704284.843634,2.479656e-02,-1995.107169,335.610590,869.044232,0.225,4.676,0.026,0.000,0.000,0.000
2848,2.848000,613835.816588,-1318112.060376,-704276.243788,2.480846e-02,-1997.296323,334.734552,865.641594,0.211,4.671,0.021,0.000,0.000,0.000
2849,2.849000,613756.326306,-1318027.074784,-704270.748479,2.481607e-02,-1998.441520,334.175517,863.993331,0.222,9.172,0.023,0.000,0.000,0.000
2850,2.850000,613680.703360,-1317942.160589,-704261.457229,2.482894e-02,-2000.929667,333.002410,860.736619,0.231,4.709,0.028,0.000,0.000,0.000
2851,2.851000,613610.048367,-1317856.859711,-704246.811344,2.484922e-02,-2004.575376,330.336277,855.336428,0.216,9.169,0.022,0.000,0.000,0.000
2852,2.852000,613535.828971,-1317771.034062,-704235.205090,2.486529e-02,-2007.056229,327.892706,851.859942,0.208,4.691,0.019,0.000,0.000,0.000
2853,2.853000,613456.107549,-1317685.146633,-704229.039085,2.487383e-02,-2008.060536,326.541966,850.409265,0.202,9.201,0.019,0.000,0.000,0.000
2854,2.854000,613375.965503,-1317599.179833,-704223.214330,2.488189e-02,-2009.175564,326.138104,848.559703,0.226,9.288,0.021,0.000,0.000,0.000
2855,2.855000,613300.035410,-1317513.082577,-704213.047167,2.489597e-02,-2012.063812,324.912571,844.577163,0.216,4.683,0.020,0.000,0.000,0.000
2856,2.856000,613227.310950,-1317426.267664,-704198.956715,2.491548e-02,-2016.308077,322.257569,838.705084,0.233,9.090,0.025,0.000,0.000,0.000
2857,2.857000,613153.040601,-1317338.711327,-704185.670726,2.493388e-02,-2020.433561,320.187941,832.836295,0.228,3.122,0.021,0.000,0.000,0.000
2858,2.858000,613074.367958,-1317250.566272,-704176.198314,2.494699e-02,-2022.962309,319.179494,829.106646,0.219,8.765,0.024,0.000,0.000,0.000
2859,2.859000,612991.621917,-1317162.109109,-704170.487192,2.495490e-02,-2024.195196,318.359181,827.526280,0.208,4.673,0.021,0.000,0.000,0.000
2860,2.860000,612907.818145,-1317073.458772,-704165.640627,2.496161e-02,-2025.437377,317.190873,825.825214,0.205,9.209,0.019,0.000,0.000,0.000
2861,2.861000,612822.508686,-1316984.634963,-704162.126277,2.496648e-02,-2025.735716,316.743045,824.642644,0.207,4.688,0.022,0.000,0.000,0.000
2862,2.862000,612738.226454,-1316895.755108,-704157.528654,2.497284e-02,-2026.087199,316.261763,824.072907,0.208,9.241,0.023,0.000,0.000,0.000
2863,2.863000,612654.950834,-1316806.526747,-704151.575914,2.498109e-02,-2027.127506,315.455279,822.913588,0.249,3.103,0.026,0.000,0.000,0.000
2864,2.864000,612570.357335,-1316717.190535,-704146.833200,2.498765e-02,-2028.265254,314.589731,821.030473,0.211,9.219,0.019,0.000,0.000,0.000
2865,2.865000,612485.977596,-1316627.804843,-704141.827248,2.499459e-02,-2029.650838,313.525757,818.956623,0.205,4.681,0.018,0.000,0.000,0.000
2866,2.866000,612402.304038,-1316538.457574,-704136.153536,2.500244e-02,-2031.088252,312.850030,817.086512,0.200,9.235,0.019,0.000,0.000,0.000
2867,2.867000,612317.488609,-1316449.159513,-704131.670904,2.500865e-02,-2032.490099,312.530271,815.491243,0.202,4.677,0.021,0.000,0.000,0.000
2868,2.868000,612232.429634,-1316360.047400,-704127.617767,2.501426e-02,-2033.785775,312.097563,813.766224,0.202,8.931,0.019,0.000,0.000,0.000
2869,2.869000,612147.297143,-1316271.164104,-704123.866962,2.501946e-02,-2034.545371,311.659188,812.763458,0.203,9.214,0.019,0.000,0.000,0.000
2870,2.870000,612063.130922,-1316182.785958,-704119.655036,2.502529e-02,-2035.299295,311.232319,811.870981,0.186,3.092,0.019,0.000,0.000,0.000
2871,2.871000,611979.444039,-1316094.682052,-704115.238013,2.503140e-02,-2036.286079,310.484424,810.254640,0.193,9.210,0.019,0.000,0.000,0.000
2872,2.872000,611895.631762,-1316006.968822,-704111.337060,2.503680e-02,-2037.213872,309.904278,808.776472,0.197,4.678,0.019,0.000,0.000,0.000
2873,2.873000,611812.055582,-1315919.801858,-704107.746276,2.504178e-02,-2038.129818,309.709544,807.441298,0.188,9.172,0.019,0.000,0.000,0.000
2874,2.874000,611727.817098,-1315833.159143,-704105.342045,2.504511e-02,-2039.116009,309.479690,806.193904,0.199,4.698,0.018,0.000,0.000,0.000
2875,2.875000,611645.448500,-1315747.117766,-704101.669265,2.505019e-02,-2040.233542,308.941318,804.881844,0.197,9.201,0.023,0.000,0.000,0.000
2876,2.876000,611564.984708,-1315661.631353,-704096.646644,2.505715e-02,-2041.222299,308.218514,803.480131,0.195,9.208,0.020,0.000,0.000,0.000
2877,2.877000,611486.891176,-1315576.759489,-704089.868313,2.506653e-02,-2043.039238,307.277545,801.071073,0.193,3.143,0.025,0.000,0.000,0.000
2878,2.878000,611409.899142,-1315492.191589,-704082.292447,2.507702e-02,-2044.923689,306.267900,798.503944,0.191,6.178,0.020,0.000,0.000,0.000
2879,2.879000,611332.215014,-1315408.129012,-704075.913998,2.508585e-02,-2046.005818,305.572624,796.647817,0.232,6.222,0.029,0.000,0.000,0.000
2880,2.880000,611254.743843,-1315324.576955,-704069.833111,2.509427e-02,-2046.955320,305.142544,794.789654,0.206,7.585,0.020,0.000,0.000,0.000
2881,2.881000,611176.635258,-1315241.511173,-704064.875915,2.510114e-02,-2047.856955,304.590208,793.023256,0.199,8.893,0.020,0.000,0.000,0.000
2882,2.882000,611100.036863,-1315158.863730,-704058.826867,2.510951e-02,-2049.578385,303.602903,790.420197,0.200,4.619,0.022,0.000,0.000,0.000
2883,2.883000,611024.760934,-1315076.298847,-704051.537913,2.511961e-02,-2051.986269,302.275473,786.725259,0.201,10.673,0.020,0.000,0.000,0.000
2884,2.884000,610949.163157,-1314993.891515,-704044.728358,2.512904e-02,-2054.404611,300.847033,782.953546,0.212,4.616,0.021,0.000,0.000,0.000
2885,2.885000,610871.901520,-1314911.557501,-704039.655981,2.513606e-02,-2056.005775,299.791034,780.312396,0.196,9.131,0.019,0.000,0.000,0.000
2886,2.886000,610792.596930,-1314829.527396,-704036.930467,2.513983e-02,-2056.429430,299.330835,779.494308,0.185,4.614,0.019,0.000,0.000,0.000
2887,2.887000,610714.298301,-1314748.016490,-704033.718189,2.514428e-02,-2056.781778,299.268650,779.422036,0.182,7.618,0.019,0.000,0.000,0.000
2888,2.888000,610639.503976,-1314666.858207,-704027.354231,2.515309e-02,-2058.422269,298.948900,777.369044,0.181,7.641,0.018,0.000,0.000,0.000
2889,2.889000,610567.171642,-1314585.608334,-704018.436692,2.516544e-02,-2060.906444,298.155422,773.438052,0.182,4.563,0.019,0.000,0.000,0.000
2890,2.890000,610493.269200,-1314504.190992,-704010.921793,2.517585e-02,-2062.773744,297.703097,770.784165,0.192,10.666,0.021,0.000,0.000,0.000
2891,2.891000,610418.290111,-1314422.978176,-704004.688065,2.518448e-02,-2064.181242,297.582478,769.481981,0.199,3.113,0.021,0.000,0.000,0.000
2892,2.892000,610343.015109,-1314341.942633,-703998.927523,2.519246e-02,-2065.593377,297.537957,768.255234,0.226,8.652,0.023,0.000,0.000,0.000
2893,2.893000,610267.446556,-1314261.070650,-703993.624095,2.519980e-02,-2067.143743,297.601522,766.812108,0.231,4.591,0.021,0.000,0.000,0.000
2894,2.894000,610192.078361,-1314180.301204,-703988.222843,2.520728e-02,-2068.609129,297.566838,765.241598,0.218,7.694,0.021,0.000,0.000,0.000
2895,2.895000,610116.721802,-1314099.639400,-703982.917597,2.521462e-02,-2070.053922,297.519746,763.609668,0.217,9.214,0.019,0.000,0.000,0.000
2896,2.896000,610042.377857,-1314019.100113,-703976.722257,2.522320e-02,-2071.694001,297.604845,761.775655,0.212,4.709,0.028,0.000,0.000,0.000
2897,2.897000,609968.269778,-1313938.605756,-703970.335978,2.523205e-02,-2073.323002,297.472946,760.092882,0.219,10.203,0.031,0.000,0.000,0.000
2898,2.898000,609894.771148,-1313858.247335,-703963.476187,2.524154e-02,-2075.341162,296.978170,757.997561,0.214,3.089,0.025,0.000,0.000,0.000
2899,2.899000,609820.399786,-1313777.818066,-703957.418280,2.524993e-02,-2077.397631,296.501968,755.726396,0.198,9.230,0.021,0.000,0.000,0.000
2900,2.900000,609746.476353,-1313697.612187,-703951.135834,2.525863e-02,-2079.437426,296.106846,753.311714,0.188,4.614,0.019,0.000,0.000,0.000
2901,2.901000,609673.493177,-1313617.556967,-703944.063790,2.526842e-02,-2081.032699,294.729478,751.479802,0.196,9.153,0.018,0.000,0.000,0.000
2902,2.902000,609598.612365,-1313537.574210,-703938.961844,2.527549e-02,-2081.338095,290.430140,750.975802,0.195,4.683,0.022,0.000,0.000,0.000
2903,2.903000,609523.679545,-1313457.629752,-703933.950207,2.528243e-02,-2081.855116,286.409098,750.203675,0.200,9.247,0.020,0.000,0.000,0.000
2904,2.904000,609449.114639,-1313377.995374,-703928.880734,2.528945e-02,-2082.318494,282.204406,749.668439,0.223,3.096,0.022,0.000,0.000,0.000
2905,2.905000,609374.330253,-1313298.411506,-703924.081253,2.529609e-02,-2082.942159,278.310140,748.754020,0.204,9.207,0.019,0.000,0.000,0.000
2906,2.906000,609299.621038,-1313219.124268,-703919.503230,2.530243e-02,-2084.314534,277.417300,746.908278,0.207,4.690,0.027,0.000,0.000,0.000
2907,2.907000,609227.338473,-1313140.169432,-703912.830959,2.531167e-02,-2085.888235,277.034122,744.553111,0.188,9.214,0.019,0.000,0.000,0.000
2908,2.908000,609154.727151,-1313061.043091,-703906.315940,2.532069e-02,-2087.309003,276.412730,741.920820,0.212,4.692,0.019,0.000,0.000,0.000
2909,2.909000,609081.720689,-1312982.086793,-703900.366104,2.532893e-02,-2088.496360,276.480488,739.326526,0.200,9.144,0.020,0.000,0.000,0.000
2910,2.910000,609009.136356,-1312903.053256,-703893.916900,2.533786e-02,-2089.899112,276.422405,736.885353,0.194,8.795,0.019,0.000,0.000,0.000
2911,2.911000,608935.829920,-1312823.898243,-703888.068323,2.534596e-02,-2091.115671,276.605472,734.629378,0.192,3.103,0.024,0.000,0.000,0.000
2912,2.912000,608861.530893,-1312744.487009,-703882.956115,2.535304e-02,-2092.369185,277.055776,732.367768,0.185,6.197,0.019,0.000,0.000,0.000
2913,2.913000,608785.830310,-1312665.136819,-703879.306509,2.535809e-02,-2093.539980,275.720207,730.609133,0.183,6.198,0.019,0.000,0.000,0.000
2914,2.914000,608710.009588,-1312585.690204,-703875.680616,2.536311e-02,-2094.731082,274.457111,728.833866,0.184,6.118,0.018,0.000,0.000,0.000
2915,2.915000,608634.590979,-1312506.203621,-703871.612642,2.536874e-02,-2096.230629,273.432380,727.252639,0.183,9.235,0.021,0.000,0.000,0.000
2916,2.916000,608560.480142,-1312426.594777,-703866.114635,2.537636e-02,-2097.464852,271.990046,725.993011,0.181,3.095,0.019,0.000,0.000,0.000
2917,2.917000,608487.293565,-1312346.783110,-703859.489544,2.538553e-02,-2098.828584,271.579650,724.904103,0.178,9.206,0.019,0.000,0.000,0.000
2918,2.918000,608413.982901,-1312266.681619,-703852.698718,2.539493e-02,-2100.247097,271.272070,723.649736,0.192,4.668,0.023,0.000,0.000,0.000
2919,2.919000,608339.435171,-1312186.384204,-703846.949033,2.540290e-02,-2101.598042,269.831743,722.451991,0.188,9.219,0.019,0.000,0.000,0.000
2920,2.920000,608264.893952,-1312105.843415,-703840.949463,2.541120e-02,-2103.233058,268.398313,721.714373,0.263,7.727,0.024,0.000,0.000,0.000
2921,2.921000,608191.128482,-1312025.035747,-703833.907265,2.542095e-02,-2104.772382,266.931734,720.603375,0.208,4.601,0.020,0.000,0.000,0.000
2922,2.922000,608117.305913,-1311943.946726,-703826.640813,2.543102e-02,-2106.060725,265.456654,719.451582,0.207,10.701,0.021,0.000,0.000,0.000
2923,2.923000,608044.533900,-1311862.573393,-703818.039494,2.544293e-02,-2107.523761,264.773991,718.565171,0.198,3.095,0.018,0.000,0.000,0.000
2924,2.924000,607971.187882,-1311780.752726,-703809.564845,2.545466e-02,-2109.007479,263.993101,717.796402,0.201,9.235,0.019,0.000,0.000,0.000
2925,2.925000,607896.195564,-1311698.603183,-703802.407619,2.546457e-02,-2110.590688,263.013950,716.917160,0.187,4.663,0.018,0.000,0.000,0.000
2926,2.926000,607819.741806,-1311616.280984,-703796.539178,2.547270e-02,-2112.461141,262.281199,715.600683,0.185,8.647,0.019,0.000,0.000,0.000
2927,2.927000,607741.974690,-1311533.806040,-703791.831350,2.547922e-02,-2114.064562,260.677497,714.008357,0.183,9.207,0.018,0.000,0.000,0.000
2928,2.928000,607663.813663,-1311451.116963,-703787.303300,2.548549e-02,-2115.570840,259.352315,712.531319,0.194,4.263,0.020,0.000,0.000,0.000
2929,2.929000,607584.912840,-1311368.356503,-703783.443663,2.549083e-02,-2116.904612,258.467283,711.282125,0.194,9.162,0.021,0.000,0.000,0.000
2930,2.930000,607506.162732,-1311285.569031,-703779.406298,2.549642e-02,-2118.176297,257.312540,710.162595,0.185,3.097,0.019,0.000,0.000,0.000
2931,2.931000,607428.030422,-1311202.801050,-703774.770628,2.550284e-02,-2119.313957,256.010314,709.257236,0.189,9.209,0.018,0.000,0.000,0.000
2932,2.932000,607355.287136,-1311120.001576,-703764.714440,2.551676e-02,-2122.394554,253.829544,705.490991,0.178,9.204,0.018,0.000,0.000,0.000
2933,2.933000,607281.452626,-1311036.628672,-703755.176046,2.552997e-02,-2125.191888,251.750241,702.007115,0.181,4.677,0.019,0.000,0.000,0.000
2934,2.934000,607203.285071,-1310953.442566,-703750.157495,2.553692e-02,-2126.171531,250.567721,701.372344,0.178,9.229,0.019,0.000,0.000,0.000
2935,2.935000,607126.191291,-1310870.347624,-703744.156333,2.554523e-02,-2127.551473,249.459894,700.029950,0.221,4.626,0.021,0.000,0.000,0.000
2936,2.936000,607048.424461,-1310787.376570,-703738.952109,2.555244e-02,-2129.143729,248.432704,698.642264,0.247,9.230,0.028,0.000,0.000,0.000
2937,2.937000,606970.803610,-1310704.558942,-703733.755332,2.555963e-02,-2130.914994,247.437777,697.091859,0.231,3.103,0.022,0.000,0.000,0.000
2938,2.938000,606893.421055,-1310621.918752,-703728.497697,2.556691e-02,-2132.745436,246.301566,695.255637,0.224,9.225,0.019,0.000,0.000,0.000
2939,2.939000,606816.104040,-1310539.348732,-703723.244693,2.557419e-02,-2135.105973,245.097055,693.658892,0.207,9.136,0.018,0.000,0.000,0.000
2940,2.940000,606739.560180,-1310456.888755,-703717.328575,2.558238e-02,-2137.186426,243.805715,691.587791,0.204,4.621,0.018,0.000,0.000,0.000
2941,2.941000,606662.694887,-1310374.587203,-703711.892316,2.558990e-02,-2138.631943,242.635376,689.159149,0.194,9.213,0.018,0.000,0.000,0.000
2942,2.942000,606585.937911,-1310292.506611,-703706.568700,2.559728e-02,-2139.953352,241.812859,687.169408,0.232,3.095,0.020,0.000,0.000,0.000
2943,2.943000,606509.417205,-1310210.662958,-703701.245752,2.560465e-02,-2141.254751,241.123234,685.270955,0.212,9.183,0.022,0.000,0.000,0.000
2944,2.944000,606432.869959,-1310129.059083,-703696.189125,2.561165e-02,-2142.583094,240.164574,683.454497,0.260,3.123,0.036,0.000,0.000,0.000
2945,2.945000,606356.722724,-1310047.675479,-703690.952755,2.561890e-02,-2143.959286,239.000050,681.493043,0.215,4.627,0.024,0.000,0.000,0.000
2946,2.946000,606281.973788,-1309966.596003,-703684.622215,2.562766e-02,-2145.225695,237.759361,679.167608,0.204,6.173,0.020,0.000,0.000,0.000
2947,2.947000,606208.617538,-1309885.847258,-703677.229721,2.563790e-02,-2146.703621,236.566785,677.273150,0.192,6.124,0.019,0.000,0.000,0.000
2948,2.948000,606135.411575,-1309805.442990,-703670.031414,2.564787e-02,-2148.514194,235.411775,675.638401,0.192,10.347,0.019,0.000,0.000,0.000
2949,2.949000,606063.096456,-1309725.395140,-703662.298684,2.565858e-02,-2149.497309,234.384389,674.820100,0.209,9.224,0.023,0.000,0.000,0.000
2950,2.950000,605991.601425,-1309645.965480,-703654.364054,2.566956e-02,-2150.215093,233.405065,673.706968,0.195,4.390,0.019,0.000,0.000,0.000
2951,2.951000,605919.857995,-1309567.012851,-703647.154856,2.567954e-02,-2151.584072,232.504220,671.531331,0.198,6.185,0.020,0.000,0.000,0.000
2952,2.952000,605846.797925,-1309488.616073,-703641.818149,2.568693e-02,-2152.875593,231.887877,669.636583,0.221,6.208,0.026,0.000,0.000,0.000
2953,2.953000,605773.996718,-1309410.809535,-703636.812817,2.569387e-02,-2154.275430,231.585691,668.177022,0.194,7.483,0.020,0.000,0.000,0.000
2954,2.954000,605703.077996,-1309333.485132,-703630.407136,2.570273e-02,-2156.195958,231.489659,666.531541,0.194,9.242,0.020,0.000,0.000,0.000
2955,2.955000,605631.165110,-1309256.551599,-703625.386489,2.570969e-02,-2157.366055,231.948568,665.659968,0.183,4.658,0.018,0.000,0.000,0.000
2956,2.956000,605561.786944,-1309180.299898,-703618.512954,2.571920e-02,-2159.090125,234.341878,666.134547,0.181,10.671,0.017,0.000,0.000,0.000
2957,2.957000,605493.937126,-1309104.246664,-703610.309538,2.573056e-02,-2161.617556,235.941054,664.929474,0.251,4.200,0.035,0.000,0.000,0.000
2958,2.958000,605424.389998,-1309028.575853,-703604.185855,2.573904e-02,-2163.238861,235.550108,662.068966,0.299,10.147,0.053,0.000,0.000,0.000
2959,2.959000,605355.421697,-1308953.260517,-703597.838820,2.574783e-02,-2165.029902,235.058528,659.196388,0.280,10.665,0.040,0.000,0.000,0.000
2960,2.960000,605285.965652,-1308878.330805,-703592.365153,2.575541e-02,-2166.806656,234.237931,656.597237,0.265,9.212,0.029,0.000,0.000,0.000
2961,2.961000,605216.448105,-1308803.847637,-703587.399532,2.576229e-02,-2168.241166,233.380186,654.247649,0.226,4.601,0.021,0.000,0.000,0.000
2962,2.962000,605146.876674,-1308729.721191,-703582.844517,2.576859e-02,-2168.957401,232.565502,652.641374,0.216,6.183,0.022,0.000,0.000,0.000
2963,2.963000,605076.781301,-1308656.199749,-703579.418448,2.577334e-02,-2169.023517,232.316886,651.912792,0.209,6.114,0.021,0.000,0.000,0.000
2964,2.964000,605007.364258,-1308583.201265,-703575.837007,2.577830e-02,-2168.835245,232.665730,651.149379,0.206,3.090,0.025,0.000,0.000,0.000
2965,2.965000,604938.992532,-1308510.687743,-703571.695211,2.578403e-02,-2169.002166,232.701276,650.726856,0.220,9.202,0.029,0.000,0.000,0.000
2966,2.966000,604872.123435,-1308438.627077,-703566.503642,2.579122e-02,-2169.161160,232.608194,650.639875,0.235,3.113,0.026,0.000,0.000,0.000
2967,2.967000,604806.144861,-1308367.085426,-703560.940566,2.579892e-02,-2169.056962,232.465793,650.446847,0.204,9.220,0.022,0.000,0.000,0.000
2968,2.968000,604740.354107,-1308295.950556,-703555.596449,2.580632e-02,-2169.493525,232.048768,650.077972,0.200,9.209,0.021,0.000,0.000,0.000
2969,2.969000,604675.443354,-1308225.202337,-703549.758983,2.581441e-02,-2170.082062,231.635046,649.758689,0.212,4.686,0.025,0.000,0.000,0.000
2970,2.970000,604613.184492,-1308154.896102,-703541.711611,2.582555e-02,-2171.308749,231.063279,648.373366,0.203,7.614,0.020,0.000,0.000,0.000
2971,2.971000,604552.548953,-1308084.837831,-703532.288877,2.583860e-02,-2173.297940,230.215826,645.856550,0.199,4.679,0.020,0.000,0.000,0.000
2972,2.972000,604491.897685,-1308015.069813,-703523.172128,2.585122e-02,-2174.913444,229.108688,643.447844,0.191,10.652,0.020,0.000,0.000,0.000
2973,2.973000,604431.627318,-1307945.467927,-703513.840609,2.586414e-02,-2176.293075,227.954229,640.966265,0.186,2.951,0.024,0.000,0.000,0.000
2974,2.974000,604370.788486,-1307876.125352,-703505.336866,2.587592e-02,-2177.835003,226.958509,638.588152,0.194,9.218,0.018,0.000,0.000,0.000
2975,2.975000,604309.783114,-1307806.998197,-703497.215083,2.588716e-02,-2179.331063,225.936268,635.961073,0.186,9.230,0.020,0.000,0.000,0.000
2976,2.976000,604249.091036,-1307737.978310,-703488.887273,2.589869e-02,-2180.862110,224.914596,633.183536,0.220,4.703,0.025,0.000,0.000,0.000
2977,2.977000,604188.456626,-1307669.125433,-703480.668806,2.591007e-02,-2182.452249,223.936961,630.584656,0.209,9.140,0.025,0.000,0.000,0.000
2978,2.978000,604128.965215,-1307600.365666,-703471.400451,2.592291e-02,-2184.287463,222.527723,627.799612,0.203,4.678,0.021,0.000,0.000,0.000
2979,2.979000,604069.587732,-1307531.646840,-703462.059108,2.593584e-02,-2186.443501,220.776615,624.295246,0.213,8.467,0.020,0.000,0.000,0.000
2980,2.980000,604008.770899,-1307462.922380,-703454.151481,2.594679e-02,-2188.507084,219.359019,620.698914,0.217,4.690,0.022,0.000,0.000,0.000
2981,2.981000,603947.449302,-1307394.160909,-703446.711607,2.595709e-02,-2190.413858,218.242706,617.756741,0.198,9.246,0.020,0.000,0.000,0.000
2982,2.982000,603884.928947,-1307325.383712,-703440.454765,2.596576e-02,-2191.555351,217.205104,615.739963,0.199,4.623,0.027,0.000,0.000,0.000
2983,2.983000,603821.398139,-1307256.810905,-703435.412766,2.597274e-02,-2191.977020,216.652959,614.918411,0.186,9.164,0.019,0.000,0.000,0.000
2984,2.984000,603758.588252,-1307188.460485,-703429.872233,2.598041e-02,-2192.283814,216.498988,614.726706,0.303,3.126,0.061,0.000,0.000,0.000
2985,2.985000,603696.747472,-1307120.257161,-703423.509689,2.598922e-02,-2192.834584,216.146266,614.491428,0.261,9.163,0.034,0.000,0.000,0.000
2986,2.986000,603635.134307,-1307052.271662,-703417.137355,2.599804e-02,-2193.595968,215.664313,614.067116,0.272,4.218,0.040,0.000,0.000,0.000
2987,2.987000,603574.268834,-1306984.430220,-703410.161386,2.600770e-02,-2194.744384,214.934414,612.552013,0.240,10.718,0.025,0.000,0.000,0.000
2988,2.988000,603513.815996,-1306916.604558,-703402.788562,2.601791e-02,-2196.594227,213.985483,609.796857,0.283,9.169,0.029,0.000,0.000,0.000
2989,2.989000,603453.577369,-1306848.880027,-703395.302657,2.602828e-02,-2198.371393,213.372537,607.309918,0.250,3.105,0.025,0.000,0.000,0.000
2990,2.990000,603394.593789,-1306781.182498,-703386.588709,2.604034e-02,-2200.035096,213.242209,605.192119,0.236,9.152,0.023,0.000,0.000,0.000
2991,2.991000,603334.852863,-1306713.452616,-703378.599753,2.605141e-02,-2201.707297,212.865774,602.843426,0.220,9.213,0.020,0.000,0.000,0.000
2992,2.992000,603272.920074,-1306645.790853,-703372.870779,2.605934e-02,-2203.283164,211.898940,600.310272,0.252,4.638,0.038,0.000,0.000,0.000
2993,2.993000,603210.304661,-1306578.263233,-703367.958572,2.606614e-02,-2204.981389,210.886370,597.757193,0.224,9.212,0.022,0.000,0.000,0.000
2994,2.994000,603147.291206,-1306510.877583,-703363.586377,2.607219e-02,-2206.034699,210.146033,595.887565,0.259,4.691,0.035,0.000,0.000,0.000
2995,2.995000,603084.487545,-1306443.766959,-703359.279414,2.607816e-02,-2206.802384,209.338070,594.109028,0.224,8.551,0.022,0.000,0.000,0.000
2996,2.996000,603022.112271,-1306376.807309,-703354.695038,2.608451e-02,-2208.003274,208.424809,591.775843,0.242,4.680,0.026,0.000,0.000,0.000
2997,2.997000,602959.509709,-1306310.019185,-703350.509476,2.609030e-02,-2209.404532,207.527416,589.408651,0.232,9.902,0.024,0.000,0.000,0.000
2998,2.998000,602897.430830,-1306243.487935,-703346.057104,2.609647e-02,-2211.157030,206.565164,587.006764,0.241,8.641,0.025,0.000,0.000,0.000
2999,2.999000,602834.964680,-1306177.247406,-703342.282726,2.610169e-02,-2211.877634,206.003110,585.885310,0.262,3.109,0.025,0.000,0.000,0.000
3000,3.000000,602771.935545,-1306111.511018,-703339.575473,2.610544e-02,-2211.908721,205.777384,585.535730,0.254,9.160,0.038,0.000,0.000,0.000
3001,3.001000,602709.452215,-1306046.157642,-703336.705427,2.610942e-02,-2212.306899,205.755304,584.813884,0.316,4.860,0.074,0.000,0.000,0.000
3002,3.002000,602649.656760,-1305981.183542,-703331.526782,2.611659e-02,-2213.350347,206.380035,582.980106,0.291,8.803,0.069,0.000,0.000,0.000
3003,3.003000,602590.290422,-1305916.158087,-703325.867665,2.612442e-02,-2214.382891,207.258705,580.900807,0.244,3.774,0.032,0.000,0.000,0.000
3004,3.004000,602528.817564,-1305851.402310,-703322.584746,2.612897e-02,-2214.666031,207.446346,580.041354,0.229,9.096,0.024,0.000,0.000,0.000
3005,3.005000,602468.982028,-1305787.047577,-703318.065549,2.613523e-02,-2215.286306,207.014390,579.436730,0.241,3.107,0.025,0.000,0.000,0.000
3006,3.006000,602411.485838,-1305722.976451,-703311.490613,2.614433e-02,-2216.758928,206.340891,577.936802,0.218,10.736,0.024,0.000,0.000,0.000
3007,3.007000,602353.412266,-1305659.002418,-703305.590152,2.615250e-02,-2218.369399,205.594094,576.550654,0.215,3.124,0.021,0.000,0.000,0.000
3008,3.008000,602295.022236,-1305595.228021,-703300.205784,2.615996e-02,-2219.831843,205.018784,575.033281,0.207,9.149,0.021,0.000,0.000,0.000
3009,3.009000,602235.855076,-1305531.457122,-703295.602046,2.616633e-02,-2220.838352,204.688449,573.701045,0.211,9.255,0.032,0.000,0.000,0.000
3010,3.010000,602176.378911,-1305467.877949,-703291.499038,2.617201e-02,-2221.665448,204.380841,573.441504,0.206,4.672,0.020,0.000,0.000,0.000
3011,3.011000,602118.294127,-1305404.449897,-703286.155771,2.617941e-02,-2222.941974,203.858753,572.958426,0.201,4.618,0.022,0.000,0.000,0.000
3012,3.012000,602060.510282,-1305341.140584,-703280.630302,2.618706e-02,-2223.610127,203.274440,572.795070,0.203,9.108,0.020,0.000,0.000,0.000
3013,3.013000,602002.258053,-1305277.934756,-703275.676704,2.619392e-02,-2224.493410,202.205593,572.534667,0.202,4.690,0.019,0.000,0.000,0.000
3014,3.014000,601943.253137,-1305214.752019,-703271.498882,2.619971e-02,-2225.463759,201.355306,572.028777,0.194,9.141,0.018,0.000,0.000,0.000
3015,3.015000,601884.840685,-1305151.803448,-703266.962763,2.620599e-02,-2226.376916,200.517634,571.436758,0.188,4.671,0.019,0.000,0.000,0.000
3016,3.016000,601827.519775,-1305088.920168,-703261.400393,2.621369e-02,-2227.989113,198.972067,570.488635,0.245,9.221,0.024,0.000,0.000,0.000
3017,3.017000,601769.803407,-1305026.060466,-703256.257060,2.622081e-02,-2229.175374,197.550216,569.846355,0.241,3.136,0.025,0.000,0.000,0.000
3018,3.018000,601711.780828,-1304963.282778,-703251.501950,2.622739e-02,-2229.969605,196.499901,569.444013,0.236,9.169,0.025,0.000,0.000,0.000
3019,3.019000,601654.459311,-1304900.730138,-703246.270828,2.623464e-02,-2230.669702,195.848697,569.074729,0.224,9.164,0.020,0.000,0.000,0.000
3020,3.020000,601597.790271,-1304838.365860,-703240.575589,2.624252e-02,-2231.628598,195.006563,568.878345,0.207,4.684,0.019,0.000,0.000,0.000
3021,3.021000,601542.005085,-1304776.140854,-703234.135769,2.625144e-02,-2233.268546,193.881224,567.518606,0.208,10.735,0.029,0.000,0.000,0.000
3022,3.022000,601485.307531,-1304713.983292,-703228.675761,2.625900e-02,-2234.296440,193.391239,566.208012,0.244,3.101,0.024,0.000,0.000,0.000
3023,3.023000,601429.723593,-1304652.194666,-703222.471074,2.626759e-02,-2235.438445,193.243061,565.173100,0.193,9.209,0.021,0.000,0.000,0.000
3024,3.024000,601375.646157,-1304590.431706,-703214.785549,2.627823e-02,-2236.697786,192.684797,563.852654,0.215,3.128,0.020,0.000,0.000,0.000
3025,3.025000,601319.826762,-1304528.978132,-703209.151370,2.628604e-02,-2237.235109,192.236243,563.373025,0.188,9.158,0.020,0.000,0.000,0.000
3026,3.026000,601263.448193,-1304467.841836,-703204.393642,2.629262e-02,-2237.814258,192.076512,563.111137,0.206,8.761,0.022,0.000,0.000,0.000
3027,3.027000,601207.362150,-1304406.989672,-703199.627521,2.629922e-02,-2238.055040,191.726858,562.774474,0.199,3.092,0.020,0.000,0.000,0.000
3028,3.028000,601151.870308,-1304346.468107,-703194.597800,2.630619e-02,-2238.564657,190.673666,561.848550,0.189,6.198,0.021,0.000,0.000,0.000
3029,3.029000,601096.984805,-1304286.121775,-703189.136970,2.631375e-02,-2239.282629,189.365324,560.783081,0.195,6.202,0.020,0.000,0.000,0.000
3030,3.030000,601041.944064,-1304226.033250,-703184.089186,2.632074e-02,-2239.803244,188.493243,560.086259,0.193,7.694,0.018,0.000,0.000,0.000
3031,3.031000,600986.853675,-1304166.217754,-703179.364079,2.632728e-02,-2240.381816,187.798239,559.413423,0.184,9.206,0.018,0.000,0.000,0.000
3032,3.032000,600932.049527,-1304106.688904,-703174.639377,2.633382e-02,-2241.044591,187.126653,558.766281,0.184,4.120,0.019,0.000,0.000,0.000
3033,3.033000,600878.473856,-1304047.484457,-703169.010601,2.634162e-02,-2241.924461,186.360091,558.060381,0.198,10.667,0.056,0.000,0.000,0.000
3034,3.034000,600826.063528,-1303988.523610,-703162.460082,2.635069e-02,-2242.413966,185.486593,557.294333,0.199,4.598,0.022,0.000,0.000,0.000
3035,3.035000,600772.717882,-1303929.821870,-703157.103988,2.635810e-02,-2242.644265,184.744870,556.779090,0.193,9.144,0.018,0.000,0.000,0.000
3036,3.036000,600718.696293,-1303871.473287,-703152.776994,2.636410e-02,-2243.154263,183.906964,556.109950,0.187,4.608,0.018,0.000,0.000,0.000
3037,3.037000,600664.994034,-1303813.379941,-703148.385907,2.637018e-02,-2243.601917,182.843313,555.362744,0.179,7.615,0.020,0.000,0.000,0.000
3038,3.038000,600610.975635,-1303755.682030,-703144.706395,2.637527e-02,-2243.967774,181.857533,554.899230,0.210,7.646,0.020,0.000,0.000,0.000
3039,3.039000,600558.473994,-1303698.437494,-703139.963500,2.638184e-02,-2244.487250,181.512918,554.257098,0.213,3.090,0.018,0.000,0.000,0.000
3040,3.040000,600506.844218,-1303641.747364,-703134.903146,2.638885e-02,-2244.520342,180.709435,553.481033,0.181,10.302,0.018,0.000,0.000,0.000
3041,3.041000,600454.300683,-1303585.443057,-703131.142374,2.639405e-02,-2244.437814,179.370957,552.882645,0.224,10.256,0.021,0.000,0.000,0.000
3042,3.042000,600401.818555,-1303529.648964,-703127.830409,2.639864e-02,-2244.668520,178.615581,552.644274,0.214,3.104,0.029,0.000,0.000,0.000
3043,3.043000,600349.535196,-1303474.513824,-703124.978628,2.640259e-02,-2244.705371,177.524826,552.455677,0.205,9.217,0.019,0.000,0.000,0.000
3044,3.044000,600299.344161,-1303419.993896,-703120.649735,2.640858e-02,-2244.484279,175.567604,552.225081,0.199,4.682,0.019,0.000,0.000,0.000
3045,3.045000,600249.647939,-1303366.023378,-703116.375439,2.641450e-02,-2244.764031,173.716558,552.542901,0.186,9.221,0.019,0.000,0.000,0.000
3046,3.046000,600199.137672,-1303312.605244,-703113.467572,2.641853e-02,-2245.560838,172.506488,553.122357,0.186,4.684,0.018,0.000,0.000,0.000
3047,3.047000,600149.063919,-1303259.854441,-703110.790521,2.642223e-02,-2245.888676,171.414503,553.807681,0.190,9.211,0.021,0.000,0.000,0.000
3048,3.048000,600099.418540,-1303207.730325,-703108.311785,2.642567e-02,-2246.116165,170.469052,554.601842,0.203,8.728,0.024,0.000,0.000,0.000
3049,3.049000,600050.530820,-1303156.263565,-703105.732745,2.642924e-02,-2246.350545,169.536542,554.695321,0.202,3.098,0.020,0.000,0.000,0.000
3050,3.050000,600002.659382,-1303105.582624,-703102.923242,2.643313e-02,-2246.470994,168.516520,554.408968,0.192,9.129,0.022,0.000,0.000,0.000
3051,3.051000,599956.526363,-1303055.628481,-703099.102118,2.643842e-02,-2246.865999,167.799041,553.901375,0.182,4.689,0.019,0.000,0.000,0.000
3052,3.052000,599911.403585,-1303006.369437,-703094.965852,2.644415e-02,-2247.270148,167.162084,553.538008,0.183,7.627,0.019,0.000,0.000,0.000
3053,3.053000,599866.333351,-1302957.822521,-703091.489171,2.644896e-02,-2247.549380,166.415789,553.553783,0.179,9.156,0.018,0.000,0.000,0.000
3054,3.054000,599822.179635,-1302909.988563,-703087.808928,2.645406e-02,-2247.853404,165.648156,553.293731,0.189,4.664,0.023,0.000,0.000,0.000
3055,3.055000,599779.695540,-1302862.830181,-703083.134641,2.646053e-02,-2248.450854,164.811296,552.553041,0.191,10.727,0.020,0.000,0.000,0.000
3056,3.056000,599740.162773,-1302816.261918,-703076.099145,2.647027e-02,-2249.354942,163.986768,550.956097,0.227,4.669,0.022,0.000,0.000,0.000
3057,3.057000,599701.266568,-1302770.256873,-703068.990305,2.648011e-02,-2250.310005,163.204190,549.027430,0.209,9.231,0.018,0.000,0.000,0.000
3058,3.058000,599661.649320,-1302724.921723,-703063.272403,2.648803e-02,-2251.476832,162.649729,546.994536,0.209,4.680,0.023,0.000,0.000,0.000
3059,3.059000,599623.011607,-1302680.201092,-703057.189485,2.649645e-02,-2252.686539,162.016082,544.790314,0.187,9.221,0.018,0.000,0.000,0.000
3060,3.060000,599584.910066,-1302636.078488,-703051.168422,2.650479e-02,-2253.722479,161.260692,542.855293,0.198,3.096,0.019,0.000,0.000,0.000
3061,3.061000,599547.181944,-1302592.576367,-703045.394424,2.651279e-02,-2254.503246,160.253115,540.963112,0.197,8.748,0.024,0.000,0.000,0.000
3062,3.062000,599510.156894,-1302549.600635,-703039.443741,2.652103e-02,-2255.674544,159.237417,538.869452,0.196,4.609,0.087,0.000,0.000,0.000
3063,3.063000,599472.746818,-1302507.136883,-703034.390065,2.652802e-02,-2256.622639,158.343749,537.696834,0.198,6.218,0.026,0.000,0.000,0.000
3064,3.064000,599434.574311,-1302465.280283,-703030.705973,2.653312e-02,-2257.311585,157.194595,537.221643,0.205,6.159,0.021,0.000,0.000,0.000
3065,3.065000,599396.213571,-1302423.696252,-703027.482681,2.653759e-02,-2257.722975,156.144967,536.769820,0.189,7.659,0.019,0.000,0.000,0.000
3066,3.066000,599358.459043,-1302382.599188,-703024.140145,2.654222e-02,-2257.757912,155.275256,536.223805,0.197,4.386,0.018,0.000,0.000,0.000
3067,3.067000,599320.972856,-1302341.975363,-703021.002507,2.654656e-02,-2257.901644,154.371088,535.711625,0.186,10.330,0.019,0.000,0.000,0.000
3068,3.068000,599283.805738,-1302301.803510,-703017.997772,2.655072e-02,-2257.989371,153.594985,535.559281,0.225,3.104,0.023,0.000,0.000,0.000
3069,3.069000,599247.222307,-1302262.100714,-703014.878406,2.655504e-02,-2257.905738,153.141154,535.480816,0.193,9.236,0.022,0.000,0.000,0.000
3070,3.070000,599212.731750,-1302222.823202,-703010.091451,2.656167e-02,-2256.218500,152.203898,536.127294,0.189,9.175,0.020,0.000,0.000,0.000
3071,3.071000,599178.696857,-1302183.745306,-703005.048450,2.656865e-02,-2254.507443,151.252641,536.648614,0.182,4.692,0.019,0.000,0.000,0.000
3072,3.072000,599143.153232,-1302144.949494,-703001.796262,2.657315e-02,-2254.410930,150.822575,536.502202,0.188,9.230,0.017,0.000,0.000,0.000
3073,3.073000,599111.315222,-1302106.509885,-702995.194663,2.658230e-02,-2253.628052,149.656621,536.103212,0.183,4.682,0.018,0.000,0.000,0.000
3074,3.074000,599080.438135,-1302067.950692,-702987.512558,2.659293e-02,-2252.824268,148.216572,535.664872,0.208,9.209,0.021,0.000,0.000,0.000
3075,3.075000,599047.617157,-1302029.464323,-702981.847167,2.660078e-02,-2253.565771,147.202504,535.478172,0.189,4.609,0.020,0.000,0.000,0.000
3076,3.076000,599014.605931,-1301991.119922,-702976.513991,2.660816e-02,-2253.931928,146.234263,535.615788,0.189,9.167,0.019,0.000,0.000,0.000
3077,3.077000,598981.102427,-1301952.751531,-702971.649104,2.661490e-02,-2254.247332,145.214870,535.519636,0.181,3.135,0.017,0.000,0.000,0.000
3078,3.078000,598947.554554,-1301914.467179,-702966.912626,2.662146e-02,-2255.208331,144.225184,534.944707,0.178,9.220,0.017,0.000,0.000,0.000
3079,3.079000,598913.377038,-1301876.187772,-702962.810733,2.662714e-02,-2254.964924,143.420759,535.012896,0.220,3.092,0.020,0.000,0.000,0.000
3080,3.080000,598878.927639,-1301837.882893,-702958.955254,2.663248e-02,-2254.304881,142.495236,535.291934,0.187,10.731,0.023,0.000,0.000,0.000
3081,3.081000,598844.662032,-1301799.601734,-702954.939702,2.663804e-02,-2254.459979,141.611408,535.276261,0.258,3.165,0.025,0.000,0.000,0.000
3082,3.082000,598810.499840,-1301761.397702,-702950.897862,2.664363e-02,-2254.682746,140.843610,535.414435,0.206,9.233,0.021,0.000,0.000,0.000
3083,3.083000,598776.184691,-1301723.213996,-702947.029305,2.664899e-02,-2254.896942,140.322673,535.619496,0.196,4.681,0.019,0.000,0.000,0.000
3084,3.084000,598741.196350,-1301685.098610,-702943.902260,2.665332e-02,-2255.246062,139.957360,535.675684,0.193,9.204,0.019,0.000,0.000,0.000
3085,3.085000,598706.652744,-1301647.073903,-702940.421159,2.665814e-02,-2255.625844,139.478515,535.304839,0.197,3.096,0.020,0.000,0.000,0.000
3086,3.086000,598672.590618,-1301609.099709,-702936.509091,2.666356e-02,-2256.142843,138.879546,534.819227,0.187,10.719,0.019,0.000,0.000,0.000
3087,3.087000,598638.461901,-1301571.219769,-702932.757868,2.666875e-02,-2256.253681,138.366923,534.642846,0.199,9.230,0.019,0.000,0.000,0.000
3088,3.088000,598604.892007,-1301533.497302,-702928.605296,2.667450e-02,-2256.639249,137.682246,534.318814,0.181,4.598,0.019,0.000,0.000,0.000
3089,3.089000,598570.202444,-1301495.803366,-702925.600922,2.667866e-02,-2257.363977,136.818085,534.017582,0.184,9.161,0.018,0.000,0.000,0.000
3090,3.090000,598534.481409,-1301458.266276,-702923.784867,2.668118e-02,-2257.499763,136.357945,534.118258,0.201,4.695,0.020,0.000,0.000,0.000
3091,3.091000,598499.130120,-1301421.001256,-702921.871136,2.668382e-02,-2257.740613,136.068031,534.090443,0.242,7.689,0.023,0.000,0.000,0.000
3092,3.092000,598463.954105,-1301383.952280,-702919.998175,2.668642e-02,-2258.111394,135.679897,533.700044,0.211,3.872,0.022,0.000,0.000,0.000
3093,3.093000,598430.411195,-1301347.131263,-702916.720068,2.669096e-02,-2258.107128,135.398892,533.052025,0.214,8.895,0.021,0.000,0.000,0.000
3094,3.094000,598397.539618,-1301310.514511,-702912.974893,2.669614e-02,-2257.441765,135.242239,533.180227,0.283,3.972,0.029,0.000,0.000,0.000
3095,3.095000,598364.205463,-1301274.059365,-702909.853902,2.670046e-02,-2257.238383,134.954743,533.393085,0.225,9.000,0.023,0.000,0.000,0.000
3096,3.096000,598332.186046,-1301237.832518,-702905.646472,2.670629e-02,-2257.789233,134.516010,533.015433,0.216,3.947,0.021,0.000,0.000,0.000
3097,3.097000,598300.165474,-1301201.814814,-702901.649340,2.671183e-02,-2258.071129,133.989126,533.199796,0.238,8.956,0.025,0.000,0.000,0.000
3098,3.098000,598267.678696,-1301165.900018,-702898.221322,2.671657e-02,-2258.334615,133.658823,533.318843,0.218,3.830,0.024,0.000,0.000,0.000
3099,3.099000,598235.992743,-1301130.206630,-702894.213887,2.672212e-02,-2258.623833,133.393091,533.355310,0.217,10.174,0.021,0.000,0.000,0.000
3100,3.100000,598204.861368,-1301094.597083,-702889.735715,2.672832e-02,-2258.746945,132.590885,533.251771,0.212,5.213,0.028,0.000,0.000,0.000
3101,3.101000,598173.105865,-1301058.962077,-702885.856211,2.673369e-02,-2258.537415,131.810783,532.935355,0.219,8.894,0.021,0.000,0.000,0.000
3102,3.102000,598140.378861,-1301023.454099,-702883.075238,2.673754e-02,-2258.075074,131.479388,532.894829,0.250,8.881,0.029,0.000,0.000,0.000
3103,3.103000,598108.037841,-1300988.078776,-702880.040935,2.674175e-02,-2257.837348,130.913639,532.528889,0.217,3.885,0.024,0.000,0.000,0.000
3104,3.104000,598076.604524,-1300952.761870,-702876.157346,2.674712e-02,-2257.842043,129.720035,531.943349,0.209,8.938,0.023,0.000,0.000,0.000
3105,3.105000,598045.283082,-1300917.428381,-702872.145299,2.675268e-02,-2257.834797,128.742428,531.691638,0.210,3.876,0.022,0.000,0.000,0.000
3106,3.106000,598014.311935,-1300882.366301,-702868.054366,2.675834e-02,-2257.624182,128.497359,531.279138,0.214,10.240,0.034,0.000,0.000,0.000
3107,3.107000,597983.556787,-1300847.439084,-702863.882297,2.676412e-02,-2257.432568,128.187163,530.794093,0.337,3.936,0.030,0.000,0.000,0.000
3108,3.108000,597952.849551,-1300812.744217,-702859.894666,2.676964e-02,-2257.220867,127.829742,530.343273,0.236,8.834,0.023,0.000,0.000,0.000
3109,3.109000,597922.474274,-1300778.147012,-702855.672738,2.677549e-02,-2256.975238,127.619730,529.654208,0.249,7.764,0.028,0.000,0.000,0.000
3110,3.110000,597892.702537,-1300743.627434,-702850.924896,2.678206e-02,-2256.609073,127.445699,529.330730,0.225,3.953,0.026,0.000,0.000,0.000
3111,3.111000,597861.983961,-1300709.148087,-702847.164125,2.678727e-02,-2256.294922,127.197202,529.103843,0.216,8.981,0.021,0.000,0.000,0.000
3112,3.112000,597830.250502,-1300674.815383,-702844.564881,2.679087e-02,-2256.121931,126.738237,528.964925,0.207,3.930,0.018,0.000,0.000,0.000
3113,3.113000,597798.628624,-1300640.547399,-702841.918774,2.679453e-02,-2255.845869,126.152622,528.998242,0.212,10.260,0.020,0.000,0.000,0.000
3114,3.114000,597766.956768,-1300606.360976,-702839.404208,2.679801e-02,-2255.612004,125.956232,528.999605,0.225,5.192,0.022,0.000,0.000,0.000
3115,3.115000,597735.266201,-1300572.254251,-702836.988051,2.680136e-02,-2255.479431,125.776063,528.847837,0.225,9.854,0.025,0.000,0.000,0.000
3116,3.116000,597703.777878,-1300538.232862,-702834.454984,2.680487e-02,-2255.128799,125.221295,528.569396,0.288,10.265,0.029,0.000,0.000,0.000
3117,3.117000,597672.539836,-1300504.272276,-702831.732440,2.680864e-02,-2254.719713,124.732010,528.564547,0.233,3.875,0.023,0.000,0.000,0.000
3118,3.118000,597641.546242,-1300470.428912,-702828.882670,2.681258e-02,-2254.455845,124.156339,528.656239,0.252,8.912,0.019,0.000,0.000,0.000
3119,3.119000,597610.871571,-1300436.712260,-702825.840689,2.681680e-02,-2254.192785,123.664159,528.776488,0.222,3.849,0.019,0.000,0.000,0.000
3120,3.120000,597580.290484,-1300403.117877,-702822.827393,2.682097e-02,-2254.085979,123.031864,528.891944,0.278,8.902,0.033,0.000,0.000,0.000
3121,3.121000,597549.890129,-1300369.674889,-702819.784760,2.682518e-02,-2254.060897,122.306692,528.759786,0.264,3.863,0.039,0.000,0.000,0.000
3122,3.122000,597520.061962,-1300336.562387,-702816.500425,2.682973e-02,-2254.171837,121.919370,528.445421,0.235,5.120,0.022,0.000,0.000,0.000
3123,3.123000,597490.233497,-1300303.807159,-702813.573661,2.683378e-02,-2254.222430,121.690095,528.251601,0.217,5.134,0.020,0.000,0.000,0.000
3124,3.124000,597460.406590,-1300271.495735,-702811.089145,2.683722e-02,-2254.005450,121.494948,528.307166,0.223,7.605,0.036,0.000,0.000,0.000
3125,3.125000,597430.646766,-1300239.613860,-702808.967094,2.684016e-02,-2253.721914,121.062339,528.215101,0.226,8.904,0.023,0.000,0.000,0.000
3126,3.126000,597401.850074,-1300208.142252,-702806.292178,2.684386e-02,-2253.945283,120.521924,527.772594,0.227,3.857,0.020,0.000,0.000,0.000
3127,3.127000,597374.350113,-1300177.064233,-702802.714120,2.684882e-02,-2254.261572,119.910005,527.323071,0.221,5.110,0.024,0.000,0.000,0.000
3128,3.128000,597347.381627,-1300146.379890,-702798.998263,2.685396e-02,-2254.141936,119.120323,527.060855,0.214,5.126,0.019,0.000,0.000,0.000
3129,3.129000,597321.185182,-1300116.086029,-702794.900847,2.685964e-02,-2254.153409,118.179638,526.989315,0.211,6.380,0.018,0.000,0.000,0.000
3130,3.130000,597295.470988,-1300086.169290,-702790.698302,2.686546e-02,-2254.240274,117.510426,526.931720,0.212,10.177,0.018,0.000,0.000,0.000
3131,3.131000,597270.558471,-1300056.695001,-702786.136530,2.687177e-02,-2254.177081,117.032371,526.701025,0.226,8.973,0.020,0.000,0.000,0.000
3132,3.132000,597246.313364,-1300027.627912,-702781.314547,2.687845e-02,-2254.254678,116.344567,526.250760,0.204,3.867,0.020,0.000,0.000,0.000
3133,3.133000,597222.008496,-1299998.913213,-702776.904717,2.688456e-02,-2254.487883,115.592828,526.092651,0.214,8.659,0.019,0.000,0.000,0.000
3134,3.134000,597198.541039,-1299970.529340,-702771.988300,2.689136e-02,-2254.339217,114.887575,525.706798,0.217,7.734,0.019,0.000,0.000,0.000
3135,3.135000,597175.039957,-1299942.292711,-702767.252754,2.689792e-02,-2254.042116,114.427341,525.250228,0.211,3.944,0.021,0.000,0.000,0.000
3136,3.136000,597150.909573,-1299914.435058,-702763.525484,2.690308e-02,-2254.088151,114.006333,525.167456,0.213,8.906,0.019,0.000,0.000,0.000
3137,3.137000,597127.418075,-1299886.924979,-702759.506904,2.690865e-02,-2254.186413,113.398469,524.609454,0.210,3.850,0.018,0.000,0.000,0.000
3138,3.138000,597103.797612,-1299859.604557,-702755.806945,2.691377e-02,-2254.221755,112.756887,524.059962,0.252,10.171,0.033,0.000,0.000,0.000
3139,3.139000,597079.857118,-1299832.654401,-702752.797283,2.691794e-02,-2254.068451,112.152696,523.634178,0.275,3.887,0.030,0.000,0.000,0.000
3140,3.140000,597056.649617,-1299805.981403,-702749.331786,2.692274e-02,-2253.892152,111.471473,522.937059,0.266,9.017,0.029,0.000,0.000,0.000
3141,3.141000,597034.529797,-1299779.554375,-702745.024578,2.692870e-02,-2253.905072,110.501260,522.385949,0.254,7.386,0.024,0.000,0.000,0.000
3142,3.142000,597012.675744,-1299753.348376,-702740.672632,2.693473e-02,-2253.999491,109.393799,522.030093,0.231,9.013,0.023,0.000,0.000,0.000
3143,3.143000,596990.692903,-1299727.371218,-702736.678315,2.694026e-02,-2254.311084,108.418041,521.734520,0.237,3.860,0.023,0.000,0.000,0.000
3144,3.144000,596968.915539,-1299701.718561,-702732.803022,2.694562e-02,-2254.592176,107.728893,521.413606,0.228,9.004,0.021,0.000,0.000,0.000
3145,3.145000,596947.190801,-1299676.428769,-702729.237967,2.695056e-02,-2254.770444,107.198896,520.830477,0.224,8.994,0.024,0.000,0.000,0.000
3146,3.146000,596925.430671,-1299651.344112,-702725.913440,2.695516e-02,-2254.875887,106.512921,520.398128,0.212,3.934,0.020,0.000,0.000,0.000
3147,3.147000,596903.274243,-1299626.390865,-702723.116622,2.695903e-02,-2254.449250,105.799468,520.385652,0.207,10.084,0.020,0.000,0.000,0.000
3148,3.148000,596880.919736,-1299601.525982,-702720.606247,2.696251e-02,-2253.789173,105.130810,520.657163,0.212,8.780,0.022,0.000,0.000,0.000
3149,3.149000,596858.817651,-1299576.795603,-702717.977952,2.696615e-02,-2253.465496,104.437340,521.042722,0.213,4.963,0.021,0.000,0.000,0.000
3150,3.150000,596837.117797,-1299552.132922,-702715.015125,2.697025e-02,-2253.423892,103.823671,521.280184,0.208,9.011,0.020,0.000,0.000,0.000
3151,3.151000,596815.701960,-1299527.641472,-702711.939511,2.697451e-02,-2253.291531,103.220359,521.239011,0.207,5.205,0.019,0.000,0.000,0.000
3152,3.152000,596795.399300,-1299503.184513,-702707.785213,2.698026e-02,-2254.270283,100.625835,522.045597,0.208,8.967,0.019,0.000,0.000,0.000
3153,3.153000,596775.455894,-1299478.420919,-702702.965025,2.698694e-02,-2255.583373,98.412432,522.983757,0.202,3.871,0.018,0.000,0.000,0.000
3154,3.154000,596754.488651,-1299453.744347,-702699.255696,2.699207e-02,-2255.872745,98.392287,522.773114,0.223,9.909,0.106,0.000,0.000,0.000
3155,3.155000,596735.596264,-1299429.135945,-702693.539681,2.699999e-02,-2257.310445,96.455946,523.959513,0.215,8.905,0.023,0.000,0.000,0.000
3156,3.156000,596718.112692,-1299404.333687,-702686.220995,2.701012e-02,-2259.047913,93.823988,524.652705,0.228,3.889,0.021,0.000,0.000,0.000
3157,3.157000,596698.674062,-1299379.432499,-702680.758437,2.701769e-02,-2259.473009,92.682933,523.810075,0.202,8.716,0.019,0.000,0.000,0.000
3158,3.158000,596678.194082,-1299354.493299,-702676.299216,2.702386e-02,-2259.663165,92.168676,523.713583,0.188,7.706,0.019,0.000,0.000,0.000
3159,3.159000,596659.663435,-1299329.642990,-702669.979554,2.703261e-02,-2260.831656,89.710582,526.261473,0.197,3.927,0.018,0.000,0.000,0.000
3160,3.160000,596640.864116,-1299304.536992,-702663.672876,2.704134e-02,-2261.830841,87.210943,528.962206,0.182,8.990,0.018,0.000,0.000,0.000
3161,3.161000,596622.059874,-1299279.577398,-702657.517524,2.704987e-02,-2262.815847,84.669453,531.023818,0.204,3.869,0.026,0.000,0.000,0.000
3162,3.162000,596602.186194,-1299254.346546,-702652.160352,2.705729e-02,-2264.194183,80.644460,533.798936,0.234,10.238,0.024,0.000,0.000,0.000
3163,3.163000,596580.576324,-1299228.488801,-702647.912476,2.706317e-02,-2265.751250,77.469026,537.305997,0.214,5.186,0.021,0.000,0.000,0.000
3164,3.164000,596558.631711,-1299202.360291,-702643.728580,2.706896e-02,-2266.800293,76.052924,540.089112,0.229,8.934,0.025,0.000,0.000,0.000
3165,3.165000,596535.959472,-1299176.230481,-702640.271009,2.707375e-02,-2267.553056,76.834906,540.749059,0.223,5.134,0.027,0.000,0.000,0.000
3166,3.166000,596516.010641,-1299149.943137,-702633.932496,2.708253e-02,-2269.898780,75.812627,543.805472,0.225,7.647,0.026,0.000,0.000,0.000
3167,3.167000,596495.726205,-1299123.270446,-702627.544242,2.709137e-02,-2271.867269,74.652173,546.899996,0.204,3.870,0.019,0.000,0.000,0.000
3168,3.168000,596473.551055,-1299096.584025,-702623.032970,2.709762e-02,-2273.343663,75.990940,547.636337,0.208,10.268,0.020,0.000,0.000,0.000
3169,3.169000,596450.707884,-1299069.683712,-702618.975828,2.710324e-02,-2274.858706,77.322136,548.402030,0.205,10.196,0.020,0.000,0.000,0.000
3170,3.170000,596428.079001,-1299042.768885,-702614.689885,2.710917e-02,-2275.954205,78.366440,549.547567,0.219,3.849,0.025,0.000,0.000,0.000
3171,3.171000,596406.778224,-1299015.751516,-702608.973292,2.711709e-02,-2277.542578,79.448218,550.177703,0.199,8.853,0.018,0.000,0.000,0.000
3172,3.172000,596385.892754,-1298988.587960,-702602.695206,2.712578e-02,-2279.406360,80.923163,550.415347,0.204,7.717,0.025,0.000,0.000,0.000
3173,3.173000,596362.817675,-1298961.226256,-702598.408580,2.713171e-02,-2280.242471,82.136561,550.806999,0.204,3.942,0.018,0.000,0.000,0.000
3174,3.174000,596338.890799,-1298933.918820,-702595.028021,2.713640e-02,-2280.896765,82.583723,550.755118,0.214,8.979,0.019,0.000,0.000,0.000
3175,3.175000,596314.674806,-1298906.489253,-702591.814447,2.714085e-02,-2281.329555,82.578791,550.611988,0.205,3.944,0.020,0.000,0.000,0.000
3176,3.176000,596289.945193,-1298879.160406,-702589.215213,2.714444e-02,-2281.236707,82.313553,551.346121,0.206,9.982,0.019,0.000,0.000,0.000
3177,3.177000,596264.748283,-1298851.642913,-702586.894630,2.714766e-02,-2280.946865,81.744448,552.198006,0.201,5.193,0.024,0.000,0.000,0.000
3178,3.178000,596238.902413,-1298824.067102,-702585.164689,2.715005e-02,-2280.550151,80.895662,552.179590,0.235,8.913,0.021,0.000,0.000,0.000
3179,3.179000,596213.547801,-1298796.584295,-702583.036494,2.715300e-02,-2280.223628,79.817338,552.250638,0.215,8.712,0.023,0.000,0.000,0.000
3180,3.180000,596188.149798,-1298769.116457,-702580.966659,2.715587e-02,-2279.872527,78.673625,552.359855,0.221,3.950,0.022,0.000,0.000,0.000
3181,3.181000,596162.435439,-1298741.738422,-702579.302983,2.715817e-02,-2280.148665,78.034101,551.576499,0.215,8.759,0.020,0.000,0.000,0.000
3182,3.182000,596136.601389,-1298714.498922,-702577.897533,2.716012e-02,-2280.733092,77.573422,550.470651,0.210,3.696,0.019,0.000,0.000,0.000
3183,3.183000,596111.411667,-1298687.422209,-702576.010542,2.716273e-02,-2281.274857,76.868514,549.557486,0.193,10.101,0.020,0.000,0.000,0.000
3184,3.184000,596087.103431,-1298660.526692,-702573.423261,2.716631e-02,-2281.685491,75.977507,548.824261,0.204,3.855,0.019,0.000,0.000,0.000
3185,3.185000,596062.935955,-1298633.826638,-702570.890683,2.716982e-02,-2281.503469,75.229816,548.504913,0.198,8.973,0.019,0.000,0.000,0.000
3186,3.186000,596038.785830,-1298607.265666,-702568.479836,2.717316e-02,-2280.755332,74.734814,548.593747,0.198,5.112,0.026,0.000,0.000,0.000
3187,3.187000,596014.863476,-1298580.860169,-702565.996693,2.717659e-02,-2280.192568,73.929171,548.516359,0.225,8.715,0.031,0.000,0.000,0.000
3188,3.188000,595991.231829,-1298554.739980,-702563.508151,2.718004e-02,-2279.871762,72.705045,548.285587,0.236,3.862,0.024,0.000,0.000,0.000
3189,3.189000,595967.845568,-1298528.862936,-702561.017368,2.718349e-02,-2279.204028,72.083253,548.093901,0.218,10.230,0.021,0.000,0.000,0.000
3190,3.190000,595944.609690,-1298503.217196,-702558.607505,2.718683e-02,-2278.773878,71.952536,547.737846,0.204,10.215,0.021,0.000,0.000,0.000
3191,3.191000,595920.679866,-1298477.731926,-702557.052060,2.718898e-02,-2278.346180,71.253390,547.922025,0.207,5.132,0.022,0.000,0.000,0.000
3192,3.192000,595896.060633,-1298452.441431,-702556.380798,2.718991e-02,-2277.293049,70.119233,548.624337,0.194,5.114,0.024,0.000,0.000,0.000
3193,3.193000,595871.904415,-1298427.346555,-702555.442140,2.719121e-02,-2276.427462,68.678482,548.950862,0.227,5.122,0.023,0.000,0.000,0.000
3194,3.194000,595847.925714,-1298402.360489,-702554.434775,2.719260e-02,-2275.924460,67.137471,549.178237,0.233,6.395,0.025,0.000,0.000,0.000
3195,3.195000,595823.890057,-1298377.423984,-702553.533927,2.719385e-02,-2275.334180,65.768664,549.377615,0.210,10.119,0.022,0.000,0.000,0.000
3196,3.196000,595800.550924,-1298352.620402,-702552.069478,2.719588e-02,-2274.958450,65.208703,549.333053,0.207,3.906,0.022,0.000,0.000,0.000
3197,3.197000,595778.679942,-1298328.071656,-702549.391714,2.719959e-02,-2275.232526,65.252620,549.009677,0.202,5.143,0.020,0.000,0.000,0.000
3198,3.198000,595757.673121,-1298303.714892,-702546.041771,2.720423e-02,-2275.606452,65.032102,548.674036,0.208,5.209,0.022,0.000,0.000,0.000
3199,3.199000,595737.185859,-1298279.541291,-702542.355432,2.720933e-02,-2275.762612,64.493793,548.330633,0.232,7.744,0.028,0.000,0.000,0.000
3200,3.200000,595718.932748,-1298255.600508,-702536.667761,2.721721e-02,-2276.137807,63.961499,547.889039,0.197,10.246,0.019,0.000,0.000,0.000
3201,3.201000,595700.936206,-1298231.744664,-702530.808458,2.722532e-02,-2276.633002,63.516155,547.415383,0.230,5.129,0.027,0.000,0.000,0.000
3202,3.202000,595681.702615,-1298208.206379,-702526.503764,2.723128e-02,-2277.061891,63.043355,546.789367,0.216,6.285,0.022,0.000,0.000,0.000
3203,3.203000,595662.678327,-1298184.998084,-702522.319756,2.723707e-02,-2277.521733,62.650641,546.125727,0.202,6.371,0.024,0.000,0.000,0.000
3204,3.204000,595644.133126,-1298162.127931,-702517.994805,2.724306e-02,-2278.005395,62.141342,545.680384,0.193,3.925,0.028,0.000,0.000,0.000
3205,3.205000,595624.787322,-1298139.583537,-702514.796215,2.724749e-02,-2278.413335,61.722816,545.504373,0.189,8.919,0.020,0.000,0.000,0.000
3206,3.206000,595605.316575,-1298117.440297,-702512.123722,2.725119e-02,-2278.574435,61.282284,545.325898,0.188,5.017,0.023,0.000,0.000,0.000
3207,3.207000,595587.869211,-1298095.592537,-702507.723326,2.725728e-02,-2278.841378,60.965637,545.309080,0.200,10.012,0.020,0.000,0.000,0.000
3208,3.208000,595571.638309,-1298074.042331,-702502.404022,2.726465e-02,-2279.205838,60.803069,545.605361,0.230,3.946,0.024,0.000,0.000,0.000
3209,3.209000,595554.906127,-1298052.734576,-702497.828449,2.727098e-02,-2279.280049,60.650255,546.001553,0.209,7.656,0.027,0.000,0.000,0.000
3210,3.210000,595538.215065,-1298031.620795,-702493.405730,2.727711e-02,-2279.264253,60.744981,546.137693,0.194,3.939,0.020,0.000,0.000,0.000
3211,3.211000,595521.905973,-1298010.698007,-702488.792034,2.728350e-02,-2279.704827,61.026408,546.084732,0.197,10.270,0.022,0.000,0.000,0.000
3212,3.212000,595506.186894,-1297989.916046,-702483.729152,2.729051e-02,-2280.323123,61.016548,546.082818,0.200,5.191,0.022,0.000,0.000,0.000
3213,3.213000,595490.357283,-1297969.186347,-702478.829065,2.729729e-02,-2280.910870,60.990807,545.925692,0.197,5.109,0.022,0.000,0.000,0.000
3214,3.214000,595474.641850,-1297948.525048,-702473.883198,2.730414e-02,-2281.700649,61.010589,545.657164,0.191,5.111,0.021,0.000,0.000,0.000
3215,3.215000,595459.705777,-1297927.807784,-702468.102007,2.731215e-02,-2282.441602,60.592075,545.896859,0.203,6.391,0.019,0.000,0.000,0.000
3216,3.216000,595444.282477,-1297906.886263,-702462.603786,2.731976e-02,-2282.986014,60.333766,546.054808,0.185,10.252,0.021,0.000,0.000,0.000
3217,3.217000,595428.707592,-1297885.919190,-702457.211599,2.732723e-02,-2283.461007,59.691891,546.280897,0.201,3.860,0.025,0.000,0.000,0.000
3218,3.218000,595413.327788,-1297864.592395,-702451.264607,2.733546e-02,-2284.059125,59.089752,546.566462,0.188,5.189,0.020,0.000,0.000,0.000
3219,3.219000,595397.771644,-1297843.185351,-702445.413707,2.734356e-02,-2284.686924,59.020240,546.194151,0.217,5.202,0.025,0.000,0.000,0.000
3220,3.220000,595381.342696,-1297821.736059,-702440.393363,2.735051e-02,-2285.356443,59.156471,545.343642,0.290,6.446,0.037,0.000,0.000,0.000
3221,3.221000,595364.518013,-1297800.228484,-702435.710471,2.735700e-02,-2285.813505,59.590249,544.683963,0.239,10.212,0.026,0.000,0.000,0.000
3222,3.222000,595347.143743,-1297778.749946,-702431.606203,2.736268e-02,-2286.013375,59.968738,544.700076,0.229,10.295,0.023,0.000,0.000,0.000
3223,3.223000,595329.708584,-1297757.337375,-702427.628791,2.736819e-02,-2286.472694,60.055990,544.505793,0.225,3.873,0.029,0.000,0.000,0.000
3224,3.224000,595312.829462,-1297735.993368,-702423.163906,2.737437e-02,-2287.015551,59.895046,543.922788,0.198,5.107,0.033,0.000,0.000,0.000
3225,3.225000,595295.270133,-1297714.603912,-702419.333779,2.737967e-02,-2287.022195,60.045678,543.612868,0.199,5.126,0.022,0.000,0.000,0.000
3226,3.226000,595277.251257,-1297693.195085,-702415.943828,2.738437e-02,-2287.118587,60.209605,543.376024,0.210,6.406,0.022,0.000,0.000,0.000
3227,3.227000,595260.284339,-1297671.778158,-702411.493819,2.739053e-02,-2287.295544,60.006380,542.989469,0.197,10.210,0.020,0.000,0.000,0.000
3228,3.228000,595243.848231,-1297650.347176,-702406.498945,2.739745e-02,-2287.480014,59.686535,542.715369,0.228,6.454,0.026,0.000,0.000,0.000
3229,3.229000,595226.114246,-1297628.914211,-702402.799965,2.740257e-02,-2287.795063,59.068459,542.575635,0.204,3.948,0.022,0.000,0.000,0.000
3230,3.230000,595207.731835,-1297607.405167,-702399.673332,2.740690e-02,-2287.955218,58.466619,542.276281,0.197,3.902,0.022,0.000,0.000,0.000
3231,3.231000,595189.582674,-1297585.872308,-702396.289635,2.741158e-02,-2287.986119,57.923884,542.106976,0.219,6.427,0.019,0.000,0.000,0.000
3232,3.232000,595171.699068,-1297564.265451,-702392.566383,2.741674e-02,-2287.881169,57.812538,542.228812,0.188,10.240,0.019,0.000,0.000,0.000
3233,3.233000,595153.557171,-1297542.653613,-702389.096443,2.742154e-02,-2288.034128,57.873204,541.828637,0.198,5.156,0.020,0.000,0.000,0.000
3234,3.234000,595134.127875,-1297520.941894,-702386.814019,2.742470e-02,-2288.234431,57.694663,541.473544,0.190,8.926,0.023,0.000,0.000,0.000
3235,3.235000,595115.116939,-1297499.255807,-702384.138868,2.742841e-02,-2288.510950,57.769994,541.501092,0.189,6.397,0.024,0.000,0.000,0.000
3236,3.236000,595096.267279,-1297477.571960,-702381.304682,2.743233e-02,-2288.667500,57.769309,541.570521,0.208,3.849,0.027,0.000,0.000,0.000
3237,3.237000,595077.906511,-1297455.928830,-702378.022319,2.743688e-02,-2288.950026,57.604597,541.398517,0.206,10.244,0.022,0.000,0.000,0.000
3238,3.238000,595060.339102,-1297434.153276,-702373.814174,2.744270e-02,-2289.517417,57.173774,541.117692,0.247,3.876,0.025,0.000,0.000,0.000
3239,3.239000,595042.378797,-1297412.331521,-702369.952725,2.744805e-02,-2289.976231,56.676199,540.731355,0.211,5.212,0.018,0.000,0.000,0.000
3240,3.240000,595023.151015,-1297390.421317,-702367.270302,2.745177e-02,-2290.675448,55.718867,539.806738,0.203,5.115,0.019,0.000,0.000,0.000
3241,3.241000,595003.824789,-1297368.387783,-702364.562993,2.745551e-02,-2291.351774,55.140992,539.335333,0.185,6.385,0.019,0.000,0.000,0.000
3242,3.242000,594985.515979,-1297346.301188,-702360.785210,2.746074e-02,-2291.732261,55.011006,539.207769,0.254,10.074,0.023,0.000,0.000,0.000
3243,3.243000,594966.678226,-1297324.163507,-702357.485281,2.746531e-02,-2292.163710,54.732867,538.859425,0.326,5.132,0.028,0.000,0.000,0.000
3244,3.244000,594947.188856,-1297302.019164,-702354.830308,2.746899e-02,-2292.569212,54.748247,538.576173,0.235,6.411,0.031,0.000,0.000,0.000
3245,3.245000,594927.449360,-1297279.885419,-702352.436059,2.747231e-02,-2292.601235,54.727603,538.444470,0.212,7.653,0.023,0.000,0.000,0.000
3246,3.246000,594907.789928,-1297257.657796,-702349.867868,2.747586e-02,-2292.537890,54.572788,538.462752,0.220,3.928,0.027,0.000,0.000,0.000
3247,3.247000,594888.687765,-1297235.397198,-702346.709433,2.748024e-02,-2292.743149,54.202426,538.361512,0.263,7.757,0.031,0.000,0.000,0.000
3248,3.248000,594869.911981,-1297213.145734,-702343.233753,2.748505e-02,-2292.907130,53.794012,538.347285,0.220,7.641,0.023,0.000,0.000,0.000
3249,3.249000,594851.119968,-1297190.807547,-702339.687580,2.748996e-02,-2292.998489,53.633338,538.548565,0.223,5.018,0.025,0.000,0.000,0.000
3250,3.250000,594831.591832,-1297168.440016,-702336.848185,2.749389e-02,-2292.864771,53.593667,538.912225,0.201,6.451,0.021,0.000,0.000,0.000
3251,3.251000,594811.589629,-1297146.000818,-702334.411188,2.749726e-02,-2292.569926,53.527037,539.168072,0.201,6.371,0.020,0.000,0.000,0.000
3252,3.252000,594792.785236,-1297123.534593,-702330.749357,2.750233e-02,-2292.309504,53.564189,539.244701,0.189,3.924,0.026,0.000,0.000,0.000
3253,3.253000,594774.300748,-1297101.026207,-702326.725458,2.750791e-02,-2292.340193,53.456186,539.411103,0.185,10.140,0.019,0.000,0.000,0.000
3254,3.254000,594754.966184,-1297078.495023,-702323.528839,2.751233e-02,-2292.486666,53.191325,539.561688,0.216,3.928,0.024,0.000,0.000,0.000
3255,3.255000,594735.243790,-1297055.969681,-702320.725892,2.751621e-02,-2292.080113,53.108280,539.867389,0.189,5.208,0.019,0.000,0.000,0.000
3256,3.256000,594715.161388,-1297033.275972,-702318.114584,2.751983e-02,-2291.625084,52.958507,540.225275,0.195,5.201,0.028,0.000,0.000,0.000
3257,3.257000,594694.723164,-1297010.463028,-702315.739864,2.752312e-02,-2291.431619,52.571208,540.412219,0.192,6.377,0.022,0.000,0.000,0.000
3258,3.258000,594673.908144,-1296987.553176,-702313.645032,2.752602e-02,-2291.077440,52.326751,540.747967,0.193,10.259,0.024,0.000,0.000,0.000
3259,3.259000,594652.846807,-1296964.539895,-702311.693088,2.752872e-02,-2290.946490,52.457171,540.769922,0.186,5.178,0.023,0.000,0.000,0.000
3260,3.260000,594631.055980,-1296941.393370,-702310.337390,2.753060e-02,-2290.983333,52.900149,540.670725,0.187,9.003,0.019,0.000,0.000,0.000
3261,3.261000,594609.246018,-1296918.153408,-702308.907390,2.753258e-02,-2291.058961,53.429369,540.834580,0.223,3.841,0.032,0.000,0.000,0.000
3262,3.262000,594587.761703,-1296894.837543,-702307.075839,2.753511e-02,-2291.229562,53.990908,540.900977,0.206,7.648,0.021,0.000,0.000,0.000
3263,3.263000,594565.942048,-1296871.464490,-702305.522442,2.753727e-02,-2291.205903,54.309644,540.899954,0.191,3.994,0.024,0.000,0.000,0.000
3264,3.264000,594543.948114,-1296848.081503,-702304.133389,2.753919e-02,-2291.128690,54.683186,540.810879,0.203,8.920,0.022,0.000,0.000,0.000
3265,3.265000,594522.799796,-1296824.704903,-702301.905107,2.754227e-02,-2291.189557,55.238935,540.673641,0.197,3.940,0.020,0.000,0.000,0.000
3266,3.266000,594501.987911,-1296801.373809,-702299.385898,2.754576e-02,-2291.184514,55.745006,540.626010,0.189,7.659,0.020,0.000,0.000,0.000
3267,3.267000,594480.395764,-1296778.120062,-702297.724298,2.754806e-02,-2291.091474,56.119779,540.549917,0.185,3.944,0.018,0.000,0.000,0.000
3268,3.268000,594459.428851,-1296755.070935,-702295.642084,2.755095e-02,-2290.824353,57.002539,540.802753,0.199,10.146,0.027,0.000,0.000,0.000
3269,3.269000,594438.627584,-1296732.020973,-702293.393389,2.755406e-02,-2290.543429,58.273282,541.262596,0.241,3.883,0.025,0.000,0.000,0.000
3270,3.270000,594417.658043,-1296709.129206,-702291.471163,2.755672e-02,-2290.614064,58.912445,541.318439,0.208,5.217,0.021,0.000,0.000,0.000
3271,3.271000,594397.322886,-1296686.468458,-702289.145571,2.755994e-02,-2290.730775,58.958232,541.417700,0.220,5.142,0.021,0.000,0.000,0.000
3272,3.272000,594377.453184,-1296664.067503,-702286.614319,2.756345e-02,-2290.758242,58.633367,541.914016,0.198,6.368,0.020,0.000,0.000,0.000
3273,3.273000,594357.935825,-1296641.858375,-702283.922550,2.756717e-02,-2290.816191,58.308650,542.497546,0.188,10.232,0.018,0.000,0.000,0.000
3274,3.274000,594339.028667,-1296619.855868,-702280.827201,2.757146e-02,-2290.848446,58.393313,543.023671,0.190,10.262,0.019,0.000,0.000,0.000
3275,3.275000,594321.059168,-1296598.032745,-702276.973577,2.757680e-02,-2290.999171,58.414102,543.326716,0.191,3.853,0.020,0.000,0.000,0.000
3276,3.276000,594303.280914,-1296576.269820,-702272.988906,2.758231e-02,-2291.316179,57.921576,543.361819,0.184,8.993,0.018,0.000,0.000,0.000
3277,3.277000,594285.202990,-1296554.575954,-702269.372964,2.758732e-02,-2291.503730,57.535228,543.402039,0.185,7.722,0.020,0.000,0.000,0.000
3278,3.278000,594266.804472,-1296532.900709,-702266.096237,2.759186e-02,-2291.501595,57.237364,543.701011,0.192,3.927,0.019,0.000,0.000,0.000
3279,3.279000,594248.023698,-1296511.238216,-702263.214519,2.759585e-02,-2291.400525,57.001246,544.163795,0.207,8.968,0.025,0.000,0.000,0.000
3280,3.280000,594229.087149,-1296489.589015,-702260.501866,2.759960e-02,-2291.174404,57.074863,544.657030,0.218,3.941,0.021,0.000,0.000,0.000
3281,3.281000,594210.026546,-1296467.993149,-702257.966603,2.760311e-02,-2291.039533,57.033705,545.077783,0.181,5.108,0.017,0.000,0.000,0.000
3282,3.282000,594191.686968,-1296446.421703,-702254.734735,2.760759e-02,-2290.851785,57.121728,545.287067,0.181,5.119,0.019,0.000,0.000,0.000
3283,3.283000,594174.320805,-1296424.774703,-702250.453898,2.761352e-02,-2290.625348,57.331703,545.441762,0.202,7.615,0.020,0.000,0.000,0.000
3284,3.284000,594156.356164,-1296403.133257,-702246.777093,2.761861e-02,-2290.432851,57.700266,545.496279,0.188,10.180,0.020,0.000,0.000,0.000
3285,3.285000,594137.505949,-1296381.451274,-702243.945325,2.762253e-02,-2290.064213,58.532687,545.308894,0.297,5.222,0.023,0.000,0.000,0.000
3286,3.286000,594118.756121,-1296359.590040,-702240.833918,2.762684e-02,-2289.922705,58.884299,545.158937,0.208,6.465,0.021,0.000,0.000,0.000
3287,3.287000,594099.824647,-1296337.693172,-702237.868524,2.763094e-02,-2289.735803,59.358543,544.970653,0.199,5.106,0.019,0.000,0.000,0.000
3288,3.288000,594080.605348,-1296315.639119,-702235.033771,2.763487e-02,-2289.616534,60.309618,543.986266,0.225,6.390,0.021,0.000,0.000,0.000
3289,3.289000,594061.342035,-1296293.340317,-702231.998282,2.763907e-02,-2289.619395,61.045641,543.230484,0.247,3.903,0.029,0.000,0.000,0.000
3290,3.290000,594041.540595,-1296271.041758,-702229.501164,2.764253e-02,-2289.564339,60.646900,543.589001,0.314,8.649,0.045,0.000,0.000,0.000
3291,3.291000,594021.371509,-1296248.420429,-702227.048920,2.764593e-02,-2289.432768,60.235692,543.822158,0.273,5.149,0.046,0.000,0.000,0.000
3292,3.292000,594002.011314,-1296225.795578,-702223.784264,2.765045e-02,-2289.193672,60.364378,543.951722,0.276,5.163,0.041,0.000,0.000,0.000
3293,3.293000,593982.387181,-1296203.115598,-702220.728417,2.765468e-02,-2289.092451,60.116678,544.185418,0.230,5.130,0.036,0.000,0.000,0.000
3294,3.294000,593961.812675,-1296180.448182,-702218.635507,2.765758e-02,-2289.252442,60.183923,543.717098,0.229,7.646,0.027,0.000,0.000,0.000
3295,3.295000,593941.093559,-1296157.794080,-702216.700521,2.766025e-02,-2289.042368,60.823617,543.680903,0.223,10.146,0.025,0.000,0.000,0.000
3296,3.296000,593920.253546,-1296135.184329,-702214.930783,2.766271e-02,-2288.310911,61.256904,544.708830,0.226,3.864,0.026,0.000,0.000,0.000
3297,3.297000,593899.635006,-1296112.548011,-702212.913005,2.766550e-02,-2287.603625,61.315217,545.554289,0.214,6.435,0.025,0.000,0.000,0.000
3298,3.298000,593880.036660,-1296089.932637,-702209.895977,2.766968e-02,-2286.859164,61.647822,545.761753,0.205,6.463,0.022,0.000,0.000,0.000
3299,3.299000,593860.435893,-1296067.346169,-702206.910275,2.767381e-02,-2286.393307,62.660373,544.745343,0.260,6.393,0.043,0.000,0.000,0.000
3300,3.300000,593840.809714,-1296044.464286,-702203.654572,2.767832e-02,-2286.496753,63.405179,543.594536,0.236,7.666,0.054,0.000,0.000,0.000
3301,3.301000,593820.522178,-1296021.480463,-702200.958285,2.768205e-02,-2286.142723,64.142716,543.757260,0.263,3.962,0.029,0.000,0.000,0.000
3302,3.302000,593799.479295,-1295998.434405,-702198.955109,2.768483e-02,-2285.265006,65.120149,544.552751,0.232,5.195,0.030,0.000,0.000,0.000
3303,3.303000,593778.809365,-1295975.409172,-702196.599807,2.768809e-02,-2284.623329,65.958662,545.333247,0.268,4.826,0.037,0.000,0.000,0.000
3304,3.304000,593757.429839,-1295952.250237,-702194.820398,2.769055e-02,-2283.737489,67.909107,546.851472,0.326,6.516,0.081,0.000,0.000,0.000
3305,3.305000,593737.084917,-1295928.746320,-702191.661402,2.769493e-02,-2282.697315,68.150342,548.434890,0.286,8.661,0.057,0.000,0.000,0.000
3306,3.306000,593717.272186,-1295904.830462,-702187.558276,2.770061e-02,-2282.056495,67.084368,549.476989,0.473,8.983,0.061,0.000,0.000,0.000
3307,3.307000,593696.359178,-1295880.670543,-702184.311365,2.770510e-02,-2281.510934,67.670414,551.302344,0.310,8.958,0.054,0.000,0.000,0.000
3308,3.308000,593674.558007,-1295856.203854,-702181.645847,2.770879e-02,-2280.787602,67.958656,553.634215,0.279,7.697,0.032,0.000,0.000,0.000
3309,3.309000,593652.632626,-1295831.282015,-702178.649389,2.771294e-02,-2279.862660,68.182670,555.946356,0.237,8.943,0.024,0.000,0.000,0.000
3310,3.310000,593630.993884,-1295806.004220,-702175.010336,2.771798e-02,-2279.355920,69.327683,556.643461,0.255,5.227,0.032,0.000,0.000,0.000
3311,3.311000,593609.085199,-1295780.489406,-702171.404207,2.772298e-02,-2279.530145,70.046126,556.288148,0.237,10.171,0.026,0.000,0.000,0.000
3312,3.312000,593587.302888,-1295755.033939,-702167.731051,2.772806e-02,-2279.514960,70.118553,556.587402,0.255,4.911,0.033,0.000,0.000,0.000
3313,3.313000,593565.921531,-1295729.553316,-702163.631784,2.773374e-02,-2278.880694,71.073638,556.818046,0.255,5.098,0.025,0.000,0.000,0.000
3314,3.314000,593543.843262,-1295703.574583,-702159.731321,2.773914e-02,-2278.687395,72.342209,556.486221,0.225,5.156,0.021,0.000,0.000,0.000
3315,3.315000,593520.749103,-1295677.474436,-702156.725332,2.774330e-02,-2279.072376,72.548825,555.882273,0.217,8.793,0.022,0.000,0.000,0.000
3316,3.316000,593497.410983,-1295651.210486,-702153.799503,2.774735e-02,-2279.308603,72.501322,555.280813,0.213,8.791,0.020,0.000,0.000,0.000
3317,3.317000,593473.248174,-1295624.808897,-702151.560723,2.775045e-02,-2279.563132,72.866901,554.334925,0.214,3.865,0.023,0.000,0.000,0.000
3318,3.318000,593448.486018,-1295598.165263,-702149.679245,2.775306e-02,-2279.927595,73.312991,552.848242,0.214,6.368,0.021,0.000,0.000,0.000
3319,3.319000,593423.888200,-1295571.306612,-702147.418412,2.775619e-02,-2280.226580,73.543028,551.778674,0.274,6.439,0.051,0.000,0.000,0.000
3320,3.320000,593399.664888,-1295544.345115,-702144.680227,2.775998e-02,-2280.494687,73.650081,551.294304,0.254,6.420,0.026,0.000,0.000,0.000
3321,3.321000,593375.488861,-1295517.189155,-702141.700295,2.776411e-02,-2281.018786,73.688771,550.626596,0.236,9.002,0.023,0.000,0.000,0.000
3322,3.322000,593350.891188,-1295489.874916,-702138.983727,2.776787e-02,-2281.505079,73.803080,550.146353,0.237,3.936,0.033,0.000,0.000,0.000
3323,3.323000,593326.359031,-1295462.431482,-702136.072451,2.777190e-02,-2282.687728,73.552085,549.952239,0.216,10.216,0.023,0.000,0.000,0.000
3324,3.324000,593301.977898,-1295434.649510,-702132.671612,2.777661e-02,-2283.695501,73.205728,549.951620,0.216,3.882,0.021,0.000,0.000,0.000
3325,3.325000,593278.005490,-1295406.578345,-702128.572855,2.778228e-02,-2283.784200,73.214649,550.221247,0.217,8.931,0.031,0.000,0.000,0.000
3326,3.326000,593253.264487,-1295378.253981,-702124.989494,2.778724e-02,-2283.874797,73.826669,550.309682,0.239,3.891,0.031,0.000,0.000,0.000
3327,3.327000,593227.884756,-1295349.730546,-702121.845790,2.779160e-02,-2284.669746,73.929995,550.210910,0.241,8.932,0.025,0.000,0.000,0.000
3328,3.328000,593202.606403,-1295320.899818,-702118.293415,2.779652e-02,-2285.646940,73.604636,550.344894,0.220,3.867,0.026,0.000,0.000,0.000
3329,3.329000,593177.521236,-1295292.033443,-702114.512207,2.780175e-02,-2286.394258,73.749879,550.547722,0.210,6.392,0.020,0.000,0.000,0.000
3330,3.330000,593152.617275,-1295263.129796,-702110.512521,2.780729e-02,-2287.475626,73.754624,550.887260,0.216,6.475,0.034,0.000,0.000,0.000
3331,3.331000,593127.752631,-1295234.174367,-702106.421736,2.781295e-02,-2287.915093,74.294663,551.346507,0.213,6.488,0.025,0.000,0.000,0.000
3332,3.332000,593102.855167,-1295205.067050,-702102.211882,2.781878e-02,-2287.438881,75.461465,551.799221,0.202,8.985,0.021,0.000,0.000,0.000
3333,3.333000,593076.863390,-1295175.820600,-702098.957210,2.782329e-02,-2287.068003,76.464294,551.872737,0.207,5.183,0.024,0.000,0.000,0.000
3334,3.334000,593049.303563,-1295146.493643,-702097.190080,2.782574e-02,-2286.996717,77.259040,551.661071,0.215,5.112,0.019,0.000,0.000,0.000
3335,3.335000,593021.492648,-1295117.146129,-702095.653481,2.782787e-02,-2286.999837,77.476029,551.496315,0.200,6.450,0.021,0.000,0.000,0.000
3336,3.336000,592994.769818,-1295087.829657,-702093.059840,2.783146e-02,-2287.189074,77.064089,550.901064,0.233,3.934,0.024,0.000,0.000,0.000
3337,3.337000,592967.959767,-1295058.322587,-702090.362820,2.783519e-02,-2287.758581,76.636750,550.390343,0.204,10.146,0.021,0.000,0.000,0.000
3338,3.338000,592940.303999,-1295028.673105,-702088.369105,2.783795e-02,-2288.080018,76.466353,550.622885,0.206,3.868,0.025,0.000,0.000,0.000
3339,3.339000,592912.217902,-1294998.929309,-702086.711407,2.784025e-02,-2287.977928,76.312438,551.015829,0.183,4.978,0.024,0.000,0.000,0.000
3340,3.340000,592883.475161,-1294969.185052,-702085.709890,2.784163e-02,-2288.173799,76.162177,551.352296,0.191,5.173,0.022,0.000,0.000,0.000
3341,3.341000,592855.295643,-1294939.487167,-702084.191524,2.784374e-02,-2288.192185,76.861513,552.142043,0.205,6.387,0.027,0.000,0.000,0.000
3342,3.342000,592828.377881,-1294909.645199,-702081.267319,2.784779e-02,-2287.712928,78.248245,553.311436,0.182,10.241,0.028,0.000,0.000,0.000
3343,3.343000,592801.647997,-1294879.685591,-702078.037595,2.785226e-02,-2287.761927,79.011664,554.231388,0.195,10.225,0.022,0.000,0.000,0.000
3344,3.344000,592773.776193,-1294849.681134,-702075.904941,2.785521e-02,-2288.190648,78.899662,554.538785,0.220,5.174,0.023,0.000,0.000,0.000
3345,3.345000,592745.896187,-1294819.694941,-702073.798754,2.785813e-02,-2288.651305,79.176192,554.923832,0.197,5.111,0.020,0.000,0.000,0.000
3346,3.346000,592718.517927,-1294789.570366,-702071.052439,2.786193e-02,-2289.320565,79.649495,555.532785,0.202,5.147,0.021,0.000,0.000,0.000
3347,3.347000,592690.964000,-1294759.384062,-702068.420062,2.786557e-02,-2289.906049,79.710351,555.877124,0.182,7.650,0.019,0.000,0.000,0.000
3348,3.348000,592663.065164,-1294729.178925,-702066.113760,2.786877e-02,-2290.479548,79.908987,556.193671,0.196,8.909,0.022,0.000,0.000,0.000
3349,3.349000,592635.214214,-1294698.957742,-702063.743528,2.787205e-02,-2291.460490,80.574816,557.378604,0.204,3.941,0.027,0.000,0.000,0.000
3350,3.350000,592607.171702,-1294668.596700,-702061.424998,2.787526e-02,-2292.435647,80.945046,558.360739,0.198,6.465,0.023,0.000,0.000,0.000
3351,3.351000,592579.646572,-1294638.260033,-702058.613461,2.787915e-02,-2293.604490,81.108728,559.316031,0.226,5.158,0.025,0.000,0.000,0.000
3352,3.352000,592552.041177,-1294607.719907,-702055.678730,2.788322e-02,-2294.733319,80.668627,561.742084,0.242,6.392,0.024,0.000,0.000,0.000
3353,3.353000,592523.233083,-1294576.593883,-702053.360800,2.788643e-02,-2295.747349,80.341308,564.441442,0.266,8.735,0.027,0.000,0.000,0.000
3354,3.354000,592494.397310,-1294545.242740,-702050.845430,2.788991e-02,-2297.209350,81.004510,566.935440,0.276,5.221,0.028,0.000,0.000,0.000
3355,3.355000,592464.731029,-1294513.628412,-702048.897383,2.789261e-02,-2298.121711,81.095946,567.917934,0.207,6.438,0.022,0.000,0.000,0.000
3356,3.356000,592434.256075,-1294482.089517,-702047.833441,2.789408e-02,-2298.561810,80.848028,567.576795,0.211,6.411,0.029,0.000,0.000,0.000
3357,3.357000,592404.224894,-1294450.633445,-702046.408551,2.789605e-02,-2298.972987,80.557889,567.481064,0.207,3.878,0.030,0.000,0.000,0.000
3358,3.358000,592374.945139,-1294419.239873,-702044.294734,2.789898e-02,-2299.366087,80.021941,566.964624,0.212,10.159,0.020,0.000,0.000,0.000
3359,3.359000,592345.466404,-1294387.838184,-702042.371780,2.790164e-02,-2299.690235,79.372578,565.927848,0.191,3.862,0.025,0.000,0.000,0.000
3360,3.360000,592322.289778,-1294356.462456,-702034.172677,2.791300e-02,-2297.596455,80.529442,557.706666,0.208,5.176,0.019,0.000,0.000,0.000
3361,3.361000,592297.138990,-1294323.568158,-702026.429168,2.792372e-02,-2294.856015,82.059912,548.644697,0.199,5.183,0.023,0.000,0.000,0.000
3362,3.362000,592265.386357,-1294290.514014,-702025.127657,2.792552e-02,-2293.457193,82.419819,543.182112,0.210,6.203,0.026,0.000,0.000,0.000
3363,3.363000,592233.758687,-1294256.765615,-702023.006928,2.792846e-02,-2292.528937,82.878651,539.485984,0.202,10.042,0.023,0.000,0.000,0.000
3364,3.364000,592202.894144,-1294223.020419,-702020.126275,2.793245e-02,-2292.426502,82.589027,540.426036,0.193,10.155,0.019,0.000,0.000,0.000
3365,3.365000,592173.098441,-1294189.384970,-702016.286529,2.793776e-02,-2292.250041,82.005317,541.127022,0.287,5.024,0.055,0.000,0.000,0.000
3366,3.366000,592142.898078,-1294155.927539,-702013.029461,2.794227e-02,-2292.375807,81.750918,541.355174,0.289,6.196,0.045,0.000,0.000,0.000
3367,3.367000,592111.406188,-1294122.657331,-702011.251143,2.794473e-02,-2292.126558,81.631591,540.023749,0.272,7.455,0.038,0.000,0.000,0.000
3368,3.368000,592078.422475,-1294089.304002,-702010.881527,2.794525e-02,-2291.300315,81.648447,536.955235,0.229,8.980,0.026,0.000,0.000,0.000
3369,3.369000,592044.894366,-1294055.936219,-702011.041852,2.794502e-02,-2290.805090,81.770353,533.432218,0.218,3.874,0.024,0.000,0.000,0.000
3370,3.370000,592012.451440,-1294022.640299,-702010.188859,2.794621e-02,-2290.869257,81.755182,531.372310,0.254,8.725,0.035,0.000,0.000,0.000
3371,3.371000,591981.967863,-1293989.616342,-702007.648479,2.794972e-02,-2291.285809,81.356209,531.714294,0.236,3.872,0.022,0.000,0.000,0.000
3372,3.372000,591952.125650,-1293956.646182,-702004.520532,2.795405e-02,-2291.451632,80.651733,533.204815,0.217,10.208,0.023,0.000,0.000,0.000
3373,3.373000,591922.545719,-1293923.688495,-702001.142776,2.795873e-02,-2291.185609,79.972346,534.330367,0.214,5.134,0.020,0.000,0.000,0.000
3374,3.374000,591893.354097,-1293890.972616,-701997.618519,2.796361e-02,-2290.363366,79.769434,535.189648,0.200,8.947,0.019,0.000,0.000,0.000
3375,3.375000,591864.579398,-1293858.378276,-701993.798878,2.796890e-02,-2289.810673,79.586715,536.306956,0.215,3.951,0.023,0.000,0.000,0.000
3376,3.376000,591836.530820,-1293826.073037,-701989.542217,2.797479e-02,-2290.271568,79.033992,536.794052,0.195,8.864,0.020,0.000,0.000,0.000
3377,3.377000,591808.499252,-1293793.861468,-701985.362216,2.798058e-02,-2290.850049,78.390216,537.038716,0.208,3.681,0.024,0.000,0.000,0.000
3378,3.378000,591780.733407,-1293761.942674,-701981.209267,2.798633e-02,-2291.465528,77.546425,537.251625,0.207,10.248,0.022,0.000,0.000,0.000
3379,3.379000,591752.649985,-1293730.221908,-701977.571923,2.799137e-02,-2292.395900,76.764050,537.182489,0.202,10.212,0.021,0.000,0.000,0.000
3380,3.380000,591724.220830,-1293698.841029,-701974.620198,2.799546e-02,-2293.040854,76.018129,537.318610,0.227,3.858,0.021,0.000,0.000,0.000
3381,3.381000,591696.078520,-1293667.802105,-701971.723585,2.799947e-02,-2293.323359,75.538728,537.471110,0.191,7.399,0.020,0.000,0.000,0.000
3382,3.382000,591668.464613,-1293637.275972,-701968.811358,2.800350e-02,-2293.626699,75.328171,537.255615,0.192,3.937,0.023,0.000,0.000,0.000
3383,3.383000,591641.657955,-1293607.240925,-701965.582970,2.800797e-02,-2293.819299,74.751459,537.709202,0.199,8.856,0.024,0.000,0.000,0.000
3384,3.384000,591615.339385,-1293577.520202,-701962.180817,2.801268e-02,-2293.913208,74.273938,538.421899,0.195,3.932,0.021,0.000,0.000,0.000
3385,3.385000,591590.189392,-1293548.282651,-701958.093260,2.801834e-02,-2294.045476,74.091007,538.291277,0.196,6.301,0.021,0.000,0.000,0.000
3386,3.386000,591566.349758,-1293519.468846,-701953.119088,2.802523e-02,-2294.111595,73.844622,537.979238,0.197,6.467,0.019,0.000,0.000,0.000
3387,3.387000,591542.237716,-1293491.043445,-701948.805730,2.803120e-02,-2294.147797,73.479761,538.031416,0.188,6.381,0.020,0.000,0.000,0.000
3388,3.388000,591517.682753,-1293462.970741,-701945.287988,2.803607e-02,-2293.673244,73.344518,538.057812,0.197,8.945,0.029,0.000,0.000,0.000
3389,3.389000,591493.855941,-1293435.170624,-701941.314683,2.804157e-02,-2292.858107,73.089222,537.309452,0.191,5.190,0.018,0.000,0.000,0.000
3390,3.390000,591470.744116,-1293407.523440,-701936.779325,2.804785e-02,-2292.295366,72.642982,536.069169,0.184,6.385,0.018,0.000,0.000,0.000
3391,3.391000,591447.660849,-1293380.034999,-701932.374150,2.805395e-02,-2292.075468,72.544131,534.788012,0.185,7.780,0.032,0.000,0.000,0.000
3392,3.392000,591425.064543,-1293352.774030,-701927.709487,2.806041e-02,-2292.099128,72.392992,534.260677,0.183,3.873,0.023,0.000,0.000,0.000
3393,3.393000,591402.435164,-1293325.653286,-701923.218123,2.806663e-02,-2292.061911,72.222253,533.856578,0.219,7.642,0.029,0.000,0.000,0.000
3394,3.394000,591379.392978,-1293298.680585,-701919.287608,2.807207e-02,-2292.077146,72.258323,532.843347,0.209,3.965,0.020,0.000,0.000,0.000
3395,3.395000,591357.050709,-1293271.868507,-701914.817798,2.807826e-02,-2292.135790,72.164351,532.208785,0.193,8.930,0.024,0.000,0.000,0.000
3396,3.396000,591333.774002,-1293245.071547,-701911.297545,2.808314e-02,-2292.040804,72.241370,531.519408,0.213,3.937,0.025,0.000,0.000,0.000
3397,3.397000,591309.278079,-1293218.267306,-701908.989227,2.808633e-02,-2291.849150,72.393870,530.846602,0.198,8.872,0.021,0.000,0.000,0.000
3398,3.398000,591285.424235,-1293191.536219,-701906.111985,2.809032e-02,-2291.799372,72.615015,530.413436,0.289,8.897,0.025,0.000,0.000,0.000
3399,3.399000,591262.383139,-1293164.835573,-701902.452434,2.809539e-02,-2291.781983,72.798240,530.042349,0.256,9.023,0.032,0.000,0.000,0.000
3400,3.400000,591238.860166,-1293138.134093,-701899.273927,2.809979e-02,-2291.159877,72.653759,529.525593,0.250,3.949,0.024,0.000,0.000,0.000
3401,3.401000,591214.941291,-1293111.422479,-701896.481187,2.810365e-02,-2290.220567,72.082492,528.697448,0.224,10.235,0.030,0.000,0.000,0.000
3402,3.402000,591190.805757,-1293084.498700,-701893.692944,2.810751e-02,-2289.405333,71.533168,527.846538,0.268,8.970,0.022,0.000,0.000,0.000
3403,3.403000,591166.345403,-1293057.599225,-701891.253822,2.811089e-02,-2288.796074,71.485686,527.054890,0.214,5.051,0.021,0.000,0.000,0.000
3404,3.404000,591142.374386,-1293030.784750,-701888.410364,2.811483e-02,-2288.597304,71.215310,526.117661,0.211,6.454,0.021,0.000,0.000,0.000
3405,3.405000,591118.681249,-1293003.999300,-701885.318051,2.811911e-02,-2288.825381,70.895617,525.132974,0.226,3.869,0.034,0.000,0.000,0.000
3406,3.406000,591095.306583,-1292977.221176,-701881.914592,2.812382e-02,-2289.408618,71.218510,525.030819,0.229,6.411,0.023,0.000,0.000,0.000
3407,3.407000,591071.769662,-1292950.304613,-701878.534951,2.812850e-02,-2289.851816,71.615124,525.620902,0.212,10.171,0.020,0.000,0.000,0.000
3408,3.408000,591048.029270,-1292923.407299,-701875.378029,2.813287e-02,-2290.231355,71.272455,525.603437,0.320,3.912,0.027,0.000,0.000,0.000
3409,3.409000,591024.245736,-1292896.501267,-701872.255531,2.813720e-02,-2290.764761,70.745361,524.319653,0.206,8.755,0.025,0.000,0.000,0.000
3410,3.410000,590999.864252,-1292869.592305,-701869.728054,2.814070e-02,-2290.926994,70.595087,523.479982,0.205,3.954,0.020,0.000,0.000,0.000
3411,3.411000,590975.593082,-1292842.779042,-701867.185960,2.814422e-02,-2290.848986,70.365786,522.848999,0.193,8.997,0.020,0.000,0.000,0.000
3412,3.412000,590951.292551,-1292815.994933,-701864.702382,2.814766e-02,-2290.918351,70.082935,522.150692,0.199,3.863,0.020,0.000,0.000,0.000
3413,3.413000,590926.738909,-1292789.375981,-701862.637072,2.815052e-02,-2290.996451,69.883709,521.992636,0.200,10.226,0.019,0.000,0.000,0.000
3414,3.414000,590902.195603,-1292762.816607,-701860.621003,2.815331e-02,-2291.288200,69.637812,521.838411,0.197,3.864,0.018,0.000,0.000,0.000
3415,3.415000,590877.733043,-1292736.410868,-701858.677825,2.815600e-02,-2291.649737,69.385338,522.065509,0.191,9.002,0.020,0.000,0.000,0.000
3416,3.416000,590853.430072,-1292710.176880,-701856.746808,2.815867e-02,-2291.802548,69.052422,522.147226,0.215,6.455,0.019,0.000,0.000,0.000
3417,3.417000,590829.722563,-1292684.188503,-701854.465940,2.816183e-02,-2291.839115,68.853260,521.896996,0.219,7.638,0.020,0.000,0.000,0.000
3418,3.418000,590806.734103,-1292658.396650,-701851.662548,2.816571e-02,-2291.975496,68.689290,521.763379,0.220,3.942,0.019,0.000,0.000,0.000
3419,3.419000,590783.734573,-1292632.835046,-701849.100472,2.816926e-02,-2292.149875,68.385565,521.409472,0.190,10.226,0.018,0.000,0.000,0.000
3420,3.420000,590760.344801,-1292607.561549,-701847.216749,2.817187e-02,-2292.156498,68.210414,520.774789,0.195,10.029,0.019,0.000,0.000,0.000
3421,3.421000,590736.679586,-1292582.635987,-701845.956401,2.817361e-02,-2292.151977,68.116709,520.159356,0.193,3.892,0.021,0.000,0.000,0.000
3422,3.422000,590712.775644,-1292558.089390,-701845.313746,2.817450e-02,-2292.139908,68.004418,519.793892,0.187,6.388,0.020,0.000,0.000,0.000
3423,3.423000,590690.114947,-1292534.017055,-701843.902108,2.817646e-02,-2292.560292,68.218755,520.875005,0.183,5.108,0.031,0.000,0.000,0.000
3424,3.424000,590668.151427,-1292510.149845,-701841.998418,2.817909e-02,-2293.022942,68.398413,521.571356,0.192,6.301,0.019,0.000,0.000,0.000
3425,3.425000,590645.866387,-1292486.782344,-701840.915957,2.818059e-02,-2293.020406,68.381327,520.833763,0.194,10.245,0.019,0.000,0.000,0.000
3426,3.426000,590624.911683,-1292463.998062,-701839.086379,2.818313e-02,-2293.045870,68.143511,520.338991,0.194,3.869,0.020,0.000,0.000,0.000
3427,3.427000,590605.772976,-1292441.686953,-701835.913977,2.818752e-02,-2293.157355,67.560587,520.603855,0.183,6.400,0.019,0.000,0.000,0.000
3428,3.428000,590587.650280,-1292419.872148,-701832.221868,2.819263e-02,-2293.536545,66.742595,521.095070,0.288,6.492,0.041,0.000,0.000,0.000
3429,3.429000,590569.281653,-1292398.457905,-701829.176252,2.819685e-02,-2293.763909,66.210937,521.401262,0.305,6.338,0.047,0.000,0.000,0.000
3430,3.430000,590550.899197,-1292377.717087,-701826.817891,2.820011e-02,-2293.652376,65.970229,521.760427,0.245,7.659,0.030,0.000,0.000,0.000
3431,3.431000,590533.206451,-1292357.601880,-701824.395429,2.820347e-02,-2293.575241,65.623745,522.077163,0.242,5.141,0.023,0.000,0.000,0.000
3432,3.432000,590516.322152,-1292338.146525,-701821.824373,2.820703e-02,-2293.572150,65.293515,522.330490,0.216,5.128,0.024,0.000,0.000,0.000
3433,3.433000,590500.181879,-1292319.421048,-701819.239169,2.821061e-02,-2293.448718,65.069737,522.693585,0.215,6.478,0.025,0.000,0.000,0.000
3434,3.434000,590484.489430,-1292301.477221,-701816.987791,2.821373e-02,-2293.236244,65.025064,523.210077,0.253,7.669,0.021,0.000,0.000,0.000
3435,3.435000,590469.050778,-1292284.321891,-701815.271113,2.821610e-02,-2293.157976,64.887703,523.623358,0.209,3.951,0.020,0.000,0.000,0.000
3436,3.436000,590453.561272,-1292267.958385,-701814.397113,2.821731e-02,-2292.972596,64.736643,523.969152,0.251,10.030,0.024,0.000,0.000,0.000
3437,3.437000,590438.752036,-1292252.345271,-701813.593235,2.821843e-02,-2292.707674,64.639018,524.366222,0.216,10.224,0.021,0.000,0.000,0.000
3438,3.438000,590425.306245,-1292237.472317,-701812.166072,2.822040e-02,-2292.573729,64.519479,524.889230,0.219,10.116,0.025,0.000,0.000,0.000
3439,3.439000,590412.889366,-1292223.364070,-701810.474704,2.822274e-02,-2292.385468,64.331057,525.188678,0.214,3.865,0.021,0.000,0.000,0.000
3440,3.440000,590401.616404,-1292209.974464,-701808.358060,2.822568e-02,-2292.008973,64.063940,525.225915,0.229,6.465,0.026,0.000,0.000,0.000
3441,3.441000,590391.373067,-1292197.209373,-701805.836306,2.822917e-02,-2291.597827,63.832906,525.378192,0.250,5.142,0.027,0.000,0.000,0.000
3442,3.442000,590381.165639,-1292185.036826,-701803.871187,2.823189e-02,-2291.010218,63.549419,525.070634,0.231,6.395,0.022,0.000,0.000,0.000
3443,3.443000,590371.706859,-1292173.368695,-701801.661836,2.823495e-02,-2290.482842,63.047226,524.737374,0.257,8.934,0.029,0.000,0.000,0.000
3444,3.444000,590363.109848,-1292162.127472,-701799.017624,2.823861e-02,-2290.106633,62.525696,524.495583,0.283,5.202,0.018,0.000,0.000,0.000
3445,3.445000,590354.954388,-1292151.366089,-701796.411701,2.824222e-02,-2289.480872,62.137245,524.268003,0.205,6.450,0.020,0.000,0.000,0.000
3446,3.446000,590347.759984,-1292141.050504,-701793.290519,2.824654e-02,-2288.975127,61.933145,524.560435,0.197,6.452,0.020,0.000,0.000,0.000
3447,3.447000,590341.147488,-1292131.232841,-701790.085352,2.825098e-02,-2288.701854,61.869327,524.970054,0.239,3.944,0.019,0.000,0.000,0.000
3448,3.448000,590334.923694,-1292121.902839,-701786.979145,2.825528e-02,-2288.480132,61.724158,525.333254,0.223,10.173,0.022,0.000,0.000,0.000
3449,3.449000,590329.231599,-1292113.024722,-701783.793123,2.825969e-02,-2288.392339,61.603563,525.652238,0.253,3.903,0.030,0.000,0.000,0.000
3450,3.450000,590323.815240,-1292104.601410,-701780.786170,2.826385e-02,-2288.215560,61.441622,525.645129,0.218,6.244,0.022,0.000,0.000,0.000
3451,3.451000,590318.394826,-1292096.517356,-701778.122529,2.826754e-02,-2288.015402,61.296415,525.528770,0.202,5.122,0.022,0.000,0.000,0.000
3452,3.452000,590313.757260,-1292088.818459,-701775.061199,2.827178e-02,-2287.943272,61.163586,525.689629,0.198,6.405,0.020,0.000,0.000,0.000
3453,3.453000,590309.667701,-1292081.416079,-701771.748378,2.827637e-02,-2287.820310,60.897822,526.029014,0.261,10.245,0.019,0.000,0.000,0.000
3454,3.454000,590305.474675,-1292074.272260,-701768.797585,2.828045e-02,-2287.611960,60.614680,526.671577,0.205,3.885,0.024,0.000,0.000,0.000
3455,3.455000,590301.820697,-1292067.376640,-701765.555943,2.828494e-02,-2287.766243,60.513224,526.970651,0.194,5.142,0.019,0.000,0.000,0.000
3456,3.456000,590298.873138,-1292060.603596,-701761.730457,2.829024e-02,-2288.131096,60.401201,527.081317,0.190,5.210,0.020,0.000,0.000,0.000
3457,3.457000,590296.090206,-1292054.086992,-701757.996787,2.829541e-02,-2288.161665,60.038861,527.465266,0.201,6.394,0.024,0.000,0.000,0.000
3458,3.458000,590293.545875,-1292047.838309,-701754.292434,2.830054e-02,-2288.248780,59.525064,527.930362,0.199,10.148,0.020,0.000,0.000,0.000
3459,3.459000,590291.844661,-1292041.902354,-701750.057693,2.830640e-02,-2288.580981,58.842452,528.505533,0.215,10.298,0.030,0.000,0.000,0.000
3460,3.460000,590290.856123,-1292036.185398,-701745.329275,2.831295e-02,-2289.209360,57.901348,529.555903,0.190,3.937,0.019,0.000,0.000,0.000
3461,3.461000,590289.215483,-1292030.796474,-701741.580991,2.831814e-02,-2289.669492,56.819204,530.504779,0.184,5.168,0.019,0.000,0.000,0.000
3462,3.462000,590287.124523,-1292025.735347,-701738.610824,2.832225e-02,-2289.729705,56.340953,530.817772,0.212,5.125,0.020,0.000,0.000,0.000
3463,3.463000,590285.059128,-1292021.078156,-701736.019028,2.832584e-02,-2289.870713,56.466572,530.980438,0.183,6.376,0.019,0.000,0.000,0.000
3464,3.464000,590283.357573,-1292016.875468,-701733.517895,2.832930e-02,-2290.075578,56.647352,531.006209,0.183,10.171,0.022,0.000,0.000,0.000
3465,3.465000,590282.021073,-1292013.120093,-701731.099020,2.833265e-02,-2290.087477,56.753850,530.818036,0.209,5.161,0.020,0.000,0.000,0.000
3466,3.466000,590280.486627,-1292009.827648,-701729.341022,2.833509e-02,-2289.951456,56.733995,530.530687,0.195,5.131,0.018,0.000,0.000,0.000
3467,3.467000,590279.690070,-1292006.903335,-701727.213265,2.833803e-02,-2289.742352,56.296280,530.666525,0.200,5.133,0.024,0.000,0.000,0.000
3468,3.468000,590279.729332,-1292004.291074,-701724.561742,2.834171e-02,-2289.723962,55.720994,531.145991,0.186,7.667,0.020,0.000,0.000,0.000
3469,3.469000,590280.377558,-1292002.095386,-701721.717828,2.834564e-02,-2289.944350,55.493600,531.321441,0.237,8.909,0.031,0.000,0.000,0.000
3470,3.470000,590281.373208,-1292000.282411,-701718.909203,2.834953e-02,-2290.025085,55.346202,531.326775,0.235,3.867,0.024,0.000,0.000,0.000
3471,3.471000,590282.705352,-1291998.885374,-701716.180022,2.835331e-02,-2289.901279,55.319159,531.514417,0.195,5.122,0.025,0.000,0.000,0.000
3472,3.472000,590284.927807,-1291997.909853,-701712.982047,2.835774e-02,-2289.876315,55.240257,532.298781,0.216,5.212,0.022,0.000,0.000,0.000
3473,3.473000,590287.659049,-1291997.308050,-701709.649001,2.836235e-02,-2289.452561,55.162704,533.698945,0.191,6.382,0.019,0.000,0.000,0.000
3474,3.474000,590290.366900,-1291997.029667,-701706.662767,2.836649e-02,-2288.357036,55.313921,534.912977,0.185,10.244,0.017,0.000,0.000,0.000
3475,3.475000,590293.043139,-1291997.117380,-701704.074241,2.837007e-02,-2287.804867,55.305514,535.680513,0.223,3.664,0.022,0.000,0.000,0.000
3476,3.476000,590296.154292,-1291997.446149,-701701.291857,2.837393e-02,-2288.070595,55.387736,536.018265,0.212,9.003,0.022,0.000,0.000,0.000
3477,3.477000,590299.791320,-1291998.111880,-701698.320560,2.837804e-02,-2288.123134,55.191360,535.739940,0.222,3.622,0.034,0.000,0.000,0.000
3478,3.478000,590303.172190,-1291999.133183,-701695.960992,2.838131e-02,-2288.203922,55.010190,535.341977,0.204,8.757,0.022,0.000,0.000,0.000
3479,3.479000,590306.352596,-1292000.508916,-701694.156320,2.838381e-02,-2288.610530,55.087374,535.110730,0.192,3.909,0.020,0.000,0.000,0.000
3480,3.480000,590309.901378,-1292002.230025,-701692.328647,2.838634e-02,-2288.729573,55.204310,534.556575,0.194,10.208,0.022,0.000,0.000,0.000
3481,3.481000,590314.436841,-1292004.174029,-701689.737188,2.838993e-02,-2288.649152,55.081554,534.466592,0.187,3.870,0.018,0.000,0.000,0.000
3482,3.482000,590319.615913,-1292006.476031,-701686.860118,2.839391e-02,-2288.659803,54.685211,534.551602,0.184,7.652,0.020,0.000,0.000,0.000
3483,3.483000,590325.300879,-1292009.010259,-701683.709380,2.839827e-02,-2288.888541,54.357795,534.680121,0.214,3.862,0.020,0.000,0.000,0.000
3484,3.484000,590331.104473,-1292011.621711,-701680.517237,2.840269e-02,-2289.049235,53.997644,535.216741,0.193,10.145,0.019,0.000,0.000,0.000
3485,3.485000,590336.027040,-1292014.438232,-701678.411192,2.840561e-02,-2289.182635,53.892233,535.233906,0.188,3.876,0.026,0.000,0.000,0.000
3486,3.486000,590339.717968,-1292017.501331,-701677.783362,2.840648e-02,-2290.167454,54.719551,534.018875,0.190,5.116,0.023,0.000,0.000,0.000
3487,3.487000,590343.500335,-1292020.645383,-701677.145048,2.840736e-02,-2290.877927,55.306895,533.172196,0.180,5.178,0.019,0.000,0.000,0.000
3488,3.488000,590348.511817,-1292024.170639,-701675.658822,2.840942e-02,-2290.965526,54.800378,532.396579,0.198,6.395,0.028,0.000,0.000,0.000
3489,3.489000,590354.005965,-1292027.872400,-701673.866435,2.841190e-02,-2291.353682,54.366992,530.705191,0.188,10.142,0.018,0.000,0.000,0.000
3490,3.490000,590360.287974,-1292031.776295,-701671.488321,2.841519e-02,-2291.422546,54.216650,529.876748,0.178,9.934,0.017,0.000,0.000,0.000
3491,3.491000,590366.576154,-1292036.008938,-701669.432784,2.841804e-02,-2291.421341,54.319965,529.772949,0.269,3.892,0.029,0.000,0.000,0.000
3492,3.492000,590373.337240,-1292040.574584,-701667.237344,2.842108e-02,-2291.912898,53.959172,526.915479,0.205,5.180,0.021,0.000,0.000,0.000
3493,3.493000,590380.247660,-1292044.900329,-701664.652669,2.842466e-02,-2292.601470,53.474668,524.131710,0.204,5.230,0.019,0.000,0.000,0.000
3494,3.494000,590386.775671,-1292049.659058,-701662.883387,2.842711e-02,-2293.521020,53.016255,521.773154,0.194,6.378,0.019,0.000,0.000,0.000
3495,3.495000,590393.395953,-1292054.084296,-701660.688344,2.843015e-02,-2294.766918,52.104471,516.890846,0.183,10.292,0.018,0.000,0.000,0.000
3496,3.496000,590399.864086,-1292058.180222,-701658.316136,2.843343e-02,-2295.793570,51.537827,513.611742,0.199,3.885,0.020,0.000,0.000,0.000
3497,3.497000,590405.768650,-1292062.426565,-701656.657915,2.843573e-02,-2296.609319,51.016812,510.854544,0.187,8.941,0.019,0.000,0.000,0.000
3498,3.498000,590411.866431,-1292066.628430,-701654.761999,2.843836e-02,-2297.008223,50.613442,509.032462,0.214,3.945,0.026,0.000,0.000,0.000
3499,3.499000,590419.174147,-1292071.306296,-701652.132149,2.844200e-02,-2297.165165,50.585452,509.280085,0.244,8.969,0.031,0.000,0.000,0.000
3500,3.500000,590426.466547,-1292076.366801,-701649.900255,2.844509e-02,-2297.402170,50.343913,509.435612,0.217,3.910,0.021,0.000,0.000,0.000
3501,3.501000,590434.324662,-1292081.913367,-701647.588705,2.844829e-02,-2297.538342,49.887652,509.967246,0.201,10.102,0.025,0.000,0.000,0.000
3502,3.502000,590442.999925,-1292087.846292,-701644.846367,2.845209e-02,-2297.550513,49.470339,510.393853,0.203,3.861,0.019,0.000,0.000,0.000
3503,3.503000,590451.837796,-1292094.313135,-701642.475339,2.845537e-02,-2297.429785,49.296008,510.475552,0.197,8.988,0.021,0.000,0.000,0.000
3504,3.504000,590461.351888,-1292101.357411,-701640.005524,2.845879e-02,-2297.385265,49.326960,510.677581,0.227,3.938,0.028,0.000,0.000,0.000
3505,3.505000,590471.946922,-1292109.004149,-701637.057227,2.846287e-02,-2297.510505,49.175153,511.369342,0.231,8.918,0.023,0.000,0.000,0.000
3506,3.506000,590483.125373,-1292117.149561,-701634.024188,2.846707e-02,-2297.692344,49.053685,512.154902,0.211,3.853,0.020,0.000,0.000,0.000
3507,3.507000,590494.813222,-1292125.952120,-701631.138898,2.847107e-02,-2298.133681,48.935626,511.411227,0.194,8.982,0.024,0.000,0.000,0.000
3508,3.508000,590506.609799,-1292135.128338,-701628.518539,2.847469e-02,-2298.273886,48.598614,510.670408,0.194,3.943,0.019,0.000,0.000,0.000
3509,3.509000,590518.734371,-1292144.953882,-701626.219511,2.847788e-02,-2298.538674,48.758200,510.927039,0.193,7.660,0.018,0.000,0.000,0.000
3510,3.510000,590531.901775,-1292155.413657,-701623.511882,2.848163e-02,-2299.132195,48.973797,511.107334,0.193,3.883,0.019,0.000,0.000,0.000
3511,3.511000,590545.665640,-1292166.504858,-701620.839217,2.848533e-02,-2299.343912,49.183585,511.320945,0.226,10.219,0.024,0.000,0.000,0.000
3512,3.512000,590560.467455,-1292178.092939,-701617.625484,2.848978e-02,-2299.610284,49.518858,511.531407,0.207,5.121,0.019,0.000,0.000,0.000
3513,3.513000,590575.612230,-1292190.315052,-701614.702823,2.849382e-02,-2299.835754,49.796055,511.618250,0.194,8.502,0.020,0.000,0.000,0.000
3514,3.514000,590590.815309,-1292203.063454,-701612.248145,2.849722e-02,-2300.027533,50.043789,511.142267,0.196,7.684,0.023,0.000,0.000,0.000
3515,3.515000,590607.164294,-1292216.179314,-701609.015020,2.850170e-02,-2300.624284,50.202132,510.828728,0.200,3.923,0.020,0.000,0.000,0.000
3516,3.516000,590623.803844,-1292229.811738,-701606.007894,2.850586e-02,-2301.151926,50.297966,510.939533,0.226,8.980,0.026,0.000,0.000,0.000
3517,3.517000,590640.656910,-1292243.770697,-701603.113787,2.850987e-02,-2301.544781,50.447497,510.613836,0.202,3.871,0.020,0.000,0.000,0.000
3518,3.518000,590658.072541,-1292258.062966,-701599.990425,2.851420e-02,-2302.023996,50.650050,510.299499,0.202,10.257,0.020,0.000,0.000,0.000
3519,3.519000,590675.933666,-1292272.662120,-701596.728453,2.851871e-02,-2302.645129,50.890811,510.255544,0.201,3.888,0.019,0.000,0.000,0.000
3520,3.520000,590694.713669,-1292287.625540,-701592.911871,2.852400e-02,-2303.498336,51.192611,510.369748,0.189,7.551,0.020,0.000,0.000,0.000
3521,3.521000,590714.275289,-1292302.938830,-701588.663542,2.852988e-02,-2304.067650,51.526371,510.432934,0.188,3.872,0.018,0.000,0.000,0.000
3522,3.522000,590733.722516,-1292318.622916,-701584.900400,2.853509e-02,-2304.267866,51.775818,510.518103,0.185,10.168,0.018,0.000,0.000,0.000
3523,3.523000,590752.715802,-1292334.712081,-701581.996279,2.853911e-02,-2304.604320,51.721563,510.624311,0.198,3.855,0.018,0.000,0.000,0.000
3524,3.524000,590772.240413,-1292350.908061,-701578.667648,2.854372e-02,-2305.052475,51.654720,510.646282,0.184,8.951,0.019,0.000,0.000,0.000
3525,3.525000,590792.840010,-1292367.372783,-701574.532773,2.854945e-02,-2305.234708,51.851894,510.671066,0.227,3.857,0.023,0.000,0.000,0.000
3526,3.526000,590813.285744,-1292384.133615,-701570.847871,2.855455e-02,-2305.511710,52.085710,510.964057,0.194,8.987,0.022,0.000,0.000,0.000
3527,3.527000,590833.419830,-1292401.170328,-701567.750499,2.855884e-02,-2306.329067,52.237517,511.483952,0.188,3.940,0.021,0.000,0.000,0.000
3528,3.528000,590855.057943,-1292418.481169,-701563.423226,2.856483e-02,-2307.778403,52.384106,509.305955,0.195,10.184,0.020,0.000,0.000,0.000
3529,3.529000,590878.120440,-1292435.553677,-701557.433237,2.857312e-02,-2309.554698,52.442548,504.525864,0.213,5.207,0.022,0.000,0.000,0.000
3530,3.530000,590900.246358,-1292452.398229,-701552.151871,2.858044e-02,-2310.926956,52.431525,501.572491,0.190,8.941,0.019,0.000,0.000,0.000
3531,3.531000,590921.036854,-1292469.419428,-701548.382574,2.858566e-02,-2312.012226,52.619959,500.282527,0.192,7.729,0.021,0.000,0.000,0.000
3532,3.532000,590941.221594,-1292486.593261,-701545.371667,2.858983e-02,-2312.409369,52.774200,498.388636,0.225,3.882,0.025,0.000,0.000,0.000
3533,3.533000,590961.633473,-1292503.858347,-701542.224874,2.859418e-02,-2313.013354,52.874473,494.874820,0.213,8.976,0.025,0.000,0.000,0.000
3534,3.534000,590982.112946,-1292521.030301,-701538.917355,2.859876e-02,-2313.887277,53.129341,492.328881,0.191,3.706,0.020,0.000,0.000,0.000
3535,3.535000,591003.725799,-1292538.675725,-701534.949927,2.860426e-02,-2314.466033,53.328789,490.290715,0.198,6.386,0.020,0.000,0.000,0.000
3536,3.536000,591025.578286,-1292556.457447,-701530.879161,2.860989e-02,-2315.111428,53.841103,482.398798,0.189,6.408,0.019,0.000,0.000,0.000
3537,3.537000,591045.412596,-1292572.724410,-701527.311814,2.861483e-02,-2315.045064,54.246252,474.107172,0.187,6.387,0.019,0.000,0.000,0.000
3538,3.538000,591064.709950,-1292589.035490,-701524.325540,2.861897e-02,-2314.856925,54.088502,469.368281,0.194,8.990,0.020,0.000,0.000,0.000
3539,3.539000,591083.475455,-1292605.314959,-701521.839504,2.862241e-02,-2314.697805,53.980587,466.611426,0.187,5.190,0.018,0.000,0.000,0.000
3540,3.540000,591103.337482,-1292622.143681,-701518.806198,2.862661e-02,-2314.532907,54.077907,466.226060,0.185,5.107,0.018,0.000,0.000,0.000
3541,3.541000,591124.261290,-1292639.584707,-701515.323417,2.863143e-02,-2314.878976,54.243989,465.957752,0.181,6.469,0.019,0.000,0.000,0.000
3542,3.542000,591145.616780,-1292657.539178,-701511.922398,2.863614e-02,-2315.074849,54.614635,465.333703,0.181,7.724,0.018,0.000,0.000,0.000
3543,3.543000,591167.713227,-1292675.827064,-701508.113838,2.864141e-02,-2315.314899,55.122109,464.682703,0.178,8.893,0.018,0.000,0.000,0.000
3544,3.544000,591190.434734,-1292694.714156,-701504.279423,2.864672e-02,-2315.583483,55.586286,464.368478,0.193,3.938,0.020,0.000,0.000,0.000
3545,3.545000,591212.665276,-1292714.125025,-701501.459749,2.865063e-02,-2316.380615,55.497040,462.009890,0.183,10.249,0.017,0.000,0.000,0.000
3546,3.546000,591234.418148,-1292733.549123,-701499.130975,2.865385e-02,-2317.971012,54.984037,457.128496,0.186,10.234,0.017,0.000,0.000,0.000
3547,3.547000,591256.795146,-1292752.906022,-701496.110876,2.865804e-02,-2318.690483,54.683857,454.348674,0.224,3.871,0.025,0.000,0.000,0.000
3548,3.548000,591280.577096,-1292772.703540,-701492.126444,2.866355e-02,-2318.605373,54.535626,454.008046,0.196,8.915,0.028,0.000,0.000,0.000
3549,3.549000,591304.384763,-1292793.121189,-701488.736427,2.866825e-02,-2318.423350,54.399208,453.803460,0.192,3.928,0.019,0.000,0.000,0.000
3550,3.550000,591327.492947,-1292814.144746,-701486.651799,2.867113e-02,-2318.041895,54.317766,453.927318,0.212,8.852,0.022,0.000,0.000,0.000
3551,3.551000,591351.070876,-1292835.731436,-701484.660560,2.867389e-02,-2317.755541,54.264129,454.179014,0.231,3.890,0.027,0.000,0.000,0.000
3552,3.552000,591375.205206,-1292858.083871,-701482.878665,2.867636e-02,-2317.529525,54.207892,454.778296,0.233,10.250,0.022,0.000,0.000,0.000
3553,3.553000,591399.052650,-1292880.950428,-701481.897779,2.867772e-02,-2317.254067,54.076757,455.513894,0.212,10.219,0.024,0.000,0.000,0.000
3554,3.554000,591424.582294,-1292904.437032,-701479.854737,2.868054e-02,-2317.156281,53.806701,456.245239,0.202,3.845,0.020,0.000,0.000,0.000
3555,3.555000,591452.052628,-1292928.629482,-701476.576853,2.868508e-02,-2317.483302,53.165212,455.050355,0.198,8.974,0.018,0.000,0.000,0.000
3556,3.556000,591480.717349,-1292953.054909,-701472.337559,2.869095e-02,-2317.905199,52.631658,453.854286,0.203,3.857,0.018,0.000,0.000,0.000
3557,3.557000,591510.250795,-1292978.131011,-701467.880216,2.869713e-02,-2318.452013,52.342615,452.811261,0.233,7.660,0.025,0.000,0.000,0.000
3558,3.558000,591538.959031,-1293003.368178,-701464.409147,2.870193e-02,-2319.089529,52.097882,451.198929,0.208,3.940,0.021,0.000,0.000,0.000
3559,3.559000,591568.540815,-1293029.198282,-701460.657466,2.870713e-02,-2319.566717,51.581745,449.769613,0.208,10.246,0.032,0.000,0.000,0.000
3560,3.560000,591597.999261,-1293055.110987,-701457.111726,2.871204e-02,-2320.118053,50.887338,448.032145,0.201,3.850,0.019,0.000,0.000,0.000
3561,3.561000,591627.608791,-1293081.118783,-701453.509992,2.871702e-02,-2320.233403,50.317263,448.285974,0.202,8.849,0.020,0.000,0.000,0.000
3562,3.562000,591658.718502,-1293107.499089,-701448.780587,2.872357e-02,-2320.129256,49.990380,449.244485,0.189,3.936,0.021,0.000,0.000,0.000
3563,3.563000,591688.905705,-1293134.133714,-701445.228009,2.872849e-02,-2320.465084,50.168989,447.750589,0.198,8.982,0.020,0.000,0.000,0.000
3564,3.564000,591718.783344,-1293160.402955,-701441.619611,2.873349e-02,-2320.994192,50.251008,446.415892,0.202,3.937,0.021,0.000,0.000,0.000
3565,3.565000,591749.781039,-1293186.958048,-701437.177008,2.873964e-02,-2320.660512,49.085938,448.042314,0.190,5.140,0.021,0.000,0.000,0.000
3566,3.566000,591779.518707,-1293213.423588,-701433.904881,2.874417e-02,-2319.809687,47.803412,449.185057,0.186,5.021,0.019,0.000,0.000,0.000
3567,3.567000,591808.952970,-1293239.910260,-701430.957289,2.874825e-02,-2319.928425,47.333824,447.930655,0.224,6.393,0.028,0.000,0.000,0.000
3568,3.568000,591838.612420,-1293265.974135,-701427.361715,2.875323e-02,-2320.896690,46.759081,445.459144,0.204,10.174,0.019,0.000,0.000,0.000
3569,3.569000,591869.085184,-1293291.747174,-701422.661989,2.875974e-02,-2321.585629,45.848292,446.349478,0.191,3.861,0.020,0.000,0.000,0.000
3570,3.570000,591898.339208,-1293317.198387,-701418.859179,2.876500e-02,-2321.594007,45.026728,448.685839,0.192,8.987,0.021,0.000,0.000,0.000
3571,3.571000,591926.671304,-1293342.841468,-701416.170164,2.876873e-02,-2321.456921,44.954769,449.016013,0.195,3.956,0.032,0.000,0.000,0.000
3572,3.572000,591956.258551,-1293368.595298,-701412.336747,2.877403e-02,-2322.398928,45.213109,448.131127,0.189,8.882,0.022,0.000,0.000,0.000
3573,3.573000,591986.260620,-1293394.161117,-701407.900497,2.878018e-02,-2323.351582,45.410005,446.982272,0.239,3.876,0.025,0.000,0.000,0.000
3574,3.574000,592015.606773,-1293419.955484,-701404.348711,2.878510e-02,-2324.138231,45.700869,443.991706,0.201,10.176,0.027,0.000,0.000,0.000
3575,3.575000,592044.068346,-1293445.296396,-701401.228051,2.878942e-02,-2324.977407,46.108053,441.192738,0.210,3.847,0.019,0.000,0.000,0.000
3576,3.576000,592072.842053,-1293470.967943,-701398.125890,2.879371e-02,-2326.063994,47.007862,438.523599,0.201,8.975,0.026,0.000,0.000,0.000
3577,3.577000,592100.982757,-1293495.648935,-701394.666178,2.879850e-02,-2327.101348,47.744503,435.914082,0.205,3.948,0.023,0.000,0.000,0.000
3578,3.578000,592129.762212,-1293520.576028,-701390.813816,2.880384e-02,-2327.364479,47.847616,436.292646,0.198,8.908,0.020,0.000,0.000,0.000
3579,3.579000,592158.711995,-1293545.805372,-701387.093376,2.880899e-02,-2327.626059,47.899777,436.783462,0.190,3.931,0.020,0.000,0.000,0.000
3580,3.580000,592187.160230,-1293571.201193,-701384.040963,2.881322e-02,-2327.152588,47.700185,436.788963,0.207,5.140,0.019,0.000,0.000,0.000
3581,3.581000,592215.341239,-1293596.764156,-701381.422917,2.881684e-02,-2326.622789,47.603151,436.776777,0.190,5.043,0.024,0.000,0.000,0.000
3582,3.582000,592242.436592,-1293622.600163,-701380.163572,2.881858e-02,-2327.424225,47.520466,434.405860,0.191,6.396,0.020,0.000,0.000,0.000
3583,3.583000,592269.177516,-1293647.788671,-701378.611155,2.882073e-02,-2327.900410,47.419170,431.493047,0.183,10.282,0.019,0.000,0.000,0.000
3584,3.584000,592297.870516,-1293673.136279,-701375.265763,2.882537e-02,-2328.178886,47.790711,431.489642,0.205,5.186,0.021,0.000,0.000,0.000
3585,3.585000,592324.839878,-1293698.509768,-701373.669890,2.882758e-02,-2329.644814,48.417936,428.470265,0.184,6.438,0.019,0.000,0.000,0.000
3586,3.586000,592351.126728,-1293723.192451,-701372.065723,2.882980e-02,-2330.822656,48.512370,423.985946,0.184,6.458,0.020,0.000,0.000,0.000
3587,3.587000,592378.327252,-1293747.779001,-701369.451748,2.883342e-02,-2331.317175,48.150741,421.589870,0.238,6.417,0.035,0.000,0.000,0.000
3588,3.588000,592404.919763,-1293772.269146,-701367.349383,2.883633e-02,-2331.563210,48.016224,420.360704,0.203,7.719,0.026,0.000,0.000,0.000
3589,3.589000,592431.920196,-1293796.897511,-701364.977315,2.883961e-02,-2331.644644,48.197353,420.307511,0.205,3.873,0.025,0.000,0.000,0.000
3590,3.590000,592458.696260,-1293821.636804,-701362.940544,2.884243e-02,-2331.907271,48.093814,419.200395,0.192,5.108,0.019,0.000,0.000,0.000
3591,3.591000,592484.719420,-1293846.242756,-701361.523336,2.884439e-02,-2332.253224,47.571065,417.029269,0.202,5.213,0.022,0.000,0.000,0.000
3592,3.592000,592510.395935,-1293870.699345,-701360.303410,2.884608e-02,-2332.525359,47.032543,414.788639,0.200,6.387,0.020,0.000,0.000,0.000
3593,3.593000,592535.966725,-1293895.013817,-701359.047092,2.884782e-02,-2332.928420,46.431245,412.905696,0.230,8.809,0.023,0.000,0.000,0.000
3594,3.594000,592561.706804,-1293919.080207,-701357.373403,2.885014e-02,-2333.220036,46.103916,412.149795,0.221,10.235,0.025,0.000,0.000,0.000
3595,3.595000,592587.651869,-1293943.256338,-701355.604469,2.885259e-02,-2333.958300,46.160323,410.348262,0.211,8.991,0.022,0.000,0.000,0.000
3596,3.596000,592613.185307,-1293967.097204,-701353.911897,2.885493e-02,-2334.907387,46.054497,407.716837,0.208,3.948,0.026,0.000,0.000,0.000
3597,3.597000,592638.992824,-1293990.888067,-701351.895244,2.885773e-02,-2335.660377,45.814083,404.885586,0.196,8.943,0.019,0.000,0.000,0.000
3598,3.598000,592664.292246,-1294014.453327,-701350.161081,2.886013e-02,-2335.727020,45.598953,402.456279,0.189,3.871,0.018,0.000,0.000,0.000
3599,3.599000,592689.723573,-1294038.205078,-701348.481505,2.886245e-02,-2335.906060,45.463227,400.125659,0.220,8.913,0.022,0.000,0.000,0.000
3600,3.600000,592715.291125,-1294061.812697,-701346.521571,2.886517e-02,-2336.602494,45.412467,398.232136,0.205,3.938,0.021,0.000,0.000,0.000
3601,3.601000,592740.958186,-1294085.821630,-701344.863444,2.886746e-02,-2336.739030,45.407072,398.249931,0.202,8.773,0.019,0.000,0.000,0.000
3602,3.602000,592768.061342,-1294110.286811,-701342.225469,2.887112e-02,-2336.577425,45.290871,398.407360,0.207,3.949,0.020,0.000,0.000,0.000
3603,3.603000,592795.745607,-1294135.098746,-701339.353139,2.887509e-02,-2336.277542,45.178558,398.503489,0.189,7.656,0.020,0.000,0.000,0.000
3604,3.604000,592823.938995,-1294160.431533,-701336.492538,2.887905e-02,-2336.487826,44.987596,399.340003,0.194,3.880,0.021,0.000,0.000,0.000
3605,3.605000,592853.019741,-1294186.109446,-701333.089705,2.888377e-02,-2336.824899,44.914147,400.092107,0.192,10.209,0.017,0.000,0.000,0.000
3606,3.606000,592882.153572,-1294212.479371,-701330.325799,2.888759e-02,-2336.628513,44.969828,399.696841,0.183,10.233,0.020,0.000,0.000,0.000
3607,3.607000,592911.291167,-1294239.498663,-701328.207497,2.889053e-02,-2336.371437,44.871690,399.420210,0.206,3.876,0.021,0.000,0.000,0.000
3608,3.608000,592940.788830,-1294267.272809,-701326.483979,2.889291e-02,-2336.573316,45.184345,399.195201,0.185,8.918,0.021,0.000,0.000,0.000
3609,3.609000,592971.250122,-1294295.733103,-701324.482981,2.889568e-02,-2336.910106,45.806204,398.672003,0.189,3.953,0.021,0.000,0.000,0.000
3610,3.610000,593003.292075,-1294324.826258,-701321.534183,2.889977e-02,-2337.083851,46.349485,397.843295,0.188,7.680,0.025,0.000,0.000,0.000
3611,3.611000,593036.301251,-1294354.481960,-701318.180708,2.890441e-02,-2336.967311,46.827825,396.735335,0.177,3.938,0.024,0.000,0.000,0.000
3612,3.612000,593070.270517,-1294384.637469,-701314.366952,2.890969e-02,-2336.806572,47.383746,395.638447,0.176,8.938,0.022,0.000,0.000,0.000
3613,3.613000,593105.584287,-1294415.264874,-701309.680587,2.891618e-02,-2336.884241,47.666478,394.823759,0.214,3.933,0.022,0.000,0.000,0.000
3614,3.614000,593140.080664,-1294446.433687,-701306.353024,2.892079e-02,-2337.385916,47.387904,392.108320,0.253,7.646,0.029,0.000,0.000,0.000
3615,3.615000,593173.953687,-1294477.491618,-701303.537931,2.892469e-02,-2337.538035,46.683589,390.411248,0.255,3.911,0.026,0.000,0.000,0.000
3616,3.616000,593207.657609,-1294508.908882,-701301.251273,2.892785e-02,-2337.268678,44.806572,390.297841,0.199,10.228,0.019,0.000,0.000,0.000
3617,3.617000,593240.771308,-1294539.857262,-701299.085953,2.893085e-02,-2337.093311,43.319880,389.424432,0.199,3.882,0.021,0.000,0.000,0.000
3618,3.618000,593273.953729,-1294571.110574,-701297.156844,2.893352e-02,-2336.774449,41.639238,388.580332,0.192,8.950,0.026,0.000,0.000,0.000
3619,3.619000,593305.344566,-1294601.784230,-701296.439664,2.893451e-02,-2337.269837,39.824487,385.371449,0.185,6.459,0.020,0.000,0.000,0.000
3620,3.620000,593336.832300,-1294632.140824,-701295.308524,2.893608e-02,-2338.538131,39.676625,380.495860,0.214,7.654,0.022,0.000,0.000,0.000
3621,3.621000,593369.433266,-1294662.154420,-701292.721155,2.893966e-02,-2339.235304,39.875727,378.122739,0.196,3.856,0.024,0.000,0.000,0.000
3622,3.622000,593403.779792,-1294692.426308,-701288.646516,2.894531e-02,-2339.349561,40.026546,377.659740,0.186,10.223,0.018,0.000,0.000,0.000
3623,3.623000,593438.318600,-1294722.722999,-701284.404399,2.895118e-02,-2339.529159,40.393967,377.135866,0.190,10.163,0.022,0.000,0.000,0.000
3624,3.624000,593472.956533,-1294753.213855,-701280.257322,2.895692e-02,-2339.698473,40.703828,376.779325,0.180,3.883,0.023,0.000,0.000,0.000
3625,3.625000,593508.024883,-1294783.821574,-701275.796690,2.896310e-02,-2339.660225,40.562574,376.003223,0.197,5.108,0.027,0.000,0.000,0.000
3626,3.626000,593543.533939,-1294814.571086,-701271.037147,2.896969e-02,-2339.477427,40.360958,375.297015,0.261,4.915,0.042,0.000,0.000,0.000
3627,3.627000,593578.586110,-1294845.404521,-701266.818411,2.897553e-02,-2339.449338,40.412603,375.007106,0.225,6.392,0.024,0.000,0.000,0.000
3628,3.628000,593612.090492,-1294876.408710,-701264.318218,2.897899e-02,-2339.353904,40.430700,375.375616,0.216,10.214,0.027,0.000,0.000,0.000
3629,3.629000,593645.320045,-1294907.578672,-701262.258627,2.898184e-02,-2339.394145,40.166062,375.123532,0.224,9.004,0.026,0.000,0.000,0.000
3630,3.630000,593679.892273,-1294938.835667,-701258.943393,2.898643e-02,-2339.558403,39.874190,373.918200,0.252,5.226,0.022,0.000,0.000,0.000
3631,3.631000,593714.216879,-1294970.195392,-701255.978513,2.899054e-02,-2339.563634,39.615587,372.646831,0.201,5.131,0.021,0.000,0.000,0.000
3632,3.632000,593748.883540,-1295001.597911,-701252.714371,2.899506e-02,-2339.480470,39.398304,371.307527,0.224,5.128,0.023,0.000,0.000,0.000
3633,3.633000,593785.039042,-1295032.994844,-701247.955802,2.900165e-02,-2339.374433,39.343260,370.118056,0.232,7.667,0.027,0.000,0.000,0.000
3634,3.634000,593821.176937,-1295064.361249,-701243.184313,2.900826e-02,-2339.395571,39.387284,369.029378,0.216,3.889,0.021,0.000,0.000,0.000
3635,3.635000,593856.163276,-1295095.685550,-701239.522274,2.901333e-02,-2339.511701,39.360828,367.837913,0.226,8.698,0.023,0.000,0.000,0.000
3636,3.636000,593890.872405,-1295126.894005,-701236.021600,2.901817e-02,-2339.623360,39.436224,366.591762,0.211,8.879,0.020,0.000,0.000,0.000
3637,3.637000,593925.596968,-1295157.981924,-701232.384956,2.902321e-02,-2339.744319,39.486129,365.259233,0.197,3.620,0.021,0.000,0.000,0.000
3638,3.638000,593959.724025,-1295188.902504,-701229.178479,2.902765e-02,-2339.833464,39.370516,363.893818,0.195,8.987,0.021,0.000,0.000,0.000
3639,3.639000,593993.585225,-1295219.668857,-701226.083632,2.903193e-02,-2339.731360,39.002119,362.527712,0.196,3.649,0.021,0.000,0.000,0.000
3640,3.640000,594027.765120,-1295250.266426,-701222.501306,2.903689e-02,-2339.638152,38.494096,361.218257,0.227,10.223,0.023,0.000,0.000,0.000
3641,3.641000,594062.066934,-1295280.699993,-701218.633059,2.904225e-02,-2339.653195,38.181231,360.077297,0.208,5.140,0.026,0.000,0.000,0.000
3642,3.642000,594095.821961,-1295311.007423,-701215.185462,2.904702e-02,-2339.884152,38.053939,359.317395,0.194,8.928,0.022,0.000,0.000,0.000
3643,3.643000,594128.864981,-1295341.023021,-701212.158040,2.905122e-02,-2340.183850,38.204435,359.113160,0.193,7.439,0.022,0.000,0.000,0.000
3644,3.644000,594161.991288,-1295371.006975,-701209.015687,2.905557e-02,-2340.578341,38.149284,358.628794,0.201,3.645,0.024,0.000,0.000,0.000
3645,3.645000,594195.402720,-1295400.810971,-701205.408252,2.906056e-02,-2340.775295,37.740631,358.102176,0.204,8.873,0.021,0.000,0.000,0.000
3646,3.646000,594228.635824,-1295430.674141,-701202.038317,2.906523e-02,-2340.732571,37.557049,357.778159,0.205,3.875,0.029,0.000,0.000,0.000
3647,3.647000,594261.143991,-1295460.528784,-701199.384792,2.906890e-02,-2340.808468,37.526389,357.469298,0.186,5.138,0.021,0.000,0.000,0.000
3648,3.648000,594293.376173,-1295490.566525,-701197.190352,2.907194e-02,-2340.841890,37.760198,357.491954,0.191,5.183,0.021,0.000,0.000,0.000
3649,3.649000,594326.301792,-1295520.742602,-701194.440811,2.907575e-02,-2340.759911,38.201545,357.784853,0.184,6.391,0.020,0.000,0.000,0.000
3650,3.650000,594359.626572,-1295551.060808,-701191.434236,2.907991e-02,-2341.208961,38.239623,357.911617,0.185,10.205,0.023,0.000,0.000,0.000
3651,3.651000,594393.348012,-1295581.353277,-701188.005265,2.908466e-02,-2342.121506,38.310863,357.532123,0.188,9.999,0.019,0.000,0.000,0.000
3652,3.652000,594427.414271,-1295611.653131,-701184.238860,2.908988e-02,-2343.093065,38.611285,357.449073,0.194,3.863,0.021,0.000,0.000,0.000
3653,3.653000,594461.425129,-1295641.993970,-701180.568840,2.909496e-02,-2344.072429,38.922835,357.851580,0.184,6.448,0.020,0.000,0.000,0.000
3654,3.654000,594495.429121,-1295672.452023,-701177.022902,2.909987e-02,-2344.636649,39.091400,357.955241,0.187,5.136,0.025,0.000,0.000,0.000
3655,3.655000,594529.099460,-1295703.088790,-701173.989330,2.910407e-02,-2344.971582,38.988323,357.927284,0.189,6.389,0.025,0.000,0.000,0.000
3656,3.656000,594562.995847,-1295733.848632,-701170.852785,2.910841e-02,-2345.220791,39.082097,358.101968,0.249,8.689,0.025,0.000,0.000,0.000
3657,3.657000,594596.542294,-1295764.659724,-701168.117430,2.911220e-02,-2345.364122,39.608258,358.057345,0.249,5.139,0.022,0.000,0.000,0.000
3658,3.658000,594629.712895,-1295795.266464,-701165.553569,2.911575e-02,-2345.428296,39.829532,357.676836,0.189,6.438,0.021,0.000,0.000,0.000
3659,3.659000,594663.618757,-1295825.773035,-701162.154278,2.912046e-02,-2345.589712,39.856092,357.538341,0.200,6.472,0.021,0.000,0.000,0.000
3660,3.660000,594697.915764,-1295856.232861,-701158.317097,2.912577e-02,-2346.087700,40.110347,357.706090,0.194,7.748,0.024,0.000,0.000,0.000
3661,3.661000,594731.552739,-1295886.590619,-701155.037880,2.913031e-02,-2346.827211,40.207246,357.848459,0.210,8.982,0.021,0.000,0.000,0.000
3662,3.662000,594764.627899,-1295916.779181,-701152.151282,2.913431e-02,-2347.433432,40.275417,357.962013,0.188,3.861,0.020,0.000,0.000,0.000
3663,3.663000,594797.869464,-1295946.906293,-701149.036829,2.913862e-02,-2347.843512,40.375318,357.932300,0.181,10.155,0.020,0.000,0.000,0.000
3664,3.664000,594831.102521,-1295976.957358,-701145.854837,2.914302e-02,-2348.120244,40.634575,357.938745,0.197,10.251,0.020,0.000,0.000,0.000
3665,3.665000,594864.772875,-1296006.950212,-701142.177337,2.914812e-02,-2348.395237,41.216116,357.958275,0.231,3.862,0.025,0.000,0.000,0.000
3666,3.666000,594898.328655,-1296036.807066,-701138.478411,2.915324e-02,-2348.863754,41.992497,357.658072,0.181,8.984,0.019,0.000,0.000,0.000
3667,3.667000,594931.318962,-1296066.483117,-701135.164156,2.915783e-02,-2349.266085,42.651626,357.395452,0.180,6.387,0.021,0.000,0.000,0.000
3668,3.668000,594964.048518,-1296095.944926,-701131.896407,2.916235e-02,-2349.573221,43.516032,357.434037,0.183,3.946,0.020,0.000,0.000,0.000
3669,3.669000,594996.279828,-1296125.055523,-701128.775695,2.916667e-02,-2349.877115,44.418107,357.622423,0.200,8.956,0.026,0.000,0.000,0.000
3670,3.670000,595028.340884,-1296153.824985,-701125.484102,2.917123e-02,-2350.310862,45.283946,357.609888,0.223,3.857,0.021,0.000,0.000,0.000
3671,3.671000,595059.449728,-1296182.162907,-701122.713180,2.917507e-02,-2350.593427,46.577053,357.410652,0.191,5.127,0.021,0.000,0.000,0.000
3672,3.672000,595089.459101,-1296209.898224,-701120.439123,2.917822e-02,-2350.336117,48.090254,357.364171,0.191,5.178,0.026,0.000,0.000,0.000
3673,3.673000,595118.945888,-1296237.076101,-701118.130213,2.918141e-02,-2349.990652,49.479926,356.908885,0.209,6.380,0.021,0.000,0.000,0.000
3674,3.674000,595147.674484,-1296263.699297,-701116.024813,2.918433e-02,-2349.950367,50.163414,356.431011,0.228,10.217,0.031,0.000,0.000,0.000
3675,3.675000,595175.548636,-1296289.964445,-701114.415809,2.918656e-02,-2350.304736,50.539451,356.539123,0.202,10.245,0.033,0.000,0.000,0.000
3676,3.676000,595202.608599,-1296315.769161,-701113.160562,2.918830e-02,-2350.784762,51.468278,356.832090,0.271,3.878,0.026,0.000,0.000,0.000
3677,3.677000,595229.580040,-1296341.063953,-701111.483913,2.919062e-02,-2351.124619,52.575780,356.953200,0.213,8.922,0.023,0.000,0.000,0.000
3678,3.678000,595255.819957,-1296366.059413,-701110.239456,2.919234e-02,-2350.978389,53.876931,356.832253,0.200,3.885,0.021,0.000,0.000,0.000
3679,3.679000,595281.600790,-1296390.697577,-701109.096787,2.919392e-02,-2350.978017,55.537269,357.483870,0.199,9.012,0.020,0.000,0.000,0.000
3680,3.680000,595307.215351,-1296414.812150,-701107.596799,2.919600e-02,-2351.415178,56.522545,358.345904,0.191,3.868,0.020,0.000,0.000,0.000
3681,3.681000,595332.216524,-1296438.900440,-701106.683916,2.919726e-02,-2351.618531,56.879642,358.252174,0.226,10.235,0.024,0.000,0.000,0.000
3682,3.682000,595356.672149,-1296462.981310,-701106.309161,2.919778e-02,-2351.753141,57.215335,357.702508,0.210,10.157,0.021,0.000,0.000,0.000
3683,3.683000,595381.349052,-1296487.147982,-701105.798930,2.919849e-02,-2351.877017,57.330964,357.182367,0.217,3.859,0.028,0.000,0.000,0.000
3684,3.684000,595406.740177,-1296511.478647,-701104.738470,2.919996e-02,-2351.995398,57.528409,356.870032,0.192,5.124,0.022,0.000,0.000,0.000
3685,3.685000,595432.225213,-1296535.949293,-701103.724080,2.920136e-02,-2352.174910,57.992369,356.427376,0.190,5.137,0.020,0.000,0.000,0.000
3686,3.686000,595458.294076,-1296560.610281,-701102.316204,2.920331e-02,-2352.296838,58.413448,355.865583,0.200,6.406,0.020,0.000,0.000,0.000
3687,3.687000,595484.984812,-1296585.490159,-701100.505347,2.920582e-02,-2352.409200,58.496055,355.635491,0.183,10.256,0.020,0.000,0.000,0.000
3688,3.688000,595513.474106,-1296610.627365,-701097.153259,2.921046e-02,-2352.167549,59.169863,355.251056,0.193,10.183,0.025,0.000,0.000,0.000
3689,3.689000,595542.425815,-1296635.858258,-701093.432443,2.921561e-02,-2351.967036,60.145200,355.167155,0.200,5.207,0.020,0.000,0.000,0.000
3690,3.690000,595570.030780,-1296661.231339,-701091.200560,2.921870e-02,-2352.107467,60.297784,355.419939,0.190,6.383,0.021,0.000,0.000,0.000
3691,3.691000,595597.799564,-1296686.908738,-701089.109174,2.922160e-02,-2352.212282,60.261989,355.435452,0.183,6.452,0.022,0.000,0.000,0.000
3692,3.692000,595625.707625,-1296712.907971,-701087.200346,2.922424e-02,-2352.225928,60.605279,355.676154,0.184,7.739,0.021,0.000,0.000,0.000
3693,3.693000,595653.666107,-1296739.106563,-701085.440456,2.922668e-02,-2351.953500,60.810005,355.698925,0.182,3.860,0.020,0.000,0.000,0.000
3694,3.694000,595682.062377,-1296765.624765,-701083.562388,2.922928e-02,-2351.818900,60.707988,355.549867,0.194,10.235,0.022,0.000,0.000,0.000
3695,3.695000,595711.195015,-1296792.391315,-701081.196300,2.923256e-02,-2351.734251,60.864041,355.612733,0.192,9.920,0.021,0.000,0.000,0.000
3696,3.696000,595740.478418,-1296819.410873,-701078.932454,2.923569e-02,-2351.421064,61.131461,355.766661,0.316,5.224,0.027,0.000,0.000,0.000
3697,3.697000,595769.418327,-1296846.666191,-701077.247864,2.923802e-02,-2351.175375,61.442052,355.843314,0.218,6.454,0.021,0.000,0.000,0.000
3698,3.698000,595798.296273,-1296874.146426,-701075.850153,2.923996e-02,-2350.956779,61.815042,355.897884,0.200,3.862,0.022,0.000,0.000,0.000
3699,3.699000,595827.089729,-1296901.851531,-701074.761802,2.924147e-02,-2350.611330,61.812475,355.741814,0.187,6.375,0.018,0.000,0.000,0.000
3700,3.700000,595856.318596,-1296929.804886,-701073.486290,2.924323e-02,-2350.304204,61.754256,355.507343,0.237,8.932,0.024,0.000,0.000,0.000
3701,3.701000,595886.443746,-1296958.067919,-701071.624173,2.924581e-02,-2350.257138,61.972173,355.308816,0.275,3.660,0.051,0.000,0.000,0.000
3702,3.702000,595916.653569,-1296986.613776,-701069.960208,2.924811e-02,-2350.320749,62.484651,354.990100,0.273,5.152,0.040,0.000,0.000,0.000
3703,3.703000,595946.606454,-1297015.443208,-701068.836754,2.924967e-02,-2350.092081,63.005841,354.793623,0.277,6.261,0.055,0.000,0.000,0.000
3704,3.704000,595976.693294,-1297044.576774,-701067.883480,2.925099e-02,-2349.753578,63.204807,354.700104,0.270,6.417,0.028,0.000,0.000,0.000
3705,3.705000,596007.131403,-1297074.067602,-701066.936199,2.925230e-02,-2349.665139,63.713894,354.742283,0.224,8.986,0.035,0.000,0.000,0.000
3706,3.706000,596038.298206,-1297103.870248,-701065.572042,2.925419e-02,-2349.699888,64.186849,354.745195,0.224,8.794,0.025,0.000,0.000,0.000
3707,3.707000,596070.549094,-1297134.025626,-701063.476532,2.925709e-02,-2349.838662,64.606269,354.426587,0.210,3.955,0.023,0.000,0.000,0.000
3708,3.708000,596102.915656,-1297164.582016,-701061.666360,2.925960e-02,-2349.591893,65.392547,353.954319,0.225,10.262,0.027,0.000,0.000,0.000
3709,3.709000,596134.780126,-1297195.235222,-701060.455096,2.926128e-02,-2348.984664,66.374330,353.514664,0.214,10.219,0.021,0.000,0.000,0.000
3710,3.710000,596167.369342,-1297226.181758,-701058.812416,2.926355e-02,-2348.557998,67.198476,353.129723,0.256,3.962,0.032,0.000,0.000,0.000
3711,3.711000,596200.455008,-1297257.478035,-701057.023027,2.926603e-02,-2348.260711,67.436621,352.823625,0.222,8.955,0.024,0.000,0.000,0.000
3712,3.712000,596233.637912,-1297289.019066,-701055.381154,2.926830e-02,-2348.185826,67.475153,352.661870,0.214,6.467,0.028,0.000,0.000,0.000
3713,3.713000,596267.260717,-1297320.818091,-701053.557373,2.927083e-02,-2348.178721,67.409282,352.422689,0.231,7.459,0.023,0.000,0.000,0.000
3714,3.714000,596300.281261,-1297352.793630,-701052.512368,2.927227e-02,-2347.853785,68.245401,351.981256,0.207,3.678,0.021,0.000,0.000,0.000
3715,3.715000,596332.336241,-1297384.798448,-701052.462207,2.927234e-02,-2347.179577,70.036881,351.530283,0.273,10.205,0.030,0.000,0.000,0.000
3716,3.716000,596365.112669,-1297416.692831,-701051.580161,2.927356e-02,-2346.702068,70.885589,351.215272,0.258,10.201,0.034,0.000,0.000,0.000
3717,3.717000,596398.764532,-1297448.673596,-701049.909064,2.927588e-02,-2346.635634,71.635502,350.883289,0.241,3.669,0.027,0.000,0.000,0.000
3718,3.718000,596432.531983,-1297480.666648,-701048.134666,2.927834e-02,-2346.640431,72.664962,350.649881,0.245,6.460,0.023,0.000,0.000,0.000
3719,3.719000,596466.679352,-1297512.741087,-701046.061735,2.928121e-02,-2346.532167,73.149698,350.552966,0.233,5.134,0.023,0.000,0.000,0.000
3720,3.720000,596500.762327,-1297544.890177,-701044.127850,2.928388e-02,-2346.452419,73.669040,350.407065,0.213,6.399,0.020,0.000,0.000,0.000
3721,3.721000,596534.703620,-1297577.083338,-701042.379718,2.928630e-02,-2346.363917,74.559093,350.275739,0.245,8.885,0.033,0.000,0.000,0.000
3722,3.722000,596568.656213,-1297609.278751,-701040.622538,2.928874e-02,-2346.202760,75.221359,350.118826,0.255,8.948,0.030,0.000,0.000,0.000
3723,3.723000,596602.842731,-1297641.594481,-701038.751750,2.929133e-02,-2346.135860,75.355416,349.890962,0.335,5.151,0.037,0.000,0.000,0.000
3724,3.724000,596637.250246,-1297674.061312,-701036.811066,2.929401e-02,-2346.005894,75.392751,349.825649,0.241,5.117,0.030,0.000,0.000,0.000
3725,3.725000,596671.742538,-1297706.690756,-701034.948218,2.929659e-02,-2345.960078,75.381246,350.100362,0.237,5.137,0.023,0.000,0.000,0.000
3726,3.726000,596705.846616,-1297739.480340,-701033.633724,2.929841e-02,-2345.991722,75.698890,350.728756,0.220,7.681,0.020,0.000,0.000,0.000
3727,3.727000,596739.553808,-1297772.244816,-701032.691008,2.929972e-02,-2346.082372,76.355982,351.583917,0.217,3.880,0.021,0.000,0.000,0.000
3728,3.728000,596773.203060,-1297804.991957,-701031.788896,2.930097e-02,-2345.889165,76.875537,352.162275,0.198,9.000,0.022,0.000,0.000,0.000
3729,3.729000,596807.288317,-1297837.740835,-701030.452518,2.930282e-02,-2345.565940,77.102635,352.348535,0.201,8.844,0.021,0.000,0.000,0.000
3730,3.730000,596841.981709,-1297870.610026,-701028.628317,2.930535e-02,-2345.475824,76.944113,352.444651,0.234,3.965,0.029,0.000,0.000,0.000
3731,3.731000,596877.046542,-1297903.598067,-701026.551525,2.930822e-02,-2345.577924,76.624967,352.394747,0.233,9.000,0.032,0.000,0.000,0.000
3732,3.732000,596912.417785,-1297936.716572,-701024.298787,2.931134e-02,-2345.873591,76.477538,352.279241,0.217,3.856,0.023,0.000,0.000,0.000
3733,3.733000,596947.650424,-1297969.975651,-701022.325227,2.931407e-02,-2346.077204,76.337249,352.591653,0.205,10.010,0.021,0.000,0.000,0.000
3734,3.734000,596982.825339,-1298003.259964,-701020.434625,2.931669e-02,-2346.083854,76.181047,352.976226,0.205,5.180,0.021,0.000,0.000,0.000
3735,3.735000,597018.493882,-1298036.602715,-701018.108833,2.931991e-02,-2346.034843,76.186948,353.029208,0.194,8.974,0.022,0.000,0.000,0.000
3736,3.736000,597054.855218,-1298070.183808,-701015.328589,2.932376e-02,-2346.388146,76.050248,353.173399,0.193,3.931,0.022,0.000,0.000,0.000
3737,3.737000,597091.946407,-1298103.968070,-701012.021663,2.932834e-02,-2347.618240,74.890780,353.993630,0.248,9.002,0.024,0.000,0.000,0.000
3738,3.738000,597128.676756,-1298137.858510,-701009.181754,2.933227e-02,-2348.581326,74.267185,355.206777,0.202,3.876,0.020,0.000,0.000,0.000
3739,3.739000,597164.889713,-1298171.822137,-701006.932425,2.933539e-02,-2348.916257,74.188470,356.578350,0.200,10.159,0.019,0.000,0.000,0.000
3740,3.740000,597201.227447,-1298205.822206,-701004.594759,2.933862e-02,-2349.005106,74.255325,357.495128,0.191,10.184,0.020,0.000,0.000,0.000
3741,3.741000,597238.039118,-1298239.996430,-701001.957312,2.934228e-02,-2349.040692,74.063262,358.212343,0.206,3.860,0.028,0.000,0.000,0.000
3742,3.742000,597275.938359,-1298274.373194,-700998.434835,2.934715e-02,-2349.520817,73.014189,359.202312,0.201,6.371,0.020,0.000,0.000,0.000
3743,3.743000,597313.282492,-1298308.928768,-700995.646276,2.935101e-02,-2349.678495,72.043577,360.074975,0.200,5.120,0.023,0.000,0.000,0.000
3744,3.744000,597350.082524,-1298343.373530,-700993.291006,2.935428e-02,-2349.925089,70.576700,361.075977,0.196,6.385,0.023,0.000,0.000,0.000
3745,3.745000,597385.874316,-1298377.889962,-700992.015646,2.935604e-02,-2350.424953,68.501488,361.872301,0.193,8.999,0.025,0.000,0.000,0.000
3746,3.746000,597421.088298,-1298412.133950,-700991.045652,2.935738e-02,-2351.038571,66.617603,362.371698,0.197,8.964,0.024,0.000,0.000,0.000
3747,3.747000,597457.586697,-1298446.357482,-700988.770785,2.936053e-02,-2351.823030,65.057123,362.839306,0.208,3.915,0.018,0.000,0.000,0.000
3748,3.748000,597494.186563,-1298480.571645,-700986.385082,2.936384e-02,-2352.379963,63.933978,363.597775,0.186,8.952,0.021,0.000,0.000,0.000
3749,3.749000,597531.587520,-1298514.884428,-700983.296908,2.936811e-02,-2352.809890,63.188358,364.545038,0.202,5.221,0.024,0.000,0.000,0.000
3750,3.750000,597569.685543,-1298549.280737,-700979.595194,2.937324e-02,-2353.636971,62.168208,365.640313,0.188,8.986,0.020,0.000,0.000,0.000
3751,3.751000,597607.706770,-1298583.746985,-700976.040215,2.937816e-02,-2354.854430,61.073720,366.875894,0.199,3.874,0.021,0.000,0.000,0.000
3752,3.752000,597645.460821,-1298618.282044,-700972.821223,2.938262e-02,-2356.209951,60.185691,367.384200,0.183,10.163,0.020,0.000,0.000,0.000
3753,3.753000,597682.598734,-1298652.773988,-700970.175255,2.938628e-02,-2357.174707,60.318588,366.932570,0.185,10.242,0.018,0.000,0.000,0.000
3754,3.754000,597720.462069,-1298687.380181,-700966.918112,2.939079e-02,-2357.943177,60.014551,366.987045,0.184,3.897,0.019,0.000,0.000,0.000
3755,3.755000,597758.768705,-1298722.102378,-700963.333674,2.939576e-02,-2358.904190,59.578759,366.993768,0.192,9.015,0.019,0.000,0.000,0.000
3756,3.756000,597796.852188,-1298756.918222,-700960.066034,2.940028e-02,-2359.553906,59.918382,366.586631,0.195,7.754,0.023,0.000,0.000,0.000
3757,3.757000,597835.420784,-1298791.957435,-700956.536652,2.940517e-02,-2359.886326,60.133002,366.381331,0.221,3.877,0.025,0.000,0.000,0.000
3758,3.758000,597873.595259,-1298827.227658,-700953.632398,2.940919e-02,-2360.144561,60.729872,365.764643,0.225,8.935,0.022,0.000,0.000,0.000
3759,3.759000,597911.443019,-1298862.703043,-700951.260024,2.941247e-02,-2360.869916,60.746964,365.454683,0.248,8.943,0.031,0.000,0.000,0.000
3760,3.760000,597949.404056,-1298898.290851,-700948.886795,2.941576e-02,-2362.205252,59.922844,365.727455,0.247,8.940,0.042,0.000,0.000,0.000
3761,3.761000,597987.505897,-1298933.995983,-700946.490087,2.941908e-02,-2363.417423,59.004324,366.258577,0.226,5.201,0.022,0.000,0.000,0.000
3762,3.762000,598025.512072,-1298969.885031,-700944.372959,2.942201e-02,-2363.974958,58.837118,366.249548,0.229,5.186,0.024,0.000,0.000,0.000
3763,3.763000,598063.616146,-1299005.990082,-700942.373936,2.942478e-02,-2364.288424,59.076141,365.799853,0.219,5.068,0.028,0.000,0.000,0.000
3764,3.764000,598102.282372,-1299042.332605,-700940.050234,2.942800e-02,-2365.032516,58.341919,366.037647,0.215,6.398,0.023,0.000,0.000,0.000
3765,3.765000,598141.599350,-1299078.825746,-700937.226396,2.943191e-02,-2366.117081,57.150210,366.699689,0.215,8.926,0.025,0.000,0.000,0.000
3766,3.766000,598180.883484,-1299115.463532,-700934.580047,2.943557e-02,-2366.820549,56.592745,367.018606,0.208,3.945,0.024,0.000,0.000,0.000
3767,3.767000,598220.069638,-1299152.213194,-700932.143556,2.943894e-02,-2367.795650,55.526982,367.573523,0.203,6.397,0.019,0.000,0.000,0.000
3768,3.768000,598259.118008,-1299189.019461,-700929.901453,2.944205e-02,-2369.125691,53.422065,368.576882,0.204,5.158,0.021,0.000,0.000,0.000
3769,3.769000,598297.991108,-1299225.811777,-700927.820669,2.944493e-02,-2370.296305,50.990095,369.724804,0.192,7.637,0.026,0.000,0.000,0.000
3770,3.770000,598336.891734,-1299262.409048,-700925.517314,2.944812e-02,-2370.642617,49.477350,370.369205,0.198,8.967,0.025,0.000,0.000,0.000
3771,3.771000,598375.390971,-1299298.973079,-700923.582108,2.945080e-02,-2369.647442,49.029437,370.900377,0.200,5.197,0.021,0.000,0.000,0.000
3772,3.772000,598412.813188,-1299335.173052,-700922.359864,2.945249e-02,-2368.295395,48.374974,372.330863,0.198,6.420,0.022,0.000,0.000,0.000
3773,3.773000,598449.800130,-1299370.961467,-700921.161337,2.945415e-02,-2366.941125,47.659051,373.929183,0.192,7.726,0.019,0.000,0.000,0.000
3774,3.774000,598487.119200,-1299406.290834,-700919.171634,2.945691e-02,-2366.246932,46.914914,374.753328,0.192,3.865,0.020,0.000,0.000,0.000
3775,3.775000,598525.000410,-1299441.418620,-700916.418210,2.946072e-02,-2366.859865,45.718159,375.417516,0.290,8.717,0.064,0.000,0.000,0.000
3776,3.776000,598562.621264,-1299476.236383,-700913.615119,2.946460e-02,-2367.875621,44.137288,376.620081,0.301,8.768,0.057,0.000,0.000,0.000
3777,3.777000,598599.898189,-1299510.718748,-700910.820559,2.946847e-02,-2368.788230,42.491552,377.926217,0.298,7.679,0.047,0.000,0.000,0.000
3778,3.778000,598637.136292,-1299544.835322,-700907.699030,2.947279e-02,-2369.795247,40.892193,379.221777,0.231,9.024,0.023,0.000,0.000,0.000
3779,3.779000,598673.702812,-1299578.647021,-700904.944210,2.947661e-02,-2370.304644,40.206388,379.708128,0.215,3.874,0.021,0.000,0.000,0.000
3780,3.780000,598709.376571,-1299612.326958,-700902.950387,2.947937e-02,-2370.191718,40.241057,379.660572,0.208,10.173,0.021,0.000,0.000,0.000
3781,3.781000,598745.328781,-1299645.833634,-700900.504853,2.948275e-02,-2370.496005,39.465963,380.287716,0.206,10.279,0.019,0.000,0.000,0.000
3782,3.782000,598781.956286,-1299679.071765,-700897.115479,2.948745e-02,-2371.548629,37.801692,381.392199,0.267,3.883,0.023,0.000,0.000,0.000
3783,3.783000,598817.528883,-1299712.078045,-700894.549162,2.949100e-02,-2371.997800,36.843377,382.002505,0.215,8.963,0.029,0.000,0.000,0.000
3784,3.784000,598852.173444,-1299744.906751,-700892.733307,2.949352e-02,-2371.785722,36.614405,382.185447,0.201,7.675,0.022,0.000,0.000,0.000
3785,3.785000,598886.262401,-1299777.587682,-700891.325282,2.949546e-02,-2371.305790,35.955449,383.209197,0.188,3.933,0.020,0.000,0.000,0.000
3786,3.786000,598919.757480,-1299809.820350,-700890.062870,2.949721e-02,-2370.858347,35.321477,384.269526,0.190,8.975,0.020,0.000,0.000,0.000
3787,3.787000,598953.973212,-1299841.913866,-700887.940654,2.950015e-02,-2370.756343,35.171005,384.394581,0.202,3.919,0.025,0.000,0.000,0.000
3788,3.788000,598988.332726,-1299873.873448,-700885.540722,2.950347e-02,-2370.619858,35.261612,384.380857,0.191,5.142,0.021,0.000,0.000,0.000
3789,3.789000,599022.199014,-1299905.708148,-700883.509135,2.950629e-02,-2370.470544,35.111183,384.462783,0.195,5.120,0.019,0.000,0.000,0.000
3790,3.790000,599055.785706,-1299937.402091,-700881.616385,2.950891e-02,-2370.281352,34.830459,384.840285,0.195,6.381,0.019,0.000,0.000,0.000
3791,3.791000,599089.189252,-1299969.048414,-700879.859162,2.951134e-02,-2370.311232,34.821599,385.366670,0.199,8.876,0.020,0.000,0.000,0.000
3792,3.792000,599122.575833,-1300000.603501,-700878.027668,2.951388e-02,-2370.299748,34.803482,385.574932,0.211,3.739,0.019,0.000,0.000,0.000
3793,3.793000,599155.753521,-1300032.128584,-700876.375063,2.951617e-02,-2369.723149,34.791301,385.515187,0.195,8.945,0.019,0.000,0.000,0.000
3794,3.794000,599188.708638,-1300063.583105,-700874.874467,2.951824e-02,-2369.204800,34.852563,385.561371,0.191,3.859,0.018,0.000,0.000,0.000
3795,3.795000,599221.445109,-1300095.032764,-700873.587656,2.952003e-02,-2369.043852,35.064992,385.550372,0.195,8.996,0.024,0.000,0.000,0.000
3796,3.796000,599253.796593,-1300126.377516,-700872.580924,2.952142e-02,-2368.758119,35.490247,385.532979,0.197,3.930,0.019,0.000,0.000,0.000
3797,3.797000,599286.363494,-1300157.629676,-700871.266181,2.952324e-02,-2368.608142,36.039284,385.561844,0.192,8.939,0.019,0.000,0.000,0.000
3798,3.798000,599318.436647,-1300188.760686,-700870.324039,2.952454e-02,-2368.576467,36.605245,385.483904,0.224,8.946,0.021,0.000,0.000,0.000
3799,3.799000,599349.862653,-1300219.758942,-700869.896290,2.952514e-02,-2368.365443,37.184172,385.289742,0.208,3.938,0.019,0.000,0.000,0.000
3800,3.800000,599380.551083,-1300250.590018,-700870.038935,2.952494e-02,-2367.656080,37.810521,385.048055,0.208,9.012,0.020,0.000,0.000,0.000
3801,3.801000,599411.046793,-1300281.261517,-700870.214723,2.952470e-02,-2366.946221,38.325908,385.127703,0.219,3.874,0.023,0.000,0.000,0.000
3802,3.802000,599441.614826,-1300311.819494,-700870.204667,2.952471e-02,-2366.646244,38.438716,385.273882,0.196,10.186,0.018,0.000,0.000,0.000
3803,3.803000,599471.884457,-1300342.288435,-700870.403978,2.952443e-02,-2366.403743,38.275612,385.273358,0.287,3.906,0.024,0.000,0.000,0.000
3804,3.804000,599502.620736,-1300372.663542,-700870.042806,2.952493e-02,-2366.076379,38.223213,385.829991,0.211,8.992,0.021,0.000,0.000,0.000
3805,3.805000,599533.638797,-1300402.795062,-700869.156265,2.952616e-02,-2365.625156,38.319750,386.863968,0.193,7.702,0.022,0.000,0.000,0.000
3806,3.806000,599564.416233,-1300432.722969,-700868.306736,2.952734e-02,-2365.227855,38.392881,387.523712,0.192,3.922,0.021,0.000,0.000,0.000
3807,3.807000,599594.437020,-1300462.606962,-700868.169943,2.952753e-02,-2364.945303,38.390681,387.671654,0.188,8.981,0.020,0.000,0.000,0.000
3808,3.808000,599623.996641,-1300492.502747,-700868.506106,2.952706e-02,-2364.809627,38.446735,387.518633,0.188,3.907,0.020,0.000,0.000,0.000
3809,3.809000,599653.989248,-1300522.410800,-700868.421552,2.952718e-02,-2364.462186,38.296220,387.489400,0.202,6.454,0.021,0.000,0.000,0.000
3810,3.810000,599684.348970,-1300552.440334,-700868.091364,2.952764e-02,-2363.865964,37.686087,387.698527,0.185,6.462,0.021,0.000,0.000,0.000
3811,3.811000,599714.391213,-1300582.674274,-700868.283061,2.952737e-02,-2363.272293,37.156249,387.803890,0.203,3.937,0.018,0.000,0.000,0.000
3812,3.812000,599744.253231,-1300613.083424,-700868.830193,2.952661e-02,-2362.738788,36.840286,387.975267,0.309,8.983,0.055,0.000,0.000,0.000
3813,3.813000,599774.842677,-1300643.653375,-700868.810698,2.952664e-02,-2362.522987,36.555567,388.107622,0.280,5.208,0.045,0.000,0.000,0.000
3814,3.814000,599806.049064,-1300674.456977,-700868.407913,2.952720e-02,-2362.398569,36.276964,388.117936,0.375,5.216,0.060,0.000,0.000,0.000
3815,3.815000,599837.922944,-1300705.505759,-700867.582815,2.952834e-02,-2362.362153,35.699274,388.609458,0.252,7.736,0.029,0.000,0.000,0.000
3816,3.816000,599870.232718,-1300736.631486,-700866.398768,2.952998e-02,-2362.424670,35.257186,388.984015,0.232,3.946,0.024,0.000,0.000,0.000
3817,3.817000,599902.241602,-1300767.975300,-700865.733698,2.953090e-02,-2362.426954,35.099945,388.972231,0.228,7.736,0.023,0.000,0.000,0.000
3818,3.818000,599934.916952,-1300799.447394,-700864.530441,2.953257e-02,-2362.954596,34.107494,389.451570,0.250,9.050,0.025,0.000,0.000,0.000
3819,3.819000,599967.502321,-1300830.987748,-700863.485427,2.953401e-02,-2363.164258,33.046748,389.941849,0.250,5.139,0.030,0.000,0.000,0.000
3820,3.820000,599999.429591,-1300862.605250,-700863.175660,2.953444e-02,-2362.529040,32.644125,390.093064,0.217,5.117,0.021,0.000,0.000,0.000
3821,3.821000,600031.857755,-1300894.241602,-700862.383847,2.953554e-02,-2361.519496,32.554701,391.023223,0.204,6.381,0.022,0.000,0.000,0.000
3822,3.822000,600064.796956,-1300925.701113,-700860.904157,2.953759e-02,-2360.889176,32.669649,391.999659,0.211,3.931,0.019,0.000,0.000,0.000
3823,3.823000,600098.667125,-1300957.071965,-700858.404840,2.954105e-02,-2360.945605,32.849451,392.742385,0.204,10.194,0.018,0.000,0.000,0.000
3824,3.824000,600131.638729,-1300988.208648,-700856.569919,2.954359e-02,-2361.043172,32.495970,393.188776,0.220,3.961,0.031,0.000,0.000,0.000
3825,3.825000,600163.299309,-1301019.287951,-700855.988643,2.954439e-02,-2361.462065,31.542639,393.125071,0.204,5.210,0.024,0.000,0.000,0.000
3826,3.826000,600194.464331,-1301050.307227,-700855.842895,2.954460e-02,-2361.640330,30.927808,393.556391,0.192,5.209,0.020,0.000,0.000,0.000
3827,3.827000,600224.621636,-1301081.121849,-700856.500213,2.954369e-02,-2360.770431,30.210293,394.262663,0.207,6.381,0.019,0.000,0.000,0.000
3828,3.828000,600254.312947,-1301111.597922,-700857.284975,2.954260e-02,-2360.175620,29.100276,395.080311,0.192,10.245,0.019,0.000,0.000,0.000
3829,3.829000,600283.917366,-1301141.861535,-700857.944169,2.954169e-02,-2360.271795,27.700798,395.525719,0.198,10.154,0.019,0.000,0.000,0.000
3830,3.830000,600313.248295,-1301171.905373,-700858.657078,2.954070e-02,-2359.731957,26.549653,396.235564,0.259,5.182,0.023,0.000,0.000,0.000
3831,3.831000,600342.785345,-1301201.686949,-700858.901604,2.954036e-02,-2359.131015,26.059835,396.977219,0.198,5.114,0.020,0.000,0.000,0.000
3832,3.832000,600372.214756,-1301231.346866,-700859.132111,2.954004e-02,-2359.195805,25.576973,397.278458,0.194,6.455,0.024,0.000,0.000,0.000
3833,3.833000,600401.868333,-1301260.796299,-700858.927966,2.954032e-02,-2359.395716,24.909544,397.758677,0.188,7.658,0.020,0.000,0.000,0.000
3834,3.834000,600432.617643,-1301290.115576,-700857.497933,2.954230e-02,-2359.563902,24.217164,398.190972,0.188,8.999,0.020,0.000,0.000,0.000
3835,3.835000,600463.358436,-1301319.289332,-700855.930896,2.954447e-02,-2359.639810,23.478786,398.519045,0.191,3.933,0.019,0.000,0.000,0.000
3836,3.836000,600494.281591,-1301348.442828,-700854.161236,2.954692e-02,-2359.798982,23.035131,398.893958,0.194,10.068,0.019,0.000,0.000,0.000
3837,3.837000,600525.289012,-1301377.574574,-700852.285562,2.954952e-02,-2359.820446,22.875435,399.599954,0.225,10.230,0.021,0.000,0.000,0.000
3838,3.838000,600555.693513,-1301406.692883,-700850.999371,2.955130e-02,-2359.505048,22.451717,400.281047,0.226,5.116,0.021,0.000,0.000,0.000
3839,3.839000,600585.999144,-1301435.755969,-700849.756824,2.955302e-02,-2359.062367,21.749796,400.687573,0.225,5.138,0.020,0.000,0.000,0.000
3840,3.840000,600616.366854,-1301464.814025,-700848.447171,2.955484e-02,-2359.138024,20.575852,401.167698,0.203,4.879,0.021,0.000,0.000,0.000
3841,3.841000,600646.257716,-1301493.701224,-700847.443508,2.955623e-02,-2359.463149,18.867934,401.503662,0.213,6.356,0.021,0.000,0.000,0.000
3842,3.842000,600675.817775,-1301522.508062,-700846.690287,2.955727e-02,-2359.469838,17.571941,401.899192,0.208,10.232,0.022,0.000,0.000,0.000
3843,3.843000,600704.645354,-1301551.271646,-700846.626292,2.955736e-02,-2359.374504,16.306198,402.549609,0.207,5.113,0.023,0.000,0.000,0.000
3844,3.844000,600733.568573,-1301579.869661,-700846.301088,2.955781e-02,-2359.620104,14.628164,402.862562,0.228,5.133,0.022,0.000,0.000,0.000
3845,3.845000,600763.074271,-1301608.279199,-700845.204928,2.955933e-02,-2360.510185,13.374832,403.108323,0.201,5.131,0.025,0.000,0.000,0.000
3846,3.846000,600791.619794,-1301636.499343,-700844.879549,2.955978e-02,-2360.964988,12.163008,403.571048,0.218,7.663,0.059,0.000,0.000,0.000
3847,3.847000,600819.775777,-1301664.520924,-700844.745147,2.955996e-02,-2361.156321,11.006179,404.051047,0.212,10.258,0.023,0.000,0.000,0.000
3848,3.848000,600848.031964,-1301692.381403,-700844.349439,2.956051e-02,-2361.585921,10.276299,404.365488,0.208,3.906,0.020,0.000,0.000,0.000
3849,3.849000,600876.689111,-1301720.085914,-700843.396803,2.956183e-02,-2361.834643,9.493661,404.549483,0.196,6.425,0.022,0.000,0.000,0.000
3850,3.850000,600905.271113,-1301747.554153,-700842.283040,2.956337e-02,-2361.861747,8.774643,404.841074,0.196,6.340,0.023,0.000,0.000,0.000
3851,3.851000,600933.256837,-1301774.794032,-700841.537196,2.956440e-02,-2362.031981,7.464058,405.562409,0.190,6.386,0.019,0.000,0.000,0.000
3852,3.852000,600960.226687,-1301801.667631,-700841.440944,2.956454e-02,-2362.138671,5.875694,406.075602,0.201,3.943,0.024,0.000,0.000,0.000
3853,3.853000,600986.509878,-1301828.297690,-700841.787812,2.956406e-02,-2361.922822,4.838831,406.334580,0.193,9.007,0.024,0.000,0.000,0.000
3854,3.854000,601012.259812,-1301854.573341,-700842.313528,2.956333e-02,-2361.614500,3.193559,407.032006,0.194,8.946,0.021,0.000,0.000,0.000
3855,3.855000,601037.918068,-1301880.461532,-700842.543465,2.956301e-02,-2361.261668,1.155443,407.753007,0.187,3.946,0.023,0.000,0.000,0.000
3856,3.856000,601064.512401,-1301906.076648,-700841.564246,2.956437e-02,-2361.205275,-0.476374,408.409593,0.191,5.111,0.019,0.000,0.000,0.000
3857,3.857000,601090.933381,-1301931.523565,-700840.590184,2.956572e-02,-2361.140584,-1.117271,409.180732,0.188,8.964,0.019,0.000,0.000,0.000
3858,3.858000,601116.505755,-1301956.766511,-700840.260756,2.956617e-02,-2361.188204,-2.060341,410.247629,0.199,5.144,0.020,0.000,0.000,0.000
3859,3.859000,601141.309659,-1301981.765936,-700840.456277,2.956590e-02,-2361.689489,-3.996812,411.325157,0.188,6.381,0.027,0.000,0.000,0.000
3860,3.860000,601165.851749,-1302006.573317,-700840.721568,2.956553e-02,-2361.897731,-5.102534,412.011001,0.227,6.399,0.026,0.000,0.000,0.000
3861,3.861000,601190.933699,-1302031.321718,-700840.388018,2.956600e-02,-2362.261799,-6.013478,412.742004,0.208,7.739,0.024,0.000,0.000,0.000
3862,3.862000,601215.350066,-1302055.973947,-700840.623881,2.956567e-02,-2362.450492,-7.326294,413.537704,0.200,3.866,0.023,0.000,0.000,0.000
3863,3.863000,601239.243738,-1302080.494109,-700841.250371,2.956480e-02,-2362.148284,-8.392233,414.094879,0.188,10.236,0.024,0.000,0.000,0.000
3864,3.864000,601262.610772,-1302104.933315,-700842.322543,2.956332e-02,-2361.798174,-9.338956,414.785107,0.215,5.043,0.020,0.000,0.000,0.000
3865,3.865000,601285.207864,-1302129.248309,-700844.040445,2.956094e-02,-2361.712216,-10.754431,415.729379,0.191,6.475,0.020,0.000,0.000,0.000
3866,3.866000,601308.064587,-1302153.465473,-700845.400886,2.955905e-02,-2361.484542,-13.801319,415.839228,0.195,6.479,0.018,0.000,0.000,0.000
3867,3.867000,601329.548118,-1302177.299415,-700847.751297,2.955580e-02,-2360.811198,-17.583093,415.066314,0.187,7.707,0.025,0.000,0.000,0.000
3868,3.868000,601349.718916,-1302200.871438,-700851.152523,2.955109e-02,-2360.268419,-20.652896,414.513242,0.186,8.892,0.019,0.000,0.000,0.000
3869,3.869000,601371.401735,-1302224.194733,-700852.792997,2.954882e-02,-2360.242018,-22.054494,414.529763,0.183,3.929,0.023,0.000,0.000,0.000
3870,3.870000,601392.518650,-1302247.605133,-700855.086483,2.954564e-02,-2359.962981,-23.635056,414.426263,0.197,10.160,0.024,0.000,0.000,0.000
3871,3.871000,601412.344555,-1302270.784329,-700858.439774,2.954100e-02,-2359.355627,-27.123094,414.088377,0.194,9.905,0.019,0.000,0.000,0.000
3872,3.872000,601433.096388,-1302293.751358,-700860.654970,2.953793e-02,-2359.333931,-30.921296,414.079140,0.200,10.171,0.021,0.000,0.000,0.000
3873,3.873000,601455.948959,-1302316.439566,-700860.490607,2.953816e-02,-2359.391785,-32.765642,414.321736,0.215,3.859,0.022,0.000,0.000,0.000
3874,3.874000,601479.995813,-1302339.192056,-700859.196243,2.953995e-02,-2359.270249,-33.841008,414.457130,0.209,5.189,0.019,0.000,0.000,0.000
3875,3.875000,601502.693811,-1302361.815876,-700859.122065,2.954006e-02,-2358.841925,-35.999730,414.158309,0.219,3.876,0.019,0.000,0.000,0.000
3876,3.876000,601525.365724,-1302384.382189,-700859.016464,2.954020e-02,-2358.424072,-38.083345,413.865590,0.185,6.384,0.021,0.000,0.000,0.000
3877,3.877000,601546.980850,-1302406.842393,-700859.861543,2.953903e-02,-2357.964483,-40.176737,413.864351,0.191,8.894,0.022,0.000,0.000,0.000
3878,3.878000,601567.010026,-1302429.153463,-700862.143437,2.953587e-02,-2357.351998,-42.505313,414.633789,0.221,8.944,0.027,0.000,0.000,0.000
3879,3.879000,601587.139793,-1302451.169953,-700864.030159,2.953326e-02,-2356.808941,-44.666768,415.339069,0.229,3.941,0.028,0.000,0.000,0.000
3880,3.880000,601609.910078,-1302473.175971,-700863.265893,2.953432e-02,-2356.711228,-45.527837,415.416322,0.261,7.627,0.029,0.000,0.000,0.000
3881,3.881000,601632.720841,-1302495.466012,-700862.745171,2.953504e-02,-2356.576172,-46.618003,415.581966,0.244,3.953,0.018,0.000,0.000,0.000
3882,3.882000,601654.287642,-1302517.839166,-700863.551523,2.953392e-02,-2356.062237,-48.593967,415.423110,0.209,10.264,0.022,0.000,0.000,0.000
3883,3.883000,601677.457908,-1302540.362590,-700862.904682,2.953482e-02,-2355.982231,-49.548052,415.194307,0.239,3.858,0.024,0.000,0.000,0.000
3884,3.884000,601700.638913,-1302563.179879,-700862.540966,2.953532e-02,-2355.986913,-50.684932,414.960877,0.193,8.920,0.018,0.000,0.000,0.000
3885,3.885000,601722.235326,-1302586.087524,-700863.852198,2.953351e-02,-2355.605167,-52.455302,414.302461,0.236,7.729,0.034,0.000,0.000,0.000
3886,3.886000,601743.361181,-1302609.018318,-700865.657137,2.953101e-02,-2355.240085,-54.154692,413.560354,0.233,3.874,0.032,0.000,0.000,0.000
3887,3.887000,601765.927621,-1302632.039933,-700866.112312,2.953038e-02,-2355.455804,-54.742669,413.323993,0.258,8.989,0.029,0.000,0.000,0.000
3888,3.888000,601789.374730,-1302655.274973,-700865.900244,2.953067e-02,-2355.728915,-53.862169,413.551157,0.219,3.962,0.021,0.000,0.000,0.000
3889,3.889000,601811.325469,-1302678.686077,-700867.360608,2.952865e-02,-2355.527901,-53.988312,413.534103,0.211,10.229,0.020,0.000,0.000,0.000
3890,3.890000,601833.750660,-1302702.053277,-700868.302617,2.952734e-02,-2355.659254,-54.332487,413.502159,0.221,5.128,0.019,0.000,0.000,0.000
3891,3.891000,601857.778425,-1302725.627334,-700867.848909,2.952797e-02,-2356.105759,-53.858558,413.965094,0.210,8.913,0.025,0.000,0.000,0.000
3892,3.892000,601882.095168,-1302749.386655,-700867.291486,2.952874e-02,-2356.135526,-53.616775,414.198330,0.202,3.929,0.024,0.000,0.000,0.000
3893,3.893000,601906.944368,-1302773.434189,-700866.489821,2.952985e-02,-2356.117374,-53.124866,414.204040,0.208,9.017,0.023,0.000,0.000,0.000
3894,3.894000,601932.313866,-1302797.679171,-700865.365305,2.953141e-02,-2356.315881,-52.218897,414.392957,0.203,3.857,0.020,0.000,0.000,0.000
3895,3.895000,601958.049291,-1302822.133552,-700864.084261,2.953318e-02,-2356.350916,-51.568702,414.552949,0.200,10.156,0.021,0.000,0.000,0.000
3896,3.896000,601984.005593,-1302846.873946,-700862.868353,2.953487e-02,-2356.606785,-51.294547,414.984381,0.200,10.232,0.020,0.000,0.000,0.000
3897,3.897000,602010.746844,-1302871.823006,-700861.076162,2.953735e-02,-2357.401326,-51.168845,415.493109,0.191,3.863,0.021,0.000,0.000,0.000
3898,3.898000,602037.242389,-1302897.014156,-700859.771767,2.953916e-02,-2357.807917,-51.104405,416.164199,0.187,9.002,0.021,0.000,0.000,0.000
3899,3.899000,602063.821716,-1302922.398267,-700858.576551,2.954081e-02,-2358.105904,-51.195777,416.987790,0.186,3.929,0.019,0.000,0.000,0.000
3900,3.900000,602091.399373,-1302948.074395,-700856.675022,2.954344e-02,-2358.978796,-51.505610,417.556278,0.235,8.770,0.028,0.000,0.000,0.000
3901,3.901000,602119.363851,-1302974.089766,-700854.725915,2.954614e-02,-2359.586912,-52.335414,417.587332,0.204,3.862,0.021,0.000,0.000,0.000
3902,3.902000,602147.797589,-1303000.417348,-700852.619760,2.954906e-02,-2359.506966,-52.798043,417.053053,0.209,10.258,0.032,0.000,0.000,0.000
3903,3.903000,602176.766569,-1303027.205315,-700850.438746,2.955208e-02,-2359.844602,-52.961359,417.021489,0.204,5.129,0.018,0.000,0.000,0.000
3904,3.904000,602204.820298,-1303054.437260,-700849.616962,2.955322e-02,-2360.119720,-53.325283,416.810000,0.189,8.936,0.021,0.000,0.000,0.000
3905,3.905000,602232.523300,-1303082.094411,-700849.571111,2.955328e-02,-2360.102824,-53.668704,416.678824,0.187,7.718,0.023,0.000,0.000,0.000
3906,3.906000,602261.935377,-1303110.120900,-700848.185524,2.955520e-02,-2360.020644,-53.970743,416.778755,0.204,3.855,0.024,0.000,0.000,0.000
3907,3.907000,602291.448583,-1303138.634231,-700847.185648,2.955658e-02,-2359.533274,-54.152355,416.327432,0.189,8.970,0.023,0.000,0.000,0.000
3908,3.908000,602320.393641,-1303167.577152,-700847.183511,2.955659e-02,-2359.332732,-54.142906,415.961700,0.202,3.926,0.021,0.000,0.000,0.000
3909,3.909000,602349.729241,-1303196.991837,-700847.262596,2.955648e-02,-2359.189189,-53.896635,415.713669,0.183,5.104,0.022,0.000,0.000,0.000
3910,3.910000,602379.904407,-1303226.871261,-700846.966854,2.955689e-02,-2359.402682,-54.398176,416.081533,0.186,5.221,0.021,0.000,0.000,0.000
3911,3.911000,602410.285213,-1303257.147814,-700846.862601,2.955703e-02,-2359.564065,-54.929168,416.612433,0.182,6.387,0.020,0.000,0.000,0.000
3912,3.912000,602440.593432,-1303287.873056,-700847.279624,2.955645e-02,-2359.251535,-54.904598,416.916002,0.200,10.179,0.020,0.000,0.000,0.000
3913,3.913000,602471.089426,-1303319.003035,-700847.913608,2.955558e-02,-2358.948089,-54.916336,417.264230,0.192,5.219,0.021,0.000,0.000,0.000
3914,3.914000,602501.720481,-1303350.514059,-700848.793578,2.955436e-02,-2358.708137,-54.906863,417.482598,0.225,5.129,0.023,0.000,0.000,0.000
3915,3.915000,602532.785948,-1303382.399302,-700849.613353,2.955322e-02,-2358.475819,-54.930516,418.045630,0.223,5.122,0.025,0.000,0.000,0.000
3916,3.916000,602564.491173,-1303414.495214,-700850.004042,2.955268e-02,-2358.401442,-54.990066,418.641626,0.200,7.634,0.020,0.000,0.000,0.000
3917,3.917000,602597.074794,-1303446.941554,-700849.866760,2.955287e-02,-2358.514365,-54.740742,418.748090,0.215,8.971,0.021,0.000,0.000,0.000
3918,3.918000,602629.931722,-1303479.667212,-700849.735490,2.955305e-02,-2358.397954,-54.668694,419.342163,0.201,3.873,0.023,0.000,0.000,0.000
3919,3.919000,602663.012440,-1303512.552473,-700849.540033,2.955332e-02,-2358.107539,-55.058030,420.599036,0.208,5.197,0.025,0.000,0.000,0.000
3920,3.920000,602693.002247,-1303545.615126,-700852.612879,2.954907e-02,-2356.038172,-55.325970,420.182634,0.204,5.206,0.023,0.000,0.000,0.000
3921,3.921000,602719.223077,-1303577.785306,-700858.562230,2.954083e-02,-2353.864261,-55.912375,417.222409,0.223,6.386,0.023,0.000,0.000,0.000
3922,3.922000,602746.219840,-1303609.392774,-700863.172934,2.953445e-02,-2353.292838,-56.686848,412.866669,0.197,9.994,0.018,0.000,0.000,0.000
3923,3.923000,602775.400232,-1303640.642278,-700865.242046,2.953158e-02,-2353.080398,-56.451108,409.713325,0.214,10.246,0.022,0.000,0.000,0.000
3924,3.924000,602806.042662,-1303672.067002,-700866.024341,2.953050e-02,-2353.444047,-55.784788,408.842206,0.209,3.909,0.021,0.000,0.000,0.000
3925,3.925000,602837.397010,-1303703.573452,-700866.176442,2.953029e-02,-2353.615378,-55.332370,408.285131,0.190,5.116,0.021,0.000,0.000,0.000
3926,3.926000,602869.397217,-1303735.273271,-700865.876053,2.953070e-02,-2353.607279,-55.104887,407.942162,0.220,5.200,0.025,0.000,0.000,0.000
3927,3.927000,602900.587543,-1303767.073059,-700866.485516,2.952986e-02,-2353.302174,-55.324986,408.115264,0.201,6.386,0.024,0.000,0.000,0.000
3928,3.928000,602931.787692,-1303799.031227,-700867.243535,2.952881e-02,-2353.325699,-55.423019,408.034815,0.202,10.243,0.024,0.000,0.000,0.000
3929,3.929000,602963.350617,-1303831.139550,-700867.788933,2.952805e-02,-2353.345744,-55.176044,407.795765,0.219,3.882,0.028,0.000,0.000,0.000
3930,3.930000,602995.472513,-1303863.404378,-700867.931865,2.952786e-02,-2353.202521,-54.949144,407.456175,0.192,8.933,0.022,0.000,0.000,0.000
3931,3.931000,603028.903786,-1303895.895136,-700866.991350,2.952916e-02,-2354.094154,-54.594562,406.747218,0.215,3.948,0.027,0.000,0.000,0.000
3932,3.932000,603063.008328,-1303928.564997,-700865.556669,2.953115e-02,-2354.746458,-54.248290,406.047946,0.196,8.972,0.020,0.000,0.000,0.000
3933,3.933000,603096.506224,-1303961.493002,-700864.986778,2.953193e-02,-2354.438259,-54.243049,404.842406,0.195,3.868,0.021,0.000,0.000,0.000
3934,3.934000,603129.998461,-1303994.491099,-700864.492638,2.953262e-02,-2354.279298,-54.387844,404.289070,0.190,9.912,0.021,0.000,0.000,0.000
3935,3.935000,603165.038938,-1304027.508642,-700862.469705,2.953542e-02,-2354.442564,-54.585023,405.414881,0.186,5.208,0.019,0.000,0.000,0.000
3936,3.936000,603200.842941,-1304060.662043,-700859.819103,2.953909e-02,-2354.532403,-54.676014,405.522423,0.189,8.876,0.020,0.000,0.000,0.000
3937,3.937000,603232.683300,-1304093.907633,-700861.224332,2.953714e-02,-2353.190098,-54.275420,401.724937,0.186,6.468,0.021,0.000,0.000,0.000
3938,3.938000,603263.395907,-1304126.278204,-700862.882297,2.953485e-02,-2351.913487,-54.026604,398.732298,0.216,7.644,0.021,0.000,0.000,0.000
3939,3.939000,603296.341048,-1304158.753680,-700862.412631,2.953550e-02,-2351.466118,-54.229032,398.361297,0.209,3.939,0.019,0.000,0.000,0.000
3940,3.940000,603325.008740,-1304191.358946,-700866.350206,2.953005e-02,-2350.177427,-54.719833,397.227177,0.193,10.236,0.019,0.000,0.000,0.000
3941,3.941000,603354.357214,-1304223.311662,-700868.954447,2.952644e-02,-2349.204358,-54.988604,396.266703,0.211,10.244,0.026,0.000,0.000,0.000
3942,3.942000,603388.603618,-1304255.521738,-700866.918120,2.952926e-02,-2348.777371,-54.604286,396.297628,0.235,3.849,0.066,0.000,0.000,0.000
3943,3.943000,603423.583252,-1304288.094024,-700864.510772,2.953259e-02,-2348.558822,-54.410307,396.509064,0.205,5.163,0.031,0.000,0.000,0.000
3944,3.944000,603458.944048,-1304321.157898,-700862.213850,2.953577e-02,-2348.065437,-54.508326,397.172665,0.195,5.223,0.022,0.000,0.000,0.000
3945,3.945000,603494.385420,-1304354.429311,-700860.043890,2.953878e-02,-2347.451504,-54.741650,398.770565,0.196,6.373,0.021,0.000,0.000,0.000
3946,3.946000,603530.174941,-1304387.939746,-700857.764806,2.954193e-02,-2347.542832,-54.713297,399.596636,0.197,10.160,0.019,0.000,0.000,0.000
3947,3.947000,603566.527163,-1304421.819159,-700855.291996,2.954536e-02,-2347.430498,-54.483893,399.248356,0.212,5.121,0.027,0.000,0.000,0.000
3948,3.948000,603603.220346,-1304455.932846,-700852.712500,2.954893e-02,-2347.180165,-54.363127,398.769096,0.192,6.296,0.020,0.000,0.000,0.000
3949,3.949000,603638.855886,-1304490.391964,-700851.536078,2.955056e-02,-2347.016377,-54.347091,397.522263,0.192,6.469,0.022,0.000,0.000,0.000
3950,3.950000,603669.697756,-1304524.945560,-700855.247805,2.954542e-02,-2346.304924,-54.864135,393.561562,0.183,7.707,0.020,0.000,0.000,0.000
3951,3.951000,603696.098874,-1304558.870839,-700862.771965,2.953500e-02,-2345.273860,-55.867460,387.628156,0.182,8.948,0.019,0.000,0.000,0.000
3952,3.952000,603726.398470,-1304592.236969,-700865.838499,2.953076e-02,-2344.652048,-56.466446,383.919878,0.190,3.854,0.021,0.000,0.000,0.000
3953,3.953000,603761.330813,-1304625.885277,-700864.554464,2.953253e-02,-2344.612427,-56.598635,382.967850,0.192,10.247,0.020,0.000,0.000,0.000
3954,3.954000,603795.960150,-1304659.620912,-700863.660763,2.953377e-02,-2344.818295,-56.663981,382.136878,0.182,10.240,0.024,0.000,0.000,0.000
3955,3.955000,603830.964143,-1304693.471238,-700862.507096,2.953537e-02,-2344.586510,-56.755138,381.418996,0.195,3.849,0.021,0.000,0.000,0.000
3956,3.956000,603866.286650,-1304727.391847,-700861.105197,2.953731e-02,-2344.074154,-57.064365,380.375402,0.180,8.898,0.022,0.000,0.000,0.000
3957,3.957000,603901.755531,-1304761.421870,-700859.666339,2.953930e-02,-2344.136745,-57.219918,378.885898,0.183,7.709,0.023,0.000,0.000,0.000
3958,3.958000,603937.997272,-1304795.563193,-700857.565921,2.954221e-02,-2344.524663,-57.663903,378.111875,0.188,3.927,0.027,0.000,0.000,0.000
3959,3.959000,603974.296332,-1304829.878741,-700855.582408,2.954496e-02,-2345.375901,-58.004692,378.042109,0.190,8.831,0.026,0.000,0.000,0.000
3960,3.960000,604009.753663,-1304864.145556,-700854.391894,2.954661e-02,-2345.666857,-58.039758,377.494409,0.239,3.937,0.024,0.000,0.000,0.000
3961,3.961000,604045.234954,-1304898.453960,-700853.219007,2.954823e-02,-2345.547380,-58.176848,376.771045,0.237,5.132,0.026,0.000,0.000,0.000
3962,3.962000,604081.171798,-1304932.774521,-700851.602723,2.955047e-02,-2346.039721,-58.145197,375.996666,0.231,5.131,0.022,0.000,0.000,0.000
3963,3.963000,604116.944070,-1304967.177312,-700850.233242,2.955236e-02,-2346.366909,-58.379430,375.589240,0.207,6.379,0.021,0.000,0.000,0.000
3964,3.964000,604152.084233,-1305001.379550,-700849.295316,2.955366e-02,-2346.333710,-59.005808,375.170066,0.202,10.227,0.020,0.000,0.000,0.000
3965,3.965000,604187.612545,-1305035.597312,-700847.984768,2.955548e-02,-2346.830854,-59.383492,374.074440,0.195,5.132,0.022,0.000,0.000,0.000
3966,3.966000,604223.036869,-1305069.819596,-700846.782727,2.955714e-02,-2348.569089,-59.138678,373.272599,0.200,5.191,0.023,0.000,0.000,0.000
3967,3.967000,604257.922672,-1305103.937923,-700846.015251,2.955820e-02,-2349.848046,-58.881156,372.721028,0.227,6.497,0.021,0.000,0.000,0.000
3968,3.968000,604292.970152,-1305138.025469,-700845.055318,2.955953e-02,-2349.993916,-58.660571,372.118783,0.209,7.646,0.024,0.000,0.000,0.000
3969,3.969000,604328.581099,-1305172.132572,-700843.551473,2.956162e-02,-2350.210076,-58.370278,371.497607,0.191,9.011,0.020,0.000,0.000,0.000
3970,3.970000,604364.448617,-1305206.278662,-700841.830045,2.956400e-02,-2350.519636,-58.096054,371.221009,0.208,3.861,0.027,0.000,0.000,0.000
3971,3.971000,604399.296964,-1305240.680974,-700841.384010,2.956462e-02,-2350.712709,-57.626809,370.507023,0.196,10.238,0.020,0.000,0.000,0.000
3972,3.972000,604433.231351,-1305275.110124,-700841.878773,2.956393e-02,-2350.255711,-57.068479,370.261107,0.196,10.262,0.021,0.000,0.000,0.000
3973,3.973000,604468.418740,-1305309.717338,-700841.298598,2.956474e-02,-2349.665785,-56.973425,370.394690,0.229,3.870,0.031,0.000,0.000,0.000
3974,3.974000,604501.518339,-1305344.575141,-700843.056802,2.956230e-02,-2348.824067,-57.524980,368.122769,0.197,7.641,0.019,0.000,0.000,0.000
3975,3.975000,604534.046609,-1305379.053068,-700845.006458,2.955960e-02,-2347.995801,-58.063363,365.764229,0.196,3.956,0.022,0.000,0.000,0.000
3976,3.976000,604569.976730,-1305413.829815,-700843.853086,2.956120e-02,-2347.735202,-58.006336,365.781832,0.185,8.984,0.020,0.000,0.000,0.000
3977,3.977000,604606.328355,-1305448.838693,-700842.510339,2.956306e-02,-2347.066998,-57.803195,366.626487,0.186,3.942,0.023,0.000,0.000,0.000
3978,3.978000,604642.993026,-1305484.116077,-700841.123051,2.956498e-02,-2346.096501,-57.950387,367.123555,0.200,5.144,0.019,0.000,0.000,0.000
3979,3.979000,604680.117779,-1305519.609698,-700839.491919,2.956724e-02,-2345.879831,-58.176860,367.560608,0.184,5.100,0.022,0.000,0.000,0.000
3980,3.980000,604718.190755,-1305555.433739,-700837.242984,2.957035e-02,-2346.174745,-58.273503,368.115490,0.180,6.374,0.018,0.000,0.000,0.000
3981,3.981000,604756.227910,-1305591.600053,-700835.372143,2.957294e-02,-2346.174187,-58.366069,368.573541,0.178,10.166,0.019,0.000,0.000,0.000
3982,3.982000,604794.081112,-1305628.072854,-700833.991742,2.957485e-02,-2346.083833,-58.192066,369.187215,0.287,5.195,0.026,0.000,0.000,0.000
3983,3.983000,604828.503174,-1305664.756884,-700836.253710,2.957172e-02,-2345.567302,-58.495323,367.777834,0.209,5.174,0.021,0.000,0.000,0.000
3984,3.984000,604862.641792,-1305701.095068,-700838.453276,2.956868e-02,-2344.900688,-59.125361,366.381039,0.191,5.122,0.026,0.000,0.000,0.000
3985,3.985000,604900.650673,-1305737.670303,-700837.019630,2.957066e-02,-2344.192175,-59.228689,366.652030,0.197,7.652,0.021,0.000,0.000,0.000
3986,3.986000,604938.284659,-1305774.394175,-700836.109516,2.957192e-02,-2343.643450,-59.157634,366.992570,0.209,8.815,0.022,0.000,0.000,0.000
3987,3.987000,604972.822881,-1305811.185397,-700838.362516,2.956880e-02,-2343.191030,-59.519737,365.832405,0.192,3.872,0.021,0.000,0.000,0.000
3988,3.988000,605004.949433,-1305847.724273,-700842.774840,2.956269e-02,-2344.075506,-60.130235,363.497186,0.196,5.123,0.021,0.000,0.000,0.000
3989,3.989000,605040.912954,-1305883.794762,-700842.881808,2.956254e-02,-2347.026694,-60.472303,364.147038,0.190,5.210,0.023,0.000,0.000,0.000
3990,3.990000,605080.377898,-1305919.903179,-700839.525280,2.956719e-02,-2349.307084,-61.284065,365.964024,0.191,6.398,0.020,0.000,0.000,0.000
3991,3.991000,605119.818989,-1305956.265033,-700836.446045,2.957145e-02,-2350.135824,-62.496726,367.008908,0.193,10.227,0.018,0.000,0.000,0.000
3992,3.992000,605159.146229,-1305992.778686,-700833.632457,2.957535e-02,-2350.391656,-63.172512,368.222385,0.191,10.207,0.020,0.000,0.000,0.000
3993,3.993000,605197.094426,-1306029.464543,-700832.370117,2.957710e-02,-2350.625574,-63.789384,369.203630,0.192,5.241,0.022,0.000,0.000,0.000
3994,3.994000,605232.025513,-1306066.167004,-700834.141491,2.957465e-02,-2351.621238,-64.684183,367.364316,0.191,5.120,0.023,0.000,0.000,0.000
3995,3.995000,605267.462423,-1306102.147508,-700834.685085,2.957389e-02,-2352.432994,-65.389654,364.673673,0.186,6.472,0.017,0.000,0.000,0.000
3996,3.996000,605301.672671,-1306138.309462,-700836.636790,2.957119e-02,-2352.786920,-66.184918,362.752774,0.205,6.375,0.019,0.000,0.000,0.000
3997,3.997000,605336.150617,-1306173.929597,-700837.778979,2.956961e-02,-2353.648317,-67.130429,361.573973,0.180,3.866,0.018,0.000,0.000,0.000
3998,3.998000,605373.927244,-1306209.801726,-700835.874482,2.957225e-02,-2354.408560,-67.907652,361.780528,0.179,10.256,0.018,0.000,0.000,0.000
3999,3.999000,605410.249415,-1306245.865070,-700835.615654,2.957260e-02,-2354.410259,-68.615543,361.579049,0.179,10.273,0.019,0.000,0.000,0.000
4000,4.000000,605447.470048,-1306281.966349,-700834.496301,2.957415e-02,-2354.288363,-69.656296,361.958621,0.184,10.229,0.019,0.000,0.000,0.000
4001,4.001000,605485.992258,-1306318.331666,-700832.339408,2.957714e-02,-2354.398681,-70.486993,362.327005,0.239,3.933,0.026,0.000,0.000,0.000
4002,4.002000,605519.654718,-1306354.839686,-700835.184968,2.957320e-02,-2354.145184,-71.308116,360.152668,0.227,8.904,0.022,0.000,0.000,0.000
4003,4.003000,605552.962612,-1306390.928709,-700837.966097,2.956935e-02,-2353.827327,-72.016410,357.579625,0.219,3.947,0.027,0.000,0.000,0.000
4004,4.004000,605586.622220,-1306427.247009,-700840.624788,2.956567e-02,-2353.434929,-72.835003,354.814945,0.208,8.983,0.019,0.000,0.000,0.000
4005,4.005000,605619.635366,-1306463.083399,-700843.448033,2.956176e-02,-2353.136574,-73.620601,352.253745,0.196,3.918,0.020,0.000,0.000,0.000
4006,4.006000,605657.579791,-1306499.030947,-700841.451156,2.956452e-02,-2353.348606,-74.065833,351.073645,0.196,10.198,0.020,0.000,0.000,0.000
4007,4.007000,605691.044802,-1306534.756511,-700843.711710,2.956139e-02,-2353.077794,-75.262991,348.127379,0.189,10.202,0.018,0.000,0.000,0.000
4008,4.008000,605720.905360,-1306569.951235,-700849.045874,2.955401e-02,-2352.460121,-76.806088,344.083031,0.220,3.864,0.022,0.000,0.000,0.000
4009,4.009000,605751.252677,-1306604.724741,-700853.472064,2.954788e-02,-2351.976593,-78.378494,340.094913,0.199,9.018,0.021,0.000,0.000,0.000
4010,4.010000,605780.749480,-1306638.935701,-700858.186221,2.954135e-02,-2351.267163,-79.962753,336.103464,0.202,3.950,0.030,0.000,0.000,0.000
4011,4.011000,605813.509455,-1306672.601093,-700859.091639,2.954010e-02,-2351.005300,-81.088708,333.882770,0.189,8.889,0.023,0.000,0.000,0.000
4012,4.012000,605849.975929,-1306706.266872,-700856.290942,2.954398e-02,-2351.087875,-81.865762,333.718605,0.199,3.699,0.019,0.000,0.000,0.000
4013,4.013000,605886.469731,-1306740.020418,-700853.550687,2.954777e-02,-2351.351391,-82.621305,333.192768,0.196,10.041,0.019,0.000,0.000,0.000
4014,4.014000,605923.014380,-1306773.636690,-700850.622310,2.955182e-02,-2351.519192,-83.237812,332.581349,0.225,5.136,0.029,0.000,0.000,0.000
4015,4.015000,605959.684194,-1306807.328035,-700847.643841,2.955595e-02,-2351.285827,-83.952502,332.387992,0.243,9.017,0.029,0.000,0.000,0.000
4016,4.016000,605996.907437,-1306841.076496,-700844.169059,2.956076e-02,-2351.320146,-84.690369,331.888405,0.221,7.754,0.021,0.000,0.000,0.000
4017,4.017000,606034.937160,-1306874.945704,-700840.008544,2.956652e-02,-2351.633853,-85.264835,331.379583,0.207,3.850,0.019,0.000,0.000,0.000
4018,4.018000,606072.686815,-1306908.918289,-700836.231474,2.957175e-02,-2351.540037,-85.572645,331.598546,0.228,8.915,0.021,0.000,0.000,0.000
4019,4.019000,606109.543947,-1306943.028859,-700833.484912,2.957555e-02,-2351.253333,-85.932019,331.795823,0.211,3.926,0.018,0.000,0.000,0.000
4020,4.020000,606145.941930,-1306977.251111,-700831.309181,2.957857e-02,-2351.121562,-86.675612,331.400195,0.204,8.979,0.024,0.000,0.000,0.000
4021,4.021000,606182.639386,-1307011.523624,-700828.884238,2.958193e-02,-2350.631239,-87.494518,330.966624,0.202,3.855,0.018,0.000,0.000,0.000
4022,4.022000,606220.082988,-1307045.895370,-700825.812381,2.958618e-02,-2349.950622,-88.411117,330.687614,0.206,7.673,0.019,0.000,0.000,0.000
4023,4.023000,606257.931722,-1307080.449031,-700822.517310,2.959074e-02,-2349.744154,-89.138172,330.637459,0.225,3.883,0.023,0.000,0.000,0.000
4024,4.024000,606295.360736,-1307115.266384,-700819.905649,2.959436e-02,-2349.748185,-89.798062,330.636029,0.207,9.967,0.017,0.000,0.000,0.000
4025,4.025000,606332.426220,-1307150.287287,-700817.861066,2.959719e-02,-2349.585223,-90.281287,330.209000,0.202,3.855,0.017,0.000,0.000,0.000
4026,4.026000,606369.878888,-1307185.574786,-700815.695898,2.960019e-02,-2349.683979,-90.970027,329.217579,0.193,8.919,0.018,0.000,0.000,0.000
4027,4.027000,606407.354294,-1307221.069407,-700813.715113,2.960293e-02,-2349.338422,-91.819149,328.278647,0.202,3.942,0.018,0.000,0.000,0.000
4028,4.028000,606445.276961,-1307256.763440,-700811.486479,2.960602e-02,-2348.621002,-92.076840,327.907019,0.194,8.978,0.020,0.000,0.000,0.000
4029,4.029000,606483.588083,-1307292.805598,-700809.217515,2.960916e-02,-2348.325554,-92.290045,327.384362,0.200,3.725,0.019,0.000,0.000,0.000
4030,4.030000,606521.906609,-1307329.084792,-700807.178182,2.961198e-02,-2348.168659,-92.542546,326.610579,0.194,5.130,0.022,0.000,0.000,0.000
4031,4.031000,606560.648961,-1307365.732520,-700805.083560,2.961488e-02,-2347.857933,-92.948536,326.089524,0.186,5.224,0.019,0.000,0.000,0.000
4032,4.032000,606599.564625,-1307402.691363,-700803.126738,2.961759e-02,-2347.389158,-93.419271,325.504115,0.186,6.386,0.019,0.000,0.000,0.000
4033,4.033000,606638.303198,-1307440.071780,-700801.768582,2.961947e-02,-2347.187582,-93.827072,324.815003,0.182,10.273,0.021,0.000,0.000,0.000
4034,4.034000,606677.443072,-1307477.817703,-700800.374631,2.962140e-02,-2347.207293,-94.205355,324.184738,0.223,8.912,0.025,0.000,0.000,0.000
4035,4.035000,606717.227558,-1307515.977388,-700798.749830,2.962365e-02,-2347.057625,-94.353796,323.661358,0.234,3.856,0.021,0.000,0.000,0.000
4036,4.036000,606756.995057,-1307554.582612,-700797.587555,2.962526e-02,-2347.044615,-94.885166,322.893243,0.187,5.202,0.020,0.000,0.000,0.000
4037,4.037000,606797.123910,-1307593.471405,-700796.347495,2.962698e-02,-2347.101023,-95.641818,321.766804,0.190,5.197,0.019,0.000,0.000,0.000
4038,4.038000,606837.574268,-1307632.635859,-700795.061591,2.962876e-02,-2346.945436,-96.217184,320.791936,0.205,6.421,0.021,0.000,0.000,0.000
4039,4.039000,606876.346449,-1307672.138169,-700795.791721,2.962775e-02,-2347.116291,-97.948881,319.786679,0.194,10.249,0.026,0.000,0.000,0.000
4040,4.040000,606915.048819,-1307711.392097,-700796.343278,2.962698e-02,-2347.331124,-99.480694,318.826231,0.200,9.956,0.025,0.000,0.000,0.000
4041,4.041000,606956.632619,-1307751.023058,-700794.390440,2.962969e-02,-2347.237280,-99.749153,318.412053,0.194,10.103,0.020,0.000,0.000,0.000
4042,4.042000,606997.879229,-1307791.090273,-700793.211044,2.963132e-02,-2347.601464,-100.402561,317.912454,0.237,3.890,0.026,0.000,0.000,0.000
4043,4.043000,607037.661306,-1307831.016251,-700793.354946,2.963112e-02,-2348.502367,-101.514474,317.246588,0.250,5.123,0.024,0.000,0.000,0.000
4044,4.044000,607077.200328,-1307870.778108,-700793.577779,2.963081e-02,-2349.002761,-102.807893,316.279191,0.232,5.065,0.023,0.000,0.000,0.000
4045,4.045000,607118.717035,-1307910.489944,-700791.772909,2.963331e-02,-2349.647406,-103.741860,315.730397,0.215,5.994,0.021,0.000,0.000,0.000
4046,4.046000,607161.468672,-1307950.478248,-700789.009577,2.963714e-02,-2350.692637,-104.658690,315.610249,0.214,8.972,0.019,0.000,0.000,0.000
4047,4.047000,607203.712530,-1307990.275542,-700786.563012,2.964053e-02,-2351.228312,-105.496763,315.322037,0.203,10.210,0.019,0.000,0.000,0.000
4048,4.048000,607247.174176,-1308030.468095,-700783.293919,2.964505e-02,-2351.274693,-105.819298,315.236804,0.204,10.165,0.020,0.000,0.000,0.000
4049,4.049000,607290.939184,-1308071.180845,-700780.241662,2.964928e-02,-2351.536738,-106.198799,314.864632,0.250,3.854,0.023,0.000,0.000,0.000
4050,4.050000,607333.934228,-1308112.259116,-700778.324888,2.965193e-02,-2352.098406,-106.722032,314.437523,0.207,5.130,0.019,0.000,0.000,0.000
4051,4.051000,607377.065662,-1308153.687471,-700776.621810,2.965429e-02,-2352.421366,-107.244881,314.287791,0.204,5.196,0.064,0.000,0.000,0.000
4052,4.052000,607420.828554,-1308195.607618,-700774.779064,2.965684e-02,-2352.640123,-107.619651,314.175105,0.210,6.381,0.020,0.000,0.000,0.000
4053,4.053000,607465.134062,-1308238.022051,-700772.887989,2.965946e-02,-2352.944226,-108.082497,314.258321,0.216,10.252,0.021,0.000,0.000,0.000
4054,4.054000,607510.493596,-1308280.721483,-700770.227887,2.966314e-02,-2353.039534,-108.434319,314.365373,0.200,10.207,0.024,0.000,0.000,0.000
4055,4.055000,607556.265199,-1308323.918110,-700767.652911,2.966671e-02,-2352.985388,-108.732954,314.243274,0.207,5.180,0.019,0.000,0.000,0.000
4056,4.056000,607601.963439,-1308367.424678,-700765.461239,2.966975e-02,-2353.072362,-109.504811,314.015161,0.198,5.157,0.027,0.000,0.000,0.000
4057,4.057000,607647.990424,-1308410.993416,-700763.002992,2.967315e-02,-2353.313125,-110.520590,313.553419,0.186,5.125,0.021,0.000,0.000,0.000
4058,4.058000,607693.754556,-1308454.573170,-700760.818614,2.967617e-02,-2353.586099,-111.427671,313.060740,0.188,7.675,0.019,0.000,0.000,0.000
4059,4.059000,607738.243029,-1308498.242858,-700759.999829,2.967731e-02,-2354.913189,-112.396387,313.340131,0.202,3.867,0.018,0.000,0.000,0.000
4060,4.060000,607782.993706,-1308541.549006,-700758.555300,2.967931e-02,-2356.684199,-113.243440,313.928833,0.186,8.952,0.017,0.000,0.000,0.000
4061,4.061000,607829.264485,-1308584.836700,-700755.572215,2.968344e-02,-2357.314287,-113.968905,313.906650,0.193,8.992,0.018,0.000,0.000,0.000
4062,4.062000,607875.879912,-1308628.137758,-700752.257845,2.968803e-02,-2357.920698,-114.681426,313.874253,0.181,3.870,0.016,0.000,0.000,0.000
4063,4.063000,607922.199733,-1308671.342483,-700749.142750,2.969234e-02,-2358.814914,-115.160408,314.250653,0.180,8.942,0.023,0.000,0.000,0.000
4064,4.064000,607967.189094,-1308714.501991,-700747.312896,2.969487e-02,-2359.552009,-115.622572,314.214171,0.225,3.967,0.024,0.000,0.000,0.000
4065,4.065000,608011.606269,-1308757.237013,-700745.630745,2.969720e-02,-2360.504400,-116.176183,314.264577,0.206,8.958,0.019,0.000,0.000,0.000
4066,4.066000,608055.978612,-1308799.820555,-700743.841944,2.969968e-02,-2361.569270,-117.014841,314.347910,0.202,3.853,0.017,0.000,0.000,0.000
4067,4.067000,608099.589048,-1308841.941519,-700742.352471,2.970174e-02,-2362.654184,-118.300403,314.015747,0.188,8.974,0.017,0.000,0.000,0.000
4068,4.068000,608143.818418,-1308883.557079,-700739.738661,2.970536e-02,-2363.900306,-119.386311,314.123022,0.190,3.938,0.017,0.000,0.000,0.000
4069,4.069000,608188.102753,-1308925.007629,-700736.904876,2.970929e-02,-2364.974873,-120.048841,314.424992,0.195,8.960,0.018,0.000,0.000,0.000
4070,4.070000,608231.295877,-1308966.271761,-700734.975884,2.971196e-02,-2366.059546,-120.992467,314.863160,0.189,3.866,0.018,0.000,0.000,0.000
4071,4.071000,608274.524155,-1309007.478287,-700732.954132,2.971476e-02,-2367.193804,-121.780071,315.486613,0.187,5.104,0.017,0.000,0.000,0.000
4072,4.072000,608317.821675,-1309048.561352,-700730.739678,2.971782e-02,-2367.784284,-122.642354,315.321470,0.184,5.207,0.018,0.000,0.000,0.000
4073,4.073000,608360.789616,-1309089.242818,-700728.453201,2.972099e-02,-2367.834304,-124.265985,315.684454,0.181,6.406,0.017,0.000,0.000,0.000
4074,4.074000,608403.343267,-1309129.269948,-700725.926681,2.972449e-02,-2367.932040,-125.307345,316.522928,0.195,10.271,0.025,0.000,0.000,0.000
4075,4.075000,608445.573709,-1309169.423819,-700723.850110,2.972736e-02,-2367.935350,-125.927576,317.647229,0.206,10.157,0.018,0.000,0.000,0.000
4076,4.076000,608487.648433,-1309209.565649,-700721.917216,2.973004e-02,-2367.887333,-126.849285,318.716570,0.190,5.193,0.019,0.000,0.000,0.000
4077,4.077000,608530.114161,-1309249.825098,-700719.710937,2.973309e-02,-2368.004884,-127.613362,318.138872,0.181,5.118,0.020,0.000,0.000,0.000
4078,4.078000,608572.304081,-1309289.906036,-700717.601955,2.973601e-02,-2368.214791,-128.346118,317.596922,0.181,6.391,0.017,0.000,0.000,0.000
4079,4.079000,608614.093216,-1309330.162297,-700716.069081,2.973814e-02,-2368.668107,-129.272376,317.345730,0.192,7.743,0.017,0.000,0.000,0.000
4080,4.080000,608655.469897,-1309370.363756,-700714.893859,2.973976e-02,-2369.086850,-130.113299,316.887204,0.191,8.623,0.025,0.000,0.000,0.000
4081,4.081000,608697.809892,-1309410.784456,-700712.974564,2.974242e-02,-2369.527047,-130.609221,316.514510,0.192,3.935,0.023,0.000,0.000,0.000
4082,4.082000,608740.931184,-1309451.442438,-700710.511254,2.974583e-02,-2370.045207,-131.152478,316.296436,0.179,10.229,0.020,0.000,0.000,0.000
4083,4.083000,608784.404531,-1309492.330231,-700707.925699,2.974941e-02,-2370.415339,-131.861309,316.315304,0.182,10.157,0.020,0.000,0.000,0.000
4084,4.084000,608828.159984,-1309533.533302,-700705.373318,2.975295e-02,-2370.594157,-132.422799,316.447028,0.241,3.964,0.031,0.000,0.000,0.000
4085,4.085000,608872.010778,-1309575.019659,-700703.008882,2.975622e-02,-2370.702271,-132.898202,316.482114,0.228,9.001,0.022,0.000,0.000,0.000
4086,4.086000,608916.224302,-1309616.667200,-700700.442898,2.975977e-02,-2370.809919,-133.416174,316.484869,0.210,3.846,0.020,0.000,0.000,0.000
4087,4.087000,608960.327073,-1309658.515832,-700698.188759,2.976290e-02,-2370.888214,-133.851464,316.760192,0.197,8.910,0.019,0.000,0.000,0.000
4088,4.088000,609004.567510,-1309700.622478,-700696.054969,2.976585e-02,-2370.842541,-134.292547,317.064058,0.199,3.878,0.024,0.000,0.000,0.000
4089,4.089000,609049.601023,-1309742.887040,-700693.286017,2.976968e-02,-2370.923914,-134.799444,317.235587,0.200,9.962,0.020,0.000,0.000,0.000
4090,4.090000,609095.214705,-1309785.289737,-700690.075032,2.977413e-02,-2371.219182,-135.107118,317.584021,0.221,3.648,0.019,0.000,0.000,0.000
4091,4.091000,609141.057216,-1309827.928130,-700686.870914,2.977857e-02,-2371.281021,-135.259328,318.076655,0.200,7.654,0.020,0.000,0.000,0.000
4092,4.092000,609187.099093,-1309870.719623,-700683.620531,2.978307e-02,-2371.147007,-135.394040,318.343934,0.196,3.880,0.019,0.000,0.000,0.000
4093,4.093000,609233.830059,-1309913.631860,-700679.801801,2.978836e-02,-2371.506093,-135.370593,318.609391,0.235,10.258,0.020,0.000,0.000,0.000
4094,4.094000,609280.839763,-1309956.513805,-700675.674042,2.979407e-02,-2372.139659,-135.461293,318.902907,0.210,3.924,0.023,0.000,0.000,0.000
4095,4.095000,609327.644777,-1309999.365882,-700671.721105,2.979954e-02,-2372.584052,-135.674343,319.292157,0.200,5.137,0.020,0.000,0.000,0.000
4096,4.096000,609373.682492,-1310042.090004,-700668.407512,2.980413e-02,-2372.783519,-135.792125,319.859456,0.190,5.213,0.019,0.000,0.000,0.000
4097,4.097000,609418.535883,-1310084.641676,-700666.105792,2.980732e-02,-2372.502555,-136.101713,320.222759,0.191,6.142,0.020,0.000,0.000,0.000
4098,4.098000,609463.034998,-1310127.072083,-700664.037085,2.981018e-02,-2372.218351,-136.598440,320.354714,0.194,10.126,0.018,0.000,0.000,0.000
4099,4.099000,609507.570011,-1310169.344293,-700661.774282,2.981332e-02,-2372.382079,-136.955161,320.383403,0.188,10.222,0.019,0.000,0.000,0.000
4100,4.100000,609551.995272,-1310211.467911,-700659.472639,2.981650e-02,-2372.496817,-137.112940,320.402223,0.204,5.185,0.020,0.000,0.000,0.000
4101,4.101000,609595.830415,-1310253.470163,-700657.639747,2.981904e-02,-2372.116276,-137.337813,320.535370,0.191,6.321,0.023,0.000,0.000,0.000
4102,4.102000,609639.532384,-1310295.164552,-700655.632168,2.982182e-02,-2371.749685,-137.797236,320.890130,0.198,6.489,0.022,0.000,0.000,0.000
4103,4.103000,609683.633214,-1310336.650755,-700653.017540,2.982544e-02,-2371.574933,-138.316346,321.044777,0.179,7.721,0.025,0.000,0.000,0.000
4104,4.104000,609727.684326,-1310377.895373,-700650.211047,2.982933e-02,-2371.387856,-138.815022,321.032853,0.178,8.930,0.019,0.000,0.000,0.000
4105,4.105000,609771.744876,-1310418.886711,-700647.141836,2.983358e-02,-2371.705962,-139.091630,321.107189,0.235,3.883,0.030,0.000,0.000,0.000
4106,4.106000,609815.314761,-1310459.579584,-700644.264822,2.983756e-02,-2372.210730,-139.482841,320.867352,0.206,10.288,0.019,0.000,0.000,0.000
4107,4.107000,609858.022136,-1310499.650422,-700641.628286,2.984121e-02,-2372.236145,-140.240679,320.278819,0.205,10.239,0.020,0.000,0.000,0.000
4108,4.108000,609899.496398,-1310539.116246,-700639.619848,2.984399e-02,-2372.023334,-140.780584,320.015946,0.198,3.916,0.018,0.000,0.000,0.000
4109,4.109000,609940.613188,-1310578.336482,-700637.723294,2.984662e-02,-2372.078906,-141.003288,320.122144,0.246,5.142,0.028,0.000,0.000,0.000
4110,4.110000,609982.485598,-1310617.368134,-700634.882535,2.985055e-02,-2372.223105,-141.498884,319.786227,0.246,6.407,0.028,0.000,0.000,0.000
4111,4.111000,610023.332831,-1310655.807397,-700632.474566,2.985389e-02,-2372.069898,-141.957366,319.445837,0.284,7.530,0.043,0.000,0.000,0.000
4112,4.112000,610062.818563,-1310694.054946,-700631.236383,2.985560e-02,-2371.880548,-142.168212,319.608631,0.283,3.969,0.048,0.000,0.000,0.000
4113,4.113000,610101.882114,-1310732.145095,-700630.262981,2.985695e-02,-2371.834713,-142.501622,319.700003,0.251,8.981,0.030,0.000,0.000,0.000
4114,4.114000,610139.981974,-1310770.102335,-700630.120361,2.985715e-02,-2371.784129,-142.773617,319.704620,0.231,5.187,0.023,0.000,0.000,0.000
4115,4.115000,610177.633115,-1310807.991498,-700630.358383,2.985682e-02,-2371.478322,-143.047740,320.111062,0.213,5.128,0.024,0.000,0.000,0.000
4116,4.116000,610215.844766,-1310845.747710,-700629.902944,2.985745e-02,-2371.221238,-143.342632,320.807171,0.209,6.226,0.020,0.000,0.000,0.000
4117,4.117000,610254.532350,-1310883.409917,-700628.877567,2.985887e-02,-2371.230651,-143.602502,321.164010,0.231,7.672,0.030,0.000,0.000,0.000
4118,4.118000,610293.018437,-1310921.059908,-700628.041471,2.986003e-02,-2371.306036,-143.940483,321.235370,0.224,3.860,0.024,0.000,0.000,0.000
4119,4.119000,610331.554065,-1310958.701537,-700627.147472,2.986126e-02,-2371.741103,-144.288449,321.218972,0.230,10.176,0.024,0.000,0.000,0.000
4120,4.120000,610370.302997,-1310996.300608,-700625.997610,2.986286e-02,-2372.460274,-144.744327,321.510838,0.235,10.214,0.021,0.000,0.000,0.000
4121,4.121000,610409.272455,-1311034.032703,-700624.760248,2.986457e-02,-2372.775849,-145.182314,321.773774,0.215,10.236,0.022,0.000,0.000,0.000
4122,4.122000,610448.646979,-1311071.958999,-700623.312019,2.986658e-02,-2372.786786,-145.445962,321.791836,0.249,3.863,0.027,0.000,0.000,0.000
4123,4.123000,610488.348060,-1311110.164996,-700621.816937,2.986865e-02,-2372.701511,-145.798419,321.953945,0.204,5.192,0.018,0.000,0.000,0.000
4124,4.124000,610528.480201,-1311148.529819,-700620.049618,2.987109e-02,-2372.891363,-146.462095,322.129673,0.203,3.882,0.021,0.000,0.000,0.000
4125,4.125000,610568.657834,-1311187.042686,-700618.384852,2.987340e-02,-2373.590063,-147.439041,322.429292,0.201,6.264,0.018,0.000,0.000,0.000
4126,4.126000,610609.291561,-1311225.674987,-700616.383426,2.987617e-02,-2374.297106,-148.314096,322.749494,0.235,8.917,0.025,0.000,0.000,0.000
4127,4.127000,610650.728487,-1311264.574860,-700613.846373,2.987968e-02,-2375.133982,-149.190192,323.154333,0.210,8.951,0.021,0.000,0.000,0.000
4128,4.128000,610692.364300,-1311303.683986,-700611.319687,2.988318e-02,-2376.138634,-149.917954,323.506072,0.205,3.962,0.022,0.000,0.000,0.000
4129,4.129000,610733.626739,-1311343.004419,-700609.377680,2.988587e-02,-2376.555089,-150.336744,323.553775,0.231,7.653,0.020,0.000,0.000,0.000
4130,4.130000,610774.708424,-1311382.575420,-700607.866996,2.988796e-02,-2376.498928,-150.431317,323.771359,0.227,3.937,0.023,0.000,0.000,0.000
4131,4.131000,610816.332519,-1311422.417125,-700606.084606,2.989043e-02,-2376.554162,-150.369198,324.183581,0.219,10.250,0.029,0.000,0.000,0.000
4132,4.132000,610858.216838,-1311462.373577,-700604.156739,2.989310e-02,-2376.814391,-150.621073,324.487897,0.258,3.879,0.032,0.000,0.000,0.000
4133,4.133000,610900.774244,-1311502.586190,-700601.811946,2.989635e-02,-2377.410156,-151.162554,324.744267,0.196,8.858,0.022,0.000,0.000,0.000
4134,4.134000,610943.292258,-1311542.982033,-700599.689776,2.989928e-02,-2378.485837,-151.746320,324.921389,0.194,7.716,0.021,0.000,0.000,0.000
4135,4.135000,610985.070345,-1311583.486857,-700598.416513,2.990105e-02,-2379.282272,-152.005339,325.160259,0.192,3.849,0.019,0.000,0.000,0.000
4136,4.136000,611027.018577,-1311624.234552,-700597.215975,2.990271e-02,-2379.460191,-152.009710,325.295127,0.189,8.978,0.019,0.000,0.000,0.000
4137,4.137000,611069.227509,-1311665.234964,-700596.007455,2.990438e-02,-2379.985590,-151.957331,325.110395,0.186,3.907,0.024,0.000,0.000,0.000
4138,4.138000,611111.731712,-1311706.382638,-700594.650926,2.990626e-02,-2380.796350,-151.820597,324.968373,0.189,5.104,0.019,0.000,0.000,0.000
4139,4.139000,611154.257446,-1311747.695994,-700593.438549,2.990794e-02,-2381.332999,-151.541577,325.021124,0.190,4.976,0.019,0.000,0.000,0.000
4140,4.140000,611197.062817,-1311789.190089,-700592.127272,2.990976e-02,-2381.386798,-151.345940,325.151324,0.199,6.141,0.021,0.000,0.000,0.000
4141,4.141000,611240.596634,-1311831.024094,-700590.427460,2.991211e-02,-2381.792116,-151.196768,325.041567,0.222,10.172,0.022,0.000,0.000,0.000
4142,4.142000,611284.723415,-1311873.000993,-700588.277577,2.991509e-02,-2382.748018,-151.358514,324.761811,0.266,5.201,0.030,0.000,0.000,0.000
4143,4.143000,611329.385211,-1311915.218479,-700585.833268,2.991847e-02,-2383.696603,-151.707054,324.672459,0.220,5.125,0.025,0.000,0.000,0.000
4144,4.144000,611373.818610,-1311957.619912,-700583.801302,2.992128e-02,-2384.675679,-151.500515,324.687265,0.212,5.118,0.020,0.000,0.000,0.000
4145,4.145000,611418.289191,-1312000.155606,-700581.866414,2.992396e-02,-2385.338996,-151.097871,324.701354,0.197,7.637,0.019,0.000,0.000,0.000
4146,4.146000,611463.560103,-1312042.885748,-700579.325644,2.992748e-02,-2385.522325,-150.847660,324.725350,0.244,3.889,0.032,0.000,0.000,0.000
4147,4.147000,611509.139837,-1312085.884182,-700576.744345,2.993106e-02,-2386.337232,-150.698949,324.707021,0.216,9.015,0.019,0.000,0.000,0.000
4148,4.148000,611554.014847,-1312128.874130,-700574.859283,2.993367e-02,-2388.556456,-150.411830,324.186538,0.213,8.929,0.022,0.000,0.000,0.000
4149,4.149000,611598.896639,-1312171.835522,-700572.938883,2.993633e-02,-2390.419970,-150.027041,323.599340,0.205,3.949,0.028,0.000,0.000,0.000
4150,4.150000,611644.856147,-1312215.043849,-700570.187702,2.994013e-02,-2391.909148,-150.454884,323.424823,0.204,7.567,0.020,0.000,0.000,0.000
4151,4.151000,611690.955679,-1312258.205455,-700567.249776,2.994420e-02,-2392.816402,-151.100848,323.019544,0.208,3.872,0.020,0.000,0.000,0.000
4152,4.152000,611736.852951,-1312301.636648,-700564.783697,2.994762e-02,-2393.220798,-151.138688,322.477195,0.200,10.173,0.021,0.000,0.000,0.000
4153,4.153000,611782.845445,-1312345.088189,-700562.242744,2.995114e-02,-2393.501453,-151.080726,322.313430,0.208,5.191,0.024,0.000,0.000,0.000
4154,4.154000,611829.367974,-1312388.850103,-700559.482130,2.995496e-02,-2393.677844,-150.991570,322.072322,0.202,8.763,0.020,0.000,0.000,0.000
4155,4.155000,611875.360222,-1312432.577145,-700557.216923,2.995810e-02,-2393.562043,-151.025567,321.479814,0.186,7.737,0.024,0.000,0.000,0.000
4156,4.156000,611921.066301,-1312476.345953,-700555.279653,2.996078e-02,-2392.929871,-150.978955,321.010961,0.192,3.950,0.020,0.000,0.000,0.000
4157,4.157000,611966.860772,-1312520.240283,-700553.379512,2.996341e-02,-2392.556617,-150.661574,321.022439,0.201,8.981,0.023,0.000,0.000,0.000
4158,4.158000,612012.732300,-1312564.196528,-700551.464229,2.996606e-02,-2392.846722,-150.470391,320.965079,0.193,3.853,0.021,0.000,0.000,0.000
4159,4.159000,612058.138443,-1312607.895012,-700549.756569,2.996843e-02,-2393.253785,-150.431474,320.789945,0.196,5.141,0.020,0.000,0.000,0.000
4160,4.160000,612103.325943,-1312651.582382,-700548.256439,2.997050e-02,-2393.322211,-149.873405,321.267128,0.194,5.105,0.018,0.000,0.000,0.000
4161,4.161000,612148.470700,-1312694.883156,-700546.412455,2.997306e-02,-2393.443003,-149.133809,321.400224,0.186,6.388,0.019,0.000,0.000,0.000
4162,4.162000,612194.021397,-1312738.233623,-700544.212226,2.997610e-02,-2393.699951,-148.752174,321.184943,0.183,10.143,0.018,0.000,0.000,0.000
4163,4.163000,612239.566661,-1312781.468692,-700541.902031,2.997930e-02,-2393.743356,-148.265323,321.379871,0.207,5.173,0.024,0.000,0.000,0.000
4164,4.164000,612284.497911,-1312824.831348,-700540.333436,2.998147e-02,-2393.742436,-148.234035,321.607180,0.187,5.196,0.023,0.000,0.000,0.000
4165,4.165000,612328.376957,-1312868.195611,-700539.818654,2.998219e-02,-2393.598962,-148.503528,321.933044,0.194,5.125,0.023,0.000,0.000,0.000
4166,4.166000,612372.182898,-1312911.534252,-700539.351354,2.998283e-02,-2392.865021,-148.455330,322.185913,0.223,7.658,0.024,0.000,0.000,0.000
4167,4.167000,612416.853058,-1312955.027326,-700538.174268,2.998446e-02,-2392.316423,-148.075392,322.531098,0.259,3.895,0.023,0.000,0.000,0.000
4168,4.168000,612461.274506,-1312998.769058,-700537.494553,2.998540e-02,-2391.794615,-147.742087,322.929819,0.220,8.965,0.019,0.000,0.000,0.000
4169,4.169000,612505.105627,-1313042.738845,-700537.633218,2.998521e-02,-2391.018110,-147.840442,323.012759,0.208,9.008,0.020,0.000,0.000,0.000
4170,4.170000,612549.934222,-1313086.986313,-700537.052091,2.998602e-02,-2390.116348,-147.636052,323.101165,0.195,3.945,0.020,0.000,0.000,0.000
4171,4.171000,612595.183246,-1313131.530743,-700536.347497,2.998699e-02,-2389.222035,-147.402956,323.208525,0.199,8.704,0.018,0.000,0.000,0.000
4172,4.172000,612640.180556,-1313176.212617,-700536.032061,2.998743e-02,-2388.422299,-147.723640,322.970716,0.256,3.939,0.022,0.000,0.000,0.000
4173,4.173000,612685.875764,-1313221.167202,-700535.291438,2.998845e-02,-2387.468687,-147.983068,322.843237,0.207,10.264,0.018,0.000,0.000,0.000
4174,4.174000,612732.186263,-1313266.315358,-700534.129095,2.999006e-02,-2385.565465,-148.805448,322.768295,0.254,3.858,0.026,0.000,0.000,0.000
4175,4.175000,612778.167097,-1313311.449279,-700533.282182,2.999124e-02,-2383.972561,-150.016110,322.359855,0.198,8.934,0.019,0.000,0.000,0.000
4176,4.176000,612823.822689,-1313356.688744,-700532.866054,2.999181e-02,-2382.622090,-151.736930,321.605895,0.206,7.747,0.027,0.000,0.000,0.000
4177,4.177000,612869.089978,-1313401.860321,-700532.770343,2.999195e-02,-2380.495775,-154.318563,320.476066,0.198,3.957,0.022,0.000,0.000,0.000
4178,4.178000,612913.491264,-1313446.902131,-700533.410867,2.999106e-02,-2378.459986,-158.424712,318.371974,0.201,9.008,0.023,0.000,0.000,0.000
4179,4.179000,612958.363111,-1313491.416990,-700533.053879,2.999155e-02,-2377.716897,-161.182851,316.639687,0.188,3.936,0.020,0.000,0.000,0.000
4180,4.180000,613004.844733,-1313536.050914,-700531.206181,2.999411e-02,-2378.290230,-162.026746,316.057763,0.192,5.128,0.020,0.000,0.000,0.000
4181,4.181000,613050.876402,-1313580.364912,-700529.488510,2.999649e-02,-2377.666000,-163.997410,315.739387,0.192,5.192,0.021,0.000,0.000,0.000
4182,4.182000,613096.026969,-1313624.421952,-700528.394983,2.999800e-02,-2376.540434,-165.503654,315.596378,0.229,6.385,0.019,0.000,0.000,0.000
4183,4.183000,613141.615168,-1313668.269557,-700526.654388,3.000041e-02,-2375.411709,-166.974131,315.246545,0.197,8.959,0.020,0.000,0.000,0.000
4184,4.184000,613187.422176,-1313711.912058,-700524.489882,3.000341e-02,-2373.471266,-170.461859,313.445703,0.197,10.240,0.019,0.000,0.000,0.000
4185,4.185000,613231.968105,-1313755.039341,-700523.071237,3.000538e-02,-2372.667030,-172.803314,311.953768,0.285,3.909,0.055,0.000,0.000,0.000
4186,4.186000,613275.784219,-1313798.180763,-700522.396543,3.000631e-02,-2372.840010,-174.469831,310.752964,0.291,6.214,0.054,0.000,0.000,0.000
4187,4.187000,613318.573932,-1313841.058903,-700522.484970,3.000619e-02,-2372.442413,-176.704151,309.200581,0.304,6.374,0.044,0.000,0.000,0.000
4188,4.188000,613362.020141,-1313883.851193,-700521.831053,3.000709e-02,-2371.931382,-177.058138,308.889847,0.243,7.646,0.025,0.000,0.000,0.000
4189,4.189000,613405.622615,-1313926.718853,-700521.096238,3.000811e-02,-2371.478129,-177.442365,308.584494,0.222,3.925,0.022,0.000,0.000,0.000
4190,4.190000,613449.225969,-1313969.524576,-700520.298607,3.000921e-02,-2371.356021,-178.072868,308.684334,0.218,8.803,0.021,0.000,0.000,0.000
4191,4.191000,613493.773406,-1314012.367664,-700518.594258,3.001157e-02,-2371.515225,-178.497755,308.927230,0.252,8.993,0.021,0.000,0.000,0.000
4192,4.192000,613538.347721,-1314055.188462,-700516.840741,3.001400e-02,-2371.358875,-178.816678,308.887093,0.213,3.886,0.027,0.000,0.000,0.000
4193,4.193000,613584.110892,-1314098.069844,-700513.958952,3.001799e-02,-2371.394135,-178.879781,308.416095,0.209,8.940,0.020,0.000,0.000,0.000
4194,4.194000,613629.476339,-1314140.883499,-700511.407160,3.002153e-02,-2372.059489,-179.088082,306.992476,0.197,6.466,0.022,0.000,0.000,0.000
4195,4.195000,613673.642072,-1314183.450187,-700509.808115,3.002374e-02,-2373.053550,-179.544608,305.190290,0.214,7.652,0.020,0.000,0.000,0.000
4196,4.196000,613720.231963,-1314225.764377,-700505.532414,3.002966e-02,-2373.008428,-179.783118,301.954790,0.194,3.938,0.020,0.000,0.000,0.000
4197,4.197000,613767.160641,-1314267.583429,-700500.422788,3.003674e-02,-2372.713114,-179.983516,298.679591,0.190,10.179,0.023,0.000,0.000,0.000
4198,4.198000,613812.047882,-1314309.183047,-700497.135166,3.004129e-02,-2372.867308,-180.886757,296.456291,0.204,10.215,0.020,0.000,0.000,0.000
4199,4.199000,613856.259815,-1314350.502024,-700494.242209,3.004529e-02,-2372.790459,-182.010043,294.583277,0.196,3.867,0.022,0.000,0.000,0.000
4200,4.200000,613900.244764,-1314391.724094,-700491.479330,3.004912e-02,-2372.569573,-182.861443,293.636977,0.192,5.134,0.020,0.000,0.000,0.000
4201,4.201000,613944.926085,-1314432.859113,-700487.933028,3.005403e-02,-2372.118366,-183.478390,293.160404,0.184,5.211,0.019,0.000,0.000,0.000
4202,4.202000,613990.001455,-1314473.978215,-700483.976761,3.005951e-02,-2371.731387,-183.909620,292.694031,0.194,6.377,0.020,0.000,0.000,0.000
4203,4.203000,614034.948357,-1314515.031898,-700480.083541,3.006490e-02,-2371.563779,-184.169730,292.171860,0.195,10.178,0.019,0.000,0.000,0.000
4204,4.204000,614079.841547,-1314556.090373,-700476.248826,3.007021e-02,-2371.620383,-184.158294,292.047865,0.192,10.259,0.020,0.000,0.000,0.000
4205,4.205000,614125.076058,-1314597.156900,-700472.080842,3.007598e-02,-2371.829978,-184.162022,291.865733,0.214,5.191,0.024,0.000,0.000,0.000
4206,4.206000,614170.884979,-1314638.180943,-700467.295964,3.008261e-02,-2372.188952,-184.394090,291.321438,0.214,6.458,0.025,0.000,0.000,0.000
4207,4.207000,614216.391394,-1314679.077523,-700462.686129,3.008899e-02,-2372.474301,-184.919929,291.068566,0.239,7.728,0.035,0.000,0.000,0.000
4208,4.208000,614261.364623,-1314719.857977,-700458.493354,3.009479e-02,-2372.489655,-185.266652,291.187605,0.230,7.681,0.023,0.000,0.000,0.000
4209,4.209000,614306.530515,-1314760.600994,-700454.070479,3.010092e-02,-2372.486423,-185.397492,291.150158,0.217,7.682,0.040,0.000,0.000,0.000
4210,4.210000,614352.082467,-1314801.363547,-700449.281080,3.010755e-02,-2372.564609,-185.818987,290.798323,0.210,3.935,0.019,0.000,0.000,0.000
4211,4.211000,614397.022844,-1314842.066049,-700445.043205,3.011342e-02,-2372.513525,-186.475545,290.183125,0.204,10.244,0.018,0.000,0.000,0.000
4212,4.212000,614441.256781,-1314882.707722,-700441.450941,3.011839e-02,-2372.069060,-187.128501,289.613880,0.228,3.876,0.024,0.000,0.000,0.000
4213,4.213000,614485.959339,-1314923.318013,-700437.358675,3.012406e-02,-2371.758644,-187.492779,288.410709,0.222,8.951,0.022,0.000,0.000,0.000
4214,4.214000,614529.742997,-1314963.682533,-700433.939535,3.012879e-02,-2371.585449,-187.688876,287.286204,0.212,7.671,0.025,0.000,0.000,0.000
4215,4.215000,614572.343319,-1315003.932445,-700431.589126,3.013205e-02,-2371.238209,-187.902470,287.042184,0.208,3.922,0.023,0.000,0.000,0.000
4216,4.216000,614614.752625,-1315044.041141,-700429.288516,3.013523e-02,-2370.861645,-188.170402,287.624758,0.204,8.983,0.026,0.000,0.000,0.000
4217,4.217000,614657.159543,-1315083.825295,-700426.665752,3.013887e-02,-2370.427903,-188.467428,288.010050,0.194,3.922,0.021,0.000,0.000,0.000
4218,4.218000,614700.209875,-1315123.453493,-700423.243617,3.014360e-02,-2370.210790,-188.494439,287.553908,0.204,6.468,0.028,0.000,0.000,0.000
4219,4.219000,614743.044665,-1315162.934035,-700419.889370,3.014825e-02,-2369.816262,-188.662656,286.879065,0.196,6.471,0.022,0.000,0.000,0.000
4220,4.220000,614785.220732,-1315202.214437,-700416.993705,3.015226e-02,-2369.093087,-189.398284,285.545450,0.200,6.387,0.020,0.000,0.000,0.000
4221,4.221000,614826.956947,-1315241.200051,-700414.243104,3.015607e-02,-2368.102936,-190.401554,284.038246,0.212,9.010,0.024,0.000,0.000,0.000
4222,4.222000,614867.955000,-1315279.709080,-700411.754080,3.015951e-02,-2367.122840,-191.268658,282.690419,0.198,5.178,0.020,0.000,0.000,0.000
4223,4.223000,614908.027714,-1315317.703825,-700409.676111,3.016239e-02,-2366.350463,-192.352369,280.927507,0.187,6.398,0.018,0.000,0.000,0.000
4224,4.224000,614947.257312,-1315355.102182,-700407.844870,3.016493e-02,-2365.418464,-193.365961,279.396641,0.191,6.391,0.022,0.000,0.000,0.000
4225,4.225000,614986.031733,-1315392.184574,-700406.152840,3.016727e-02,-2364.793710,-193.714280,278.568046,0.184,3.724,0.020,0.000,0.000,0.000
4226,4.226000,615024.148733,-1315428.986858,-700404.838125,3.016909e-02,-2364.687145,-193.645468,277.647353,0.196,10.230,0.021,0.000,0.000,0.000
4227,4.227000,615061.513406,-1315465.385103,-700403.871697,3.017043e-02,-2364.133945,-194.198985,276.492036,0.182,3.897,0.021,0.000,0.000,0.000
4228,4.228000,615098.589441,-1315501.177534,-700402.588093,3.017221e-02,-2363.350836,-194.940705,275.635218,0.188,6.386,0.018,0.000,0.000,0.000
4229,4.229000,615136.109643,-1315536.676124,-700400.566480,3.017500e-02,-2363.012846,-195.081888,274.619161,0.225,5.144,0.022,0.000,0.000,0.000
4230,4.230000,615172.731083,-1315571.641610,-700398.910528,3.017730e-02,-2362.252669,-195.383396,272.795701,0.205,6.408,0.019,0.000,0.000,0.000
4231,4.231000,615208.003242,-1315606.073475,-700398.070233,3.017846e-02,-2361.697618,-195.394826,271.229811,0.211,8.971,0.022,0.000,0.000,0.000
4232,4.232000,615242.778472,-1315640.036460,-700397.257989,3.017959e-02,-2361.763090,-195.089595,270.279521,0.205,8.918,0.022,0.000,0.000,0.000
4233,4.233000,615277.590696,-1315673.697247,-700396.106551,3.018118e-02,-2362.034976,-195.187687,269.492782,0.202,10.269,0.023,0.000,0.000,0.000
4234,4.234000,615312.470627,-1315707.064095,-700394.593467,3.018328e-02,-2362.960760,-194.749645,268.553750,0.204,3.864,0.023,0.000,0.000,0.000
4235,4.235000,615347.271694,-1315740.056655,-700392.784961,3.018578e-02,-2363.840724,-194.023814,267.636571,0.209,5.127,0.019,0.000,0.000,0.000
4236,4.236000,615382.073554,-1315772.848656,-700390.775102,3.018856e-02,-2364.267083,-193.937673,266.933664,0.199,5.183,0.021,0.000,0.000,0.000
4237,4.237000,615416.766759,-1315805.522850,-700388.756091,3.019136e-02,-2364.315851,-193.975304,266.581845,0.203,6.381,0.022,0.000,0.000,0.000
4238,4.238000,615451.519626,-1315838.245614,-700386.725988,3.019417e-02,-2363.920482,-194.139831,266.365475,0.201,10.260,0.020,0.000,0.000,0.000
4239,4.239000,615486.224647,-1315871.067993,-700384.843345,3.019678e-02,-2363.361551,-194.392976,265.900844,0.193,10.145,0.023,0.000,0.000,0.000
4240,4.240000,615520.445751,-1315903.948731,-700383.502980,3.019863e-02,-2362.366666,-195.056941,265.390109,0.197,5.199,0.022,0.000,0.000,0.000
4241,4.241000,615554.680806,-1315936.798523,-700382.117717,3.020055e-02,-2361.415398,-195.692651,265.009425,0.193,6.205,0.021,0.000,0.000,0.000
4242,4.242000,615589.659151,-1315969.786025,-700380.126874,3.020331e-02,-2361.200424,-195.625105,264.755148,0.199,6.410,0.019,0.000,0.000,0.000
4243,4.243000,615624.931822,-1316002.895892,-700377.964070,3.020630e-02,-2361.118764,-195.601585,264.528570,0.183,7.734,0.017,0.000,0.000,0.000
4244,4.244000,615660.220210,-1316036.231276,-700376.011066,3.020901e-02,-2360.755734,-195.935914,264.304544,0.194,3.951,0.021,0.000,0.000,0.000
4245,4.245000,615693.462695,-1316069.768437,-700376.305742,3.020860e-02,-2359.262919,-197.433892,263.501793,0.192,10.195,0.024,0.000,0.000,0.000
4246,4.246000,615726.364329,-1316102.871767,-700376.507438,3.020832e-02,-2358.607606,-198.395930,262.552645,0.195,10.246,0.018,0.000,0.000,0.000
4247,4.247000,615760.944786,-1316135.966846,-700375.022059,3.021038e-02,-2359.543808,-198.131860,262.132254,0.191,10.264,0.019,0.000,0.000,0.000
4248,4.248000,615796.168257,-1316168.943357,-700372.775101,3.021349e-02,-2359.875996,-198.348496,261.974811,0.234,3.881,0.024,0.000,0.000,0.000
4249,4.249000,615832.839302,-1316202.127878,-700369.288576,3.021831e-02,-2360.362949,-198.497208,261.867184,0.230,5.109,0.024,0.000,0.000,0.000
4250,4.250000,615869.460585,-1316235.323222,-700365.862637,3.022306e-02,-2361.253021,-198.467509,261.710854,0.246,5.206,0.025,0.000,0.000,0.000
4251,4.251000,615906.080517,-1316268.521436,-700362.440919,3.022780e-02,-2361.537729,-198.526039,261.688055,0.231,6.414,0.023,0.000,0.000,0.000
4252,4.252000,615942.756288,-1316301.852728,-700359.096440,3.023243e-02,-2361.954399,-198.099026,261.594562,0.231,10.215,0.028,0.000,0.000,0.000
4253,4.253000,615979.332235,-1316335.114057,-700355.781822,3.023702e-02,-2362.820682,-197.480432,261.383088,0.242,5.252,0.025,0.000,0.000,0.000
4254,4.254000,616015.389922,-1316368.435361,-700353.045439,3.024081e-02,-2363.356258,-196.378633,260.944579,0.230,6.428,0.023,0.000,0.000,0.000
4255,4.255000,616050.494929,-1316401.477888,-700350.982959,3.024366e-02,-2363.690898,-195.234653,260.220223,0.219,6.452,0.022,0.000,0.000,0.000
4256,4.256000,616085.893371,-1316434.340193,-700348.446822,3.024717e-02,-2364.100372,-194.845315,259.699116,0.227,3.896,0.022,0.000,0.000,0.000
4257,4.257000,616121.439353,-1316467.136079,-700345.696726,3.025098e-02,-2364.479923,-194.414367,259.459574,0.201,10.196,0.020,0.000,0.000,0.000
4258,4.258000,616156.869717,-1316499.986871,-700343.117154,3.025455e-02,-2364.531384,-193.948453,259.314103,0.203,3.870,0.022,0.000,0.000,0.000
4259,4.259000,616192.617539,-1316532.813500,-700340.195961,3.025860e-02,-2364.968240,-193.222130,259.206136,0.191,5.209,0.022,0.000,0.000,0.000
4260,4.260000,616228.623856,-1316565.604411,-700336.980555,3.026305e-02,-2365.836119,-192.292658,258.626122,0.195,5.190,0.021,0.000,0.000,0.000
4261,4.261000,616264.317469,-1316598.242306,-700333.924837,3.026728e-02,-2366.090455,-191.577262,257.594001,0.206,6.395,0.084,0.000,0.000,0.000
4262,4.262000,616299.315068,-1316630.775420,-700331.460352,3.027069e-02,-2365.766719,-190.933695,257.498881,0.203,10.194,0.022,0.000,0.000,0.000
4263,4.263000,616334.304929,-1316663.260122,-700328.955193,3.027416e-02,-2365.361845,-190.458792,257.876248,0.219,8.971,0.021,0.000,0.000,0.000
4264,4.264000,616369.210904,-1316695.735278,-700326.524374,3.027753e-02,-2365.173161,-190.189768,257.686702,0.255,10.234,0.024,0.000,0.000,0.000
4265,4.265000,616404.943911,-1316728.302971,-700323.359060,3.028191e-02,-2365.484508,-189.373612,257.091675,0.238,3.876,0.053,0.000,0.000,0.000
4266,4.266000,616440.918454,-1316760.846778,-700319.928325,3.028666e-02,-2366.309963,-187.441132,256.139221,0.208,5.206,0.019,0.000,0.000,0.000
4267,4.267000,616475.802832,-1316793.156078,-700317.353246,3.029023e-02,-2367.184546,-185.638350,255.536617,0.190,5.223,0.019,0.000,0.000,0.000
4268,4.268000,616510.791528,-1316825.392413,-700314.600885,3.029404e-02,-2367.578244,-184.489024,255.146247,0.215,6.388,0.028,0.000,0.000,0.000
4269,4.269000,616545.649983,-1316857.439645,-700311.789663,3.029793e-02,-2368.374873,-182.294304,254.674671,0.287,8.985,0.046,0.000,0.000,0.000
4270,4.270000,616580.637953,-1316889.146081,-700308.508128,3.030248e-02,-2369.457570,-180.308661,254.551602,0.275,10.264,0.029,0.000,0.000,0.000
4271,4.271000,616615.168613,-1316920.836142,-700305.667528,3.030641e-02,-2369.838618,-179.170626,254.170838,0.228,3.944,0.025,0.000,0.000,0.000
4272,4.272000,616648.655613,-1316952.431936,-700303.776323,3.030903e-02,-2369.930032,-177.375201,253.392172,0.209,6.461,0.022,0.000,0.000,0.000
4273,4.273000,616682.365770,-1316983.870345,-700301.504575,3.031217e-02,-2369.920746,-175.558470,252.825681,0.195,5.143,0.021,0.000,0.000,0.000
4274,4.274000,616716.316158,-1317015.127225,-700298.811067,3.031590e-02,-2369.627200,-174.365159,252.570935,0.208,6.192,0.023,0.000,0.000,0.000
4275,4.275000,616750.181453,-1317046.328648,-700296.147195,3.031959e-02,-2369.297673,-172.898934,252.622451,0.260,8.951,0.023,0.000,0.000,0.000
4276,4.276000,616784.274150,-1317077.385665,-700293.111514,3.032379e-02,-2369.127738,-171.047537,252.858933,0.200,3.855,0.019,0.000,0.000,0.000
4277,4.277000,616818.501242,-1317108.295644,-700289.794402,3.032839e-02,-2368.721271,-169.505490,252.451067,0.200,5.211,0.020,0.000,0.000,0.000
4278,4.278000,616853.058373,-1317139.156080,-700286.097707,3.033351e-02,-2368.553397,-168.227654,252.134578,0.197,5.111,0.020,0.000,0.000,0.000
4279,4.279000,616887.812100,-1317170.013938,-700282.201838,3.033890e-02,-2369.056196,-166.505343,251.279772,0.212,6.400,0.029,0.000,0.000,0.000
4280,4.280000,616922.396623,-1317200.677619,-700278.280996,3.034433e-02,-2369.652255,-164.848695,249.346922,0.197,10.230,0.021,0.000,0.000,0.000
4281,4.281000,616957.783148,-1317231.340027,-700273.556879,3.035087e-02,-2370.142790,-163.512001,247.638606,0.196,9.999,0.023,0.000,0.000,0.000
4282,4.282000,616993.259704,-1317261.993018,-700268.733314,3.035755e-02,-2371.008522,-161.909393,246.530645,0.194,3.845,0.020,0.000,0.000,0.000
4283,4.283000,617029.056990,-1317292.815404,-700263.758413,3.036444e-02,-2372.314298,-160.289509,245.799182,0.190,5.219,0.018,0.000,0.000,0.000
4284,4.284000,617066.034935,-1317323.761317,-700257.726382,3.037279e-02,-2373.631602,-158.784702,244.629961,0.246,3.940,0.022,0.000,0.000,0.000
4285,4.285000,617103.148191,-1317354.826366,-700251.678175,3.038117e-02,-2374.250408,-158.025182,243.784510,0.203,7.705,0.021,0.000,0.000,0.000
4286,4.286000,617143.283484,-1317386.227165,-700242.943681,3.039326e-02,-2377.762686,-156.432896,241.728979,0.196,10.164,0.019,0.000,0.000,0.000
4287,4.287000,617183.555015,-1317417.529707,-700233.974692,3.040568e-02,-2381.028932,-154.659937,238.936988,0.200,10.300,0.018,0.000,0.000,0.000
4288,4.288000,617219.331513,-1317448.936965,-700229.605452,3.041173e-02,-2380.337049,-153.801902,238.196745,0.216,8.909,0.023,0.000,0.000,0.000
4289,4.289000,617254.229094,-1317480.427072,-700226.197977,3.041645e-02,-2379.310509,-153.014327,237.676627,0.233,3.877,0.035,0.000,0.000,0.000
4290,4.290000,617290.343211,-1317511.921645,-700221.578434,3.042284e-02,-2378.277482,-152.695705,235.923003,0.233,5.243,0.031,0.000,0.000,0.000
4291,4.291000,617326.450722,-1317543.393202,-700216.942480,3.042926e-02,-2377.706889,-152.463216,234.874078,0.231,5.153,0.022,0.000,0.000,0.000
4292,4.292000,617362.165977,-1317574.943884,-700212.777907,3.043503e-02,-2377.555601,-152.371340,234.835181,0.200,6.384,0.021,0.000,0.000,0.000
4293,4.293000,617397.452511,-1317606.563729,-700209.111219,3.044011e-02,-2377.674375,-152.337758,234.762239,0.216,10.176,0.019,0.000,0.000,0.000
4294,4.294000,617432.465759,-1317638.104867,-700205.639108,3.044492e-02,-2377.834704,-152.266724,234.537924,0.199,9.991,0.022,0.000,0.000,0.000
4295,4.295000,617467.742930,-1317669.591495,-700201.848565,3.045016e-02,-2377.654239,-152.253833,234.279777,0.302,3.886,0.025,0.000,0.000,0.000
4296,4.296000,617502.827777,-1317701.002127,-700198.174349,3.045525e-02,-2377.425595,-152.291661,234.074982,0.209,5.193,0.021,0.000,0.000,0.000
4297,4.297000,617537.406187,-1317732.289601,-700194.883415,3.045981e-02,-2377.251569,-152.027850,233.911971,0.264,5.198,0.022,0.000,0.000,0.000
4298,4.298000,617571.567862,-1317763.385865,-700191.818003,3.046405e-02,-2376.903386,-151.585707,234.154530,0.223,6.414,0.033,0.000,0.000,0.000
4299,4.299000,617605.942871,-1317794.286398,-700188.343526,3.046886e-02,-2376.538144,-151.176758,234.595068,0.196,10.238,0.019,0.000,0.000,0.000
4300,4.300000,617640.711055,-1317824.976655,-700184.265600,3.047451e-02,-2376.229580,-150.791621,234.884100,0.230,3.882,0.023,0.000,0.000,0.000
4301,4.301000,617675.014012,-1317855.455717,-700180.441705,3.047981e-02,-2376.108102,-149.715872,234.476276,0.211,8.978,0.022,0.000,0.000,0.000
4302,4.302000,617708.685183,-1317885.541804,-700176.856621,3.048477e-02,-2376.263963,-147.967125,234.003611,0.208,3.955,0.033,0.000,0.000,0.000
4303,4.303000,617742.277438,-1317915.186727,-700172.909289,3.049024e-02,-2376.261301,-146.649475,233.851862,0.202,8.701,0.020,0.000,0.000,0.000
4304,4.304000,617775.461545,-1317944.397426,-700168.935881,3.049574e-02,-2376.079140,-145.031388,233.227967,0.193,3.833,0.020,0.000,0.000,0.000
4305,4.305000,617807.721763,-1317973.125832,-700165.404070,3.050063e-02,-2375.972336,-142.785114,232.388936,0.204,9.026,0.020,0.000,0.000,0.000
4306,4.306000,617839.533706,-1318001.324800,-700161.791094,3.050563e-02,-2375.767858,-141.218949,231.853068,0.195,3.899,0.019,0.000,0.000,0.000
4307,4.307000,617871.213474,-1318029.140129,-700157.926655,3.051098e-02,-2375.625858,-140.466388,231.599150,0.211,7.634,0.019,0.000,0.000,0.000
4308,4.308000,617901.744514,-1318056.558574,-700154.814060,3.051529e-02,-2375.526029,-139.879034,231.528751,0.179,3.931,0.019,0.000,0.000,0.000
4309,4.309000,617931.224362,-1318083.572961,-700152.348599,3.051870e-02,-2375.418489,-138.615254,231.198263,0.184,10.159,0.018,0.000,0.000,0.000
4310,4.310000,617960.265229,-1318110.069160,-700149.803931,3.052223e-02,-2375.134537,-137.278817,230.784028,0.236,3.681,0.025,0.000,0.000,0.000
4311,4.311000,617989.177092,-1318136.201048,-700147.023956,3.052608e-02,-2375.074061,-136.103023,230.939914,0.203,8.907,0.019,0.000,0.000,0.000
4312,4.312000,618017.223309,-1318161.683426,-700144.460118,3.052963e-02,-2375.045264,-134.938718,231.100736,0.200,3.933,0.019,0.000,0.000,0.000
4313,4.313000,618043.569476,-1318186.866086,-700143.296609,3.053124e-02,-2374.152995,-134.202633,230.269274,0.201,8.895,0.018,0.000,0.000,0.000
4314,4.314000,618069.281117,-1318211.525927,-700142.244810,3.053270e-02,-2373.317693,-133.635568,229.079809,0.202,3.963,0.022,0.000,0.000,0.000
4315,4.315000,618094.914264,-1318235.955960,-700141.041696,3.053436e-02,-2372.944834,-133.328178,228.883806,0.189,10.236,0.019,0.000,0.000,0.000
4316,4.316000,618120.334704,-1318260.043242,-700139.708538,3.053621e-02,-2372.672658,-132.946700,228.917426,0.202,5.210,0.020,0.000,0.000,0.000
4317,4.317000,618146.417570,-1318283.918741,-700137.501171,3.053926e-02,-2372.592586,-132.439774,228.749436,0.206,8.872,0.023,0.000,0.000,0.000
4318,4.318000,618171.850132,-1318307.636823,-700135.786692,3.054164e-02,-2372.395120,-131.648344,228.708338,0.189,6.474,0.020,0.000,0.000,0.000
4319,4.319000,618196.973576,-1318331.191612,-700134.218036,3.054381e-02,-2372.372712,-130.815712,228.762278,0.184,3.947,0.025,0.000,0.000,0.000
4320,4.320000,618221.960288,-1318354.573101,-700132.612814,3.054603e-02,-2372.438219,-129.897694,228.676323,0.190,10.007,0.020,0.000,0.000,0.000
4321,4.321000,618246.901844,-1318377.817362,-700130.915517,3.054838e-02,-2372.182552,-128.938909,228.134202,0.198,3.857,0.022,0.000,0.000,0.000
4322,4.322000,618272.331051,-1318400.980672,-700128.649621,3.055152e-02,-2371.979247,-128.279770,227.707143,0.191,5.114,0.021,0.000,0.000,0.000
4323,4.323000,618298.089231,-1318424.121940,-700126.032709,3.055514e-02,-2371.781768,-127.710648,227.484367,0.181,5.215,0.021,0.000,0.000,0.000
4324,4.324000,618323.320052,-1318447.232552,-700123.912501,3.055808e-02,-2371.636238,-127.198589,227.403964,0.195,6.407,0.020,0.000,0.000,0.000
4325,4.325000,618347.573471,-1318470.364119,-700122.790648,3.055963e-02,-2371.548153,-126.641220,227.235803,0.268,10.305,0.024,0.000,0.000,0.000
4326,4.326000,618371.432577,-1318493.539546,-700122.106969,3.056058e-02,-2371.350309,-126.105323,226.691137,0.221,9.001,0.023,0.000,0.000,0.000
4327,4.327000,618395.946982,-1318516.814846,-700120.867863,3.056230e-02,-2370.943799,-125.491400,225.970120,0.237,3.882,0.069,0.000,0.000,0.000
4328,4.328000,618420.806762,-1318540.146660,-700119.339899,3.056441e-02,-2370.567578,-124.915584,225.578715,0.257,8.816,0.043,0.000,0.000,0.000
4329,4.329000,618445.598608,-1318563.600099,-700118.001491,3.056626e-02,-2370.383174,-124.418605,225.431962,0.268,8.995,0.040,0.000,0.000,0.000
4330,4.330000,618470.572054,-1318587.201280,-700116.629226,3.056816e-02,-2369.785285,-124.165484,225.273081,0.246,3.873,0.026,0.000,0.000,0.000
4331,4.331000,618495.774349,-1318610.890942,-700115.116593,3.057026e-02,-2369.171441,-124.068111,225.144910,0.233,10.202,0.026,0.000,0.000,0.000
4332,4.332000,618521.686860,-1318634.754354,-700113.067494,3.057310e-02,-2368.788703,-123.347376,225.004034,0.217,10.236,0.025,0.000,0.000,0.000
4333,4.333000,618547.701503,-1318658.741627,-700111.040124,3.057590e-02,-2368.442689,-122.404684,224.860636,0.215,3.907,0.028,0.000,0.000,0.000
4334,4.334000,618574.409689,-1318682.897429,-700108.487740,3.057944e-02,-2368.257068,-121.670709,224.575079,0.197,8.975,0.021,0.000,0.000,0.000
4335,4.335000,618602.192212,-1318707.223903,-700105.031691,3.058422e-02,-2368.185521,-120.909989,224.463660,0.221,3.851,0.022,0.000,0.000,0.000
4336,4.336000,618629.876143,-1318731.705142,-700101.828999,3.058866e-02,-2368.049823,-119.971334,224.645007,0.218,8.987,0.025,0.000,0.000,0.000
4337,4.337000,618657.167831,-1318756.301609,-700099.133778,3.059239e-02,-2367.730967,-119.065694,224.819241,0.195,3.910,0.024,0.000,0.000,0.000
4338,4.338000,618684.667597,-1318781.042018,-700096.374421,3.059621e-02,-2367.500049,-118.269727,224.868177,0.202,5.128,0.019,0.000,0.000,0.000
4339,4.339000,618712.777546,-1318805.932548,-700093.155002,3.060067e-02,-2367.340774,-117.489859,224.811162,0.193,5.122,0.020,0.000,0.000,0.000
4340,4.340000,618741.158833,-1318830.995881,-700089.837048,3.060526e-02,-2366.867695,-117.082480,224.750849,0.201,6.390,0.021,0.000,0.000,0.000
4341,4.341000,618769.204075,-1318856.226140,-700087.022065,3.060916e-02,-2366.368080,-116.672801,224.636498,0.195,10.149,0.022,0.000,0.000,0.000
4342,4.342000,618797.285844,-1318881.642917,-700084.357073,3.061285e-02,-2366.052552,-115.623548,224.678253,0.227,5.184,0.024,0.000,0.000,0.000
4343,4.343000,618825.185723,-1318907.165582,-700081.979859,3.061614e-02,-2365.715932,-114.610656,224.708340,0.186,6.443,0.020,0.000,0.000,0.000
4344,4.344000,618852.645899,-1318932.864982,-700080.219083,3.061858e-02,-2365.428018,-113.872590,224.692708,0.194,6.446,0.018,0.000,0.000,0.000
4345,4.345000,618880.269345,-1318958.700932,-700078.431587,3.062106e-02,-2365.282451,-113.011462,224.700487,0.195,7.733,0.020,0.000,0.000,0.000
4346,4.346000,618908.273966,-1318984.668686,-700076.394720,3.062388e-02,-2365.255731,-111.948699,224.399964,0.195,8.985,0.019,0.000,0.000,0.000
4347,4.347000,618936.589697,-1319010.757550,-700074.167852,3.062696e-02,-2364.932497,-110.961435,224.422608,0.184,3.858,0.020,0.000,0.000,0.000
4348,4.348000,618965.286236,-1319036.899674,-700071.613439,3.063050e-02,-2364.245360,-110.146155,224.651377,0.183,10.079,0.019,0.000,0.000,0.000
4349,4.349000,618993.964821,-1319063.084123,-700069.119303,3.063395e-02,-2363.725996,-109.306375,224.698004,0.186,10.274,0.018,0.000,0.000,0.000
4350,4.350000,619022.896267,-1319089.316924,-700066.420657,3.063769e-02,-2363.343614,-108.455451,224.577062,0.199,3.876,0.028,0.000,0.000,0.000
4351,4.351000,619052.284261,-1319115.579196,-700063.294935,3.064202e-02,-2362.965668,-107.565329,224.244336,0.228,9.031,0.029,0.000,0.000,0.000
4352,4.352000,619081.540722,-1319141.849597,-700060.308876,3.064615e-02,-2362.684979,-107.000753,223.898553,0.202,7.700,0.021,0.000,0.000,0.000
4353,4.353000,619110.249837,-1319168.157828,-700057.907991,3.064947e-02,-2362.317614,-106.490082,223.891964,0.202,3.950,0.020,0.000,0.000,0.000
4354,4.354000,619139.381761,-1319194.387982,-700055.006221,3.065349e-02,-2361.992689,-105.602027,223.830764,0.199,8.889,0.019,0.000,0.000,0.000
4355,4.355000,619169.594145,-1319220.578820,-700050.984675,3.065906e-02,-2361.818424,-104.697049,223.418143,0.208,3.923,0.019,0.000,0.000,0.000
4356,4.356000,619199.907364,-1319246.739223,-700046.831859,3.066481e-02,-2361.651018,-104.061424,223.096599,0.187,5.121,0.019,0.000,0.000,0.000
4357,4.357000,619229.903590,-1319272.870999,-700042.967408,3.067016e-02,-2361.384917,-103.294163,223.145131,0.190,5.100,0.026,0.000,0.000,0.000
4358,4.358000,619259.320463,-1319298.985065,-700039.664602,3.067474e-02,-2360.970225,-102.539146,223.342454,0.185,6.367,0.019,0.000,0.000,0.000
4359,4.359000,619288.686661,-1319325.131086,-700036.444425,3.067919e-02,-2360.545632,-101.711950,223.497452,0.184,11.025,0.021,0.000,0.000,0.000
4360,4.360000,619318.037290,-1319351.305112,-700033.267822,3.068359e-02,-2360.388907,-100.784225,223.797764,0.208,5.198,0.023,0.000,0.000,0.000
4361,4.361000,619346.559202,-1319377.513725,-700030.954523,3.068680e-02,-2360.217796,-100.248166,224.248800,0.191,6.253,0.023,0.000,0.000,0.000
4362,4.362000,619374.695188,-1319403.779022,-700029.083834,3.068939e-02,-2359.991654,-99.928589,224.566986,0.201,6.405,0.027,0.000,0.000,0.000
4363,4.363000,619403.893828,-1319430.123083,-700026.229254,3.069334e-02,-2359.984777,-99.667152,224.731132,0.202,7.691,0.022,0.000,0.000,0.000
4364,4.364000,619433.443801,-1319456.527001,-700023.083199,3.069770e-02,-2359.739900,-98.785666,224.853965,0.187,7.663,0.022,0.000,0.000,0.000
4365,4.365000,619462.618506,-1319482.892593,-700020.274088,3.070158e-02,-2359.423038,-97.698858,224.639346,0.186,3.837,0.022,0.000,0.000,0.000
4366,4.366000,619492.007303,-1319509.283433,-700017.276131,3.070574e-02,-2359.158329,-96.974318,224.185380,0.195,10.137,0.020,0.000,0.000,0.000
4367,4.367000,619521.256187,-1319535.693830,-700014.437643,3.070967e-02,-2359.000596,-96.421630,223.790872,0.183,3.866,0.018,0.000,0.000,0.000
4368,4.368000,619550.469924,-1319562.163672,-700011.693748,3.071347e-02,-2359.028323,-96.080722,223.618740,0.183,8.742,0.019,0.000,0.000,0.000
4369,4.369000,619580.373126,-1319588.679961,-700008.306835,3.071816e-02,-2359.236863,-95.733976,223.814600,0.206,3.867,0.023,0.000,0.000,0.000
4370,4.370000,619610.161779,-1319615.112112,-700004.950333,3.072280e-02,-2359.485020,-95.366153,224.101157,0.203,9.004,0.047,0.000,0.000,0.000
4371,4.371000,619639.436512,-1319641.504907,-700002.068395,3.072679e-02,-2359.451557,-95.055434,223.930351,0.245,3.909,0.025,0.000,0.000,0.000
4372,4.372000,619669.038271,-1319667.771143,-699998.732872,3.073141e-02,-2359.526202,-94.859536,223.833245,0.245,5.145,0.026,0.000,0.000,0.000
4373,4.373000,619698.984517,-1319693.914513,-699994.929996,3.073668e-02,-2359.588528,-94.559656,223.861659,0.207,5.112,0.019,0.000,0.000,0.000
4374,4.374000,619728.658004,-1319719.892982,-699991.234978,3.074179e-02,-2359.422261,-93.966362,223.841672,0.201,6.419,0.022,0.000,0.000,0.000
4375,4.375000,619757.961822,-1319745.605592,-699987.643770,3.074677e-02,-2359.497553,-93.084848,223.613611,0.201,10.069,0.033,0.000,0.000,0.000
4376,4.376000,619786.668107,-1319770.981394,-699984.313287,3.075138e-02,-2359.729718,-92.312157,223.316102,0.262,3.857,0.024,0.000,0.000,0.000
4377,4.377000,619814.226560,-1319795.951354,-699981.724794,3.075496e-02,-2359.642127,-91.432178,223.003173,0.214,5.122,0.020,0.000,0.000,0.000
4378,4.378000,619841.136439,-1319820.379138,-699979.242700,3.075840e-02,-2359.676041,-90.458280,223.081459,0.211,5.205,0.025,0.000,0.000,0.000
4379,4.379000,619867.711475,-1319844.297273,-699976.585798,3.076208e-02,-2359.836818,-89.956645,223.605865,0.221,6.389,0.028,0.000,0.000,0.000
4380,4.380000,619894.047982,-1319867.655590,-699973.607607,3.076620e-02,-2360.133380,-89.868660,224.084341,0.198,10.249,0.020,0.000,0.000,0.000
4381,4.381000,619919.767417,-1319890.479239,-699970.711822,3.077021e-02,-2360.492630,-89.776071,224.580472,0.200,10.196,0.021,0.000,0.000,0.000
4382,4.382000,619944.839046,-1319912.838333,-699967.999287,3.077397e-02,-2360.663597,-89.583520,224.778304,0.224,3.875,0.026,0.000,0.000,0.000
4383,4.383000,619969.663584,-1319934.727747,-699965.064163,3.077803e-02,-2360.726673,-89.451972,224.975804,0.201,5.226,0.023,0.000,0.000,0.000
4384,4.384000,619993.626491,-1319956.143812,-699962.517322,3.078156e-02,-2360.700911,-89.542032,224.889905,0.215,5.205,0.020,0.000,0.000,0.000
4385,4.385000,620017.720588,-1319977.004756,-699959.284169,3.078604e-02,-2360.736060,-89.687182,224.677572,0.207,6.383,0.022,0.000,0.000,0.000
4386,4.386000,620042.143581,-1319997.364068,-699955.220487,3.079166e-02,-2360.725276,-89.619266,224.688698,0.186,10.261,0.018,0.000,0.000,0.000
4387,4.387000,620065.940810,-1320017.223889,-699951.283079,3.079711e-02,-2360.702115,-89.508577,224.703197,0.185,10.158,0.021,0.000,0.000,0.000
4388,4.388000,620088.254802,-1320036.564356,-699948.309554,3.080123e-02,-2360.147899,-89.285468,225.366607,0.206,5.192,0.024,0.000,0.000,0.000
4389,4.389000,620109.790455,-1320055.306512,-699945.516056,3.080510e-02,-2359.532800,-89.212355,226.205787,0.198,6.393,0.028,0.000,0.000,0.000
4390,4.390000,620131.651741,-1320073.521211,-699941.869470,3.081015e-02,-2359.576488,-89.212101,226.466700,0.204,6.376,0.024,0.000,0.000,0.000
4391,4.391000,620152.832267,-1320091.205033,-699938.372765,3.081499e-02,-2359.694635,-89.015748,226.973471,0.193,7.467,0.019,0.000,0.000,0.000
4392,4.392000,620172.709003,-1320108.366267,-699935.657264,3.081875e-02,-2359.171845,-88.601176,226.687796,0.232,3.865,0.025,0.000,0.000,0.000
4393,4.393000,620191.971417,-1320124.876309,-699932.904892,3.082256e-02,-2358.496199,-88.187683,226.135936,0.210,10.088,0.023,0.000,0.000,0.000
4394,4.394000,620211.031485,-1320140.882511,-699929.851026,3.082679e-02,-2358.014773,-87.830123,226.049793,0.204,10.178,0.018,0.000,0.000,0.000
4395,4.395000,620229.379608,-1320156.376612,-699926.997004,3.083074e-02,-2357.388512,-87.096128,225.653286,0.218,10.188,0.026,0.000,0.000,0.000
4396,4.396000,620247.000339,-1320171.332742,-699924.332403,3.083443e-02,-2356.712933,-86.212015,225.383515,0.244,3.883,0.026,0.000,0.000,0.000
4397,4.397000,620264.107350,-1320185.824853,-699921.717502,3.083805e-02,-2356.136458,-85.435849,225.197350,0.218,5.132,0.030,0.000,0.000,0.000
4398,4.398000,620280.768114,-1320199.896365,-699919.128251,3.084164e-02,-2355.647569,-84.733139,224.728449,0.210,4.929,0.024,0.000,0.000,0.000
4399,4.399000,620297.399104,-1320213.581690,-699916.182586,3.084572e-02,-2355.047892,-84.157765,223.976003,0.205,6.415,0.022,0.000,0.000,0.000
4400,4.400000,620313.423510,-1320226.958242,-699913.534731,3.084938e-02,-2354.371611,-83.510580,223.037666,0.207,9.941,0.023,0.000,0.000,0.000
4401,4.401000,620328.597392,-1320240.008044,-699911.410652,3.085232e-02,-2353.870133,-82.792687,222.326588,0.236,5.140,0.029,0.000,0.000,0.000
4402,4.402000,620343.524619,-1320252.828231,-699909.303612,3.085524e-02,-2353.581155,-82.112373,222.166634,0.190,6.447,0.018,0.000,0.000,0.000
4403,4.403000,620357.501569,-1320265.378078,-699907.876508,3.085722e-02,-2353.183140,-81.378284,221.892519,0.188,6.472,0.021,0.000,0.000,0.000
4404,4.404000,620370.711610,-1320277.738782,-699907.027173,3.085839e-02,-2352.466575,-80.531621,220.864377,0.197,7.713,0.020,0.000,0.000,0.000
4405,4.405000,620383.569381,-1320289.790609,-699906.221228,3.085951e-02,-2351.246446,-79.335799,219.178616,0.183,9.007,0.020,0.000,0.000,0.000
4406,4.406000,620396.971968,-1320301.530470,-699904.558501,3.086181e-02,-2349.943366,-78.145293,217.683226,0.186,3.863,0.019,0.000,0.000,0.000
4407,4.407000,620410.240066,-1320313.081694,-699902.841627,3.086419e-02,-2349.008772,-77.315858,216.472850,0.189,9.971,0.019,0.000,0.000,0.000
4408,4.408000,620423.201878,-1320324.517072,-699901.315194,3.086630e-02,-2348.410748,-76.932483,215.257282,0.192,10.248,0.020,0.000,0.000,0.000
4409,4.409000,620435.919444,-1320335.908029,-699899.988585,3.086814e-02,-2347.946180,-76.815857,214.499493,0.189,3.905,0.021,0.000,0.000,0.000
4410,4.410000,620448.294247,-1320347.263949,-699898.969702,3.086955e-02,-2347.468966,-76.582453,213.799516,0.217,8.947,0.023,0.000,0.000,0.000
4411,4.411000,620461.034316,-1320358.584116,-699897.549801,3.087152e-02,-2347.272240,-76.247841,213.168983,0.224,5.188,0.023,0.000,0.000,0.000
4412,4.412000,620473.431112,-1320369.977624,-699896.546513,3.087291e-02,-2346.562380,-75.711529,213.099990,0.250,9.007,0.029,0.000,0.000,0.000
4413,4.413000,620486.019292,-1320381.300613,-699895.281321,3.087466e-02,-2345.778546,-75.243013,213.032382,0.243,3.946,0.027,0.000,0.000,0.000
4414,4.414000,620499.392331,-1320392.710978,-699893.318648,3.087738e-02,-2345.702907,-74.937512,212.953696,0.209,10.247,0.019,0.000,0.000,0.000
4415,4.415000,620512.203454,-1320404.182447,-699891.978993,3.087923e-02,-2345.602460,-74.469032,212.694606,0.233,10.110,0.029,0.000,0.000,0.000
4416,4.416000,620525.088374,-1320415.711035,-699890.622661,3.088111e-02,-2345.123474,-73.676334,211.656903,0.210,3.894,0.020,0.000,0.000,0.000
4417,4.417000,620538.568562,-1320427.180496,-699888.611933,3.088389e-02,-2344.587048,-72.947955,210.707178,0.229,5.169,0.026,0.000,0.000,0.000
4418,4.418000,620551.468825,-1320438.663467,-699887.194642,3.088586e-02,-2344.234921,-72.388459,210.021188,0.203,5.202,0.022,0.000,0.000,0.000
4419,4.419000,620563.687962,-1320450.113518,-699886.425556,3.088692e-02,-2343.838715,-71.770357,209.209902,0.194,6.490,0.020,0.000,0.000,0.000
4420,4.420000,620576.189423,-1320461.611781,-699885.422358,3.088831e-02,-2343.663791,-71.262034,208.613905,0.189,10.223,0.023,0.000,0.000,0.000
4421,4.421000,620589.089560,-1320473.162267,-699884.072707,3.089018e-02,-2343.666058,-70.700059,208.410448,0.230,3.876,0.029,0.000,0.000,0.000
4422,4.422000,620602.533352,-1320484.738160,-699882.204808,3.089277e-02,-2343.606264,-70.180711,208.521462,0.195,8.937,0.018,0.000,0.000,0.000
4423,4.423000,620616.238961,-1320496.399868,-699880.160906,3.089560e-02,-2343.485977,-69.807707,208.511342,0.189,3.855,0.021,0.000,0.000,0.000
4424,4.424000,620629.505924,-1320508.148401,-699878.642477,3.089770e-02,-2343.405056,-69.416273,208.460328,0.198,8.438,0.028,0.000,0.000,0.000
4425,4.425000,620642.852582,-1320520.001835,-699877.149254,3.089977e-02,-2343.456655,-69.052925,208.494032,0.196,3.862,0.022,0.000,0.000,0.000
4426,4.426000,620656.179985,-1320531.944793,-699875.764809,3.090168e-02,-2343.509068,-68.749048,208.552657,0.195,10.162,0.021,0.000,0.000,0.000
4427,4.427000,620668.945404,-1320543.980918,-699875.035514,3.090269e-02,-2343.288572,-68.109392,208.432785,0.195,3.843,0.020,0.000,0.000,0.000
4428,4.428000,620681.841541,-1320556.032082,-699874.190540,3.090386e-02,-2343.194240,-67.222511,208.550542,0.188,9.001,0.021,0.000,0.000,0.000
4429,4.429000,620694.615107,-1320568.112960,-699873.497853,3.090482e-02,-2343.311321,-66.553084,209.242789,0.184,3.924,0.022,0.000,0.000,0.000
4430,4.430000,620707.368014,-1320580.117944,-699872.749930,3.090586e-02,-2343.482713,-66.205977,209.830080,0.202,8.989,0.022,0.000,0.000,0.000
4431,4.431000,620720.655150,-1320592.138059,-699871.482909,3.090761e-02,-2343.807973,-66.035078,210.555432,0.191,3.902,0.025,0.000,0.000,0.000
4432,4.432000,620733.650686,-1320604.082287,-699870.431601,3.090907e-02,-2344.215570,-65.988437,211.453491,0.191,6.442,0.018,0.000,0.000,0.000
4433,4.433000,620746.124459,-1320615.965882,-699869.841424,3.090988e-02,-2344.372658,-65.945844,211.792762,0.228,6.262,0.022,0.000,0.000,0.000
4434,4.434000,620758.691494,-1320627.729023,-699869.037529,3.091100e-02,-2344.292855,-65.549507,211.846474,0.201,3.949,0.021,0.000,0.000,0.000
4435,4.435000,620771.269882,-1320639.410849,-699868.140968,3.091224e-02,-2344.258041,-64.862962,212.412295,0.205,10.155,0.031,0.000,0.000,0.000
4436,4.436000,620784.034498,-1320650.862289,-699866.827790,3.091406e-02,-2344.543518,-64.390557,213.248495,0.200,5.126,0.020,0.000,0.000,0.000
4437,4.437000,620796.970701,-1320662.173434,-699865.202733,3.091631e-02,-2344.997210,-64.487254,213.879499,0.197,6.478,0.020,0.000,0.000,0.000
4438,4.438000,620808.938267,-1320673.345725,-699864.407459,3.091741e-02,-2345.317062,-64.230167,214.082260,0.197,6.485,0.019,0.000,0.000,0.000
4439,4.439000,620820.798837,-1320684.302836,-699863.503998,3.091866e-02,-2345.453123,-63.506561,213.867686,0.196,7.727,0.019,0.000,0.000,0.000
4440,4.440000,620833.155631,-1320695.043440,-699861.887809,3.092090e-02,-2345.671934,-63.092139,213.835000,0.184,8.961,0.025,0.000,0.000,0.000
4441,4.441000,620844.621786,-1320705.473988,-699860.852203,3.092233e-02,-2345.965496,-63.332686,214.298004,0.191,3.890,0.020,0.000,0.000,0.000
4442,4.442000,620855.706455,-1320715.574612,-699859.868157,3.092369e-02,-2346.206091,-63.784165,215.117869,0.194,9.989,0.020,0.000,0.000,0.000
4443,4.443000,620866.917675,-1320725.307110,-699858.389435,3.092574e-02,-2346.543850,-63.873909,215.687526,0.192,10.192,0.023,0.000,0.000,0.000
4444,4.444000,620877.957558,-1320734.723447,-699856.765889,3.092799e-02,-2346.729091,-64.146564,216.256103,0.255,3.880,0.029,0.000,0.000,0.000
4445,4.445000,620889.012345,-1320743.765607,-699854.753262,3.093078e-02,-2346.701742,-64.722926,217.132187,0.193,8.940,0.023,0.000,0.000,0.000
4446,4.446000,620899.734797,-1320752.436865,-699852.702067,3.093362e-02,-2346.791288,-65.186081,217.977201,0.184,3.936,0.023,0.000,0.000,0.000
4447,4.447000,620910.275190,-1320760.723333,-699850.448142,3.093674e-02,-2347.380954,-65.591614,218.751757,0.179,8.985,0.020,0.000,0.000,0.000
4448,4.448000,620921.220390,-1320768.694027,-699847.473638,3.094086e-02,-2348.082123,-66.130578,219.448230,0.184,3.941,0.020,0.000,0.000,0.000
4449,4.449000,620932.302772,-1320776.293628,-699843.990856,3.094568e-02,-2348.782018,-66.838381,219.837677,0.189,10.231,0.019,0.000,0.000,0.000
4450,4.450000,620942.638438,-1320783.548100,-699840.909661,3.094995e-02,-2349.474917,-67.545278,220.044831,0.191,10.225,0.017,0.000,0.000,0.000
4451,4.451000,620953.180853,-1320790.453563,-699837.272710,3.095498e-02,-2350.451601,-67.700949,220.214136,0.180,3.868,0.018,0.000,0.000,0.000
4452,4.452000,620963.416534,-1320796.967212,-699833.550679,3.096014e-02,-2351.839907,-67.850829,220.504390,0.183,8.938,0.018,0.000,0.000,0.000
4453,4.453000,620972.012569,-1320803.241104,-699831.228535,3.096335e-02,-2352.742665,-68.028325,221.396807,0.233,3.869,0.028,0.000,0.000,0.000
4454,4.454000,620979.719046,-1320809.231372,-699829.512325,3.096573e-02,-2353.025279,-67.992562,222.709233,0.235,8.985,0.021,0.000,0.000,0.000
4455,4.455000,620987.368924,-1320814.883436,-699827.514512,3.096849e-02,-2353.692336,-68.275083,223.626101,0.209,3.871,0.019,0.000,0.000,0.000
4456,4.456000,620994.638310,-1320820.321641,-699825.683331,3.097103e-02,-2354.250487,-68.706552,224.133836,0.206,10.186,0.018,0.000,0.000,0.000
4457,4.457000,621000.975809,-1320825.434990,-699824.459181,3.097272e-02,-2354.061800,-69.256057,224.587093,0.205,10.258,0.021,0.000,0.000,0.000
4458,4.458000,621007.240445,-1320830.209214,-699822.968769,3.097479e-02,-2354.011546,-69.761952,224.889279,0.249,3.881,0.023,0.000,0.000,0.000
4459,4.459000,621013.866257,-1320834.651751,-699820.785493,3.097781e-02,-2354.536402,-70.179592,224.932154,0.190,8.991,0.023,0.000,0.000,0.000
4460,4.460000,621020.555190,-1320838.758213,-699818.203023,3.098139e-02,-2355.471708,-70.587813,224.905320,0.192,3.959,0.021,0.000,0.000,0.000
4461,4.461000,621026.265809,-1320842.520561,-699816.254752,3.098408e-02,-2356.145865,-70.835212,224.967898,0.194,8.986,0.022,0.000,0.000,0.000
4462,4.462000,621031.241804,-1320845.982511,-699814.740707,3.098618e-02,-2356.707704,-70.965975,225.126970,0.192,3.893,0.021,0.000,0.000,0.000
4463,4.463000,621036.378010,-1320848.995476,-699812.617466,3.098912e-02,-2357.333484,-70.635528,225.193026,0.185,10.226,0.019,0.000,0.000,0.000
4464,4.464000,621041.186768,-1320851.681360,-699810.494592,3.099206e-02,-2357.556529,-70.256746,225.531725,0.184,5.041,0.018,0.000,0.000,0.000
4465,4.465000,621045.048191,-1320854.012924,-699808.964734,3.099418e-02,-2357.694373,-70.260601,226.288178,0.180,8.989,0.020,0.000,0.000,0.000
4466,4.466000,621049.378686,-1320855.938356,-699806.559670,3.099751e-02,-2358.535510,-70.534727,226.824038,0.195,7.720,0.027,0.000,0.000,0.000
4467,4.467000,621053.954147,-1320857.446252,-699803.492105,3.100176e-02,-2359.382190,-71.006164,227.370346,0.188,3.927,0.024,0.000,0.000,0.000
4468,4.468000,621057.749088,-1320858.623817,-699800.874729,3.100538e-02,-2359.829240,-71.340955,228.044128,0.185,8.899,0.021,0.000,0.000,0.000
4469,4.469000,621061.116090,-1320859.408144,-699798.292054,3.100896e-02,-2360.436476,-71.197018,228.710787,0.184,3.856,0.024,0.000,0.000,0.000
4470,4.470000,621063.661306,-1320859.732350,-699796.071044,3.101203e-02,-2360.989686,-70.791553,229.392222,0.190,6.483,0.020,0.000,0.000,0.000
4471,4.471000,621065.883825,-1320859.619752,-699793.735927,3.101527e-02,-2361.824401,-70.334639,229.871471,0.188,6.481,0.020,0.000,0.000,0.000
4472,4.472000,621067.634583,-1320858.975663,-699791.341080,3.101858e-02,-2362.572715,-69.470126,230.316326,0.182,6.213,0.020,0.000,0.000,0.000
4473,4.473000,621068.381051,-1320857.800174,-699789.419123,3.102124e-02,-2362.834474,-68.838119,230.745232,0.185,8.792,0.020,0.000,0.000,0.000
4474,4.474000,621068.907915,-1320856.138427,-699787.230512,3.102427e-02,-2362.913603,-68.761544,230.670301,0.221,5.185,0.027,0.000,0.000,0.000
4475,4.475000,621069.828027,-1320854.008463,-699784.180436,3.102850e-02,-2363.303641,-68.818000,230.728220,0.204,6.359,0.020,0.000,0.000,0.000
4476,4.476000,621068.971154,-1320851.388977,-699782.417823,3.103094e-02,-2363.076149,-68.661518,231.971794,0.191,7.618,0.020,0.000,0.000,0.000
4477,4.477000,621065.677234,-1320848.063636,-699782.386402,3.103098e-02,-2361.863703,-67.842622,233.301633,0.195,3.941,0.022,0.000,0.000,0.000
4478,4.478000,621062.432133,-1320844.232172,-699781.800040,3.103179e-02,-2360.889987,-66.999081,234.188976,0.187,7.634,0.021,0.000,0.000,0.000
4479,4.479000,621060.053249,-1320839.896165,-699779.842916,3.103450e-02,-2360.163370,-67.024008,235.010032,0.212,3.891,0.022,0.000,0.000,0.000
4480,4.480000,621057.833396,-1320834.988108,-699777.154712,3.103823e-02,-2359.532496,-66.899187,235.970932,0.185,8.901,0.020,0.000,0.000,0.000
4481,4.481000,621054.504034,-1320829.599863,-699775.095829,3.104108e-02,-2358.471912,-66.087656,237.204434,0.182,3.947,0.021,0.000,0.000,0.000
4482,4.482000,621050.697681,-1320823.749611,-699773.051929,3.104391e-02,-2357.517965,-65.443665,237.572335,0.180,8.925,0.019,0.000,0.000,0.000
4483,4.483000,621047.198405,-1320817.476834,-699770.278429,3.104775e-02,-2357.200445,-65.059649,237.270342,0.194,3.930,0.020,0.000,0.000,0.000
4484,4.484000,621043.058138,-1320810.853723,-699767.795585,3.105118e-02,-2356.839786,-64.525795,236.906685,0.179,10.248,0.018,0.000,0.000,0.000
4485,4.485000,621038.524539,-1320803.748705,-699765.224165,3.105475e-02,-2356.247289,-64.003490,236.762250,0.179,5.117,0.021,0.000,0.000,0.000
4486,4.486000,621033.664570,-1320796.152785,-699762.488215,3.105853e-02,-2355.391009,-63.304114,236.914136,0.186,8.938,0.020,0.000,0.000,0.000
4487,4.487000,621028.217677,-1320787.906593,-699759.688916,3.106241e-02,-2354.834464,-62.678901,236.881609,0.182,7.654,0.021,0.000,0.000,0.000
4488,4.488000,621022.871142,-1320779.279890,-699756.408748,3.106695e-02,-2354.905296,-62.527075,236.880934,0.190,3.769,0.021,0.000,0.000,0.000
4489,4.489000,621017.216884,-1320770.257309,-699753.040425,3.107162e-02,-2355.242553,-61.972574,236.988939,0.178,8.971,0.019,0.000,0.000,0.000
4490,4.490000,621011.090776,-1320760.791129,-699749.700353,3.107624e-02,-2355.530886,-61.324571,237.160861,0.198,3.921,0.020,0.000,0.000,0.000
4491,4.491000,621004.498743,-1320750.954796,-699746.456053,3.108073e-02,-2355.653256,-61.037873,237.364342,0.197,5.135,0.025,0.000,0.000,0.000
4492,4.492000,620998.101571,-1320740.766215,-699742.664645,3.108598e-02,-2356.019135,-60.384290,237.478085,0.188,5.108,0.019,0.000,0.000,0.000
4493,4.493000,620991.506298,-1320730.126940,-699738.620643,3.109158e-02,-2355.790636,-59.375079,237.443768,0.179,6.390,0.021,0.000,0.000,0.000
4494,4.494000,620984.474628,-1320718.949855,-699734.475228,3.109732e-02,-2355.181028,-58.830136,237.397653,0.223,10.163,0.022,0.000,0.000,0.000
4495,4.495000,620977.072951,-1320707.438441,-699730.365490,3.110301e-02,-2354.601776,-58.663241,237.546077,0.272,5.163,0.029,0.000,0.000,0.000
4496,4.496000,620969.497288,-1320695.383195,-699725.885907,3.110922e-02,-2354.304204,-58.140159,237.628106,0.220,5.130,0.026,0.000,0.000,0.000
4497,4.497000,620961.702011,-1320682.886335,-699721.184324,3.111573e-02,-2354.501859,-57.639483,237.511624,0.207,5.163,0.020,0.000,0.000,0.000
4498,4.498000,620952.640868,-1320669.962481,-699717.321613,3.112107e-02,-2354.396612,-57.476048,237.443494,0.193,7.650,0.019,0.000,0.000,0.000
4499,4.499000,620942.848723,-1320656.608682,-699713.759959,3.112601e-02,-2354.131982,-56.950281,237.449367,0.201,3.852,0.019,0.000,0.000,0.000
4500,4.500000,620932.631136,-1320642.599198,-699709.968063,3.113126e-02,-2354.092334,-56.092912,237.410566,0.199,8.998,0.020,0.000,0.000,0.000
4501,4.501000,620921.523703,-1320627.996762,-699706.473059,3.113610e-02,-2353.974614,-55.982168,237.331144,0.185,8.895,0.022,0.000,0.000,0.000
4502,4.502000,620909.817198,-1320612.907550,-699703.090352,3.114078e-02,-2353.638191,-56.426212,237.128500,0.189,3.941,0.018,0.000,0.000,0.000
4503,4.503000,620897.491253,-1320597.360934,-699699.869681,3.114524e-02,-2353.662488,-56.550367,236.928530,0.184,3.867,0.019,0.000,0.000,0.000
4504,4.504000,620883.941710,-1320581.358248,-699697.416537,3.114864e-02,-2353.566896,-57.183038,236.406502,0.199,10.085,0.024,0.000,0.000,0.000
4505,4.505000,620869.666808,-1320564.803875,-699695.137067,3.115179e-02,-2353.405244,-57.627044,235.802686,0.198,8.934,0.020,0.000,0.000,0.000
4506,4.506000,620855.232591,-1320547.852140,-699692.619549,3.115528e-02,-2353.382225,-57.391132,235.571063,0.190,3.869,0.018,0.000,0.000,0.000
4507,4.507000,620841.106092,-1320530.549847,-699689.443755,3.115968e-02,-2353.416772,-57.557413,235.042939,0.181,8.984,0.019,0.000,0.000,0.000
4508,4.508000,620826.328685,-1320512.666460,-699686.337775,3.116398e-02,-2353.811659,-57.552629,234.366616,0.185,3.949,0.019,0.000,0.000,0.000
4509,4.509000,620810.707504,-1320494.401441,-699683.693937,3.116764e-02,-2354.558100,-56.996176,234.107228,0.198,9.009,0.020,0.000,0.000,0.000
4510,4.510000,620794.245177,-1320475.871201,-699681.626024,3.117050e-02,-2355.124931,-56.615096,234.147999,0.204,3.863,0.019,0.000,0.000,0.000
4511,4.511000,620776.920779,-1320457.112040,-699680.191261,3.117249e-02,-2355.381344,-56.503684,234.265797,0.191,6.439,0.024,0.000,0.000,0.000
4512,4.512000,620759.760030,-1320438.161894,-699678.401864,3.117497e-02,-2355.566834,-56.318681,234.367772,0.184,6.450,0.022,0.000,0.000,0.000
4513,4.513000,620743.446253,-1320419.081989,-699675.635736,3.117880e-02,-2355.432117,-56.427786,234.143367,0.180,6.385,0.019,0.000,0.000,0.000
4514,4.514000,620727.609847,-1320399.794738,-699672.184890,3.118357e-02,-2355.337242,-56.229339,233.869088,0.186,3.946,0.019,0.000,0.000,0.000
4515,4.515000,620711.219430,-1320380.319058,-699669.099629,3.118785e-02,-2355.225465,-56.086885,233.568466,0.199,10.165,0.021,0.000,0.000,0.000
4516,4.516000,620693.740538,-1320360.706383,-699666.965845,3.119080e-02,-2354.841928,-56.592773,233.083204,0.221,10.264,0.024,0.000,0.000,0.000
4517,4.517000,620675.576780,-1320340.968069,-699665.391288,3.119298e-02,-2354.476938,-56.808276,232.876704,0.205,5.161,0.024,0.000,0.000,0.000
4518,4.518000,620658.073176,-1320321.103824,-699663.030648,3.119625e-02,-2354.343556,-56.746350,232.977626,0.193,8.755,0.022,0.000,0.000,0.000
4519,4.519000,620641.286523,-1320301.184278,-699659.897755,3.120059e-02,-2354.289788,-56.764086,233.083472,0.197,7.745,0.019,0.000,0.000,0.000
4520,4.520000,620624.591038,-1320281.251112,-699656.660074,3.120507e-02,-2354.105590,-56.893031,233.021917,0.194,3.931,0.027,0.000,0.000,0.000
4521,4.521000,620608.433663,-1320261.286872,-699652.853209,3.121034e-02,-2354.055992,-56.883701,232.903031,0.198,8.960,0.021,0.000,0.000,0.000
4522,4.522000,620591.848233,-1320241.215136,-699649.366904,3.121517e-02,-2353.972512,-57.230325,232.505272,0.194,3.611,0.018,0.000,0.000,0.000
4523,4.523000,620574.580746,-1320220.995456,-699646.414710,3.121926e-02,-2353.741490,-57.694896,232.059381,0.216,6.415,0.023,0.000,0.000,0.000
4524,4.524000,620557.279559,-1320200.689107,-699643.409548,3.122342e-02,-2353.641859,-57.632200,232.072266,0.268,6.455,0.030,0.000,0.000,0.000
4525,4.525000,620539.835280,-1320180.303372,-699640.468092,3.122749e-02,-2353.661347,-57.468035,232.194899,0.259,3.957,0.021,0.000,0.000,0.000
4526,4.526000,620522.717954,-1320159.834268,-699637.116314,3.123213e-02,-2353.745798,-57.301458,232.256391,0.207,10.251,0.025,0.000,0.000,0.000
4527,4.527000,620505.591573,-1320139.270605,-699633.679032,3.123689e-02,-2353.850382,-57.141714,232.316610,0.221,5.220,0.023,0.000,0.000,0.000
4528,4.528000,620488.276883,-1320118.609993,-699630.333110,3.124153e-02,-2353.812056,-56.990195,232.398389,0.202,5.167,0.025,0.000,0.000,0.000
4529,4.529000,620470.694618,-1320097.850775,-699627.156157,3.124592e-02,-2353.896676,-56.604828,232.502860,0.200,5.131,0.027,0.000,0.000,0.000
4530,4.530000,620452.920567,-1320076.935676,-699624.015109,3.125027e-02,-2354.118289,-56.155202,232.478297,0.234,8.846,0.030,0.000,0.000,0.000
4531,4.531000,620435.090865,-1320055.886344,-699620.795480,3.125473e-02,-2354.334187,-56.049837,231.907154,0.211,3.915,0.027,0.000,0.000,0.000
4532,4.532000,620416.585551,-1320034.600630,-699618.015079,3.125858e-02,-2354.424490,-56.131153,231.424087,0.205,10.091,0.021,0.000,0.000,0.000
4533,4.533000,620398.321564,-1320013.193279,-699614.871715,3.126293e-02,-2354.345213,-56.141123,231.412082,0.207,10.074,0.019,0.000,0.000,0.000
4534,4.534000,620381.075581,-1319991.687601,-699610.612020,3.126883e-02,-2354.047232,-57.269729,230.276933,0.211,3.871,0.024,0.000,0.000,0.000
4535,4.535000,620362.098366,-1319969.722603,-699607.624237,3.127297e-02,-2353.554674,-58.649493,228.844999,0.199,8.849,0.030,0.000,0.000,0.000
4536,4.536000,620341.692456,-1319947.531911,-699605.839455,3.127544e-02,-2353.340226,-58.957343,228.540554,0.197,6.481,0.020,0.000,0.000,0.000
4537,4.537000,620321.483314,-1319925.156782,-699603.673468,3.127844e-02,-2353.227623,-59.265757,227.997386,0.223,7.652,0.031,0.000,0.000,0.000
4538,4.538000,620300.419679,-1319902.489243,-699602.069564,3.128066e-02,-2353.163602,-59.426598,227.336227,0.227,3.932,0.021,0.000,0.000,0.000
4539,4.539000,620279.106218,-1319879.672931,-699600.566713,3.128274e-02,-2352.209854,-59.337853,226.680720,0.204,10.120,0.021,0.000,0.000,0.000
4540,4.540000,620257.390604,-1319856.189563,-699598.798959,3.128519e-02,-2351.279009,-59.738791,225.757636,0.221,10.196,0.020,0.000,0.000,0.000
4541,4.541000,620235.584250,-1319832.368001,-699596.783751,3.128798e-02,-2351.470262,-61.048436,225.316592,0.213,3.873,0.020,0.000,0.000,0.000
4542,4.542000,620212.621304,-1319808.161851,-699595.540548,3.128970e-02,-2351.082520,-61.671819,225.538971,0.201,6.456,0.025,0.000,0.000,0.000
4543,4.543000,620188.283176,-1319783.247335,-699594.964159,3.129050e-02,-2350.602596,-61.830285,225.557497,0.189,6.478,0.021,0.000,0.000,0.000
4544,4.544000,620165.105813,-1319757.851453,-699592.745640,3.129357e-02,-2350.447907,-64.025551,224.214874,0.203,6.479,0.020,0.000,0.000,0.000
4545,4.545000,620142.858682,-1319731.663366,-699588.804684,3.129903e-02,-2349.944949,-67.762996,222.025003,0.195,3.926,0.024,0.000,0.000,0.000
4546,4.546000,620119.236489,-1319704.603183,-699585.366694,3.130379e-02,-2349.753203,-69.622475,220.987956,0.188,10.256,0.023,0.000,0.000,0.000
4547,4.547000,620094.556400,-1319677.197425,-699582.641025,3.130756e-02,-2349.858122,-69.979368,220.709628,0.192,10.263,0.019,0.000,0.000,0.000
4548,4.548000,620069.315123,-1319649.302246,-699579.987123,3.131124e-02,-2349.806752,-70.452447,220.264627,0.210,3.894,0.019,0.000,0.000,0.000
4549,4.549000,620043.648543,-1319621.103428,-699577.454886,3.131474e-02,-2349.519550,-71.013028,219.704830,0.188,3.921,0.025,0.000,0.000,0.000
4550,4.550000,620016.838366,-1319592.533007,-699575.694641,3.131718e-02,-2349.594232,-71.188391,219.299928,0.201,8.529,0.020,0.000,0.000,0.000
4551,4.551000,619987.777642,-1319563.676035,-699575.898393,3.131690e-02,-2349.310675,-70.247511,219.551240,0.202,5.173,0.020,0.000,0.000,0.000
4552,4.552000,619957.883533,-1319534.298016,-699576.414483,3.131618e-02,-2348.459956,-69.464234,219.736698,0.190,6.467,0.020,0.000,0.000,0.000
4553,4.553000,619929.332215,-1319504.680748,-699575.348532,3.131766e-02,-2348.165853,-69.303557,219.588504,0.188,7.676,0.022,0.000,0.000,0.000
4554,4.554000,619901.362527,-1319474.740441,-699573.377914,3.132039e-02,-2348.081015,-69.298644,219.423122,0.183,3.953,0.024,0.000,0.000,0.000
4555,4.555000,619872.839083,-1319444.619911,-699571.780828,3.132260e-02,-2347.673585,-69.097132,219.523685,0.184,8.973,0.020,0.000,0.000,0.000
4556,4.556000,619844.533427,-1319414.316235,-699569.782808,3.132537e-02,-2347.283419,-68.802180,219.631476,0.231,3.876,0.028,0.000,0.000,0.000
4557,4.557000,619816.810003,-1319383.878631,-699567.068628,3.132913e-02,-2347.171211,-68.645500,219.682774,0.207,9.936,0.023,0.000,0.000,0.000
4558,4.558000,619789.181637,-1319353.338493,-699564.156856,3.133316e-02,-2346.953889,-68.591249,219.856109,0.193,3.860,0.020,0.000,0.000,0.000
4559,4.559000,619760.759159,-1319322.726581,-699561.967422,3.133619e-02,-2346.701373,-68.750333,219.793515,0.191,8.950,0.024,0.000,0.000,0.000
4560,4.560000,619732.136473,-1319291.923934,-699559.787461,3.133921e-02,-2346.198197,-69.547051,219.119740,0.245,5.151,0.035,0.000,0.000,0.000
4561,4.561000,619703.769389,-1319260.924550,-699557.155161,3.134285e-02,-2345.735612,-70.766800,218.210544,0.263,7.684,0.036,0.000,0.000,0.000
4562,4.562000,619674.307237,-1319229.783192,-699555.475955,3.134518e-02,-2345.062106,-71.613668,217.092597,0.286,3.886,0.036,0.000,0.000,0.000
4563,4.563000,619643.646233,-1319198.276033,-699554.629801,3.134635e-02,-2344.149665,-71.684512,216.409854,0.262,10.241,0.036,0.000,0.000,0.000
4564,4.564000,619611.827525,-1319166.613011,-699554.785486,3.134613e-02,-2343.214396,-71.205136,216.141059,0.250,4.905,0.033,0.000,0.000,0.000
4565,4.565000,619579.674420,-1319134.740694,-699555.066273,3.134575e-02,-2342.520667,-70.761164,215.595983,0.227,6.457,0.025,0.000,0.000,0.000
4566,4.566000,619547.478787,-1319102.828778,-699555.349992,3.134535e-02,-2341.978035,-70.291286,215.035484,0.208,6.476,0.021,0.000,0.000,0.000
4567,4.567000,619514.593943,-1319070.725642,-699556.131699,3.134427e-02,-2341.084704,-69.606590,214.474499,0.216,7.726,0.022,0.000,0.000,0.000
4568,4.568000,619482.571100,-1319038.420400,-699555.849300,3.134466e-02,-2340.057844,-68.858096,214.176627,0.208,8.994,0.021,0.000,0.000,0.000
4569,4.569000,619451.687862,-1319005.802146,-699554.114283,3.134706e-02,-2338.814872,-68.081207,213.995565,0.201,3.878,0.020,0.000,0.000,0.000
4570,4.570000,619421.005880,-1318972.830122,-699551.824242,3.135023e-02,-2338.203540,-67.985364,213.728811,0.208,10.286,0.022,0.000,0.000,0.000
4571,4.571000,619390.642311,-1318939.732655,-699549.090344,3.135402e-02,-2338.136713,-68.390829,213.539477,0.210,10.169,0.025,0.000,0.000,0.000
4572,4.572000,619359.875117,-1318906.508950,-699546.633833,3.135742e-02,-2337.671415,-68.644801,213.619862,0.228,3.880,0.024,0.000,0.000,0.000
4573,4.573000,619328.107674,-1318873.002158,-699544.894484,3.135983e-02,-2337.085742,-68.740351,214.200412,0.201,5.110,0.020,0.000,0.000,0.000
4574,4.574000,619296.358136,-1318839.297635,-699542.939499,3.136254e-02,-2336.829216,-68.804104,214.573782,0.204,5.166,0.019,0.000,0.000,0.000
4575,4.575000,619265.198888,-1318805.394582,-699540.195694,3.136634e-02,-2336.791228,-69.034209,214.557752,0.212,6.390,0.022,0.000,0.000,0.000
4576,4.576000,619234.073890,-1318771.252372,-699537.178482,3.137051e-02,-2336.906373,-69.199188,214.669616,0.222,10.216,0.026,0.000,0.000,0.000
4577,4.577000,619202.619564,-1318736.821486,-699534.201923,3.137464e-02,-2337.183339,-69.199777,214.738452,0.248,10.291,0.036,0.000,0.000,0.000
4578,4.578000,619170.834544,-1318702.054076,-699531.219533,3.137876e-02,-2337.051859,-69.558461,214.708449,0.223,5.213,0.023,0.000,0.000,0.000
4579,4.579000,619138.571364,-1318666.871722,-699528.300358,3.138281e-02,-2336.723162,-70.125109,214.588546,0.211,5.083,0.024,0.000,0.000,0.000
4580,4.580000,619106.128308,-1318631.413768,-699525.285460,3.138698e-02,-2336.731671,-70.294859,214.482663,0.208,6.355,0.029,0.000,0.000,0.000
4581,4.581000,619073.428612,-1318595.704400,-699522.275788,3.139115e-02,-2336.663582,-70.783295,214.026890,0.221,7.641,0.022,0.000,0.000,0.000
4582,4.582000,619039.705613,-1318559.602983,-699519.897370,3.139444e-02,-2336.552440,-71.302020,213.528426,0.203,8.974,0.021,0.000,0.000,0.000
4583,4.583000,619005.281464,-1318523.221879,-699517.940415,3.139715e-02,-2336.384105,-71.490897,213.629126,0.201,3.929,0.026,0.000,0.000,0.000
4584,4.584000,618971.149731,-1318486.566570,-699515.416839,3.140065e-02,-2336.098589,-72.120916,213.316028,0.199,10.190,0.024,0.000,0.000,0.000
4585,4.585000,618936.466376,-1318449.520891,-699513.054515,3.140392e-02,-2335.807144,-73.096027,212.414254,0.203,5.192,0.022,0.000,0.000,0.000
4586,4.586000,618900.387519,-1318412.099013,-699511.711494,3.140578e-02,-2335.522858,-73.704520,211.875880,0.199,8.931,0.032,0.000,0.000,0.000
4587,4.587000,618863.467359,-1318374.396387,-699510.929028,3.140686e-02,-2335.379187,-73.675348,211.520398,0.189,6.453,0.020,0.000,0.000,0.000
4588,4.588000,618826.345529,-1318336.364426,-699510.018897,3.140812e-02,-2335.399489,-73.782931,211.007991,0.192,3.929,0.030,0.000,0.000,0.000
4589,4.589000,618789.209611,-1318297.958318,-699508.748708,3.140988e-02,-2335.486870,-74.316212,210.831425,0.214,10.246,0.019,0.000,0.000,0.000
4590,4.590000,618751.742495,-1318259.248155,-699507.505660,3.141160e-02,-2335.579948,-74.892650,210.978273,0.197,3.868,0.020,0.000,0.000,0.000
4591,4.591000,618714.423433,-1318220.215555,-699505.792122,3.141397e-02,-2335.863066,-75.088895,210.851681,0.185,6.451,0.022,0.000,0.000,0.000
4592,4.592000,618677.205211,-1318180.922597,-699503.717386,3.141685e-02,-2336.317828,-75.233705,210.959206,0.186,6.464,0.021,0.000,0.000,0.000
4593,4.593000,618639.670031,-1318141.259001,-699501.588970,3.141979e-02,-2337.805309,-75.302778,212.738661,0.183,6.378,0.023,0.000,0.000,0.000
4594,4.594000,618600.569270,-1318101.019190,-699500.449920,3.142137e-02,-2339.237728,-75.548643,214.286678,0.256,8.203,0.028,0.000,0.000,0.000
4595,4.595000,618559.586795,-1318060.388682,-699500.801888,3.142088e-02,-2339.392153,-76.452457,214.184861,0.289,4.959,0.055,0.000,0.000,0.000
4596,4.596000,618518.925693,-1318019.430951,-699500.505258,3.142129e-02,-2339.771664,-77.245708,214.349647,0.301,6.224,0.050,0.000,0.000,0.000
4597,4.597000,618478.864638,-1317978.123422,-699499.258784,3.142302e-02,-2340.166972,-77.781376,214.720083,0.281,7.455,0.041,0.000,0.000,0.000
4598,4.598000,618438.671306,-1317936.524592,-699497.853286,3.142497e-02,-2340.294892,-78.362212,214.798641,0.231,9.012,0.029,0.000,0.000,0.000
4599,4.599000,618398.815789,-1317894.613980,-699495.798191,3.142781e-02,-2340.513712,-79.021233,215.119039,0.208,3.926,0.024,0.000,0.000,0.000
4600,4.600000,618358.262981,-1317852.388592,-699494.125611,3.143013e-02,-2340.667188,-79.556412,215.420665,0.210,9.020,0.021,0.000,0.000,0.000
4601,4.601000,618317.025958,-1317809.822671,-699492.796713,3.143197e-02,-2340.798390,-79.612207,215.315871,0.212,3.876,0.024,0.000,0.000,0.000
4602,4.602000,618275.643616,-1317766.946396,-699491.302780,3.143404e-02,-2340.965369,-79.830930,215.024761,0.205,10.237,0.021,0.000,0.000,0.000
4603,4.603000,618233.154287,-1317723.676808,-699490.522521,3.143512e-02,-2341.162812,-80.523966,215.058651,0.204,5.135,0.023,0.000,0.000,0.000
4604,4.604000,618189.817609,-1317679.950870,-699490.133262,3.143566e-02,-2341.452617,-81.064923,215.352489,0.195,7.695,0.024,0.000,0.000,0.000
4605,4.605000,618145.799185,-1317635.757938,-699489.958754,3.143590e-02,-2341.703490,-81.738120,215.317191,0.206,3.951,0.021,0.000,0.000,0.000
4606,4.606000,618101.606100,-1317591.182722,-699489.576622,3.143643e-02,-2342.065605,-82.680920,215.367065,0.200,8.793,0.020,0.000,0.000,0.000
4607,4.607000,618057.963768,-1317546.165378,-699488.201610,3.143833e-02,-2342.675018,-83.319222,215.546080,0.199,3.889,0.022,0.000,0.000,0.000
4608,4.608000,618013.695557,-1317500.787334,-699487.091777,3.143987e-02,-2343.289244,-83.329899,215.426055,0.192,8.821,0.021,0.000,0.000,0.000
4609,4.609000,617968.077233,-1317455.050175,-699486.972942,3.144003e-02,-2343.761016,-83.410312,215.467797,0.192,3.929,0.020,0.000,0.000,0.000
4610,4.610000,617922.033591,-1317409.027515,-699486.993924,3.144000e-02,-2344.483913,-83.144338,215.697106,0.189,7.684,0.020,0.000,0.000,0.000
4611,4.611000,617876.004519,-1317362.745973,-699486.741453,3.144035e-02,-2345.192880,-83.008854,215.585764,0.183,3.887,0.019,0.000,0.000,0.000
4612,4.612000,617829.694082,-1317316.293607,-699486.599525,3.144055e-02,-2345.922072,-83.160370,215.772969,0.193,9.987,0.020,0.000,0.000,0.000
4613,4.613000,617783.057384,-1317269.707187,-699486.649804,3.144048e-02,-2346.646654,-83.291741,216.017658,0.189,5.121,0.050,0.000,0.000,0.000
4614,4.614000,617736.257986,-1317223.027944,-699486.769957,3.144031e-02,-2346.723863,-83.596805,215.431500,0.188,8.893,0.022,0.000,0.000,0.000
4615,4.615000,617689.873202,-1317176.263431,-699486.390229,3.144084e-02,-2346.881883,-83.504185,214.735073,0.195,7.645,0.025,0.000,0.000,0.000
4616,4.616000,617643.765751,-1317129.416947,-699485.651197,3.144186e-02,-2347.249144,-83.609968,214.440463,0.228,3.951,0.023,0.000,0.000,0.000
4617,4.617000,617597.178264,-1317082.518072,-699485.339808,3.144229e-02,-2347.589002,-83.651036,214.105234,0.234,9.002,0.028,0.000,0.000,0.000
4618,4.618000,617550.058341,-1317035.567575,-699485.509234,3.144206e-02,-2347.832772,-83.941700,213.257428,0.226,3.937,0.023,0.000,0.000,0.000
4619,4.619000,617502.562640,-1316988.607899,-699486.045259,3.144132e-02,-2347.880312,-84.407077,212.311160,0.214,5.161,0.023,0.000,0.000,0.000
4620,4.620000,617455.699070,-1316941.716270,-699486.017200,3.144136e-02,-2348.117008,-84.271802,212.179534,0.206,5.131,0.023,0.000,0.000,0.000
4621,4.621000,617409.364434,-1316894.919878,-699485.555444,3.144199e-02,-2348.945138,-83.949435,212.537301,0.195,6.386,0.020,0.000,0.000,0.000
4622,4.622000,617363.587533,-1316848.166260,-699484.578727,3.144335e-02,-2350.619728,-83.383858,213.645585,0.218,10.150,0.021,0.000,0.000,0.000
4623,4.623000,617317.591644,-1316801.379492,-699483.787848,3.144444e-02,-2351.850087,-83.042078,214.558867,0.229,5.130,0.028,0.000,0.000,0.000
4624,4.624000,617271.933383,-1316754.738706,-699482.805323,3.144580e-02,-2352.479113,-82.996361,214.828083,0.232,5.146,0.025,0.000,0.000,0.000
4625,4.625000,617227.545910,-1316708.282379,-699480.736469,3.144867e-02,-2353.307775,-82.986917,215.299686,0.204,6.406,0.023,0.000,0.000,0.000
4626,4.626000,617183.206663,-1316661.968299,-699478.761636,3.145140e-02,-2354.041425,-83.132963,215.591479,0.208,6.396,0.024,0.000,0.000,0.000
4627,4.627000,617139.052441,-1316615.838647,-699476.786206,3.145414e-02,-2354.698006,-83.228775,215.910728,0.202,8.961,0.028,0.000,0.000,0.000
4628,4.628000,617095.775011,-1316569.900808,-699474.125798,3.145782e-02,-2355.267982,-83.349276,216.199085,0.203,3.859,0.026,0.000,0.000,0.000
4629,4.629000,617053.084515,-1316524.162710,-699471.078195,3.146204e-02,-2355.894816,-83.388661,216.468050,0.223,5.148,0.026,0.000,0.000,0.000
4630,4.630000,617010.317237,-1316478.611250,-699468.294013,3.146590e-02,-2356.345435,-83.426297,216.635247,0.238,5.132,0.029,0.000,0.000,0.000
4631,4.631000,616967.176028,-1316433.287312,-699466.111284,3.146892e-02,-2356.781853,-83.534483,216.829010,0.210,6.404,0.020,0.000,0.000,0.000
4632,4.632000,616924.067229,-1316388.135553,-699464.068324,3.147175e-02,-2357.446692,-83.645976,216.941277,0.208,10.228,0.020,0.000,0.000,0.000
4633,4.633000,616881.452325,-1316343.139075,-699461.686750,3.147505e-02,-2358.331828,-83.699658,217.042473,0.205,5.237,0.022,0.000,0.000,0.000
4634,4.634000,616840.994913,-1316298.215148,-699457.220234,3.148123e-02,-2362.096165,-81.809728,221.273475,0.209,5.177,0.022,0.000,0.000,0.000
4635,4.635000,616799.951753,-1316252.438577,-699452.486824,3.148778e-02,-2365.684304,-80.077275,225.387002,0.210,6.467,0.030,0.000,0.000,0.000
4636,4.636000,616757.482315,-1316206.777499,-699449.295184,3.149220e-02,-2366.854915,-80.291899,225.870357,0.193,3.933,0.022,0.000,0.000,0.000
4637,4.637000,616715.374486,-1316161.052350,-699445.677864,3.149721e-02,-2368.270675,-80.212945,226.705571,0.188,10.248,0.025,0.000,0.000,0.000
4638,4.638000,616672.846507,-1316115.252438,-699442.405931,3.150174e-02,-2369.278080,-80.038388,227.315371,0.229,3.877,0.025,0.000,0.000,0.000
4639,4.639000,616629.643491,-1316069.388491,-699439.745000,3.150543e-02,-2369.653621,-80.194445,227.234978,0.202,5.113,0.022,0.000,0.000,0.000
4640,4.640000,616586.046400,-1316023.454539,-699437.408139,3.150866e-02,-2369.597788,-80.531381,226.677639,0.243,5.219,0.029,0.000,0.000,0.000
4641,4.641000,616542.452679,-1315977.376311,-699434.923632,3.151210e-02,-2370.178735,-80.358804,226.627232,0.224,6.416,0.020,0.000,0.000,0.000
4642,4.642000,616498.181092,-1315930.976991,-699432.795900,3.151505e-02,-2370.835310,-80.004866,226.778399,0.195,10.257,0.019,0.000,0.000,0.000
4643,4.643000,616452.954075,-1315884.321658,-699431.367583,3.151703e-02,-2371.323626,-79.881390,226.888602,0.217,3.887,0.024,0.000,0.000,0.000
4644,4.644000,616407.760545,-1315837.322279,-699429.561735,3.151953e-02,-2372.113331,-79.777499,227.277846,0.204,8.997,0.022,0.000,0.000,0.000
4645,4.645000,616362.428069,-1315789.978084,-699427.550015,3.152231e-02,-2373.071433,-79.403519,227.619893,0.199,5.198,0.025,0.000,0.000,0.000
4646,4.646000,616316.060218,-1315742.214476,-699426.154258,3.152425e-02,-2373.997904,-79.067630,227.740962,0.202,3.947,0.020,0.000,0.000,0.000
4647,4.647000,616269.170404,-1315694.022294,-699424.851890,3.152605e-02,-2375.241240,-79.010676,228.269505,0.187,10.263,0.018,0.000,0.000,0.000
4648,4.648000,616222.003909,-1315645.264722,-699423.260813,3.152825e-02,-2376.565435,-78.974178,228.841544,0.237,10.024,0.024,0.000,0.000,0.000
4649,4.649000,616174.833081,-1315596.076826,-699421.243745,3.153105e-02,-2377.072758,-79.158558,228.625438,0.193,3.863,0.018,0.000,0.000,0.000
4650,4.650000,616127.005031,-1315546.482920,-699419.477890,3.153349e-02,-2377.658881,-78.937880,228.447427,0.197,6.415,0.026,0.000,0.000,0.000
4651,4.651000,616077.743818,-1315496.461822,-699418.718004,3.153454e-02,-2378.533496,-77.986914,228.478917,0.245,6.467,0.029,0.000,0.000,0.000
4652,4.652000,616027.853238,-1315445.913994,-699418.060756,3.153545e-02,-2379.250737,-76.989302,228.070542,0.220,6.393,0.020,0.000,0.000,0.000
4653,4.653000,615977.398299,-1315394.836077,-699417.437779,3.153632e-02,-2379.682673,-76.091668,227.679944,0.200,8.954,0.020,0.000,0.000,0.000
4654,4.654000,615926.766811,-1315343.307508,-699416.540697,3.153756e-02,-2379.934970,-75.055040,227.913241,0.199,5.211,0.019,0.000,0.000,0.000
4655,4.655000,615876.370731,-1315291.423183,-699415.052452,3.153962e-02,-2380.815341,-74.638110,228.294524,0.192,6.392,0.018,0.000,0.000,0.000
4656,4.656000,615825.280823,-1315239.157113,-699413.876291,3.154125e-02,-2382.053337,-74.463132,228.621076,0.204,7.724,0.023,0.000,0.000,0.000
4657,4.657000,615773.254095,-1315186.509336,-699413.255241,3.154211e-02,-2382.512527,-73.866683,228.506253,0.192,5.126,0.020,0.000,0.000,0.000
4658,4.658000,615720.932810,-1315133.553377,-699412.620567,3.154299e-02,-2382.532852,-73.461184,227.812190,0.199,8.908,0.027,0.000,0.000,0.000
4659,4.659000,615668.111015,-1315080.222509,-699412.111494,3.154369e-02,-2382.760193,-73.454110,227.187484,0.253,3.876,0.025,0.000,0.000,0.000
4660,4.660000,615614.596511,-1315026.602414,-699412.005904,3.154384e-02,-2382.887092,-73.360289,226.595219,0.228,9.915,0.021,0.000,0.000,0.000
4661,4.661000,615560.982347,-1314972.649490,-699411.667143,3.154431e-02,-2382.811067,-73.138878,226.067806,0.211,10.157,0.028,0.000,0.000,0.000
4662,4.662000,615508.744937,-1314918.350495,-699409.605558,3.154716e-02,-2382.878680,-72.948699,225.682283,0.210,3.863,0.024,0.000,0.000,0.000
4663,4.663000,615457.330960,-1314863.661620,-699406.330660,3.155170e-02,-2383.226377,-72.955378,225.293543,0.204,5.180,0.019,0.000,0.000,0.000
4664,4.664000,615405.501100,-1314808.634677,-699403.133577,3.155612e-02,-2383.418197,-72.907288,224.803455,0.229,5.203,0.021,0.000,0.000,0.000
4665,4.665000,615352.988159,-1314753.243627,-699400.255468,3.156011e-02,-2383.412214,-72.479619,224.237575,0.215,6.390,0.024,0.000,0.000,0.000
4666,4.666000,615299.681404,-1314697.501891,-699397.820487,3.156348e-02,-2383.504591,-72.174271,223.958560,0.204,10.246,0.050,0.000,0.000,0.000
4667,4.667000,615245.608605,-1314641.390806,-699395.782201,3.156630e-02,-2383.685005,-71.522079,223.968180,0.225,3.932,0.022,0.000,0.000,0.000
4668,4.668000,615191.638827,-1314585.083670,-699393.444843,3.156954e-02,-2384.195958,-71.054312,223.888782,0.197,8.958,0.018,0.000,0.000,0.000
4669,4.669000,615137.841576,-1314528.550828,-699390.709252,3.157333e-02,-2384.672017,-71.351491,223.399908,0.198,3.935,0.020,0.000,0.000,0.000
4670,4.670000,615082.966864,-1314471.873878,-699388.907014,3.157582e-02,-2384.963560,-71.619224,222.488344,0.189,8.972,0.019,0.000,0.000,0.000
4671,4.671000,615027.202946,-1314415.043189,-699387.840243,3.157730e-02,-2385.505631,-71.914630,222.005311,0.193,3.876,0.018,0.000,0.000,0.000
4672,4.672000,614971.428856,-1314358.157485,-699386.728629,3.157884e-02,-2386.156771,-72.024422,222.114629,0.195,6.392,0.018,0.000,0.000,0.000
4673,4.673000,614915.642013,-1314301.298199,-699385.656186,3.158032e-02,-2386.506662,-72.121565,221.887102,0.198,6.381,0.020,0.000,0.000,0.000
4674,4.674000,614860.200080,-1314244.482666,-699384.282586,3.158222e-02,-2386.761602,-72.641904,221.414729,0.199,3.871,0.019,0.000,0.000,0.000
4675,4.675000,614804.885498,-1314187.634703,-699382.749204,3.158435e-02,-2387.112835,-72.916133,221.219511,0.201,10.259,0.027,0.000,0.000,0.000
4676,4.676000,614749.440304,-1314130.750350,-699381.310046,3.158634e-02,-2387.076113,-73.443941,221.098839,0.223,10.260,0.026,0.000,0.000,0.000
4677,4.677000,614693.757648,-1314073.838586,-699380.080938,3.158804e-02,-2387.227686,-73.613318,221.023076,0.186,3.917,0.020,0.000,0.000,0.000
4678,4.678000,614638.026402,-1314016.918514,-699378.892112,3.158969e-02,-2387.787605,-73.195604,221.091901,0.185,5.125,0.021,0.000,0.000,0.000
4679,4.679000,614583.240321,-1313960.017202,-699376.776881,3.159262e-02,-2388.318251,-73.259561,221.110434,0.189,5.131,0.023,0.000,0.000,0.000
4680,4.680000,614528.606457,-1313903.110832,-699374.504374,3.159576e-02,-2388.989811,-73.583159,220.853041,0.215,6.453,0.022,0.000,0.000,0.000
4681,4.681000,614473.044572,-1313846.164282,-699373.119710,3.159768e-02,-2389.524592,-74.078830,220.456652,0.204,10.204,0.023,0.000,0.000,0.000
4682,4.682000,614417.027271,-1313789.131569,-699372.104298,3.159909e-02,-2389.758304,-74.510642,220.105335,0.208,3.867,0.027,0.000,0.000,0.000
4683,4.683000,614360.617220,-1313732.194913,-699371.577693,3.159982e-02,-2389.491036,-74.905985,220.300847,0.188,5.117,0.022,0.000,0.000,0.000
4684,4.684000,614304.789915,-1313675.105297,-699370.315381,3.160156e-02,-2389.429296,-75.236321,220.744455,0.229,5.196,0.022,0.000,0.000,0.000
4685,4.685000,614250.182552,-1313618.020347,-699367.837795,3.160500e-02,-2389.741116,-75.772798,220.577856,0.200,6.386,0.022,0.000,0.000,0.000
4686,4.686000,614195.336885,-1313560.953459,-699365.616574,3.160807e-02,-2389.997396,-75.847813,220.537874,0.198,10.247,0.019,0.000,0.000,0.000
4687,4.687000,614140.177115,-1313503.870910,-699363.693796,3.161073e-02,-2390.678127,-75.191482,220.981163,0.198,10.039,0.026,0.000,0.000,0.000
4688,4.688000,614084.456085,-1313446.664246,-699362.208161,3.161279e-02,-2390.997951,-74.944297,221.601108,0.219,3.869,0.028,0.000,0.000,0.000
4689,4.689000,614028.576469,-1313389.402008,-699360.825539,3.161470e-02,-2391.522031,-74.368690,222.773191,0.184,5.135,0.021,0.000,0.000,0.000
4690,4.690000,613973.305833,-1313331.914189,-699358.608356,3.161777e-02,-2392.386091,-73.708092,223.395864,0.227,5.221,0.021,0.000,0.000,0.000
4691,4.691000,613917.011196,-1313274.227256,-699357.216060,3.161970e-02,-2392.633743,-73.375203,223.261334,0.213,6.466,0.023,0.000,0.000,0.000
4692,4.692000,613859.893001,-1313216.392369,-699356.499368,3.162070e-02,-2393.233537,-72.877463,222.572836,0.184,10.187,0.019,0.000,0.000,0.000
4693,4.693000,613804.846075,-1313158.393608,-699353.547533,3.162478e-02,-2394.211783,-73.040190,221.511238,0.189,10.163,0.022,0.000,0.000,0.000
4694,4.694000,613749.905604,-1313100.020655,-699350.115051,3.162954e-02,-2394.772877,-73.651407,220.945799,0.210,3.892,0.025,0.000,0.000,0.000
4695,4.695000,613693.529600,-1313041.397840,-699347.868240,3.163265e-02,-2395.482207,-73.634356,221.165136,0.182,5.125,0.021,0.000,0.000,0.000
4696,4.696000,613637.032271,-1312982.657710,-699345.625439,3.163575e-02,-2396.512745,-73.560480,221.544137,0.211,5.204,0.022,0.000,0.000,0.000
4697,4.697000,613580.249023,-1312923.683864,-699343.434841,3.163879e-02,-2397.239478,-73.713042,221.877391,0.191,6.432,0.059,0.000,0.000,0.000
4698,4.698000,613523.116648,-1312864.745470,-699341.628822,3.164129e-02,-2397.536626,-73.543147,222.568136,0.183,10.230,0.018,0.000,0.000,0.000
4699,4.699000,613465.625425,-1312805.688940,-699340.063515,3.164345e-02,-2397.961094,-73.115093,222.847605,0.183,3.811,0.020,0.000,0.000,0.000
4700,4.700000,613408.989849,-1312746.624919,-699337.635070,3.164682e-02,-2398.983926,-72.620037,223.064932,0.223,8.960,0.023,0.000,0.000,0.000
4701,4.701000,613352.314111,-1312687.470588,-699335.156478,3.165025e-02,-2399.940751,-72.028418,223.778748,0.253,3.956,0.024,0.000,0.000,0.000
4702,4.702000,613294.652016,-1312628.276490,-699333.624474,3.165237e-02,-2400.692780,-71.341427,224.472404,0.215,9.024,0.021,0.000,0.000,0.000
4703,4.703000,613237.036119,-1312568.991295,-699331.955176,3.165468e-02,-2401.006772,-71.259170,224.315750,0.213,3.866,0.024,0.000,0.000,0.000
4704,4.704000,613179.801098,-1312509.770155,-699329.969057,3.165743e-02,-2400.799852,-71.555999,223.694042,0.200,10.236,0.019,0.000,0.000,0.000
4705,4.705000,613122.551683,-1312450.625197,-699328.073514,3.166006e-02,-2400.656287,-71.859300,223.208642,0.219,4.990,0.024,0.000,0.000,0.000
4706,4.706000,613065.401554,-1312391.524598,-699326.123044,3.166276e-02,-2400.432385,-72.282409,222.621383,0.204,9.013,0.019,0.000,0.000,0.000
4707,4.707000,613007.707362,-1312332.449065,-699324.741703,3.166467e-02,-2400.099580,-72.141928,222.339611,0.204,3.861,0.020,0.000,0.000,0.000
4708,4.708000,612949.962343,-1312273.477063,-699323.514720,3.166637e-02,-2399.569263,-71.326279,222.588242,0.208,7.670,0.020,0.000,0.000,0.000
4709,4.709000,612893.326905,-1312214.375610,-699321.048705,3.166978e-02,-2398.570959,-70.663346,222.566313,0.205,3.862,0.022,0.000,0.000,0.000
4710,4.710000,612836.328980,-1312155.056408,-699318.727428,3.167300e-02,-2397.917382,-70.567896,222.153202,0.197,10.033,0.024,0.000,0.000,0.000
4711,4.711000,612778.420407,-1312095.706654,-699317.286246,3.167499e-02,-2397.814537,-71.244494,221.967722,0.198,5.184,0.020,0.000,0.000,0.000
4712,4.712000,612720.120848,-1312036.302440,-699316.181591,3.167652e-02,-2397.352967,-71.794140,222.713392,0.194,8.991,0.018,0.000,0.000,0.000
4713,4.713000,612661.288854,-1311976.771829,-699315.482975,3.167749e-02,-2397.040674,-71.526691,223.779357,0.195,3.861,0.019,0.000,0.000,0.000
4714,4.714000,612602.848503,-1311917.188858,-699314.340355,3.167907e-02,-2397.054895,-71.158462,225.063933,0.187,8.970,0.019,0.000,0.000,0.000
4715,4.715000,612544.806358,-1311857.469755,-699312.663396,3.168139e-02,-2396.526779,-71.200843,227.545940,0.196,3.936,0.019,0.000,0.000,0.000
4716,4.716000,612486.485638,-1311797.568867,-699311.083229,3.168358e-02,-2395.334652,-70.714667,227.726603,0.186,10.279,0.017,0.000,0.000,0.000
4717,4.717000,612427.844197,-1311737.464753,-699309.620556,3.168561e-02,-2394.585002,-70.135840,227.313230,0.192,10.328,0.018,0.000,0.000,0.000
4718,4.718000,612368.819273,-1311677.272548,-699308.453276,3.168722e-02,-2394.139836,-69.954591,228.881671,0.198,3.859,0.024,0.000,0.000,0.000
4719,4.719000,612309.367311,-1311617.035025,-699307.667714,3.168831e-02,-2393.593613,-69.361208,230.316285,0.191,8.890,0.019,0.000,0.000,0.000
4720,4.720000,612249.601793,-1311556.781122,-699307.179329,3.168899e-02,-2393.031726,-69.084471,231.571368,0.209,3.947,0.021,0.000,0.000,0.000
4721,4.721000,612191.369797,-1311496.587468,-699305.217672,3.169170e-02,-2392.402180,-68.851762,232.658248,0.224,8.912,0.021,0.000,0.000,0.000
4722,4.722000,612133.816927,-1311436.315521,-699302.498594,3.169547e-02,-2391.904298,-68.386387,233.998438,0.200,3.912,0.024,0.000,0.000,0.000
4723,4.723000,612075.896062,-1311376.144281,-699300.248218,3.169858e-02,-2391.629337,-67.898762,234.667087,0.201,6.374,0.021,0.000,0.000,0.000
4724,4.724000,612018.695280,-1311316.165464,-699297.470184,3.170243e-02,-2391.643904,-67.526424,234.566187,0.197,6.455,0.025,0.000,0.000,0.000
4725,4.725000,611961.163091,-1311256.353088,-699295.189997,3.170559e-02,-2391.451930,-66.847860,234.822012,0.193,6.354,0.019,0.000,0.000,0.000
4726,4.726000,611902.608424,-1311196.653861,-699294.045438,3.170717e-02,-2391.029775,-66.115016,235.676584,0.185,3.911,0.025,0.000,0.000,0.000
4727,4.727000,611844.420405,-1311137.186684,-699292.766280,3.170894e-02,-2390.486143,-65.826293,236.640663,0.187,10.244,0.021,0.000,0.000,0.000
4728,4.728000,611786.060775,-1311077.832362,-699291.771587,3.171032e-02,-2389.860909,-65.927032,237.246454,0.195,10.234,0.019,0.000,0.000,0.000
4729,4.729000,611728.591130,-1311018.703672,-699290.112542,3.171262e-02,-2388.696828,-65.452442,237.489068,0.183,5.122,0.022,0.000,0.000,0.000
4730,4.730000,611671.362101,-1310959.673597,-699288.311496,3.171511e-02,-2387.481792,-65.078677,237.943374,0.187,8.955,0.020,0.000,0.000,0.000
4731,4.731000,611613.546099,-1310900.900451,-699287.354351,3.171644e-02,-2386.454731,-64.638019,236.414284,0.181,9.026,0.026,0.000,0.000,0.000
4732,4.732000,611556.159747,-1310842.244816,-699286.085070,3.171820e-02,-2385.291697,-63.533728,232.466779,0.183,3.937,0.018,0.000,0.000,0.000
4733,4.733000,611498.839456,-1310783.829444,-699284.989989,3.171971e-02,-2383.908293,-62.899730,228.642575,0.190,8.991,0.019,0.000,0.000,0.000
4734,4.734000,611442.453595,-1310725.547554,-699283.093959,3.172234e-02,-2382.525144,-61.920740,226.815115,0.200,3.873,0.023,0.000,0.000,0.000
4735,4.735000,611386.808881,-1310667.430801,-699280.621919,3.172576e-02,-2381.236017,-60.856327,224.724367,0.227,10.338,0.026,0.000,0.000,0.000
4736,4.736000,611330.699205,-1310609.457878,-699278.758672,3.172834e-02,-2379.678098,-60.198539,220.736914,0.228,3.856,0.022,0.000,0.000,0.000
4737,4.737000,611275.182553,-1310551.669238,-699276.486685,3.173149e-02,-2378.740349,-59.123788,218.848818,0.209,9.040,0.026,0.000,0.000,0.000
4738,4.738000,611219.388521,-1310493.940933,-699274.552412,3.173416e-02,-2378.498328,-58.429930,218.814645,0.209,3.866,0.022,0.000,0.000,0.000
4739,4.739000,611163.332521,-1310436.547357,-699273.214836,3.173602e-02,-2378.814030,-58.141975,219.356272,0.195,8.690,0.019,0.000,0.000,0.000
4740,4.740000,611107.376319,-1310379.289791,-699271.913472,3.173782e-02,-2378.987884,-57.674036,219.756440,0.191,3.929,0.024,0.000,0.000,0.000
4741,4.741000,611051.096550,-1310322.273466,-699271.176916,3.173884e-02,-2378.566228,-57.687051,219.535942,0.199,10.258,0.021,0.000,0.000,0.000
4742,4.742000,610996.088583,-1310265.511004,-699269.422421,3.174127e-02,-2377.919472,-57.391845,217.458262,0.228,10.242,0.021,0.000,0.000,0.000
4743,4.743000,610940.686435,-1310208.928486,-699268.242052,3.174290e-02,-2377.145415,-57.150295,214.716973,0.209,3.872,0.021,0.000,0.000,0.000
4744,4.744000,610884.289650,-1310152.632362,-699268.342713,3.174276e-02,-2376.814921,-57.318764,213.843844,0.194,9.006,0.020,0.000,0.000,0.000
4745,4.745000,610828.664014,-1310096.639498,-699267.975484,3.174327e-02,-2376.777401,-57.594992,213.557751,0.200,3.935,0.022,0.000,0.000,0.000
4746,4.746000,610774.773005,-1310040.949781,-699266.176777,3.174576e-02,-2376.303415,-57.582828,211.636693,0.233,8.970,0.028,0.000,0.000,0.000
4747,4.747000,610721.818319,-1309985.237598,-699263.419279,3.174958e-02,-2375.569398,-57.169745,207.721093,0.212,3.897,0.025,0.000,0.000,0.000
4748,4.748000,610668.478313,-1309929.666051,-699261.187738,3.175267e-02,-2375.876309,-56.616723,205.635859,0.205,10.241,0.022,0.000,0.000,0.000
4749,4.749000,610614.884934,-1309874.302255,-699259.417321,3.175512e-02,-2376.957141,-56.109661,206.285672,0.203,5.197,0.019,0.000,0.000,0.000
4750,4.750000,610562.214725,-1309819.151277,-699256.936552,3.175856e-02,-2377.064049,-55.655224,204.670759,0.199,9.011,0.020,0.000,0.000,0.000
4751,4.751000,610510.094527,-1309764.150740,-699254.056212,3.176255e-02,-2376.750856,-55.740571,202.258843,0.198,7.737,0.025,0.000,0.000,0.000
4752,4.752000,610457.016278,-1309709.410283,-699252.394004,3.176485e-02,-2377.333835,-55.794615,202.931001,0.188,3.952,0.022,0.000,0.000,0.000
4753,4.753000,610401.413284,-1309654.782651,-699253.369366,3.176350e-02,-2374.207654,-49.550230,198.000020,0.192,7.683,0.021,0.000,0.000,0.000
4754,4.754000,610344.651062,-1309598.320349,-699253.669287,3.176308e-02,-2370.769708,-43.700190,191.916675,0.223,3.858,0.029,0.000,0.000,0.000
4755,4.755000,610291.643367,-1309541.993736,-699250.350369,3.176768e-02,-2370.615849,-43.885013,189.016728,0.190,5.109,0.019,0.000,0.000,0.000
4756,4.756000,610239.489835,-1309485.608088,-699246.118253,3.177354e-02,-2369.930861,-43.601057,184.025146,0.192,5.127,0.019,0.000,0.000,0.000
4757,4.757000,610186.925134,-1309429.227559,-699242.302425,3.177882e-02,-2369.199844,-42.539527,179.484994,0.199,6.398,0.022,0.000,0.000,0.000
4758,4.758000,610134.078235,-1309372.802090,-699238.723855,3.178378e-02,-2368.330129,-41.633167,175.267627,0.187,10.259,0.019,0.000,0.000,0.000
4759,4.759000,610080.754533,-1309316.256138,-699235.501605,3.178824e-02,-2367.289065,-40.332738,171.364356,0.196,10.216,0.023,0.000,0.000,0.000
4760,4.760000,610025.829856,-1309259.493237,-699233.663380,3.179078e-02,-2366.117964,-38.725417,168.134788,0.214,3.879,0.026,0.000,0.000,0.000
4761,4.761000,609969.760795,-1309202.629559,-699232.868765,3.179188e-02,-2365.682941,-38.299729,166.239916,0.213,9.012,0.023,0.000,0.000,0.000
4762,4.762000,609913.640596,-1309145.810201,-699232.169605,3.179285e-02,-2365.421164,-38.849083,165.799443,0.205,8.903,0.019,0.000,0.000,0.000
4763,4.763000,609856.564684,-1309089.042826,-699232.478142,3.179242e-02,-2364.780600,-39.193966,165.970143,0.194,3.941,0.022,0.000,0.000,0.000
4764,4.764000,609799.469830,-1309032.376125,-699232.906295,3.179183e-02,-2364.591789,-39.113006,166.471533,0.197,8.982,0.020,0.000,0.000,0.000
4765,4.765000,609743.137858,-1308975.817547,-699232.679689,3.179214e-02,-2364.265101,-39.264415,166.919507,0.186,3.975,0.020,0.000,0.000,0.000
4766,4.766000,609688.124512,-1308919.347221,-699231.222709,3.179416e-02,-2363.955567,-39.859037,166.894390,0.199,9.688,0.021,0.000,0.000,0.000
4767,4.767000,609634.025994,-1308863.044394,-699229.018401,3.179721e-02,-2364.004917,-40.823797,166.487244,0.197,3.948,0.021,0.000,0.000,0.000
4768,4.768000,609579.979532,-1308806.970417,-699226.990885,3.180002e-02,-2364.245218,-42.331422,166.226895,0.190,3.870,0.022,0.000,0.000,0.000
4769,4.769000,609526.089017,-1308750.979912,-699224.890895,3.180293e-02,-2364.702866,-43.848637,166.026842,0.198,8.998,0.026,0.000,0.000,0.000
4770,4.770000,609472.852331,-1308695.172409,-699222.320078,3.180649e-02,-2365.435257,-44.992366,165.644049,0.193,5.170,0.019,0.000,0.000,0.000
4771,4.771000,609419.471571,-1308639.603578,-699220.132007,3.180952e-02,-2365.977145,-46.280007,165.167261,0.192,6.381,0.020,0.000,0.000,0.000
4772,4.772000,609365.459614,-1308584.363958,-699218.904343,3.181122e-02,-2366.162633,-47.146883,165.109250,0.192,7.707,0.026,0.000,0.000,0.000
4773,4.773000,609311.656335,-1308529.283047,-699217.626711,3.181299e-02,-2366.191965,-47.624682,165.842661,0.190,3.777,0.024,0.000,0.000,0.000
4774,4.774000,609258.133969,-1308474.544429,-699216.410461,3.181467e-02,-2366.148338,-48.254892,166.973341,0.186,8.980,0.021,0.000,0.000,0.000
4775,4.775000,609204.951328,-1308420.007814,-699215.056486,3.181655e-02,-2366.203676,-49.292256,167.109876,0.189,3.675,0.020,0.000,0.000,0.000
4776,4.776000,609152.746245,-1308365.836780,-699213.090535,3.181927e-02,-2366.328732,-50.399941,166.219182,0.185,9.018,0.023,0.000,0.000,0.000
4777,4.777000,609101.150978,-1308312.029255,-699210.878276,3.182233e-02,-2366.531696,-51.067024,165.639409,0.189,3.879,0.020,0.000,0.000,0.000
4778,4.778000,609049.998411,-1308258.698050,-699208.699639,3.182535e-02,-2366.717939,-51.599496,165.435853,0.194,7.659,0.020,0.000,0.000,0.000
4779,4.779000,608999.257694,-1308205.774287,-699206.516593,3.182837e-02,-2366.696232,-52.100711,164.954635,0.262,3.888,0.037,0.000,0.000,0.000
4780,4.780000,608949.007224,-1308153.216383,-699204.209159,3.183157e-02,-2366.753521,-52.645087,163.677515,0.222,10.313,0.022,0.000,0.000,0.000
4781,4.781000,608898.857212,-1308100.870257,-699202.013045,3.183461e-02,-2366.903635,-53.318472,162.487272,0.203,3.877,0.024,0.000,0.000,0.000
4782,4.782000,608848.574862,-1308048.790851,-699200.215989,3.183710e-02,-2366.927286,-54.190535,161.696103,0.238,8.665,0.025,0.000,0.000,0.000
4783,4.783000,608798.232438,-1307996.904073,-699198.671635,3.183923e-02,-2366.944054,-55.159392,160.937471,0.264,5.145,0.039,0.000,0.000,0.000
4784,4.784000,608748.437216,-1307945.205065,-699196.767849,3.184187e-02,-2367.277076,-55.966917,160.558550,0.219,8.931,0.021,0.000,0.000,0.000
4785,4.785000,608698.296285,-1307893.597129,-699195.300844,3.184390e-02,-2367.664190,-56.517098,160.418215,0.210,3.864,0.020,0.000,0.000,0.000
4786,4.786000,608647.736713,-1307842.193270,-699194.456558,3.184507e-02,-2367.936142,-56.893324,160.336298,0.205,10.242,0.019,0.000,0.000,0.000
4787,4.787000,608597.358769,-1307790.891372,-699193.532603,3.184635e-02,-2368.477993,-57.139614,160.082210,0.225,10.042,0.028,0.000,0.000,0.000
4788,4.788000,608546.840506,-1307739.712346,-699192.871841,3.184727e-02,-2368.590270,-57.467567,159.824433,0.213,3.915,0.023,0.000,0.000,0.000
4789,4.789000,608496.623595,-1307688.679349,-699192.055754,3.184840e-02,-2368.608209,-58.249856,159.631027,0.210,6.430,0.024,0.000,0.000,0.000
4790,4.790000,608446.218349,-1307637.594463,-699191.376115,3.184934e-02,-2369.006427,-59.436243,159.205968,0.198,5.117,0.020,0.000,0.000,0.000
4791,4.791000,608395.918275,-1307586.446913,-699190.528638,3.185051e-02,-2369.608140,-59.957838,158.923779,0.202,6.385,0.019,0.000,0.000,0.000
4792,4.792000,608346.002399,-1307535.483442,-699189.481044,3.185196e-02,-2370.216549,-60.278185,158.687360,0.233,8.971,0.024,0.000,0.000,0.000
4793,4.793000,608296.139882,-1307484.628904,-699188.489023,3.185333e-02,-2370.381091,-61.004137,158.389170,0.252,3.858,0.023,0.000,0.000,0.000
4794,4.794000,608246.884251,-1307434.023969,-699187.139717,3.185520e-02,-2370.494450,-61.728483,158.052746,0.201,5.185,0.021,0.000,0.000,0.000
4795,4.795000,608198.320853,-1307383.625826,-699185.304973,3.185774e-02,-2371.067234,-62.558687,157.548054,0.188,5.226,0.021,0.000,0.000,0.000
4796,4.796000,608150.200791,-1307333.502684,-699183.301893,3.186052e-02,-2371.467933,-63.079660,157.134211,0.204,6.375,0.022,0.000,0.000,0.000
4797,4.797000,608102.395757,-1307283.798461,-699181.402705,3.186315e-02,-2371.835318,-63.387838,156.906726,0.232,10.084,0.023,0.000,0.000,0.000
4798,4.798000,608055.070860,-1307234.459417,-699179.388557,3.186594e-02,-2372.496244,-63.500396,156.852512,0.212,3.911,0.025,0.000,0.000,0.000
4799,4.799000,608008.249693,-1307185.554450,-699177.304756,3.186882e-02,-2372.970570,-63.451325,156.657271,0.214,8.708,0.030,0.000,0.000,0.000
4800,4.800000,607961.536687,-1307137.128223,-699175.591536,3.187119e-02,-2373.056007,-63.965230,156.544924,0.206,5.147,0.022,0.000,0.000,0.000
4801,4.801000,607916.095451,-1307089.135859,-699173.040408,3.187473e-02,-2373.121619,-65.126613,157.077676,0.214,8.990,0.023,0.000,0.000,0.000
4802,4.802000,607871.047137,-1307041.446813,-699170.399676,3.187838e-02,-2373.250805,-65.826985,157.450441,0.205,3.866,0.019,0.000,0.000,0.000
4803,4.803000,607825.792167,-1306994.419656,-699168.627489,3.188084e-02,-2373.277969,-65.927132,157.439524,0.227,10.309,0.023,0.000,0.000,0.000
4804,4.804000,607781.884139,-1306948.099795,-699166.215656,3.188418e-02,-2373.440796,-65.903663,157.807525,0.211,10.209,0.025,0.000,0.000,0.000
4805,4.805000,607738.587397,-1306902.416953,-699163.829557,3.188748e-02,-2373.770000,-66.292200,158.312713,0.249,3.878,0.026,0.000,0.000,0.000
4806,4.806000,607695.520628,-1306857.386946,-699161.866318,3.189020e-02,-2373.858360,-67.342089,158.539488,0.201,8.896,0.027,0.000,0.000,0.000
4807,4.807000,607653.351831,-1306812.919381,-699159.567549,3.189338e-02,-2373.786758,-68.284078,159.080518,0.202,7.403,0.021,0.000,0.000,0.000
4808,4.808000,607612.131412,-1306769.031765,-699156.900353,3.189707e-02,-2374.095858,-68.468617,160.119137,0.201,3.970,0.022,0.000,0.000,0.000
4809,4.809000,607571.541829,-1306725.847328,-699154.305499,3.190067e-02,-2374.689168,-68.650697,161.071790,0.207,8.973,0.024,0.000,0.000,0.000
4810,4.810000,607531.366670,-1306683.241277,-699151.874607,3.190403e-02,-2375.040160,-69.329233,161.958361,0.189,3.926,0.020,0.000,0.000,0.000
4811,4.811000,607491.698549,-1306641.175476,-699149.476927,3.190735e-02,-2375.223481,-70.037800,162.952654,0.192,5.128,0.022,0.000,0.000,0.000
4812,4.812000,607452.241783,-1306599.685280,-699147.443497,3.191017e-02,-2375.345609,-70.557248,163.447495,0.189,5.125,0.023,0.000,0.000,0.000
4813,4.813000,607413.266017,-1306558.985665,-699145.719648,3.191256e-02,-2375.324378,-70.820315,163.362689,0.183,6.397,0.025,0.000,0.000,0.000
4814,4.814000,607374.872388,-1306519.023557,-699144.151170,3.191473e-02,-2375.240450,-71.555173,163.317226,0.196,10.165,0.023,0.000,0.000,0.000
4815,4.815000,607336.557876,-1306479.667342,-699143.109466,3.191617e-02,-2375.106616,-72.508621,163.141777,0.205,5.121,0.022,0.000,0.000,0.000
4816,4.816000,607299.437052,-1306440.903671,-699141.466619,3.191844e-02,-2375.098467,-73.728868,162.678821,0.220,6.309,0.022,0.000,0.000,0.000
4817,4.817000,607263.238500,-1306402.529540,-699139.291040,3.192146e-02,-2375.121402,-75.274942,162.422511,0.232,6.479,0.030,0.000,0.000,0.000
4818,4.818000,607226.757055,-1306364.703096,-699137.946040,3.192332e-02,-2375.135147,-76.746339,162.283592,0.212,7.742,0.023,0.000,0.000,0.000
4819,4.819000,607191.575145,-1306327.353734,-699135.778589,3.192632e-02,-2375.429337,-78.458473,161.982560,0.200,9.006,0.020,0.000,0.000,0.000
4820,4.820000,607157.981341,-1306290.408968,-699132.427627,3.193096e-02,-2375.767339,-79.825218,161.661948,0.198,3.867,0.021,0.000,0.000,0.000
4821,4.821000,607124.079247,-1306254.039067,-699129.959820,3.193438e-02,-2375.730552,-80.651343,161.619932,0.204,10.228,0.022,0.000,0.000,0.000
4822,4.822000,607090.298494,-1306218.120552,-699127.822057,3.193734e-02,-2375.873705,-81.543680,161.613244,0.202,10.253,0.022,0.000,0.000,0.000
4823,4.823000,607057.540510,-1306182.563599,-699125.023088,3.194121e-02,-2376.478297,-81.678112,161.939133,0.219,3.871,0.028,0.000,0.000,0.000
4824,4.824000,607025.363839,-1306147.394548,-699122.030709,3.194536e-02,-2376.978953,-81.313827,162.396758,0.224,5.114,0.022,0.000,0.000,0.000
4825,4.825000,606993.361830,-1306112.648168,-699119.286338,3.194916e-02,-2377.584760,-80.994692,163.034299,0.212,5.189,0.022,0.000,0.000,0.000
4826,4.826000,606961.891790,-1306078.136756,-699116.244966,3.195337e-02,-2378.435676,-80.518055,163.702946,0.204,6.405,0.021,0.000,0.000,0.000
4827,4.827000,606930.824874,-1306043.918686,-699113.093812,3.195773e-02,-2378.927914,-80.474186,163.727425,0.202,10.125,0.023,0.000,0.000,0.000
4828,4.828000,606899.449544,-1306009.943286,-699110.493742,3.196133e-02,-2379.223610,-80.732932,164.069482,0.257,10.286,0.023,0.000,0.000,0.000
4829,4.829000,606867.322466,-1305976.193957,-699108.871490,3.196358e-02,-2378.717696,-81.485811,165.347877,0.212,5.168,0.027,0.000,0.000,0.000
4830,4.830000,606835.444197,-1305942.569519,-699107.125322,3.196600e-02,-2377.661656,-82.397836,167.649480,0.203,5.126,0.024,0.000,0.000,0.000
4831,4.831000,606805.369754,-1305909.023874,-699103.654120,3.197080e-02,-2377.341758,-82.714384,169.256640,0.196,6.469,0.021,0.000,0.000,0.000
4832,4.832000,606777.119420,-1305875.693900,-699098.574480,3.197784e-02,-2377.657117,-82.376179,169.742093,0.208,7.757,0.021,0.000,0.000,0.000
4833,4.833000,606749.083146,-1305842.477097,-699093.393952,3.198501e-02,-2378.132462,-82.038743,170.169241,0.203,3.862,0.022,0.000,0.000,0.000
4834,4.834000,606720.660380,-1305809.522092,-699088.861712,3.199129e-02,-2378.455177,-81.525598,170.854523,0.197,10.190,0.020,0.000,0.000,0.000
4835,4.835000,606692.451822,-1305776.672239,-699084.220417,3.199771e-02,-2378.795876,-81.113602,171.335170,0.197,10.233,0.022,0.000,0.000,0.000
4836,4.836000,606664.157013,-1305743.872595,-699079.715583,3.200395e-02,-2378.395070,-81.587259,172.198336,0.236,3.851,0.024,0.000,0.000,0.000
4837,4.837000,606636.245306,-1305711.163724,-699074.918418,3.201059e-02,-2377.848403,-82.058975,173.292902,0.196,8.902,0.021,0.000,0.000,0.000
4838,4.838000,606609.871720,-1305678.732457,-699068.860737,3.201898e-02,-2378.276464,-82.170946,173.850775,0.188,7.664,0.021,0.000,0.000,0.000
4839,4.839000,606583.957490,-1305646.540347,-699062.582857,3.202767e-02,-2378.539999,-82.564305,174.234870,0.188,3.935,0.019,0.000,0.000,0.000
4840,4.840000,606556.978148,-1305614.663561,-699057.685412,3.203445e-02,-2378.600495,-82.604504,174.434190,0.186,8.974,0.020,0.000,0.000,0.000
4841,4.841000,606530.800482,-1305583.122383,-699052.321901,3.204188e-02,-2378.928415,-82.826908,174.584083,0.185,3.915,0.021,0.000,0.000,0.000
4842,4.842000,606505.830419,-1305551.757841,-699045.927422,3.205074e-02,-2379.308572,-83.962643,174.486906,0.193,6.187,0.019,0.000,0.000,0.000
4843,4.843000,606481.396256,-1305520.573574,-699039.177318,3.206008e-02,-2380.077507,-84.818114,174.677893,0.216,6.465,0.023,0.000,0.000,0.000
4844,4.844000,606456.348729,-1305489.576079,-699033.227351,3.206832e-02,-2380.621332,-85.073124,175.236766,0.200,6.369,0.019,0.000,0.000,0.000
4845,4.845000,606429.946111,-1305458.795318,-699028.849208,3.207438e-02,-2380.777932,-85.133944,175.808155,0.196,8.904,0.024,0.000,0.000,0.000
4846,4.846000,606404.281777,-1305428.255847,-699023.974070,3.208113e-02,-2381.334457,-85.655255,176.306711,0.203,5.117,0.022,0.000,0.000,0.000
4847,4.847000,606378.112892,-1305397.883495,-699019.770603,3.208695e-02,-2381.309344,-86.585971,177.260482,0.195,6.392,0.019,0.000,0.000,0.000
4848,4.848000,606351.122440,-1305367.737795,-699016.615355,3.209132e-02,-2380.803523,-87.156284,178.110466,0.190,7.726,0.022,0.000,0.000,0.000
4849,4.849000,606325.088326,-1305337.943582,-699012.855256,3.209653e-02,-2380.585560,-87.128972,178.355563,0.186,3.938,0.024,0.000,0.000,0.000
4850,4.850000,606300.108029,-1305308.512301,-699008.404272,3.210269e-02,-2380.464916,-86.859351,179.001265,0.189,8.922,0.020,0.000,0.000,0.000
4851,4.851000,606275.423188,-1305279.427962,-699004.004774,3.210878e-02,-2380.340763,-86.602230,179.549173,0.193,3.938,0.022,0.000,0.000,0.000
4852,4.852000,606251.079562,-1305250.804942,-698999.725380,3.211471e-02,-2380.082896,-86.542345,180.198022,0.199,8.787,0.021,0.000,0.000,0.000
4853,4.853000,606226.908661,-1305222.521709,-698995.613048,3.212040e-02,-2380.131989,-86.660150,180.954147,0.193,3.934,0.020,0.000,0.000,0.000
4854,4.854000,606203.047972,-1305194.731773,-698991.683801,3.212584e-02,-2381.283835,-86.566246,180.376045,0.186,7.639,0.019,0.000,0.000,0.000
4855,4.855000,606179.656248,-1305167.399726,-698987.743478,3.213130e-02,-2381.749881,-86.645373,180.571458,0.195,3.852,0.019,0.000,0.000,0.000
4856,4.856000,606156.406278,-1305140.366793,-698983.960515,3.213654e-02,-2382.191782,-86.695001,181.158105,0.194,10.202,0.018,0.000,0.000,0.000
4857,4.857000,606133.259895,-1305113.717322,-698980.457428,3.214139e-02,-2383.741001,-86.198605,181.714972,0.184,5.145,0.022,0.000,0.000,0.000
4858,4.858000,606110.388526,-1305087.167292,-698976.778767,3.214648e-02,-2384.914697,-85.719324,182.106262,0.183,8.909,0.020,0.000,0.000,0.000
4859,4.859000,606088.130468,-1305060.924674,-698972.794206,3.215200e-02,-2386.150756,-85.295121,181.283149,0.185,7.655,0.018,0.000,0.000,0.000
4860,4.860000,606066.418386,-1305034.959320,-698968.540934,3.215789e-02,-2386.415853,-85.224382,180.743675,0.197,3.972,0.026,0.000,0.000,0.000
4861,4.861000,606045.273414,-1305009.275824,-698964.002410,3.216417e-02,-2386.663366,-85.002422,180.090919,0.198,9.023,0.021,0.000,0.000,0.000
4862,4.862000,606023.214687,-1304983.745546,-698960.530859,3.216898e-02,-2386.560916,-85.164407,180.350163,0.193,3.935,0.023,0.000,0.000,0.000
4863,4.863000,606000.465466,-1304958.352521,-698957.887055,3.217264e-02,-2385.216669,-85.989611,181.896572,0.191,5.145,0.021,0.000,0.000,0.000
4864,4.864000,605977.626617,-1304933.099305,-698955.472688,3.217599e-02,-2384.222020,-87.197146,183.595482,0.230,5.133,0.028,0.000,0.000,0.000
4865,4.865000,605955.087510,-1304907.946211,-698952.858701,3.217960e-02,-2384.515339,-87.771458,183.951101,0.252,6.384,0.024,0.000,0.000,0.000
4866,4.866000,605932.884907,-1304882.997541,-698950.112634,3.218341e-02,-2385.084883,-87.299521,183.953114,0.272,8.942,0.023,0.000,0.000,0.000
4867,4.867000,605910.592560,-1304858.345326,-698947.752765,3.218667e-02,-2384.270893,-87.766803,185.554334,0.212,5.122,0.021,0.000,0.000,0.000
4868,4.868000,605888.712142,-1304833.930682,-698945.218540,3.219018e-02,-2383.436531,-88.596859,186.729010,0.201,6.399,0.020,0.000,0.000,0.000
4869,4.869000,605867.601139,-1304810.005729,-698942.404590,3.219408e-02,-2383.366207,-89.001601,186.835621,0.229,3.858,0.024,0.000,0.000,0.000
4870,4.870000,605847.400060,-1304786.609414,-698939.209354,3.219850e-02,-2384.179816,-89.082405,186.331539,0.205,6.398,0.021,0.000,0.000,0.000
4871,4.871000,605827.605898,-1304763.629281,-698936.023383,3.220292e-02,-2384.716495,-89.599508,185.402604,0.200,10.177,0.021,0.000,0.000,0.000
4872,4.872000,605808.109414,-1304741.006745,-698932.897331,3.220724e-02,-2384.731956,-90.750208,184.793419,0.214,3.878,0.027,0.000,0.000,0.000
4873,4.873000,605789.059961,-1304718.852316,-698929.792355,3.221154e-02,-2384.668860,-91.932510,184.375002,0.198,5.118,0.020,0.000,0.000,0.000
4874,4.874000,605770.517778,-1304697.030431,-698926.512653,3.221609e-02,-2384.386054,-93.402514,183.899864,0.200,5.209,0.018,0.000,0.000,0.000
4875,4.875000,605752.734352,-1304675.549616,-698922.815264,3.222121e-02,-2384.484315,-95.397167,183.426180,0.198,6.376,0.021,0.000,0.000,0.000
4876,4.876000,605735.191934,-1304654.392566,-698919.200632,3.222621e-02,-2385.343375,-96.898206,182.580916,0.196,10.216,0.018,0.000,0.000,0.000
4877,4.877000,605717.782458,-1304633.594983,-698915.812525,3.223090e-02,-2386.827741,-96.867703,181.324585,0.187,10.152,0.021,0.000,0.000,0.000
4878,4.878000,605701.660053,-1304613.378142,-698911.718089,3.223657e-02,-2387.842278,-96.961693,180.560935,0.210,5.233,0.032,0.000,0.000,0.000
4879,4.879000,605686.955095,-1304593.654017,-698906.698921,3.224352e-02,-2388.934330,-97.384611,179.454808,0.192,6.411,0.020,0.000,0.000,0.000
4880,4.880000,605672.762686,-1304574.438986,-698901.676300,3.225048e-02,-2389.963513,-97.628741,177.741171,0.193,3.888,0.022,0.000,0.000,0.000
4881,4.881000,605658.186518,-1304555.781636,-698897.595118,3.225613e-02,-2390.052288,-98.177207,176.797668,0.188,6.381,0.020,0.000,0.000,0.000
4882,4.882000,605643.583548,-1304537.719493,-698894.135945,3.226092e-02,-2390.102996,-98.948816,176.289869,0.186,3.896,0.020,0.000,0.000,0.000
4883,4.883000,605629.640390,-1304520.321274,-698890.680884,3.226570e-02,-2390.004283,-99.825267,175.758555,0.185,9.043,0.019,0.000,0.000,0.000
4884,4.884000,605616.301616,-1304503.616550,-698887.314934,3.227036e-02,-2388.903924,-100.853638,176.405637,0.198,5.123,0.028,0.000,0.000,0.000
4885,4.885000,605604.147094,-1304487.440302,-698883.293207,3.227593e-02,-2387.717012,-103.095078,176.953012,0.235,7.640,0.028,0.000,0.000,0.000
4886,4.886000,605593.095912,-1304471.623481,-698878.527569,3.228253e-02,-2387.111515,-105.634704,177.491882,0.202,3.933,0.020,0.000,0.000,0.000
4887,4.887000,605583.282071,-1304456.289448,-698873.007377,3.229017e-02,-2386.943972,-107.475875,178.822628,0.204,8.908,0.020,0.000,0.000,0.000
4888,4.888000,605573.998431,-1304441.427224,-698867.428793,3.229790e-02,-2387.189397,-109.018145,179.277968,0.199,8.909,0.021,0.000,0.000,0.000
4889,4.889000,605578.147564,-1304427.039819,-698848.892255,3.232356e-02,-2387.277869,-115.270978,179.656417,0.199,3.933,0.021,0.000,0.000,0.000
4890,4.890000,605581.993325,-1304411.345361,-698829.352037,3.235062e-02,-2387.988062,-122.445814,179.299381,0.194,7.660,0.026,0.000,0.000,0.000
4891,4.891000,605571.954717,-1304395.589023,-698823.634307,3.235854e-02,-2388.950827,-124.460225,178.377517,0.194,3.916,0.020,0.000,0.000,0.000
4892,4.892000,605561.752848,-1304380.422139,-698818.669290,3.236541e-02,-2388.940775,-125.443352,178.316921,0.184,10.267,0.018,0.000,0.000,0.000
4893,4.893000,605551.803699,-1304365.660285,-698813.856587,3.237208e-02,-2388.476650,-126.651423,178.625642,0.185,3.851,0.019,0.000,0.000,0.000
4894,4.894000,605542.052588,-1304351.286911,-698809.234323,3.237848e-02,-2388.173481,-128.030309,178.933076,0.194,8.984,0.020,0.000,0.000,0.000
4895,4.895000,605532.211147,-1304337.310376,-698805.099229,3.238420e-02,-2387.563367,-128.297897,178.892338,0.187,3.930,0.024,0.000,0.000,0.000
4896,4.896000,605522.528662,-1304323.526202,-698800.997540,3.238988e-02,-2386.444019,-128.056141,179.344112,0.183,8.977,0.020,0.000,0.000,0.000
4897,4.897000,605513.218495,-1304309.967952,-698796.749457,3.239577e-02,-2386.059384,-128.705901,179.868598,0.185,3.857,0.019,0.000,0.000,0.000
4898,4.898000,605503.244740,-1304296.763536,-698793.518796,3.240024e-02,-2386.026057,-128.964199,179.882106,0.189,10.198,0.020,0.000,0.000,0.000
4899,4.899000,605494.086977,-1304283.999595,-698789.912618,3.240523e-02,-2388.953989,-133.131981,178.290864,0.192,5.120,0.018,0.000,0.000,0.000
4900,4.900000,605485.648919,-1304270.593559,-698784.944640,3.241211e-02,-2392.409435,-137.838277,176.681726,0.199,8.993,0.020,0.000,0.000,0.000
4901,4.901000,605477.532000,-1304257.362714,-698779.830714,3.241919e-02,-2392.964407,-139.025437,176.805602,0.182,7.649,0.019,0.000,0.000,0.000
4902,4.902000,605469.855985,-1304244.288490,-698774.432505,3.242667e-02,-2393.119113,-140.549508,176.765054,0.181,3.915,0.021,0.000,0.000,0.000
4903,4.903000,605463.450392,-1304231.470820,-698768.020428,3.243555e-02,-2393.807567,-142.195824,176.767808,0.186,8.759,0.020,0.000,0.000,0.000
4904,4.904000,605458.419318,-1304218.708646,-698760.289328,3.244625e-02,-2395.292120,-144.497083,176.664146,0.201,3.811,0.023,0.000,0.000,0.000
4905,4.905000,605454.123831,-1304205.967695,-698751.843864,3.245794e-02,-2398.938316,-150.089209,174.985754,0.182,5.110,0.019,0.000,0.000,0.000
4906,4.906000,605449.826006,-1304192.617086,-698742.791080,3.247048e-02,-2404.978185,-158.440160,171.890445,0.249,5.176,0.035,0.000,0.000,0.000
4907,4.907000,605445.996112,-1304178.712221,-698732.716109,3.248443e-02,-2408.414861,-163.417627,169.618879,0.257,6.423,0.036,0.000,0.000,0.000
4908,4.908000,605440.271431,-1304164.649081,-698724.377651,3.249598e-02,-2408.654171,-164.036623,168.067857,0.287,10.252,0.031,0.000,0.000,0.000
4909,4.909000,605433.863751,-1304150.853078,-698716.989326,3.250621e-02,-2411.612814,-167.249581,164.095085,0.224,5.205,0.022,0.000,0.000,0.000
4910,4.910000,605427.791386,-1304136.000723,-698708.209337,3.251836e-02,-2415.528223,-172.544174,160.827559,0.207,6.374,0.022,0.000,0.000,0.000
4911,4.911000,605421.311601,-1304121.087659,-698699.776058,3.253004e-02,-2416.605646,-175.555821,160.486134,0.223,7.727,0.024,0.000,0.000,0.000
4912,4.912000,605415.264008,-1304105.971685,-698690.707677,3.254260e-02,-2416.849129,-177.941234,159.891477,0.207,3.865,0.020,0.000,0.000,0.000
4913,4.913000,605406.524419,-1304090.595825,-698684.071406,3.255179e-02,-2417.817330,-181.308160,158.772366,0.208,8.995,0.021,0.000,0.000,0.000
4914,4.914000,605393.987804,-1304075.083773,-698681.095969,3.255591e-02,-2418.843867,-183.638487,158.083703,0.203,3.851,0.019,0.000,0.000,0.000
4915,4.915000,605382.375683,-1304060.019782,-698677.644099,3.256069e-02,-2418.872611,-183.362161,157.030153,0.193,6.470,0.018,0.000,0.000,0.000
4916,4.916000,605373.046819,-1304045.190453,-698672.143633,3.256830e-02,-2417.883174,-182.027078,155.379839,0.209,5.120,0.019,0.000,0.000,0.000
4917,4.917000,605364.505387,-1304030.461878,-698665.956490,3.257687e-02,-2415.764126,-179.659239,150.396655,0.193,6.405,0.019,0.000,0.000,0.000
4918,4.918000,605354.767952,-1304014.828619,-698660.060667,3.258503e-02,-2413.815489,-177.609288,146.133768,0.197,10.176,0.021,0.000,0.000,0.000
4919,4.919000,605345.080938,-1303999.422163,-698654.341225,3.259295e-02,-2412.268061,-176.186604,146.448357,0.201,3.888,0.022,0.000,0.000,0.000
4920,4.920000,605335.497929,-1303984.268948,-698648.771019,3.260067e-02,-2410.646716,-174.825218,146.938272,0.195,6.266,0.020,0.000,0.000,0.000
4921,4.921000,605325.326061,-1303969.396043,-698644.069982,3.260718e-02,-2408.749674,-173.671303,145.195091,0.216,6.481,0.023,0.000,0.000,0.000
4922,4.922000,605314.109073,-1303954.057272,-698639.948199,3.261288e-02,-2406.757161,-172.468846,140.722691,0.199,6.470,0.021,0.000,0.000,0.000
4923,4.923000,605303.057426,-1303938.321867,-698635.264441,3.261937e-02,-2404.509156,-171.337166,135.649101,0.198,8.907,0.020,0.000,0.000,0.000
4924,4.924000,605290.944988,-1303922.058920,-698631.113932,3.262512e-02,-2402.701797,-170.871538,133.124175,0.191,3.926,0.019,0.000,0.000,0.000
4925,4.925000,605278.293371,-1303906.387768,-698628.094396,3.262930e-02,-2401.894487,-171.402284,133.237397,0.197,5.126,0.020,0.000,0.000,0.000
4926,4.926000,605267.089427,-1303891.414720,-698624.325294,3.263452e-02,-2401.019947,-171.992582,133.392267,0.227,5.237,0.026,0.000,0.000,0.000
4927,4.927000,605256.424273,-1303877.026614,-698620.602340,3.263967e-02,-2399.393376,-172.006983,134.185070,0.212,6.409,0.021,0.000,0.000,0.000
4928,4.928000,605245.851438,-1303863.140628,-698617.289190,3.264426e-02,-2398.386655,-171.925671,135.075616,0.208,10.242,0.019,0.000,0.000,0.000
4929,4.929000,605236.157090,-1303850.021273,-698613.864183,3.264900e-02,-2398.391154,-172.598363,136.324223,0.209,3.886,0.020,0.000,0.000,0.000
4930,4.930000,605227.201741,-1303837.552084,-698610.350343,3.265387e-02,-2398.009150,-173.347651,137.732640,0.194,5.121,0.020,0.000,0.000,0.000
4931,4.931000,605218.199208,-1303825.787044,-698607.587837,3.265769e-02,-2396.735968,-173.628107,136.246404,0.193,5.138,0.022,0.000,0.000,0.000
4932,4.932000,605209.333417,-1303813.761036,-698604.427619,3.266207e-02,-2395.516482,-173.550531,134.400424,0.190,6.375,0.020,0.000,0.000,0.000
4933,4.933000,605202.888457,-1303802.265178,-698599.376721,3.266906e-02,-2395.017546,-173.071633,133.673697,0.197,10.216,0.023,0.000,0.000,0.000
4934,4.934000,605196.261357,-1303791.154490,-698594.893133,3.267527e-02,-2394.003181,-172.945845,133.193310,0.246,5.176,0.023,0.000,0.000,0.000
4935,4.935000,605190.078786,-1303780.349071,-698590.270286,3.268167e-02,-2392.870320,-172.921967,132.871759,0.194,5.121,0.020,0.000,0.000,0.000
4936,4.936000,605184.243159,-1303769.724141,-698585.480982,3.268830e-02,-2391.895808,-172.912335,132.295788,0.191,5.119,0.021,0.000,0.000,0.000
4937,4.937000,605178.640090,-1303759.468217,-698580.828127,3.269475e-02,-2390.373152,-172.708960,130.641151,0.181,7.649,0.020,0.000,0.000,0.000
4938,4.938000,605174.594751,-1303748.898969,-698574.304219,3.270378e-02,-2389.522530,-172.230989,129.107975,0.193,3.924,0.019,0.000,0.000,0.000
4939,4.939000,605170.425420,-1303738.365251,-698567.939831,3.271259e-02,-2389.290815,-172.211563,129.307870,0.194,8.905,0.021,0.000,0.000,0.000
4940,4.940000,605165.805593,-1303727.790853,-698561.985259,3.272084e-02,-2388.843945,-172.331961,129.426711,0.186,7.637,0.018,0.000,0.000,0.000
4941,4.941000,605159.791627,-1303717.220093,-698557.428465,3.272715e-02,-2388.181467,-172.420567,129.287236,0.218,3.940,0.022,0.000,0.000,0.000
4942,4.942000,605152.573603,-1303706.842216,-698554.268613,3.273152e-02,-2387.465103,-172.943693,129.250117,0.229,9.010,0.023,0.000,0.000,0.000
4943,4.943000,605145.012171,-1303696.469678,-698551.457508,3.273541e-02,-2387.081210,-173.744908,130.027401,0.211,3.849,0.022,0.000,0.000,0.000
4944,4.944000,605139.363456,-1303686.195657,-698546.832201,3.274182e-02,-2386.871546,-174.124142,130.711073,0.203,8.881,0.022,0.000,0.000,0.000
4945,4.945000,605134.843725,-1303675.823488,-698540.979763,3.274992e-02,-2386.339002,-174.253532,131.040520,0.202,3.904,0.018,0.000,0.000,0.000
4946,4.946000,605128.662981,-1303665.658073,-698536.995092,3.275544e-02,-2385.435811,-174.501447,131.152067,0.193,7.641,0.021,0.000,0.000,0.000
4947,4.947000,605121.819849,-1303655.546805,-698533.726956,3.275996e-02,-2384.616893,-174.985291,131.120659,0.193,3.855,0.020,0.000,0.000,0.000
4948,4.948000,605117.624916,-1303645.623309,-698527.998393,3.276790e-02,-2383.312488,-174.702744,128.630533,0.202,10.096,0.026,0.000,0.000,0.000
4949,4.949000,605113.276357,-1303634.946310,-698521.669953,3.277666e-02,-2382.091270,-173.952080,125.991804,0.223,3.913,0.022,0.000,0.000,0.000
4950,4.950000,605107.319063,-1303624.325291,-698517.006227,3.278312e-02,-2381.139557,-173.447867,125.276472,0.215,9.018,0.021,0.000,0.000,0.000
4951,4.951000,605100.428681,-1303613.582046,-698513.153365,3.278845e-02,-2380.392631,-172.966392,124.755692,0.197,6.463,0.019,0.000,0.000,0.000
4952,4.952000,605093.602891,-1303603.085190,-698509.482299,3.279354e-02,-2380.207227,-172.357914,124.585208,0.266,7.668,0.026,0.000,0.000,0.000
4953,4.953000,605086.792828,-1303592.400827,-698505.607999,3.279890e-02,-2379.695755,-171.426110,123.856488,0.237,3.856,0.021,0.000,0.000,0.000
4954,4.954000,605080.458129,-1303581.760701,-698501.302572,3.280486e-02,-2379.406732,-170.748570,122.338413,0.197,10.154,0.024,0.000,0.000,0.000
4955,4.955000,605074.590360,-1303570.781515,-698496.191156,3.281194e-02,-2379.475592,-170.384848,121.154601,0.202,10.145,0.020,0.000,0.000,0.000
4956,4.956000,605067.399474,-1303559.711363,-698492.311889,3.281731e-02,-2379.462083,-170.240886,121.471023,0.205,3.878,0.022,0.000,0.000,0.000
4957,4.957000,605059.431187,-1303548.653639,-698489.222452,3.282159e-02,-2379.184803,-170.133647,121.543552,0.191,5.120,0.020,0.000,0.000,0.000
4958,4.958000,605051.095386,-1303537.670242,-698486.574856,3.282526e-02,-2378.850429,-170.502907,121.971337,0.190,5.183,0.019,0.000,0.000,0.000
4959,4.959000,605043.781830,-1303526.768353,-698482.986523,3.283022e-02,-2378.919915,-170.802728,122.633039,0.213,6.408,0.029,0.000,0.000,0.000
4960,4.960000,605037.615125,-1303515.805603,-698478.190478,3.283686e-02,-2378.971239,-170.591126,122.540620,0.204,10.265,0.020,0.000,0.000,0.000
4961,4.961000,605031.386528,-1303504.765893,-698473.379365,3.284353e-02,-2378.974095,-170.316107,122.577592,0.206,10.181,0.023,0.000,0.000,0.000
4962,4.962000,605025.283842,-1303493.683992,-698468.400150,3.285042e-02,-2378.911538,-169.781425,122.565553,0.210,5.190,0.021,0.000,0.000,0.000
4963,4.963000,605019.384103,-1303482.586161,-698463.202059,3.285762e-02,-2378.724905,-168.943865,121.892758,0.198,6.456,0.022,0.000,0.000,0.000
4964,4.964000,605013.771487,-1303471.591969,-698457.820481,3.286507e-02,-2378.729010,-167.640867,120.885359,0.209,7.744,0.032,0.000,0.000,0.000
4965,4.965000,605008.317452,-1303460.546001,-698452.228548,3.287281e-02,-2378.762223,-165.786866,119.725744,0.192,3.938,0.020,0.000,0.000,0.000
4966,4.966000,605002.055222,-1303449.604587,-698447.549365,3.287929e-02,-2378.424535,-164.545533,118.717247,0.186,7.628,0.018,0.000,0.000,0.000
4967,4.967000,604995.908727,-1303439.071322,-698443.162595,3.288537e-02,-2378.004453,-163.791327,117.668359,0.216,3.843,0.021,0.000,0.000,0.000
4968,4.968000,604991.429817,-1303428.768802,-698437.338986,3.289343e-02,-2378.299111,-162.615947,116.810097,0.230,9.008,0.024,0.000,0.000,0.000
4969,4.969000,604987.555636,-1303418.500537,-698430.944901,3.290228e-02,-2378.904654,-162.118965,116.622155,0.210,3.868,0.023,0.000,0.000,0.000
4970,4.970000,604982.937784,-1303408.400827,-698425.463043,3.290987e-02,-2379.127247,-161.442722,116.731962,0.212,9.008,0.026,0.000,0.000,0.000
4971,4.971000,604977.950775,-1303398.565220,-698420.614445,3.291659e-02,-2379.217138,-160.155080,116.745663,0.261,3.906,0.036,0.000,0.000,0.000
4972,4.972000,604972.558637,-1303389.056937,-698416.498300,3.292229e-02,-2379.168693,-159.258235,116.753574,0.263,9.012,0.039,0.000,0.000,0.000
4973,4.973000,604967.394385,-1303379.968301,-698412.573917,3.292772e-02,-2378.953335,-158.639673,116.756326,0.277,5.163,0.039,0.000,0.000,0.000
4974,4.974000,604963.060794,-1303371.211797,-698408.151003,3.293385e-02,-2378.477663,-158.246882,116.080218,0.276,6.413,0.033,0.000,0.000,0.000
4975,4.975000,604959.134360,-1303362.803279,-698403.668919,3.294005e-02,-2378.073481,-158.003174,115.970179,0.258,7.805,0.028,0.000,0.000,0.000
4976,4.976000,604955.538180,-1303354.538315,-698399.000135,3.294652e-02,-2376.602753,-157.602953,115.633577,0.231,3.933,0.031,0.000,0.000,0.000
4977,4.977000,604952.393605,-1303346.218290,-698393.824685,3.295368e-02,-2375.886780,-157.047988,114.852854,0.218,7.691,0.022,0.000,0.000,0.000
4978,4.978000,604949.945065,-1303337.974276,-698388.029210,3.296171e-02,-2376.854874,-156.428791,114.825362,0.221,3.927,0.027,0.000,0.000,0.000
4979,4.979000,604947.293428,-1303329.825374,-698382.531946,3.296932e-02,-2377.401120,-156.035522,115.134226,0.229,10.246,0.027,0.000,0.000,0.000
4980,4.980000,604943.531013,-1303321.826154,-698378.295141,3.297519e-02,-2377.643758,-156.174611,115.398064,0.220,5.209,0.020,0.000,0.000,0.000
4981,4.981000,604939.054462,-1303314.009792,-698374.955330,3.297981e-02,-2377.432937,-155.971158,115.144992,0.210,8.904,0.019,0.000,0.000,0.000
4982,4.982000,604933.769278,-1303306.373938,-698372.604661,3.298307e-02,-2377.473202,-155.912464,115.336998,0.210,5.207,0.018,0.000,0.000,0.000
4983,4.983000,604929.558754,-1303299.023633,-698369.464879,3.298741e-02,-2377.049633,-156.718753,115.851593,0.204,8.988,0.020,0.000,0.000,0.000
4984,4.984000,604925.569182,-1303291.584506,-698366.015323,3.299219e-02,-2376.507988,-157.904918,117.093025,0.205,3.869,0.020,0.000,0.000,0.000
4985,4.985000,604921.440264,-1303283.839477,-698362.399213,3.299720e-02,-2377.612840,-158.483054,118.639961,0.201,10.240,0.019,0.000,0.000,0.000
4986,4.986000,604918.445820,-1303276.134032,-698357.688212,3.300372e-02,-2379.411281,-158.361052,119.489107,0.222,8.707,0.021,0.000,0.000,0.000
4987,4.987000,604915.017510,-1303268.507531,-698353.490022,3.300953e-02,-2380.406210,-157.715685,119.541290,0.204,3.872,0.023,0.000,0.000,0.000
4988,4.988000,604912.276195,-1303260.972826,-698348.696630,3.301617e-02,-2380.780152,-156.459434,118.161809,0.232,8.980,0.023,0.000,0.000,0.000
4989,4.989000,604909.034573,-1303253.348368,-698344.313795,3.302224e-02,-2380.916893,-155.778679,117.080961,0.252,5.221,0.037,0.000,0.000,0.000
4990,4.990000,604905.639281,-1303245.841612,-698340.202331,3.302793e-02,-2379.485215,-156.120773,116.001677,0.222,9.024,0.023,0.000,0.000,0.000
4991,4.991000,604902.063764,-1303238.113411,-698336.049647,3.303368e-02,-2377.997508,-156.366935,114.972833,0.203,3.889,0.020,0.000,0.000,0.000
4992,4.992000,604898.456836,-1303230.477761,-698332.020925,3.303926e-02,-2376.998525,-155.956281,114.665772,0.207,10.092,0.019,0.000,0.000,0.000
4993,4.993000,604894.781624,-1303222.722465,-698327.940841,3.304491e-02,-2376.104596,-155.488736,114.393344,0.231,10.288,0.024,0.000,0.000,0.000
4994,4.994000,604890.784722,-1303214.976325,-698324.191603,3.305010e-02,-2375.515562,-155.101900,113.821613,0.232,3.881,0.025,0.000,0.000,0.000
4995,4.995000,604886.720375,-1303207.142583,-698320.422208,3.305532e-02,-2374.800427,-154.889204,113.206108,0.198,5.192,0.021,0.000,0.000,0.000
4996,4.996000,604882.925353,-1303199.289797,-698316.364444,3.306094e-02,-2374.538908,-154.787543,112.914601,0.197,5.213,0.020,0.000,0.000,0.000
4997,4.997000,604879.692414,-1303191.393646,-698311.701232,3.306740e-02,-2374.421042,-154.488955,112.514776,0.215,6.402,0.030,0.000,0.000,0.000
4998,4.998000,604875.680533,-1303183.366832,-698307.686300,3.307296e-02,-2374.364511,-154.009227,112.147133,0.200,10.266,0.018,0.000,0.000,0.000
4999,4.999000,604871.599171,-1303175.277512,-698303.678341,3.307851e-02,-2376.006260,-153.092643,111.527517,0.202,10.262,0.026,0.000,0.000,0.000
5000,5.000000,604867.332847,-1303166.888886,-698299.556038,3.308421e-02,-2377.578501,-151.923778,110.616723,0.200,5.139,0.026,0.000,0.000,0.000
